Date,Close,Volume,VIX_Close,SOX_Ret,ADR_Ret,FX_Ret
2000-01-04,33.42903137207031,200662336736,27.010000228881836,-0.03628716773387164,0.006596535898787614,
2000-01-05,34.18019104003906,402466805912,26.40999984741211,-0.0127743466477368,0.006552880495533264,
2000-01-06,33.42903137207031,197545715802,25.729999542236328,-0.0135732015865625,-0.041666507852411994,
2000-01-07,32.48997497558594,235270344752,21.719999313354492,0.03200219250088421,0.03804338219177117,
2000-01-10,33.61678695678711,276171685539,21.709999084472656,0.07374589752713434,0.04057577190839656,
2000-01-11,33.053375244140625,277769544650,22.5,-0.033167456667938966,-0.013836285520186786,
2000-01-12,33.99245071411133,216246806621,22.84000015258789,0.03416587464269516,0.016581813625882624,
2000-01-13,33.42903137207031,147490954216,21.709999084472656,0.009964975439165746,0.020075097590751545,
2000-01-14,34.18019104003906,288318964353,19.65999984741211,0.08129729327806556,0.08610084698424703,
2000-01-17,35.119258880615234,155256940719,19.65999984741211,0.08129729327806556,0.08610084698424703,
2000-01-18,34.55585479736328,131648031590,21.5,-0.008026017431262744,-0.02491544794791778,
2000-01-19,34.55585479736328,134848688061,21.719999313354492,0.002564219893390396,-0.006968451247615026,
2000-01-20,34.18019104003906,125758120596,21.75,0.008864816047390534,-0.015204752553890977,
2000-01-21,34.93133544921875,113397441219,20.81999969482422,-0.01036214216168263,0.03800509490095605,
2000-01-24,35.3070068359375,175113122879,24.06999969482422,-0.018752702405727684,0.09267715137705324,
2000-01-25,36.24606704711914,223692148326,23.020000457763672,0.0335457612910699,0.0973824568824515,
2000-01-26,38.687416076660156,357880999032,23.030000686645508,-0.039703803982600205,-0.034350890061804806,
2000-01-27,39.0630989074707,287927232252,23.540000915527344,-0.005758635399510381,-0.06917032601314055,
2000-01-28,38.311946868896484,197904810671,26.139999389648438,-0.038065890417490644,-0.07749489658027497,
2000-01-31,38.124027252197266,168059342623,24.950000762939453,0.03878452727879744,-0.04487911137809941,
2000-02-01,37.936279296875,153081850577,23.450000762939453,0.03132149334815093,0.1204823089572924,
2000-02-02,37.936279296875,0,23.1200008392334,0.02931094378476562,-0.003226110211472011,
2000-02-03,37.936279296875,0,22.010000228881836,0.053889523888385416,0.18446616589498355,
2000-02-04,37.936279296875,0,21.540000915527344,-0.0028031416962240874,-0.024590188214903552,
2000-02-07,37.936279296875,0,22.790000915527344,0.040275524838192966,-0.005602086286872976,
2000-02-08,37.936279296875,0,21.25,0.018926280437584486,-0.03849786937349231,
2000-02-09,39.626502990722656,252580321587,22.899999618530273,-0.01798775706360145,-0.04687482133396348,
2000-02-10,40.18991470336914,177540543615,23.06999969482422,0.04379535354994912,0.060450879937029134,
2000-02-11,41.12897872924805,215027859365,24.420000076293945,-0.03276465066238177,-0.04927544725814936,
2000-02-14,40.18991470336914,140301270822,24.3799991607666,0.014821503655118473,0.008129718512803752,
2000-02-15,40.377655029296875,105105248690,22.920000076293945,0.030808737861900193,-0.0020156094566919913,
2000-02-16,40.00217056274414,79352313450,23.510000228881836,-0.0003248959158784759,0.0030301775889567395,
2000-02-17,39.626502990722656,116400258474,23.170000076293945,0.02608186709237148,0.009063479485529324,
2000-02-18,39.0630989074707,121805090619,26.0,-0.0437882742193898,-0.045908262029701,
2000-02-21,36.62155532836914,153903007581,26.0,-0.0437882742193898,-0.045908262029701,
2000-02-22,36.62155532836914,168143612807,25.860000610351562,0.0576852977012825,-0.054392962726887206,
2000-02-23,36.43382263183594,73892584628,23.889999389648438,0.017738634394595554,-0.02654900768181634,
2000-02-24,36.62155532836914,83371097848,24.3799991607666,0.05579210233901,0.018181745941031613,
2000-02-25,37.37287521362305,165796729239,25.200000762939453,-0.02978282854261316,0.04129469724696877,
2000-02-28,37.37287521362305,0,24.68000030517578,0.03334244946787779,-0.016077030582360652,
2000-02-29,37.74835205078125,98749286567,23.3700008392334,0.0975496938262499,0.04248340858612587,
2000-03-01,38.687416076660156,90504908649,21.639999389648438,0.0014695676680922531,0.028213280409429498,
2000-03-02,38.124027252197266,68745687934,21.059999465942383,-0.030899820845386783,-0.01626018074102642,
2000-03-03,38.124027252197266,58129351241,19.209999084472656,0.06635804974432014,0.07438037563865896,
2000-03-06,37.56062698364258,72312707991,21.5,0.026788531892631307,-0.05384632164416503,
2000-03-07,37.37287521362305,83737461434,24.309999465942383,0.016039649653384558,-0.05792700234840542,
2000-03-08,37.184959411621094,64819045052,23.81999969482422,-0.017068289878445664,0.03344135581148211,
2000-03-09,37.56062698364258,71897783191,22.209999084472656,0.03867412006131987,-0.015657738941489474,
2000-03-10,36.62155532836914,99978344966,21.239999771118164,0.03295593607444247,-0.056203424005982106,
2000-03-13,34.18019104003906,232179364310,22.850000381469727,-0.0124781396358139,-0.011235978666788493,
2000-03-14,34.93133544921875,145477589021,24.40999984741211,-0.06554220905791486,-0.03636386148608728,
2000-03-15,34.367942810058594,154204016711,22.34000015258789,-0.023173739440888408,-0.04245291115059768,
2000-03-16,34.55585479736328,233438180185,20.770000457763672,0.021459410283027225,0.08374418717831578,
2000-03-17,35.68266296386719,267728113852,22.3700008392334,0.02258127602273352,0.08181794913564855,
2000-03-20,34.55585479736328,21190095663,22.959999084472656,-0.04094575017312119,-0.13445344703929218,
2000-03-21,36.62155532836914,447638099122,21.700000762939453,-0.007445178525362639,0.08616480244080704,
2000-03-22,36.058143615722656,247260900862,21.489999771118164,0.09217312354238483,0.005586422655315504,
2000-03-23,37.74835205078125,280164605464,22.260000228881836,-0.014924220410498679,0.03222222563535637,
2000-03-24,37.184959411621094,189561198505,23.309999465942383,0.0018520118248217532,-0.020451551820433123,
2000-03-27,39.626502990722656,257812048419,24.530000686645508,0.01394949905137488,0.05714256610154522,
2000-03-28,39.25083923339844,181779906634,24.860000610351562,-0.033926719752242374,-0.006237086720102147,
2000-03-29,38.311946868896484,105678469394,24.100000381469727,-0.053418638711169364,-0.04079516858559973,
2000-03-30,39.0630989074707,227815979813,25.469999313354492,-0.03559215049187303,-0.029443606043685677,
2000-03-31,38.49968719482422,127027740887,24.110000610351562,0.026560917605453538,0.02471902515902835,
2000-04-03,38.49968719482422,0,24.030000686645508,-0.07367856522853344,-0.04385974453843966,
2000-04-04,38.49968719482422,0,27.1200008392334,-0.023675346757030535,-0.04587129100822962,
2000-04-05,39.0630989074707,182695562287,28.40999984741211,0.061624668422890494,0.037259474660191305,
2000-04-06,37.936279296875,145596416273,27.149999618530273,0.019219911449849914,0.040556379886263816,
2000-04-07,37.56062698364258,110518474790,24.389999389648438,0.05767061782955696,-0.02115855086337426,
2000-04-10,39.43876647949219,201610650952,25.989999771118164,-0.04537846856217265,-0.025028371636430125,
2000-04-11,38.49968719482422,117967570843,27.25,-0.030699785173353256,-0.018669517899891797,
2000-04-12,37.56062698364258,128216408046,28.979999542236328,-0.08323099329076589,-0.0963138967191075,
2000-04-13,36.058143615722656,248891269216,29.399999618530273,-0.026982742884407163,-0.052631471956739784,
2000-04-14,34.93133544921875,239165097006,33.4900016784668,-0.1164108162819496,-0.11527810073919043,
2000-04-17,33.61678695678711,208060407784,28.950000762939453,0.13194944859987068,0.11146051687558578,
2000-04-18,35.494754791259766,217523114345,26.1200008392334,0.04229214012540439,0.10734422787813647,
2000-04-19,34.367942810058594,145654459349,27.020000457763672,-0.037735505352522236,-0.05229590672582041,
2000-04-20,34.93133544921875,95074579646,25.850000381469727,0.011265077920828315,0.0026915331615948723,
2000-04-21,34.93133544921875,70356985905,25.850000381469727,0.011265077920828315,0.0026915331615948723,
2000-04-24,33.80453109741211,80690194617,27.3700008392334,-0.029913695783539085,-0.040268443923071606,
2000-04-25,35.119258880615234,129573988875,25.239999771118164,0.08937830035475214,0.1188815165186885,
2000-04-26,34.74359130859375,221065619149,26.969999313354492,-0.01996391572694145,-0.03000008131287768,
2000-04-27,35.3070068359375,105813977898,26.190000534057617,0.0700200478966746,0.04252548598332484,
2000-04-28,36.997215270996094,237572314797,26.200000762939453,0.03217279296815745,0.03461085391618646,
2000-05-01,36.997215270996094,0,25.8799991607666,-0.006469529729347112,-0.02389481745450628,
2000-05-02,36.24606704711914,84578099452,28.5,-0.04751479535781222,-0.040391703179503025,
2000-05-03,35.3070068359375,75426358510,31.6299991607666,-0.03465169912123023,-0.05102041451318884,
2000-05-04,35.119258880615234,111779167839,30.770000457763672,0.01619141793233192,-0.010752645865649502,
2000-05-05,36.058143615722656,110709562579,27.530000686645508,0.016062000929281783,0.04347808794518815,
2000-05-08,36.24606704711914,82047327484,28.200000762939453,-0.05258205824454765,-0.007812179062860358,
2000-05-09,36.24606704711914,0,28.93000030517578,-0.05060083704263596,-0.01837276082811079,
2000-05-10,35.3070068359375,93664437942,29.8700008392334,-0.08561017451635822,-0.07486665720915286,
2000-05-11,33.61678695678711,165385745438,27.760000228881836,0.06253436794984646,0.02023152087802904,
2000-05-12,34.74359130859375,213521853794,26.049999237060547,0.01695006988947112,-0.005665411768554063,
2000-05-15,33.89472198486328,134465742550,24.860000610351562,0.027521169795826417,0.05025597913016333,
2000-05-16,35.937931060791016,105315890488,24.34000015258789,0.03715895190291807,0.1284724485417048,
2000-05-17,38.221675872802734,165332157320,23.979999542236328,-0.0181049434229269,-0.049230938532353385,
2000-05-18,39.183380126953125,124512470273,23.959999084472656,-0.024636807298125785,-0.021035433871756437,
2000-05-19,38.942832946777344,83311748884,25.440000534057617,-0.05204458067848139,-0.01322321234788093,
2000-05-22,37.98137283325195,106654860230,26.0,-0.00797689021709247,-0.03517599329117649,
2000-05-23,36.77936553955078,78500882016,25.8700008392334,-0.07735560215045967,-0.036458565971380086,
2000-05-24,35.6976203918457,85726893995,24.31999969482422,0.052268536357131135,-0.04864867649045057,
2000-05-25,34.9764518737793,96828793828,24.579999923706055,-0.014739929614138836,0.0018941009517428053,
2000-05-26,34.9764518737793,70008419144,24.469999313354492,0.00881652706211744,-0.013232199773805298,
2000-05-29,34.9764518737793,52122944798,24.469999313354492,0.00881652706211744,-0.013232199773805298,
2000-05-30,34.9764518737793,0,23.6200008392334,0.1106347925887552,0.12068906137639712,
2000-05-31,37.74082946777344,158989878703,23.649999618530273,-0.011748983816618597,-0.034187694493210796,
2000-06-01,36.77936553955078,55122098697,22.360000610351562,0.06895833402139129,0.03716770299747951,
2000-06-02,37.260215759277344,101225329179,21.479999542236328,0.08476678494964496,0.020478372527402255,
2000-06-05,37.98137283325195,59798968599,22.709999084472656,-0.004137366779817242,0.005016723296239478,
2000-06-06,37.98137283325195,0,23.049999237060547,-0.03536970577767229,-0.03494176988269415,
2000-06-07,38.7025260925293,81345149055,22.479999542236328,0.01566286241816761,0.03448250935224073,
2000-06-08,37.74082946777344,70697027392,22.770000457763672,0.01154390732698407,0.015000112228739981,
2000-06-09,37.98137283325195,45171655346,22.139999389648438,0.022920527833535376,0.07060729729774828,
2000-06-12,37.74082946777344,67123280572,22.31999969482422,-0.046704827288738704,-0.06134907757648633,
2000-06-13,37.260215759277344,48311780619,21.670000076293945,0.05051877915772773,-0.013072274668382011,
2000-06-14,37.01966857910156,64295991259,21.479999542236328,-0.043057406954508326,0.009933777620529494,
2000-06-15,36.058189392089844,69274685557,20.68000030517578,0.01104335776691423,-0.03770510207120836,
2000-06-16,36.058189392089844,75573138725,20.5,0.022781523857610342,-0.017035494527590567,
2000-06-19,35.57735824584961,57780102371,20.6299991607666,0.06610548801929106,0.06759078007781616,
2000-06-20,35.6976203918457,45751547817,20.8799991607666,0.02418871103155995,-0.001623102234196816,
2000-06-21,35.337032318115234,37673562283,20.610000610351562,0.0036055369877514565,-0.024390556303173105,
2000-06-22,35.817893981933594,64192016747,22.0,-0.046474398294172214,-0.01333309193566623,
2000-06-23,35.09672164916992,49329023488,22.34000015258789,0.0057587916930919025,-0.005067568473875905,
2000-06-26,34.01499938964844,95197240574,22.450000762939453,-0.0005833170715556779,0.006790885088612475,
2000-06-27,34.01499938964844,54066359094,21.799999237060547,-0.03585488310235163,0.011804425674068808,
2000-06-28,34.61588668823242,64997227603,20.290000915527344,-0.0024723663987653577,0.013333409564175502,
2000-06-29,34.25530242919922,77624156393,19.700000762939453,-0.03577632448869117,-0.01973664001303943,
2000-06-30,35.09672164916992,78027855479,19.540000915527344,0.010937940790646028,0.035234584576134376,
2000-07-03,34.49559783935547,104447180852,19.829999923706055,0.03540459526338946,0.004862547675165141,
2000-07-04,33.89472198486328,73680107655,19.829999923706055,0.03540459526338946,0.004862547675165141,
2000-07-05,35.817893981933594,119441525468,21.15999984741211,-0.09323308239573014,-0.05483926362666902,
2000-07-06,34.85618591308594,101119813131,20.940000534057617,0.04509654265808405,0.020478372527402255,
2000-07-07,34.13502502441406,56914463307,19.219999313354492,0.03692266692334467,-0.01839493536686354,
2000-07-10,34.49559783935547,65217525581,20.329999923706055,-0.006557972982132232,-0.04599639797349753,
2000-07-11,34.61588668823242,52507541337,20.110000610351562,-0.02668261990646925,0.046428092149914724,
2000-07-12,34.49559783935547,40919616069,20.030000686645508,0.03272572871356605,-0.018770874866254506,
2000-07-13,34.85618591308594,69994503658,20.030000686645508,0.026087965571018668,-0.017391345657538415,
2000-07-14,35.09672164916992,62976544862,19.31999969482422,0.042153125592864216,0.02654879296121826,
2000-07-17,34.49559783935547,50712314469,19.450000762939453,0.02200757306207146,0.00689615138390165,
2000-07-18,34.13502502441406,32287023418,19.75,-0.04632070786218867,-0.029109460892962624,
2000-07-19,34.13502502441406,32287023418,19.649999618530273,-0.03917255430537092,-0.0017635945285434662,
2000-07-20,32.45240020751953,115203218360,18.940000534057617,-0.012305974048061996,-0.04063602019354018,
2000-07-21,31.25039291381836,162136495092,18.940000534057617,-0.05551679244313956,-0.05893184172344401,
2000-07-24,30.409198760986328,110822798308,19.920000076293945,-0.006669612787442825,-0.04892379887640319,
2000-07-25,30.168649673461914,93606483860,19.389999389648438,0.026960141818130667,0.016461130732696505,
2000-07-26,31.25039291381836,123597006270,19.670000076293945,-0.06346219544659204,0.004048476788336641,
2000-07-27,31.01008415222168,75383138177,19.600000381469727,-0.08151226684619595,-0.1008063793119347,
2000-07-28,30.649505615234375,112145144460,20.84000015258789,0.007769274606918897,0.013452847094016507,
2000-07-31,30.52923583984375,44307028697,20.739999771118164,0.03820191648756088,0.07522109963822676,
2000-08-01,30.288923263549805,54874186395,20.549999237060547,-0.03825524505966471,-0.02469097718675639,
2000-08-02,30.048614501953125,39456927657,20.0,-0.0016530007995402274,0.006329114348165854,
2000-08-03,29.327455520629883,50216489866,19.989999771118164,-0.0038354447285063875,-0.01886832531726712,
2000-08-04,30.168649673461914,80865639734,18.6200008392334,-0.03110702267337795,0.0235043751632682,
2000-08-07,29.567760467529297,88230506600,19.030000686645508,0.03580812552452506,-0.00208759504236955,
2000-08-08,30.168649673461914,87806300921,18.790000915527344,-0.0033752642055890902,0.0020919622123127812,
2000-08-09,31.25039291381836,97692062259,19.18000030517578,0.013662451607400428,0.002087661353119996,
2000-08-10,31.971559524536133,102063658059,19.190000534057617,-0.021913895855170118,-0.022916565477725803,
2000-08-11,31.490930557250977,55832817569,18.549999237060547,0.011711606254853235,0.06609801012198635,
2000-08-14,31.25039291381836,42591720049,17.8799991607666,0.07706896662120544,0.018000133531016926,
2000-08-15,31.370655059814453,53931312217,17.979999542236328,0.0324478311478158,-0.0019646161909510074,
2000-08-16,32.45240020751953,77309224777,18.020000457763672,0.012116664351952577,0.07086603145146819,
2000-08-17,33.17356491088867,93825423620,17.479999542236328,0.035113805147782395,0.04411742724673107,
2000-08-18,33.534141540527344,86628725821,17.049999237060547,0.021384896479236692,0.02816895422592469,
2000-08-21,33.17356491088867,50032384651,17.350000381469727,-0.02052303558704427,-0.0034244057082638557,
2000-08-22,32.933258056640625,47266781772,17.469999313354492,0.01138964427963196,-0.03780062689601549,
2000-08-23,32.933258056640625,0,17.3799991607666,0.029185510776313928,0.02499996880434785,
2000-08-24,33.534141540527344,86961297607,17.040000915527344,0.005566122978056809,0.04529603305283891,
2000-08-25,33.77445602416992,67969846253,16.530000686645508,-0.016958331421956352,-0.04666682759844476,
2000-08-28,33.17356491088867,41797979053,16.540000915527344,-0.008105296238304915,0.0209790334051958,
2000-08-29,32.933258056640625,70881336756,16.889999389648438,-0.0020008963447200045,-0.006848920193431418,
2000-08-30,32.45240020751953,55343475749,17.690000534057617,-0.012241955476717914,-0.05172425690006699,
2000-08-31,32.33211898803711,59711834325,16.84000015258789,0.031002106093145354,0.018181862282300232,
2000-09-01,31.25039291381836,78236371122,17.530000686645508,-0.009028833202480713,-0.06964293229601926,
2000-09-04,32.09182357788086,37302006304,17.530000686645508,-0.009028833202480713,-0.06964293229601926,
2000-09-05,32.212093353271484,44200016942,19.81999969482422,-0.018221977752756024,0.0,
2000-09-06,31.490930557250977,57121754055,20.790000915527344,-0.057116046150368915,-0.049904007307040255,
2000-09-07,30.168649673461914,67406794020,19.420000076293945,0.03481197299177574,0.004040041721623311,
2000-09-08,29.92835235595703,53151311722,18.459999084472656,-0.049831016241365544,-0.04627707975468587,
2000-09-11,29.808074951171875,59550218869,18.399999618530273,-0.009317655702158256,0.008438595763520684,
2000-09-12,29.808074951171875,0,18.59000015258789,-0.0401059639231901,-0.0418409054830049,
2000-09-13,29.808074951171875,118942384480,18.31999969482422,0.01823141673347184,-0.002183452751452819,
2000-09-14,28.846599578857422,58547691419,18.260000228881836,-0.002095342733439587,-0.0021883001526284973,
2000-09-15,29.447490692138672,82176445198,18.520000457763672,-0.030133214809974884,-0.04166707589196317,
2000-09-18,29.0869140625,97868072327,20.25,-0.023948617418300677,-0.06178436345552607,
2000-09-19,27.163978576660156,133186917707,19.540000915527344,0.08117736190521074,0.03902437248240731,
2000-09-20,27.644594192504883,120368246850,19.93000030517578,0.002294698195056677,0.00234731895122664,
2000-09-21,27.524324417114258,68452388650,20.18000030517578,-0.04493461564663126,-0.1569087652739687,
2000-09-22,25.601381301879883,132834122636,20.739999771118164,-0.05889224632717771,0.13888915603015528,
2000-09-25,25.601381301879883,88873752030,21.40999984741211,-0.04983112683736812,-0.01219522776438231,
2000-09-26,27.28401756286621,199394350975,21.8799991607666,-0.011006848795318658,-0.06666684443404336,
2000-09-27,26.683134078979492,137224758488,21.670000076293945,-0.006833842071325091,-0.02645484372592055,
2000-09-28,25.601381301879883,107525519700,19.469999313354492,0.04258025015677158,-0.043478245858767695,
2000-09-29,25.000274658203125,76034057956,20.56999969482422,-0.055427346840934755,-0.07102271855681175,
2000-10-02,23.678218841552734,138001375937,21.229999542236328,-0.021372247071161588,-0.048929742622836,
2000-10-03,24.759960174560547,194590275197,21.850000381469727,-0.02450295958968096,0.019292203200939495,
2000-10-04,23.918527603149414,84448144144,21.540000915527344,0.06163969451956142,0.03470087650469034,
2000-10-05,24.759960174560547,164805785309,21.030000686645508,-0.03552472643788507,0.06402401735878205,
2000-10-06,26.442588806152344,180029493800,22.709999084472656,-0.03965639448668912,0.04298042252243128,
2000-10-09,25.84169578552246,102031335801,24.020000457763672,-0.016800332323163802,-0.05769257618631596,
2000-10-10,25.84169578552246,0,24.860000610351562,-0.10108654837280351,-0.03790067377061801,
2000-10-11,25.000274658203125,29010663869,26.56999969482422,0.0,-0.02727273252278406,
2000-10-12,23.317642211914062,183667251856,30.510000228881836,-0.024628124345821956,-0.059190207782431004,
2000-10-13,23.197368621826172,191179714534,27.600000381469727,0.10043387111895719,0.11258300016522993,
2000-10-16,23.197368621826172,0,26.790000915527344,-0.057785659332279304,-0.08630947710607972,
2000-10-17,22.59647560119629,152970339373,27.84000015258789,-0.09294601539428471,-0.03583065832266119,
2000-10-18,21.033893585205078,197565539457,28.719999313354492,-0.0012190511941199134,-0.06418916490012683,
2000-10-19,19.59157371520996,199457078987,25.09000015258789,0.17216129379785383,0.2274365138755461,
2000-10-20,20.913856506347656,53403302845,24.239999771118164,-0.007736545390394256,0.07352969065132431,
2000-10-23,23.918527603149414,393125049096,24.690000534057617,0.03239607314623272,-0.016438358548533816,
2000-10-24,25.48111343383789,281450989671,24.280000686645508,-0.07833927238224803,0.030640967961555354,
2000-10-25,25.84169578552246,211862326584,26.649999618530273,-0.07158310268315693,-0.06216278280188536,
2000-10-26,25.36085319519043,162335511542,28.6200008392334,0.061465271519749454,0.06628312639116962,
2000-10-27,25.36085319519043,0,26.469999313354492,-0.028853946944810582,-0.06216278280188536,
2000-10-30,23.678218841552734,43094344075,25.459999084472656,0.025423077412948247,-0.02881824516913989,
2000-10-31,23.557941436767578,237316567164,23.6299991607666,0.05518969939128149,0.07715139096766399,
2000-11-01,23.317642211914062,178478658699,24.280000686645508,-0.03751539828938533,-0.05785142985744263,
2000-11-02,24.88022232055664,190518503961,23.920000076293945,0.026218475780837025,0.10233898114614681,
2000-11-03,26.322551727294922,246387764272,23.670000076293945,0.010768160687012696,0.015915550901496545,
2000-11-06,26.202274322509766,242870995952,24.520000457763672,0.006967266438143049,0.02349861678202747,
2000-11-07,28.005172729492188,252449083392,24.90999984741211,-0.040481668926183656,0.022959352550017798,
2000-11-08,28.12543296813965,235556099847,25.65999984741211,-0.0709634844982584,-0.02493763274947003,
2000-11-09,27.644594192504883,166633646908,27.200000762939453,0.0057913172952788194,-0.038363500450285026,
2000-11-10,27.404293060302734,174306612636,28.530000686645508,-0.06647726400985432,-0.09308509200414139,
2000-11-13,25.601381301879883,146585514365,29.059999465942383,0.043287350247462664,0.008797844075510985,
2000-11-14,25.601381301879883,104741997508,26.809999465942383,0.05709288861999906,0.08139506109915695,
2000-11-15,25.721433639526367,138232731310,26.149999618530273,0.038640269287823825,-0.01075249445131976,
2000-11-16,24.038793563842773,145488774074,25.049999237060547,-0.055874107323885536,-0.11684766167181504,
2000-11-17,23.678218841552734,149759745078,24.809999465942383,-0.005199612471471382,0.0,
2000-11-20,21.154159545898438,121477336093,27.43000030517578,-0.014206174486391498,-0.10461556113408788,
2000-11-21,22.59647560119629,141268915401,26.6200008392334,-0.04734137062744059,0.04467362691446208,
2000-11-22,21.87531852722168,176943588927,27.709999084472656,-0.01660160561811419,-0.029605270375473447,
2000-11-23,21.39447593688965,93637447900,27.709999084472656,-0.01660160561811419,-0.029605270375473447,
2000-11-24,22.836790084838867,159707601148,26.0,0.08786013066399612,0.10169504847387056,
2000-11-27,22.71674346923828,107690655691,26.93000030517578,-0.06906976813646526,-0.04000016809873108,
2000-11-28,22.23590087890625,63623002519,27.639999389648438,-0.08113617577234566,-0.060897827777566804,
2000-11-29,21.755046844482422,73151677484,27.489999771118164,-0.0012821976516461664,-0.006825546012243389,
2000-11-30,21.514745712280273,121708583142,29.649999618530273,-0.06834036756411777,-0.07560114464135104,
2000-12-01,21.995594024658203,104125416483,27.479999542236328,0.0025325829400728583,0.052044298889032614,
2000-12-04,21.154159545898438,46402605085,27.780000686645508,0.024389353067016284,-0.024735066410169537,
2000-12-05,21.274436950683594,89459185698,24.989999771118164,0.1014180145493151,0.09420298027618945,
2000-12-06,21.39447593688965,116992933196,25.06999969482422,-0.04497781841988013,-0.03973490431125992,
2000-12-07,21.87531852722168,95605339286,25.34000015258789,-0.018290247650479485,-0.006896699019130592,
2000-12-08,21.635011672973633,78859568253,22.40999984741211,0.12091736858674951,0.10069396308473277,
2000-12-11,21.635011672973633,73807371858,23.510000228881836,0.06960239651676647,0.01261887401356021,
2000-12-12,22.23590087890625,143221466422,24.8799991607666,-0.06233432971764663,-0.037383283917868604,
2000-12-13,22.115629196166992,38686726331,23.6299991607666,-0.06480691574921638,-0.03236233247025422,
2000-12-14,21.755046844482422,48019688732,24.860000610351562,-0.010255200473569537,-0.003344446787411526,
2000-12-15,21.154159545898438,48902934635,26.549999237060547,-0.023287907680591857,0.0,
2000-12-18,20.312728881835938,56883986726,27.700000762939453,0.0058225522164356835,-0.04698022773744537,
2000-12-19,20.192691802978516,94536729942,27.170000076293945,-0.008983951363075171,0.017606127636121238,
2000-12-20,19.59157371520996,93251563970,31.739999771118164,-0.0647402972537402,-0.05190333590037155,
2000-12-21,18.990686416625977,72586742077,29.65999984741211,-0.007728348898375259,-0.029197126830319498,
2000-12-22,18.7503719329834,110292068333,27.549999237060547,0.09663799797257044,0.03007523734966977,
2000-12-25,18.7503719329834,0,27.549999237060547,0.09663799797257044,0.03007523734966977,
2000-12-26,18.26951789855957,51800030525,28.729999542236328,-0.014068257575363674,-0.010948908071020336,
2000-12-27,18.02921485900879,70824474913,28.139999389648438,0.04278958706122271,0.014760112569402128,
2000-12-28,19.230993270874023,123757400996,26.56999969482422,-0.0006958733868539513,0.0072728835144355575,
2000-12-29,19.11094856262207,126381270066,26.850000381469727,-0.04412909195083481,-0.0036104146346664923,
2001-01-01,19.11094856262207,0,26.850000381469727,-0.04412909195083481,-0.0036104146346664923,
2001-01-02,20.072425842285156,109761621667,29.989999771118164,-0.010873795579166678,0.021739025359184927,
2001-01-03,19.35126304626465,110639113891,26.600000381469727,0.1751409967438735,0.09574496004018784,
2001-01-04,20.433008193969727,234113138928,26.969999313354492,-0.024513980245700173,0.0,
2001-01-05,21.755046844482422,200624646603,28.670000076293945,-0.05553683411418553,0.04207097053589881,
2001-01-08,21.514745712280273,193371911891,29.84000015258789,0.027077461839389194,-0.01242223526055597,
2001-01-09,22.356168746948242,156022413782,27.989999771118164,-0.005093072589379077,0.05660399596631782,
2001-01-10,22.59647560119629,115662646051,26.799999237060547,0.03153834868096084,0.0476189305790915,
2001-01-11,22.23590087890625,126919807712,25.790000915527344,0.05833634569397228,0.0,
2001-01-12,22.59647560119629,94983533704,24.559999465942383,-0.026304755218223064,0.017045369437102886,
2001-01-15,22.71674346923828,89597298981,24.559999465942383,-0.026304755218223064,0.017045369437102886,
2001-01-16,24.27910804748535,261560243776,25.280000686645508,-0.04969207273356291,-0.0251398519159165,
2001-01-17,24.27910804748535,224263841163,24.93000030517578,0.06275493717206104,0.08022915125735852,
2001-01-18,24.51964569091797,233121389730,23.3700008392334,0.07187784465986868,0.07161833615028601,
2001-01-19,24.51964569091797,0,23.239999771118164,-0.009158735549185226,-0.007425509436003397,
2001-01-22,24.51964569091797,0,23.25,-0.016749077629837128,-0.04239412617135385,
2001-01-23,24.51964569091797,0,21.56999969482422,0.006106986601576159,0.03906242697750795,
2001-01-24,24.51964569091797,0,22.030000686645508,0.014963855053677255,-0.007518640174381974,
2001-01-25,24.51964569091797,0,22.639999389648438,-0.040865986520727704,-0.025252662985492225,
2001-01-26,24.51964569091797,0,22.56999969482422,-0.0005341088899957214,-0.07512958377586687,
2001-01-29,23.317642211914062,162287082317,22.610000610351562,0.03318562239433165,-0.02386564368347266,
2001-01-30,23.798480987548828,104442681234,22.56999969482422,0.018338098219705445,0.059228677130263474,
2001-01-31,25.36085319519043,225187996096,22.020000457763672,0.004968603948096062,0.04638071552981593,
2001-02-01,24.399377822875977,114697036302,21.65999984741211,-0.006528389922637268,-0.012013122568948598,
2001-02-02,24.159069061279297,159626108062,21.950000762939453,-0.05445344284195908,-0.03018851779892817,
2001-02-05,23.678218841552734,131682770311,22.190000534057617,-0.04178536533828625,-0.04928715568802655,
2001-02-06,23.557941436767578,118522811741,21.979999542236328,0.0061148076540165075,-0.06411999902501464,
2001-02-07,21.995594024658203,236950264906,21.670000076293945,-0.04016046689449393,-0.02575301005794739,
2001-02-08,21.755046844482422,94213749009,21.459999084472656,-0.012585296848672267,0.050872735733699104,
2001-02-09,21.995594024658203,128952451939,22.030000686645508,-0.007112731859016286,-0.02562867822089976,
2001-02-12,22.115629196166992,65390573400,21.920000076293945,0.02775723737623248,0.03604475613787872,
2001-02-13,23.557941436767578,99125740632,21.3700008392334,-0.019351213585784843,0.022566908755082604,
2001-02-14,22.59647560119629,79813354005,21.520000457763672,0.0782012304210482,0.03310355163416201,
2001-02-15,24.159069061279297,174380139732,20.270000457763672,0.049404968927766024,0.03560280009912642,
2001-02-16,23.557941436767578,142289462156,22.1200008392334,-0.07052015730226191,-0.042543983386949646,
2001-02-19,23.077327728271484,42987928103,22.1200008392334,-0.07052015730226191,-0.042543983386949646,
2001-02-20,23.077327728271484,42253082111,24.690000534057617,-0.07450974164555668,-0.052513308623745814,
2001-02-21,23.437911987304688,62630686703,25.75,0.0017480117638140058,-0.016106365659413813,
2001-02-22,22.47621726989746,87930948679,26.760000228881836,-0.012198597776702735,-0.005777375580834354,
2001-02-23,21.87531852722168,95466076101,27.209999084472656,0.0043586090922562715,-0.024213114864416685,
2001-02-26,21.39447593688965,88333264549,25.43000030517578,-0.01395612204223895,0.004962748109081039,
2001-02-27,21.635011672973633,76196927473,26.489999771118164,-0.0510627455096303,-0.04345677448651042,
2001-02-28,21.635011672973633,0,28.350000381469727,-0.049172619692563146,-0.027878172582589622,
2001-03-01,20.192691802978516,179983114401,28.079999923706055,0.05456096501238883,-0.04832691023315561,
2001-03-02,20.072425842285156,98608467848,27.43000030517578,0.020043525014793895,0.037946138763030435,
2001-03-05,20.312728881835938,85291005973,27.1200008392334,0.05176915576760255,0.022580974991450953,
2001-03-06,21.274436950683594,118538885378,25.889999389648438,0.05539400903115932,0.12828547145409663,
2001-03-07,22.115629196166992,143096743670,24.1200008392334,-0.005663408327327701,-0.028890730169190637,
2001-03-08,21.755046844482422,54103039316,24.290000915527344,-0.00544659804285097,-0.04750452928275728,
2001-03-09,21.154159545898438,55776539010,25.6200008392334,-0.07144415939307946,-0.06498750988338353,
2001-03-12,20.553272247314453,60270770241,30.31999969482422,-0.028747654276982226,-0.029095260612865825,
2001-03-13,20.913856506347656,103342974528,27.549999237060547,0.06268437773570334,0.09988907456637008,
2001-03-14,20.913856506347656,0,29.610000610351562,-0.005469412276204122,-0.013622310681632332,
2001-03-15,21.154159545898438,69605303342,28.559999465942383,-0.06197059840712138,0.024552334772274254,
2001-03-16,21.274436950683594,67691249055,29.90999984741211,-0.0527641442601956,-0.011982229534355349,
2001-03-19,20.913856506347656,32191037811,29.780000686645508,0.0674352683947983,-0.011621670123926675,
2001-03-20,20.67331314086914,47933600202,30.959999084472656,-0.061807703307804496,-0.033742033662362725,
2001-03-21,20.433008193969727,51471745876,31.93000030517578,0.029462234184690406,-0.007937137317853393,
2001-03-22,20.7935848236084,67485420683,32.84000015258789,0.1225225641260217,0.061333542262330454,
2001-03-23,21.755046844482422,227713615167,30.450000762939453,0.025064216917235038,0.05276373688311087,
2001-03-26,21.635011672973633,86627400933,29.040000915527344,-0.036786222237650046,-0.026730068550712915,
2001-03-27,21.514745712280273,107902171080,27.040000915527344,0.006176571327071834,-0.0063759350123516745,
2001-03-28,21.39447593688965,63876351860,28.579999923706055,-0.06954951333906667,-0.03405746610719784,
2001-03-29,21.154159545898438,47865014354,29.170000076293945,-0.015561102022461304,0.0040884332659940625,
2001-03-30,21.274436950683594,52554195712,28.639999389648438,-0.04378949050942205,-0.00763379061115077,
2001-04-02,20.433008193969727,52770689846,31.209999084472656,-0.07681996402265123,-0.09999982693320442,
2001-04-03,19.59157371520996,137153456204,34.720001220703125,-0.02486240663703021,-0.04159574794194776,
2001-04-04,19.11094856262207,105939504251,34.06999969482422,-0.055374395207120064,-0.013674360668167074,
2001-04-05,19.11094856262207,0,29.940000534057617,0.12772656921357584,0.10910249229053104,
2001-04-06,19.832117080688477,83165377968,31.690000534057617,-0.06726736764088925,-0.04945659544447101,
2001-04-09,19.230993270874023,50202053590,31.90999984741211,-0.025249728247544345,-0.02001136170809259,
2001-04-10,18.990686416625977,64384767062,29.440000534057617,0.09448257757182743,0.061259980757445875,
2001-04-11,19.952146530151367,63600441933,28.459999084472656,0.08492267413362442,0.0890591817640407,
2001-04-12,20.67331314086914,172602523870,26.1200008392334,0.059596968073087675,0.023221085028201305,
2001-04-13,20.433008193969727,59615425837,26.1200008392334,0.059596968073087675,0.023221085028201305,
2001-04-16,20.192691802978516,26751186803,26.329999923706055,-0.03543951984066318,-0.05180022466694156,
2001-04-17,20.072425842285156,35215179174,25.610000610351562,-0.005045648432634442,-0.014568433099164335,
2001-04-18,20.433008193969727,72644312193,24.1299991607666,0.11697045414880614,0.17370620437248507,
2001-04-19,21.755046844482422,290954416778,24.15999984741211,0.06899241069191353,-0.020242924018397224,
2001-04-20,21.755046844482422,135618069792,25.3799991607666,-0.022855944511664283,-0.04040384614157644,
2001-04-23,21.635011672973633,47925092591,28.15999984741211,-0.05777449261810452,-0.03588527153813481,
2001-04-24,21.154159545898438,53528517222,28.489999771118164,-0.024650360549045902,0.0024814233145420417,
2001-04-25,20.7935848236084,41989129503,27.399999618530273,0.03177463739772546,0.009406107468888258,
2001-04-26,20.7935848236084,41989129503,25.959999084472656,-0.036482884871200216,0.00245231265409096,
2001-04-27,20.913856506347656,44470839800,24.020000457763672,0.05058368167210592,0.06653588193594429,
2001-04-30,21.87531852722168,182494001389,25.479999542236328,0.031216924479529506,0.11192688571193621,
2001-05-01,21.87531852722168,0,24.200000762939453,0.005704322889261482,0.022689743536195683,
2001-05-02,23.077327728271484,347857956012,24.229999542236328,0.006317213857993886,-0.009278122494504104,
2001-05-03,23.197368621826172,134483249398,25.780000686645508,-0.035159929109785826,-0.0431597566281785,
2001-05-04,22.356168746948242,80099413071,23.90999984741211,-0.011652561966874253,-0.02127646453778964,
2001-05-07,22.836790084838867,114545190851,24.860000610351562,-0.01325972558749211,-0.010869367262499097,
2001-05-08,22.71674346923828,99755803847,24.440000534057617,0.015339472928665554,0.0013185069510011083,
2001-05-09,22.836790084838867,61278672235,24.350000381469727,-0.034164128141975336,-0.025461083279695207,
2001-05-10,22.23590087890625,64391741470,24.0,0.00032316407528543145,0.0,
2001-05-11,22.59647560119629,63826143619,23.540000915527344,-0.003650722282515728,-0.03153133697729793,
2001-05-14,22.23590087890625,40124516855,24.260000228881836,-0.02357412852533014,-0.05069756378976542,
2001-05-15,21.514745712280273,85139960454,23.709999084472656,0.0021752470613429775,-0.013719026463458128,
2001-05-16,21.154159545898438,59935477852,21.889999389648438,0.06468395040319086,0.011922508428870993,
2001-05-17,21.39447593688965,47654757191,21.469999313354492,0.01957702020022034,0.0441827361816205,
2001-05-18,21.755046844482422,95308472805,21.229999542236328,0.003449492660810627,-0.02444764781618769,
2001-05-21,21.274436950683594,53491624518,20.760000228881836,0.0741068001817553,0.01686769902940588,
2001-05-22,21.635011672973633,62981494442,21.350000381469727,-0.016158122900212346,0.014218011262260521,
2001-05-23,22.71674346923828,77986608978,22.079999923706055,-0.04980278392193449,-0.011682770105674534,
2001-05-24,22.59647560119629,56666480178,20.56999969482422,-0.0020752965888821695,0.007092578688867812,
2001-05-25,22.71674346923828,57861378809,20.600000381469727,-0.006269241165331896,-0.02112648686795504,
2001-05-28,22.356168746948242,27492071866,20.600000381469727,-0.006269241165331896,-0.02112648686795504,
2001-05-29,22.356168746948242,50391879153,22.139999389648438,-0.04795010650220821,-0.015827623766524135,
2001-05-30,21.635011672973633,49790259358,22.760000228881836,-0.0603930538018882,-0.04824543455031893,
2001-05-31,21.514745712280273,54368179322,22.639999389648438,0.022369878437880075,0.0168966765403753,
2001-06-01,21.39447593688965,40753226018,21.59000015258789,0.031551056905278596,0.0015108746489826963,
2001-06-04,21.635011672973633,38533131028,21.3799991607666,-0.017195603974900164,-0.014580327038320462,
2001-06-05,21.87531852722168,28913070066,19.579999923706055,0.06741583207158985,0.07040808575158741,
2001-06-06,22.47621726989746,72897807355,20.389999389648438,-0.0008797311231039107,-0.020495592440842758,
2001-06-07,22.356168746948242,62141449041,19.670000076293945,0.0767769113172061,0.0851579501255686,
2001-06-08,23.317642211914062,163135010383,19.920000076293945,-0.030601289557065314,-0.006277881517438244,
2001-06-11,23.798480987548828,71574202976,20.700000762939453,-0.033594795990895876,-0.026172995182987102,
2001-06-12,23.317642211914062,61879767074,20.700000762939453,0.0015160501003499416,-0.010658323647390944,
2001-06-13,22.59647560119629,58310724022,21.450000762939453,-0.023654805556411418,-0.0018735059443296675,
2001-06-14,22.23590087890625,54805425562,23.1200008392334,-0.05473596588976837,-0.01923973739384044,
2001-06-15,22.47621726989746,33606221920,22.809999465942383,0.00886392580898554,0.01531113530896211,
2001-06-18,22.115629196166992,132926523131,23.170000076293945,-0.01433684459651896,-0.04853946312266,
2001-06-19,21.755046844482422,89109248718,22.34000015258789,-0.020593448388234625,-0.012382144171535159,
2001-06-20,21.635011672973633,41634972048,21.709999084472656,-0.004865396008393197,-0.041123248284623104,
2001-06-21,20.67331314086914,101354893188,19.3799991607666,-0.0019146067237447717,-0.019351847814124246,
2001-06-22,20.433008193969727,119957081731,20.020000457763672,0.004213395596271985,0.02400033033368465,
2001-06-25,20.433008193969727,0,20.670000076293945,0.02716993889573227,0.017708405925011217,
2001-06-26,20.529212951660156,96070796227,21.200000762939453,0.00710684130562278,-0.018423748657414474,
2001-06-27,21.37046241760254,57765016150,20.8799991607666,-0.01741076543496256,0.021167499723648397,
2001-06-28,20.697275161743164,47031141048,20.010000228881836,0.036562782449528264,0.03645487241382517,
2001-06-29,21.538841247558594,53805625856,19.059999465942383,0.010263118380684055,0.04758598460519026,
2001-07-02,22.548465728759766,62442405056,18.760000228881836,0.018891413097229748,-0.0026330263616292093,
2001-07-03,22.380083084106445,30191453577,18.920000076293945,0.005677207019270325,0.004620288198010858,
2001-07-04,22.043651580810547,26744552544,18.920000076293945,0.005677207019270325,0.004620288198010858,
2001-07-05,22.043651580810547,16044664142,20.09000015258789,-0.03094648310114545,-0.04336414079745876,
2001-07-06,21.202083587646484,40584223689,21.6299991607666,-0.0858318991787258,-0.037774582334892726,
2001-07-09,20.529212951660156,62249903530,22.479999542236328,-0.004783657502238525,0.017844538310981317,
2001-07-10,20.697275161743164,48435884971,23.25,-0.037939063550598506,-0.00841532814996826,
2001-07-11,20.697275161743164,34178454624,24.010000228881836,0.02868681696815112,0.0028288487821930275,
2001-07-12,21.37046241760254,45144006501,22.09000015258789,0.08595448641122672,0.06064893286173856,
2001-07-13,21.202083587646484,83440695087,21.139999389648438,-0.019804276150698463,-0.01529263932307845,
2001-07-16,21.202083587646484,52098044529,22.90999984741211,-0.060377475660437385,-0.039837796377638846,
2001-07-17,21.03403091430664,39253753226,22.610000610351562,0.04336373017739259,0.03094216868406985,
2001-07-18,20.865646362304688,40148263650,23.600000381469727,-0.03348956687037996,-0.04024570399586247,
2001-07-19,20.529212951660156,52451240755,22.510000228881836,0.04872316680890165,0.044776163024485394,
2001-07-20,20.36083984375,48338503352,22.34000015258789,-0.026923549683828152,-0.04353704368752365,
2001-07-23,19.519588470458984,62147840760,23.739999771118164,-0.02881768632546433,-0.04694172328012969,
2001-07-24,19.35121726989746,52030990693,25.239999771118164,-0.01687126303790032,-0.017910513780053372,
2001-07-25,19.856029510498047,43066286931,24.0,0.009118387359518643,0.034953954844964,
2001-07-26,20.36083984375,51942754131,23.010000228881836,0.06285467213181684,0.05726878025515614,
2001-07-27,21.37046241760254,156155062051,22.0,0.023039429149199764,0.05555594944018161,
2001-07-30,21.37046241760254,0,22.690000534057617,0.0065318223609820425,0.007236663322898407,
2001-07-31,22.211706161499023,103162152962,21.6200008392334,0.0004624218705175931,0.0646635144376928,
2001-08-01,23.05328369140625,137701829919,20.559999465942383,0.05060403024127247,0.04601255359959722,
2001-08-02,23.72646713256836,99316282800,20.09000015258789,0.03154558214402159,-0.003519095630513114,
2001-08-03,23.221332550048828,69056552276,19.889999389648438,-0.023697139523544353,-0.0317837105916825,
2001-08-06,22.884904861450195,46619357529,21.889999389648438,-0.014834759265223374,-0.03221859340751787,
2001-08-07,22.211706161499023,45691471961,21.010000228881836,-0.02634788298282653,-0.018216198956018004,
2001-08-08,22.716520309448242,33965064989,22.31999969482422,-0.04906406901498572,-0.013435651993415787,
2001-08-09,21.875274658203125,29149178904,21.75,0.0019667395138989185,0.004539848900984023,
2001-08-10,23.05328369140625,51262912996,20.549999237060547,0.012220649575072517,0.027114068524600965,
2001-08-13,22.884904861450195,22755986154,20.420000076293945,0.017570114474797283,0.001885535785474568,
2001-08-14,23.221332550048828,30352773225,20.479999542236328,-0.015692534356289478,0.013174177491251271,
2001-08-15,23.05328369140625,37550138824,20.90999984741211,-0.035488248696541325,-0.02662536160803497,
2001-08-16,22.884904861450195,22472824164,21.540000915527344,0.017646536556904957,0.017811853106536324,
2001-08-17,22.716520309448242,24091688315,23.84000015258789,-0.047150300636464526,-0.06749995701734779,
2001-08-20,22.211706161499023,54058062773,22.8700008392334,0.010026309237691544,-0.0033511759861121204,
2001-08-21,22.380083084106445,28486645824,24.399999618530273,-0.042914837443055576,-0.06523185473585302,
2001-08-22,20.865646362304688,131335001004,22.440000534057617,0.05161712876707969,-0.1079138914389366,
2001-08-23,20.865646362304688,109761355021,22.229999542236328,-0.007755621005993585,-0.011290014748181365,
2001-08-24,20.36083984375,92537405507,19.709999084472656,0.06163777199160214,-0.02120741913269808,
2001-08-27,21.37046241760254,172843967671,20.559999465942383,0.01934750255355744,0.020833380107121657,
2001-08-28,21.202083587646484,97109196229,22.0,-0.028412672519177784,0.051428494700327176,
2001-08-29,21.706892013549805,99128757042,23.030000686645508,-0.032875582207611,-0.025621259901119853,
2001-08-30,21.202083587646484,50885587864,25.40999984741211,-0.018374274600982288,-0.002390236131150525,
2001-08-31,21.538841247558594,49968004993,24.920000076293945,0.006024809284060018,0.03674130904185824,
2001-09-03,21.538841247558594,39017023309,24.920000076293945,0.006024809284060018,0.03674130904185824,
2001-09-04,22.211706161499023,52138689890,25.850000381469727,-0.03387119790301729,-0.0177195581307954,
2001-09-05,22.043651580810547,45011258834,26.350000381469727,-0.01673837082418239,-0.017255476699573502,
2001-09-06,21.538841247558594,32151543245,28.610000610351562,-0.043044746998370464,0.013567954581024999,
2001-09-07,21.202083587646484,41915298266,30.989999771118164,0.004613425171700047,0.01889771041322974,
2001-09-10,21.538841247558594,28395811269,31.84000015258789,-0.009262307967521699,-0.020865735202310942,
2001-09-11,21.202083587646484,29208435782,31.84000015258789,-0.009262307967521699,-0.020865735202310942,
2001-09-12,21.202083587646484,0,31.84000015258789,-0.009262307967521699,-0.020865735202310942,
2001-09-13,19.856029510498047,38823893860,31.84000015258789,-0.009262307967521699,-0.020865735202310942,
2001-09-14,18.67803192138672,98405401741,31.84000015258789,-0.009262307967521699,-0.020865735202310942,
2001-09-17,18.67803192138672,0,41.7599983215332,-0.08771481332362818,-0.16732428912198893,
2001-09-18,18.67803192138672,0,38.869998931884766,-0.06312292336965764,-0.0663507093079847,
2001-09-19,18.67803192138672,0,40.560001373291016,-0.037640512307971385,-0.02944159995842499,
2001-09-20,17.66840362548828,4882070946,43.7400016784668,-0.061629929527508676,-0.055439326665148836,
2001-09-21,17.163597106933594,2609586650,42.65999984741211,-0.030459544488627532,0.04651160964763168,
2001-09-24,17.163597106933594,0,37.75,0.055037952870517826,0.08677245779433673,
2001-09-25,15.952043533325195,181477080515,35.810001373291016,0.0010447593753197815,-0.09639745698947855,
2001-09-26,16.322343826293945,137796559978,35.2599983215332,-0.0789513019723257,0.007543204217281607,
2001-09-27,15.64915657043457,52486362776,34.0,-0.02328467171324,-0.05026724456735665,
2001-09-28,15.64915657043457,0,31.93000030517578,0.03232051135098968,0.06869367085616074,
2001-10-01,15.64915657043457,0,32.31999969482422,-0.029997434531532363,-0.03371956096577722,
2001-10-02,15.144346237182617,67122484210,31.18000030517578,-0.021683280792383797,-0.03489624709724981,
2001-10-03,14.841456413269043,50025077532,31.34000015258789,0.09638209416597454,0.08474568259978432,
2001-10-04,14.9088716506958,107361475283,31.969999313354492,0.043028768456752076,-0.035416807141853246,
2001-10-05,15.750121116638184,90599194936,33.38999938964844,0.0013808594108795091,0.003239465897749705,
2001-10-08,15.481100082397461,36931798424,35.119998931884766,0.05035701641325918,0.037674963300683206,
2001-10-09,16.557817459106445,85981949737,34.83000183105469,-0.058680083576525544,-0.010373277053275287,
2001-10-10,16.557817459106445,0,31.600000381469727,0.06741882754943407,0.04821770605974951,
2001-10-11,17.66840362548828,70577691087,31.5,0.10735204806926135,0.120000212697698,
2001-10-12,18.509971618652344,146532259358,35.27000045776367,-0.0017277858222360942,-0.026785725024594753,
2001-10-15,18.005157470703125,45872414944,35.310001373291016,-0.04654059030186597,-0.03210999656236346,
2001-10-16,18.67803192138672,42133562488,32.880001068115234,0.02435085058394204,0.10047372770858187,
2001-10-17,19.519588470458984,129414568686,35.08000183105469,-0.07371476207430694,0.01636526353169132,
2001-10-18,20.024410247802734,85720721898,34.95000076293945,-0.02536039629505915,-0.04322046617800679,
2001-10-19,19.687652587890625,87127763246,34.11000061035156,0.014530179769177698,0.0035432660205103605,
2001-10-22,19.519588470458984,53561188259,32.25,0.05448073437270473,0.07060860432308713,
2001-10-23,19.35121726989746,59501452172,32.0,-0.00854763509439771,0.013190998684418753,
2001-10-24,20.697275161743164,133139455065,30.950000762939453,0.04008220421631492,0.0496337067126944,
2001-10-25,21.03403091430664,100118530217,29.459999084472656,0.05262011033647518,0.027131532427538296,
2001-10-26,21.202083587646484,63375879436,28.420000076293945,-0.008987876374404014,0.049056911903781586,
2001-10-29,22.548465728759766,159762803606,31.639999389648438,-0.06974660134418786,-0.04244617959900432,
2001-10-30,21.03403091430664,103426940023,33.459999084472656,-0.03919857118376413,-0.0563487342120077,
2001-10-31,20.529212951660156,87162486490,33.560001373291016,0.04268289259994984,0.027866103883392057,
2001-11-01,20.529212951660156,67706863206,32.310001373291016,0.06711752567652196,0.02788563992350568,
2001-11-02,21.03403091430664,107589015503,30.709999084472656,0.02374036911382693,0.013564349717444912,
2001-11-05,21.875274658203125,72908380267,30.5,0.027848162226655315,0.060966369522508224,
2001-11-06,22.043651580810547,114083762138,28.799999237060547,0.03371297011900376,-0.004905213145343201,
2001-11-07,22.548465728759766,62689312681,29.1299991607666,-0.001288390593245592,0.021126868156915002,
2001-11-08,22.716520309448242,97915110002,28.6200008392334,-0.022932062124290664,0.020689660567835277,
2001-11-09,22.716520309448242,0,27.440000534057617,-0.0012612454332350254,-0.020946021557958328,
2001-11-12,22.884904861450195,60076010572,29.350000381469727,0.02468384163544113,-0.002760616753684997,
2001-11-13,22.716520309448242,32001930937,26.469999313354492,0.04230527546603979,0.06159184599099499,
2001-11-14,24.231281280517578,167287343831,26.559999465942383,-0.005135823783878668,-0.009126401553533947,
2001-11-15,25.07252311706543,127912553253,25.559999465942383,-0.011457495741143187,0.02697341643590989,
2001-11-16,26.082141876220703,154915643388,25.06999969482422,-0.004546069286404442,0.04099973629666964,
2001-11-19,26.75533676147461,99340227197,24.459999084472656,-0.009737255430680491,-0.00492350216388715,
2001-11-20,25.07252311706543,108705218429,24.1200008392334,-0.05838865609046828,-0.05875060036344948,
2001-11-21,25.408954620361328,113891195141,24.190000534057617,0.018922552751745148,0.04139321711576027,
2001-11-22,24.567712783813477,78148114323,24.190000534057617,0.018922552751745148,0.04139321711576027,
2001-11-23,24.73609161376953,67781672336,23.25,0.015552047377864309,-0.009463722961909782,
2001-11-26,24.90414810180664,106122556577,23.790000915527344,0.041384793840981704,0.05732430231127772,
2001-11-27,25.408954620361328,208435722041,24.0,0.007906664590120238,-0.01445771996956291,
2001-11-28,24.90414810180664,82210650629,25.899999618530273,-0.04701214045686042,-0.06356938758759156,
2001-11-29,24.567712783813477,78561674477,25.18000030517578,0.04248780100199623,0.050913956415132855,
2001-11-30,24.567712783813477,121174113006,23.84000015258789,-0.026670577531326622,-0.010559135695682675,
2001-12-03,26.082141876220703,95400454286,25.770000457763672,-0.015319417323214513,0.023226275983133426,
2001-12-04,26.418582916259766,87963745896,24.079999923706055,0.06479453405312396,0.07546043827552551,
2001-12-05,28.101396560668945,205624746225,23.020000457763672,0.07662046553084623,0.08841959969491908,
2001-12-06,29.952259063720703,194245604436,23.709999084472656,-0.0025263978659673114,-0.012578369093468766,
2001-12-07,29.784210205078125,118018166457,23.489999771118164,-0.021529294632416818,-0.005838797790353345,
2001-12-10,28.26976776123047,107978018216,25.6200008392334,-0.021635701406557684,-0.04057676000203192,
2001-12-11,28.774581909179688,95422642880,25.299999237060547,0.01144145499387239,0.02448528622100188,
2001-12-12,29.784210205078125,118173177116,24.8700008392334,0.01740986302026326,0.02933202148589209,
2001-12-13,28.26976776123047,105076597693,25.90999984741211,-0.06780512214794265,-0.05540898894279056,
2001-12-14,28.101396560668945,73413581455,24.6299991607666,0.023164841652764778,0.02905006221307116,
2001-12-17,27.260141372680664,62690628046,24.260000228881836,0.027048111657324236,-0.0005427909570456801,
2001-12-18,27.76495361328125,90387456947,23.290000915527344,0.005710539921147673,-0.007060961855601788,
2001-12-19,28.774581909179688,95314211603,22.579999923706055,-0.05198472354415329,-0.0426698340144388,
2001-12-20,28.774581909179688,82619407618,23.670000076293945,-0.055821074241515944,-0.028000164972337593,
2001-12-21,26.923385620117188,184451732922,22.5,0.025571319037547946,-0.04761885310814529,
2001-12-24,27.260141372680664,69557938312,22.6200008392334,-0.010488374389945543,-0.012345828137340309,
2001-12-25,28.101396560668945,56300051145,22.6200008392334,-0.010488374389945543,-0.012345828137340309,
2001-12-26,27.76495361328125,50672647595,22.290000915527344,0.010793603902677695,0.02125026875235636,
2001-12-27,27.596576690673828,74257765791,21.59000015258789,0.019071281428501896,0.025703607320129995,
2001-12-28,28.6062068939209,90661600356,21.399999618530273,0.015416183793649951,0.01133676746115242,
2001-12-31,29.44744110107422,142278227393,23.799999237060547,-0.030865554773028436,0.01297919595877084,
2002-01-01,29.44744110107422,0,23.799999237060547,-0.030865554773028436,0.01297919595877084,
2002-01-02,28.942638397216797,63219970044,22.709999084472656,0.04458415112927461,0.018054728902819672,
2002-01-03,28.942638397216797,0,21.34000015258789,0.08283219514368678,0.06292880737877438,
2002-01-04,29.952259063720703,161224084400,20.450000762939453,-0.0012359339365705102,0.031754534516818644,
2002-01-07,31.130250930786133,143660633926,21.940000534057617,-0.016359070997726266,-0.016692718527177797,
2002-01-08,30.457063674926758,66545271274,21.829999923706055,0.006169929154264953,0.0339524923278387,
2002-01-09,30.793821334838867,72284564141,22.1299991607666,0.0007707609949543226,0.0005129916163593151,
2002-01-10,30.457063674926758,51368481421,22.360000610351562,-0.016601919931438447,-0.04615386293472579,
2002-01-11,29.44744110107422,69855335701,22.600000381469727,-0.009885641736674389,-0.0032256094683542624,
2002-01-14,29.615827560424805,47642526681,23.579999923706055,-0.007875003783737289,-0.017799371314503376,
2002-01-15,29.44744110107422,36711147501,22.700000762939453,-0.0068567810628378245,-0.0038441307644538902,
2002-01-16,28.6062068939209,63000476760,23.450000762939453,-0.05128981109424369,-0.042998769308505214,
2002-01-17,28.43781852722168,74009989192,22.25,0.014592301685006026,0.042050169680250216,
2002-01-18,28.6062068939209,64443521005,22.520000457763672,-0.030599571375798607,-0.027639415178880022,
2002-01-21,30.457063674926758,106826877778,22.520000457763672,-0.030599571375798607,-0.027639415178880022,
2002-01-22,30.28901481628418,128790074046,23.610000610351562,-0.04571352250575367,0.004548271973459528,
2002-01-23,29.784210205078125,120107453497,21.8799991607666,0.042894539388149244,0.023203260769778522,
2002-01-24,30.457063674926758,91067250466,21.149999618530273,0.006089928654232857,0.009402536183690469,
2002-01-25,30.961881637573242,131361617793,21.010000228881836,0.023352570422145114,0.0005480800377113404,
2002-01-28,30.961881637573242,88306395399,21.139999389648438,0.018434941846461106,0.002738122500618667,
2002-01-29,29.952259063720703,58836080048,24.350000381469727,-0.024000630986117155,-0.027853669918840307,
2002-01-30,29.279396057128906,73377524990,23.219999313354492,0.04159785636248525,-0.007303335744172079,
2002-01-31,29.279396057128906,0,21.09000015258789,0.007208842494632606,-0.03961504337571076,
2002-02-01,28.774581909179688,103873616415,21.1200008392334,-0.010753734978303675,0.002946014249193274,
2002-02-04,28.942638397216797,48429656333,24.8700008392334,-0.01385489318842692,-0.011163170526717114,
2002-02-05,28.774581909179688,43280411623,25.450000762939453,-0.007868598195802323,0.0041591677654009285,
2002-02-06,29.111021041870117,70636501574,26.09000015258789,0.0036234440453517536,0.02130198485928303,
2002-02-07,29.111021041870117,0,25.110000610351562,-0.049661066670386056,-0.037659471862545923,
2002-02-08,29.111021041870117,0,23.260000228881836,0.030256683093169423,0.0006020243966715633,
2002-02-11,29.111021041870117,0,21.780000686645508,0.03804109565119895,0.03489768628811718,
2002-02-12,29.111021041870117,0,21.6200008392334,-0.006778374190692271,0.00465098870608438,
2002-02-13,29.111021041870117,0,20.850000381469727,0.038904403641795815,0.021412388163439156,
2002-02-14,29.111021041870117,0,21.770000457763672,-0.007693337360479946,0.03966009193357434,
2002-02-15,29.111021041870117,0,22.3700008392334,-0.01830254535832687,-0.03651266483871651,
2002-02-18,29.44744110107422,79417673286,22.3700008392334,-0.01830254535832687,-0.03651266483871651,
2002-02-19,28.774581909179688,49938769378,24.43000030517578,-0.035556385004516966,-0.05825783580892496,
2002-02-20,27.596576690673828,64741959973,22.65999984741211,0.016227595497408487,0.005405714758740743,
2002-02-21,27.76495361328125,53616987097,23.799999237060547,-0.06679914181180258,-0.043608093588983876,
2002-02-22,27.428203582763672,45345656060,22.860000610351562,0.003331616493388534,0.010617963829804067,
2002-02-25,27.260141372680664,33289509205,21.84000015258789,0.05853223500480653,0.028430153434173766,
2002-02-26,26.923385620117188,63760930103,21.68000030517578,-0.0075732957080955066,-0.02403799244394844,
2002-02-27,27.596576690673828,74203270414,21.489999771118164,-0.013990080898786061,0.019704388765096725,
2002-02-28,27.596576690673828,0,21.59000015258789,-0.031014092207470312,-0.018719786494079016,
2002-03-01,27.260141372680664,75910280361,19.959999084472656,0.11048688578931931,0.07138462950740032,
2002-03-04,29.111021041870117,97211205432,20.5,0.059301435994892016,0.09764493306928368,
2002-03-05,30.625444412231445,179088949780,20.299999237060547,0.021617395862242317,0.02040798911973618,
2002-03-06,31.80345344543457,179561088297,19.940000534057617,-0.0096596392379239,0.006153761130722524,
2002-03-07,31.466697692871094,120272975169,20.040000915527344,0.005000219462055755,0.0020385152618707103,
2002-03-08,30.793821334838867,84486290907,19.270000457763672,0.044074593246855365,0.022380790648397708,
2002-03-11,32.813079833984375,141985430804,19.84000015258789,-0.024187241563426,0.010447863644370559,
2002-03-12,31.97150421142578,81775919652,19.59000015258789,-0.027324857265419,-0.030034594345517585,
2002-03-13,31.63506507873535,55129555206,19.459999084472656,-0.03963668173567736,-0.03908619905333344,
2002-03-14,31.298641204833984,61840313278,19.200000762939453,-0.004574338674122269,-0.011093760217744886,
2002-03-15,30.457063674926758,93412069400,18.420000076293945,0.026518578502157553,0.020299070523221108,
2002-03-18,30.793821334838867,39047773677,18.93000030517578,0.00997995889420289,0.00733031270422968,
2002-03-19,30.793821334838867,46678081714,18.15999984741211,0.006932000055761334,0.010914570957756053,
2002-03-20,32.30826187133789,89969926892,18.459999084472656,-0.03759851717952056,-0.01028275554665159,
2002-03-21,31.63506507873535,59678431206,18.149999618530273,0.02706508866171453,0.03636359886322604,
2002-03-22,31.97150421142578,57703426137,17.770000457763672,-0.011518458957432642,-0.019047616339927353,
2002-03-25,32.30826187133789,50071097438,18.479999542236328,-0.028234118469963487,-0.00715375623465675,
2002-03-26,31.80345344543457,34394957091,18.1299991607666,0.021211238158772128,0.016984137988914405,
2002-03-27,31.130250930786133,49892148333,17.700000762939453,-0.007458309319264944,0.004048574280121953,
2002-03-28,31.97150421142578,66767145308,17.399999618530273,0.023540487763593854,0.04586671206502935,
2002-03-29,32.476322174072266,84362914469,17.399999618530273,0.023540487763593854,0.04586671206502935,
2002-04-01,32.13988494873047,29433916653,18.729999542236328,0.02474636311456191,-0.007228850454715108,
2002-04-02,32.30826187133789,52946121391,19.15999984741211,-0.03718221648697584,-0.026699268375149687,
2002-04-03,31.97150421142578,50674695041,20.200000762939453,-0.022271680648983327,-0.014463443789036079,
2002-04-04,31.130250930786133,67791165578,19.780000686645508,0.011650794768266026,0.003542305154200065,
2002-04-05,31.130250930786133,0,19.1299991607666,-0.014253753049949358,-0.0035298015200820876,
2002-04-08,30.793821334838867,61887291435,19.610000610351562,0.005675639677181099,-0.009109399770768856,
2002-04-09,30.793821334838867,39162192542,19.469999313354492,-0.03163907372373298,-0.021450524009630656,
2002-04-10,30.457063674926758,76946484121,18.190000534057617,0.0107235790510396,-0.02139876013699682,
2002-04-11,30.28901481628418,65494044979,20.299999237060547,-0.01873565554588663,-0.01919996188458062,
2002-04-12,30.961881637573242,69123195432,19.420000076293945,0.013741348378297324,0.03317011478193499,
2002-04-15,30.793821334838867,45049916269,19.81999969482422,0.019530311469471373,0.010526668518006987,
2002-04-16,31.130250930786133,33122690024,18.110000610351562,0.05584125360689418,0.052083140237649594,
2002-04-17,32.30826187133789,119691131673,18.43000030517578,0.012642031758211658,0.019801868299454295,
2002-04-18,32.13988494873047,43245786585,19.290000915527344,-0.030449716772612545,-0.026699268375149687,
2002-04-19,31.80345344543457,33966082760,18.299999237060547,-0.016572256994367596,-0.020947134560593828,
2002-04-22,31.298641204833984,33068661869,19.770000457763672,-0.016714041735748753,-0.014773615934239093,
2002-04-23,31.63506507873535,29257137007,20.280000686645508,-0.031064554645541365,0.0015512778796338278,
2002-04-24,31.97150421142578,39788585830,20.770000457763672,-0.0376442009776069,-0.013939363858721077,
2002-04-25,30.961881637573242,54026886847,20.950000762939453,0.008047899039708373,-0.03141326079982798,
2002-04-26,30.961881637573242,51807319192,22.139999389648438,-0.04431861393803327,-0.02972960957913462,
2002-04-29,29.952259063720703,139939925764,24.049999237060547,0.00376901546601327,-0.01281336162770974,
2002-04-30,29.44744110107422,75670931619,21.90999984741211,0.017554724739679894,-0.0011285456101511881,
2002-05-01,29.44744110107422,0,20.059999465942383,0.0028531081386524715,0.028248240418274673,
2002-05-02,28.6062068939209,75300367818,20.06999969482422,-0.04398374264343263,-0.05109877811046737,
2002-05-03,28.6062068939209,58913763934,20.190000534057617,-0.047296877371852286,-0.04748153049010684,
2002-05-06,27.260141372680664,86268098080,22.559999465942383,-0.01472267995412746,-0.01823709254707273,
2002-05-07,27.596576690673828,61861001999,21.940000534057617,-0.006340652775485123,0.032817432764699506,
2002-05-08,27.93301010131836,79020605781,20.389999389648438,0.11105196960377639,0.09952075013761164,
2002-05-09,28.6062068939209,76347552789,21.559999465942383,-0.03612513988999122,-0.03980367802174989,
2002-05-10,29.111021041870117,43498655013,22.40999984741211,-0.044728719505709336,0.014196346899599366,
2002-05-13,28.6062068939209,27724948539,20.719999313354492,0.0586327545353984,0.007838689611122218,
2002-05-14,29.279396057128906,36539659073,19.350000381469727,0.06273066713616138,0.04722202703056144,
2002-05-15,30.28901481628418,79152731477,19.190000534057617,-0.006043159004971654,-0.026524886267861758,
2002-05-16,29.784210205078125,27776030515,18.5,0.00912921818736101,0.0,
2002-05-17,30.12063980102539,40331926640,17.700000762939453,-0.001418662186593922,0.027247626460803698,
2002-05-20,29.279396057128906,44740805587,19.239999771118164,-0.013561618245246265,-0.03501293412517803,
2002-05-21,29.111021041870117,36348737770,20.049999237060547,-0.02788893358726885,-0.02693772118972526,
2002-05-22,29.615827560424805,53130516462,19.579999923706055,-0.0004426135182651336,-0.0056496641060709285,
2002-05-23,29.279396057128906,44650024598,18.229999542236328,-0.005486277019373542,-0.007955211049960553,
2002-05-24,29.44744110107422,44515744323,18.899999618530273,-0.03290552708557026,-0.0040089334659817455,
2002-05-27,29.111021041870117,19161398245,18.899999618530273,-0.03290552708557026,-0.0040089334659817455,
2002-05-28,28.942638397216797,49149752981,20.309999465942383,-0.005964449432099506,-0.00632564536838931,
2002-05-29,28.774581909179688,45141530520,20.389999389648438,-0.0333231978938614,-0.02488398867253505,
2002-05-30,29.111021041870117,74988001460,20.610000610351562,0.0008747602199881133,-0.008902079648467787,
2002-05-31,28.774581909179688,65398588791,19.979999542236328,-0.00886538522146052,-0.007185443975952999,
2002-06-03,28.6062068939209,42716879074,23.3700008392334,-0.05226136548676996,-0.06513908686451675,
2002-06-04,27.428203582763672,90498292782,23.889999389648438,0.034384248375823656,-0.012257972915215132,
2002-06-05,27.596576690673828,64899535890,22.610000610351562,0.0028486129001226157,0.002612851550835904,
2002-06-06,27.091768264770508,85301430088,24.15999984741211,-0.03131009657316142,-0.06123825394146465,
2002-06-07,25.24090003967285,220255362174,23.510000228881836,-0.02766995447882903,-0.004163522286126153,
2002-06-10,25.24090003967285,96887346002,23.719999313354492,-0.008117749987590073,0.0,
2002-06-11,24.90414810180664,69473808544,24.450000762939453,-0.0411265648498399,-0.01393774979006912,
2002-06-12,24.231281280517578,69348253720,24.149999618530273,0.035499673413690536,0.031803051784617065,
2002-06-13,25.408954620361328,106950879163,25.020000457763672,-0.01731401124845544,0.020547654504152968,
2002-06-14,25.408954620361328,34995182956,25.959999084472656,-0.0018977825652949365,-0.013422981661180944,
2002-06-17,24.90414810180664,101340164674,24.639999389648438,0.0538966832771699,0.01020418301569026,
2002-06-18,25.408954620361328,91342244994,24.239999771118164,-0.015569279031060534,-0.011447955868125304,
2002-06-19,25.358604431152344,88099701354,26.059999465942383,-0.06738013117226116,-0.056607334766644035,
2002-06-20,25.358604431152344,58709305089,27.479999542236328,-0.04844856819685173,-0.0023825901160701157,
2002-06-21,25.543813705444336,76163646854,27.229999542236328,-0.03113042772917962,-0.015923887853659502,
2002-06-24,25.358604431152344,50425943958,26.979999542236328,0.040156768207604276,0.027508226467390928,
2002-06-25,25.72867774963379,77223383791,27.84000015258789,-0.04756239078142088,0.022834415091735005,
2002-06-26,24.618091583251953,66817691886,28.420000076293945,0.01660159204191536,-0.006928464678901847,
2002-06-27,24.618091583251953,52370730270,26.290000915527344,0.030858074381742373,0.0,
2002-06-28,25.173383712768555,53725561220,25.399999618530273,-0.017615938822943433,0.0077519480548031705,
2002-07-01,24.803316116333008,31670484218,27.110000610351562,-0.051989277835753134,-0.07307686853906059,
2002-07-02,24.432880401611328,34987654104,28.959999084472656,-0.05149274276156224,-0.07800818076941507,
2002-07-03,23.50751304626465,103732963846,29.420000076293945,0.04217950698119299,0.093609464118944,
2002-07-04,23.877580642700195,57177497811,29.420000076293945,0.04217950698119299,0.093609464118944,
2002-07-05,24.803316116333008,64912258296,27.110000610351562,0.09077389546271752,0.12345659626753491,
2002-07-08,26.283971786499023,128201266856,28.25,-0.05128976389567397,-0.010989071180166121,
2002-07-09,26.46918296813965,43663517110,30.219999313354492,-0.035571814127833945,-0.04370361472381479,
2002-07-10,25.91388702392578,55840300646,34.099998474121094,-0.03842860797213554,-0.015492184112086305,
2002-07-11,24.98817253112793,42029900287,33.849998474121094,0.06859651597000371,0.06372949140385464,
2002-07-12,26.283971786499023,77343844351,32.939998626708984,0.012618538569023396,-0.005177283339273364,
2002-07-15,25.72867774963379,30993639582,35.029998779296875,0.04767075227088191,0.01784359831187521,
2002-07-16,25.543813705444336,40165515704,36.650001525878906,-0.022118197532331352,-0.01095687072781426,
2002-07-17,24.803316116333008,56765584704,35.45000076293945,-0.01278429843678286,-0.01772509170867509,
2002-07-18,23.877580642700195,127583656914,35.119998931884766,-0.033475764777295636,-0.0751877666050268,
2002-07-19,22.767004013061523,161639111963,38.16999816894531,-0.012530599627235461,-0.08536609138230478,
2002-07-22,22.39692497253418,79529952182,41.869998931884766,-0.01941874993657966,-0.004444392499430183,
2002-07-23,22.952211380004883,97899616728,44.91999816894531,-0.04929834875102268,-0.04375010790261491,
2002-07-24,21.656414031982422,99113193428,39.86000061035156,0.04210253887766613,0.04014926328844304,
2002-07-25,21.471555709838867,106641634836,39.27000045776367,-0.10079169147365552,-0.1849191775411796,
2002-07-26,19.990537643432617,52826795476,35.5099983215332,-0.009558193468218956,-0.025330146701343925,
2002-07-29,18.695091247558594,268685257937,31.329999923706055,0.06926754555668668,0.03389834211653242,
2002-07-30,19.250385284423828,179507412116,31.920000076293945,0.028590070601574036,-0.005464486648196987,
2002-07-31,18.695091247558594,72425544064,32.029998779296875,-0.04479590317000237,0.002197733704426774,
2002-08-01,18.509872436523438,63482390422,36.95000076293945,-0.05759352087651648,-0.02850901618582602,
2002-08-02,18.47296905517578,96478698311,41.290000915527344,-0.03357060154535485,-0.057561574335323384,
2002-08-05,17.21407127380371,104370150049,45.08000183105469,-0.058060383155051576,-0.14970103467275298,
2002-08-06,17.066116333007812,111234870709,42.029998779296875,0.062097092657611874,0.15633805949452761,
2002-08-07,18.250856399536133,98428338108,38.72999954223633,0.020262585858929594,0.029232760638848276,
2002-08-08,18.176700592041016,77595895479,36.33000183105469,0.043621111492538,0.041420092616725634,
2002-08-09,18.879953384399414,64740914607,35.33000183105469,-0.01613353856231048,0.03636375488411758,
2002-08-12,18.695091247558594,52770712571,37.04999923706055,-0.01202958261091791,-0.03179863493578361,
2002-08-13,18.509872436523438,25020477487,35.81999969482422,-0.042327541263277424,0.006795392374328024,
2002-08-14,18.879953384399414,51260440263,32.36000061035156,0.07795769582539025,0.04611921609353398,
2002-08-15,19.62046241760254,105961573482,29.43000030517578,0.016388415259614986,0.033333441911470585,
2002-08-16,19.80567741394043,53287622182,28.809999465942383,0.06419102248760367,0.035379314105347115,
2002-08-19,19.80567741394043,46580983350,28.610000610351562,0.04183880975724308,0.006030419239611673,
2002-08-20,20.175752639770508,85566285325,29.59000015258789,-0.04787084277885556,-0.06793215541423503,
2002-08-21,19.62046241760254,54778096387,28.229999542236328,0.04663266254269205,0.012862237681319666,
2002-08-22,19.62046241760254,76792100033,27.75,-0.01254830490623915,-0.02857165852002319,
2002-08-23,19.62046241760254,0,29.31999969482422,-0.058752756380333615,-0.046841081436918786,
2002-08-26,19.435245513916016,49183911880,29.889999389648438,0.0015464564338198983,0.011428733063005403,
2002-08-27,18.879953384399414,46771935765,30.110000610351562,-0.059146747982294356,-0.041808173764598555,
2002-08-28,18.509872436523438,66760743254,33.31999969482422,-0.041247236748969573,-0.027122526602791464,
2002-08-29,18.509872436523438,46533076159,33.66999816894531,0.0017446050558471704,0.012121617902197235,
2002-08-30,18.47296905517578,44359594421,32.63999938964844,-0.013603563274181552,-0.02155698172151721,
2002-09-02,18.028738021850586,32902936481,32.63999938964844,-0.013603563274181552,-0.02155698172151721,
2002-09-03,18.028738021850586,31752749966,39.970001220703125,-0.05080122609444859,-0.05630368176445355,
2002-09-04,17.732471466064453,57145958279,37.439998626708984,0.018705696006535488,0.03372222424714422,
2002-09-05,17.58450698852539,31957792095,38.86000061035156,-0.051366013997944826,-0.05771626870667512,
2002-09-06,17.58450698852539,0,36.33000183105469,0.04761043581776048,0.027962575928495603,
2002-09-09,17.954580307006836,48750177031,36.45000076293945,-0.0016985582047780445,0.022020669476642274,
2002-09-10,18.695091247558594,49558517546,35.08000183105469,0.03597468820123906,0.0747781346111478,
2002-09-11,18.695091247558594,40989717968,34.810001373291016,0.011463496531722628,-0.038914919559628225,
2002-09-12,18.47296905517578,32294468079,37.5,-0.06051173242918095,-0.052760798784630136,
2002-09-13,17.806623458862305,38608734895,35.81999969482422,-0.010511527171902513,-0.022020669476642385,
2002-09-16,17.47344970703125,49178944769,36.7400016784668,-0.04028230121947618,-0.030463527198791196,
2002-09-17,18.139806747436523,61144158051,38.0099983215332,-0.021023678502402166,-0.013660953668351739,
2002-09-18,16.880895614624023,112968608908,37.52000045776367,-0.002921517762014769,-0.016620959808316904,
2002-09-19,16.880895614624023,73465780491,40.650001525878906,-0.039308927286335726,-0.021126516991530675,
2002-09-20,16.10348892211914,126676288003,38.97999954223633,-0.014220107288910877,-0.04316551566353177,
2002-09-23,15.585453033447266,75797395458,39.68000030517578,-0.05095026050701823,-0.0300754167957763,
2002-09-24,15.659257888793945,105920386500,40.52000045776367,0.014352812940367166,0.02635662602010691,
2002-09-25,15.548190116882324,78987027462,37.33000183105469,0.07041498208082175,0.03927507536815611,
2002-09-26,15.770309448242188,82077349709,34.599998474121094,-0.03158516969886738,-0.04215112044276037,
2002-09-27,15.548190116882324,61569057069,36.970001220703125,-0.007127000415662832,-0.034901602279181376,
2002-09-30,15.215017318725586,69557291722,39.689998626708984,-0.03382269943162641,-0.0015721265897855607,
2002-10-01,14.844943046569824,77405814202,34.119998931884766,0.048942165276815386,0.026771686151855434,
2002-10-02,14.808046340942383,86896919194,36.83000183105469,0.0002001279817220869,-0.04447828380405716,
2002-10-03,13.9564790725708,98992186377,37.310001373291016,-0.06485292284441735,-0.0545747931167051,
2002-10-04,14.067532539367676,89524174664,39.459999084472656,-0.029049419903119156,-0.018675741998670392,
2002-10-07,13.327021598815918,78537828557,42.63999938964844,-0.030799729480333937,-0.0657439064371308,
2002-10-08,13.17906379699707,143018927543,41.02000045776367,-0.0183670179056874,0.01851841905274121,
2002-10-09,13.327021598815918,176815140516,42.130001068115234,-0.008614301403261915,-0.027272876422085868,
2002-10-10,13.327021598815918,0,37.54999923706055,0.06157161418988122,0.06542052696977563,
2002-10-11,13.21596622467041,142303923266,35.70000076293945,0.08352397572917902,0.054386151786762316,
2002-10-14,14.067532539367676,143797064993,36.040000915527344,-0.0013808501364357406,0.008319691857068268,
2002-10-15,15.030163764953613,107764602339,34.02000045776367,0.09443624780744364,0.19471891382343975,
2002-10-16,16.066585540771484,202784225298,36.0,-0.08818282509629427,-0.04834234322136055,
2002-10-17,16.10348892211914,114359757123,34.099998474121094,0.08656312397765897,0.06676322580488248,
2002-10-18,17.21407127380371,193637858376,33.529998779296875,0.006263820493031869,0.0,
2002-10-21,16.843996047973633,94279112187,33.11000061035156,0.05222160146411414,0.017687362723175726,
2002-10-22,16.10348892211914,136840209293,34.09000015258789,-0.06100109187013725,-0.0708556081765711,
2002-10-23,16.658781051635742,207266918600,33.20000076293945,0.07843208399176516,0.11654689229153559,
2002-10-24,16.658781051635742,124002532148,34.029998779296875,-0.02574688679235204,-0.011598198881227928,
2002-10-25,17.029211044311523,125819877973,30.0,0.0501975886791981,0.04563230725403966,
2002-10-28,17.251331329345703,131088738347,31.06999969482422,-0.0023250011744011534,0.004987457218966318,
2002-10-29,17.32513427734375,59101295644,32.27000045776367,-0.031117146893642644,-0.0483870026188572,
2002-10-30,16.843996047973633,74077746973,31.229999542236328,0.06568330750633211,0.03650591303017903,
2002-10-31,17.21407127380371,72249828452,31.139999389648438,-0.020379014938949447,-0.016352140069934462,
2002-11-01,16.658781051635742,56491857925,29.299999237060547,0.06061324546142366,0.03452672921710187,
2002-11-04,17.399290084838867,88400985319,30.81999969482422,0.04146425724104419,0.09394333910231012,
2002-11-05,17.658313751220703,124262282839,31.229999542236328,-0.025979934548658434,-0.046327661396747155,
2002-11-06,18.879953384399414,204144045002,30.729999542236328,0.038702571024358035,0.10308060256077178,
2002-11-07,19.06516456604004,152395751105,31.420000076293945,-0.08255526026638971,-0.049409288688735065,
2002-11-08,18.879953384399414,107783107263,29.40999984741211,-0.008922294213130955,-0.019208987703521196,
2002-11-11,17.658313751220703,91990724072,31.299999237060547,-0.05598349862736285,-0.09792644333863076,
2002-11-12,17.32513427734375,95338546119,30.579999923706055,0.03994774387727351,0.04725462063197683,
2002-11-13,17.32513427734375,72543369566,31.239999771118164,0.004143638387857251,-0.04268303898118975,
2002-11-14,17.17717170715332,57321657659,28.670000076293945,0.07941827751933395,0.07006359333371859,
2002-11-15,17.91767692565918,105183977112,26.649999618530273,0.001723370067244323,0.01666652983018646,
2002-11-18,17.843524932861328,42476953811,27.65999984741211,9.378992279818199e-05,-0.018735535153562743,
2002-11-19,17.62140464782715,45870578249,27.40999984741211,-0.02314588886267943,-0.04534558294689872,
2002-11-20,17.066116333007812,55682754488,25.31999969482422,0.08251407175310943,0.03999946825609757,
2002-11-21,17.362390518188477,85523015187,23.809999465942383,0.08051353007948192,0.057692383671084535,
2002-11-22,18.509872436523438,183661410360,23.15999984741211,-0.0072816258218888485,0.02045420470816217,
2002-11-25,19.250385284423828,147887832670,24.06999969482422,0.032180621745403704,-0.013362834729402917,
2002-11-26,18.695091247558594,102202628304,25.969999313354492,-0.044268107121864575,-0.04063196484341103,
2002-11-27,18.509872436523438,50155420371,27.25,0.06694805857082442,0.06941193001101853,
2002-11-28,18.695091247558594,88820138071,27.25,0.06694805857082442,0.06941193001101853,
2002-11-29,18.695091247558594,42270212692,27.5,-0.02137864066952455,0.01760170923892801,
2002-12-02,18.695091247558594,0,27.459999084472656,0.004577930965821153,0.02054049519216239,
2002-12-03,19.80567741394043,126338005013,28.329999923706055,-0.052286520730774666,-0.03177970007391706,
2002-12-04,19.250385284423828,73386864025,28.920000076293945,-0.05691463787377693,-0.0175057747534465,
2002-12-05,19.435245513916016,48143978458,30.100000381469727,-0.011151524928450951,-0.03452078199035802,
2002-12-06,19.06516456604004,51058844811,28.8799991607666,-0.0008744307177991351,0.01499417648113166,
2002-12-09,19.250385284423828,50093028478,30.780000686645508,-0.07161615292285795,-0.03977270355198492,
2002-12-10,18.509872436523438,93248680123,28.760000228881836,0.05002929465439809,0.01183448652300867,
2002-12-11,18.509872436523438,86301396122,27.760000228881836,0.0018575000380460782,-0.017543802780047857,
2002-12-12,18.139806747436523,63603402883,27.290000915527344,-0.00735452013808191,-0.03809535282595855,
2002-12-13,18.028738021850586,61258493589,28.18000030517578,-0.03723191407943793,-0.047029835261444,
2002-12-16,17.732471466064453,60298937548,26.239999771118164,0.05296340561174362,0.031168786597955078,
2002-12-17,17.695566177368164,43846304633,26.65999984741211,-0.015415248340058585,-0.020151159673912233,
2002-12-18,17.769371032714844,44765306756,28.290000915527344,-0.07120359977499979,-0.05526999614105421,
2002-12-19,16.991954803466797,109025956371,30.209999084472656,-0.0026527665554153534,-0.0013601953574114978,
2002-12-20,17.029211044311523,93595912570,26.709999084472656,0.00323220751590525,0.013623904746031812,
2002-12-23,16.47391700744629,57534935020,26.200000762939453,0.027016057428719042,0.001344174166715506,
2002-12-24,16.58498191833496,34911984116,26.489999771118164,-0.014541426643398414,-0.009395896393899483,
2002-12-25,16.5477237701416,15449960942,26.489999771118164,-0.014541426643398414,-0.009395896393899483,
2002-12-26,17.029211044311523,23857678406,27.3700008392334,-0.004244478649380379,0.005419535392787056,
2002-12-27,16.843996047973633,27456574932,29.549999237060547,-0.012654517310575208,-0.022910650720679993,
2002-12-30,15.99243450164795,47293731325,29.6200008392334,-0.022192873108333733,-0.035862373929433145,
2002-12-31,15.770309448242188,28136119555,28.6200008392334,-0.002311173346215667,0.0085837028594824,
2003-01-01,15.770309448242188,0,28.6200008392334,-0.002311173346215667,0.0085837028594824,
2003-01-02,15.733409881591797,29925258898,25.389999389648438,0.06679578838563227,0.03262397536674699,
2003-01-03,16.58498191833496,52579684405,24.68000030517578,0.018084101292657362,0.02335212617585114,
2003-01-06,16.58498191833496,49129154621,24.90999984741211,0.055866682502715204,0.026845492424167006,
2003-01-07,16.80709457397461,61698515784,25.1299991607666,0.005215785137120399,0.003921573253126365,
2003-01-08,17.21407127380371,67404817402,25.530000686645508,-0.0329314703555047,-0.042968968334202495,
2003-01-09,17.029211044311523,48948028212,24.25,0.026547534591771393,0.05442193275771512,
2003-01-10,17.47344970703125,57046935294,24.31999969482422,0.024380769898464827,0.032258520589049766,
2003-01-13,18.695091247558594,137273311079,24.899999618530273,-0.018137870181129223,0.03749978851094782,
2003-01-14,18.695091247558594,96393056226,24.56999969482422,0.01144421780679794,-0.0036145391353885614,
2003-01-15,18.695091247558594,86943424989,25.510000228881836,-0.03501331488680415,0.03506646576609529,
2003-01-16,17.991483688354492,59139106289,25.010000228881836,-0.02858984800916775,-0.053737851375949885,
2003-01-17,18.065635681152344,78192755017,25.700000762939453,-0.05740535336025543,-0.06296348047949163,
2003-01-20,17.732471466064453,63110711997,25.700000762939453,-0.05740535336025543,-0.06296348047949163,
2003-01-21,17.62140464782715,55275862600,27.59000015258789,-0.011024092157129184,-0.005270098492077602,
2003-01-22,17.695566177368164,39410885459,29.010000228881836,-0.005947295934212393,0.0066225244713269404,
2003-01-23,18.695091247558594,99996484294,27.530000686645508,0.020512724158285867,0.07894780138653767,
2003-01-24,18.287757873535156,76299782491,31.510000228881836,-0.0496817015712242,-0.05609791947833287,
2003-01-27,18.102540969848633,51491860024,34.689998626708984,-0.014171433836235647,-0.03229952943707992,
2003-01-28,17.658313751220703,74556364377,31.93000030517578,0.008939814102613797,-0.04539407355342062,
2003-01-29,17.658313751220703,0,31.260000228881836,0.030090401276049672,0.006993105333243488,
2003-01-30,17.658313751220703,0,31.31999969482422,-0.058354026846695106,-0.04861116333064419,
2003-01-31,17.658313751220703,0,31.170000076293945,-0.007125031892845857,-0.02189792903737131,
2003-02-03,17.658313751220703,0,31.020000457763672,-0.004305854674679921,0.02686570523991394,
2003-02-04,17.658313751220703,0,32.7599983215332,-0.003067679205436824,-0.011627921138112285,
2003-02-05,17.658313751220703,0,33.040000915527344,0.0001854149729723087,0.047058976300609734,
2003-02-06,16.436660766601562,78312317385,33.349998474121094,-0.014530421205548816,-0.04634827442990053,
2003-02-07,15.548190116882324,156444098138,34.0099983215332,-0.018581135981024177,-0.016200501315940086,
2003-02-10,15.067062377929688,86410429080,33.9900016784668,0.017438260119835736,-0.031437165181382065,
2003-02-11,15.36333179473877,58846760960,33.68000030517578,0.004143552047830346,0.0,
2003-02-12,14.955998420715332,72050164654,34.33000183105469,-0.008027955473653425,0.006182687081498273,
2003-02-13,14.881842613220215,58453282436,33.70000076293945,0.0013615604646810553,-0.016897197149972953,
2003-02-14,15.178115844726562,71910988150,32.619998931884766,0.05804592777375417,0.07031247718309386,
2003-02-17,16.21454429626465,77185984366,32.619998931884766,0.05804592777375417,0.07031247718309386,
2003-02-18,15.881373405456543,42627000606,31.110000610351562,0.04094087050094464,0.0321166363984593,
2003-02-19,15.918633460998535,69164819607,31.309999465942383,-0.009052600060095228,-0.012729860660286252,
2003-02-20,16.325603485107422,71036376200,31.15999984741211,0.011938243498920809,0.06160457182706125,
2003-02-21,16.62187957763672,93056499457,30.25,0.002154302968039312,0.00809674164535612,
2003-02-24,16.76983642578125,48756659165,31.979999542236328,-0.002968639209957491,-0.026773031363665156,
2003-02-25,15.918633460998535,63858229750,31.739999771118164,-0.007563390402624659,-0.009628708776375783,
2003-02-26,15.844470977783203,48616795490,31.940000534057617,-0.029483682319561333,-0.019444286293858637,
2003-02-27,15.548190116882324,45889288783,30.530000686645508,0.028922626154753717,-0.009915479687919393,
2003-02-28,15.548190116882324,0,29.6299991607666,0.027798900253554137,0.01430654026705458,
2003-03-03,16.288700103759766,48204979777,30.43000030517578,-0.03941137602978573,0.025387895627358326,
2003-03-04,16.066585540771484,32170168559,31.829999923706055,-0.00699542068211334,-0.039890263608133525,
2003-03-05,15.400235176086426,60949861764,30.3799991607666,0.015780242830545133,-0.03008590643888298,
2003-03-06,15.326082229614258,38581028912,31.3700008392334,-0.0035370848652619413,0.010340032533477483,
2003-03-07,15.400235176086426,48518302763,31.079999923706055,-0.00511546424657594,0.0175433107964853,
2003-03-10,15.770309448242188,53968365297,33.310001373291016,-0.02382044004210815,-0.014367652168501666,
2003-03-11,15.733409881591797,46218481635,33.61000061035156,-0.00010743430042436941,0.021866011930913087,
2003-03-12,15.918633460998535,32006602890,33.5099983215332,0.03010223329797035,0.02282456365859442,
2003-03-13,16.325603485107422,68480959873,31.760000228881836,0.07980513684745416,0.07670841752633573,
2003-03-14,16.843996047973633,150857310190,30.979999542236328,-0.01688205745046134,-0.0025906768195371743,
2003-03-17,16.288700103759766,60341060598,31.75,0.056169109671204254,0.022077782386273448,
2003-03-18,17.399290084838867,141363072348,30.43000030517578,0.01784108686015906,0.04320209318568069,
2003-03-19,17.732471466064453,125366615560,31.540000915527344,-0.005182326608597743,-0.0024359783378571365,
2003-03-20,17.991483688354492,143544153548,30.440000534057617,0.008243003565475249,0.014652269196048229,
2003-03-21,17.954580307006836,55634506417,28.670000076293945,0.02148742799222858,0.021660516536476715,
2003-03-24,17.954580307006836,56761429212,30.389999389648438,-0.04858685034400889,-0.06360431271266342,
2003-03-25,17.251331329345703,65069090229,28.75,0.009162950419429494,0.017610003234852734,
2003-03-26,17.399290084838867,66753806613,28.229999542236328,-0.004617319133475628,-0.06304071211849249,
2003-03-27,16.62187957763672,152417480863,27.959999084472656,-0.01388503523514828,0.009234839489552948,
2003-03-28,16.436660766601562,83406035690,27.75,-0.021247042194110777,-0.03268011412287897,
2003-03-31,15.659257888793945,77543735402,29.149999618530273,-0.04435196914029027,-0.07567509752129631,
2003-04-01,15.62234878540039,85137907165,28.360000610351562,0.00978844703137427,0.00877165539824265,
2003-04-02,15.844470977783203,45530807291,28.020000457763672,0.06327503234691312,0.08115961225695179,
2003-04-03,16.251806259155273,83089644783,28.209999084472656,0.0036466042006209065,0.005361849454881273,
2003-04-04,16.732938766479492,75165160133,29.1299991607666,-0.024494159204288435,-0.0013331629460623384,
2003-04-07,17.10301399230957,79856120398,28.450000762939453,0.012554593821964666,0.03471263924691792,
2003-04-08,16.918149948120117,63372226608,27.1299991607666,-0.037418800275860975,-0.016773881809131863,
2003-04-09,16.58498191833496,48875783259,27.110000610351562,-0.01647167572846886,-0.010499035772628229,
2003-04-10,16.47391700744629,49287317610,25.600000381469727,0.014302493670840688,-0.010609836732617839,
2003-04-11,16.58498191833496,24538294367,24.440000534057617,-0.015289664546516257,-0.010723785308986988,
2003-04-14,16.140743255615234,38926002352,23.40999984741211,0.025554239018738212,0.024390179998199146,
2003-04-15,16.5477237701416,40375606106,22.559999465942383,0.006736165247062331,-0.022486795492461242,
2003-04-16,17.362390518188477,129519607395,22.520000457763672,0.034137773896813606,0.043301717236460924,
2003-04-17,16.95505714416504,83916290022,21.5,0.04579429841680227,0.01426711738086417,
2003-04-18,17.58450698852539,109353158050,21.5,0.04579429841680227,0.01426711738086417,
2003-04-21,17.880430221557617,55647984710,21.950000762939453,0.004354912483599538,0.01790283395737613,
2003-04-22,17.399290084838867,80199879114,20.700000762939453,0.03229566332230016,0.02763806034141414,
2003-04-23,17.880430221557617,126460202439,20.799999237060547,0.006112306602384265,0.008557468001191948,
2003-04-24,17.510347366333008,98290763199,20.329999923706055,-0.01528850040411489,-0.06181810284003908,
2003-04-25,16.843996047973633,84724571018,20.799999237060547,-0.049881605818616004,-0.020671858725199832,
2003-04-28,16.288700103759766,98643352334,20.84000015258789,0.024526882556978435,0.014512060689319206,
2003-04-29,16.696043014526367,118886537594,20.760000228881836,0.020936005430010063,0.11833511677917308,
2003-04-30,17.695566177368164,239182284642,21.209999084472656,-0.021742379939867718,-0.026743772447361813,
2003-05-01,17.695566177368164,0,21.59000015258789,0.0016240451985203297,0.016725957245020684,
2003-05-02,17.880430221557617,83687050811,20.6299991607666,0.029996396149279514,0.041128064937359765,
2003-05-05,17.954580307006836,91162699080,21.1299991607666,0.01203972845145751,-0.005643348657974223,
2003-05-06,17.695566177368164,70984042978,20.799999237060547,0.0168222526935895,-0.012485536294025379,
2003-05-07,17.658313751220703,61006929433,21.0,-0.02416431763671012,-0.01839082503490319,
2003-05-08,17.28823471069336,42516871961,21.239999771118164,-0.019450221030879455,-0.0363000333212703,
2003-05-09,17.58450698852539,47392932866,19.690000534057617,0.038280549023592236,0.06075374033965697,
2003-05-12,17.880430221557617,77305595431,19.520000457763672,0.022355300021416946,0.01947295379606051,
2003-05-13,18.21359634399414,78423898828,19.90999984741211,-0.007837293451726013,0.007865105232825353,
2003-05-14,18.21359634399414,61289822100,20.0,-0.008995681372567566,0.006688827671719189,
2003-05-15,18.324657440185547,49432034770,19.239999771118164,0.019147304600092285,0.018826160636675526,
2003-05-16,18.065635681152344,67041985629,18.399999618530273,-0.013666215893629041,-0.027173668980909782,
2003-05-19,18.102540969848633,49004700893,20.510000228881836,-0.049693789105647035,-0.05027952795315538,
2003-05-20,17.769371032714844,45992883891,21.290000915527344,0.002583408396394704,-0.0035291888302561025,
2003-05-21,17.769371032714844,72198636907,21.209999084472656,-0.00017769765156050443,-0.005903270106948466,
2003-05-22,17.769371032714844,69367556736,19.780000686645508,0.015433861932333759,0.036817220960660535,
2003-05-23,18.176700592041016,77408027218,19.170000076293945,0.0045802078832377635,-0.010309362836694591,
2003-05-26,18.435714721679688,52531668998,19.170000076293945,0.0045802078832377635,-0.010309362836694591,
2003-05-27,18.250856399536133,46901118529,19.989999771118164,0.06095536133235391,0.05555554312233291,
2003-05-28,18.695091247558594,111594385664,20.030000686645508,-0.0036951542458421027,0.03837702435902357,
2003-05-29,19.250385284423828,140509421824,20.43000030517578,0.03118218110271087,0.024287118093995863,
2003-05-30,19.80567741394043,150196284018,19.469999313354492,0.01856978898810091,0.04536095448568522,
2003-06-02,20.916261672973633,142074007706,20.850000381469727,-0.026810659287344385,0.003945032446213803,
2003-06-03,20.731040954589844,77388158773,20.84000015258789,0.02547972774136653,-0.06286868629566167,
2003-06-04,20.731040954589844,0,20.6200008392334,0.03276197286611282,0.059748846215431195,
2003-06-05,21.286334991455078,135359642257,20.829999923706055,0.002487048703754491,0.04549929394064001,
2003-06-06,21.656414031982422,86426629004,21.25,-0.017290248578675338,0.0066223412947938876,
2003-06-09,21.841632843017578,111310611036,22.149999618530273,-0.024086172959097762,-0.03665363899476726,
2003-06-10,21.286334991455078,53176084025,20.639999389648438,0.011218485109195209,0.013658233341897752,
2003-06-11,20.916261672973633,60828892589,20.209999084472656,-0.0059516114660514985,-0.019249299646211138,
2003-06-12,21.656414031982422,136477069104,20.40999984741211,-0.014154032116008297,0.01766446020361978,
2003-06-13,21.101118087768555,66954963790,20.65999984741211,-0.038223824646650084,-0.03567988340881534,
2003-06-16,20.731040954589844,51793235972,20.219999313354492,0.030049586413458007,0.016000017531440314,
2003-06-17,21.471555709838867,100960450135,20.010000228881836,0.0001881590955754575,0.04330700644151264,
2003-06-18,21.841632843017578,84217703845,19.760000228881836,0.020161820853544787,0.005660079870455137,
2003-06-19,21.841632843017578,64311302785,19.799999237060547,-0.014150566162640432,-0.0009377248855823028,
2003-06-20,21.656414031982422,47996945477,19.139999389648438,-0.008259369872527511,-0.013145735786403545,
2003-06-23,21.286334991455078,39969704393,20.579999923706055,-0.021399879575685787,-0.03615602710225607,
2003-06-24,21.101118087768555,55692212560,20.75,-0.02029796722648103,-0.01579449851829351,
2003-06-25,21.101118087768555,53202099134,20.809999465942383,-0.004216865815276694,0.005015050647001251,
2003-06-26,21.101118087768555,32158938451,19.399999618530273,0.02752531210061626,0.0,
2003-06-27,21.101118087768555,46451329847,19.15999984741211,-0.012391197537816478,-0.005988094825342016,
2003-06-30,21.101118087768555,28406805466,19.520000457763672,0.0006399340597811332,0.012048077379799071,
2003-07-01,21.656414031982422,60523815656,19.459999084472656,0.017820875671929803,0.031746328113510414,
2003-07-02,22.211706161499023,57313162709,19.030000686645508,0.02510249101731077,0.05192275656090284,
2003-07-03,22.582141876220703,85603235654,19.389999389648438,-0.016840341450667484,-0.010054680892229606,
2003-07-04,22.952211380004883,76343664050,19.389999389648438,-0.016840341450667484,-0.010054680892229606,
2003-07-07,22.581897735595703,93530385024,20.059999465942383,0.07209255908488865,0.10193869732804073,
2003-07-08,22.952075958251953,99411800454,19.479999542236328,0.008443497255932852,-0.052488245841041725,
2003-07-09,22.396812438964844,70019638063,18.93000030517578,0.007420191760361794,0.014326490772426759,
2003-07-10,21.286283493041992,60270951107,19.190000534057617,-0.02879037527958095,-0.05838034637020695,
2003-07-11,21.286283493041992,56009057175,18.469999313354492,0.001101761574695992,0.011000238598506407,
2003-07-14,22.02663230895996,66079095337,19.59000015258789,0.02904811807600205,0.026705580896530634,
2003-07-15,22.02663230895996,43450568707,19.549999237060547,-0.0005222877845179053,-0.003853294244608896,
2003-07-16,22.02663230895996,37579022970,19.760000228881836,-0.005698327782930224,0.007736860848129634,
2003-07-17,21.471370697021484,56681934796,20.219999313354492,-0.041743838687012924,-0.047984706474902716,
2003-07-18,21.471370697021484,49861129963,19.110000610351562,0.002115415453193936,-0.00604802225082135,
2003-07-21,21.101194381713867,33956792885,19.780000686645508,-0.020171431827035957,-0.027383793467423256,
2003-07-22,20.916105270385742,55617671227,19.170000076293945,0.03250256804809748,0.030240199666778045,
2003-07-23,21.286283493041992,63373451654,18.639999389648438,0.014400201729455775,0.019230801756170868,
2003-07-24,21.656463623046875,79735509542,18.600000381469727,-0.02288088144792999,-0.020853972234292417,
2003-07-25,21.101194381713867,58440488710,17.75,0.014788076062258071,-0.0010146718867432014,
2003-07-28,21.471370697021484,39421419179,18.360000610351562,0.010141921529698283,0.00812198463322833,
2003-07-29,21.101194381713867,27504470801,18.670000076293945,-0.018508211421738086,-0.02618306455029884,
2003-07-30,21.101194381713867,53640030158,18.850000381469727,-0.015369887230181067,-0.019648553979490946,
2003-07-31,21.841548919677734,114120709746,19.489999771118164,0.022194804318888428,0.05485248908111107,
2003-08-01,22.211721420288086,93000327378,20.75,0.010497114656975226,0.010000010742303944,
2003-08-04,22.211721420288086,51672965192,21.270000457763672,0.003886026535347309,0.0029705010900660245,
2003-08-05,21.656463623046875,58083135669,22.68000030517578,-0.030132817439055826,-0.021718077796085478,
2003-08-06,21.656463623046875,32957914783,21.5,-0.002817316476586229,0.009081939923903048,
2003-08-07,22.211721420288086,52379980930,20.260000228881836,-0.0045257774102188675,0.0,
2003-08-08,21.471370697021484,45816399346,19.59000015258789,-0.031114460712101,-0.05600010790047516,
2003-08-11,21.101194381713867,50757723974,19.75,0.022593471300432322,0.008474485191841019,
2003-08-12,21.101194381713867,28211681929,17.940000534057617,0.019601131045974496,0.01680679433310761,
2003-08-13,21.841548919677734,58787871858,18.770000457763672,0.018625992881001974,0.03409097494682789,
2003-08-14,22.02663230895996,75356431788,18.469999313354492,0.009346996797835017,0.014984912898677205,
2003-08-15,22.581897735595703,69231520500,18.270000457763672,-0.001847097415036969,0.008858407974775773,
2003-08-18,22.766984939575195,64299970375,18.18000030517578,0.05158433846276722,0.04487779566285721,
2003-08-19,23.137548446655273,108214104053,17.860000610351562,0.024611269212983844,0.016806990534756094,
2003-08-20,23.3226375579834,46342243584,17.81999969482422,-0.006634424273594397,0.005509472485025535,
2003-08-21,23.692808151245117,59475468849,17.84000015258789,0.03173559150057681,0.04200911967811671,
2003-08-22,23.692808151245117,48475414989,18.549999237060547,0.009227756818894761,0.004382283406908494,
2003-08-25,23.877899169921875,55161731471,19.530000686645508,-0.0062320262397888015,-0.0008723825918428574,
2003-08-26,23.3226375579834,46839490762,19.489999771118164,0.00013731588054310961,0.0008731443077369949,
2003-08-27,23.692808151245117,69312341766,19.1299991607666,0.02958943088181165,0.029668402960768114,
2003-08-28,24.248071670532227,110860504524,18.479999542236328,0.008623923103906472,-0.008474585700576798,
2003-08-29,24.803348541259766,80557554802,18.6299991607666,0.005002355240829592,0.0068373288652963105,
2003-09-01,24.988426208496094,42394075642,18.6299991607666,0.005002355240829592,0.0068373288652963105,
2003-09-02,24.803348541259766,37245231943,19.020000457763672,0.001184043834392634,0.028013996409909092,
2003-09-03,24.61825180053711,33790180436,19.440000534057617,-0.026806876504425037,-0.028901812156257867,
2003-09-04,24.433156967163086,35047594406,18.709999084472656,0.025182313886747743,0.0119043281315101,
2003-09-05,25.173521041870117,47028517936,18.170000076293945,0.009373305783290542,0.03277336918516127,
2003-09-08,26.284046173095703,73586720610,18.260000228881836,0.02844590289769089,0.051261320162475865,
2003-09-09,26.098957061767578,75344037056,18.850000381469727,-0.013047169921566959,-0.03405582136733798,
2003-09-10,25.728784561157227,60459657641,20.010000228881836,-0.053221318383934735,-0.05689099008249543,
2003-09-11,25.728784561157227,0,19.25,0.015795715135285437,0.03483435574360927,
2003-09-12,25.173521041870117,52673822244,18.68000030517578,0.006995428616671795,-0.010673315750264978,
2003-09-15,24.803348541259766,44112319124,19.280000686645508,-0.018827028712804506,-0.062240493331846225,
2003-09-16,25.358604431152344,62011519134,18.030000686645508,0.03774513651090006,0.0353981618513437,
2003-09-17,26.469133377075195,106909841604,18.149999618530273,-0.003715440978913853,-0.0034187664488348757,
2003-09-18,26.098957061767578,50232185345,17.56999969482422,0.0075458900758325065,0.0051457417625444535,
2003-09-19,25.543689727783203,40103307278,17.540000915527344,-0.002597420278290463,-0.011945059853620266,
2003-09-22,24.988426208496094,44099438423,19.649999618530273,-0.025282693689613556,-0.03281545176210021,
2003-09-23,25.173521041870117,40647723574,19.469999313354492,0.01500642202994884,0.008035733506460696,
2003-09-24,25.173521041870117,39425352026,21.219999313354492,-0.047249252581080814,-0.030115346820152267,
2003-09-25,24.61825180053711,45384682924,22.260000228881836,-0.005594714306702664,-0.010045663792750181,
2003-09-26,24.433156967163086,49326898990,22.229999542236328,-0.01669322073221924,0.0009228297013086362,
2003-09-29,24.61825180053711,44230610155,21.670000076293945,0.01935478768986565,0.016589679249039868,
2003-09-30,24.61825180053711,25407273678,22.719999313354492,-0.03035207829685771,-0.018132386484023377,
2003-10-01,24.61825180053711,24671014590,21.06999969482422,0.017556862475268664,0.01569696804045906,
2003-10-02,25.358604431152344,39922120749,20.799999237060547,0.006180521315028775,0.033636331478495096,
2003-10-03,25.913867950439453,52698696877,19.5,0.04497544426375,0.05277083383416148,
2003-10-06,26.284046173095703,63513105311,19.510000228881836,-0.00033399849772053347,0.0008353130095439809,
2003-10-07,25.913867950439453,56382722765,19.40999984741211,0.023364584493673846,-0.01836393973350281,
2003-10-08,25.728784561157227,42244647482,19.18000030517578,-0.0056370472047879705,-0.025510231526896132,
2003-10-09,25.543689727783203,46467769050,18.81999969482422,0.010812661443103222,-0.009598916479157227,
2003-10-10,25.543689727783203,0,18.450000762939453,0.011714831423516259,0.03436118761653284,
2003-10-13,25.913867950439453,56550702943,17.549999237060547,0.0009844821692406303,0.010221866381994404,
2003-10-14,25.358604431152344,57016066502,17.3700008392334,0.013385255556282338,-0.01939331042500636,
2003-10-15,25.173521041870117,53098224070,17.690000534057617,0.003101680103565485,-0.01805656076182849,
2003-10-16,25.728784561157227,43381505903,17.190000534057617,0.010601385255551543,0.009632225998554622,
2003-10-17,25.173521041870117,28499052832,17.6200008392334,-0.031761898939562716,-0.03642673860088319,
2003-10-20,25.173521041870117,53462906736,17.040000915527344,0.01779919025852883,0.005400912349376563,
2003-10-21,24.803348541259766,124954937727,16.549999237060547,0.018987420135289756,-0.007162176067971093,
2003-10-22,24.433156967163086,47089780175,17.670000076293945,-0.028313203413602994,-0.034265376987490326,
2003-10-23,23.877899169921875,59432923957,17.68000030517578,-0.025597280849830817,-0.019607524094964246,
2003-10-24,23.877899169921875,50638370824,17.709999084472656,0.0025393713852708277,-0.0009523705592227039,
2003-10-27,24.248071670532227,27947760315,18.049999237060547,0.009018296006280346,-0.004766392167687816,
2003-10-28,25.173521041870117,68341319245,16.81999969482422,0.06280158858846607,0.10727954499099557,
2003-10-29,25.728784561157227,86353845379,16.43000030517578,0.010425424228386992,0.006054987918005406,
2003-10-30,25.728784561157227,46748108423,16.329999923706055,0.004292297583629923,-0.024075619609602694,
2003-10-31,24.803348541259766,35997276847,16.100000381469727,-0.0036921126979049257,-0.0255503920968585,
2003-11-03,24.803348541259766,32278812241,16.549999237060547,0.03876990533447766,0.03707055602704368,
2003-11-04,25.358604431152344,39473986569,16.549999237060547,-0.0026756129230245396,-0.004359358854154172,
2003-11-05,25.728784561157227,49296353040,16.860000610351562,0.009681386660715274,0.019264765549535046,
2003-11-06,25.543689727783203,62787532546,16.739999771118164,0.012245505507602727,-0.022337242474671393,
2003-11-07,25.543689727783203,37384807945,16.93000030517578,0.0013125197894299223,0.0035151113919229537,
2003-11-10,25.173521041870117,36922991463,17.6200008392334,-0.02999503288250338,-0.056917813101432735,
2003-11-11,24.433156967163086,105287284048,17.540000915527344,0.006051219571696853,-0.013927319140956795,
2003-11-12,24.61825180053711,74206026336,16.75,0.033676040689351705,0.03578138297226685,
2003-11-13,24.988426208496094,34684860629,16.469999313354492,-0.010018486609512545,-0.0018180539758577696,
2003-11-14,24.988426208496094,30487816093,16.940000534057617,-0.02994103894538014,-0.009107261404676548,
2003-11-17,24.61825180053711,33994685995,18.600000381469727,-0.0060789279935137275,-0.021139803084111564,
2003-11-18,24.803348541259766,44979795035,19.110000610351562,-0.018624393890518842,0.002816870785382841,
2003-11-19,24.433156967163086,34973078221,18.799999237060547,0.017651085444403858,0.0018724153565774504,
2003-11-20,24.248071670532227,56741012676,19.479999542236328,-0.021039149195917317,-0.016822251634353247,
2003-11-21,24.06298065185547,65098363442,18.979999542236328,0.014347706691589579,0.017110081734780014,
2003-11-24,23.692808151245117,33096361030,17.440000534057617,0.03616764107238701,0.017757267371330654,
2003-11-25,24.248071670532227,31656347712,16.709999084472656,-0.0002496096990661778,0.0036732739344529364,
2003-11-26,24.06298065185547,30805913305,16.229999542236328,0.004666720689953108,-0.0009153398043408867,
2003-11-27,23.3226375579834,53578953289,16.229999542236328,0.004666720689953108,-0.0009153398043408867,
2003-11-28,23.507720947265625,33359333249,16.31999969482422,0.01173680670004984,-0.004578487426811995,
2003-12-01,23.692808151245117,27982847827,16.770000457763672,0.006140388322855461,0.019318797604256588,
2003-12-02,24.433156967163086,45087494933,16.270000457763672,-0.010365619845628005,0.01985603453912832,
2003-12-03,24.61825180053711,38394367360,16.6299991607666,-0.014402071015378715,-0.008849566869678971,
2003-12-04,24.803348541259766,38222902730,16.299999237060547,-0.00793187351936464,-0.005357191194465316,
2003-12-05,24.06298065185547,38966839637,17.09000015258789,-0.03190378205274058,-0.03141840096952886,
2003-12-08,23.507720947265625,37655906378,16.540000915527344,0.0008820142657284258,-0.021315694020293652,
2003-12-09,23.877899169921875,38300392348,17.6299991607666,-0.041177634961926946,-0.04166699633536508,
2003-12-10,22.952075958251953,137454348315,17.8700008392334,0.01215694240315468,-0.026680086292273475,
2003-12-11,23.137548446655273,84341179424,16.729999542236328,0.025445762714107145,0.05076155572128482,
2003-12-12,22.952075958251953,58444822358,16.40999984741211,-0.0014892882404111685,-0.024154333099382086,
2003-12-15,23.3226375579834,44587677627,17.229999542236328,-0.02793504976621508,-0.013861885407862484,
2003-12-16,22.581897735595703,62468891749,15.930000305175781,-0.0048311487768196715,-0.016064090505753192,
2003-12-17,22.02663230895996,105078026508,15.579999923706055,-0.01077169107878051,-0.03571397035257118,
2003-12-18,22.211721420288086,53048845543,16.15999984741211,0.03987024123824501,0.03492057136678994,
2003-12-19,22.211721420288086,38567770859,16.420000076293945,-0.007858745300748149,0.012269867146055047,
2003-12-22,22.766984939575195,48458250740,16.940000534057617,0.0025314595226397785,0.009090871825488955,
2003-12-23,22.952075958251953,35672806918,16.489999771118164,0.018021469508037402,-0.0040040209271251515,
2003-12-24,22.766984939575195,25285535769,16.65999984741211,-0.0038204976821788472,-0.0070349808107987855,
2003-12-25,22.952075958251953,7210784224,16.65999984741211,-0.0038204976821788472,-0.0070349808107987855,
2003-12-26,22.952075958251953,14701175109,17.450000762939453,0.0013453310410063146,-0.0010123763614227066,
2003-12-29,22.952075958251953,21356611224,17.09000015258789,0.023641949257740658,0.015197285726482379,
2003-12-30,23.3226375579834,92688485147,17.68000030517578,-0.0013124936488142502,0.009980412974965658,
2003-12-31,23.507720947265625,19860295564,18.309999465942383,-0.003315012090223779,0.011857698186274801,
2004-01-01,23.507720947265625,0,18.309999465942383,-0.003315012090223779,0.011857698186274801,
2004-01-02,24.248071670532227,75096573281,18.219999313354492,-0.0064354555933494595,0.04296887202529298,
2004-01-05,24.433156967163086,40274020409,17.489999771118164,0.03605024129533341,0.021535570583208097,
2004-01-06,24.433156967163086,42246846871,16.729999542236328,0.003976764478362371,0.0009163615501432965,
2004-01-07,24.248071670532227,57748718393,15.5,0.0037894922408321374,-0.010073153272539659,
2004-01-08,24.248071670532227,35635863203,15.609999656677246,0.03393914174637924,0.03607787150197406,
2004-01-09,24.988426208496094,72428198964,16.75,-0.003119172000392134,0.01339249841902701,
2004-01-12,24.988426208496094,32366304318,16.81999969482422,0.03191557515404142,-0.01497771089468758,
2004-01-13,24.988426208496094,31056560933,18.040000915527344,-0.0277357718689224,-0.03935620904042558,
2004-01-14,24.803348541259766,39630308484,16.75,-0.0058338007565927885,0.013966777531218666,
2004-01-15,24.803348541259766,43363600175,15.5600004196167,0.016109485546434543,0.01010079089268312,
2004-01-16,24.61825180053711,32418385738,15.0,0.011804175597924349,0.030909304768781176,
2004-01-19,24.61825180053711,0,15.0,0.011804175597924349,0.030909304768781176,
2004-01-20,24.61825180053711,0,15.210000038146973,-0.003410262528289576,0.025572809739857538,
2004-01-21,24.61825180053711,0,14.34000015258789,-0.02618627716650157,-0.012897132880309692,
2004-01-22,24.61825180053711,0,14.710000038146973,-0.014536559021871898,-0.012195299462988807,
2004-01-23,24.61825180053711,0,14.84000015258789,-0.010922311182499311,-0.029982564543554746,
2004-01-26,24.61825180053711,0,14.550000190734863,0.024249062994311954,0.04090952395523484,
2004-01-27,25.358604431152344,81458086671,15.350000381469727,-0.04147762944896871,-0.014847518731530673,
2004-01-28,24.988426208496094,41273422056,16.780000686645508,-0.004155165355116841,-0.007092016970557613,
2004-01-29,24.61825180053711,86873011292,17.139999389648438,-0.007724131294470138,-0.021428445066437152,
2004-01-30,24.433156967163086,52905669859,16.6299991607666,0.006121756270569323,0.020072771911536336,
2004-02-02,24.06298065185547,31620533751,17.110000610351562,-0.016348473519265605,-0.023255990233491897,
2004-02-03,23.507720947265625,78128703415,17.34000015258789,0.0049801130362265855,-0.020146525151239936,
2004-02-04,23.137548446655273,44442032014,17.8700008392334,-0.029850705943014977,-0.03551375388962419,
2004-02-05,23.137548446655273,48073147328,17.709999084472656,0.0048241535683728465,0.0319767435136169,
2004-02-06,23.3226375579834,34788161750,16.0,0.04776781548666631,0.038497570289242056,
2004-02-09,24.06298065185547,46450068732,16.389999389648438,-0.010107575955833892,-0.010849792492430566,
2004-02-10,23.692808151245117,36529491296,15.9399995803833,0.005406937806913481,0.008226601286196011,
2004-02-11,23.692808151245117,25306778155,15.390000343322754,0.01909313965508508,-0.004533150727505153,
2004-02-12,23.877899169921875,66227356167,15.3100004196167,-0.015242699123840353,-0.008196633099409323,
2004-02-13,23.692808151245117,38525854722,15.579999923706055,-0.01582558038114168,-0.023875074928146223,
2004-02-16,23.137548446655273,59737436564,15.579999923706055,-0.01582558038114168,-0.023875074928146223,
2004-02-17,23.137548446655273,42890781741,15.399999618530273,0.016471749912855715,0.015051576419301771,
2004-02-18,23.3226375579834,67158874865,15.59000015258789,0.00670549071545623,-0.013901501101940883,
2004-02-19,23.507720947265625,59513264264,15.800000190734863,-0.014795499450960148,-0.010338680926916255,
2004-02-20,23.507720947265625,71642481189,16.040000915527344,-0.00957777180123942,-0.011396116673890955,
2004-02-23,23.137548446655273,65118193009,16.290000915527344,-0.027442097994932912,-0.010566421948291493,
2004-02-24,22.766984939575195,57056792765,15.899999618530273,0.002843798312010426,0.010679263553090568,
2004-02-25,22.766984939575195,55758417063,14.930000305175781,0.018241421182958018,0.016330967174563282,
2004-02-26,23.507720947265625,59569366206,14.829999923706055,0.00701178325743923,-0.008506747839750362,
2004-02-27,23.507720947265625,50344409270,14.550000190734863,-0.014867390845698214,-0.009533353253037058,
2004-03-01,23.877899169921875,70684384459,14.4399995803833,0.02160230554277609,0.04812361133177401,
2004-03-02,24.803348541259766,135451351653,14.859999656677246,-0.00559330255602708,0.02846650293996733,
2004-03-03,24.433156967163086,78815548906,14.550000190734863,-0.018991101793751297,-0.01785737502853424,
2004-03-04,24.803348541259766,102016096914,14.399999618530273,0.016282149011146663,0.024545627566624484,
2004-03-05,24.803348541259766,116491650582,14.479999542236328,-0.008747783749134208,-0.006211113026879156,
2004-03-08,24.433156967163086,55670361361,15.789999961853027,-0.03764006807516895,-0.037500338361257324,
2004-03-09,24.248071670532227,49940613560,16.600000381469727,0.002266756186768415,-0.010203752854290538,
2004-03-10,23.3226375579834,119262980330,18.670000076293945,-0.020724919245000972,-0.025304877059738606,
2004-03-11,23.507720947265625,67802288695,20.670000076293945,-0.00514393933711943,-0.02307679418336195,
2004-03-12,22.952075958251953,113946512162,18.299999237060547,0.023763280255269636,0.03740164487445519,
2004-03-15,22.581897735595703,60407658886,21.1299991607666,-0.02754072883243397,-0.027514161984130703,
2004-03-16,22.396812438964844,84634725148,20.34000015258789,0.011235040937186414,-0.0029267975717850447,
2004-03-17,22.396812438964844,89454311868,18.110000610351562,0.021067407010726402,0.005871128090237265,
2004-03-18,22.952075958251953,152536452257,18.530000686645508,-0.01320082445917281,0.00972693749216269,
2004-03-19,23.3226375579834,50284855440,19.149999618530273,-0.036012996541243014,-0.019267391138113155,
2004-03-22,21.841548919677734,14709469158,21.579999923706055,-0.009603965811154747,-0.08644423774844512,
2004-03-23,20.360843658447266,338383911337,20.670000076293945,-0.0031379984102423153,0.06451621183417111,
2004-03-24,21.471370697021484,191804415239,19.809999465942383,0.02334637206305712,0.03535363825967908,
2004-03-25,21.471370697021484,99468714016,17.8799991607666,0.03665563939511074,0.002927146915014056,-0.0006245654219473318
2004-03-26,21.656463623046875,64095071532,17.329999923706055,-0.012466483153827146,-0.02918325074192929,0.0002500776575757868
2004-03-29,22.766984939575195,63163056845,16.5,0.0173604649555259,0.04108184172525586,-0.0010309251322648816
2004-03-30,22.211721420288086,58881388456,16.280000686645508,-0.0011075231102926075,0.007700205161891072,-0.0008130895003257699
2004-03-31,22.211721420288086,45705002070,16.739999771118164,0.00018475005236262554,-0.0028652981544853295,-0.008731826851042124
2004-04-01,22.02663230895996,51577118946,16.649999618530273,0.01683365688393068,-0.01149435537494703,0.0020206224654146787
2004-04-02,22.02663230895996,46253291094,15.640000343322754,0.037430292534036624,0.020348615979986606,-0.0012288356837487635
2004-04-05,22.952075958251953,81636893451,14.970000267028809,0.009419002472961902,0.027540294133116205,0.00025236356166224994
2004-04-06,22.952075958251953,64074695876,15.319999694824219,-0.0204935773770345,-0.00554522778147204,0.0011985147152377973
2004-04-07,22.766984939575195,21580094650,15.760000228881836,-0.001672978018658955,-0.012081544797768684,-0.0031502136814532955
2004-04-08,22.581897735595703,38234543457,16.260000228881836,0.008990132578706955,-0.014111302032998041,0.0007584429443017182
2004-04-09,22.211721420288086,25151074974,16.260000228881836,0.008990132578706955,-0.014111302032998041,0.0007584429443017182
2004-04-12,22.581897735595703,41585915587,15.279999732971191,0.006760691033997679,0.0171757322723749,0.0007584429443017182
2004-04-13,22.396812438964844,40807655192,17.260000228881836,-0.0174481301515631,-0.004690717009120049,-0.004294545999458443
2004-04-14,23.3226375579834,86126732211,15.619999885559082,-0.0061827018118632004,0.013195298403638311,0.003964226868997001
2004-04-15,22.581897735595703,57452402141,15.739999771118164,-0.028541903961600834,-0.026046233997294777,0.002621858804865873
2004-04-16,22.581897735595703,82229731365,14.9399995803833,-0.01763643321546271,-0.013371619389361156,0.005356020085691249
2004-04-19,22.02663230895996,68277567038,15.420000076293945,0.014349959769469178,0.0,-0.007740512121018339
2004-04-20,22.581897735595703,51785354447,16.670000076293945,-0.0355830356195217,-0.007744465119460586,0.0006947970519737279
2004-04-21,22.766984939575195,57984263385,15.600000381469727,0.01928894024488015,0.027316893784403717,0.001514923039369176
2004-04-22,22.952075958251953,168975343453,14.609999656677246,0.00359263313147018,0.02659074998685118,0.0026470751052263264
2004-04-23,23.692808151245117,123657919733,14.010000228881836,0.01560938071413065,0.04070327927951811,0.0009743262368917538
2004-04-26,23.507720947265625,75043367117,14.770000457763672,-0.027111829790727238,-0.02755557271966369,-0.0017583445306023071
2004-04-27,23.507720947265625,61855492809,15.069999694824219,-0.013522918777723492,-0.024680131168259845,0.0007549121786898372
2004-04-28,22.952075958251953,42400077618,16.290000915527344,-0.012854187236758463,-0.039362719495430576,-0.0006914558442736585
2004-04-29,22.396812438964844,116496329919,16.600000381469727,-0.025588827952467752,-0.028293133437585105,0.007202559592945468
2004-04-30,21.286283493041992,117918718068,17.190000534057617,-0.015538975707917513,-0.043172662668420014,-9.363120763883348e-05
2004-05-03,21.471370697021484,45051533177,16.6200008392334,-0.005885331593794785,0.007345524983539686,0.0012492478124761508
2004-05-04,21.841548919677734,40181643586,16.549999237060547,0.01687572254355274,0.029166852128928555,-0.0014660287896594015
2004-05-05,20.360843658447266,100411635466,15.770000457763672,0.008788597135063414,-0.02327946154141669,-0.0004998203053950823
2004-05-06,20.545936584472656,107086995086,17.049999237060547,0.0005085686011649937,-0.020725289266093405,0.0004375987257239089
2004-05-07,21.101194381713867,79685895545,18.1299991607666,0.010011475270677028,0.012698085305892226,0.0016556054632477224
2004-05-10,20.360843658447266,73920681977,19.770000457763672,0.004135605807592535,-0.021943280043148827,0.0072043100940646365
2004-05-11,21.286283493041992,67254610891,18.56999969482422,0.02451509694335252,0.04700822875292987,0.0036228699943539056
2004-05-12,21.286283493041992,66123068077,18.139999389648438,-0.01754757499858428,-0.011223945261001234,-0.00583114844259669
2004-05-13,21.101194381713867,66581452711,18.860000610351562,-0.0050443479169622885,-0.003096125676428696,0.003568931508289408
2004-05-14,20.360843658447266,78750063240,18.469999313354492,-0.018669660927349563,-0.02484500483829921,0.0016079577096859143
2004-05-17,19.065227508544922,86322031900,19.959999084472656,-0.013414896445326674,-0.04670926590439117,0.002377266618018181
2004-05-18,19.250307083129883,57083896847,19.329999923706055,0.018923822371670118,0.020044731703485086,-0.0011087965979201808
2004-05-19,20.545936584472656,81206930528,18.93000030517578,0.009661235483817698,0.022925714687796805,-0.00333008217754982
2004-05-20,20.360843658447266,90653143947,18.670000076293945,-0.00843271431306225,-0.007470635243796431,-0.00333008217754982
2004-05-21,20.360843658447266,73720612771,18.489999771118164,0.00947385252624744,0.010753087001257544,-0.000309443295932188
2004-05-24,19.990665435791016,38600894452,18.079999923706055,0.005150875484235762,0.0,-0.00030942102615627576
2004-05-25,20.175752639770508,39175308103,15.960000038146973,0.03172356448629876,0.01702083460575432,0.0011763055385438648
2004-05-26,20.731016159057617,61119564380,15.970000267028809,0.006398009019941586,0.02928882908732966,-0.0012059449405454892
2004-05-27,21.101194381713867,48113713271,15.279999732971191,0.008929460765308983,0.02032516701003595,-0.0005881119892769959
2004-05-28,21.471370697021484,69947358842,15.5,0.013265363014119513,0.01095629583996005,-0.001951482932057269
2004-05-31,20.731016159057617,33106919598,15.5,0.013265363014119513,0.01095629583996005,-0.001951482932057269
2004-06-01,20.916105270385742,30231917989,16.299999237060547,-0.005748095225990624,-0.0206895489314024,0.00015509786556933136
2004-06-02,20.545936584472656,50458326574,16.079999923706055,-0.022569688406748,-0.02213285512912555,0.003444532701042613
2004-06-03,19.62049102783203,70389020107,17.030000686645508,-0.024501069801769804,-0.04321008234231338,0.0003402272208201662
2004-06-04,19.62049102783203,58741995319,16.780000686645508,0.01611855277324259,0.0043009652802759035,0.0004946004350219191
2004-06-07,20.360843658447266,43261676803,15.390000343322754,0.03675863219037989,0.037473796776272605,-0.002379249969883701
2004-06-08,20.916105270385742,52369399817,15.010000228881836,0.002437421889931013,-0.003096125676428696,-0.0011459688280882618
2004-06-09,20.360843658447266,38013850599,15.390000343322754,-0.03244722095526609,-0.04347827967216822,-0.0007442734592226774
2004-06-10,19.62049102783203,61053061685,15.039999961853027,0.005807419076521825,-0.017315828304768077,0.002792867551573819
2004-06-11,18.695049285888672,107893814967,15.039999961853027,0.005807419076521825,-0.017315828304768077,0.0004952082843683314
2004-06-14,18.516626358032227,113316447664,16.06999969482422,-0.02269674813347744,-0.03871973905094028,0.0028455368008364346
2004-06-15,18.388259887695312,98036108718,15.050000190734863,0.012524971886129777,0.023778246107093226,0.0006785108997651168
2004-06-16,18.60206413269043,84062262225,14.789999961853027,-0.004264746076548254,-0.03871015569067027,0.0
2004-06-17,18.944244384765625,103497931522,15.149999618530273,-0.03377444932934759,-0.009395802124574026,0.0007705817880743204
2004-06-18,18.30282211303711,70348210608,14.989999771118164,-0.0007939459984744879,0.0027103981071678884,0.0015706401548154503
2004-06-21,18.60206413269043,50995565009,15.260000228881836,-0.0050984730121174104,-0.020270449857271444,0.0007379312003199523
2004-06-22,18.60206413269043,0,14.3100004196167,0.03471842772066358,0.048275537114325084,-0.0005223011821167134
2004-06-23,19.543169021606445,109654288439,13.979999542236328,0.021268361579886763,0.039473917197218045,9.217757200064014e-05
2004-06-24,19.585660934448242,46748331561,14.8100004196167,-0.011777265280274007,-0.013924186478196265,-0.0022439534858086363
2004-06-25,19.756975173950195,35313966816,15.1899995803833,0.017377225412732678,0.02310678754990847,-0.0014480523983184668
2004-06-28,19.62860679626465,34155088882,16.06999969482422,-0.0176233427750625,-0.017565870471894174,0.002715166243759448
2004-06-29,19.714033126831055,31987220079,15.470000267028809,0.021212863600625687,0.03959137328320672,0.00040002732581023714
2004-06-30,20.6976375579834,84527539216,14.34000015258789,0.00965754968996757,0.020884322549832746,0.0009534396220221009
2004-07-01,20.6976375579834,40285560726,15.199999809265137,-0.03723015122162432,-0.04332124837186868,-0.0012905945315364598
2004-07-02,19.756975173950195,70731377312,15.079999923706055,-0.02081237229703148,-0.017609997705681946,-0.0005846283930102114
2004-07-05,19.15804672241211,36094475644,15.079999923706055,-0.02081237229703148,-0.017609997705681946,-0.00027704178562881765
2004-07-06,19.671537399291992,25355314700,16.25,-0.03973230669987027,-0.039692892930042634,0.0010778138106304347
2004-07-07,19.11555290222168,51088649390,15.8100004196167,0.011203674727439772,0.04533374335571194,-0.0004921508741663194
2004-07-08,19.243925094604492,43033971834,16.200000762939453,-0.0024996697933108436,-0.011479640677291125,0.0006463101093350243
2004-07-09,19.671537399291992,41715881710,15.779999732971191,0.018489662566415266,0.012903118087686849,6.148006450246157e-05
2004-07-12,19.15804672241211,50840377531,14.960000038146973,-0.022077442002148673,-0.03312106261689429,-0.0005227830642690057
2004-07-13,18.90174102783203,48811729097,14.460000038146973,-0.0017226089535803402,0.005270062667108277,-0.004031033121121408
2004-07-14,18.90174102783203,43236498540,13.760000228881836,-0.044820888166640205,-0.06159896395418274,0.006271792608324445
2004-07-15,18.388259887695312,93174519231,14.710000038146973,-0.005110763943700802,-0.008379371745552255,0.0060484678549970194
2004-07-16,18.174449920654297,62835198344,14.34000015258789,-0.019281781893144,-0.012676398350977669,-0.003509563578213415
2004-07-19,18.046520233154297,49032212214,15.170000076293945,0.0068216874123365745,-0.008559484266079553,0.0003675437167898199
2004-07-20,17.746835708618164,66092901386,14.170000076293945,0.0247059601460049,0.02158337942604538,0.002785929438848145
2004-07-21,18.5595703125,77488231029,16.40999984741211,-0.03698020859214357,-0.01690181586811146,-0.0012212155158890514
2004-07-22,18.516626358032227,87100386778,15.75,0.030970329023247256,0.0329514176257939,0.001528327581456379
2004-07-23,18.30282211303711,39942737760,16.5,-0.035343926409817095,-0.06796104029144046,0.0015259953606574506
2004-07-26,17.49053192138672,75751311690,17.299999237060547,-0.0128951314318132,-0.011905230455928506,0.0018284740454683757
2004-07-27,17.83271598815918,70110776710,16.549999237060547,0.00639444235819675,0.031626703716880256,0.0006691820267941129
2004-07-28,17.83271598815918,66424442861,16.149999618530273,-0.008488296225344194,-0.011678917273907796,-0.0007598781551090283
2004-07-29,17.533031463623047,57120501501,15.680000305175781,0.029287404606960887,0.035450702078199114,0.002220675444616793
2004-07-30,18.34576416015625,113113363251,15.319999694824219,0.012743479456029938,0.01569142795627121,-0.0014266470009149934
2004-08-02,18.30282211303711,52584771024,15.369999885559082,0.0055471161001128255,-0.001404396059898172,-0.00048631652109054624
2004-08-03,18.815868377685547,71687761475,16.030000686645508,-0.03768448539210223,-0.0014057887835657867,-0.0012772890010799287
2004-08-04,18.730436325073242,50814051124,16.209999084472656,0.009380573605902942,0.0028161188138242643,0.002466543281422595
2004-08-05,19.243925094604492,74169013338,18.31999969482422,-0.010694728339892823,0.0,0.000394783664461551
2004-08-06,18.815868377685547,58624417859,19.34000015258789,-0.03854470310996794,-0.03370754089951866,-0.0009108757217566321
2004-08-09,18.516626358032227,61371221716,18.889999389648438,0.0019126909761093547,0.002907148419394545,-0.0003038634128742501
2004-08-10,18.516626358032227,21795900924,17.469999313354492,0.013776419139263973,0.03188353505537833,-0.0003040717433040463
2004-08-11,18.730436325073242,60926838978,18.040000915527344,-0.051633739918444665,-0.02528058297956881,0.001642162034619643
2004-08-12,18.730436325073242,32492619043,19.079999923706055,-0.01985679694275111,-0.014409401797942145,-0.0009107650600226336
2004-08-13,18.730436325073242,36585159046,17.979999542236328,0.0037780299176368715,0.004386111275695326,0.0012155376922751149
2004-08-16,18.5595703125,25559606746,17.56999969482422,0.009955052122749608,0.016011724779000147,0.00024278923497766947
2004-08-17,18.730436325073242,18408142353,17.020000457763672,0.014420781717070508,0.0,0.000606883632291666
2004-08-18,19.15804672241211,77122155631,16.229999542236328,0.03399531448338,0.050143074718676184,-0.0009098311624056166
2004-08-19,20.013277053833008,100609360288,16.959999084472656,-0.008444679711072767,0.008185882309909243,-0.0031566834896525897
2004-08-20,19.842411041259766,51903182740,16.0,0.0022589478522672124,0.010825306623985842,-0.0005480099329413513
2004-08-23,20.099149703979492,44596241037,15.880000114440918,0.010595830784686733,0.010709443651740091,0.0007920168421249318
2004-08-24,20.099149703979492,0,15.329999923706055,-0.02517366743561722,-0.01456940285548558,-0.0007609653681212025
2004-08-25,20.099149703979492,0,14.979999542236328,0.010545128446290075,0.03225787825243431,-0.0008834524886294215
2004-08-26,20.783069610595703,137066512391,14.90999984741211,-0.010096776600216906,0.0026041184024703234,-0.0013112294302555227
2004-08-27,20.526769638061523,46286067066,14.710000038146973,0.0050998806557776,-0.0012986100724792227,0.00125180497279187
2004-08-30,20.569263458251953,53305372453,15.4399995803833,-0.022754558250464907,-0.01040339882816299,-0.0015855992090033633
2004-08-31,20.099149703979492,58552333124,15.289999961853027,-0.007012207952349803,-0.007884082400964831,0.0008856920194162399
2004-09-01,20.141651153564453,54005075237,14.90999984741211,0.008463175902176046,-0.007947009334626998,-0.0015257159439818757
2004-09-02,19.62860679626465,63918998808,14.279999732971191,0.009193976602150489,0.014685906224947587,-0.0014975026854787687
2004-09-03,18.9871826171875,126728011270,13.90999984741211,-0.0523305452893873,-0.07105215198480364,-9.188805909421394e-05
2004-09-06,18.815868377685547,68694328141,13.90999984741211,-0.0523305452893873,-0.07105215198480364,0.0007652981988985896
2004-09-07,18.9871826171875,34033030082,14.069999694824219,-0.011401677299460844,0.007081726804698096,0.0001223960788450107
2004-09-08,18.77337646484375,35283890157,14.0600004196167,-0.004805547054210657,-0.007031928607390436,-0.001315159331675475
2004-09-09,18.68794059753418,42881853941,14.010000228881836,0.05374086256343169,0.03824327486683465,0.0008268390217551769
2004-09-10,19.072616577148438,52491370462,13.760000228881836,0.034044904222858996,0.04092778746462056,9.185994801219621e-05
2004-09-13,19.62860679626465,82727058838,13.170000076293945,0.024738673101745157,-0.0013103882098843833,0.0004283291533309086
2004-09-14,19.457733154296875,57759550350,13.5600004196167,0.0010175635934526195,-0.005249041645915553,-0.0018043952487719617
2004-09-15,19.414796829223633,28846800196,14.640000343322754,-0.03232525644841566,-0.02110852840376054,-0.0016544379749380278
2004-09-16,19.414796829223633,38571955299,14.390000343322754,0.0017595507789243126,0.0,0.0003989593342437203
2004-09-17,19.15804672241211,35446947013,14.029999732971191,0.018482053073369142,0.01617248342390898,0.003343696522387196
2004-09-20,19.32936668395996,28751638685,14.430000305175781,0.0293436661809523,0.013262351835092057,-0.001956682636269802
2004-09-21,19.671537399291992,50264858982,13.65999984741211,0.009627422946488107,0.014398182423226213,0.001868668732162515
2004-09-22,19.585660934448242,33621707955,14.739999771118164,-0.029746178106823784,-0.03871015569067027,-0.0008562510643360666
2004-09-23,19.20098304748535,41734597832,14.800000190734863,0.005233069645608435,0.016107714631620418,0.0021422870370446656
2004-09-24,18.68794059753418,77032114486,14.279999732971191,-0.02854319490566759,-0.03698817771221807,0.0005495996822153515
2004-09-27,18.388259887695312,75683974052,14.619999885559082,-0.014612427555013907,-0.017832602271710685,3.0503607575615987e-05
2004-09-28,18.388259887695312,0,13.829999923706055,-0.00867461709631534,-0.008379371745552255,0.0005188947785703668
2004-09-29,18.26032829284668,40361650413,13.210000038146973,0.018544748851881288,0.012675377753944339,-0.0003355881583925191
2004-09-30,18.516626358032227,44969847676,13.34000015258789,0.009405730281521363,-0.0069539752658761556,-0.00158666359833326
2004-10-01,19.029672622680664,44043250339,12.75,0.04609581354830272,0.05042003344029444,-0.00024448104729757336
2004-10-04,19.457733154296875,86714251491,13.40999984741211,0.0077131942478769755,0.018666738070922895,-0.0005197513076871108
2004-10-05,19.37186050415039,47380051173,13.949999809265137,-0.0010618208134972607,-0.015706584596773876,-0.00027523691492903346
2004-10-06,19.243925094604492,51228958824,13.279999732971191,0.004004266891255881,-0.006648949807731674,0.0
2004-10-07,19.243925094604492,47753789553,14.5,-0.006991696059621466,-0.02008050132518646,-3.057733153033482e-05
2004-10-08,18.516626358032227,98761848079,15.050000190734863,-0.03431179749340474,-0.03688548439911721,-0.0011932526603967153
2004-10-11,18.30282211303711,38940151740,14.710000038146973,0.005160210942199317,0.012766238930204565,-0.0010108725766547755
2004-10-12,18.217391967773438,55164258373,15.050000190734863,-0.013204636817705118,-0.03361318648020417,-0.00033722051227103034
2004-10-13,18.217391967773438,31834946292,15.420000076293945,0.01783316280917502,0.0028983463418110755,0.0014723125557032368
2004-10-14,18.26032829284668,47798054806,16.43000030517578,-0.0321678531254872,-0.004335254495093643,3.0611045540140935e-05
2004-10-15,18.174449920654297,42023999488,15.039999961853027,0.0020231087975912665,0.005805557761213054,0.00018377748367148783
2004-10-18,18.046520233154297,25372937365,14.710000038146973,0.007813981103362844,0.004328998509150361,0.00033676613630184704
2004-10-19,18.388259887695312,36069093386,15.130000114440918,0.010251114329269395,0.03160920266796152,-0.00033665276305161473
2004-10-20,18.30282211303711,45963440121,14.850000381469727,0.013057139177126365,-0.004178555708333143,-0.00033665276305161473
2004-10-21,18.47412872314453,43541046115,14.539999961853027,0.039709281395434504,0.02657366379005488,-0.00033665276305161473
2004-10-22,18.47412872314453,47643991526,15.279999732971191,-0.033791400596761,-0.04087230486287319,-0.00033665276305161473
2004-10-25,18.47412872314453,0,16.579999923706055,0.006857955604785859,0.012784520443917868,-0.00033665276305161473
2004-10-26,18.046520233154297,36858358653,16.389999389648438,-0.0027647706459754673,-0.008415353844849371,-0.00033665276305161473
2004-10-27,17.91815185546875,42310081250,15.720000267028809,0.035612579569592295,0.045262081874061,-0.00033665276305161473
2004-10-28,18.388259887695312,102666842616,15.390000343322754,0.0035531654775102783,0.006765842904637331,-0.00033665276305161473
2004-10-29,18.730436325073242,72732544402,16.270000457763672,-0.0002667026614067147,0.01747293042627529,-0.00033665276305161473
2004-11-01,18.77337646484375,63414805282,16.270000457763672,0.0035415297278380553,0.005283781195747572,-0.00033665276305161473
2004-11-02,19.243925094604492,91234260777,16.18000030517578,0.0012569102944208765,0.0302238575279834,-0.00033665276305161473
2004-11-03,20.05621910095215,171405475533,14.039999961853027,-0.010018630604844536,0.02040797868168598,-0.00033665276305161473
2004-11-04,20.312963485717773,172666648797,13.970000267028809,0.006437792206419157,0.02125005830960558,-0.00033665276305161473
2004-11-05,20.39838981628418,126636819579,13.84000015258789,0.012381238853311771,0.013464148334713766,-0.00033665276305161473
2004-11-08,20.483821868896484,54924396034,13.800000190734863,0.0018668115083042558,-0.02053201354081713,-0.00033665276305161473
2004-11-09,20.440893173217773,63245113030,13.609999656677246,-0.006712652269689423,-0.0036986226008541845,-0.00033665276305161473
2004-11-10,20.526769638061523,81425704318,13.079999923706055,-0.02414617928977425,-0.01361405427365181,-0.00033665276305161473
2004-11-11,19.79947280883789,60703295059,13.039999961853027,0.020948320608263016,0.0012544220715939858,-0.00033665276305161473
2004-11-12,20.099149703979492,39705844004,13.329999923706055,0.023053150349571228,0.027569001796772907,-0.00033665276305161473
2004-11-15,20.312963485717773,55523470022,13.380000114440918,0.013590967019651012,-0.006097448975051045,-0.00033665276305161473
2004-11-16,20.6976375579834,82531782324,13.210000038146973,-0.004562757803456607,-0.006134982961803037,-0.00033665276305161473
2004-11-17,21.25362205505371,145949055570,13.210000038146973,0.02862426220874359,0.061728341417409904,-0.00033665276305161473
2004-11-18,21.595802307128906,135703081123,12.979999542236328,0.013163650731353282,0.019767318551719093,-0.00033665276305161473
2004-11-19,21.595802307128906,94392384566,13.5,-0.030876965565815095,-0.037628120951726185,-0.00033665276305161473
2004-11-22,20.612194061279297,73892522380,12.970000267028809,0.002315447154471517,-0.024881363927409805,-0.00033665276305161473
2004-11-23,20.6976375579834,58128638244,12.670000076293945,-0.007323093252019075,-0.006075409718944935,-0.00033665276305161473
2004-11-24,20.91144371032715,46604307007,12.720000267028809,0.009169011605644872,0.011002430832141696,-0.00033665276305161473
2004-11-25,20.65513801574707,44418372009,12.720000267028809,0.009169011605644872,0.011002430832141696,-0.00033665276305161473
2004-11-26,20.184589385986328,42229991004,12.779999732971191,-0.006157021654131345,-0.014510322234361217,-0.00033665276305161473
2004-11-29,20.05621910095215,44086215739,13.300000190734863,-0.002529130518224565,-0.0012268441735793223,-0.00033665276305161473
2004-11-30,20.227079391479492,92781796853,13.239999771118164,-0.014003585130295981,-0.020884576893174467,-0.00033665276305161473
2004-12-01,19.842411041259766,47480741449,12.970000267028809,0.038266455515893805,0.02634877323677909,-0.00033665276305161473
2004-12-02,20.526769638061523,64620027794,12.979999542236328,-0.003135793621363292,0.014670097600912868,-0.00033665276305161473
2004-12-03,20.91144371032715,72926775765,12.960000038146973,0.014975750061104964,-0.0024094687544821136,-0.00033665276305161473
2004-12-06,20.91144371032715,57341256884,13.1899995803833,0.0035932829388727328,0.01086917248714192,-0.00033665276305161473
2004-12-07,21.03981590270996,68897214941,13.670000076293945,-0.020967620055421188,-0.011947395913175951,-0.00033665276305161473
2004-12-08,20.868947982788086,47607520997,13.1899995803833,-0.012799703881406277,-0.020556284616486176,-0.00033665276305161473
2004-12-09,20.612194061279297,63210425407,12.880000114440918,-0.014933710505216302,-0.020987586240036382,-0.00033665276305161473
2004-12-10,20.612194061279297,80976385652,12.760000228881836,-0.006369552908452425,-0.007566194575252205,-0.00033665276305161473
2004-12-13,20.35546112060547,66565011387,12.539999961853027,0.005558873006532128,0.022871437664229166,-0.00033665276305161473
2004-12-14,20.569263458251953,37938654785,12.729999542236328,0.0186309069779802,0.007453343865141404,-0.00033665276305161473
2004-12-15,21.296558380126953,86281567427,12.350000381469727,0.0023555356215270162,0.006165562328105834,-0.00033665276305161473
2004-12-16,21.381990432739258,58561691185,12.270000457763672,-0.01601231704791528,0.004901742821453503,-0.00033665276305161473
2004-12-17,21.296558380126953,42662323757,11.949999809265137,-0.007820352088848015,0.0,-0.00033665276305161473
2004-12-20,21.381990432739258,60753721438,11.829999923706055,-0.010265568342913367,-0.0109757237580409,-0.00033665276305161473
2004-12-21,21.0827579498291,56773111485,11.550000190734863,0.011921810985995318,0.011097527150441433,-0.00033665276305161473
2004-12-22,21.296558380126953,96826666077,11.449999809265137,-0.0008246754877135887,0.009756612686569577,-0.00033665276305161473
2004-12-23,21.381990432739258,41782753860,11.229999542236328,0.0056125369459014696,0.006038220790532733,-0.00033665276305161473
2004-12-24,21.381990432739258,26070216099,11.229999542236328,0.0056125369459014696,0.006038220790532733,-0.00033665276305161473
2004-12-27,21.33905601501465,8412253410,12.140000343322754,-0.007832456234561302,-0.003601187707831577,-0.00033665276305161473
2004-12-28,21.381990432739258,31476852253,12.0,0.00865065062637882,0.0012045472970023674,-0.00033665276305161473
2004-12-29,21.595802307128906,48221824340,11.619999885559082,0.008857635279034826,0.016847297476408896,-0.00033665276305161473
2004-12-30,21.595802307128906,50723966064,12.5600004196167,0.0016956503978786674,0.0023667587239581955,-0.00033665276305161473
2004-12-31,21.595802307128906,45287534302,13.289999961853027,0.004753448110097036,0.002361231511783357,-0.00033665276305161473
2005-01-03,21.80961036682129,31140095998,14.079999923706055,-0.020885741695841342,-0.010600694434707014,-0.00033665276305161473
2005-01-04,21.21068000793457,33197547587,13.979999542236328,-0.032762934686142775,-0.038094905946411406,-0.00033665276305161473
2005-01-05,20.74057388305664,45343603622,14.09000015258789,-0.014889317272924973,-0.01980231317276515,-0.00033665276305161473
2005-01-06,20.526769638061523,52027134231,13.579999923706055,-0.005219539068484491,-0.008838220953171105,-0.00033665276305161473
2005-01-07,20.440893173217773,52145038772,13.489999771118164,0.01347784226059301,0.0050953807217783975,-0.00033665276305161473
2005-01-10,20.74057388305664,42064905324,13.229999542236328,-0.0032142267722578,0.002535004320784129,-0.00033665276305161473
2005-01-11,20.612194061279297,39142041694,13.1899995803833,-0.024763102828726846,-0.013906123670071824,-0.00033665276305161473
2005-01-12,20.099149703979492,49071295621,12.5600004196167,0.014235583564367493,0.007691830428699253,-0.00033665276305161473
2005-01-13,20.013277053833008,42903907522,12.84000015258789,-0.01408546913990083,-0.020356188017753407,-0.00033665276305161473
2005-01-14,20.099149703979492,58380111429,12.430000305175781,0.017593417585448634,0.027272828101709612,-0.00033665276305161473
2005-01-17,20.91144371032715,49625182164,12.430000305175781,0.017593417585448634,0.027272828101709612,-0.00033665276305161473
2005-01-18,20.996875762939453,50467394471,12.470000267028809,0.008458536215181445,0.025284111060013936,-0.00033665276305161473
2005-01-19,20.39838981628418,37326191436,13.180000305175781,-0.021301145809731303,-0.024660589964544788,-0.00033665276305161473
2005-01-20,20.526769638061523,47151667938,13.829999923706055,-0.007740861283906941,-0.001264329878990278,-0.00033665276305161473
2005-01-21,20.312963485717773,34275911505,14.359999656677246,-0.013044204194348152,-0.008860661300253758,-0.00033665276305161473
2005-01-24,20.099149703979492,28352792508,14.649999618530273,-0.01698915014992708,-0.019157128898961817,-0.00033665276305161473
2005-01-25,20.35546112060547,44250071829,14.0600004196167,0.01783093942513525,0.016927106587900642,-0.00033665276305161473
2005-01-26,21.03981590270996,84585365094,13.4399995803833,0.02613696318474279,0.030729594676987437,-0.00033665276305161473
2005-01-27,21.125242233276367,52258477265,13.239999771118164,0.009023702215079421,0.014907137807551374,-0.00033665276305161473
2005-01-28,21.381990432739258,96812921013,13.239999771118164,-0.010429419361319137,0.004895996346850007,-0.00033665276305161473
2005-01-31,22.237228393554688,152370837131,12.819999694824219,0.011265232733280062,0.06577310223366317,-0.00033665276305161473
2005-02-01,22.45102882385254,126248497378,12.029999732971191,0.011139740958791,0.012571671267785023,-0.00033665276305161473
2005-02-02,22.878637313842773,127649264280,11.65999984741211,-0.006438807039407579,0.01580106085826971,-0.00033665276305161473
2005-02-03,22.878637313842773,106363439154,11.789999961853027,-0.012640720154958651,-0.029999681395290745,-0.00033665276305161473
2005-02-04,22.878637313842773,0,11.210000038146973,0.04357369991042215,0.03436433288507268,-0.00033665276305161473
2005-02-07,22.878637313842773,0,11.729999542236328,0.00043042895403200276,-0.005537109732122958,-0.00033665276305161473
2005-02-08,22.878637313842773,0,11.600000381469727,0.021872147901676797,0.00890805849835652,-0.00033665276305161473
2005-02-09,22.878637313842773,0,12.0,-0.022386411124118766,-0.01434818406241778,-0.00033665276305161473
2005-02-10,22.878637313842773,0,11.510000228881836,0.006077683890302055,0.006718915495793842,-0.00033665276305161473
2005-02-11,22.878637313842773,0,11.430000305175781,0.03581788356230531,0.02335908265091069,-0.00033665276305161473
2005-02-14,23.306257247924805,166804805119,11.520000457763672,0.001607308694196119,-0.00869549171160311,-0.00033665276305161473
2005-02-15,23.52005386352539,72234208996,11.270000457763672,0.006923077138440092,0.004385542748513993,-0.00033665276305161473
2005-02-16,23.306257247924805,45692838023,11.100000381469727,-0.008446373936426665,-0.0021833663870745035,-0.00033665276305161473
2005-02-17,22.878637313842773,51282538224,11.770000457763672,-0.013202313848776792,-0.0317283131664311,-0.00033665276305161473
2005-02-18,23.092443466186523,72099015536,11.180000305175781,-0.004769888506999775,0.013559186825431224,-0.00033665276305161473
2005-02-21,23.306257247924805,33289870061,11.180000305175781,-0.004769888506999775,0.013559186825431224,-0.00033665276305161473
2005-02-22,23.092443466186523,30276297793,13.140000343322754,-0.004535559013947976,-0.012262988189512547,-0.00033665276305161473
2005-02-23,22.878637313842773,63483267116,12.390000343322754,-0.004157028279796138,0.004514471979463863,-0.00033665276305161473
2005-02-24,22.664833068847656,45716173892,11.569999694824219,0.023890433795926924,0.021348736466796803,-0.00033665276305161473
2005-02-25,23.52005386352539,100432106055,11.489999771118164,0.021997001690724716,0.03740315142570316,-0.00033665276305161473
2005-02-28,23.52005386352539,0,12.079999923706055,-0.01458189542758015,-0.0328734275012168,-0.00033665276305161473
2005-03-01,23.2208194732666,45611671886,12.039999961853027,0.02245949504700495,0.009868237351652986,-0.00033665276305161473
2005-03-02,23.135387420654297,54573620253,12.5,-0.01574760127631425,-0.01628701912010133,-0.00033665276305161473
2005-03-03,22.878637313842773,76743661371,12.930000305175781,-0.012704288829406107,-0.01765972533734117,-0.00033665276305161473
2005-03-04,22.45102882385254,79686501453,11.9399995803833,-0.0023939798386161115,-0.011236097505826659,-0.00033665276305161473
2005-03-07,22.57939338684082,41530428744,12.260000228881836,0.018828772010510253,0.03295512092464903,-0.00033665276305161473
2005-03-08,22.964075088500977,39390950305,12.399999618530273,-0.013815342457493385,-0.027503372297677853,-0.00033665276305161473
2005-03-09,22.664833068847656,31971749198,12.699999809265137,-0.0025491535064411375,0.001131669593230189,-0.00033665276305161473
2005-03-10,22.237228393554688,52766961183,12.489999771118164,0.014113714199027294,-0.009039847780959676,-0.00033665276305161473
2005-03-11,22.45102882385254,32535323155,12.800000190734863,-0.0285610445519493,-0.003420335872095892,-0.00033665276305161473
2005-03-14,22.023414611816406,38227024463,12.390000343322754,0.005538964596166762,-0.018306767335489083,-0.00033665276305161473
2005-03-15,21.852096557617188,36182466008,13.149999618530273,-0.021220280373845046,-0.009324017057987022,-0.00033665276305161473
2005-03-16,22.237228393554688,51111133328,13.489999771118164,-0.009973329149443044,0.007058692430812918,-0.00033665276305161473
2005-03-17,21.76666831970215,62232356540,13.289999961853027,0.002110651109613171,0.003504608263583231,-0.00033665276305161473
2005-03-18,21.76666831970215,35101998612,13.140000343322754,-0.008784078222435765,-0.009312863167047158,-0.00033665276305161473
2005-03-21,21.6382999420166,52954513236,13.609999656677246,-0.0017386176831912792,-0.007050640426279009,-0.00033665276305161473
2005-03-22,21.595802307128906,44011491777,14.270000457763672,-0.008030757898022212,-0.020118031058141916,-0.00033665276305161473
2005-03-23,21.510364532470703,48383695519,14.0600004196167,0.01163153611742107,0.001206956540438009,-0.00033665276305161473
2005-03-24,21.6382999420166,44706895386,13.420000076293945,0.002458720136371939,0.010857006212940723,-0.00033665276305161473
2005-03-25,22.023414611816406,29554956414,13.420000076293945,0.002458720136371939,0.010857006212940723,-0.00033665276305161473
2005-03-28,22.023414611816406,21578933118,13.75,-0.0009137384906282575,0.008353127909506153,-0.00033665276305161473
2005-03-29,21.852096557617188,25286949476,14.489999771118164,-0.012851949576585087,-0.023668751048576575,-0.00033665276305161473
2005-03-30,21.6382999420166,57722223499,13.640000343322754,0.023161659367692433,0.01454549994497878,-0.00033665276305161473
2005-03-31,22.023414611816406,32289271146,14.020000457763672,-0.00636227544910184,0.013142116952924665,-0.00033665276305161473
2005-04-01,22.49396514892578,44872512425,14.09000015258789,-0.013837268219533572,0.009433971477194714,-0.00033665276305161473
2005-04-04,22.322662353515625,28863799283,14.109999656677246,-0.0043771541258982305,-0.015186696274842038,-0.00033665276305161473
2005-04-05,22.322662353515625,0,13.680000305175781,0.001196773573616694,0.0023723735597771523,-0.00033665276305161473
2005-04-06,22.023414611816406,32716072938,13.149999618530273,0.0023419725319886453,-0.00473351744791628,-0.00033665276305161473
2005-04-07,21.980470657348633,50403640211,12.329999923706055,0.019714232358666983,0.007134045299775238,-0.00033665276305161473
2005-04-08,22.365589141845703,38373156886,12.619999885559082,-0.004821322343428358,0.018890279853598813,-0.00033665276305161473
2005-04-11,22.194278717041016,30677941288,11.979999542236328,-0.008010612177348997,-0.0034763611579570197,-0.00033665276305161473
2005-04-12,22.365589141845703,19729611654,11.300000190734863,-0.0011362246382251584,0.001162949837338667,-0.00033665276305161473
2005-04-13,22.45102882385254,21487076131,13.3100004196167,-0.027133759138585067,-0.010452887733321425,-0.00033665276305161473
2005-04-14,21.937976837158203,49927797525,14.529999732971191,-0.015475302778653943,-0.023474105104645537,-0.00033665276305161473
2005-04-15,21.937976837158203,52396006947,17.739999771118164,-0.0330291904063732,-0.015625453939866807,-0.00033665276305161473
2005-04-18,21.510364532470703,82500076458,16.559999465942383,0.008389053423941029,-0.009768020956851808,-0.00033665276305161473
2005-04-19,21.42448616027832,53314278200,14.960000038146973,0.017390182076750138,0.00863160856034595,-0.00033665276305161473
2005-04-20,21.42448616027832,36464252987,16.920000076293945,-0.021882006053424607,-0.013447499828050491,-0.00033665276305161473
2005-04-21,21.21068000793457,69457763228,14.40999984741211,0.02799700759646817,0.02106573518644228,-0.00033665276305161473
2005-04-22,21.21068000793457,47564687339,15.380000114440918,-0.01360457551982408,-0.01699035331399701,-0.00033665276305161473
2005-04-25,21.296558380126953,26072543538,14.619999885559082,0.005367920815247729,0.007407526213795146,-0.00033665276305161473
2005-04-26,22.06590461730957,61575799203,14.90999984741211,-0.007204241518449006,0.05024530597454069,-0.00033665276305161473
2005-04-27,22.322662353515625,65262914721,14.869999885559082,-0.0022901223360112244,-0.0011672015988354323,-0.00033665276305161473
2005-04-28,22.664833068847656,50355185568,16.860000610351562,-0.00874321363459396,-0.005840892840676681,-0.00033665276305161473
2005-04-29,22.194278717041016,34023149445,15.3100004196167,0.0034084151191431378,0.01175078354471859,-0.00033665276305161473
2005-05-02,22.194278717041016,0,15.119999885559082,-0.000985363870904532,0.011614486689343284,-0.00033665276305161473
2005-05-03,22.365589141845703,48265716324,14.529999732971191,-0.0004931678852686527,-0.006888802340190181,-0.00033665276305161473
2005-05-04,22.45102882385254,31220693450,13.850000381469727,0.024150905337832373,0.02774569026566298,-0.00033665276305161473
2005-05-05,23.049516677856445,69078812263,13.979999542236328,-0.000152127532574986,0.021372165648431585,-0.00033665276305161473
2005-05-06,23.34918785095215,58038276527,14.050000190734863,0.006339998771954347,-0.006607580214014974,-0.00033665276305161473
2005-05-09,23.39168930053711,51938652030,13.75,0.004334481906150156,0.0033261096624621622,-0.00033665276305161473
2005-05-10,23.39168930053711,41962019351,14.90999984741211,-0.010312691071346358,-0.026519751580360906,-0.00033665276305161473
2005-05-11,22.921579360961914,53146597206,14.449999809265137,0.00365083035238567,-0.006810552043406526,-0.00033665276305161473
2005-05-12,23.306257247924805,56783075558,16.1200008392334,0.002904996099677426,-0.0034285085573704244,-0.00033665276305161473
2005-05-13,23.434627532958984,64807210969,16.31999969482422,0.028235460048900096,0.03440398638361519,-0.00033665276305161473
2005-05-16,23.434627532958984,36327799197,15.680000305175781,0.0070547564278498065,-0.007760960800635042,-0.00033665276305161473
2005-05-17,23.2208194732666,34232561857,14.569999694824219,0.008391920317492918,-0.0011169510301927144,-0.00033665276305161473
2005-05-18,23.47711753845215,42082145938,13.630000114440918,0.010444896098995127,0.010067158001533238,-0.00033665276305161473
2005-05-19,24.118988037109375,111472123607,13.319999694824219,0.0028646712173503452,0.02768554866061468,-0.00033665276305161473
2005-05-20,24.161476135253906,49192818671,13.140000343322754,0.012235468482399536,0.0021547973774318496,-0.00033665276305161473
2005-05-23,23.605493545532227,26781931543,12.949999809265137,-0.003221825380812393,-0.013978349203274898,-0.00033665276305161473
2005-05-24,24.118988037109375,58410723837,12.6899995803833,0.015500427269866224,0.011995867417804451,-0.00033665276305161473
2005-05-25,23.86223602294922,57040854785,12.579999923706055,-0.011012229181765365,-0.015086705021770008,-0.00033665276305161473
2005-05-26,23.947673797607422,45060152305,12.239999771118164,0.018581558920416352,0.005470586283259804,-0.00033665276305161473
2005-05-27,24.28985595703125,44665914896,12.149999618530273,-0.007310863001381618,0.0021763512476142832,-0.00033665276305161473
2005-05-30,24.24690818786621,28950202158,12.149999618530273,-0.007310863001381618,0.0021763512476142832,-0.00033665276305161473
2005-05-31,24.332788467407227,78869368398,13.289999961853027,-0.0034384088706734817,0.0,-0.00033665276305161473
2005-06-01,23.905174255371094,57861588784,12.359999656677246,0.007366768794670353,0.009771919239512039,-0.00033665276305161473
2005-06-02,24.332788467407227,67194816351,11.84000015258789,0.01842129733393283,0.020430177544102257,-0.00033665276305161473
2005-06-03,24.674524307250977,65016333549,12.149999618530273,-0.013202444419159076,0.004214994498505487,-0.00033665276305161473
2005-06-06,24.845840454101562,59845128818,12.279999732971191,-0.004559532305182801,0.014690397180145975,-0.00033665276305161473
2005-06-07,24.58909034729004,75422326007,12.390000343322754,-0.011011364519250444,-0.009306857050854989,-0.00033665276305161473
2005-06-08,24.88833999633789,84948744176,12.699999809265137,0.006432417762922915,0.0031315735246588705,-0.00033665276305161473
2005-06-09,24.802902221679688,56691036329,12.079999923706055,0.019104305992477588,0.014567992835409882,-0.00033665276305161473
2005-06-10,24.845840454101562,105148682926,11.960000038146973,-0.017651440229987214,-0.00512832218969228,-0.00033665276305161473
2005-06-13,25.37569236755371,69491925975,11.649999618530273,-0.0009982995451514043,0.009071250418740018,-0.00033665276305161473
2005-06-14,25.37569236755371,44913267908,11.789999961853027,-0.010852420897372261,-0.0011112199263614286,-0.00033665276305161473
2005-06-15,25.60846710205078,45102875760,11.460000038146973,0.00371201308834479,-0.0033369448188100836,-0.00033665276305161473
2005-06-16,26.02730369567871,49491777256,11.149999618530273,0.004915348014986609,0.017856979714979238,-0.00033665276305161473
2005-06-17,26.446619033813477,53602356374,11.479999542236328,0.002748501384740365,0.006578966594179336,-0.00033665276305161473
2005-06-20,26.492889404296875,43774458123,11.470000267028809,-0.005133499133234909,0.006535863001426723,-0.00033665276305161473
2005-06-21,25.981037139892578,29415958543,11.079999923706055,0.007144554798753866,-0.003246865959001921,-0.00033665276305161473
2005-06-22,26.492889404296875,41546281468,11.050000190734863,0.005378338909034941,0.02171549058102129,-0.00033665276305161473
2005-06-23,26.63266372680664,49408583340,12.130000114440918,0.003620189393755302,0.00212550632882591,-0.00033665276305161473
2005-06-24,26.35360336303711,37381755119,12.180000305175781,-0.018954606171679544,-0.0063623887770501986,-0.00033665276305161473
2005-06-27,26.306840896606445,33091091201,12.520000457763672,-0.013185039093914441,-0.012807170186797223,-0.00033665276305161473
2005-06-28,26.260101318359375,32658503329,11.579999923706055,0.009065723415222937,0.0,-0.00033665276305161473
2005-06-29,25.561717987060547,119284584828,11.770000457763672,-0.00898427446781136,-0.012973115922790823,-0.00033665276305161473
2005-06-30,25.65522575378418,42307439722,12.039999961853027,-0.005458317048014805,-0.0010949810293989781,-0.00033665276305161473
2005-07-01,25.934288024902344,20424031174,11.399999618530273,0.0006919265641296413,0.006578966594179336,-0.00033665276305161473
2005-07-04,25.65522575378418,19522557421,11.399999618530273,0.0006919265641296413,0.006578966594179336,-0.00033665276305161473
2005-07-05,25.32893943786621,20550143649,11.680000305175781,0.015523691326836397,-0.022875987093135097,-0.00033665276305161473
2005-07-06,25.42244529724121,53365764787,12.270000457763672,0.010472636568022997,0.0,-0.00033665276305161473
2005-07-07,25.42244529724121,60616153071,12.489999771118164,0.0036252416147795063,-0.02006673915647883,-0.00033665276305161473
2005-07-08,25.049875259399414,72912106836,11.449999809265137,0.025145192815606787,0.012514257293675612,-0.00033665276305161473
2005-07-11,26.446619033813477,108679945147,11.279999732971191,0.01998873871932405,0.03146065805497633,-0.00033665276305161473
2005-07-12,26.586389541625977,76117239035,10.949999809265137,0.009964591675190038,0.023965107501907834,-0.00033665276305161473
2005-07-13,26.446619033813477,47584695158,10.84000015258789,0.004494567204192501,-0.012766096193946863,-0.00033665276305161473
2005-07-14,26.53963851928711,30317490848,10.8100004196167,0.012615993257892866,0.010775997795998027,-0.00033665276305161473
2005-07-15,26.35360336303711,27211882278,10.329999923706055,-0.0006250861319725409,-0.002132405387575864,-0.00033665276305161473
2005-07-18,26.35360336303711,0,10.770000457763672,-0.006039166536276563,-0.01495721041715714,-0.00033665276305161473
2005-07-19,26.167078018188477,31257029623,10.449999809265137,0.017164273738460523,0.008676816460678971,-0.00033665276305161473
2005-07-20,26.260101318359375,65479613711,10.229999542236328,0.017024054147022127,0.0086022792985041,-0.00033665276305161473
2005-07-21,26.260101318359375,63424102491,10.970000267028809,-0.016340532757471604,-0.006396505834484034,-0.00033665276305161473
2005-07-22,26.492889404296875,43749540098,10.520000457763672,0.013327934471938363,-0.011802813115453281,-0.00033665276305161473
2005-07-25,26.12080955505371,24601317660,11.100000381469727,-0.006355320575487711,-0.021715180535419765,-0.00033665276305161473
2005-07-26,25.888010025024414,66825500732,10.989999771118164,0.010314082810116254,-0.03551619078205093,-0.00033665276305161473
2005-07-27,24.723575592041016,122266751309,10.359999656677246,-0.006603201838289774,-0.011507403100741276,-0.00033665276305161473
2005-07-28,25.09614372253418,76499842386,10.520000457763672,0.0008229539000206287,0.009313180630472484,-0.00033665276305161473
2005-07-29,24.770326614379883,41934635454,11.569999694824219,0.0003373312884877855,-0.009227245625242797,-0.00033665276305161473
2005-08-01,24.81707763671875,18557408454,12.079999923706055,-0.00014756484857292307,0.0034925535443064426,-0.00033665276305161473
2005-08-02,25.561717987060547,45061843410,11.75,0.024938406880562036,0.031322257542610865,-0.00033665276305161473
2005-08-03,26.02730369567871,59730275041,11.829999923706055,-0.0039284488156534625,0.004499450577511999,-0.00033665276305161473
2005-08-04,25.468706130981445,36365791448,12.520000457763672,-0.024262335183090622,-0.03135518002829085,-0.00033665276305161473
2005-08-05,25.468706130981445,0,12.479999542236328,-0.002856874804464171,-0.010404216177934411,-0.00033665276305161473
2005-08-08,24.86334800720215,70687652410,13.210000038146973,-0.01131185142096669,-0.00584158186843442,-0.00033665276305161473
2005-08-09,24.677310943603516,60719869436,12.399999618530273,0.012128195480418436,0.008226201930121357,-0.00033665276305161473
2005-08-10,24.584287643432617,49252872868,12.380000114440918,-0.012216110271030756,0.008157974290349923,-0.00033665276305161473
2005-08-11,24.956371307373047,33853893091,12.420000076293945,0.0070853394596872565,-0.0011561829654316291,-0.00033665276305161473
2005-08-12,24.956371307373047,38507261071,12.739999771118164,-0.013260886305698216,-0.0046292037538193664,-0.00033665276305161473
2005-08-15,24.677310943603516,51535837393,12.260000228881836,0.0106519183269147,-0.0093026833578026,-0.00033665276305161473
2005-08-16,24.677310943603516,31214533475,13.520000457763672,-0.02043779344937091,-0.01760546543859942,-0.00033665276305161473
2005-08-17,24.53753662109375,40079514004,13.300000190734863,0.012985508065316287,0.010752492524020107,-0.00033665276305161473
2005-08-18,24.21172523498535,38514103281,13.420000076293945,-0.006183301559915755,-0.02600481005503119,-0.00033665276305161473
2005-08-19,24.025205612182617,42894422739,13.420000076293945,0.002146160095044314,0.01577698108656711,-0.00033665276305161473
2005-08-22,24.21172523498535,21801291569,13.420000076293945,0.011789697943975774,0.007168593696977865,-0.00033665276305161473
2005-08-23,24.21172523498535,28805441837,13.34000015258789,-0.00042764343011159056,-0.00711757072434549,-0.00033665276305161473
2005-08-24,23.978939056396484,27495679260,14.170000076293945,-0.007593248976671463,-0.01911583288375862,-0.00033665276305161473
2005-08-25,24.11870765686035,23316013057,13.729999542236328,0.006638318885686889,0.0024360606538755825,-0.00033665276305161473
2005-08-26,24.584287643432617,37548418982,13.720000267028809,-0.0064875270087544346,0.008505376738307646,-0.00033665276305161473
2005-08-29,23.88591194152832,38574733797,13.520000457763672,0.013426217850874833,-0.007229166575878687,-0.00033665276305161473
2005-08-30,23.79241371154785,47672464489,13.649999618530273,-0.0034450093171533025,-0.008494711049523818,-0.00033665276305161473
2005-08-31,25.14289093017578,60381322224,12.600000381469727,0.010925462391100371,0.007343845278630301,-0.00033665276305161473
2005-09-01,25.14289093017578,0,13.149999618530273,-0.011356227747640335,0.0,-0.00033665276305161473
2005-09-02,24.490787506103516,60075576635,13.569999694824219,-0.0020282755192673196,0.0036452110256588455,-0.00033665276305161473
2005-09-05,24.257999420166016,24361010117,13.569999694824219,-0.0020282755192673196,0.0036452110256588455,-0.00033665276305161473
2005-09-06,24.304752349853516,19749540219,12.930000305175781,0.01559623936516874,0.0,-0.00033665276305161473
2005-09-07,24.21172523498535,16220889832,12.520000457763672,-0.0027595590211177967,-0.020581173092987237,-0.00033665276305161473
2005-09-08,24.164974212646484,22802431148,12.930000305175781,0.011427958533541949,0.017305366105959674,-0.00033665276305161473
2005-09-09,24.025205612182617,28265634941,11.979999542236328,0.006996530684939328,0.015796030099418212,-0.00033665276305161473
2005-09-12,24.53753662109375,48137107447,11.649999618530273,-0.0022191927976698,0.004784360500385221,-0.00033665276305161473
2005-09-13,24.910104751586914,80149601150,12.390000343322754,0.002307267629653831,0.010714431808769076,-0.00033665276305161473
2005-09-14,25.09614372253418,47095472940,12.90999984741211,-0.008482001746586865,-0.0035338034308387556,-0.00033665276305161473
2005-09-15,25.09614372253418,35857932990,12.489999771118164,-0.01014404950057568,0.001182374352613813,-0.00033665276305161473
2005-09-16,24.490787506103516,48407006712,11.220000267028809,0.003190586701508069,-0.02597398656883354,-0.00033665276305161473
2005-09-19,24.770326614379883,38608752463,12.140000343322754,-0.013964607380226757,0.007272516661809503,-0.00033665276305161473
2005-09-20,24.956371307373047,48550504926,12.640000343322754,-0.004015889549797591,-0.006016750549226457,-0.00033665276305161473
2005-09-21,24.956371307373047,17546722820,13.789999961853027,-0.01737231811446238,-0.014527771654326394,-0.00033665276305161473
2005-09-22,24.257999420166016,66175382015,13.329999923706055,-0.002291791813338495,-0.024570151990327305,-0.00033665276305161473
2005-09-23,23.93218994140625,38302580282,12.960000038146973,0.00789749157990971,0.00503779817147243,-0.00033665276305161473
2005-09-26,23.746145248413086,41551404761,13.039999961853027,0.004579719027153262,0.002506213349171782,-0.00033665276305161473
2005-09-27,23.978939056396484,40158053043,12.760000228881836,-0.01231545389380262,-0.015000342067455708,-0.00033665276305161473
2005-09-28,23.839168548583984,36602111187,12.630000114440918,0.0046595002188085655,-0.01015171402806514,-0.00033665276305161473
2005-09-29,25.11060333251953,50183179,12.239999771118164,0.015459566749994824,0.03205094294666977,-0.00033665276305161473
2005-09-30,25.688966751098633,52606810,11.920000076293945,0.01921267321505482,0.02111819558573269,-0.00033665276305161473
2005-10-03,25.447980880737305,37066503,12.460000038146973,0.005869697444454536,0.00851583973750536,-0.00033665276305161473
2005-10-04,26.026350021362305,61584074,13.199999809265137,-0.010855200074640137,0.013268807246015202,-0.00033665276305161473
2005-10-05,26.12273406982422,65270754,14.550000190734863,-0.013744397044950452,-0.008333245514765775,-0.00033665276305161473
2005-10-06,25.881752014160156,31700637,14.960000038146973,-0.01730201091772532,-0.004801820767980525,-0.00033665276305161473
2005-10-07,25.978145599365234,39124185,14.59000015258789,0.006021536577295761,0.015681589041970367,-0.00033665276305161473
2005-10-10,25.978145599365234,0,15.550000190734863,-0.032443374353014365,-0.019002429000047116,-0.00033665276305161473
2005-10-11,25.496173858642578,34435849,15.630000114440918,-0.016676073078616294,-0.01573865936477259,-0.00033665276305161473
2005-10-12,24.966005325317383,49680260,16.219999313354492,-0.003966121908348552,-0.011070027321201659,-0.00033665276305161473
2005-10-13,24.773225784301758,36270824,16.469999313354492,0.021420224616097494,0.0,-0.00033665276305161473
2005-10-14,24.628629684448242,40166618,14.869999885559082,-0.008155412118590277,-0.013681750921266111,-0.00033665276305161473
2005-10-17,24.14665985107422,37037227,14.670000076293945,0.004585610781395966,0.0012612180287381314,-0.00033665276305161473
2005-10-18,24.33944320678711,35050644,15.329999923706055,-0.012187466895316024,-0.003778228749531154,-0.00033665276305161473
2005-10-19,23.881580352783203,58063640,13.5,0.00022768942495221545,-0.011377974536782909,-0.00033665276305161473
2005-10-20,24.243053436279297,53103456,16.110000610351562,0.0009330639853422085,-0.023018210689841556,-0.00033665276305161473
2005-10-21,23.712894439697266,32710658,16.1299991607666,0.004638408899747093,0.020942785071411008,-0.00033665276305161473
2005-10-24,24.243053436279297,43110943,14.739999771118164,0.011180220707693866,0.02051244972715449,-0.00033665276305161473
2005-10-25,24.484041213989258,37500414,14.529999732971191,-0.010407539389178155,-0.011306448237720867,-0.00033665276305161473
2005-10-26,24.484041213989258,28925694,14.59000015258789,-0.005790054952556245,-0.016518534814784935,-0.00033665276305161473
2005-10-27,23.905675888061523,34633461,16.020000457763672,-0.02716224296809011,0.0,-0.00033665276305161473
2005-10-28,24.2912540435791,64097625,14.25,-0.006477449054274831,0.03229953544918507,-0.00033665276305161473
2005-10-31,25.06239891052246,63756769,15.319999694824219,0.018288002643400914,0.011264355930584058,-0.00033665276305161473
2005-11-01,24.966005325317383,27323881,14.850000381469727,-0.009476713019407668,-0.003712882659101635,-0.00033665276305161473
2005-11-02,25.3997802734375,38550167,13.479999542236328,0.029588814392650375,0.043478276292303164,-0.00033665276305161473
2005-11-03,25.785348892211914,50505214,13.0,0.01883411454161532,0.015476464453933358,-0.00033665276305161473
2005-11-04,26.12273406982422,61786915,13.170000076293945,0.0051164583485447945,0.004688898502755112,-0.00033665276305161473
2005-11-07,26.219127655029297,42838049,13.100000381469727,0.0032091972074017594,0.0035010389717995416,-0.00033665276305161473
2005-11-08,26.267330169677734,42921695,13.079999923706055,-0.002162079001496453,0.0034882710662320626,-0.00033665276305161473
2005-11-09,26.652894973754883,74806353,12.800000190734863,0.01406148511003047,0.02896879686128906,-0.00033665276305161473
2005-11-10,26.942087173461914,69350569,11.899999618530273,0.0127981423638317,-0.0011267723994785594,-0.00033665276305161473
2005-11-11,27.472248077392578,96114025,11.630000114440918,-0.0072761537014018884,-0.0033814475913718223,-0.00033665276305161473
2005-11-14,27.472248077392578,62320156,12.180000305175781,0.005594738492106677,-0.005656339171031699,-0.00033665276305161473
2005-11-15,27.472248077392578,56931288,12.229999542236328,-0.0031484401398036432,0.009100736598414594,-0.00033665276305161473
2005-11-16,27.375850677490234,36987039,12.260000228881836,-0.0008436404024559918,-0.01014605973522309,-0.00033665276305161473
2005-11-17,27.038482666015625,27130451,11.25,0.01063046237979881,0.02619608485944802,-0.00033665276305161473
2005-11-18,27.52044677734375,52759463,11.119999885559082,0.025000560883604583,0.012208479296166974,-0.00033665276305161473
2005-11-21,27.906021118164062,67668246,10.819999694824219,0.0002507881800275502,0.005482367793413934,-0.00033665276305161473
2005-11-22,27.95421600341797,35614206,10.600000381469727,0.008964035592785136,0.031624751283816144,-0.00033665276305161473
2005-11-23,28.77356719970703,99635505,10.960000038146973,-0.004949531559594655,0.002114573968584166,-0.00033665276305161473
2005-11-24,28.77356719970703,61217079,10.960000038146973,-0.004949531559594655,0.002114573968584166,-0.00033665276305161473
2005-11-25,28.48438262939453,23042272,10.880000114440918,0.008595482359609719,-0.009494098242902038,-0.00033665276305161473
2005-11-28,28.677173614501953,29944080,11.84000015258789,-0.012071494365556545,-0.01064966072832696,-0.00033665276305161473
2005-11-29,27.857826232910156,38924481,11.890000343322754,-0.006224450223626055,0.001076532142327613,-0.00033665276305161473
2005-11-30,28.677173614501953,52173944,12.0600004196167,0.01231664180916181,0.030107414628654405,-0.00033665276305161473
2005-12-01,28.580778121948242,57002387,11.239999771118164,0.0420853659332856,0.02087689309862295,-0.00033665276305161473
2005-12-02,29.207338333129883,72773765,11.010000228881836,0.007331996523068485,-0.008179692600446375,-0.00033665276305161473
2005-12-05,29.88210105895996,46885451,11.600000381469727,-0.01566486369689868,0.015463667148114313,-0.00033665276305161473
2005-12-06,30.12308692932129,59293230,11.520000457763672,0.01042855589810987,0.009137373992329945,-0.00033665276305161473
2005-12-07,30.12308692932129,43699599,12.180000305175781,-0.011852216066221333,-0.004024730595373782,-0.00033665276305161473
2005-12-08,29.737504959106445,38101617,12.210000038146973,-0.01708588578580139,-0.009090555100733977,-0.00033665276305161473
2005-12-09,29.303730010986328,41409801,11.6899995803833,0.01801758999589853,-0.002038548060880885,-0.00033665276305161473
2005-12-12,29.49652099609375,32498407,11.470000267028809,0.006013621254359336,0.004085327230151314,-0.00033665276305161473
2005-12-13,29.88210105895996,45184308,11.109999656677246,0.005277847075441544,0.0,-0.00033665276305161473
2005-12-14,29.448328018188477,47646626,10.479999542236328,-0.004116620394129855,-0.056968070458250475,-0.00033665276305161473
2005-12-15,29.351932525634766,32392805,10.729999542236328,-0.004772610943221234,0.04854352084611269,-0.00033665276305161473
2005-12-16,29.88210105895996,43199817,10.680000305175781,-0.006200078931481889,-0.0020574235631892757,-0.00033665276305161473
2005-12-19,30.12308692932129,36789427,11.380000114440918,-0.02299668828652579,-0.011340042200845835,-0.00033665276305161473
2005-12-20,30.026691436767578,26550159,11.1899995803833,0.005125067781302395,0.010427358113122454,-0.00033665276305161473
2005-12-21,30.36406898498535,33167572,10.8100004196167,-0.0033306984711605203,0.020639697218692854,-0.00033665276305161473
2005-12-22,29.0073184967041,21024968367,10.289999961853027,0.012191585604626187,-0.004044597692697827,-0.00033665276305161473
2005-12-23,30.797834396362305,35697852,10.270000457763672,0.0023437355616648947,0.024365654211703447,-0.00033665276305161473
2005-12-26,29.70569610595703,12674941534,10.270000457763672,0.0023437355616648947,0.024365654211703447,-0.00033665276305161473
2005-12-27,30.7496337890625,21372497,11.569999694824219,-0.012667241282122488,-0.020812558021901406,-0.00033665276305161473
2005-12-28,30.60504913330078,20573681,11.350000381469727,0.0022446387784598176,0.0,-0.00033665276305161473
2005-12-29,30.36406898498535,55692287,11.609999656677246,-0.009616170624794473,0.001011955896680794,-0.00033665276305161473
2005-12-30,30.12308692932129,29157811,12.069999694824219,-0.005207475204979994,0.002022154482362204,-0.00033665276305161473
2006-01-02,29.400117874145508,30366490,12.069999694824219,-0.005207475204979994,0.002022154482362204,-0.00033665276305161473
2006-01-03,30.315860748291016,71325650,11.140000343322754,0.02844693332647319,0.01917261190458852,-0.00033665276305161473
2006-01-04,30.55685806274414,55262558,11.369999885559082,0.00721921254871738,0.00792081596618166,-0.00033665276305161473
2006-01-05,30.846033096313477,44492141,11.3100004196167,0.02385793857226126,0.016699460574193248,-0.00033665276305161473
2006-01-06,31.56899642944336,68933386,11.0,0.021689527599427993,0.043478388821151404,-0.00033665276305161473
2006-01-09,32.822105407714844,78626866,11.130000114440918,0.009161407427239476,0.012036630318140062,-0.00033665276305161473
2006-01-10,32.14735412597656,46107547,10.859999656677246,0.006522588799026563,-0.029276877574289872,-0.00033665276305161473
2006-01-11,31.713579177856445,69942361,10.9399995803833,0.016466118382305828,0.016022486743769493,-0.00033665276305161473
2006-01-12,31.56899642944336,48264558,11.199999809265137,-0.013347172417027542,-0.03153971847789672,-0.00033665276305161473
2006-01-13,31.087026596069336,38442473,11.229999542236328,-0.004987926202735915,-0.004789741428724237,-0.00033665276305161473
2006-01-16,30.797834396362305,37459637,11.229999542236328,-0.004987926202735915,-0.004789741428724237,-0.00033665276305161473
2006-01-17,31.135215759277344,39285202,11.90999984741211,-0.015570428523043689,-0.026948620234821474,-0.00033665276305161473
2006-01-18,29.689308166503906,82601078,12.25,0.0008679609795649856,-0.015825961125204624,-0.00033665276305161473
2006-01-19,29.88210105895996,54131251,11.979999542236328,0.030545996402185915,0.026130730757600418,-0.00033665276305161473
2006-01-20,30.12308692932129,36743422,14.5600004196167,-0.04145944537951196,-0.033300968294225686,-0.00033665276305161473
2006-01-23,29.785701751708984,28493874,13.930000305175781,0.00579433718713096,-0.005065582938396873,-0.00033665276305161473
2006-01-24,29.833906173706055,40324499,13.3100004196167,0.010028401465817849,0.022402839157875665,-0.00033665276305161473
2006-01-25,30.60504913330078,41525859,12.869999885559082,0.0015747279847386775,-0.021911949282465093,-0.00033665276305161473
2006-02-03,30.55685806274414,82349095,12.960000038146973,-0.01438979530256379,-0.011538498499707783,-0.00033665276305161473
2006-02-06,32.050960540771484,54588165,13.039999961853027,0.02150273386226731,0.02431942273303478,-0.00033665276305161473
2006-02-07,31.32801055908203,41847894,13.59000015258789,0.0010922093288536772,-0.011395863573606113,-0.00033665276305161473
2006-02-08,30.412256240844727,36292781,12.829999923706055,0.01433252381272343,0.003842195408566784,-0.00033665276305161473
2006-02-09,30.36406898498535,38461293,13.119999885559082,-0.0030082554456437594,-0.0076556164884904465,-0.00033665276305161473
2006-02-10,30.171281814575195,39062496,12.869999885559082,-0.011776976481111534,-0.011571602601194275,-0.00033665276305161473
2006-02-13,30.074878692626953,27026939,13.350000381469727,-0.014045477084046132,-0.03121950920540506,-0.00033665276305161473
2006-02-14,30.026691436767578,48076355,12.25,0.006869433992884755,0.013091487427471238,-0.00033665276305161473
2006-02-15,29.544713973999023,38611855,12.3100004196167,0.003299332620763984,-0.004970099358463709,-0.00033665276305161473
2006-02-16,30.074878692626953,44765035,11.479999542236328,0.014343389763781689,0.014985344423868341,-0.00033665276305161473
2006-02-17,29.737504959106445,33274220,12.010000228881836,-0.01930581434925649,-0.01771676927671817,-0.00033665276305161473
2006-02-20,30.219470977783203,23522189,12.010000228881836,-0.01930581434925649,-0.01771676927671817,-0.00033665276305161473
2006-02-21,29.93029022216797,32982506,12.40999984741211,-0.02174028831255781,0.011021980250183194,-0.00033665276305161473
2006-02-22,29.833906173706055,37527599,11.880000114440918,0.013383701953692206,-0.018830957680106897,-0.00033665276305161473
2006-02-23,29.303730010986328,43459118,11.869999885559082,-0.011869406842585972,-0.0010097198272650543,-0.00033665276305161473
2006-02-24,29.400117874145508,46726524,11.460000038146973,0.00013354408538246432,0.0,-0.00033665276305161473
2006-02-27,29.351932525634766,45298276,11.59000015258789,0.005414157810802678,0.013144629712630085,-0.00033665276305161473
2006-03-01,29.110946655273438,57964311,11.539999961853027,0.043349523022190306,0.032887768724704225,-0.00033665276305161473
2006-03-02,30.219470977783203,80870659,11.720000267028809,0.0007693074409604872,-0.009950371738409847,-0.00033665276305161473
2006-03-03,29.785701751708984,44579969,11.960000038146973,-0.015577650382524788,-0.015075517253221649,-0.00033665276305161473
2006-03-06,29.351932525634766,28457279,12.739999771118164,-0.017125999250345747,-0.011224233302589592,-0.00033665276305161473
2006-03-07,28.966360092163086,37496232,12.65999984741211,-0.02862439655342719,-0.02476787241221634,-0.00033665276305161473
2006-03-08,28.436193466186523,62459217,12.319999694824219,-0.005492420255483577,-0.00634942634275637,-0.00033665276305161473
2006-03-09,28.821767807006836,28139426,12.680000305175781,-0.013885095250486978,0.0010651688076648291,-0.00033665276305161473
2006-03-10,29.592914581298828,65318851,11.850000381469727,-0.002363311318408723,0.02553209112833632,-0.00033665276305161473
2006-03-13,29.592914581298828,18581870,11.369999885559082,-0.004797566553753185,-0.0031123380144624235,-0.00033665276305161473
2006-03-14,28.91815757751465,34625097,10.739999771118164,0.022303153767214257,0.01768986161673136,-0.00033665276305161473
2006-03-15,29.448328018188477,32314387,11.350000381469727,0.0030328030936193073,0.017382564548962254,-0.00033665276305161473
2006-03-16,29.159149169921875,37898776,11.979999542236328,-0.03232349811813595,-0.03517598371215447,-0.00033665276305161473
2006-03-17,29.25552749633789,42512877,12.119999885559082,0.0006249140997005576,-0.0020834388867676523,-0.00033665276305161473
2006-03-20,29.01454734802246,35351768,11.789999961853027,0.003706914591492083,-0.010437949764305343,-0.00033665276305161473
2006-03-21,29.159149169921875,39790213,11.619999885559082,-0.001987136470465667,0.0010545539652404567,-0.00033665276305161473
2006-03-22,28.72536849975586,46207921,11.210000038146973,0.0007441192138175623,0.0010538442497034506,-0.00033665276305161473
2006-03-23,28.72536849975586,39473405,11.170000076293945,0.0046825998888271325,0.0,-0.00033665276305161473
2006-03-24,28.821767807006836,22809110,11.1899995803833,0.009841538646453207,0.013684049900051898,-0.00033665276305161473
2006-03-27,29.062742233276367,25907134,11.460000038146973,-0.0020203698959442296,0.0,-0.00033665276305161473
2006-03-28,29.592914581298828,41086719,11.579999923706055,-0.020463675650059132,-0.0072686769434412435,-0.00033665276305161473
2006-03-29,29.833906173706055,46391942,10.949999809265137,0.02455876707510707,0.03242637081842692,-0.00033665276305161473
2006-03-30,30.315860748291016,91007461,11.569999694824219,-0.00023731209094235428,0.01823742941845463,-0.00033665276305161473
2006-03-31,30.942428588867188,91399549,11.390000343322754,-0.011592276430203663,0.0009948382819529034,-0.00033665276305161473
2006-04-03,31.23160743713379,37725212,11.569999694824219,0.01106772277474577,0.02584481943615491,-0.00033665276305161473
2006-04-04,31.087026596069336,26653671,11.140000343322754,-0.0022565940267859075,0.00387607337948781,-0.00033665276305161473
2006-04-06,31.76177215576172,65636704,11.449999809265137,0.012877888897731227,0.006679316688128489,-0.00033665276305161473
2006-04-07,32.48472213745117,68181621,12.260000228881836,-0.01843266477345673,-0.011374439395734237,-0.00033665276305161473
2006-04-10,32.29194641113281,47331909,12.1899995803833,-0.007923325123622926,0.0038349194134879028,-0.00033665276305161473
2006-04-11,31.85818099975586,33915155,13.0,-0.014720265000151778,-0.024832748456351195,-0.00033665276305161473
2006-04-12,32.19554901123047,55796844,12.760000228881836,0.00615887883801669,0.017629359549791834,-0.00033665276305161473
2006-04-13,32.388336181640625,39164962,12.380000114440918,0.0030013263399046863,0.015399931364902253,-0.00033665276305161473
2006-04-14,32.77391052246094,38892068,12.380000114440918,0.0030013263399046863,0.015399931364902253,-0.00033665276305161473
2006-04-17,32.67751693725586,35193887,12.579999923706055,-0.014804304413900238,0.014217778579348028,-0.00033665276305161473
2006-04-18,32.725704193115234,29590677,11.399999618530273,0.03401015479283798,0.01962649445539899,-0.00033665276305161473
2006-04-19,33.44866943359375,57104852,11.319999694824219,0.01746986210115331,-0.0054999055576179234,-0.00033665276305161473
2006-04-20,33.689659118652344,38494751,11.640000343322754,0.005318137175533755,0.002765073175438948,-0.00033665276305161473
2006-04-21,33.400474548339844,39472359,11.59000015258789,-0.020555484475574537,-0.007352788077225725,-0.00033665276305161473
2006-04-24,32.870304107666016,41773659,11.75,-0.0069827090168834705,-0.011111318714015161,-0.00033665276305161473
2006-04-25,32.29194641113281,36433933,11.75,0.0027583494219256544,-0.020599135109043654,-0.00033665276305161473
2006-04-26,33.25588607788086,37492050,11.760000228881836,-0.005307879736795584,0.014340385926456811,-0.00033665276305161473
2006-04-27,32.388336181640625,50857571,11.84000015258789,0.012989864055303002,0.0065973889985264655,-0.00033665276305161473
2006-04-28,32.822105407714844,46648106,11.59000015258789,-0.006229032676153712,-0.01872629201130016,-0.00033665276305161473
2006-05-02,32.388336181640625,52414425,11.989999771118164,0.003320208259911084,0.0038167134684763404,-0.00033665276305161473
2006-05-03,32.29194641113281,41723472,11.989999771118164,0.012361049926098433,0.019961942697620527,-0.00033665276305161473
2006-05-04,32.532920837402344,25590326,11.859999656677246,0.013036981441528761,0.02050332008445732,-0.00033665276305161473
2006-05-05,33.01490020751953,55011621,11.619999885559082,0.003986057722844771,0.02831023332850613,-0.00033665276305161473
2006-05-08,33.44866943359375,41549907,12.0,-0.0067493946521585135,-0.008881190763602165,-0.00033665276305161473
2006-05-09,32.77391052246094,42165748,11.989999771118164,-0.010221306470774238,-0.03942596875746829,-0.00033665276305161473
2006-05-10,32.050960540771484,75295680,11.779999732971191,-0.024903940551179282,-0.023321224015978137,-0.00033665276305161473
2006-05-11,32.09915542602539,42994885,12.489999771118164,-0.022778798165445924,-0.009551217941427548,-0.00033665276305161473
2006-05-12,31.279808044433594,57094397,14.1899995803833,-0.007830452868934357,-0.02025023571120166,-0.00033665276305161473
2006-05-15,30.460458755493164,61700133,13.569999694824219,-0.009458493381998445,-0.011811710399446618,-0.00033665276305161473
2006-05-16,30.074878692626953,58757899,13.350000381469727,-0.005565003539963698,-0.005975641423213496,-0.026150655595942318
2006-05-17,30.701438903808594,33387142,16.260000228881836,-0.011522797621622116,-0.010019973375191338,-0.00726343415958719
2006-05-18,29.100339889526367,58946971613,16.989999771118164,-0.008920320453124853,-0.009109337191045896,0.00883692272151082
2006-05-19,29.100339889526367,45212447317,17.18000030517578,0.03216627883126666,0.006128428360934857,0.003108251901285497
2006-05-22,29.303730010986328,66874659,17.719999313354492,-0.041885372053817815,-0.03959393443107706,0.005946748737776897
2006-05-23,29.448328018188477,60425583,18.260000228881836,-0.016156579461148013,0.006342715732376103,-0.004667069737984697
2006-05-24,29.400117874145508,58294711,17.360000610351562,0.007496028837118418,-0.00630273924898439,0.0017192372060221839
2006-05-25,28.821767807006836,53210104,15.5,-0.004408228684790849,0.002114573968584166,0.0024965465946638066
2006-05-26,28.677173614501953,62662057,14.260000228881836,0.008164314251480675,-0.01265866378383762,-0.0029261251367947994
2006-05-29,28.029407501220703,35559318188,14.260000228881836,0.008164314251480675,-0.01265866378383762,0.0013737484121802979
2006-05-30,29.01454734802246,34352203,18.65999984741211,-0.021638017750453598,-0.007478656054734856,0.0018705395843068295
2006-06-01,29.592914581298828,47066334,14.520000457763672,0.022851496609834987,0.02217576152980283,0.002028987888827327
2006-06-02,30.12308692932129,46201648,14.319999694824219,-0.0014936030511277787,0.011363469872163412,-0.004049818284926343
2006-06-05,29.110946655273438,55459125,16.649999618530273,-0.0299799772401681,-0.052094217549338406,0.0035971152201472734
2006-06-06,29.303730010986328,54823419,17.34000015258789,-0.004474213292452012,0.0032329737060361463,-0.0010285475139967248
2006-06-07,28.966360092163086,33273175,17.799999237060547,-0.02358409877356371,-0.018260294540733746,0.00617752006340222
2006-06-08,26.942087173461914,80875887,18.350000381469727,-0.0017650841080689705,-0.014222719965408803,0.009302301924358103
2006-06-09,28.19520378112793,71531628,18.1200008392334,-0.00581970690699618,-0.025527367767180675,-0.00337943511305272
2006-06-12,27.713232040405273,55858533,20.959999084472656,-0.01906972312739852,-0.01822296273482016,0.003144303159789974
2006-06-13,27.086669921875,54639398,23.809999465942383,-0.005278916255570754,-0.017401548649602416,0.004087008202150022
2006-06-14,28.00242042541504,58904278,21.459999084472656,0.013705844028119252,0.05076733227645791,-0.00260134924123423
2006-06-15,27.375850677490234,45438382,15.899999618530273,0.041540473651996646,0.024719065554276165,-0.0018410976683057578
2006-06-16,28.628984451293945,57760425,17.25,-0.008850830624881567,-0.003289796402295986,0.0003074742270459119
2006-06-19,28.628984451293945,67351439,17.829999923706055,-0.009591436267628484,-0.007700690361587159,0.0015365468854884323
2006-06-20,28.347267150878906,91355412,16.690000534057617,-0.0069683050368647415,0.010826600278460718,9.200221039407097e-05
2006-06-21,28.658205032348633,34227699,15.520000457763672,0.020894515246219436,0.022432035815090456,0.0009511872518670472
2006-06-22,29.901960372924805,42459279,15.880000114440918,-0.01357136185714336,0.0011551120575095108,0.0002758359090879736
2006-06-23,29.331905364990234,29058725,15.890000343322754,-0.008415138208498596,0.00461348545991247,0.0022064294477379676
2006-06-26,29.539207458496094,24011566,15.619999885559082,0.006510838670547026,0.0011479732201846726,0.002140336061921655
2006-06-27,29.746492385864258,37100479,16.399999618530273,-0.037451789017277415,-0.014908263392806487,-0.003691905160403519
2006-06-28,29.07280158996582,57331751,15.789999961853027,-0.005700758101062409,-0.004656555725755962,-0.00024497520458410804
2006-06-29,29.38373374938965,51614615,13.029999732971191,0.03987792185353389,0.058479517044085494,-0.0011027169698174522
2006-06-30,30.264724731445312,71963641,13.079999923706055,-0.00997377134978461,0.014364744850447808,-0.007145099804457322
2006-07-03,30.316556930541992,30083993,13.050000190734863,0.009712053011205146,0.00871465172071395,-0.0024708286460127793
2006-07-04,30.472026824951172,30927555,13.050000190734863,0.009712053011205146,0.00871465172071395,-0.0020126463642146097
2006-07-05,29.901960372924805,23413662,14.149999618530273,-0.03163613820244382,-0.032397490703195864,0.004436633262026701
2006-07-06,29.59103012084961,39664663,13.649999618530273,-0.002593163949860533,0.0022318855682978977,0.0033977022502413856
2006-07-07,29.487375259399414,39109394,13.970000267028809,-0.015181758103992249,-0.024498628954310764,-0.002739747582948704
2006-07-10,29.487375259399414,41145718,14.020000457763672,-0.02203936688998087,0.013698666087948341,-0.0009568536260053939
2006-07-11,29.228267669677734,26654930,13.140000343322754,0.03290029444662235,0.009008965949466319,0.002440863944907168
2006-07-12,29.59103012084961,52523144,14.489999771118164,-0.026952020888585615,-0.010044669290928288,0.0023425044091711644
2006-07-13,29.17644691467285,19841467,17.790000915527344,-0.014292921305204875,-0.033822061074120446,0.0016912762731111641
2006-07-14,28.5545597076416,52402345,18.049999237060547,-0.004914457362092506,-0.008167810574231216,0.002977747346077475
2006-07-17,27.8808650970459,56417131,18.639999389648438,-0.005476651987114334,-0.03058824655348824,0.005662265964207602
2006-07-18,28.03632164001465,29474923,17.739999771118164,-0.003761354865377986,0.009708799332450946,0.00012178889190095354
2006-07-19,27.8808650970459,32017790,15.550000190734863,0.022875374779185886,0.03004780037199195,0.0019475723777888643
2006-07-20,29.12462043762207,48255594,16.209999084472656,-0.025041663305980122,-0.012835543610854705,-0.005527690531822671
2006-07-21,28.45091438293457,43132301,17.399999618530273,-0.047633118056361945,-0.05437322866972394,-0.0013132354255275258
2006-07-24,27.41444969177246,74943008,14.979999542236328,0.01831734327998502,0.049999872892263486,0.004464828900332396
2006-07-25,27.8808650970459,43911911,14.850000381469727,0.010818326511537357,0.0,-0.0017049185506520237
2006-07-26,27.79380226135254,39066183301,14.619999885559082,-0.0009087951751237666,0.005952116536176444,0.001738310611512528
2006-07-27,27.9482364654541,52802041866,14.9399995803833,0.010686976617427124,-0.009467100332574363,-0.0015831568463403611
2006-07-28,28.191797256469727,41668503,14.329999923706055,0.03042190488889207,0.037037099640002014,0.0009148527418596508
2006-07-31,28.399091720581055,39760084,14.949999809265137,0.0013343689290472582,-0.0011519408798025266,-0.0010053600998596313
2006-08-01,28.5545597076416,21196648,15.050000190734863,-0.01993900484651756,-0.006920636138003977,0.0019211919277133394
2006-08-02,28.45091438293457,22049346,14.34000015258789,0.010456609245459436,0.0034841244655865466,0.0013697149374398698
2006-08-03,28.45091438293457,32050274,14.460000038146973,0.015339074394017826,0.0011574789514858796,0.0004559084788078316
2006-08-04,28.45091438293457,35807220,14.34000015258789,-0.009637886090366532,-0.01156058964609008,-0.0044053001285280224
2006-08-07,28.295442581176758,21937683,15.229999542236328,-0.0060822528878630155,-0.015204581354852142,0.0024411966811086483
2006-08-08,28.761863708496094,21339779,15.229999542236328,-0.006878353500016532,0.010688758777430252,-0.0010958690949122163
2006-08-09,28.917325973510742,51550663,15.199999809265137,0.0070985520013504555,-0.0070508593062688085,-0.0013408520560292958
2006-08-10,29.4355525970459,60819692,14.460000038146973,0.014977960071824947,0.041420382116283294,-0.005035120940569016
2006-08-11,29.746492385864258,46873006,14.300000190734863,-0.022497063050924138,-0.017045501360203663,0.002300284127969343
2006-08-14,29.850139617919922,25133270,14.260000228881836,0.011149701342040297,0.025433665223756785,0.0017441617506332996
2006-08-15,29.850139617919922,20543928,13.420000076293945,0.037227695043028364,0.04396854980265874,0.0002443541034709007
2006-08-16,30.575668334960938,58560042,12.40999984741211,0.04334735368521292,0.022677861536440025,-0.00027481664813389095
2006-08-17,30.938432693481445,62238825,12.239999771118164,0.005658188480785364,0.012671910907171124,-0.0033297030628280933
2006-08-18,30.88661003112793,57626135,11.640000343322754,-0.00053794857622258,-0.011470618147062628,0.0007050180919567772
2006-08-21,30.005615234375,41619,12.220000267028809,-0.020454349669339678,-0.02109667214085864,0.0011638039107830789
2006-08-22,30.472026824951172,20302,12.1899995803833,-0.002083609615797233,0.00862055248029181,0.002661582270806928
2006-08-23,30.10926055908203,32399474,12.399999618530273,-0.009475997320573804,-0.028846324616636276,0.0
2006-08-24,29.487375259399414,36856851,12.399999618530273,0.006717455603411526,-0.00880054824076093,0.0018305890404421987
2006-08-25,29.539207458496094,24699815,12.3100004196167,-0.0021167716657350955,-0.007769230135105221,0.002284171312035177
2006-08-28,29.12462043762207,26852877,12.180000305175781,0.010952543110066548,0.005592987421613849,0.00012159275144929538
2006-08-29,29.28008460998535,26054996,12.279999732971191,0.016581505633692428,0.002224633930772102,-0.0013065285398775606
2006-08-30,29.69466781616211,26826484,12.220000267028809,0.018016144993390215,0.02330690529755386,0.0008518109977619925
2006-08-31,30.10926055908203,40281854,12.3100004196167,-0.009961603425242771,0.009761609425525952,-6.075873044397717e-05
2006-09-01,30.472026824951172,29076998,11.960000038146973,-0.010462639576285349,0.0032223505455428736,-0.0007294969439632926
2006-09-04,30.73113250732422,26855923,11.960000038146973,-0.010462639576285349,0.0032223505455428736,-0.004076375173194924
2006-09-05,30.36837387084961,15028800,12.630000114440918,0.01673715463425829,0.004282730253317046,0.000733134071252417
2006-09-06,29.95378875732422,25035819,13.739999771118164,-0.03283470229881624,-0.031982651789769445,0.0011292845047121691
2006-09-07,29.59103012084961,23380164,13.880000114440918,-0.0035688588808769905,-0.0033042648397824115,0.0016768386114363043
2006-09-08,29.237598419189453,30968925561,13.15999984741211,0.007186204898003368,-0.009944680558781172,0.002587097417651396
2006-09-11,29.17644691467285,36606117,12.989999771118164,0.023570156601713688,0.005580503409803317,-0.0007892277762316935
2006-09-12,29.38373374938965,28685163,11.920000076293945,0.03768126348407619,0.03329602762951245,-0.00042534904119140293
2006-09-13,30.264724731445312,45216335,11.180000305175781,-0.007790580167599925,0.01825982813117344,-0.00039515160116398995
2006-09-14,30.264724731445312,40731551,11.550000190734863,0.003266086491359177,0.0021098351054735787,0.0006385473829997323
2006-09-15,30.423812866210938,42647055608,11.760000228881836,0.0012074570991671418,0.001052696536628428,0.0006685109547348578
2006-09-18,31.042072296142578,61945456,11.779999732971191,0.009367069449359944,0.04311256740609859,-3.0350764480102654e-05
2006-09-19,31.35301399230957,51626796,11.979999542236328,-0.021995155887308715,-0.02520156069764501,-0.0010021848579842008
2006-09-20,31.042072296142578,34033812,11.390000343322754,0.0038610498909426028,0.019648051768377695,0.0002127909016871321
2006-09-21,31.35301399230957,34170852,12.25,-0.017644536511793207,-0.02231204998309566,-0.00033436425112842727
2006-09-22,30.938432693481445,28759266,12.59000015258789,-0.006149355223041497,-0.01452298161952914,0.001155357416230185
2006-09-25,30.938432693481445,16036811,12.119999885559082,0.025083479765815042,0.030526431106503216,0.00015186966501334886
2006-09-26,31.35301399230957,26138235,11.529999732971191,-0.0034305714169607926,-0.007150051735001162,0.0012144253578965092
2006-09-27,31.56031036376953,35342297,11.579999923706055,-0.00701540819442148,-0.0154322290433494,-0.0005154902745170276
2006-09-28,31.56031036376953,74300439,11.720000267028809,0.009544297189981732,0.009404321517789471,0.002336296616264777
2006-09-29,30.938432693481445,46391840,11.979999542236328,-0.011779491861934277,-0.0062111056454561275,0.001664910108364559
2006-10-02,31.197542190551758,44685429,12.569999694824219,-0.003188941154161573,0.007291747548179073,0.0010577167497949347
2006-10-03,31.093894958496094,31465567,12.239999771118164,-0.010965237721500931,-0.021716614254610245,-0.0009056235259433665
2006-10-04,30.316556930541992,46779615,11.859999656677246,0.018939003080955086,0.011627780900719475,0.0016618916194925948
2006-10-05,31.456653594970703,45036660,11.979999542236328,-0.0029773666127458354,0.029257961029854673,0.0007540787339670452
2006-10-09,31.456653594970703,0,11.680000305175781,0.011233686080263316,0.0010299295149387433,3.020492194960589e-05
2006-10-11,31.40483856201172,38087172,11.619999885559082,0.012865053445366703,0.0010207420044583415,0.006037758881191069
2006-10-12,31.61212730407715,31482824,11.09000015258789,0.01363530988668682,0.02854207792795438,-0.001350397077638621
2006-10-13,32.75224304199219,78219804,10.75,0.009467609719415737,0.020813182970769173,-0.0048076878990646055
2006-10-16,33.68505096435547,80407380,11.09000015258789,0.008890901040783161,0.0029120272623646137,0.004378033286229321
2006-10-17,32.59676742553711,38272938,11.729999542236328,-0.02464979889339669,-0.03000931221355141,-0.002254644951618201
2006-10-18,32.1303596496582,36902531,11.34000015258789,-0.02865829326075553,-0.02395242184402413,-0.0004519249855094998
2006-10-19,31.61212730407715,38504385,10.899999618530273,-0.003019207959327086,-0.007157183547645607,0.0009043736151959081
2006-10-20,32.026710510253906,19804923,10.630000114440918,-0.004141708587537263,0.0030892421631105726,-0.00045183567289164284
2006-10-23,31.715776443481445,12936645,11.079999923706055,0.005187487903428156,0.01540118261415202,0.0037661947927714046
2006-10-24,32.648597717285156,52962690,10.779999732971191,-0.011344611725425557,0.0030329266960311685,0.0
2006-10-25,32.285831451416016,39131727,10.65999984741211,0.025964616281374253,0.005040365621046483,0.00030022922535710705
2006-10-26,31.712661743164062,33418405823,10.5600004196167,0.011579176859403573,0.0010028046958256986,-0.0007502333175251064
2006-10-27,32.38947677612305,38132852,10.800000190734863,-0.0194246135302234,-0.02805589560723909,-0.0009008642637892139
2006-10-30,31.456653594970703,60226864,11.199999809265137,0.011253313222798322,-0.003092791493182534,0.001653150117794766
2006-10-31,31.61212730407715,27665986,11.100000381469727,0.001617933954811912,0.0031023865278443363,-0.001860473315492106
2006-11-01,31.197542190551758,54269145,11.510000228881836,-0.01931726818771684,-0.024742240787965386,-0.0026456197555511096
2006-11-02,31.508480072021484,38329785,11.420000076293945,-0.004317911766834492,0.004228122515446353,-0.0044310282595769745
2006-11-03,31.663942337036133,59433042,11.15999984741211,0.004068408283120606,0.005263110376674485,-0.0035727271089288637
2006-11-06,31.35301399230957,36353353,11.15999984741211,0.01763245019044901,0.0,0.0010635019013791602
2006-11-07,31.40483856201172,40351897,11.09000015258789,0.019120973855498047,0.006282647569072264,-0.003976339960913955
2006-11-08,31.301183700561523,28891231,10.75,-0.00034345037191285677,0.00208138614557396,0.0014018844237608796
2006-11-09,31.35301399230957,42639970,11.010000228881836,-0.019219634276714803,-0.015576549104161619,0.001978047032917818
2006-11-10,31.508480072021484,32187315,10.789999961853027,0.010071823075518793,0.0,-0.004707631978390636
2006-11-13,31.093894958496094,27048795,10.859999656677246,0.01562906312257084,0.010548615889408808,-0.0012206565446619688
2006-11-14,31.508480072021484,24290723,10.5,0.02832262195636126,0.02922742387586985,0.0009165530008077294
2006-11-15,32.026710510253906,52333317,10.3100004196167,0.004254883099713558,0.004057046158316258,0.0015568530236427236
2006-11-16,32.2340087890625,36581754,10.15999984741211,0.004298822834091887,0.011110992023193544,0.001798119729010228
2006-11-17,32.3376579284668,30150991,10.050000190734863,-0.005515149523541929,-0.0029970113803927667,0.0015211207388281522
2006-11-20,32.2340087890625,34728151,9.970000267028809,0.017527113289937946,0.003006020457914982,0.00045574742345699804
2006-11-21,32.648597717285156,44474285,9.899999618530273,-0.010981821171311412,0.006993262112795939,-0.0021253891575965245
2006-11-22,32.648597717285156,36937045,10.140000343322754,0.012358090553211687,0.022817284440338703,-0.0018256920805310717
2006-11-23,32.9077033996582,44517935,10.140000343322754,0.012358090553211687,0.022817284440338703,-0.000640143522387171
2006-11-24,32.85588455200195,24710981,10.729999542236328,-0.006093507623969874,0.01648874762208319,-0.0019521466340568505
2006-11-27,33.47776794433594,43691630,12.300000190734863,-0.023481073040399703,-0.020037549311736624,0.0015280939851833875
2006-11-28,33.16682052612305,34585020,11.619999885559082,0.001297548006784277,0.0,-0.0016783736468563015
2006-11-29,33.425941467285156,64572577,10.829999923706055,-0.004326383267514777,0.019473837374490488,-0.005960559190423598
2006-11-30,33.944175720214844,73244718,10.90999984741211,0.005520676483794729,0.026742608338157003,-0.005535064656889022
2006-12-01,34.46240234375,70899799,11.65999984741211,-0.010291838783713536,-0.012092456202127844,-0.00030916269282710296
2006-12-04,34.35875701904297,51629842,11.229999542236328,0.019679834471402646,0.0433141614704422,0.0021651621051559378
2006-12-05,34.66970443725586,47807928,11.270000457763672,0.007653738895219586,0.00902526888546662,-0.0023148382533114686
2006-12-06,35.18792724609375,48948919,11.329999923706055,0.003510417426653367,-0.013416852528511991,-0.0007734423909919741
2006-12-07,34.721527099609375,35983850,12.670000076293945,-0.016917928869746635,-0.002719702168322402,0.0017027958660962295
2006-12-08,34.25511169433594,38821101,12.069999694824219,-0.006617226326790404,-0.007272532011857624,0.0007727252737639301
2006-12-11,34.46240234375,35027611,10.710000038146973,-0.0025137473255097964,-0.004579197558625014,0.0025941825515187755
2006-12-12,33.27046585083008,42079625,10.649999618530273,-0.007035173301735309,-0.016559222530160955,0.00015404965522125558
2006-12-13,33.63322448730469,39262677,10.180000305175781,-0.01230882979685144,-0.011225144429397593,0.001355099198101728
2006-12-14,33.218650817871094,23654245,9.970000267028809,0.01862910357846448,0.013244842535546475,0.0017531204652585508
2006-12-15,33.63322448730469,34750484,10.050000190734863,0.0002732898748090129,0.00280088016575597,0.0003070966019094179
2006-12-18,34.51423645019531,33957678,10.600000381469727,0.001239927354784065,0.008379665424274263,0.0003068852354597418
2006-12-19,33.73686981201172,36219358,10.300000190734863,-0.014125895565449853,-0.019389907062149936,0.004142323439740192
2006-12-20,33.58140563964844,33437938,10.260000228881836,0.0067702889931580135,-0.003766709465389484,-0.0015278606384072635
2006-12-21,33.63322448730469,34600247,10.529999732971191,-0.013491812091526278,0.017013026814415744,-0.0015301985685690633
2006-12-22,33.99600601196289,9512657,11.359999656677246,-0.0060664136419955605,-0.0009295076395321455,-0.0013792542205459668
2006-12-25,33.73686981201172,4135584,11.359999656677246,-0.0060664136419955605,-0.0009295076395321455,0.002915819541646325
2006-12-26,34.20328903198242,19243564,11.260000228881836,0.008238537234254384,0.015814521689785366,-0.0013771436877120236
2006-12-27,34.41059112548828,23128415,10.640000343322754,0.00530496979910855,0.008241373396507656,0.0013790428278375177
2006-12-28,34.25511169433594,20507384,10.989999771118164,-0.0020639883153703575,-0.0018164819920682973,0.0003061097617143016
2006-12-29,34.98064041137695,30997598,11.5600004196167,-0.004179025268217562,-0.005459282352944017,-0.0032124686499823696
2007-01-02,35.084285736083984,26292533,11.5600004196167,-0.004179025268217562,-0.005459282352944017,-0.004911737334297839
2007-01-03,35.2397575378418,42463339,12.039999961853027,-0.004239513626783986,0.0036597964415701068,-0.0003702309812957383
2007-01-04,35.084285736083984,22444226,11.510000228881836,0.020126491329013785,0.0,0.0043822575548735365
2007-01-05,34.66970443725586,30905222,12.140000343322754,-0.011234836397883807,-0.025524513374606372,0.003533620677125482
2007-01-08,34.09964370727539,24350615,12.0,0.006075617036956027,0.0056124894992772845,0.00015312517264542969
2007-01-09,34.20328903198242,26319941,11.90999984741211,0.007289035922829035,-0.012092456202127844,0.001224580266530051
2007-01-10,33.27046585083008,74638473,11.470000267028809,0.017649003019836407,0.005649231592101733,0.0009172535580899144
2007-01-11,34.09964370727539,69732415,10.869999885559082,-0.0029145745642591425,0.021535587733837014,0.001374619462541915
2007-01-12,35.8098030090332,134447109,10.149999618530273,0.00031098227609915874,0.031164294825758887,-0.0012201678559957685
2007-01-15,35.86162185668945,70399346,10.149999618530273,0.00031098227609915874,0.031164294825758887,0.0018325459840526914
2007-01-16,36.431671142578125,76456547,10.739999771118164,-0.01243498090043682,0.00533279739960002,0.0
2007-01-17,36.74262619018555,49354965,10.59000015258789,-0.008142513920919248,0.015915561283624147,0.0
2007-01-18,36.714630126953125,55236218231,10.850000381469727,-0.038634917456144,-0.020887632414854806,0.0006097700679539297
2007-01-19,36.172569274902344,47456698,10.399999618530273,0.0054140701987925866,0.003555617455866855,0.0003047573529395553
2007-01-22,35.75797653198242,55429423,10.770000457763672,-0.01006933154393097,-0.0203720116000653,0.004112041242882336
2007-01-23,35.65433883666992,39219027,10.34000015258789,0.0012161491208253494,0.017178961775938584,0.0006067179636308762
2007-01-24,36.53533172607422,80198266,9.890000343322754,0.013118968996904012,0.02044460387617164,0.0
2007-01-25,36.79444885253906,39276889,11.220000267028809,-0.005646140955042345,-0.06271808188533357,-0.0027285175359265113
2007-01-26,35.2397575378418,123692965,11.130000114440918,0.01457918974319905,0.01579957543910626,0.0016719958781092892
2007-01-29,35.55069351196289,46715662,11.449999809265137,-0.005510178404874666,-0.014638781270553403,0.0015174274932576726
2007-01-30,35.06458282470703,40901509938,10.960000038146973,0.0006518714967960193,0.012998887777697421,0.00015154751864354665
2007-01-31,34.928810119628906,84426227,10.420000076293945,-0.003474294733881722,0.0,-0.0012119652850424156
2007-02-01,34.721527099609375,34083552,10.3100004196167,0.007887927206173595,0.009165983368895514,0.0
2007-02-02,35.136112213134766,52608414,10.079999923706055,0.00851796639204383,-0.006357767283583615,-0.001971746592086099
2007-02-05,35.136112213134766,26738169,10.550000190734863,0.0013505207398267771,-0.00822687507824893,0.001519733578772664
2007-02-06,35.7061653137207,36294476,10.649999618530273,-0.005373358123324845,0.011060428955703916,0.0010622108225100124
2007-02-07,35.65433883666992,31078807,10.319999694824219,0.014011784337979893,0.01731957506459003,0.0015158173756364413
2007-02-08,35.447044372558594,42722194,10.4399995803833,-0.004924435817203587,-0.0035841336876477614,0.00045404539784232867
2007-02-09,35.2397575378418,60761830,11.100000381469727,-0.013822529053759802,-0.01528799624998356,-0.0021179938408508736
2007-02-12,34.721527099609375,52307939,11.609999656677246,-0.009798391557244046,-0.0246575251758685,0.002880570710180219
2007-02-13,34.09964370727539,59982220,10.34000015258789,0.0043687950225188565,0.004682103068362142,0.0015116926956073584
2007-02-14,34.876983642578125,36108710,10.229999542236328,0.02135756743159889,0.039141862489838086,-0.0031697975014740587
2007-02-26,35.7061653137207,92771500,11.149999618530273,-0.0010439749526014452,0.0,-0.0019650071888819287
2007-02-27,35.913448333740234,77431059,18.309999465942383,-0.030103130736858774,-0.039508145649664206,-0.0009086409162946119
2007-03-01,34.56604766845703,93824176,15.819999694824219,-0.008277873169195593,-0.01531498748857274,-0.0016674338080358009
2007-03-02,34.44581604003906,32609394488,18.610000610351562,-0.017652172335756555,-0.026532573636424694,0.0010325052053878903
2007-03-05,32.64081573486328,76199105583,19.6299991607666,-0.007456579067018243,-0.049812188863400886,-0.0011831532585029336
2007-03-06,33.73686981201172,68872611,15.960000038146973,0.016641228601853353,0.049456064281531154,0.0024298202857553353
2007-03-07,33.944175720214844,52956599,15.239999771118164,-0.004511050266213568,-0.010367300404944713,0.0004544580870482484
2007-03-08,34.15147018432617,42735391,14.289999961853027,0.017975026095330193,0.02666661950786242,-0.0022713737704330716
2007-03-09,34.46240234375,38752073,14.09000015258789,0.006995223815836837,-0.0027834304274862998,0.003187116199998785
2007-03-12,34.825172424316406,36451819,13.989999771118164,0.008967466229960808,0.03441892685640813,0.0006051575862442427
2007-03-13,35.8098030090332,88232914,18.1299991607666,-0.01664892179691302,-0.014388501221975769,-0.0021167128959839188
2007-03-14,35.18792724609375,49611790,17.270000457763672,0.004985854830501513,0.00912416591340559,0.0006060744776870131
2007-03-15,35.75797653198242,39083001,16.43000030517578,0.0013088790095217018,0.00813689380233118,0.0016656663965264329
2007-03-16,35.75797653198242,32378157,16.790000915527344,-0.004870305120685758,-0.011659044460976431,0.0016628965655960393
2007-03-19,35.75797653198242,24381068,14.59000015258789,-0.005974633811097085,0.0018153154078426326,0.00030179055873391647
2007-03-20,35.86162185668945,27396980,13.270000457763672,0.009570080763602107,0.024455863582890647,0.001207028251781983
2007-03-21,36.1207389831543,36829443,12.1899995803833,0.01855758752844716,0.021220774438532652,-0.0010548477121818944
2007-03-22,36.379852294921875,64008173,12.930000305175781,-0.012851050763242111,-0.01818186550766232,-0.0046763848893104365
2007-03-23,36.27620315551758,52240942,12.949999809265137,0.006341175107686947,0.002645509659057632,0.002121845749098794
2007-03-26,36.27620315551758,17781796,13.15999984741211,-0.0010432484320057611,0.005276903271082656,0.0003024295558946566
2007-03-27,35.86162185668945,47981513,13.479999542236328,-0.006746425616941276,-0.02712150482434117,0.0003024534721127736
2007-03-28,35.39521789550781,37260867,14.979999542236328,-0.013521512319871865,-0.026978648523033444,-0.00015118101083477775
2007-03-29,35.60251235961914,58493045,15.140000343322754,-0.009379497827505023,-0.0018482162988390227,-0.00045349627520629987
2007-03-30,35.18792724609375,40987360,14.640000343322754,0.00185069209103772,-0.004629915047813404,0.0006049744988767536
2007-04-02,35.34340286254883,25540332,14.529999732971191,-0.00025773162071873745,0.0027911995372074117,0.0013602831455428177
2007-04-03,35.2397575378418,27851752,13.460000038146973,0.006767625548640854,0.01113167108930857,0.0010565991671580566
2007-04-04,35.913448333740234,57533759,13.239999771118164,0.009432317984130245,-0.011009121173423675,-0.0010554839437021402
2007-04-09,35.75797653198242,43425670,13.140000343322754,-0.005950404585654989,-0.009116248837587437,-0.00045281176297173875
2007-04-10,35.498870849609375,38949006,12.680000305175781,0.008058841783271875,-0.005519876419584513,0.0004530168943501778
2007-04-11,35.913448333740234,30941767,13.489999771118164,-0.011120877543881691,-0.0037000158604827416,-0.0007547630454008969
2007-04-12,35.498870849609375,29913454,12.710000038146973,0.009760658495251873,0.0027855228672231114,0.0022658841811757924
2007-04-13,35.39521789550781,15635840,12.199999809265137,-0.0073547612378059846,-0.009259256985010733,-0.0010550067284706977
2007-04-16,34.98064041137695,26257004,11.979999542236328,0.0034294108727410677,0.006542046189085493,0.0018105423776730856
2007-04-17,35.2397575378418,29041468,12.140000343322754,-0.0052531092748761,-0.010213447011478305,0.0
2007-04-18,35.55069351196289,47689159,12.420000076293945,0.025322852446498567,0.0009378122480967477,-0.0009036925694180242
2007-04-19,34.928810119628906,71378934,12.539999961853027,0.006184718127314248,-0.011246600653151972,0.00015077082880021742
2007-04-20,34.98064041137695,36506635,12.069999694824219,0.0017884808501553717,-0.0028432751438630666,-0.0004521293140432592
2007-04-23,35.55069351196289,50902003,13.039999961853027,-0.006669235098682336,0.005703437233738784,0.0015078177711285168
2007-04-24,36.172569274902344,62405304,13.119999885559082,0.030905246856520296,0.01984857307118637,0.0
2007-04-25,35.913448333740234,26780804,13.210000038146973,0.007654990256656502,0.01482847781022234,0.0007528312727536068
2007-04-26,36.22439956665039,54886335,12.789999961853027,0.007238893316036998,0.007306064980340254,0.0010531020541402203
2007-04-27,35.75797653198242,37065965,12.449999809265137,-0.015420136228464498,-0.030825001442982947,-0.0006011559209042616
2007-04-30,35.60251235961914,41678654,14.220000267028809,-0.011490574997752967,-0.014031595967590071,0.0016541445165647595
2007-05-02,35.2397575378418,49526520,13.079999923706055,0.008661675138398994,-0.006547835486305442,0.0
2007-05-03,35.447044372558594,63168671,13.09000015258789,0.0039726782651310355,0.008474346951742096,0.0021052539796757586
2007-05-04,35.8098030090332,43466274,12.90999984741211,0.010431787465258413,-0.0009337643234988979,-0.0015005773564972236
2007-05-07,35.498870849609375,40177297,13.149999618530273,-0.003500703359306856,0.0,-0.0004508382759861318
2007-05-08,35.2397575378418,29353109,13.210000038146973,-0.005398548186493546,-0.018691336236795864,0.0013531248684415242
2007-05-09,35.2397575378418,33224764,12.880000114440918,0.016962048669699525,0.002856981410420456,-0.0003002499027709993
2007-05-10,35.498870849609375,38463780,13.600000381469727,-0.021035276654361557,-0.010446482935958512,0.0019524969937345649
2007-05-11,34.98064041137695,48734729,12.949999809265137,0.011946231005794505,-0.000959412669050197,-0.001648937368628589
2007-05-14,34.825172424316406,59656368,13.960000038146973,-0.0014458806824281245,-0.017291533575973572,0.0001501822291236632
2007-05-15,34.46240234375,52371892,14.010000228881836,-0.012000901440906375,0.004887801577504236,0.001501253163260774
2007-05-16,34.51423645019531,41476646,13.5,-0.0011042596691070994,0.02140106587299484,0.0002998691760676131
2007-05-17,35.084285736083984,50899973,13.510000228881836,-0.010511944085544789,0.017142393735424477,-0.0004496689222522887
2007-05-18,35.498870849609375,83547136,12.760000228881836,-0.0011984085224130414,-0.014044653347444536,0.0
2007-05-21,35.86162185668945,69019803,13.300000190734863,-0.0017287028190337006,-0.0018992841954077466,0.0019490987820192096
2007-05-22,35.447044372558594,27513718,13.0600004196167,0.004400462009634953,0.014272074079265229,0.00044888191642900033
2007-05-23,35.7061653137207,61157725,13.239999771118164,-0.01300154463864489,-0.012195125997472744,-0.0004486805118609771
2007-05-24,35.498870849609375,44111889,14.079999923706055,-0.01596753673908191,-0.010446482935958512,-0.0022445237433647014
2007-05-25,34.928810119628906,68090971,13.34000015258789,0.0037381780740100012,0.004798675660898866,-0.0029993543390350874
2007-05-28,35.0324592590332,30897102,13.34000015258789,0.0037381780740100012,0.004798675660898866,0.0003007918480244509
2007-05-29,35.55069351196289,50855308,13.529999732971191,0.0052847643137159395,0.015281430155051456,-0.00601506053953238
2007-05-30,35.2397575378418,48759092,12.829999923706055,-0.0036218966388197327,0.0028224589239520537,-0.0009076786683624993
2007-05-31,35.34340286254883,48873800,13.050000190734863,0.014207921564439063,0.02345185910951142,0.0016656663965264329
2007-06-01,35.65433883666992,65352187,12.779999732971191,0.003522731920063471,0.01558218793661803,-0.002569889116008639
2007-06-04,35.8098030090332,65067954,13.289999961853027,0.0009388144243172025,-0.008122765938107124,0.00242491701386105
2007-06-05,35.75797653198242,46546138,13.630000114440918,-0.006524822377137585,-0.014559024945282828,-0.0016631480400161047
2007-06-06,35.7061653137207,90103773,14.869999885559082,-0.011267528495456647,-0.004616193540643909,0.0016659187094525407
2007-06-07,35.75797653198242,90202240,17.059999465942383,-0.01679288498435416,-0.006493659357953985,0.0001512267360563868
2007-06-08,35.609771728515625,143994171,14.84000015258789,0.031034877301117758,0.02991348273122174,-0.002569889116008639
2007-06-11,35.718666076660156,52761870,14.710000038146973,-0.004074876392957005,-0.010407080508656685,0.00048496027638811334
2007-06-12,35.283084869384766,58542485,16.670000076293945,-0.009396117833998296,-0.018163901120799464,0.0004241634473971523
2007-06-13,34.90193176269531,53593156,14.729999542236328,0.01440432111889578,0.010710421845379514,0.0016656663965264329
2007-06-14,35.39197540283203,63326163,13.640000343322754,0.010823757954736557,0.021194256783093612,0.0031745892612036197
2007-06-15,35.77312088012695,76806520,13.9399995803833,0.017124453031436726,0.020754782739929922,-0.001205573091001555
2007-06-20,37.18879699707031,156874548,14.670000076293945,-0.006429588470855729,0.009345735925825105,-0.0046146850720207855
2007-06-21,37.6788444519043,144017402,14.210000038146973,0.029964454505921667,0.03981485048316635,-0.0085448666763146
2007-06-22,37.569942474365234,61035331,15.75,-0.015160962350908358,-0.022261735462561494,0.0009168330738904551
2007-06-25,38.33222961425781,98997697,16.649999618530273,-0.014958507637229834,0.0009106021719560431,0.0002747746824307562
2007-06-26,37.624393463134766,43949034,18.889999389648438,-0.0025946167689621102,0.0018197787584488534,-0.0001525459748532576
2007-06-27,37.84218978881836,45260101,15.529999732971191,0.0219403237331115,0.011807652860069906,0.0007937094883514462
2007-06-28,38.33222961425781,76420675,15.539999961853027,-0.008938951456722521,0.002693102942599168,0.0015254134722357815
2007-06-29,38.604496002197266,65587704,16.229999542236328,-0.002150346628800315,-0.003580830778531996,-0.0006092128129201457
2007-07-02,38.65892028808594,34884691,15.399999618530273,0.008480286027797268,0.013476847837423644,-0.0015240185816790541
2007-07-03,38.76782989501953,45479286,14.920000076293945,0.00019790657613460994,0.009751575866769002,0.0003053155293935017
2007-07-04,39.14897537231445,45053037,14.920000076293945,0.00019790657613460994,0.009751575866769002,0.0009154342043888875
2007-07-05,38.876712799072266,49550867,15.479999542236328,0.0076160231777882,0.0,-0.0007621253586309606
2007-07-06,38.38667678833008,41337000,14.720000267028809,0.010385648886662713,0.007901902147491757,0.0010678824037422263
2007-07-09,39.20341873168945,54256770,15.15999984741211,0.01142520100978306,0.021777159523972855,-0.0009144344022662398
2007-07-10,39.20341873168945,83992138,17.56999969482422,-0.0076460784358580725,-0.02387095497255698,-0.0003050128708216304
2007-07-11,39.42121887207031,62059539,16.639999389648438,-0.0010647752670449595,-0.00436656404557878,-0.00018311012252081316
2007-07-12,39.040069580078125,66911902,15.539999961853027,0.028992355671057846,0.025438645781490576,0.002441760200333265
2007-07-13,39.74790954589844,87624340,15.149999618530273,-0.002015286412647588,-0.0025663233232516847,-0.0016441618433196137
2007-07-16,39.47565841674805,47211551,15.59000015258789,0.001924858937214724,0.0017154295277554965,0.001372313744706366
2007-07-17,39.584564208984375,30858563,15.630000114440918,0.029534327510845726,0.005137040337286791,0.0003654952925926658
2007-07-18,38.65892028808594,42577363103,16.0,-0.0133921349569881,-0.03236823930707755,-0.0010959691284414541
2007-07-19,38.11443328857422,66622013,15.229999542236328,0.007918015446952476,-0.011443635708344169,0.00027426383297135537
2007-07-20,37.78773498535156,70424916,16.950000762939453,-0.01227135848661487,-0.02938543648532499,-0.0006093984750044079
2007-07-23,37.4066047668457,55621371,16.809999465942383,-0.005457570579210813,0.011008902021790279,0.0
2007-07-24,38.822269439697266,79181188726,18.549999237060547,-0.019103272909094193,-0.010889025803605734,-0.0012195401359078595
2007-07-25,37.896636962890625,43271279,18.100000381469727,0.0009929104144363876,0.0,0.0018010355809034984
2007-07-26,37.13434600830078,74248020,20.739999771118164,-0.022240982924111585,-0.06238512554838893,0.0017063211993904037
2007-07-27,34.847476959228516,259580202,24.170000076293945,-0.020132586388791784,-0.011741970476521257,0.0015208893402447465
2007-07-30,35.39197540283203,124382706,20.8700008392334,0.017121953885266494,0.01782180427290747,-0.004950590834924551
2007-07-31,35.39197540283203,108052949,23.520000457763672,-0.023097435995510507,-0.012646048857733572,0.003906914962364283
2007-08-01,33.377357482910156,184354436,23.670000076293945,0.0036868473304447757,-0.02068962753761805,0.0002736050780360877
2007-08-02,34.738582611083984,96617978,21.219999313354492,-0.0015771467985078447,0.016096667121868524,-0.00103336222465078
2007-08-03,34.793033599853516,43447030,25.15999984741211,-0.024993507458394904,-0.03960387899455142,0.001338771216024215
2007-08-06,34.0851936340332,51372018,22.940000534057617,0.015503541058217607,0.03298951529544625,3.0370131925749888e-05
2007-08-07,33.377357482910156,68951228,21.559999465942383,-0.0017367163427430832,-0.012973683852245399,6.073841921772072e-05
2007-08-08,34.19408416748047,79317547,21.450000762939453,0.02283900720990273,0.03842287610487172,0.0008507498479024544
2007-08-09,34.738582611083984,50910417,26.479999542236328,-0.006843056850414864,-0.047712513585419614,-0.00048569644805807055
2007-08-10,33.48625946044922,79525621,28.299999237060547,0.004221727712607759,0.012270159232661282,0.0010934059752545355
2007-08-13,33.75849151611328,60228287,26.56999969482422,-0.005096373239575236,0.013131624793357943,0.0003034628794993388
2007-08-14,33.70404815673828,42393530,27.68000030517578,-0.022343547214528248,-0.042871577878133005,0.00045494052450978373
2007-08-15,33.21400833129883,70863285,30.670000076293945,-0.023180429470876618,-0.042708256103373365,0.001970551023382061
2007-08-16,32.17947006225586,116610239,30.829999923706055,-0.0029637651370502116,-0.008705205752870815,-0.0018153573367248876
2007-08-17,32.12503433227539,77250950,29.989999771118164,0.021142551816659028,0.06476403124101293,-0.004546878394880882
2007-08-20,33.867393493652344,62321146,26.329999923706055,0.00887648091826998,0.002061702757529593,-0.0003654396328226506
2007-08-21,33.70404815673828,50454877,25.25,-0.0002235919954810539,-0.005144000904508728,0.00645795681285688
2007-08-22,33.15956115722656,36245251,22.889999389648438,0.00904422148227857,0.021716618713029323,-0.0018765215780931488
2007-08-23,34.19408416748047,81387175,22.6200008392334,-0.0074122479542659825,0.00708518195706076,0.00042452358216937824
2007-08-24,33.54071044921875,55273907,20.719999313354492,0.00592536923197029,0.009045066170388028,-0.0006668088853122311
2007-08-27,33.54071044921875,39349188,22.719999313354492,-0.016481134365412653,-0.031872513994967155,0.0003032551156512131
2007-08-28,33.431793212890625,37855298,26.299999237060547,-0.023525781781179034,-0.03292164065811898,0.002122489260030891
2007-08-29,32.778411865234375,51182125,23.809999465942383,0.027852492495820558,0.0351063025233187,-0.0006051575862442427
2007-08-30,32.9417724609375,32552446,25.059999465942383,0.0016348724878076926,-0.02055511588034864,0.0009083437815005091
2007-08-31,34.1396369934082,57537468,23.3799991607666,0.014893721726715103,0.04092348440965443,-0.0021173530525250284
2007-09-03,34.0851936340332,29107106,23.3799991607666,0.014893721726715103,0.04092348440965443,0.0006061425295245115
2007-09-04,33.54071044921875,18916538,22.780000686645508,0.022052903620136455,0.020161334752485605,0.0018176727155989614
2007-09-05,33.64961242675781,30499989,24.579999923706055,-0.01233256635639668,-0.014822124541916004,0.0006047915920242009
2007-09-06,33.867393493652344,39366359,23.989999771118164,0.00691036439739201,0.015045125262302506,-0.0019642981689107497
2007-09-07,33.75849151611328,26939502,26.229999542236328,-0.025038987452456474,-0.03952577708187144,0.0004541828601183351
2007-09-10,33.322906494140625,33192828655,27.3799991607666,0.0059031881601276925,0.0010289047886917757,0.0004541828601183351
2007-09-11,33.377357482910156,19271072,25.270000457763672,0.00820794604495112,0.007194059786693963,0.001210681429144378
2007-09-12,33.48625946044922,31121180,24.959999084472656,-0.019442727438124696,0.005102095957620012,-0.0005743955873134254
2007-09-13,32.996212005615234,31171684,24.760000228881836,-0.004141090691299976,0.019289375471242876,0.00036299680283580216
2007-09-14,33.64961242675781,46905501,24.920000076293945,-0.0024171075702618117,-0.005975990880642934,0.00021165207536100183
2007-09-17,33.105106353759766,29274777,26.479999542236328,-0.005544159739209853,-0.01603214937065045,0.001269643729435943
2007-09-18,33.105106353759766,0,20.350000381469727,0.028412166108819248,0.041751370212883554,-0.0006643068876692748
2007-09-19,33.431793212890625,87697065,20.030000686645508,0.0013452230024060263,-0.01173000124655077,-0.00030206410858357735
2007-09-20,33.21400833129883,67565415811,20.450000762939453,0.0008421449080628918,-0.002967223013997544,0.0006044260402371382
2007-09-21,33.48625946044922,30268684,19.0,0.003966727421433891,0.01686500439506733,-0.004832372227806192
2007-09-26,33.48625946044922,87819283,17.6299991607666,-0.0030973870590396135,-0.00592891679882368,-0.001515128395774168
2007-09-27,34.629695892333984,75288389,17.0,0.00651659745771993,0.021868852748978096,-0.002427976607049742
2007-09-28,34.629695892333984,66759382,18.0,0.0024053040804488113,-0.015564202976065533,-0.008548775147902199
2007-10-01,34.793033599853516,59374780,17.84000015258789,0.011857849405434662,0.030632569338779003,0.000490927613226777
2007-10-02,35.337520599365234,110099346,18.489999771118164,-9.877366193367099e-05,0.008628720411634871,-0.0006134169006125623
2007-10-03,35.39197540283203,78886249,18.799999237060547,-0.021305658527866367,-0.013307805174647247,0.0010741092034827204
2007-10-04,34.956382751464844,40264309,18.440000534057617,-0.0024233380345379807,0.0028902038448379574,-0.0009196437853820072
2007-10-05,35.1741828918457,27759677,16.90999984741211,0.009838289634831243,0.026897008266404177,0.00030679108580522474
2007-10-08,35.39197540283203,64394814,17.459999084472656,0.004530428326230851,-0.007483551112803077,0.0009203250122222784
2007-10-09,35.283084869384766,42308685,16.1200008392334,-0.008840372276355701,0.008482493995067397,0.00030641499251959914
2007-10-11,34.46633529663086,81860897,18.8799991607666,-0.024523132291326855,-0.052875946557337405,-0.0012269049908646412
2007-10-12,33.377357482910156,79288255,17.729999542236328,0.011874344736043208,-0.016650110251616,0.0006142646474234237
2007-10-15,34.24855041503906,90365662,19.25,-0.00012308651365811052,-0.003983684473082727,0.0015346603514578838
2007-10-16,33.97630310058594,80164994188,20.020000457763672,-0.0010053615943852456,-0.0030002852088455434,0.0019919897205427084
2007-10-17,33.75849151611328,47351950,18.540000915527344,0.018505593248569152,0.021063073382507458,-0.0012540255878157325
2007-10-18,34.24855041503906,32670623,18.5,0.0008872352340136835,-0.0078584640795345,-0.0004287358134590358
2007-10-19,33.75849151611328,26892029,22.959999084472656,-0.04295523925965228,-0.035643776332556,-0.0015318393993721813
2007-10-22,32.996212005615234,80311453,21.639999389648438,0.010126111996709097,-0.0030797676524875195,-0.00030679108580522474
2007-10-23,33.48625946044922,35098825,20.40999984741211,-0.002500964356787705,0.03192566316111156,0.0004603863967294064
2007-10-24,33.105106353759766,33074650,20.799999237060547,-0.03508004517781671,-0.024950114063052142,0.0004601745386316747
2007-10-25,33.26845932006836,46308551,21.170000076293945,-0.020180516551515537,0.0010233790066804804,-0.002299931356506746
2007-10-26,33.54071044921875,72908671,19.559999465942383,-0.0012817902987832808,0.013292405367073767,-0.0029199699138982016
2007-10-29,34.793033599853516,83796185,19.8700008392334,0.014670429302619636,0.06054513924574034,-3.0809208566684454e-05
2007-10-30,34.30299758911133,38215892,21.06999969482422,0.0016791590981106719,-0.010466334869667415,0.000339146927880396
2007-10-31,34.738582611083984,48506457,18.530000686645508,0.00883897855669935,0.02403888496504014,-0.004406827520318735
2007-11-01,34.956382751464844,54973917971,23.209999084472656,-0.017717312094205573,-0.014084733398419425,0.005045408678102881
2007-11-02,33.54071044921875,60329294,23.010000228881836,0.0060416052348371,-0.010476382766643644,-0.0016630998602413793
2007-11-05,34.0307502746582,64364512822,24.309999465942383,-0.012469168785866458,-0.018286686383173545,0.001048876984958147
2007-11-06,34.0851936340332,32956472,21.389999389648438,0.00692146161500462,0.022549261246407326,-0.0007704630290011893
2007-11-07,34.30299758911133,71047117,26.489999771118164,-0.024574530265575434,-0.025887136103047492,-0.0013877616038270313
2007-11-08,33.70404815673828,58650562,26.15999984741211,-0.015174676961800748,-0.02559049290104176,-0.002964813718960957
2007-11-09,33.921844482421875,69057285,28.5,-0.0025605092455931455,-0.00909092076202589,-0.0004336494484203923
2007-11-12,33.54071044921875,77819618,31.09000015258789,-0.01370617457363188,-0.022426076890640356,0.0003098333248023888
2007-11-13,33.595149993896484,53703253,24.100000381469727,0.022773743488852638,0.041710118848768074,-0.0014869993032387008
2007-11-14,33.48625946044922,76601477,25.940000534057617,-0.019153822817912336,-0.015015175479844434,0.0005274915156947557
2007-11-15,33.15956115722656,49587229,28.059999465942383,-0.007760218581847611,-0.019308894258713627,0.0028217805737056345
2007-11-16,32.9417724609375,49988226,25.489999771118164,-0.004785923957682958,0.010363420856986938,0.00030916269282710296
2007-11-19,32.9417724609375,71248120,26.010000228881836,-0.02050248837641544,-0.022564764556436634,0.00018548745229862718
2007-11-20,32.9417724609375,64323100,24.8799991607666,-0.010848981998018203,0.013641368929203201,-0.0001854530530842613
2007-11-21,31.9072265625,83413370,26.84000015258789,-0.01259017509340743,-0.04037265718717553,0.0012365044022906169
2007-11-22,32.615074157714844,55509253,26.84000015258789,-0.01259017509340743,-0.04037265718717553,-0.0009878876587533503
2007-11-23,32.45171356201172,54809277,25.610000610351562,0.013878658077202122,0.023732262775403967,0.0003707652594955313
2007-11-26,33.26845932006836,146777924701,28.90999984741211,-0.026917834114585593,0.0,0.0003707652594955313
2007-11-27,32.17947006225586,83528517,26.280000686645508,0.020454734994664214,-0.006322155275662156,-0.002069741436110384
2007-11-28,31.8527774810791,54263840,24.110000610351562,0.02350339225981446,0.033934606084730534,0.002074034150531645
2007-11-29,32.66951370239258,59114183,23.969999313354492,-0.00028561179885522314,0.0,-0.003089233160974647
2007-11-30,32.996212005615234,47288316,22.8700008392334,-0.013163190597104246,0.017435291062684932,-0.00030995153667756625
2007-12-03,32.56061553955078,40504705,23.610000610351562,0.0009649157885984749,-0.01512104377217982,0.0016119639129146268
2007-12-04,32.832855224609375,41376393,23.790000915527344,-0.008048639851012673,-0.007164607044143234,0.0011450466843525575
2007-12-05,33.15956115722656,113492161,22.530000686645508,0.02451176730977145,0.03195866391668134,-0.0006491671792394627
2007-12-06,33.70404815673828,93817062,20.959999084472656,0.017025077020446533,0.02497503740579976,-0.0005567230324153849
2007-12-07,34.0851936340332,165686374,20.850000381469727,0.00037301410918755273,0.003898924766880807,-0.00030956780579827203
2007-12-10,33.26845932006836,75090416,20.739999771118164,0.007411389168663796,-0.016505272239878854,0.002167173265561706
2007-12-11,34.1396369934082,77784265,23.59000015258789,-0.020775061703942832,-0.019743298723569946,0.00040162152333111933
2007-12-12,33.377357482910156,118280890,22.469999313354492,0.005670200028089045,0.007049762527668202,-0.0013586980529765036
2007-12-13,33.0506591796875,139614519,22.559999465942383,-0.01120588018212243,-0.014000483651839146,0.0034632953798152677
2007-12-14,32.56061553955078,153675665,23.270000457763672,-0.016084575391858924,-0.021298147249645627,-0.0028042156689297437
2007-12-17,32.397254943847656,67113915,24.520000457763672,-0.01576802820538925,-0.025906488712996945,0.007416497504414643
2007-12-18,32.0161247253418,82978031368,22.639999389648438,0.0029195993311348367,0.02446807273600493,0.007416497504414643
2007-12-19,32.23391342163086,87625350,21.68000030517578,0.0006115580741536952,0.005191986841241558,-0.0016871260046052994
2007-12-20,32.12503433227539,56875874,20.579999923706055,0.013519429547387052,-0.0010330688833385393,-0.0009217631275056926
2007-12-21,32.12503433227539,77640836,18.469999313354492,0.0037870653097717977,0.014477745808686215,-0.0016915364049888693
2007-12-24,32.23391342163086,36075560,18.600000381469727,0.005454866549944093,0.0010193789095842565,0.0006161570649347858
2007-12-25,32.45171356201172,25618334,18.600000381469727,0.005454866549944093,0.0010193789095842565,0.0007080914451536025
2007-12-26,32.397254943847656,24080002286,18.65999984741211,0.00019118745506729873,0.01221991744208517,0.00206138960005231
2007-12-27,33.595149993896484,127516944,20.260000228881836,-0.018160503727880473,-0.014084573076163065,-0.0007676243817367201
2007-12-28,32.9417724609375,74708611,20.739999771118164,-0.0021903719047444703,0.010204191915240024,-0.0013826446912585943
2007-12-31,32.397254943847656,24080002,22.5,-0.004756161633237332,0.006060756488333707,-0.0021538367638220812
2008-01-02,32.9417724609375,39300705,23.170000076293945,-0.027717880972799813,-0.0391568694241301,0.003087920148257872
2008-01-03,32.34282302856445,35123067,22.489999771118164,-0.01371211816870277,-0.013583998147045029,-0.001231365700347209
2008-01-04,32.66951370239258,48851900,23.940000534057617,-0.04712619551655439,-0.05402537247882122,-0.0010787439587398584
2008-01-07,30.38265609741211,104088436,23.790000915527344,-0.003325761322803489,-0.020156989124471503,0.003394033041328237
2008-01-08,30.491559982299805,47704464,25.43000030517578,-0.026640808536535165,0.0011432568857356884,-0.0014145582312004024
2008-01-09,31.036041259765625,45426762,24.1200008392334,0.0034005017903175894,0.03424644946570288,0.00040033530431116127
2008-01-10,30.328189849853516,61813083,23.450000762939453,-0.0010746133654847556,0.002207622371533491,-6.15292700844039e-05
2008-01-11,29.947050094604492,72260208,23.68000030517578,-0.023886224121825506,-0.02092486224471135,-0.0013853157702646834
2008-01-14,29.89261245727539,77963047,22.899999618530273,0.030404825954691184,0.017997171333883122,-0.005548714944382915
2008-01-15,31.308286666870117,98374485,23.34000015258789,-0.03148218481811049,-0.030939185137296765,-0.002169860460826345
2008-01-16,30.16485595703125,79288255,24.3799991607666,0.006653970864551884,-0.03306743619449326,0.002826952691945106
2008-01-17,29.783716201782227,51692209,28.459999084472656,-0.015948409680656472,-0.010612823537840321,0.0008984586877989198
2008-01-18,29.72925567626953,66086677,27.18000030517578,0.024067358442203757,0.029797084845604394,0.0
2008-01-21,29.02142906188965,43136940,27.18000030517578,0.024067358442203757,0.029797084845604394,0.003806786713330901
2008-01-22,27.006807327270508,88136444,31.010000228881836,-0.028721301729410675,-0.07523160656589145,-0.004470769394348428
2008-01-23,27.769084930419922,78966044,29.020000457763672,0.012299626553926801,0.07133952900915674,0.005017423578748126
2008-01-24,29.239212036132812,72080416,27.780000686645508,0.024981464425652078,0.015186977754306996,-0.004622543061700624
2008-01-25,30.219301223754883,50756887,29.079999923706055,-0.018168715517290934,0.0011505650932202016,-0.0006192092333154875
2008-01-28,29.511465072631836,39967349,27.780000686645508,0.01478135826816751,0.0,0.0007745206575082708
2008-01-29,31.036041259765625,58653592,27.31999969482422,-0.006866085697148527,0.0229882650621418,-0.0010834188850480375
2008-01-30,31.471641540527344,111730604,27.6200008392334,0.004310524220216827,-0.0011228461684564817,-0.0011465369772064582
2008-01-31,32.615074157714844,172864922,26.200000762939453,0.0005295359008832268,0.04049439799631549,-0.0010238247850098414
2008-02-01,33.431793212890625,135886361,24.020000457763672,0.05774372103201353,0.05405472498044972,-0.006739160129259014
2008-02-12,32.66951370239258,104072274,26.329999923706055,-0.0070637787723510925,0.012738901056041696,-0.00945396267309706
2008-02-13,32.615074157714844,52671974,24.8799991607666,0.03024200788967102,0.017819898006810053,-0.003464913574522277
2008-02-14,33.75849151611328,73558144,25.540000915527344,-0.028143783998091587,-0.0010298769915688677,0.0015172215131955546
2008-02-15,33.48625946044922,30468677,25.020000457763672,-0.016135486644541674,0.0010309387316482788,0.0007890048588179432
2008-02-18,32.66951370239258,52548746,25.020000457763672,-0.016135486644541674,0.0010309387316482788,6.309709156693266e-05
2008-02-19,33.48625946044922,20237706,25.59000015258789,-0.013091239142683841,0.010298508126926675,-0.0024596088311348296
2008-02-20,33.26845932006836,41368312,24.399999618530273,0.02743362390732118,-0.004077515638336582,-0.002623764970084652
2008-02-21,33.70404815673828,40795604,25.1200008392334,-0.002525446362898087,-0.017400044924603897,-0.0045006559438988125
2008-02-22,33.15956115722656,37511876,24.059999465942383,0.00099571246075425,0.008333245070522022,-0.0012416682161964232
2008-02-25,33.322906494140625,40391577,23.030000686645508,0.01332835509562491,0.019628221250057143,-0.00315591100215451
2008-02-26,33.97630310058594,59821230,21.899999618530273,0.017640291700043775,0.02634221494342892,-0.0032617851407227283
2008-02-27,34.629695892333984,94417042,22.690000534057617,0.012125933341781359,0.01085886866716912,-0.010074146654417304
2008-02-29,33.54071044921875,64072603,26.540000915527344,-0.027304271772172206,-0.028913729611769856,0.0048764505011100745
2008-03-03,33.0506591796875,47462048,26.280000686645508,-0.007326447231456146,-0.011293322336110134,0.003817535784538695
2008-03-04,34.24855041503906,74207617,25.520000457763672,0.008075208364465958,0.040498254057163674,-0.004060830578164865
2008-03-05,34.46633529663086,70510771,24.600000381469727,0.010163889674695392,0.027944496446105305,-0.0033007957017440193
2008-03-06,35.337520599365234,64834194,27.549999237060547,-0.02634791462675823,-0.01262181910497373,0.0006493655278927424
2008-03-07,34.847476959228516,53416394,27.489999771118164,0.0060135956997309226,-0.009832531611737028,-0.006099926255786703
2008-03-10,33.322906494140625,60318183,29.3799991607666,-0.014189539566903497,-0.01290985249765475,-0.0014364267972769573
2008-03-11,33.97630310058594,43667225,26.360000610351562,0.03181940612510825,0.05835013061903527,-0.0020596222928328523
2008-03-12,34.738582611083984,47048930,27.219999313354492,-0.015433405278661882,-0.02281361042516694,0.003439788486437445
2008-03-13,33.75849151611328,42630896,27.290000915527344,0.010981399977883388,-0.008754956901507849,0.001599794158282375
2008-03-14,33.26845932006836,45962098,31.15999984741211,-0.029634365286092867,-0.030421976052270927,0.0010104054603177204
2008-03-17,32.615074157714844,91075740,32.2400016784668,-0.004489313633606273,-0.018218475742932116,0.0025399226526940932
2008-03-18,32.615074157714844,47983242,25.790000915527344,0.0382721406158284,0.046391544101107796,-0.006755884837724491
2008-03-19,33.81295394897461,43634903,29.84000015258789,-0.040604633961275116,-0.035467944847361155,0.009156333791500382
2008-03-20,34.0851936340332,54806246,26.6200008392334,0.012330702353059442,0.054137282268686526,-0.010369400145665564
2008-03-21,35.283084869384766,102541013,26.6200008392334,0.012330702353059442,0.054137282268686526,-0.0027177531308870684
2008-03-24,36.69876480102539,131630948,25.729999542236328,0.03710017759404538,0.07558078147134983,-0.014348105990390936
2008-03-25,36.58985137939453,88833390,25.719999313354492,0.0006240724447199586,-0.013513355684855899,0.0019986497344262055
2008-03-26,36.4809684753418,54853719,26.079999923706055,-0.014118872377273606,-0.020091230778242708,-0.0006649088369149458
2008-03-27,34.738582611083984,55009270,25.8799991607666,-0.014378580190606338,-0.03821032105804667,0.005189625419183663
2008-03-28,33.921844482421875,110883158,25.709999084472656,-0.01009507662573117,-0.014535362507182126,0.005427573459372281
2008-03-31,34.35744094848633,74797497,25.610000610351562,0.013734965780699548,0.009833531403113938,0.0011521315249389819
2008-04-01,33.64961242675781,49433699,22.68000030517578,0.042216644362625955,0.03213167805931927,0.0011521315249389819
2008-04-02,34.847476959228516,64325120,23.43000030517578,0.007699694455082007,-0.012264044462407031,-0.0023015485801650692
2008-04-03,35.06528091430664,28688938,23.209999084472656,0.025662991464687757,0.01814712038406152,0.003624999599296519
2008-04-07,35.39197540283203,46050984238,22.420000076293945,0.00130048080562295,0.005752615672776518,-0.0012791353302908925
2008-04-08,35.06528091430664,42646047,22.360000610351562,-0.02770929240057285,-0.014299402075965362,0.0026272552282962103
2008-04-09,34.35744094848633,43211685,22.809999465942383,0.015390575395881179,-0.014506923177716846,-0.0022928791548789684
2008-04-10,35.11973190307617,47965061,21.979999542236328,0.017870845100066646,0.03140334084781693,-0.006073521717099739
2008-04-11,34.90193176269531,37326023,23.459999084472656,-0.03414474202938966,-0.021883832244860457,0.0011560643386658853
2008-04-14,34.30299758911133,36523020,23.81999969482422,-0.01706254806324592,-0.007782183912451446,0.0011547293971891914
2008-04-15,34.30299758911133,38509822,22.780000686645508,-0.002042244549908201,0.01568627646441323,-0.0025704108339165144
2008-04-16,35.50086975097656,46918631,20.530000686645508,0.054513392048625375,0.05791526949004644,-0.0030396458420310912
2008-04-17,36.53540802001953,102502630,20.3700008392334,-0.007384973118582661,-0.003649518788612749,0.00430823766038646
2008-04-18,36.37205505371094,34048355,20.1299991607666,0.02460080502651185,0.013736173778772676,-0.0011549198831762864
2008-04-21,36.69876480102539,39365349375,20.5,0.01521171689863432,0.0,0.0001651523188306303
2008-04-22,36.64430618286133,38568406,20.8700008392334,-0.03263026897762866,-0.028003983565762836,-0.0007596634221054277
2008-04-23,35.1741828918457,71430943,20.260000228881836,0.04115168358806898,-0.009293545050742535,0.0019171841754630492
2008-04-24,34.793033599853516,64370573,20.059999465942383,0.014514240277691437,0.006566674591442778,0.0013197266985203182
2008-04-25,35.22863006591797,48321615,19.59000015258789,-0.000664187501340674,0.0,-0.00032949682886795895
2008-04-28,36.208709716796875,76233812,19.639999389648438,-0.002224145817169676,0.01677533801911668,0.0023071751638816806
2008-04-29,35.22863006591797,54811297,20.239999771118164,0.0018960093216351392,-0.007332956193007667,0.0012167266134031074
2008-04-30,36.31760787963867,79222601,20.790000915527344,-0.015036851345807678,0.03785798235658522,0.0009196268094269211
2008-05-02,37.02545166015625,92729220214,18.18000030517578,-0.0010992071231611389,-0.0026504290058686486,-0.0011484773412304694
2008-05-05,36.58985137939453,44992433,18.899999618530273,-0.007477809166621663,-0.013286011325910563,0.0005255860726458561
2008-05-06,37.02545166015625,33356459,18.209999084472656,0.015496669146275233,0.031418114519131235,-0.0006895163146386496
2008-05-07,37.13434600830078,53091152,19.729999542236328,-0.013647316231856665,-0.030461084672513294,0.0071299807823732575
2008-05-08,36.753204345703125,47647900,19.399999618530273,0.005660285477538496,-0.00897675627095107,0.005448251812827376
2008-05-09,36.09981155395508,43383396,19.40999984741211,-0.003151912995347672,-0.007246147673069636,-0.005808133069670873
2008-05-12,36.80765914916992,28053606,17.790000915527344,0.011593402960357935,0.025547172693689113,0.0034921786254440423
2008-05-13,37.5154914855957,64676623,17.979999542236328,0.010096305799714322,0.015124868972104188,0.0059518185878002505
2008-05-14,37.352149963378906,67232093,17.65999984741211,0.010069022638804714,-0.009640989812743084,0.003233119317266553
2008-05-15,37.352149963378906,84659793,16.299999237060547,0.02049643843759985,0.013274179678701037,-0.006445399887649028
2008-05-16,37.6788444519043,97350277,16.469999313354492,0.004646049355872428,0.01746736621283196,-0.004865378491776595
2008-05-19,37.78773498535156,82585115,17.010000228881836,-0.007873516873016628,-0.0077248964865616054,-0.005801808822991861
2008-05-20,37.13434600830078,76617638,17.579999923706055,-0.030644226993073898,-0.025952047098249165,0.0022293254312999444
2008-05-21,36.64430618286133,43023812,18.59000015258789,-0.009764959742448065,-0.009769351234078183,-0.0011449083337097266
2008-05-22,36.42650604248047,44796480,18.049999237060547,0.007246575157071611,0.004485038965101218,-0.005076164644508552
2008-05-23,35.664222717285156,60767663,19.549999237060547,-0.010705116122621816,-0.02767855778386341,0.0036208233505687915
2008-05-26,35.664222717285156,49128659,19.549999237060547,-0.010705116122621816,-0.02767855778386341,-0.0008199284590993949
2008-05-27,35.827571868896484,32916070,19.639999389648438,0.017593390516271734,0.035812500914237155,0.002297708664815934
2008-05-28,36.4809684753418,109790265,19.06999969482422,0.003217147361695538,0.02304951393481991,-0.00016371903689482714
2008-05-29,36.53540802001953,103415731,18.139999389648438,-0.0032068305153635235,0.00086663384085095,-0.001965324989896322
2008-05-30,35.718666076660156,180901017,17.829999923706055,0.019671425815266153,-0.008658320840515099,-0.002297331683678072
2008-06-02,36.80765914916992,52833585,19.829999923706055,-0.014185994625660392,0.0,-0.007335512353690232
2008-06-03,35.990909576416016,62414073,20.239999771118164,-0.0036891541508615733,-0.010480390126885397,0.0063956255812129825
2008-06-04,36.53540802001953,34817016,20.799999237060547,0.013192773731879992,0.022065705474449082,0.0013829376270637628
2008-06-05,36.91654586791992,81693225,18.6299991607666,0.010528109517404571,0.02763377880230533,-0.0009206851678811301
2008-06-06,37.24323654174805,84141628,23.559999465942383,-0.02886017015275899,-0.025210139680139076,-0.002106407376738395
2008-06-09,35.55532455444336,107090355,23.1200008392334,-0.008360476834069708,-0.031034523815002157,0.0003298228556229965
2008-06-10,34.793033599853516,89169743,23.18000030517578,-0.01698623155209389,-0.026690453027653716,0.0025387294592922327
2008-06-11,35.88201141357422,46983276,24.1200008392334,-0.034306517356918365,-0.0018277086769613593,-0.0008221665691779956
2008-06-12,35.283084869384766,74684369,23.329999923706055,0.004951487009915656,0.010988659685823299,0.002501488173898503
2008-06-13,35.283084869384766,52043712,21.219999313354492,0.026643030810613588,0.017210176350659134,-0.0028892029464522295
2008-06-16,35.88201141357422,35600828,20.950000762939453,0.01505800261665935,0.0035618505113816923,0.00013169937347656813
2008-06-17,35.50086975097656,44224782,21.1299991607666,-0.015359967981289802,-0.00976045566285888,-0.0027984786423927988
2008-06-18,35.664222717285156,34896812,22.239999771118164,-0.02319612679828409,-0.008960366383744756,0.003565644399404322
2008-06-19,35.010841369628906,65880623,21.579999923706055,0.025905757682124442,0.006329334060835912,6.582257321463558e-05
2008-06-20,34.684139251708984,67444207746,22.8700008392334,-0.028699615301579606,-0.02964997879789788,-0.0009539566582178471
2008-06-23,34.90193176269531,49626622,22.639999389648438,-0.011484994393783032,0.007407487025560933,0.00306218314352269
2008-06-24,34.956382751464844,60810086,22.420000076293945,0.004251357694121438,0.004595481509627408,-0.002658942853108859
2008-06-25,36.045372009277344,92978706,21.139999389648438,0.01872105028949611,0.04208599019787429,-0.002040691024964736
2008-06-26,35.39197540283203,53469927,23.93000030517578,-0.04501345758940423,-0.05443370581579854,0.002737473085121289
2008-06-27,34.847476959228516,177331439,23.440000534057617,-0.0024594216876696606,0.00928499379691794,0.0005591618732532222
2008-06-30,35.39197540283203,88412192,23.950000762939453,-0.002465568079128455,0.003679970628208018,-0.002695619073511346
2008-07-01,34.956382751464844,32120137,23.649999618530273,-0.005812324343438036,0.0,-0.002695619073511346
2008-07-02,33.64961242675781,80100349,25.920000076293945,-0.021937510958328854,-0.028414448015990246,0.002208495755240625
2008-07-03,32.0161247253418,117381930,24.780000686645508,-0.009469026654333579,-0.03301858739387675,-0.0004933825574179318
2008-07-04,32.12503433227539,56226401,24.780000686645508,-0.009469026654333579,-0.03301858739387675,0.0012504148593193154
2008-07-07,32.72396469116211,41049131,25.780000686645508,0.006260241448498238,-0.008780663378667786,-0.0012816996891187316
2008-07-08,32.07057571411133,65377610,23.149999618530273,0.008883591200619989,0.0019685251148326977,0.00013161703547481807
2008-07-09,32.397254943847656,54682008,25.229999542236328,-0.043082229033195585,-0.02357564194089601,0.001019976234233777
2008-07-10,32.397254943847656,42522819,25.59000015258789,0.013584899774140347,0.021126731748583483,0.0007888564296343326
2008-07-11,33.97630310058594,60408079,27.489999771118164,-0.0072740573166582,0.014778734710304331,-0.001806368407070047
2008-07-14,32.996212005615234,40530966,28.479999542236328,-0.010500909566785843,-0.024271931716641437,6.58312354464563e-05
2008-07-15,31.362741470336914,63559489,28.540000915527344,0.012828035778567726,-0.025870917231646917,-0.0009541449424294024
2008-07-16,31.073280334472656,86539545,25.100000381469727,0.036499685624082234,0.06112765463560166,0.0014490096403203534
2008-07-17,33.21029281616211,68844510,25.010000228881836,0.022994820405828786,0.05071015769999199,-0.003288404537043599
2008-07-18,33.499088287353516,68904810,24.049999237060547,-0.006705246812529486,-0.011583114986484677,0.0004949289759614839
2008-07-21,34.5387077331543,55555395,23.049999237060547,-0.010932279100103304,0.013672077018644702,0.0004946212455423371
2008-07-22,33.44133377075195,64985310,21.18000030517578,-0.04542821845225342,-0.04431630623534066,0.0004614350327762917
2008-07-23,33.26806640625,72415275,21.309999465942383,0.014271230629814724,0.022177622521962315,0.0014495824430926785
2008-07-24,34.01890182495117,40385925,23.440000534057617,-0.04221128490735071,-0.02564101750648573,0.0008881676182808107
2008-07-25,33.383575439453125,35268465,22.90999984741211,0.0060788105496212275,0.014170085963766343,0.0008217428596826171
2008-07-28,33.383575439453125,0,24.229999542236328,-0.018689090512672646,-0.02494996090457391,0.000525413462435953
2008-07-29,31.766372680664062,73118775,22.030000686645508,0.023542214616065316,0.0071646471963386915,0.0011160111984267473
2008-07-30,32.92151641845703,50989680,21.209999084472656,0.008227220712151206,-0.004065158593819174,0.0034754393530673777
2008-07-31,32.45945358276367,50981640,22.940000534057617,-0.003071094164474597,-0.030612192980296604,0.0012742454534389047
2008-08-01,32.34394454956055,37225200,22.56999969482422,-0.007833106321824101,0.004210394788849214,0.0012742454534389047
2008-08-04,32.17067337036133,23351175,23.489999771118164,0.004465058750773077,-0.01572311854130759,0.0012742454534389047
2008-08-05,31.997394561767578,60352260,21.139999389648438,0.031292190380523666,0.04259846207882556,0.0012742454534389047
2008-08-06,33.96113967895508,82447185,20.229999542236328,0.011046829888737841,0.04698689735359429,0.0012742454534389047
2008-08-07,34.36543273925781,45290224,21.149999618530273,0.015386680226635807,0.008780447617739995,0.0012742454534389047
2008-08-08,34.94300842285156,77002095,20.65999984741211,0.020964893447503075,0.01644095713524263,0.0012742454534389047
2008-08-11,35.000770568847656,48411855,20.1200008392334,0.0189275754238869,0.015223196648624038,0.0012742454534389047
2008-08-12,35.34731674194336,63225555,21.170000076293945,0.0030469505563579524,-0.003748712642513752,0.0012742454534389047
2008-08-13,35.34731674194336,56098095,21.549999237060547,-0.005835706570572086,-0.021636810858608913,0.0012742454534389047
2008-08-14,34.94300842285156,41157765,20.34000015258789,0.010721306109087836,0.008654118441091097,0.0012742454534389047
2008-08-15,35.000770568847656,50530395,19.579999923706055,-0.0017502922349191818,0.007626378302127312,0.0012742454534389047
2008-08-18,34.711978912353516,49773630,20.979999542236328,-0.017240884257887945,-0.020813502028547037,0.0012742454534389047
2008-08-19,34.65422439575195,50736420,21.280000686645508,-0.02532837704747415,-0.0144929957397264,0.0012742454534389047
2008-08-20,34.65422439575195,37273440,20.420000076293945,0.005824152263222526,0.0019609594737932667,0.0012742454534389047
2008-08-21,34.30769348144531,46564665,19.81999969482422,-0.003363970910129299,-0.0019571216375767753,0.0012742454534389047
2008-08-22,34.769744873046875,52435875,18.809999465942383,0.013141536099966045,0.003921445876264862,0.0012742454534389047
2008-08-25,34.94300842285156,52525320,20.969999313354492,-0.01556532483052342,-0.013671684332440925,0.0012742454534389047
2008-08-26,34.65422439575195,52961490,20.489999771118164,-0.009764167494766496,-0.003960590295168265,0.030412765300085187
2008-08-27,34.88524627685547,65996340,19.760000228881836,0.005126299792744815,0.007952358119285963,-0.0009183687152538589
2008-08-28,34.711978912353516,80459295,19.43000030517578,0.01120364539900276,-0.007889617059008702,0.0005388676994853014
2008-08-29,34.01890182495117,78159855,20.649999618530273,-0.027588590968811055,-0.034791127088237506,-0.0014256320460185323
2008-09-01,32.69048309326172,119573895,20.649999618530273,-0.027588590968811055,-0.034791127088237506,0.004441604937031496
2008-09-02,31.362075805664062,116539800,21.989999771118164,-0.0069441565853483045,-0.036045345157511455,0.004453592809861906
2008-09-03,31.766372680664062,78947775,21.43000030517578,-0.04232664895975913,-0.030983053958091866,-0.0006603537012764837
2008-09-04,30.842254638671875,71765040,24.030000686645508,-0.03415393219278817,-0.04630648247661884,0.004310859889521401
2008-09-05,30.61122703552246,81669315,23.059999465942383,0.02224768678003497,0.043930848118842514,-0.003979036315937323
2008-09-08,32.74823760986328,64699890,22.639999389648438,-0.0013583754644157509,0.035437477634545855,0.0015098592941933386
2008-09-09,31.362075805664062,50564565,25.469999313354492,-0.03488092440909796,-0.06096280326556802,0.0019473671692922245
2008-09-10,31.015531539916992,66204375,24.520000457763672,0.008268117021595911,0.023918166536476937,0.0059247989227007025
2008-09-11,30.206937789916992,72654465000,24.389999389648438,0.006057057946774247,-0.0211345584691206,-0.002150277123978195
2008-09-12,30.437957763671875,37015155,25.65999984741211,-0.005433963402477038,0.03295424356003873,-0.004372307776251971
2008-09-15,29.86038589477539,41212035,31.700000762939453,-0.032191988759532664,-0.03190290737996593,0.008155590832066517
2008-09-16,29.456087112426758,60774360,30.299999237060547,0.01475485150004241,0.024999764673907077,-0.0028002537117930437
2008-09-17,30.553476333618164,85298370,36.220001220703125,-0.013560431097132009,-0.017738342200126822,0.0021840778936206284
2008-09-18,30.033653259277344,123948660,33.099998474121094,0.05011699483532084,0.057562190775290345,0.0017123383251791413
2008-09-19,32.11292266845703,130290210,32.06999969482422,0.018919133962558066,0.06510124176231069,-0.002020159386176945
2008-09-22,32.22843551635742,60327135,33.849998474121094,-0.04609029896936534,-0.03607166692533903,-0.003737179599888063
2008-09-23,31.766372680664062,56568435,35.720001220703125,-0.018366090039363625,-0.03222493509802715,-0.0009378145314209441
2008-09-24,30.78449821472168,39469365,35.189998626708984,0.007899720094963092,0.012889396242273587,0.0017209107243842947
2008-09-25,30.61122703552246,39524640000,32.81999969482422,0.015072594970078956,0.013785700859689554,0.0010932327996053814
2008-09-26,30.842254638671875,71671575,34.7400016784668,0.005408087706829878,-0.03242677841866859,-0.0015600386349691187
2008-09-29,30.842254638671875,0,46.720001220703125,-0.07465330238138435,-0.059459347608654234,0.012812495231628418
2008-09-30,30.322450637817383,78348795,39.38999938964844,0.03118185339878421,0.07701149149032194,-0.00262261909511996
2008-10-01,30.322450637817383,43628055,39.810001373291016,-0.011926108330765683,-0.0053360984126542554,-0.005104436554770886
2008-10-02,29.687114715576172,43619010,45.2599983215332,-0.04841223363872049,-0.057940083965183464,0.002394268180098802
2008-10-03,29.687114715576172,56136285,45.13999938964844,-0.013203877454557755,-0.037585441651266205,-0.0039395385206685285
2008-10-06,28.30095100402832,59422635,52.04999923706055,-0.03501440297976122,-0.001183204773705926,0.01089998341539311
2008-10-07,28.70524787902832,48947520,53.68000030517578,-0.0611784749251304,-0.05213278225758422,-0.002772648032234315
2008-10-08,26.712631225585938,86231010,57.529998779296875,-0.006939018753672865,0.02375016222651083,0.004016097386619899
2008-10-09,26.625993728637695,64536075,63.91999816894531,-0.03021435095259073,-0.07936513859411143,-0.0043076735276442735
2008-10-13,26.943662643432617,93667005,54.9900016784668,0.09670482413785919,0.05454540491857829,-0.005305276990337782
2008-10-14,28.820764541625977,90937425,55.130001068115234,-0.05005376615331847,-0.040229829806437856,0.006108862238898949
2008-10-15,27.838891983032227,68217390,69.25,-0.08896260526156596,-0.09580856259658477,0.00015413987246959415
2008-10-16,26.885906219482422,16615665,67.61000061035156,0.0440943981334736,-0.005297848457418097,0.003297332545080245
2008-10-17,25.961790084838867,52474065,70.33000183105469,-0.01951696451736984,0.03062583835516519,-0.00021500659314499515
2008-10-20,25.528614044189453,74536830,52.970001220703125,0.020030905171684488,0.025839920276111705,0.002304170958445262
2008-10-21,25.47085189819336,72999180,53.11000061035156,-0.04030014125840775,-0.06801016843470398,0.0015325436646911328
2008-10-22,24.604494094848633,48494265,69.6500015258789,-0.06147202453752476,-0.0702702444223996,0.009946465815700245
2008-10-23,23.767026901245117,27365145,67.80000305175781,-0.013563962550697362,0.00872077392265913,0.006060629179983401
2008-10-24,22.95842170715332,60111060,79.12999725341797,-0.02025655932234316,-0.06916419499934234,0.005572215492243515
2008-10-27,22.120946884155273,64823505,80.05999755859375,0.0011303855353790304,-0.015479703683047186,0.007338707769950936
2008-10-28,22.929546356201172,84327540,66.95999908447266,0.09333392510663585,0.21069184199204072,-0.0038656278318851545
2008-10-29,24.25796127319336,102281865,69.95999908447266,-0.027838742037496922,-0.046753343601600994,-0.012029847102378755
2008-10-30,25.932905197143555,73326810,62.900001525878906,0.04036468002153781,0.07765654319423954,-0.0038371725805596
2008-10-31,27.72337532043457,108091770,59.88999938964844,0.018761168251193894,0.044247728227283734,0.0013648215735295732
2008-11-03,27.145814895629883,59412585,53.68000030517578,-0.009896842572851394,-0.025423618248386348,-0.0030288800838944585
2008-11-04,27.72337532043457,58564365,47.72999954223633,0.044749071071788826,0.040993406084887996,-0.0012152791862288792
2008-11-05,27.72337532043457,74490600,54.560001373291016,-0.04626381542002278,-0.07398540923265551,-0.0038022813688213253
2008-11-06,25.788516998291016,39522630,63.68000030517578,-0.07115341569376721,-0.05025771873706164,0.0033587972626432094
2008-11-07,25.12430763244629,98908080,56.099998474121094,0.01708894333031985,0.055630945999975534,-0.003043283230702576
2008-11-10,24.95103645324707,63185355,59.97999954223633,-0.03902507991501447,-0.015423993126285285,0.004120944540517035
2008-11-11,24.89328384399414,38927670,61.439998626708984,-0.014220431203891604,-0.0339426481113454,0.0009119555822896253
2008-11-12,25.066558837890625,58458840,66.45999908447266,-0.05032399911188612,-0.0405409018232783,0.002277927552843506
2008-11-13,23.391605377197266,57074955,59.83000183105469,0.07151752173276038,0.05633843817682749,0.0028788248697917407
2008-11-14,24.084686279296875,45642075,66.30999755859375,-0.06400184031349476,-0.07199989019699349,-0.002568451307889519
2008-11-17,23.56487464904785,43537605,69.1500015258789,-0.02810604023558938,-0.03448306143879787,0.00827030107219473
2008-11-18,22.236461639404297,69764085000,67.63999938964844,-0.019568810989709196,-0.032737974137580284,-0.0006911223104253406
2008-11-19,21.947675704956055,50393715000,74.26000213623047,-0.07212460900770201,-0.05692309262680639,0.0022549839664571802
2008-11-20,21.254589080810547,43302435000,80.86000061035156,-0.03779837198562774,-0.0456768184847578,0.0037498126123609588
2008-11-21,22.236461639404297,56183520000,72.66999816894531,0.05194953787127976,0.11282033692467341,-0.0023908553062258475
2008-11-24,21.54337501525879,50246985,64.69999694824219,0.060925511889435624,0.029186191063458544,0.0020970549006686934
2008-11-25,23.04505729675293,82679340,60.900001525878906,-0.021861925295879936,-0.007463051144976696,-0.0029896049786987122
2008-11-26,22.52524757385254,57932220,54.91999816894531,0.07635551358033865,0.08120301352010939,-0.004947439531612363
2008-11-27,23.62262725830078,62983350000,54.91999816894531,0.07635551358033865,0.08120301352010939,0.0031640662314642576
2008-11-28,23.56487464904785,50929380,55.279998779296875,-0.015201178642496815,-0.005563220576433214,-0.00030045466973249724
2008-12-01,23.56487464904785,62615520,68.51000213623047,-0.06804889795399105,-0.08111904409472126,0.006159911014847141
2008-12-02,21.918798446655273,83978805,62.97999954223633,0.0050879529859724215,-0.03500743996615663,-0.0013439445370254655
2008-12-03,21.456741333007812,73562985,60.720001220703125,0.0666703169336047,0.03154615028219099,0.0038875919095104905
2008-12-04,21.39898109436035,59691975000,63.63999938964844,-0.05770693112102432,-0.018349026606740315,-5.9544277192680184e-05
2008-12-05,21.485612869262695,40846215,59.93000030517578,0.031718860307893504,0.04672882679209356,-0.0008341240844805808
2008-12-08,22.98729705810547,101543190,58.4900016784668,0.018643503564313546,0.03273815365128474,-0.0023852662155906534
2008-12-09,23.56487464904785,79399020000,58.90999984741211,0.0484323317847164,0.0273775952506905,0.002241505229874763
2008-12-10,25.210952758789062,113429325000,55.72999954223633,0.014198913811636293,0.05189347869022232,-0.00104368115614617
2008-12-11,25.932905197143555,82269300000,55.779998779296875,-0.024931722361930198,-0.02666668954229301,-0.008059715157124558
2008-12-12,24.142438888549805,68770140000,54.279998779296875,0.047057149999136794,0.06027395962412685,0.00030099718231269
2008-12-15,25.095439910888672,68397285,56.7599983215332,-0.017469708363351488,-0.009043852606399061,-0.004512681056092704
2008-12-16,25.701889038085938,58276935,52.369998931884766,0.05878979286908814,0.09387211750395319,-0.005439719079653904
2008-12-17,26.5682430267334,87302340,49.84000015258789,-0.001625166413815493,-0.023837732490885166,-0.008659977172091105
2008-12-18,25.990673065185547,49571625,47.34000015258789,-0.05520892898510188,-0.040292854333063066,-0.004750920438218342
2008-12-19,25.961790084838867,39498510000,44.93000030517578,0.013831101405963775,-0.008906287074357588,0.0009238921518039955
2008-12-22,25.7596378326416,51111285,44.560001373291016,-0.02445239525549503,-0.03337601178065552,0.014923095703125
2008-12-23,25.326457977294922,38107590,45.02000045776367,-0.0280171114683182,0.0,0.0013642009432368596
2008-12-24,25.066558837890625,30835410000,44.209999084472656,0.010056278955625553,-0.003984045873720143,-0.0009082282896019089
2008-12-25,24.89328384399414,6107385000,44.209999084472656,0.010056278955625553,-0.003984045873720143,0.0
2008-12-26,25.066558837890625,7415895000,43.380001068115234,-0.004386551020273077,0.00800017842988554,0.0010606014367304795
2008-12-29,25.03767967224121,17648805000,43.900001525878906,-0.00024758405274538653,0.01455012552657342,-0.0007568193126801237
2008-12-30,26.106176376342773,30441450000,41.630001068115234,0.0461005152928573,0.036505771047344426,-0.008936630837478088
2008-12-31,25.644123077392578,20743200000,40.0,0.004307494508593024,-0.006289516221952507,0.004126496130324009
2009-01-02,25.644123077392578,0,39.189998626708984,0.045906590623373766,0.040506496633213374,-0.0024352517526124995
2009-01-05,26.712631225585938,41163795000,39.08000183105469,0.00621874152968549,-0.01946479755978514,0.011748499119779376
2009-01-06,26.337209701538086,34246380,38.560001373291016,0.05047251364240246,0.04218380629400009,-0.0033177684934873053
2009-01-07,25.730758666992188,70769085,43.38999938964844,-0.04877221733728443,-0.08214306195940657,0.0009079314769742108
2009-01-08,23.998044967651367,88934460,42.560001373291016,-0.0025994641239466265,-0.022049018495215122,0.0016628965655960393
2009-01-09,23.68039321899414,68485725,42.81999969482422,-0.032623331244244436,-0.006631305110217811,0.00241466989973671
2009-01-12,24.05581283569336,49417860,45.84000015258789,-0.02879972417640997,-0.020026718612126793,0.0027100317696175935
2009-01-13,25.29758071899414,72003225,43.27000045776367,0.008178661238175122,0.04495914358986375,-0.0003002499027709993
2009-01-14,24.835529327392578,45100380,49.13999938964844,-0.04165284582780615,-0.039113565785766635,-0.0012015894991665999
2009-01-15,23.68039321899414,73444395,51.0,0.025048358121247283,0.0,0.0027067715064026387
2009-01-16,24.084686279296875,32827320,46.11000061035156,0.03549519436666704,0.010854805424270975,0.0002998896666899231
2009-01-19,23.68039321899414,36530745000,46.11000061035156,0.03549519436666704,0.010854805424270975,0.0065967385537915035
2009-01-20,22.87179183959961,81333645,56.650001525878906,-0.07158846580237144,-0.06174498325114619,-0.0017873510228320066
2009-01-21,23.218334197998047,65519970,46.41999816894531,0.03069269786629425,0.02288993431271913,0.0034318616600137464
2009-02-02,24.142438888549805,112945920,45.52000045776367,0.010851913432164961,-0.003978868394640123,0.0014836568524809746
2009-02-03,24.74888801574707,88523415,43.060001373291016,0.0014725198399676565,0.03861515024374018,-0.003259277343749978
2009-02-04,24.777769088745117,83271285,43.849998474121094,0.009106843869053138,0.016666661511401948,0.0014863031500509383
2009-02-05,24.48898696899414,69793230,43.72999954223633,0.040235028011183394,0.022698715172806194,-0.00044521787651685685
2009-02-06,25.81739616394043,100351260,43.369998931884766,0.03556091644766357,0.07151668585492876,-0.002821006923774849
2009-02-09,26.27944564819336,104560200,43.63999938964844,-0.005977841068203094,-0.023015163132427685,0.0050624824203582275
2009-02-10,25.90403175354004,44570745,46.66999816894531,-0.046003175733881685,-0.043580651135121995,0.0026666711877894045
2009-02-11,26.59712028503418,80546730,44.529998779296875,-0.010214911424523576,0.023399077106502686,0.0029550376380080845
2009-02-12,26.192819595336914,68792250,41.25,0.012970107584252322,0.00962694487755078,0.0029464435139858747
2009-02-13,26.539352416992188,49684185,42.93000030517578,0.01216158350070784,-0.01191896210018506,-0.00029383478147637643
2009-02-16,26.481605529785156,51524340,42.93000030517578,0.01216158350070784,-0.01191896210018506,0.005289459642451977
2009-02-17,25.29758071899414,69379170,48.65999984741211,-0.06656092365356758,-0.06875742861832645,0.009938619166529383
2009-02-18,25.7596378326416,57631725,48.459999084472656,0.0048089147862524495,0.0323832376549702,0.0014471559526667566
2009-02-19,26.221698760986328,57849810,47.08000183105469,-0.052064243085038986,-0.04265995654782995,-0.0008670167809201601
2009-02-20,25.3553409576416,71748960,49.29999923706055,0.006068632457226331,-0.017037897902468457,0.006653154303347009
2009-02-23,25.990673065185547,48933450,52.619998931884766,-0.04141320742145849,-0.021333308742034984,-0.005459730772253701
2009-02-24,25.41309356689453,59968350,45.4900016784668,0.05282639727939076,0.04087174950546979,0.0028892942027625157
2009-02-25,25.81739616394043,53483085,44.66999816894531,0.029984955421013204,-0.0013088597404259383,0.000864378991227488
2009-02-26,25.990673065185547,51748455,44.65999984741211,-0.01755501836973039,0.006553086302118594,0.001727045356792134
2009-02-27,25.961790084838867,59610570,46.349998474121094,-0.01225984212351272,-0.018229016682356658,0.005747148486326958
2009-03-02,25.846277236938477,101285910,52.650001525878906,-0.05040199512755961,-0.01193649852328349,0.004857090541294573
2009-03-03,25.7596378326416,58369395,50.93000030517578,0.013335461780888513,0.04429532345835896,-0.0025588951542820926
2009-03-04,26.5682430267334,84194880,47.560001373291016,0.045850892340366434,0.03341891019949039,0.0
2009-03-05,26.914783477783203,78208095,50.16999816894531,-0.015079642585417385,0.0062192121491047025,-0.0042759839808821365
2009-03-06,28.012161254882812,101923080,49.33000183105469,-0.011356174777822026,0.019777378859342054,-0.007729758242334239
2009-03-09,27.867765426635742,69829410,49.68000030517578,-0.02328081569476237,-0.061818197060722446,0.003173704871201055
2009-03-10,27.232439041137695,76816170,44.369998931884766,0.08069510896594068,0.0788113983714207,-0.006614884647922703
2009-03-11,28.1276798248291,84086340,43.61000061035156,0.0203070351808734,0.037125549531119795,-0.002605678928845445
2009-03-12,27.867765426635742,51724335,41.18000030517578,0.03499662068206533,0.023094712671474005,-0.0005805647988602614
2009-03-13,28.589733123779297,114907680,42.36000061035156,0.012605320581206003,-0.004514622895964937,-0.00029050642293970697
2009-03-16,28.878517150878906,74268495,43.7400016784668,-0.036118287827851425,-0.010204128153856074,-0.0005809600270242354
2009-03-17,28.878517150878906,58131210,40.79999923706055,0.041242408468810776,0.028636637488692163,-0.005523326540067486
2009-03-18,29.10955238342285,80529645,40.060001373291016,0.03444843446236612,0.011136408964401712,-0.0023384395936371094
2009-03-19,28.41646385192871,50981640,43.68000030517578,-0.009627134505049262,-0.03303993728492283,-0.006738925726292977
2009-03-20,27.550119400024414,62498940,45.88999938964844,-0.03362497036243328,-0.0296128416017305,-0.0029499198913610636
2009-03-23,29.05179214477539,59197515,43.22999954223633,0.06725798797147675,0.08920231710168403,-0.002366805271099115
2009-03-24,30.26469612121582,62127090,42.93000030517578,-0.01974981711921142,-0.018319169191051476,0.001482776846100764
2009-03-25,30.149168014526367,74241360,42.25,0.006162313417898524,-0.010977046765247134,0.0014805814741720713
2009-03-26,29.86038589477539,61318065,40.36000061035156,0.06493786206348218,0.03440639314035776,-0.003548164783192753
2009-03-27,29.975906372070312,53753430,41.040000915527344,-0.015703354174333328,-0.0075109258027391546,0.0017803429446723307
2009-03-30,30.033653259277344,46200855,45.540000915527344,-0.049187793717399564,-0.03891840308932304,0.009774936239976162
2009-03-31,29.687114715576172,69573135,44.13999938964844,0.006363022982824429,0.006748761734931774,-0.006453541206171698
2009-04-02,30.26469612121582,84861195,42.040000915527344,0.04338149028634808,0.09168449657498567,-0.019840153229507718
2009-04-03,30.38020133972168,69842475,39.70000076293945,0.0293586492555018,0.0048827387946401846,0.0015106662858883624
2009-04-06,30.26469612121582,77220180,40.93000030517578,-0.022546125685652063,-0.047618973185116875,0.0018098810205759985
2009-04-07,30.09142303466797,75857400,40.38999938964844,-0.038634027909508095,-0.036734368973468934,0.010840127078470152
2009-04-08,28.994033813476562,112552965,38.849998474121094,0.02891059775899829,0.015889670410781376,0.007745074131488838
2009-04-09,30.26469612121582,85832025,36.529998779296875,0.048162471016632624,0.023983234629647354,-0.0035472284979858326
2009-04-10,30.61122703552246,43027065,36.529998779296875,0.048162471016632624,0.023983234629647354,0.0008900206113608977
2009-04-13,30.437957763671875,57354345,37.810001373291016,-0.013324912465983996,0.01629309688245506,0.0032601301180283926
2009-04-14,30.322450637817383,72156990,37.66999816894531,-0.004063458183843682,-0.02204356365815341,-0.007680896107926771
2009-04-15,30.033653259277344,89649015,36.16999816894531,-0.01507998619449491,-0.01741830565143221,0.005656404461026554
2009-04-16,29.629356384277344,93780570,35.790000915527344,0.03358650887757397,0.0,-0.0005920798841452246
2009-04-17,29.10955238342285,153010245,33.939998626708984,0.001218054560638393,0.0010426363024944596,-0.00029615882791156345
2009-04-20,29.975906372070312,78258345,39.18000030517578,-0.05678745241790384,-0.04166678883569952,0.001777818467882053
2009-04-21,29.80263328552246,64313970,37.13999938964844,0.0013314867069835756,-0.002173757976215329,0.0011829961314842041
2009-04-22,29.28282356262207,67226460,38.099998474121094,0.0432976073862239,0.008714674821715729,-0.0014770824021977935
2009-04-23,29.629356384277344,62227590,37.150001525878906,-0.005814923139249806,-0.009719265136359345,0.0
2009-04-24,29.16730308532715,82606980,36.81999969482422,0.016144518953489895,-0.010905310184273653,-0.004437802206136543
2009-04-27,29.16730308532715,63072795,38.31999969482422,-0.011235879316523256,0.007717865303823235,0.0008914941437314639
2009-04-28,29.456087112426758,55329270,37.95000076293945,-0.016706536453768073,0.014223542373091647,0.0011876756284112666
2009-04-29,29.80263328552246,58527180,36.08000183105469,0.020031611951380368,0.08737857086714107,-0.0038553103027593183
2009-04-30,31.881879806518555,155433300,36.5,0.027747959533932276,0.04861101525969591,-0.01488538248671245
2009-05-04,34.07665252685547,177780480,34.529998779296875,0.05158995482409634,0.0983299877583812,-0.005129697407249001
2009-05-05,33.499088287353516,131490180,33.36000061035156,-0.010349464950216158,-0.05743227203058754,0.0009098810490197895
2009-05-06,33.21029281616211,176802615,32.45000076293945,0.0034610517761255455,-0.00985668215945501,0.004242405746922362
2009-05-07,32.63273239135742,141852735,33.439998626708984,-0.055928498398192805,-0.05972867540029114,-0.0009052136345616413
2009-05-08,32.5172119140625,96870945,32.04999923706055,-0.01924971037453793,0.004812402007287053,-0.003020304650405037
2009-05-11,32.45945358276367,77070435,32.869998931884766,-0.003164405827892791,-0.00670484869199639,-0.0042411207745234325
2009-05-12,31.997394561767578,83635095,31.799999237060547,-0.02543597326389313,-0.021215231779348365,-0.0018252984649643755
2009-05-13,32.57496643066406,94040865,33.650001525878906,-0.02201789553174438,-0.013792990881872691,0.0021334864947979426
2009-05-14,31.477577209472656,82343670,31.3700008392334,0.030313254209348273,0.028971328667564356,0.0
2009-05-15,31.650854110717773,64244625,33.119998931884766,-0.006956422006026752,-0.027184701623058638,-0.0006082864085751316
2009-05-18,32.34394454956055,62795415,30.239999771118164,0.03543767642155071,0.05289392032816087,0.002434510495176845
2009-05-19,32.92151641845703,91570575,28.799999237060547,0.02009705756807345,0.008531074622071255,-0.003642954975337065
2009-05-20,32.45945358276367,64667730,29.030000686645508,0.0025747558859603448,-0.011278296078892303,-0.0009140395970693715
2009-05-21,32.69048309326172,64073775,31.350000381469727,-0.02587645799114291,-0.010455871182700749,-0.006404363483052289
2009-05-22,32.45945358276367,57527205,32.630001068115234,0.0004794385678019708,0.011527013289269306,-0.0015347774385374713
2009-05-25,32.17067337036133,50797725,32.630001068115234,0.0004794385678019708,0.011527013289269306,0.0003074742270459119
2009-05-26,32.69048309326172,62398440,30.6200008392334,0.03577419987761954,0.021842131129924836,0.002458451570579001
2009-05-27,34.88524627685547,183899925,32.36000061035156,0.01742339609282051,0.014870398887124825,-0.001532778623474229
2009-06-01,34.07665252685547,102013530,30.040000915527344,0.05307582073615702,0.05027419978505088,-0.011367094947992928
2009-06-02,34.59646224975586,80862300,29.6299991607666,-0.032970466733143744,-0.05308959942986369,0.006215064047320196
2009-06-03,34.5387077331543,73274550,31.020000457763672,-0.02211448397253557,-0.04595570544033556,0.0033971774775474195
2009-06-04,33.44133377075195,81700470,30.18000030517578,0.021504183082878825,-0.008670790508361503,0.0012310587492700975
2009-06-05,33.15254211425781,42436125,29.6200008392334,-0.0190224516017119,-0.004859013500915665,0.0027666817081213324
2009-06-08,32.69048309326172,55954380,29.770000457763672,-0.0005539443328799187,-0.002929674691680484,0.008583770789779122
2009-06-09,32.40170669555664,75314700,28.270000457763672,0.04453238144724825,0.03036238796235824,-0.006079050263329999
2009-06-10,33.614593505859375,55321230,28.459999084472656,0.0019812966717651648,-0.007604554889482307,0.0009173938408855165
2009-06-11,33.672359466552734,54057945,28.110000610351562,-0.01221757313153815,0.008620728835594615,-0.0018332225520989454
2009-06-12,32.34394454956055,87307365,28.149999618530273,-0.017694985869485813,-0.04653378710864575,0.0024487859056794292
2009-06-15,30.78449821472168,98056845,30.809999465942383,-0.01561195133669424,-0.057768886485837,0.004885491524033947
2009-06-16,30.9577693939209,78092520,32.68000030517578,-0.025101651263728653,-0.03594087221968745,-0.001215463862437205
2009-06-17,30.033653259277344,83768760,31.540000915527344,0.009290534868884981,0.010964747325897806,-0.000608471506345909
2009-06-18,30.437957763671875,62847675,30.030000686645508,-0.018372519146668265,0.008677044264369771,0.0
2009-06-19,30.206937789916992,66898830,27.989999771118164,0.012247997406614308,-0.007526646749073662,0.0
2009-06-22,30.61122703552246,48037995,31.170000076293945,-0.0373199512997171,-0.0162513658907254,0.0009133210163700944
2009-06-23,29.629356384277344,59505045,30.579999923706055,-0.0036920631973960116,0.01762112274407346,-0.002128944420628387
2009-06-24,30.553476333618164,122965770,29.049999237060547,0.0174248376035806,0.03246720862236474,0.0012190520925317028
2009-06-25,31.015531539916992,56556375,26.360000610351562,0.02007139751617082,0.008386242081601436,0.002130888830310429
2009-06-26,31.419837951660156,68721900,25.93000030517578,-0.0007978120072388295,-0.0051980097452859475,-0.003341336627353142
2009-06-29,30.842254638671875,64387335,25.350000381469727,-0.0004941121494134171,-0.0020896311069145135,0.001828636271944628
2009-06-30,31.593095779418945,45144600,26.350000381469727,0.000874791376250128,-0.014659900316989494,-0.0018252984649643755
2009-07-01,31.766372680664062,46831995,26.219999313354492,0.014706344752225098,0.00318851137678422,-0.004571823212449311
2009-07-02,31.824127197265625,34404165,27.950000762939453,-0.012021525636274455,-0.007415531655725949,0.006123722102690188
2009-07-03,31.766372680664062,27359115,27.950000762939453,-0.012021525636274455,-0.007415531655725949,0.0006086566461405152
2009-07-06,31.419837951660156,33242385,29.0,-0.013532445753034139,-0.002134319203929036,0.0015206580120532553
2009-07-07,31.997394561767578,37127715,30.850000381469727,-0.028857958425139163,-0.01604305120652527,0.0003036234874140842
2009-07-08,31.419837951660156,58099050,31.299999237060547,-0.007082675144638451,-0.002173757976215329,0.002428713855191722
2009-07-09,31.939645767211914,60531150,29.780000686645508,0.02793501504168794,0.030501011452794158,-0.0033313327930526437
2009-07-10,32.40170669555664,52935360,29.020000457763672,0.0042256431914236,0.0232559385071629,0.0027347357339768674
2009-07-13,31.766372680664062,67172190,26.309999465942383,0.02412755220990559,0.001033025494394657,0.003030256791548336
2009-07-14,32.22843551635742,88881195,25.020000457763672,0.016283916145565902,0.013415887876451649,-0.0024168586116390944
2009-07-15,32.88025665283203,73533000,25.889999389648438,0.04432337403444753,0.05063834038869608,-0.005148454914772893
2009-07-16,33.18696594238281,49572000,25.420000076293945,0.01932095788019894,0.006128354176778927,0.0
2009-07-17,33.1256217956543,54577000,24.34000015258789,0.012160170759844657,0.008122401271259516,-0.000608725844604252
2009-07-20,33.61638259887695,69655000,24.399999618530273,0.012530675291554605,0.013091559996873725,-0.0027413995604093078
2009-07-21,34.0457878112793,67895000,23.8700008392334,-0.0005440451861654649,-0.018887019014686257,0.0
2009-07-22,33.923091888427734,55795000,23.469999313354492,0.026533342334716492,0.04559282737074244,0.0009162729920262347
2009-07-23,34.65922546386719,69194000,23.43000030517578,0.009775672205833086,0.0,-0.0012206565446619688
2009-07-24,35.088626861572266,81642000,23.09000015258789,-0.012601706011761693,-0.0029068856016175593,0.0015276271848407852
2009-07-27,35.33400344848633,49935000,24.280000686645508,0.005849529370839601,0.0,0.0006101421143525076
2009-07-28,35.51803970336914,48101000,25.010000228881836,0.002015513948995018,-0.004859131464272304,-0.002743907154918457
2009-07-29,34.65922546386719,56781000,25.610000610351562,-0.008573824844519184,-0.013671718966304591,0.00550291379437029
2009-07-30,34.352508544921875,62361000,25.399999618530273,0.0013304648939456154,0.06633675657366478,-0.0027363987308621773
2009-07-31,36.13148498535156,196178000,25.920000076293945,0.002291979693784141,-0.027855262941596903,0.0
2009-08-03,35.76340866088867,69991000,25.559999465942383,0.017498472573202584,0.010505852344305122,0.0
2009-08-04,35.33400344848633,62034000,24.889999389648438,0.0006514800510961649,-0.010396626917035912,0.0
2009-08-05,34.904605865478516,53365000,24.899999618530273,-0.010936765189349829,-0.018146902923708574,-0.004573101057031681
2009-08-06,34.843257904052734,53205000,25.670000076293945,-0.013229811810991254,-0.01167359772999732,0.0015313701293679927
2009-08-07,34.843257904052734,0,24.760000228881836,-0.004368964416436971,0.006890023856553684,0.0009173938408855165
2009-08-10,35.456695556640625,69103000,24.989999771118164,-0.011992022500639243,-0.0019550968507342503,0.0015276271848407852
2009-08-11,35.02728271484375,64378000,25.989999771118164,-0.014273753634482245,0.0009792765148159965,0.003660852686114824
2009-08-12,35.27265930175781,42908000,25.450000762939453,0.017679125762941172,0.019569878872047086,-0.003039583105784893
2009-08-13,35.94743728637695,79925000,24.709999084472656,0.021900672468995186,0.05086347648906364,0.0006097700679539297
2009-08-14,36.13148498535156,51220000,24.270000457763672,-0.02549939714872551,-0.03561671024820112,0.0021328365470782984
2009-08-17,35.456695556640625,48628000,27.889999389648438,-0.02962824108917117,-0.019886393199432528,-0.0015201957430344137
2009-08-18,35.33400344848633,32027000,26.18000030517578,0.020110532376755863,0.004831037554566819,0.0021315375913206758
2009-08-19,35.21131896972656,21153000,26.260000228881836,0.005999903065283085,-0.008653721977305961,0.0015192718715395515
2009-08-20,35.39535140991211,25658000,25.09000015258789,0.010190177309647108,0.012609263817508154,-0.001820314328285777
2009-08-21,34.843257904052734,42051000,25.010000228881836,0.016497312647029805,0.0,-0.0033434834422435555
2009-08-24,35.82475280761719,59282000,25.139999389648438,-0.007799479197014514,0.03256677674907493,-0.0006099559989399816
2009-08-25,36.0087890625,35268000,24.920000076293945,0.005285123788000279,-0.0018551350876864214,0.0024411966811086483
2009-08-26,36.19282150268555,50183000,24.950000762939453,0.008185509220559162,-0.021375335824730057,0.0027397307996466225
2009-08-27,36.07012939453125,30410000,24.68000030517578,0.0025414230800313575,0.0009495892952016138,-0.00212506671956747
2009-08-28,36.49953842163086,49629000,24.760000228881836,0.024427181827264777,0.022770187594575608,-0.0009126492324822433
2009-08-31,36.31550598144531,45013000,26.010000228881836,-0.016067893697050084,-0.007421035884043747,0.0018270820040262592
2009-09-01,37.4196891784668,84266000,29.149999618530273,-0.02462601417981991,-0.01308431904342544,0.0
2009-09-02,36.56088638305664,61298000,28.899999618530273,-0.004152190197772132,0.004735182438033947,-0.0027355668210865547
2009-09-03,36.68355941772461,42433000,27.100000381469727,0.01429055417129943,0.010367226674800945,0.0006095841794129253
2009-09-04,36.806251525878906,44401000,25.260000228881836,0.026819068255907297,0.008395758725228575,0.0
2009-09-07,38.03313446044922,74764000,25.260000228881836,0.026819068255907297,0.008395758725228575,-0.0009138773171117887
2009-09-08,38.4625358581543,70265000,25.6200008392334,0.022535127132515376,0.023126878109356985,-0.004878044241882984
2009-09-09,38.03313446044922,50654000,24.31999969482422,0.010766622881018595,0.003616476322236606,0.0003064380029873526
2009-09-10,38.95328903198242,96349000,23.549999237060547,0.017774052649002448,0.002702617787585071,0.0003062272914529096
2009-09-11,38.27850341796875,47431000,24.149999618530273,-0.014056947288649813,-0.01796955166728631,-0.005205087867101832
2009-09-14,37.72641372680664,44672000,23.860000610351562,0.004544970246550317,-0.012808359844178052,0.002770087655844522
2009-09-15,38.33985900878906,36111000,23.420000076293945,0.008614813721482983,0.011120844420630549,0.0
2009-09-16,38.4625358581543,35054000,23.690000534057617,0.00417835698883251,0.008249545606997977,-0.005524870934912274
2009-09-17,38.33985900878906,38573000,23.649999618530273,-0.016858368832494586,-0.009999871656878434,-0.0006172980500540604
2009-09-18,38.4625358581543,46352000,23.920000076293945,0.016027176856039826,-0.001836466147763005,-0.0003088985762980112
2009-09-21,38.217166900634766,33473000,24.059999465942383,-0.00024511539080562805,-0.009199505621085402,0.0012357404030662877
2009-09-22,38.33985900878906,24321000,23.079999923706055,0.008976734240061734,0.010213138208653882,-0.004011140658046419
2009-09-23,38.217166900634766,34755000,23.489999771118164,0.005222752711642853,-0.010109884560365323,-0.0003097373578470064
2009-09-24,37.297000885009766,54162000,24.950000762939453,-0.02419567262464728,-0.032497617815396396,0.001859354584439643
2009-09-25,37.48103332519531,45106000,25.610000610351562,-0.006160342434058275,0.0028789140891316567,0.0021651621051559378
2009-09-28,37.23565673828125,27489000,24.8799991607666,0.020619913613574736,0.023923298225382084,-0.0003087078938092125
2009-09-29,39.07598114013672,82548000,25.190000534057617,-0.014252185400942086,0.008411449841827068,0.0
2009-09-30,39.56672668457031,102127000,25.610000610351562,0.008513986980743349,0.015755443125064605,-0.013275712049355737
2009-10-01,39.87343978881836,54800000,28.270000457763672,-0.04844205846950811,-0.03740900949201287,0.003128982843649153
2009-10-02,38.4625358581543,77795000,28.68000030517578,-0.010904352117302785,-0.018957664788593065,0.0034309666544785067
2009-10-05,38.03313446044922,60826000,26.84000015258789,0.021200954201780142,0.006763835980369226,-0.002797523873579233
2009-10-06,38.27850341796875,81906000,25.700000762939453,0.020728818959251605,-0.004798580741492864,-0.0015586985319123725
2009-10-07,38.0944709777832,62388000,24.68000030517578,-0.006070355668690741,-0.019286578224101736,-0.0009365838414038263
2009-10-08,37.35834884643555,82064000,24.18000030517578,-0.004974242059850864,-0.02458210673671679,0.002812504768371582
2009-10-09,37.48103332519531,67762000,23.1200008392334,0.032841929954128046,0.01310476007608452,0.004674400908870391
2009-10-12,37.542381286621094,36486000,23.010000228881836,0.013999477908525071,-0.013930037955600438,-0.0018610846826069283
2009-10-13,37.91043472290039,51266000,22.989999771118164,-0.003051297400955,0.029262879784570428,0.0021752546351889723
2009-10-14,38.95328903198242,85334000,22.860000610351562,0.013666740376065967,0.014705872450847313,0.0012403384659640526
2009-10-15,39.13732147216797,62541000,21.719999313354492,-0.01414011398218118,-0.02801894133609506,-0.0027872452782933266
2009-10-16,37.97179412841797,75045000,21.43000030517578,-0.021074705548233652,-0.02286313772476889,0.0021739035144614505
2009-10-19,37.66507339477539,103211000,21.489999771118164,0.014806527753621124,0.01017334654006774,0.000619784861479955
2009-10-20,38.03313446044922,67524000,20.899999618530273,-0.0022587282007006104,0.0,-0.0021678443121554425
2009-10-21,37.787742614746094,48816000,22.219999313354492,-0.012849141242194828,0.027189855670223473,0.0034140473675985383
2009-10-22,37.91043472290039,72693000,20.690000534057617,0.012923375236335355,-0.0019606233863630473,0.002474420409112943
2009-10-23,37.72641372680664,36966000,22.270000457763672,-0.0319115514820435,-0.01669953660249579,-0.0009256025744557306
2009-10-26,37.72641372680664,36720000,24.309999465942383,0.0032552007317494525,0.0009993763903521913,0.0018529202166341907
2009-10-27,37.603729248046875,49427000,24.829999923706055,-0.02520159244493736,-0.014970424489514245,-0.0009247466265974724
2009-10-28,37.11296463012695,62705000,27.90999984741211,-0.02798607494593397,-0.025328901817365357,0.002776925424610166
2009-10-29,36.99028396606445,103965000,24.760000228881836,0.021544093344237014,0.030145581600564686,-0.003076876126802852
2009-10-30,36.806251525878906,65520000,30.690000534057617,-0.0346613534335769,-0.03733625336849389,0.006172745025411208
2009-11-02,36.68355941772461,38079000,29.780000686645508,0.00256232490942776,0.004192926954504239,-0.0012269049908646412
2009-11-03,36.31550598144531,52726000,28.809999465942383,-0.01308125760369594,-0.007307084090214633,0.0
2009-11-04,36.56088638305664,64073000,27.719999313354492,0.00623547274050984,0.017875895614315462,-0.003685587884540764
2009-11-05,36.622222900390625,43726000,25.43000030517578,0.0259049850713986,0.011363806575236168,0.0
2009-11-06,36.806251525878906,44520000,24.190000534057617,-0.003960860226843943,0.0,0.0009248642189965128
2009-11-09,36.806251525878906,34813000,23.149999618530273,0.031481925553130674,0.01634295336316227,-0.005235662988955614
2009-11-10,37.11296463012695,40584000,22.84000015258789,0.0008352596293959014,0.007035595585553667,0.0018576276999464625
2009-11-11,38.155818939208984,94778000,23.040000915527344,0.013610769434330372,0.0429141354009801,-0.0009270327172762327
2009-11-12,38.155818939208984,102770000,24.239999771118164,-0.005573873844255672,0.0,-0.0015466454972415944
2009-11-13,37.91043472290039,43120000,23.360000610351562,0.01114644479052096,0.013396827928391364,-0.004646769419267893
2009-11-16,38.27850341796875,59633000,22.889999389648438,0.019936996624997816,0.019830128764290356,-0.004046095978634812
2009-11-17,38.40119552612305,57822000,22.40999984741211,0.0014514249260970669,-0.010184983413418669,0.0031249523162841797
2009-11-18,38.58522033691406,54524000,21.6299991607666,-0.008541430452111198,0.00841881740932604,-0.0012460156614126916
2009-11-19,38.58522033691406,40088000,22.6299991607666,-0.03430480115470813,-0.03339476766390381,0.009981275144012036
2009-11-20,37.84909439086914,50419000,22.190000534057617,-0.0081481537567617,-0.0028794267423655207,0.0
2009-11-23,38.03313446044922,25386000,21.15999984741211,0.011527083242454328,0.011549277836866434,-0.00617667561278723
2009-11-24,38.27850341796875,25992000,20.469999313354492,0.0031459528861750297,-0.0095146213632471,-0.00031081840073377
2009-11-25,38.4625358581543,46553000,20.479999542236328,0.00828799239632283,0.006724337918927681,0.0003109150388489468
2009-11-26,38.03313446044922,31172000,20.479999542236328,0.00828799239632283,0.006724337918927681,-0.0006215182589807133
2009-11-27,36.806251525878906,93737000,24.739999771118164,-0.016725394762495238,-0.01622120673364269,0.003420417004772247
2009-11-30,37.48103332519531,32695000,24.510000228881836,0.0007422684638787036,0.007759410316791504,-0.001859354584439754
2009-12-01,37.23565673828125,53946000,21.920000076293945,0.03060807475949323,0.011549277836866434,-0.002794168120025753
2009-12-02,37.297000885009766,38474000,21.1200008392334,0.0161168618437717,0.033301937166715145,-0.0012452397932795067
2009-12-03,37.72641372680664,54543000,22.459999084472656,0.011549518651728263,-0.024862011032371623,0.0
2009-12-04,37.72641372680664,26379000,21.25,0.020612586067437988,0.019830128764290356,0.0021820352502741613
2009-12-07,38.33985900878906,46543000,22.100000381469727,0.0045046616453146004,0.0074072927822015355,0.003732470488008399
2009-12-08,38.27850341796875,39388000,23.690000534057617,0.000712711518225051,-0.0036763089056187637,-0.002788972770721987
2009-12-09,38.27850341796875,37770000,22.65999984741211,0.006321217560629089,0.005534951830790336,0.0027967728941697967
2009-12-10,37.603729248046875,62875000,22.31999969482422,-0.0014155504533750474,0.002752207380797067,-0.000619784861479955
2009-12-11,38.40119552612305,40997000,21.59000015258789,-0.009952475183959586,-0.01829794617027236,-0.0037208971127059565
2009-12-14,38.4625358581543,38704000,21.149999618530273,0.015034020104681023,0.009319536369441161,0.003734793896531974
2009-12-15,38.4625358581543,27949000,21.489999771118164,-0.0038497422408918514,-0.002770136974969306,0.0009301947068798277
2009-12-16,37.91043472290039,49488000,20.540000915527344,0.0173761531371337,0.003703752380161074,-0.0003097373578470064
2009-12-17,38.155818939208984,33109000,22.510000228881836,-0.01461455149652846,-0.0036900852182508714,0.002169187909242032
2009-12-18,37.97179412841797,32071000,21.68000030517578,0.01474298320810985,0.028703745314223594,0.00030916269282710296
2009-12-21,38.155818939208984,52334000,20.489999771118164,0.02267785758076646,0.003600063769732209,-0.0009273193419429004
2009-12-22,38.58522033691406,43944000,19.540000915527344,0.00586993333186725,0.012556393133604571,-0.00030935401075526947
2009-12-23,38.89194107055664,65488000,19.709999084472656,0.001832353748251414,-0.012400685254423838,0.0
2009-12-24,39.01463317871094,56297000,19.469999313354492,0.016011503263301696,0.010762544467222579,-0.0034045374706326292
2009-12-25,38.89194107055664,20204000,19.469999313354492,0.016011503263301696,0.010762544467222579,0.0012422644279370676
2009-12-28,39.07598114013672,39136000,19.93000030517578,-0.009472079470351003,-0.009760503836089396,-0.0006203615608689761
2009-12-29,38.830596923828125,28498000,20.010000228881836,-0.0040823905449106634,0.00716848549614757,0.0018621215493683785
2009-12-30,39.19865417480469,59566000,19.959999084472656,0.014627546608803499,0.0035589696558797623,-0.0027881089216649224
2009-12-31,39.56672668457031,51979000,21.68000030517578,-0.004095367294224772,0.014184310798123212,-0.007455665548565693
2010-01-04,39.812095642089844,39407000,20.040000915527344,0.017143108734120283,0.012237755473826883,-0.009076710754377548
2010-01-05,39.56672668457031,37138000,19.350000381469727,0.0009288645858553934,-0.004317763398559493,0.006317143521900492
2010-01-06,39.812095642089844,49261000,19.15999984741211,-0.0002183976660696807,-0.003469123674143204,-0.002510983119066945
2010-01-07,39.382686614990234,42134000,19.059999465942383,-0.011028032600617577,-0.03307236672744185,0.0009439514993301312
2010-01-08,39.26001739501953,46076000,18.1299991607666,0.014849608599418973,-0.000900084630210074,-0.0006286875432504058
2010-01-11,39.56672668457031,36799000,17.549999237060547,-0.002882918403286583,-0.005405235575170253,-0.0018874291149110212
2010-01-12,39.01463317871094,49853000,18.25,-0.0359226835950649,-0.030797257602783734,0.0025212708748880708
2010-01-13,38.52387619018555,47976000,17.850000381469727,0.015956895882250022,0.026168352807900863,-0.002829303806944461
2010-01-14,38.769256591796875,36149000,17.6299991607666,-0.00593165359659964,-0.010018223164964812,0.0003152657344991372
2010-01-15,38.95328903198242,47852000,17.90999984741211,-0.03442954740006332,-0.02483892493296369,0.0006303327466818942
2010-01-18,38.58522033691406,30136000,17.90999984741211,-0.03442954740006332,-0.02483892493296369,-0.0012598713551918994
2010-01-19,38.33985900878906,47202000,17.579999923706055,0.017901110713958168,0.03396241384111498,0.002522921266619127
2010-01-20,38.64657211303711,52281000,18.68000030517578,-0.002964380526448873,-0.014598935042464234,0.0028310236756017293
2010-01-21,38.40119552612305,24738000,22.270000457763672,-0.005403038326387444,-0.0194445410122549,0.0015684173690542202
2010-01-22,37.48103332519531,63918000,27.309999465942383,-0.05294475963204626,-0.04721407757765839,0.0003131922576340429
2010-01-25,37.0516357421875,62151000,25.40999984741211,0.014234157864527974,0.005946445236002962,-0.001565470994775442
2010-01-26,36.86760711669922,79112000,24.549999237060547,-0.0019750365322828145,-0.014778460677195904,0.003135791263206622
2010-01-27,36.56088638305664,52639000,23.139999389648438,0.011783497537464438,-0.0009999940476544955,0.0009378145314209441
2010-01-28,36.806251525878906,43988000,23.729999542236328,-0.030226703898422524,0.006005970220397616,-0.002498436057537856
2010-01-29,37.72641372680664,91560000,24.6200008392334,-0.03416347721461421,0.010945208805918094,-0.0006261883979101768
2010-02-01,36.68355941772461,75480000,22.59000015258789,0.030531184731644956,-0.007873819396530313,0.0018796825124991479
2010-02-02,36.19282150268555,65510000,21.479999542236328,0.009149017283508032,-0.011904841216293982,0.000938048146537751
2010-02-03,36.68355941772461,42426000,21.600000381469727,-0.0028902155590850853,0.0100403304958403,-0.0012495785778221524
2010-02-04,36.2541618347168,42564000,26.079999923706055,-0.0464378558962778,-0.037773658744544414,0.0028152036868804853
2010-02-05,35.088626861572266,62227000,26.110000610351562,0.023933790737229232,-0.012396464225614023,0.00031186279179418186
2010-02-08,35.21131896972656,45247000,26.510000228881836,-0.0035937352262667144,0.0052300139692675884,-0.0003117655637151495
2010-02-09,35.94743728637695,45754000,26.0,0.014269653485744271,-0.0010404177107967705,-0.0015596709175275114
2010-02-10,35.82475280761719,53679000,25.399999618530273,-3.096567398397365e-05,0.010416364432293213,0.0015621072908389433
2010-02-22,36.19282150268555,47519000,19.940000534057617,-0.0028818820308976756,-0.0019962241501310096,-0.0003123499549351205
2010-02-23,36.68355941772461,50343000,21.3700008392334,-0.028258575952811116,-0.01500029227542754,0.0018750429153442383
2010-02-24,35.88610076904297,54884000,20.270000457763672,0.01922665397443768,-0.0030454356311707675,-0.0012476891395478695
2010-02-25,35.70206832885742,55655000,20.100000381469727,-0.0025937240535350847,-0.0071282674722905615,0.0006246239062379644
2010-02-26,36.07012939453125,30877000,19.5,0.0013888837508901908,0.0,-0.001872701984285463
2010-03-01,36.56088638305664,60146000,19.260000228881836,0.03134048043347537,0.020512620224856892,0.0
2010-03-02,36.74490737915039,53495000,19.059999465942383,-0.00025755220739631657,0.0,-0.0003127025961532359
2010-03-03,36.806251525878906,32150000,18.829999923706055,-0.008643679366265311,-0.009044790622887322,-0.0012511419780357746
2010-03-04,36.31550598144531,53405000,18.719999313354492,0.0005196413408139477,0.0010138055251820433,-0.0003131922576341539
2010-03-05,37.0516357421875,59062000,17.420000076293945,0.014370246033173828,0.02634253107167983,-0.002506263268008846
2010-03-08,37.542381286621094,43993000,17.790000915527344,-0.0009103334177569256,0.00987191163763712,0.0006281550775069089
2010-03-09,37.603729248046875,29829000,17.920000076293945,-0.002106950057650714,0.001954873061556839,-0.002510983119066945
2010-03-10,37.66507339477539,30540000,18.56999969482422,0.0215995839927825,0.008780509958545846,0.0006292809937993304
2010-03-11,37.66507339477539,25340000,18.059999465942383,-0.0024578348966335373,0.015473942916615302,-0.0022012483177245024
2010-03-12,37.297000885009766,67894000,17.579999923706055,-0.005011814656123437,-0.016190596559428228,-0.0009454390081835573
2010-03-15,36.68355941772461,37911000,18.0,-0.013900950689450076,-0.018392995182215377,0.0028391214644105656
2010-03-16,36.622222900390625,29394000,17.690000534057617,0.026938304591038742,0.014792961975264696,-0.00031457151915181836
2010-03-17,37.11296463012695,68876000,16.90999984741211,0.01164313426943675,0.012633919794555082,-0.002831974532515047
2010-03-18,37.0516357421875,70048000,16.6200008392334,-0.006647238213417617,-0.007677861011505804,0.0034710855521984385
2010-03-19,36.806251525878906,45829000,16.969999313354492,-0.01650818367934659,-0.02417780517338608,-0.003773551407665332
2010-03-22,36.19282150268555,47044000,16.8700008392334,0.024123445204283556,0.008919516591152421,0.0031565776675004376
2010-03-23,36.56088638305664,48107000,16.350000381469727,0.02256694504957313,0.008840737121148301,-0.0003146705055308008
2010-03-24,37.17431640625,46973000,17.549999237060547,-0.01906191507406141,0.00584237375766139,0.000944248626522981
2010-03-25,37.72641372680664,62713000,18.399999618530273,-0.001478023848604626,0.00871287965467027,-0.00031441263437359535
2010-03-26,38.03313446044922,77332000,17.770000457763672,-0.005317447106515605,-0.005758414067673412,0.001258226078225011
2010-03-29,38.155818939208984,37464000,17.59000015258789,0.009589641232133905,0.017374559750544805,-0.0015708211492425628
2010-03-30,38.155818939208984,29950000,17.1299991607666,0.00690559182679551,0.0009487608332066078,-0.0018880230331848047
2010-03-31,37.72641372680664,39228000,17.59000015258789,-0.006316032195608279,-0.0056870969020609285,0.0006305314689982744
2010-04-01,38.0944709777832,54656000,17.469999313354492,0.000982012512621866,0.010486185217552402,0.00031506707479356244
2010-04-02,38.27850341796875,17299000,17.469999313354492,0.000982012512621866,0.010486185217552402,-0.0022047147976131942
2010-04-06,38.89194107055664,52915000,16.229999542236328,-0.006192767003282529,0.009319536369441161,0.0025284426437830465
2010-04-07,38.95328903198242,48336000,16.6200008392334,0.0036483192900156336,0.0018467814711919939,-0.006305134297610704
2010-04-08,38.217166900634766,48530000,16.479999542236328,-0.01438088055866027,-0.02119816912818362,0.0
2010-04-09,38.4625358581543,31569000,16.139999389648438,0.011548733804015887,0.0,-0.0006345322802413511
2010-04-12,38.70791244506836,34914000,15.579999923706055,0.00854265342287519,-0.0028250572772009486,-0.0006349351671006698
2010-04-13,38.58522033691406,42708000,16.200000762939453,0.006227399542848788,0.007554324472983209,0.0006353385658992572
2010-04-14,39.13732147216797,55548000,15.59000015258789,0.04300742599030949,0.0543580519308684,-0.00412695748465397
2010-04-15,39.50538635253906,70894000,15.890000343322754,0.002841051719592924,-0.010666671550642715,-0.0012751327528597312
2010-04-16,38.64657211303711,49654000,18.360000610351562,-0.012811475128110539,-0.02515708436391273,0.0022342705073310487
2010-04-19,38.40119552612305,66249000,17.34000015258789,-0.01038727807347306,-0.0009217237450807048,0.0006369572613582619
2010-04-20,38.52387619018555,37426000,15.729999542236328,0.015526315047150074,0.005534951830790336,-0.0012731036101277793
2010-04-21,38.27850341796875,44895000,16.31999969482422,-0.010841216219865557,-0.005504484772720031,-0.0019120289211925767
2010-04-22,37.787742614746094,90506000,16.469999313354492,0.01921208426184151,0.01199261856238798,0.0012771684520147542
2010-04-23,37.84909439086914,48869000,16.6200008392334,0.0037098167600173593,-0.000911223752839474,-0.0012755393733678844
2010-04-26,38.95328903198242,67358000,17.469999313354492,0.0009739514314448527,0.002736582283548783,-0.0012771075532711507
2010-04-27,39.07598114013672,25300000,22.809999465942383,-0.035004140198470535,-0.03548632637793414,0.0006393398329935795
2010-04-28,38.0944709777832,72599000,21.079999923706055,0.004783121907482979,-0.009434119832752663,0.0022364729673847172
2010-04-29,37.787742614746094,40178000,18.440000534057617,0.013740537059091729,0.005714033209433866,-0.0012751327528597312
2010-04-30,37.91043472290039,43339000,22.049999237060547,-0.045434892371098545,0.0028409649322613806,-0.0015958901111491341
2010-05-03,37.787742614746094,22418000,20.190000534057617,0.026324861156463486,0.006610187042546123,0.0041559833092363885
2010-05-04,37.4196891784668,38039000,23.84000015258789,-0.04531439210438637,-0.05347081254794561,0.0009551317030005446
2010-05-05,36.68355941772461,93944000,24.90999984741211,-0.010692535194683939,-0.012884191572284265,0.0044529067197942584
2010-05-06,36.49953842163086,48824000,32.79999923706055,-0.032918211612408266,-0.019076114597512572,0.0050664929638584155
2010-05-07,36.438194274902344,61514000,40.95000076293945,-0.016423671218602,0.012282421651017561,-0.0022054094306552807
2010-05-10,36.68355941772461,56272000,28.84000015258789,0.059783694521938324,0.041455994956764775,-0.0059993853362771965
2010-05-11,36.86760711669922,67770000,28.31999969482422,-0.007483365613524584,-0.012621430723197324,0.003494301523225163
2010-05-12,36.86760711669922,27694000,25.520000457763672,0.028377089550183587,0.0058998196722885865,0.0006331262319425601
2010-05-13,37.542381286621094,39828000,26.68000030517578,-0.026980929168915035,0.001954873061556839,0.0015817537518227898
2010-05-14,37.542381286621094,31551000,31.239999771118164,-0.030414302416293504,-0.03707332217563253,0.0030006100382926615
2010-05-17,36.31550598144531,73173000,30.84000015258789,0.01562778804170195,0.010131885459430334,0.001417102109375623
2010-05-18,36.49953842163086,30445000,33.54999923706055,-0.029327495835668516,-0.024072379099633334,-0.00031441263437359535
2010-05-19,36.37685012817383,48408000,35.31999969482422,0.005704388631518231,0.009249846238502002,0.006605821907041287
2010-05-20,36.13148498535156,31637000,45.790000915527344,-0.02918709067673042,-0.019348076856723795,0.0031249523162841797
2010-05-21,36.07012939453125,45655000,40.099998474121094,0.024985247032755398,0.016614644206868645,0.001246134499339302
2010-05-24,36.19282150268555,19294000,38.31999969482422,-0.018819141300371323,-0.019407442247745044,-0.0018667566811800818
2010-05-25,35.82475280761719,48371000,34.61000061035156,0.005751086802182392,-0.0031250603640707864,0.005299194490093528
2010-05-26,36.13148498535156,42766000,35.02000045776367,-0.002118945244023007,-0.011494422437707152,-0.003100727879723819
2010-05-27,36.0087890625,55467000,29.68000030517578,0.051689967658522296,0.04545476179201846,-0.0037325891411058576
2010-05-28,36.0087890625,61106000,32.06999969482422,-0.016290870950906755,-0.01415585803478181,-0.0015610127682198494
2010-05-31,36.928958892822266,25365000,32.06999969482422,-0.016290870950906755,-0.01415585803478181,-0.0018761559349974588
2010-06-01,36.68355941772461,27295000,35.540000915527344,-0.022634076055804364,0.01025611444031993,0.010651574073515357
2010-06-02,36.68355941772461,35241000,30.170000076293945,0.03621887619428232,0.023350664066733806,-0.002169860460826345
2010-06-03,37.297000885009766,46916000,29.459999084472656,0.011798944947355006,-0.016864901514977215,-0.0015532537804788804
2010-06-04,37.4196891784668,41837000,35.47999954223633,-0.04381946432972683,-0.02926341882059691,0.0021779619213919688
2010-06-07,36.31550598144531,69197000,36.56999969482422,-0.03627179113801504,-0.01975079417737058,0.00807209387211083
2010-06-08,35.88610076904297,40396000,33.70000076293945,-0.003751812698833179,0.008483512979737595,-0.002771793939154721
2010-06-09,35.94743728637695,45955000,33.72999954223633,-0.007531792358518197,0.005257833488217845,0.0006176793423076088
2010-06-10,36.438194274902344,28784000,30.56999969482422,0.038035230900504535,0.02405851127519454,-0.00185189415016207
2010-06-11,37.11296463012695,41097000,28.790000915527344,0.014041654697409589,0.0010212884307321257,-0.00030916269282710296
2010-06-14,37.48103332519531,44867000,28.579999923706055,0.0069807806873949385,0.005101855280273737,-0.004021065906354537
2010-06-15,37.66507339477539,37382000,25.8700008392334,0.05540245190420534,0.04263974012654481,0.0015527713004930277
2010-06-17,38.0944709777832,55896000,25.049999237060547,-0.0018761815131551618,-0.0019398525791979315,-0.0012414932964571745
2010-06-18,38.4625358581543,46267000,23.950000762939453,-0.003168758702238872,-0.008746599790849907,-0.00155373637620837
2010-06-21,38.830596923828125,68207000,24.8799991607666,-0.008539614404627915,0.015686558223130254,-0.012449471291050007
2010-06-22,38.40119552612305,30437000,27.049999237060547,-0.018068620955754344,-0.026061692305131223,0.01103064273141463
2010-06-23,38.0944709777832,37155000,26.90999984741211,0.004122909682678699,0.005946445236002962,-0.0018703668910932114
2010-06-24,38.03313446044922,35311000,29.739999771118164,-0.02937610711091143,-0.0206895291738195,0.00031225238570464775
2010-06-25,37.66507339477539,30548000,28.530000686645508,-0.00036910659300826154,0.008048239689402159,0.000624428926816023
2010-06-28,37.84909439086914,20466000,29.0,0.005737139477640207,0.001996071830559165,-0.0001560395704924833
2010-06-29,37.4196891784668,47903000,34.130001068115234,-0.046426135019344894,-0.022908527786041577,0.0020284738686378034
2010-06-30,37.17431640625,58283000,34.540000915527344,-0.015903184796309366,-0.005096964613738542,0.003737120199433397
2010-07-01,36.928958892822266,15325000,32.86000061035156,0.002437534111144002,0.003073830415072365,-0.001861662244592499
2010-07-02,36.99028396606445,66885000,30.1200008392334,-0.004532968581591912,0.010214599186383344,0.002176049533912039
2010-07-05,37.66507339477539,86939000,30.1200008392334,-0.004532968581591912,0.010214599186383344,-0.0027915678629757412
2010-07-06,38.63230895996094,69631000,29.649999618530273,-0.001357105592740937,0.04447522306246143,0.0012440777272710868
2010-07-07,38.37434005737305,59093000,26.84000015258789,0.05049071651664794,0.01625994518012308,-0.0012425319209827812
2010-07-08,38.95478820800781,50323000,25.709999084472656,-0.0007186559413615567,0.009000008795886139,-0.0006220981901843281
2010-07-09,38.95478820800781,37986000,24.979999542236328,0.01075887044903423,0.005946367350014636,-0.0028011251041384355
2010-07-12,38.56781005859375,44157000,24.43000030517578,0.011298948990753788,-0.007881384045694051,0.000624233994761747
2010-07-13,38.43883514404297,37431000,24.559999465942383,0.021107128120708474,0.006950976450129431,0.0029631129736944484
2010-07-14,38.95478820800781,59702000,24.889999389648438,-0.0026734631142454335,0.0009861624687612647,-0.000777412910297981
2010-07-15,38.890289306640625,32938000,25.139999389648438,-0.002127797269132814,0.0,-0.0006224854372481881
2010-07-16,38.63230895996094,29874000,26.25,-0.03303883870722257,-0.022660035511563037,-0.0009342503496311272
2010-07-19,39.40624237060547,56238000,25.969999313354492,0.025145985280185634,0.021169498516786067,0.0003116683591808389
2010-07-20,39.66422653198242,53905000,23.93000030517578,0.0005308230059697383,0.016781954503057195,-0.00031157125227987414
2010-07-21,39.85770797729492,41172000,25.639999389648438,-0.019545969795204066,-0.019417639491833172,0.0006233367183616778
2010-07-22,39.986698150634766,45274000,24.6299991607666,0.03283690120825922,0.027722694032731754,0.0014019310212385339
2010-07-23,40.50266647338867,65925000,23.469999313354492,0.005156300408759362,0.0077069578599604505,-0.001399968362162829
2010-07-26,40.37367630004883,26958000,22.729999542236328,0.013633978053029239,0.010516411447900165,-0.0015576087052108223
2010-07-27,40.309173583984375,20942000,23.190000534057617,-0.009255804037706428,-0.012299193420990284,-0.002496097522946217
2010-07-28,40.63164520263672,26119000,24.25,-0.018056103354262887,0.0019157885794935936,0.0012511419780356636
2010-07-29,40.63164520263672,38043000,24.1299991607666,-0.019334065831021374,-0.026768087007332686,-0.0009371690368598085
2010-07-30,40.24468994140625,43549000,23.5,-0.010524184230647604,-0.007858868276124698,-0.0003127025961532359
2010-08-02,40.18019104003906,48015000,22.010000228881836,0.01757406463673239,0.015841518883408234,-0.00750703084994786
2010-08-03,39.986698150634766,32913000,22.6299991607666,-0.010396085212199924,-0.0029241684449122785,-0.0003151663733409471
2010-08-04,39.986698150634766,20350000,22.209999084472656,0.009850494523997,-0.0009769182110259678,0.0
2010-08-05,39.92220687866211,21813000,22.100000381469727,-0.006399560801121362,-0.009785207820882658,0.0012610629379963267
2010-08-06,39.27726364135742,62419000,21.739999771118164,-0.001957781264399716,-0.015810069987394315,-0.0009446059958848618
2010-08-09,39.14826965332031,56912000,22.139999389648438,0.006538652167384029,-0.0010042764221221967,-0.0018909381282062876
2010-08-10,39.34174346923828,62187000,22.3700008392334,-0.026295675738465807,-0.0020096953114001614,-0.0012630538500467692
2010-08-11,39.34174346923828,28506000,25.389999389648438,-0.04258285177624577,-0.020141083483850353,0.0031615676295611017
2010-08-12,38.8258171081543,65513000,25.729999542236328,-0.013058160483063408,0.0041109423236098674,0.0033091567523209076
2010-08-13,38.761314392089844,64069000,26.239999771118164,-0.009240310304213684,-0.007165011636131258,0.001727667873645533
2010-08-16,38.890289306640625,39691000,26.100000381469727,0.004709742622555746,0.007216719515434011,-0.0006271104044464071
2010-08-17,38.56781005859375,37445000,24.329999923706055,0.013384288996840299,0.011258900089092139,0.0006275039186827147
2010-08-18,38.43883514404297,42369000,24.59000015258789,0.010651291348168446,-0.011133548578015073,-0.0012542806191364608
2010-08-19,38.761314392089844,45753000,26.440000534057617,-0.017103261104404854,-0.013306290743014482,0.0
2010-08-20,38.63230895996094,30073000,25.489999771118164,0.004472751646765527,0.004149700815092361,0.000941876889719806
2010-08-23,38.761314392089844,27530000,25.65999984741211,-0.012504590839775398,0.001032875152999324,0.0
2010-08-24,38.43883514404297,30548000,27.459999084472656,-0.016585330065787218,-0.015480142094726146,0.0009410504214324433
2010-08-25,37.8583869934082,70486000,26.700000762939453,0.009704454465804702,-0.0073371462516738095,0.002193660142868925
2010-08-26,37.92287063598633,33540000,27.3700008392334,-0.019502333231432245,-0.004223808987574684,0.000938048146537751
2010-08-27,37.92287063598633,43374000,24.450000762939453,0.020715076554601808,0.023329835628425943,-0.0009371690368598085
2010-08-30,38.30984115600586,27583000,27.209999084472656,-0.025422806434376333,-0.023834199701422754,-0.0009380481465378621
2010-08-31,37.987369537353516,77308000,26.049999237060547,-0.019420824018961613,-0.00212330691064444,0.001877857814117645
2010-09-01,38.11635208129883,33670000,23.889999389648438,0.030114808331560106,0.019148800425642376,-0.0003123499549351205
2010-09-02,38.37434005737305,25353000,23.190000534057617,0.020741945148003094,-0.011482048363190778,-0.00031250715255737305
2010-09-03,38.56781005859375,38247000,21.309999465942383,0.016670780833635268,0.03167898959580473,0.0
2010-09-06,39.01927947998047,25773000,21.309999465942383,0.016670780833635268,0.03167898959580473,-0.004063743722935831
2010-09-07,38.8258171081543,20235000,23.799999237060547,-0.019470070481406254,-0.02763579318326126,-0.0006277607464066914
2010-09-08,38.2453498840332,66266000,23.25,-0.004374714508220912,0.002105350470379186,0.0037688106567113078
2010-09-09,38.37434005737305,21194000,22.809999465942383,0.0005609807267534794,-0.0010503109241041253,-0.002190228311308884
2010-09-10,38.2453498840332,32620000,21.989999771118164,-0.014046323999071464,-0.0031546279048737524,-0.0018814508338265146
2010-09-13,39.27726364135742,86590000,21.209999084472656,0.03348392304309966,0.04008435793399889,-0.0012566449347969355
2010-09-14,39.34174346923828,33482000,21.559999465942383,0.017085961841149633,0.007099611385889881,-0.003774798231439669
2010-09-15,39.47074508666992,39289000,22.100000381469727,-0.003365842992595347,-0.005035453885205654,0.0009472903875351601
2010-09-16,39.01927947998047,27832000,21.719999313354492,0.007839771296503262,0.00809728007967414,0.001261798334890596
2010-09-17,39.47074508666992,49333000,22.010000228881836,0.0003291288936528858,-0.005020214347329466,-0.0023629129216020672
2010-09-20,39.986698150634766,65877000,21.5,0.005293825535249708,0.016145608955811408,0.001579006335541644
2010-09-21,39.85770797729492,32205000,22.350000381469727,-0.0024693302622945668,-0.01688194312601199,-0.0020495202189779738
2010-09-23,38.696807861328125,106168000,23.8700008392334,0.007202196000369199,-0.014285637989565059,-0.001267395717857167
2010-09-24,38.761314392089844,58578000,21.709999084472656,0.03999046684043828,0.03312600701061119,-0.0009517984203619712
2010-09-27,39.14826965332031,57033000,22.540000915527344,-0.006760267199913961,-0.009017682752060163,-0.0038106996747210298
2010-09-28,39.34174346923828,48335000,22.600000381469727,0.01646304369642082,0.02022232525538925,-0.0020720603225590217
2010-09-29,39.66422653198242,79436000,23.25,0.006667472218720105,0.01883087171625797,0.0035138351470762608
2010-09-30,39.986698150634766,56151000,23.700000762939453,-0.007248730241939727,-0.013619094168587198,-0.007480522155115077
2010-10-01,39.986698150634766,38944000,22.5,-0.003378718332110675,0.010848288983742238,-0.0009621772402782502
2010-10-04,39.92220687866211,25742000,23.530000686645508,-0.014192987648637523,-0.0039024582593487622,0.004494423714656692
2010-10-05,39.40624237060547,28432000,21.760000228881836,0.022703493654251616,0.019588308330812376,-0.009268165773157033
2010-10-06,39.85770797729492,34117000,21.489999771118164,-0.01587306006808631,-0.010566294711175428,-0.0012903521137852536
2010-10-07,39.535240173339844,37414000,21.559999465942383,0.004314614537760386,-0.0019416157396288103,-0.004198939425414938
2010-10-08,39.85770797729492,54186000,20.709999084472656,0.009572400162015215,0.0077815010674875396,-0.0032436062833991475
2010-10-11,39.66422653198242,24273000,18.959999084472656,0.007196965931605792,-0.0019302314207770843,0.0035795838591008433
2010-10-12,39.34174346923828,27854000,18.93000030517578,0.007514088754086101,-0.006769894861907377,0.00032426163529053476
2010-10-13,39.34174346923828,28950000,19.06999969482422,0.000956906963225368,0.015579506979616298,0.0032415034111246133
2010-10-14,39.85770797729492,45889000,19.8799991607666,-0.0023337506355897153,-0.005752804283870594,-0.0016155458215384444
2010-10-15,39.92220687866211,29898000,19.030000686645508,0.006453757991905729,-0.002892870016146687,-0.007766982979968695
2010-10-18,39.01927947998047,32498000,19.09000015258789,-0.007140372872174505,-0.003868280354186404,-0.00032616532718865443
2010-10-19,39.14826965332031,34442000,20.6299991607666,-0.01396064438856992,-0.009708925609884123,0.005220223471565033
2010-10-20,39.34174346923828,34445000,19.790000915527344,0.006178167180706184,0.012744912183677348,0.002921134506586931
2010-10-21,39.34174346923828,37243000,19.270000457763672,-0.0054579452490428615,0.007744333002519088,-0.002912626333300028
2010-10-22,39.85770797729492,42883000,18.780000686645508,0.020236645306417778,0.018252301028997664,0.000649154758531667
2010-10-25,39.986698150634766,38467000,19.850000381469727,0.010758088175982783,0.00754686211366451,-0.0012974053933731966
2010-10-26,40.18019104003906,37835000,20.219999313354492,-0.003935912032179911,-0.005618141572049096,-0.006170851848263492
2010-10-27,39.986698150634766,26552000,20.709999084472656,0.030860473314231918,0.0028245652366762908,0.0016339619750731504
2010-10-28,40.438167572021484,61848000,20.8799991607666,-0.00029695785102412664,0.010329274726285753,0.0016313587285967657
2010-10-29,40.50266647338867,67800000,21.200000762939453,0.006210595846532607,0.013940553534834699,0.0
2010-11-01,40.95412063598633,76051000,21.829999923706055,-0.0031935073216907695,-0.0018333891914258382,0.004641691210577337
2010-11-02,40.825138092041016,24276000,21.56999969482422,0.007376505934223676,-0.004591090675409304,-0.011753299386846994
2010-11-03,41.21209716796875,44405000,19.559999465942383,0.00967424659304772,0.00830225316886235,-0.000984211933970247
2010-11-04,41.21209716796875,32641000,18.520000457763672,0.03160312947431865,0.03019225009891402,-0.0016092509851501902
2010-11-05,41.40558624267578,43711000,18.260000228881836,0.005824216258781378,-0.007104507802356719,-0.007598401368126284
2010-11-08,40.825138092041016,23591000,18.290000915527344,-0.0003570233041821913,-0.01610057832092393,0.01259526548908374
2010-11-09,41.27660369873047,25317000,19.079999923706055,-0.011636229116922747,0.012727270564497628,-0.01211125830196147
2010-11-10,41.40558624267578,37637000,18.469999313354492,5.163349457704136e-05,0.009874604754792626,-0.0014910561908187958
2010-11-11,41.08312225341797,31688000,18.639999389648438,-0.012521382454457108,-0.016888872174825154,0.0004977398219516704
2010-11-12,40.63164520263672,29650000,20.610000610351562,0.00031379291902444706,-0.0009046563577643774,-0.001990032063068692
2010-11-15,41.21209716796875,27583000,20.200000762939453,-0.007945384122526433,0.0009054755019339833,0.002991031975124514
2010-11-16,41.599063873291016,55027000,22.579999923706055,-0.014490093297516382,-0.018083399667569666,0.0003313528423034562
2010-11-17,41.14761734008789,51345000,21.760000228881836,-0.0005881681720213416,0.002762411154065836,0.001821805372733687
2010-11-18,40.825138092041016,39053000,18.75,0.019018339171107845,0.013774139806314256,0.005455414237075296
2010-11-19,41.08312225341797,23769000,18.040000915527344,0.01609095266108107,0.0036234696799606336,-0.0011509321798003347
2010-11-22,41.14761734008789,25384000,18.3700008392334,0.010953435908146902,0.004512361165246448,-0.0019752910598315188
2010-11-23,40.889625549316406,30876000,20.6299991607666,-0.007819442128708332,-0.035040506086216006,0.0011545389013860596
2010-11-24,40.760643005371094,26848000,19.559999465942383,0.026888468828101253,0.02420855199129135,0.005601320400567156
2010-11-25,41.534576416015625,34656000,19.559999465942383,0.026888468828101253,0.02420855199129135,-0.0029488909317822998
2010-11-26,41.534576416015625,30955000,22.219999313354492,-0.006721618916561534,0.0,-0.0023003514335263597
2010-11-29,41.47007369995117,33430000,21.530000686645508,-0.002222062033785832,-0.01727278098164209,0.003129094579863212
2010-11-30,40.889625549316406,66488000,23.540000915527344,-0.012729318074398477,-0.0055503099685750845,0.0014775923955565595
2010-12-01,41.66355514526367,58038000,21.360000610351562,0.03319488435323037,0.03348779469851704,-0.0009836290703445494
2010-12-02,42.69548034667969,87811000,19.389999389648438,0.018582409000250655,0.03870470596602704,-0.0013127341345616772
2010-12-03,44.049869537353516,124694000,18.010000228881836,0.004554715334381898,0.03726152802224081,-0.00394350437167057
2010-12-06,44.17886734008789,58644000,18.020000457763672,-0.001600314481006393,-0.006683589966264725,-0.002969322143638431
2010-12-07,43.85637664794922,58928000,17.989999771118164,-0.0006313048457207149,-0.005046221982288879,-0.0036399306916701235
2010-12-08,43.85637664794922,46509000,17.739999771118164,0.009525785253852614,0.006762379686634734,-0.00033212317101039
2010-12-09,45.14627456665039,91264000,17.25,0.0023349604805917856,0.01007543560885682,0.0016611042002288023
2010-12-10,44.952796936035156,32731000,17.610000610351562,0.0006964366318922277,0.004156267739006569,-0.0036483815719627888
2010-12-13,44.759307861328125,36075000,17.549999237060547,-0.008375457061933878,-0.014900500452407428,0.003661741000349661
2010-12-14,44.50132369995117,45977000,17.610000610351562,-0.00612294662234103,0.0008403099030669381,-0.004975111788660946
2010-12-15,45.14627456665039,56590000,17.940000534057617,-0.011298684411167104,0.017632485340645543,-0.004000027974446652
2010-12-16,45.92021179199219,61923000,17.389999389648438,0.006600515131343965,0.016501491411518465,-0.003346669241289457
2010-12-17,47.01662826538086,108365000,16.110000610351562,0.006679599454121554,0.03003247241756246,0.0028542337982810917
2010-12-20,45.92021179199219,91134000,16.40999984741211,-0.0029166165140914746,-0.028368938145410638,0.0001674558229889378
2010-12-21,45.98471450805664,35454000,16.489999771118164,0.006630276037728811,0.004866146482222611,0.0018412586636056272
2010-12-22,45.92021179199219,26216000,15.449999809265137,0.0003147428058867252,-0.0072634619584101,-0.003508756722248818
2010-12-23,45.79121780395508,35499000,16.469999313354492,-0.003171198290915944,-0.005691704706516032,0.0018444099845289497
2010-12-24,45.662235260009766,21468000,16.469999313354492,-0.003171198290915944,-0.005691704706516032,-0.001841014399189378
2010-12-27,45.597747802734375,29035000,17.670000076293945,0.0011899147017713219,0.006542040742962385,-0.005700874514879772
2010-12-28,45.72672653198242,35961000,17.520000457763672,-0.003905136509812168,-0.00568672622434685,-0.0067453240527473035
2010-12-29,45.533241271972656,40312000,17.280000686645508,0.0013149443356836876,0.005719250033495937,0.0
2010-12-30,45.533241271972656,53976000,17.520000457763672,0.002675069991613155,0.0073105434384390655,-0.0025467151441923574
2010-12-31,45.79121780395508,143558000,17.75,-0.0011641243533629941,0.011290558020678798,-0.011404224152260611
2011-01-03,45.8557243347168,35149000,17.610000610351562,0.007843124462114215,0.003987579768406357,0.004304407577796043
2011-01-04,45.92021179199219,35448000,17.3799991607666,0.0012769810898807243,0.0031769086972768257,-0.003943139888796354
2011-01-05,45.01728439331055,51755000,17.020000457763672,0.003633494595860043,-0.02137769107537346,0.004130837947847743
2011-01-06,45.79121780395508,46666000,17.399999618530273,0.018413253595469303,0.041262133923819055,-0.00017138021095397526
2011-01-07,46.75864028930664,169755000,17.139999389648438,0.0023307716121994115,0.015539866411575565,0.0030858303587895097
2011-01-10,47.85505676269531,66767000,17.540000915527344,0.010357948266122685,0.011476639094389673,0.0034182322453741865
2011-01-11,48.04854202270508,81911000,16.889999389648438,0.0031381942529040696,0.015129110304630045,-0.003917553156582487
2011-01-12,48.3065185546875,53397000,16.239999771118164,0.019674726360780825,0.0067059787971901486,-0.0037619908075449127
2011-01-13,48.11302947998047,92995000,16.389999389648438,-0.0004318146728863326,-0.010362585013735326,-0.007552328173452083
2011-01-14,48.242027282714844,28681000,15.460000038146973,0.02676088916582886,0.023186052896992493,0.008820514336255192
2011-01-17,48.886966705322266,67207000,15.460000038146973,0.02676088916582886,0.023186052896992493,-0.0001714749857104625
2011-01-18,49.531917572021484,56518000,15.869999885559082,-0.0036758620913469597,-0.009502839607804847,-0.004286694123940227
2011-01-19,50.305843353271484,86839000,17.309999465942383,-0.023559232734462476,-0.0014758612194744058,-0.00034441980142552175
2011-01-20,49.2739372253418,43578000,17.989999771118164,-0.010379454365253782,-0.019955885451751865,-0.0015503902458353647
2011-01-21,48.11302947998047,81340000,18.469999313354492,-0.007176228240954985,0.0007540146042224194,0.009144282304450968
2011-01-24,48.56450271606445,40750000,17.649999618530273,0.02495086460331719,0.0135643376693666,-0.005642021227299399
2011-01-25,48.371002197265625,43750000,17.59000015258789,-0.007459037164959992,-0.0171001655245262,-0.0010316604788245254
2011-01-26,48.11302947998047,66493000,16.639999389648438,0.008699201265459644,0.0015129220279335165,-0.001032660243880601
2011-01-27,48.500003814697266,69734000,16.149999618530273,0.01882873914386729,0.005286843604150215,0.0012060595058587253
2011-01-28,49.20942687988281,97365000,20.040000915527344,-0.028075711934819614,-0.015025828236519767,-0.0022371548227462235
2011-02-08,48.693477630615234,105232000,15.8100004196167,-0.0007587908330812798,-0.017568998219493537,0.0
2011-02-09,47.59707260131836,79084000,15.869999885559082,-0.00715989773618797,-0.024590575077224397,-0.00499570920480219
2011-02-10,46.43616485595703,83493000,16.09000015258789,0.003605765782356274,-0.01909872779550903,-0.0031162828204482906
2011-02-11,46.0492057800293,111841000,15.6899995803833,0.007773531578721293,0.0077884856323755525,0.0038207259293139284
2011-02-14,46.75864028930664,64830000,15.949999809265137,0.007735208137085614,-0.003864203140259148,0.013840817432876351
2011-02-15,46.75864028930664,56427000,16.3700008392334,-0.010763305987769756,-0.005430396663936743,0.0003413047488816101
2011-02-16,46.50067901611328,53849000,16.719999313354492,0.011227178167593443,0.005460046884322223,0.0023882530228482857
2011-02-17,46.75864028930664,49280000,16.59000015258789,0.014274735086622137,0.013964328296611983,-0.0006806858742781641
2011-02-18,47.081119537353516,73532000,16.43000030517578,-0.003719278450302621,-0.019892818849572946,0.0018733073580519122
2011-02-21,47.33910369873047,37954000,16.43000030517578,-0.003719278450302621,-0.019892818849572946,-0.0006799407493173204
2011-02-22,46.75864028930664,82528000,20.799999237060547,-0.039557929243007495,-0.031225648320722943,-0.00289168193562106
2011-02-23,45.79121780395508,78154000,22.1299991607666,-0.018860049376615895,-0.010475798293436034,0.007335385755899315
2011-02-24,45.46875,62708000,21.31999969482422,0.017174247075658622,-0.013028794954563772,0.0015241346951857526
2011-02-25,45.46875,78655000,19.219999313354492,0.026089919954445318,0.014026201724054,0.007609076218864752
2011-03-01,46.0492057800293,77441000,21.010000228881836,-0.01927521531487819,-0.008950086628624065,-0.0016781083044979939
2011-03-02,45.40425109863281,52968000,20.700000762939453,0.01402907544315779,0.0024628572056089038,-0.007060043230669555
2011-03-03,45.662235260009766,59349000,18.600000381469727,0.019031286063817765,0.004095233071546245,0.003216499537677109
2011-03-04,46.30717468261719,55215000,19.059999465942383,-0.010650354018734598,0.01223464292668508,-0.006243654106725116
2011-03-07,45.72672653198242,30090000,20.65999984741211,-0.027119284440104807,-0.01692177652762783,-0.0022075236791068154
2011-03-08,46.11369323730469,49251000,19.81999969482422,0.0013188252320075478,0.012295173297782735,-0.0011912814299480656
2011-03-09,46.0492057800293,42715000,20.219999313354492,-0.030338833776759166,0.013765102688214625,0.0023854695454361696
2011-03-10,45.46875,61899000,21.8799991607666,-0.024450336983999232,-0.03274756413671631,-0.002379792622610455
2011-03-11,45.14627456665039,52528000,20.079999923706055,0.009864772263002086,0.008257559154522642,0.003578171819454745
2011-03-14,45.33977127075195,47199000,21.1299991607666,-0.0017293646067413349,-0.004095054463992165,0.002376899592896109
2011-03-15,43.85637664794922,114456000,24.31999969482422,-0.012594475902163005,-0.020559285104651104,-0.0015243928047470323
2011-03-16,44.17886734008789,60944000,29.399999618530273,-0.0221674554134339,-0.04030192554193579,0.0022052767842704046
2011-03-17,43.46941375732422,104629000,26.3700008392334,0.013407980783367357,0.01574759832415018,-0.000338531772914763
2011-03-18,44.049869537353516,55649000,24.440000534057617,0.002942857245125996,0.012058758467500263,0.0006772282407729868
2011-03-21,44.50132369995117,34725000,20.610000610351562,0.018105854147027145,0.016170201498335146,0.0
2011-03-22,44.24335861206055,31467000,20.209999084472656,-0.009091097044695906,-0.010050180278107224,-0.0010151871428561998
2011-03-23,44.30784225463867,31189000,19.170000076293945,0.009529201521917274,0.01861236786829501,0.0006775222714610063
2011-03-24,44.759307861328125,44701000,18.0,0.02452334958425828,0.019933234480935313,0.001184828921034775
2011-03-25,45.92021179199219,51518000,17.90999984741211,-0.002606288555888736,-0.0032568731578788146,-0.002028786872127597
2011-03-28,45.79121780395508,28535000,19.440000534057617,0.0011003037977836971,-0.005719071863712899,-0.002879860621053165
2011-03-29,45.662235260009766,34785000,18.15999984741211,0.009822571256058232,-0.009038456656557114,0.0013591236073373647
2011-03-30,45.33977127075195,60127000,17.709999084472656,0.0007708544334688039,0.004145927335543975,0.0
2011-03-31,45.533241271972656,41950000,17.739999771118164,-0.009107822313625058,0.0057804654878350625,0.00033933590481294296
2011-04-01,45.597747802734375,26616000,17.399999618530273,-0.010311857022952564,0.0024628572056089038,-0.0027137016603897557
2011-04-06,47.01662826538086,114050000,16.899999618530273,0.015315229870400682,0.024879773122270077,0.002393561046861503
2011-04-07,46.95212173461914,45048000,17.110000610351562,-0.005050481513230953,-0.0039154180443948805,-0.01279208572977275
2011-04-08,47.01662826538086,64884000,17.8700008392334,-0.008279792954547172,-0.005503200904322658,-0.0010366512125734584
2011-04-11,45.8557243347168,42409000,16.59000015258789,-0.008417128035600796,-0.01106696263462048,0.0003459089911663771
2011-04-12,45.21076965332031,45901000,17.09000015258789,-0.020877264848828903,-0.02238266778807596,-0.00034578937951090793
2011-04-13,45.597747802734375,27328000,16.920000076293945,0.0026008794986165373,0.0024536219097024414,0.005880320899038782
2011-04-14,45.01728439331055,46816000,16.270000457763672,0.001215257052447516,0.0040784119523369355,-0.0017193685416686533
2011-04-15,44.630313873291016,51993000,15.319999694824219,0.006582474245172332,-0.00812381024593345,-0.0017193685416686533
2011-04-18,44.50132369995117,27120000,16.959999084472656,-0.01806465736944063,-0.02129412841954581,-0.002066874676948216
2011-04-19,43.920875549316406,42649000,15.829999923706055,0.0042982077966071675,0.0008370981255292342,0.003797052570203352
2011-04-20,45.01728439331055,48039000,15.069999694824219,0.04270327905704274,0.040969825367201285,-0.0010316604788245254
2011-04-21,45.597747802734375,50849000,14.6899995803833,-0.000496179842125799,0.008835530927686408,-0.003442288356191092
2011-04-22,45.72672653198242,25299000,14.6899995803833,-0.000496179842125799,0.008835530927686408,-0.0034542445193211924
2011-04-25,45.33977127075195,22040000,15.770000457763672,0.0004738300194395695,-0.02229367819877226,0.0
2011-04-26,45.33977127075195,31838000,15.619999885559082,0.01594463042236427,0.02280201907429702,0.0013864474055398368
2011-04-27,46.62965393066406,58612000,15.350000381469727,0.0003551533496586323,0.058120687238317315,0.00415371553370103
2011-04-28,47.081119537353516,83054000,14.619999885559082,-0.0068790596926846526,0.009029391056790681,-0.005343008804639449
2011-04-29,47.21010208129883,92890000,14.75,0.004513539082238172,0.006711415944621768,-0.006238097661804054
2011-05-03,48.11302947998047,81495000,16.700000762939453,-0.012650005937568931,-0.003700738738003806,-0.00017433865386617953
2011-05-04,47.59707260131836,46461000,17.079999923706055,0.0006144961902487811,-0.0014861612775003419,-0.002790370543884424
2011-05-05,48.242027282714844,45326000,18.200000762939453,0.0014782181555019758,0.00818459246493064,-0.0008744182720128446
2011-05-06,48.371002197265625,53441000,18.399999618530273,0.007516774242307678,0.014760221639912974,-0.0008751835484990256
2011-05-09,48.693477630615234,59843000,17.15999984741211,-0.002930185633020055,-0.005818210578282135,0.0021022937637587003
2011-05-10,47.98405075073242,43183000,15.90999984741211,0.005041122311457702,0.0058522602608386265,0.0003496583478479476
2011-05-11,48.371002197265625,43103000,16.950000762939453,-0.008322208509293771,-0.01818188162321588,-0.0010486083888671116
2011-05-12,48.822471618652344,58360000,16.030000686645508,0.014153159774480839,0.023703822406134334,-0.002799157589909451
2011-05-13,48.95145797729492,37218000,17.06999969482422,-0.013821462982272492,-0.01664265474539206,0.002105244419031038
2011-05-16,48.3065185546875,25843000,18.239999771118164,-0.014196656959373222,-0.008830066236997225,0.0026260771828405804
2011-05-17,48.75798034667969,41026000,17.549999237060547,-0.011985502878303356,-0.005938938080224054,0.005762144468652419
2011-05-18,48.56450271606445,27879000,16.229999542236328,0.018883231986589255,0.010455560366786631,0.0015625026904875217
2011-05-19,48.500003814697266,52635000,15.520000457763672,-0.00850110807873894,-0.0059132449702763434,0.00017337730054722833
2011-05-20,48.693477630615234,32925000,17.43000030517578,-0.0030193151724510203,-0.002973669245179833,-0.0012131662720735736
2011-05-23,48.435508728027344,38984000,18.270000457763672,-0.021314973081265953,-0.02162584224724884,-0.00017355780053951442
2011-05-24,48.242027282714844,34727000,17.81999969482422,-0.0073935673641586375,0.00228695741691487,0.00590073167113081
2011-05-25,48.04854202270508,59534000,17.06999969482422,0.009519005677776526,0.0015208646241426926,-0.0034506688422815124
2011-05-26,47.85505676269531,33168000,16.09000015258789,0.009499999640127044,0.012907939197300822,0.0020776099388717384
2011-05-27,47.726078033447266,46500000,15.979999542236328,0.011325501232337887,-0.0059970318909875475,-0.0019004942695510785
2011-05-30,48.435508728027344,33671000,15.979999542236328,0.011325501232337887,-0.0059970318909875475,-0.003115809308455564
2011-05-31,49.467411041259766,62660000,15.449999809265137,0.015031481258235058,0.030165847030753534,-0.0026046453460925045
2011-06-01,49.6609001159668,44950000,18.299999237060547,-0.030300296308211627,0.0014641896172917779,-0.002785512730456685
2011-06-02,49.2739372253418,61778000,18.09000015258789,0.00032847268723812384,0.0014620489004715242,-0.002269505170886199
2011-06-03,49.789886474609375,35389000,17.950000762939453,-0.01852640662549432,-0.0043797433025351,0.003674524564580617
2011-06-07,49.9833869934082,40816000,18.06999969482422,0.0055376354480416445,0.014620170174542535,-0.0020920315656884902
2011-06-08,49.9833869934082,58158000,18.790000915527344,-0.020831357925356286,-0.011527747299796332,0.0013975893433195719
2011-06-09,49.59640121459961,33565000,17.770000457763672,0.0016628010331749543,-0.011661656198904136,-0.001046779023211264
2011-06-10,48.56450271606445,55263000,18.860000610351562,-0.016649527845094103,-0.03761072858389636,0.002968948456616438
2011-06-13,48.17753601074219,68652000,19.610000610351562,-0.009235351997833319,-0.004597891950486099,0.002089481651525338
2011-06-14,49.144935607910156,52699000,18.260000228881836,0.019219203458353373,0.026174063904515377,0.0005213309190597037
2011-06-15,49.6609001159668,85237000,21.31999969482422,-0.020430210679557304,-0.015753885055600825,0.0
2011-06-16,48.693477630615234,62276000,22.729999542236328,-0.011469782451304922,-0.009145945847711778,0.0
2011-06-17,47.85505676269531,79539000,21.850000381469727,-0.01437020982024162,-0.02153867695138345,0.0027787398805849683
2011-06-20,48.3065185546875,31713000,19.989999771118164,0.0013395504876909659,0.014150957413856746,0.00207826339446604
2011-06-21,48.95145797729492,40800000,18.860000610351562,0.025415997571424764,0.028681948107596833,0.0005184718109303432
2011-06-22,48.371002197265625,45315000,18.520000457763672,-0.004716309462759916,-0.026375009723480614,-0.0031093506145030148
2011-06-23,47.85505676269531,53121000,19.290000915527344,0.014695051363877498,-0.006192206178815329,-0.002599163291652107
2011-06-24,47.01662826538086,68685000,21.100000381469727,-0.024990014946104977,-0.03426797802941628,0.001389819569993067
2011-06-27,46.43616485595703,64884000,20.559999465942383,0.007057288790079053,0.010484483206383954,0.002081869069317177
2011-06-28,46.75864028930664,95586000,19.170000076293945,0.013282076091328365,0.023144184302273052,0.0003462683231452157
2011-06-29,48.0366096496582,93038000,17.270000457763672,-0.0008738446695550905,0.003983500329387768,0.0003461484628974887
2011-06-30,48.57481384277344,48764000,16.520000457763672,0.025439194764645734,0.02105241398988067,-0.0020761061153755644
2011-07-01,48.978485107421875,40514000,15.869999885559082,0.021347566036098886,0.02379091211605755,-0.0015603355081781345
2011-07-04,49.449440002441406,39959000,15.869999885559082,0.021347566036098886,0.02379091211605755,-0.001736386071473195
2011-07-05,49.24760055541992,34203000,16.059999465942383,-0.009949621010182041,-0.014717598521184039,-0.0029570704240604595
2011-07-06,48.978485107421875,42991000,16.34000015258789,-0.007591438463867117,-0.014936893440260501,0.0031402705187388857
2011-07-07,48.171138763427734,47655000,15.949999809265137,0.020908712969643695,0.018355872781542715,0.002608722189198387
2011-07-08,48.77666473388672,52356000,15.949999809265137,-0.015699391495609172,-0.01097201970984063,-0.0005204265949702025
2011-07-11,47.96931838989258,47105000,18.389999389648438,-0.01708549647158819,-0.01980988760015845,-0.0031239206614455117
2011-07-12,47.296539306640625,39821000,19.8700008392334,-0.028938128557136733,-0.010509136231732441,0.003551573559338994
2011-07-13,48.57481384277344,69016000,19.90999984741211,-0.0027597850614458075,0.01633971359485331,0.0028797509421760736
2011-07-14,47.565650939941406,54343000,20.799999237060547,-0.015512682469657202,-0.023311549601676917,-0.003978542410874142
2011-07-15,47.02743148803711,88064000,19.530000686645508,0.005957255821369634,0.005761209144360846,0.0006946352823578028
2011-07-18,46.89287185668945,34351000,20.950000762939453,-0.013946159375911926,-0.006546718832193599,-0.018812906176386868
2011-07-19,46.085533142089844,57401000,19.209999084472656,0.03322669544283574,0.006589860797981295,0.021649905168983574
2011-07-20,48.171138763427734,55120000,19.09000015258789,-0.005787554472241996,0.02045798264071541,0.0
2011-07-21,48.171138763427734,32798000,17.559999465942383,0.009541754380867351,0.008019339041344109,-0.0024238122180874067
2011-07-22,48.44026565551758,37196000,17.520000457763672,0.02426788549054626,0.03261766204427374,-0.00034710965176021347
2011-07-25,48.44026565551758,32490000,19.350000381469727,-0.01341297829442889,-0.017719820359995753,0.00034723017870663675
2011-07-26,49.58399200439453,52821000,20.229999542236328,0.00841025692300934,0.011764785689034829,-0.0006941530991237954
2011-07-27,49.38216781616211,35569000,22.979999542236328,-0.037739487215542766,-0.02635645585827584,0.00104198604872896
2011-07-28,49.11304473876953,33682000,23.739999771118164,-0.0015340720589210877,-0.019904293147080532,-0.0017348798608601834
2011-07-29,48.44026565551758,60614000,25.25,-0.009192617947824222,0.004061499994447271,0.0006951844784650607
2011-08-01,48.843936920166016,41072000,23.65999984741211,-2.588155495752975e-05,0.013754144109715316,0.0027787398805849683
2011-08-02,48.0366096496582,33350000,24.790000915527344,-0.03039307050775719,-0.027135068575811938,-0.00346381636864479
2011-08-03,47.16199493408203,45976000,23.3799991607666,0.01124830876593319,-0.0024610044377042506,0.0006951844784650607
2011-08-04,47.09470748901367,43900000,31.65999984741211,-0.05817240524584255,-0.047697107091056457,0.00104198604872896
2011-08-05,44.80724334716797,89615000,32.0,-0.0198701204708297,-0.00172731555875405,0.0027758474862309424
2011-08-08,43.865360260009766,97375000,48.0,-0.05393759744052096,-0.05363346111853429,0.0024221348009754173
2011-08-09,42.587074279785156,115504000,35.060001373291016,0.04635870461685054,0.05118876301866737,-0.00034519258263243646
2011-08-10,44.2690315246582,109734000,42.9900016784668,-0.020623621073085685,-0.037391719369138765,-0.00034524592021012435
2011-08-11,44.672698974609375,54267000,39.0,0.05177585587050282,0.04065049717482516,-0.0013817241614221265
2011-08-12,43.798072814941406,61038000,36.36000061035156,-0.004200249511646659,-0.005208392934502704,0.0031131149451024687
2011-08-15,44.94181823730469,39616000,31.8700008392334,0.019768324387069214,0.018324878988227322,-0.024931019750134675
2011-08-16,44.4035758972168,38915000,32.849998474121094,-0.019964103762655783,-0.01285367463484599,-0.011104469308260478
2011-08-17,44.2690315246582,35809000,31.579999923706055,-0.006499580814922634,-0.0008679443946443266,0.008296690498009518
2011-08-18,43.32713317871094,73212000,42.66999816894531,-0.05910503308102999,-0.039965336904682514,0.0235857748794166
2011-08-19,42.990745544433594,43186000,43.04999923706055,-0.01778886024838322,-0.009954864866024926,-0.020270304208221623
2011-08-22,43.730804443359375,46280000,42.439998626708984,0.008028868371189546,0.027422619928455516,-0.0046684339969332855
2011-08-23,44.94181823730469,46451000,36.27000045776367,0.05213712952707161,0.05338082399403232,0.028675021282562607
2011-08-24,45.41275405883789,48112000,35.900001525878906,-0.001155692819318821,-0.00844580483867341,0.0005181136184162494
2011-08-25,45.07636642456055,30837000,39.7599983215332,-0.02707635656025409,-0.03322000977693429,-0.0012083496367246704
2011-08-26,45.68186950683594,40454000,35.59000015258789,0.028097419906493837,0.04052853955409286,0.0024196230240514094
2011-08-29,46.69103240966797,38554000,32.279998779296875,0.03661294234836632,0.02709563611768706,-0.026344825481546374
2011-08-30,46.42192459106445,33717000,32.88999938964844,-0.0005858761762030928,-0.013190472866290492,0.027765986507784834
2011-08-31,46.69103240966797,47445000,31.6200008392334,-0.006811244780020154,0.0,-0.00034459781957585367
2011-09-01,46.1528205871582,47910000,31.81999969482422,-0.01669525900401181,-0.006683335283469871,-0.002412950509201539
2011-09-02,45.41275405883789,42191000,33.91999816894531,-0.023981743954033186,-0.019344149161898194,-0.0003455504041911528
2011-09-05,44.80724334716797,49750000,33.91999816894531,-0.023981743954033186,-0.019344149161898194,-0.018112691404048586
2011-09-06,44.47085952758789,38972000,37.0,-0.0069408193283885256,-0.012006701303387435,0.020559023831785872
2011-09-07,46.1528205871582,40017000,33.380001068115234,0.04473746315818561,0.04600698654368318,0.00413938738119457
2011-09-08,46.220088958740234,42602000,34.31999969482422,-0.005956159809314632,-0.004149135488722755,-0.0020611945047392943
2011-09-09,46.62375259399414,38210000,38.52000045776367,-0.010648822100857713,-0.010000111600603767,-0.0006884182767731284
2011-09-13,46.01826477050781,34863000,36.90999984741211,0.02008588795915056,0.0016752943331728165,-0.009127458473429995
2011-09-14,45.21091842651367,60617000,34.599998474121094,0.026108126371233054,-0.011706163879295906,0.03218796886648079
2011-09-15,46.48921203613281,42178000,31.969999313354492,0.014265518508216335,0.02453467279274224,0.004750637945676095
2011-09-16,47.83477020263672,76993000,30.979999542236328,0.0021517414788809752,0.024773083695639908,-0.0027017873035127815
2011-09-19,47.902034759521484,28682000,32.72999954223633,-0.011573445791319803,-0.015310238030361467,0.000338646415486199
2011-09-20,47.43109130859375,46860000,32.86000061035156,-0.012530078189137317,-0.00818317022473547,0.005416379229968404
2011-09-21,48.44026565551758,52306000,37.31999969482422,-0.019825136073124305,-0.01650183440040287,0.00606055195970745
2011-09-22,46.42192459106445,64836000,41.349998474121094,-0.0344582537441126,-0.03355713534208993,0.0010040390725611914
2011-09-23,45.41275405883789,85391000,41.25,0.020324374363007935,0.016493002103713073,0.01671681720330276
2011-09-26,45.21091842651367,26574000,39.02000045776367,-0.0012502186334573118,-0.012809354344782808,0.0006576934516286936
2011-09-27,47.02743148803711,56625000,37.709999084472656,0.018108525114530316,0.03979217281201164,0.0003286305876288864
2011-09-28,47.296539306640625,42230000,41.08000183105469,-0.02909769548841068,-0.020798501654628043,-0.005584759307206366
2011-09-29,47.296539306640625,39894000,38.84000015258789,-0.01277571131879185,0.0033983906327539337,0.0003303676488473073
2011-09-30,47.09470748901367,60198000,42.959999084472656,-0.03420559072106355,-0.03217572090959708,0.007265498955273175
2011-10-03,46.1528205871582,33871000,45.45000076293945,-0.03674514854532962,-0.010499230152466454,-0.001639319247886739
2011-10-04,46.48921203613281,35690000,40.81999969482422,0.04246715413141344,0.03801995194561081,0.0026272552282962103
2011-10-05,46.48921203613281,30824000,37.810001373291016,0.031008416294506125,0.006813910053630634,-0.03223063011912708
2011-10-06,46.42192459106445,57224000,36.27000045776367,0.01251497110229094,0.0008462104054374198,0.03635014314798268
2011-10-07,46.48921203613281,13073000,36.20000076293945,0.004392318059739386,-0.002535777289321972,-0.0029392602913509425
2011-10-11,47.09470748901367,55155000,32.86000061035156,-0.0029716572539353336,-0.013311184969937662,0.005814769623170957
2011-10-12,47.36383056640625,41221000,31.260000228881836,0.009515871599853787,0.025295283567146276,-0.008167518953763664
2011-10-13,47.36383056640625,58272000,30.700000762939453,0.020098683043432652,0.000822549842562692,0.025449843467368227
2011-10-14,47.296539306640625,35631000,28.239999771118164,0.011311641424785357,0.010682181626775922,0.00033047682769971054
2011-10-17,47.83477020263672,38911000,33.38999938964844,-0.027700452397566022,-0.023577325029221385,-0.028047602178624342
2011-10-18,47.565650939941406,25527000,31.559999465942383,0.022548719955865826,0.016652625604972604,0.02375858480317472
2011-10-19,47.83477020263672,31141000,34.439998626708984,-0.022447554533850833,-0.008190214609534952,0.0013279882823444833
2011-10-20,46.89287185668945,25687000,34.779998779296875,-0.01696567594094034,-0.024772853306214926,-0.004641889600687454
2011-10-21,47.296539306640625,17897000,31.31999969482422,0.022589890981202787,0.0313294436907019,0.0023317686128188075
2011-10-24,48.238426208496094,50063000,29.260000228881836,0.03372745029242452,0.02463047755308767,-0.027783331281671098
2011-10-25,48.103885650634766,40816000,32.220001220703125,-0.01869232023997236,-0.023237164977343405,-0.9384186784487533
2011-10-26,48.37299728393555,25653000,29.860000610351562,0.005351613374730224,0.00492223775282663,15.713850253674593
2011-10-27,48.37299728393555,38771000,25.459999084472656,0.04284802692330314,0.0571429287234233,-0.0006642463420208911
2011-10-28,49.180320739746094,90679000,24.530000686645508,0.001490895691616867,-0.0162164508767757,-0.0016616562581255323
2011-10-31,49.516719818115234,46670000,29.959999084472656,-0.024827782254523312,-0.009419259539899305,-0.0073236089879546995
2011-11-01,49.651275634765625,37063000,34.77000045776367,-0.0321871386533773,-0.013470449430240894,-0.02025486578584934
2011-11-02,49.71855545043945,34533000,32.7400016784668,0.004892440107870932,0.021686599029522746,0.029572848171103505
2011-11-03,49.449440002441406,36408000,30.5,0.029982993090907684,0.014150995127562016,-0.02343749752307822
2011-11-04,50.189483642578125,56744000,30.15999984741211,0.011184309521864222,0.0062017289445739365,0.002791514295212849
2011-11-07,50.458614349365234,28458000,29.850000381469727,-0.0015582039763019084,0.0015406343243440368,-0.002546109959419729
2011-11-08,50.1222038269043,21447000,27.479999542236328,0.006012185441554685,-0.005384622978740983,0.02426653545070545
2011-11-09,49.85310745239258,17538000,36.15999984741211,-0.046233651719597146,-0.03480280274664427,-0.0028243590766569016
2011-11-10,48.843936920166016,45120000,32.810001373291016,0.008292433174063696,0.015224700224207188,0.00199931574424439
2011-11-11,49.38216781616211,27464000,30.040000915527344,0.03556794199799018,0.0220993617428189,0.005320912837909031
2011-11-14,51.064117431640625,63557000,31.1299991607666,-0.012870287514727186,0.0023165742837740755,-0.034072073929666935
2011-11-15,51.131404876708984,35895000,31.219999313354492,0.014667862811705401,0.00770370898981354,0.03150685110466189
2011-11-16,50.72773361206055,38931000,33.5099983215332,-0.005889364760196636,-0.025993652712709703,0.0026560398896751103
2011-11-17,50.929569244384766,34876000,34.5099983215332,-0.03993134294699119,-0.002354869634106027,-0.02427157915452416
2011-11-18,49.920387268066406,52324000,32.0,-0.008280965760056769,-0.003933900548772629,0.0013235641937048293
2011-11-21,49.31489181518555,21320000,32.90999984741211,-0.018989925107965266,-0.00789865410380819,0.005456493434043308
2011-11-22,49.785831451416016,42423000,31.969999313354492,-0.012465697221422545,0.0,0.02099980120935685
2011-11-23,49.38216781616211,42823000,33.97999954223633,-0.03194681942290423,-0.02866274191192686,-0.0009904485222425041
2011-11-24,48.978485107421875,46889000,33.97999954223633,-0.03194681942290423,-0.02866274191192686,-0.020191674038785523
2011-11-25,48.171138763427734,36741000,34.470001220703125,-0.01157479003696904,-0.010655574903987386,0.001686371775692086
2011-11-28,49.516719818115234,34892000,32.130001068115234,0.03205088735788486,0.039768241461413556,-0.0006397218799333304
2011-11-29,49.516719818115234,42495000,30.639999389648438,-0.007179661402773707,-0.01195249148906441,0.021900256463842416
2011-11-30,50.189483642578125,51206000,27.799999237060547,0.058703458565992905,0.041935515080823826,0.000329714108374235
2011-12-01,51.53504943847656,78257000,27.40999984741211,0.0053304832553831005,0.022445807396479056,-0.0009888162984386106
2011-12-02,51.131404876708984,35285000,27.520000457763672,-0.001971655219037083,-0.006812940098083531,-0.008248103081655023
2011-12-05,51.33322525024414,28821000,27.84000015258789,0.009477522531430305,0.007622037934218895,-0.013240146935643904
2011-12-06,50.72773361206055,40835000,28.1299991607666,-0.0018777084818418777,-0.0211800583539542,0.015777712031773694
2011-12-07,51.400508880615234,40811000,28.670000076293945,0.011764429871717441,0.021638360083200192,0.0006638054537257965
2011-12-08,51.33322525024414,31661000,30.59000015258789,-0.028073923691930736,-0.0211800583539542,0.0
2011-12-09,49.85310745239258,41947000,26.3799991607666,0.012233011657625026,0.010818856624033701,0.00016587290807668076
2011-12-12,50.458614349365234,28286000,25.670000076293945,-0.02800340897213771,-0.011467649941250713,-0.020063055407353758
2011-12-13,50.59317398071289,29883000,25.40999984741211,-0.023606691546298797,-0.01624132233366582,0.0028088049153440764
2011-12-14,50.1222038269043,27551000,26.040000915527344,-0.01626787415566755,-0.013364548462705739,0.01913411918698915
2011-12-15,48.77666473388672,35609000,25.110000610351562,-0.0019673264843547145,-0.0039841638296881365,0.0026490040293054573
2011-12-16,48.91120529174805,20783000,24.290000915527344,0.008056128431922938,0.020800011249342054,0.0009907126359514073
2011-12-19,48.77666473388672,24429000,24.920000076293945,-0.026922821332043045,-0.034482928265446744,-0.025107215208648226
2011-12-20,48.978485107421875,26756000,23.219999313354492,0.044763550839830746,0.02759737851739863,0.027107536663967258
2011-12-21,51.131404876708984,52799000,21.43000030517578,-0.011930960288292436,0.003949437242106724,-0.0016474841443397947
2011-12-22,50.458614349365234,25805000,21.15999984741211,0.03487087304066905,0.015736041221991792,-0.025973556719324997
2011-12-23,50.72773361206055,28697000,20.729999542236328,0.004879964460920316,0.0007742237205075053,0.024972029259152873
2011-12-26,50.458614349365234,11293000,20.729999542236328,0.004879964460920316,0.0007742237205075053,-0.022842974702188767
2011-12-27,50.79500198364258,14575000,21.90999984741211,-0.0016006700880120128,0.007739810719448403,0.023376974335549416
2011-12-28,50.929569244384766,19957000,23.520000457763672,-0.014727887882971413,-0.007680366139274364,0.001652867340844466
2011-12-29,50.99683380126953,24738000,22.649999618530273,0.009211490144963586,0.007739810719448403,0.0
2011-12-30,50.99683380126953,32240000,23.399999618530273,-0.004071841498473727,-0.008448049179714867,-0.0016501398785314647
2012-01-02,46.96015548706055,26261000,23.399999618530273,-0.004071841498473727,-0.008448049179714867,-0.02604959030781895
2012-01-03,47.43109130859375,56936000,22.969999313354492,0.011414861387138986,0.02711058086661411,0.002783271085437633
2012-01-04,47.43109130859375,56684000,22.219999313354492,0.0001627673733670676,-0.00905008603599411,0.023558053437911175
2012-01-05,51.131404876708984,56718000,21.479999542236328,0.014945990317207336,0.009132738101557347,0.0019841093385088993
2012-01-06,50.86225509643555,29866000,20.6299991607666,0.002806230631684281,-0.008295456314797889,-0.0019801804439980586
2012-01-09,50.86225509643555,27627000,21.06999969482422,0.019641779983063268,0.01748999864530454,-0.019841282606185007
2012-01-10,51.467777252197266,56436000,20.690000534057617,0.00964475414914756,0.02914826726020192,0.016531706518499334
2012-01-11,51.467777252197266,41075000,21.049999237060547,0.004168042985571496,-0.00798842011878742,-0.003484883676102224
2012-01-12,51.80418395996094,55391000,20.469999313354492,0.009951250106952525,0.012445185180646412,-0.0021648804290909096
2012-01-13,52.140560150146484,57301000,20.90999984741211,-0.02113594191910373,-0.005784692317592932,-0.0023364384834209107
2012-01-16,50.66044616699219,37659000,20.90999984741211,-0.02113594191910373,-0.005784692317592932,-0.01532285689052526
2012-01-17,50.86225509643555,43605000,22.200000762939453,0.004563569093850139,-0.02109089617843929,-0.006013864180079875
2012-01-18,51.60232925415039,56756000,20.889999389648438,0.05030893768174205,0.027489013794721018,0.023073018758257735
2012-01-30,52.94792175292969,134364000,19.399999618530273,-0.011128933668937524,-0.009213378747377932,-0.046095556845555885
2012-01-31,52.8133430480957,84114000,19.440000534057617,0.000489351177557662,0.007153356765074559,0.02828918649087786
2012-02-01,51.80418395996094,46150000,18.549999237060547,0.023964389134714104,0.007812338999494406,-0.00873363200819266
2012-02-02,51.669612884521484,53946000,17.979999542236328,0.0043463785695807555,-0.019732231273988043,0.0016943150346577784
2012-02-03,51.26594161987305,47741000,17.100000381469727,0.017666884827444163,0.010064313767021327,-0.0030446601560863984
2012-02-06,52.07329177856445,47544000,17.760000228881836,-0.014299387919166962,-0.004270214588013355,0.0
2012-02-07,52.07329177856445,29943000,17.649999618530273,0.0010193129552766855,0.004288527520793783,0.004750637945676095
2012-02-08,52.140560150146484,34702000,18.15999984741211,0.01252664801998149,0.009964826927134407,-0.0027017873035127815
2012-02-09,52.476951599121094,54953000,18.6299991607666,0.0032508138638078776,0.006342615262878271,-0.001693232077430773
2012-02-10,51.73689651489258,42117000,20.790000915527344,-0.020583744406324267,-0.030812375006154413,-0.002035260070354483
2012-02-13,51.53504943847656,36380000,19.040000915527344,0.0037606052024381498,0.019508536005055088,0.0047586468145948135
2012-02-14,52.00602340698242,41995000,19.540000915527344,0.004102061847161442,0.004961126145975214,-0.004059503858348301
2012-02-15,52.8133430480957,70978000,21.139999389648438,0.004770273409633763,0.009873072998151766,0.0037363689200915484
2012-02-16,52.8133430480957,57944000,19.219999313354492,0.024442954073895073,0.01466482263286828,-0.0020304388321991107
2012-02-17,53.82252883911133,63929000,17.780000686645508,-0.008809745693614035,0.006194102487837139,0.0023736756652259494
2012-02-20,53.82252883911133,31043000,17.780000686645508,-0.008809745693614035,0.006194102487837139,-0.0010148437022617918
2012-02-21,53.82252883911133,27443000,18.190000534057617,-0.013980186908490566,-0.016415765684531736,-0.000677292830972287
2012-02-22,53.62069320678711,41090000,18.190000534057617,-0.004553977995353731,0.006953888796567442,0.0
2012-02-23,52.544227600097656,59936000,16.799999237060547,0.0014384891277754441,-0.023480638632214168,0.0010166278011798369
2012-02-24,53.2170295715332,39386000,17.309999465942383,-0.0020722047828948265,0.0162656512905055,0.0
2012-02-29,54.562591552734375,77948000,18.43000030517578,-0.015823985094769344,-0.011572486080311473,-0.0006763766645278002
2012-03-01,53.889801025390625,21169000,17.260000228881836,0.001438044075784628,0.008264459633887444,-0.007106568185940354
2012-03-02,53.82252883911133,23782000,17.290000915527344,-0.010428925612646855,-0.0034151960166813877,0.0006816788568388965
2012-03-05,53.08247375488281,22782000,18.049999237060547,-0.025454976249271177,-0.01782062345075519,0.0027247929851148545
2012-03-06,53.48612976074219,27703000,20.8700008392334,-0.009032028888301458,-0.011863017827284605,0.0013586619379453158
2012-03-07,53.2170295715332,30305000,19.06999969482422,0.015494440059998116,0.016948750123516376,0.0020353247701057064
2012-03-08,53.62069320678711,36169000,17.950000762939453,0.014821489396890541,0.014583453015014403,-0.001015595318744178
2012-03-09,53.82252883911133,22702000,17.110000610351562,0.010756566461071815,-0.0006843272820290514,-0.0006777518674533356
2012-03-12,53.82252883911133,28913000,15.640000343322754,-0.01012177700911987,-0.01369888013367615,-0.0030518871918078228
2012-03-13,54.69712829589844,47221000,14.800000190734863,0.023006886900926782,0.03263921671847414,0.0030612297195802274
2012-03-14,55.97541809082031,60618000,15.3100004196167,-0.003619815419789063,-0.0040351087862026125,0.0
2012-03-15,55.97541809082031,30072000,15.420000076293945,0.019547570272338666,0.008777905336898595,-0.0003391057632909922
2012-03-16,54.562591552734375,29079000,14.470000267028809,0.0009656164187219485,-0.010040134017851976,0.001356883180070323
2012-03-19,56.31182861328125,37321000,15.039999961853027,0.007533125324538981,0.025016855164056384,-0.0006775222714608953
2012-03-20,55.97541809082031,29232000,15.579999923706055,-0.007180449500356456,-0.014511853563200394,-0.00033899080955379635
2012-03-21,57.119144439697266,61534000,15.130000114440918,0.0037883968542866686,0.018072446654959995,0.0013564230531639687
2012-03-22,57.320980072021484,37740000,15.569999694824219,-0.0060614233733089495,-0.011834543119444096,0.0
2012-03-23,57.455543518066406,29341000,14.819999694824219,0.002623361619817688,-0.002661467052615718,0.0006772282407729868
2012-03-26,56.24452590942383,58830000,14.260000228881836,0.01423067465005845,0.02601741126343793,-0.00033835268329429624
2012-03-27,57.72467041015625,34236000,15.59000015258789,-0.0006336145582376274,-0.0006500664352114827,0.00236965784206955
2012-03-28,57.52281951904297,28246000,15.470000267028809,-0.012454720901124539,-0.012361474914366344,-0.0027017873035127815
2012-03-29,56.58091354370117,49391000,15.479999542236328,0.0017197809960698418,-0.006587687929685004,-0.000677292830972287
2012-03-30,57.119144439697266,43730000,15.5,0.0040975614801963545,0.013262561681439022,0.0010166278011798369
2012-04-02,57.25371170043945,23624000,15.640000343322754,-0.0004559943841204728,0.007853125428522123,-0.001692658864573593
2012-04-03,57.18644714355469,31241000,15.65999984741211,-0.01582885174180737,-0.011687992170563488,-0.0010173172898729765
2012-04-05,55.908145904541016,42645000,16.700000762939453,0.003081313517535156,0.01599990253545469,0.000339501571279488
2012-04-06,56.37908172607422,34072000,16.700000762939453,0.003081313517535156,0.01599990253545469,0.00033945109275679286
2012-04-09,55.84085464477539,23209000,18.809999465942383,-0.01446130721576977,-0.024934210821398795,0.0013573436192519939
2012-04-10,55.16807556152344,33332000,20.389999389648438,-0.01781429308812188,-0.016150640553549533,0.0
2012-04-11,55.43719482421875,40711000,20.020000457763672,0.016526372410834433,0.0116277982448858,0.0003388759337266123
2012-04-12,55.57174301147461,36673000,17.200000762939453,0.01858695419459333,0.008789869018303254,-0.00033876113573050315
2012-04-13,57.119144439697266,44685000,19.549999237060547,-0.018224245010834528,0.0120641033996014,-0.0006777518674533356
2012-04-16,57.119144439697266,19461000,19.549999237060547,0.0006483623150970175,0.0,0.0
2012-04-17,56.37908172607422,29423000,18.459999084472656,0.015598752680098027,0.007284989567928113,-0.0003391057632909922
2012-04-18,57.18644714355469,32325000,18.639999389648438,-0.008719249683511898,0.004602240798476265,0.0
2012-04-19,57.72467041015625,31398000,18.360000610351562,-0.010679151222545591,-0.001963509597889046,-0.00033922079501758073
2012-04-20,56.71548843383789,27633000,17.440000534057617,-0.02375730203633808,-0.009180248629713672,0.0
2012-04-23,56.71548843383789,20301000,18.969999313354492,-0.012389875352199153,-0.014559965109114392,0.0
2012-04-24,56.91731262207031,24868000,18.100000381469727,-0.007622136624666376,-0.0020147509185127754,0.0
2012-04-25,56.64820098876953,31076000,16.81999969482422,0.023419791663463085,0.0033645407631857083,-0.000339335904813054
2012-04-26,56.5136604309082,21008000,16.239999771118164,0.021653547300152676,0.061032861653476544,-0.0010182885345941806
2012-04-27,57.85921859741211,116673000,16.31999969482422,0.0017100171531176933,0.02085995451498035,-0.0040775004413539095
2012-04-30,58.39743423461914,47549000,17.149999618530273,-0.00605897188860216,-0.035294037366163544,-0.0034118179219322364
2012-05-02,59.47389221191406,47424000,16.8799991607666,0.004676224445526289,0.03670288535662691,-0.0006865276687674227
2012-05-03,59.810279846191406,27641000,17.559999465942383,-0.02475953975500722,-0.024844653762989943,0.003091726235000092
2012-05-04,58.93566131591797,37633000,19.15999984741211,-0.02103366061708256,-0.01656060610503307,0.0003424082627385694
2012-05-07,57.590091705322266,46464000,18.940000534057617,-0.002563185393334333,-0.0012954417670555385,0.0
2012-05-08,56.78276824951172,45605000,19.049999237060547,-0.006449776672819207,-0.016861139992840446,0.003423498274701675
2012-05-09,56.91731262207031,40753000,20.079999923706055,-0.0030682546129501276,-0.0019788682088496268,-0.00034118829969465025
2012-05-10,57.38828659057617,28381000,18.829999923706055,-0.0035863760578567216,0.01718431933856901,0.0010239142466448303
2012-05-11,57.52281951904297,33565000,19.889999389648438,0.007300826603965138,0.0,0.0
2012-05-14,57.455543518066406,13924000,21.8700008392334,-0.010871788919839087,-0.020142680568764337,0.0013638225581791286
2012-05-15,57.52281951904297,30654000,21.969999313354492,-0.010299532373507003,-0.019230936455189807,0.0030642915446918995
2012-05-16,56.109981536865234,64877000,22.270000457763672,-0.016749040790861147,0.008789869018303254,0.0033944461838912865
2012-05-17,57.25371170043945,33612000,24.489999771118164,-0.02203679234992051,-0.01474547237319479,0.0006766054846081282
2012-05-18,55.03352737426758,57538000,25.100000381469727,-0.01876426079134874,-0.02857127673385229,-0.0023664535160502487
2012-05-21,55.50447082519531,32372000,22.010000228881836,0.025707800750659482,0.00980344461351268,0.0010166278011798369
2012-05-22,55.30263900756836,33935000,22.479999542236328,-0.0076768205395579825,-0.0013868819119776665,-0.002031190637488356
2012-05-23,53.2170295715332,62853000,22.329999923706055,0.003638894343673149,-0.02222180027533971,0.0006784415900351615
2012-05-24,54.226200103759766,40831000,21.540000915527344,-0.014127145374414618,-0.008522821846450923,0.001016972428661278
2012-05-25,53.82252883911133,28205000,21.760000228881836,0.013730280137806972,0.0014324809330641397,0.0006772282407729868
2012-05-28,54.89897537231445,28830000,21.760000228881836,0.013730280137806972,0.0014324809330641397,0.0013536689191238072
2012-05-29,55.36991882324219,40599000,21.030000686645508,0.02028972045972388,0.012160117763409195,0.0
2012-05-30,54.96625518798828,75216000,24.139999389648438,-0.019649075062796117,-0.01554748740327494,0.00033795974417927255
2012-05-31,57.25371170043945,81199000,24.059999465942383,-0.010290268894614374,-0.014357663549380284,0.004054017916833796
2012-06-01,53.755245208740234,66832000,26.65999984741211,-0.041262802623475814,-0.04879804776108854,0.0037012319277589523
2012-06-04,51.467777252197266,65908000,26.1200008392334,-0.001359115932303756,-0.0030631419331601517,0.002011380023326792
2012-06-05,52.61150360107422,37461000,24.68000030517578,0.02214406497868615,0.014593049238108113,0.0030110456482330683
2012-06-06,52.34241485595703,33650000,22.15999984741211,0.03348131992213865,0.021953158990778876,-0.0010006264094370998
2012-06-07,53.687957763671875,47636000,21.719999313354492,-0.013688785958908323,0.0029629966421644838,-0.004340603165396195
2012-06-08,52.409671783447266,34628000,21.229999542236328,0.014314150558604855,-0.005908486458791273,-0.0006707061692943217
2012-06-11,54.09163284301758,36966000,23.559999465942383,-0.018887653786008984,-0.00371470078169156,0.00469803022085169
2012-06-12,53.418861389160156,38319000,22.09000015258789,0.02201311081489865,0.0216258468223105,-0.0016700448736566287
2012-06-13,53.82252883911133,32241000,24.270000457763672,-0.01056876317368105,-0.010948976833200397,0.0013382708713336466
2012-06-14,53.2842903137207,30382000,21.68000030517578,-0.001730763339952146,-0.0059041255988752095,0.0
2012-06-15,52.544227600097656,83325000,21.110000610351562,0.01625356262381139,0.014847978326114841,0.001002297995021717
2012-06-18,54.36073303222656,33626000,18.31999969482422,0.014394191570419768,0.02121431990064515,-0.003003946862131235
2012-06-19,54.15891647338867,28864000,18.3799991607666,0.01153601970373308,0.01074485610936371,0.00033472786248034403
2012-06-20,54.89897537231445,28945000,17.239999771118164,0.00948196859453354,0.0014172527561289172,-0.0016733346206447841
2012-06-21,54.226200103759766,27004000,20.079999923706055,-0.04086575802188064,-0.03892388310997741,0.0
2012-06-22,53.889801025390625,30162000,18.110000610351562,0.01593734245789369,0.018409270327893523,0.0
2012-06-25,53.55339813232422,39476000,20.3799991607666,-0.03459657873232824,-0.03253827646853047,0.002681861344641767
2012-06-26,52.94792175292969,36877000,19.719999313354492,0.003611010487407418,-0.005231384721762655,0.0006686879928352596
2012-06-27,53.35158920288086,31889000,19.450000762939453,0.013192649467175688,0.017280173094148088,0.0
2012-06-28,53.755245208740234,33067000,19.709999084472656,-0.006268285442565857,-0.0073857111021292665,-0.0013364822960066913
2012-06-29,54.69712829589844,47813000,17.079999923706055,0.043532355374735765,0.038690818158728435,0.0006691354356667123
2012-07-02,56.04270553588867,61179000,16.799999237060547,-0.001738108417156159,0.02220610257862554,-0.0033433761945799167
2012-07-03,56.64820098876953,59905000,16.65999984741211,0.014319470088197672,0.01191299569580928,0.0010063967521967143
2012-07-04,56.64784622192383,38922000,16.65999984741211,0.014319470088197672,0.01191299569580928,0.0
2012-07-05,56.50831985473633,26863000,17.5,-0.011837052873838405,-0.02066254186110883,-0.0010053849360622813
2012-07-06,56.43855667114258,38090000,17.100000381469727,-0.02499475532087536,-0.010989203943885362,0.0010063967521967143
2012-07-09,55.81068801879883,45026000,17.979999542236328,-0.012153015722484062,0.0,0.0013404493288933228
2012-07-10,55.182823181152344,33429000,18.719999313354492,-0.022774365751301873,-0.01629627309715065,0.00133871876341507
2012-07-11,54.485191345214844,58592000,17.950000762939453,-0.009200832441849882,-0.00978907332775869,0.0
2012-07-12,52.810855865478516,68200000,18.329999923706055,-0.016626362365870784,-0.02661616619813556,0.0
2012-07-13,52.880615234375,51423000,16.739999771118164,0.009386738332658906,0.007031207181869226,0.002673794234694604
2012-07-16,52.67131805419922,35444000,17.110000610351562,-0.010812081164842113,-0.017067158834408125,-0.0013333638509114287
2012-07-17,52.1829833984375,51636000,16.479999542236328,-0.004813761766603308,0.0015781912461716452,-0.0003337223577681847
2012-07-18,52.1829833984375,37193000,16.15999984741211,0.035453138389664574,0.03546099065018349,-0.0006677948999728178
2012-07-19,54.066585540771484,61961000,15.449999809265137,0.020417094420965176,-0.0213089993977591,0.0006682411480034567
2012-07-20,53.508480072021484,48352000,16.270000457763672,-0.017046362725642084,-0.016329955119087747,-0.0003338974499863534
2012-07-23,51.834171295166016,57404000,18.6200008392334,-0.009177771422391068,0.010276916205579578,0.0010019632184958827
2012-07-24,52.1829833984375,39904000,20.469999313354492,-0.00395402537951417,0.01017237555439543,0.0030030081631595706
2012-07-25,52.04344940185547,52097000,19.34000015258789,0.019154441467369665,0.0077458271461803285,0.0013307024696611602
2012-07-26,53.22944641113281,46806000,17.530000686645508,0.022907449565870763,0.026902275386234464,0.0006644670269169151
2012-07-27,55.322349548339844,72384000,16.700000762939453,0.023139993808001247,0.02395227625893237,-0.0016600645091633393
2012-07-30,55.11307907104492,37840000,18.030000686645508,-0.009421535938259895,-0.013888944938826753,-0.0016627614754899378
2012-07-31,56.50831985473633,67536000,18.93000030517578,0.008171158905536435,0.035582026623785845,0.0
2012-08-01,55.81068801879883,35881000,18.959999084472656,0.0002866087359487679,-0.006442528999862418,-0.0026648874912114096
2012-08-02,55.81068801879883,0,17.56999969482422,-0.0061224580706242815,-0.0007202087829383252,-0.00033400897473134794
2012-08-03,55.671142578125,46567000,15.640000343322754,0.022596240154803438,0.02235042712639479,0.00033412057400172834
2012-08-06,56.43855667114258,58403000,15.949999809265137,0.0050755227421348525,0.004231063127135171,-0.0026720080921526224
2012-08-07,56.78737258911133,40024000,15.989999771118164,0.020353054788227798,-0.004915616123334354,0.002009359166643243
2012-08-08,56.15949630737305,39881000,15.319999694824219,0.002724603074176546,-0.005645842944763113,0.0003342322478721016
2012-08-09,57.415245056152344,54211000,15.279999732971191,0.007054748759487861,0.01703360285532951,0.00033412057400172834
2012-08-10,57.205963134765625,29859000,14.739999771118164,0.0049011371971507955,0.011165138585357504,-0.0013360358989252807
2012-08-13,57.69430923461914,30234000,13.699999809265137,-0.008744618613795718,-0.01242256284066423,0.0010033674591392039
2012-08-14,58.04310607910156,33268000,14.850000381469727,-0.00817577270175851,0.006289176797023233,0.0013364185690232233
2012-08-15,57.903602600097656,27260000,14.630000114440918,0.005913002554536417,0.0013890574625627927,-0.0010009602930990402
2012-08-16,57.83383560180664,27999000,14.289999961853027,0.016887547308479745,0.0020805559205079316,0.0006679542437646457
2012-08-17,57.205963134765625,27049000,13.449999809265137,-0.007642209929645372,-0.003460486842490229,0.00033378602094202847
2012-08-20,57.48500061035156,20997000,14.020000457763672,-0.00703455752856974,0.006944819774118871,0.0
2012-08-21,58.32217025756836,36814000,15.020000457763672,2.4742210454009594e-05,0.01034473280208359,0.0
2012-08-22,57.48500061035156,33548000,15.109999656677246,-0.007780170140230247,-0.01706512058397225,-0.031631630828940605
2012-08-23,57.69430923461914,22336000,15.960000038146973,-0.006288054997840353,-0.004860532272232487,0.03128664344619825
2012-08-24,57.205963134765625,25460000,15.180000305175781,0.005773250122830698,0.002791214172997103,0.0
2012-08-27,57.903602600097656,25691000,16.350000381469727,-0.0036846977516196144,0.0006959315226620078,0.0
2012-08-28,57.48500061035156,31760000,16.489999771118164,-0.0011069779632189025,-0.004868226409327714,0.0
2012-08-29,57.69430923461914,18411000,17.059999465942383,0.000957096382127931,0.0027953046935751402,0.0
2012-08-30,57.69430923461914,45455000,17.829999923706055,-0.0169091038578294,-0.006968453447917855,-0.0006682411480033457
2012-08-31,58.112892150878906,13487000,17.469999313354492,0.014026044785252267,0.031579224876491896,0.0003343439964176298
2012-09-03,58.531463623046875,20728000,17.469999313354492,0.014026044785252267,0.031579224876491896,-0.0016710974910779663
2012-09-04,58.60122299194336,21632000,17.979999542236328,-0.0084808990187617,-0.021768862391840615,-0.0010043751524139166
2012-09-05,57.205963134765625,43274000,17.739999771118164,-0.0064916011960793885,-0.013908108036234768,-0.0006702566240415209
2012-09-06,56.57809829711914,25755000,15.600000381469727,0.036564492666432136,0.016219850814596315,0.0003353530846470498
2012-09-07,58.461700439453125,44441000,14.380000114440918,-0.008182160972035613,0.006939530261126814,-0.002681861344641767
2012-09-10,58.25239562988281,16875000,16.280000686645508,-0.017371544308236175,0.01309475001758531,-0.0006722842945772189
2012-09-11,58.88026428222656,31566000,16.40999984741211,0.006290238943118975,0.014965869620953587,-0.0023545138211243932
2012-09-12,58.950042724609375,37428000,15.800000190734863,0.003049848281014622,0.003351115036328345,-0.002022908504755727
2012-09-13,59.298851013183594,29565000,14.050000190734863,0.009649509859772198,0.004007781159695689,-0.0006756911319566461
2012-09-14,60.345314025878906,51715000,14.510000228881836,0.011921588438699171,0.02195610534859682,0.00067614799916349
2012-09-17,60.345314025878906,24786000,14.59000015258789,-0.010084054438259105,-0.024088610952781142,-0.009121636969055547
2012-09-18,59.78721237182617,35483000,14.180000305175781,-0.004223838000765756,0.006671653279554324,-0.0017047131670850924
2012-09-19,59.996490478515625,41915000,13.880000114440918,-0.005614102502375373,-0.0033136294258502286,0.0013660863128652778
2012-09-20,59.50815963745117,24807000,14.069999694824219,-0.009785933424578674,-0.01595767443984164,0.00034107192994281554
2012-09-21,59.78721237182617,50990000,13.979999542236328,0.0013430579632529582,0.0,0.0006819112790896753
2012-09-24,60.06624984741211,30299000,14.149999618530273,-0.01558867904964023,0.0020271360191801424,-0.002044274792591283
2012-09-25,59.926719665527344,35885000,15.430000305175781,-0.024730022250937123,-0.002023035051958222,0.0020484624126650974
2012-09-26,60.27553939819336,36796000,16.809999465942383,-0.006352494770436867,0.012837709297176758,-0.0013628931859435145
2012-09-27,61.11271286010742,53924000,14.84000015258789,0.022521623196190665,0.04069392308429576,0.0023882530228482857
2012-09-28,62.647491455078125,58535000,15.729999542236328,-0.00827579771754361,0.014102718251966184,-0.0020421874627724046
2012-10-01,62.01961898803711,38119000,16.31999969482422,-0.003008346934724848,0.005056990944842132,-0.0010231507370094262
2012-10-02,62.50796890258789,23575000,15.710000038146973,0.0048278790306428565,0.006289136673210738,0.0
2012-10-03,62.647491455078125,26330000,15.430000305175781,-0.00467408937934255,0.0031250836309544283,-0.0006828425107037184
2012-10-04,63.205589294433594,36462000,14.550000190734863,0.006506256178840708,0.006853530492723969,0.0010248984908682868
2012-10-05,63.48466110229492,35197000,14.329999923706055,-0.0009643971288374464,-0.00556935581117779,-0.0010238491494201085
2012-10-08,62.159149169921875,38011000,15.109999656677246,-0.010827558929981884,-0.03360294834793909,-0.0017082727580182144
2012-10-09,60.763893127441406,60022000,16.3700008392334,-0.015878541946719005,-0.010946709033640367,0.0020534351369265735
2012-10-11,59.64768981933594,74170000,15.59000015258789,0.0017118288668902526,-0.005952611011003417,0.0006830105855892832
2012-10-12,60.2057991027832,23657000,16.139999389648438,-0.005289451434020487,0.00598825677421444,-0.0013651538983017186
2012-10-15,60.27553939819336,19093000,15.270000457763672,0.01480732509823457,0.011243365628814228,-0.002050562729769223
2012-10-16,61.042930603027344,29187000,15.220000267028809,0.021819788116326455,0.010464300553205463,0.0006848818456341998
2012-10-17,60.97319793701172,34739000,15.069999694824219,-0.0022353664194327827,0.0097086490189775,-0.001711130671987915
2012-10-18,61.4615364074707,20400000,15.029999732971191,-0.008249631794776557,-0.0032051279284781575,-0.00034282580924516193
2012-10-19,60.484832763671875,27597000,17.059999465942383,-0.030190246981900315,-0.021221620655531792,0.0013717735163463196
2012-10-22,59.996490478515625,20015000,16.6200008392334,0.0016168118986110702,0.007227011536199868,0.0003424082627385694
2012-10-23,59.78721237182617,16134000,18.829999923706055,0.001477290573073553,-0.007175156596701426,0.0006847127144999909
2012-10-24,59.57791519165039,28246000,18.329999923706055,-0.015107192679910786,-0.0045994577330544795,0.0023947894601596964
2012-10-25,59.15932083129883,36358000,18.1200008392334,0.013757932676061957,0.015181445699607998,-0.0013651538983017186
2012-10-26,60.9034309387207,65197000,17.809999465942383,0.004924956916129597,0.007802673253656911,-0.0013670852773219888
2012-10-29,61.4615364074707,36010000,17.809999465942383,0.004924956916129597,0.007802673253656911,-0.00034223918948772525
2012-10-30,61.391761779785156,30286000,17.809999465942383,0.004924956916129597,0.007802673253656911,0.0010270690717499864
2012-10-31,61.88011169433594,25911000,18.600000381469727,-0.0006806764533996423,0.025806442645506023,-0.0020519653355690615
2012-11-01,62.22891616821289,35973000,16.690000534057617,0.033975480620533016,0.013207407197887377,0.001028059595035602
2012-11-02,62.71725845336914,38858000,17.59000015258789,-0.01894598325492003,-0.021104949702258957,0.0
2012-11-05,62.99631118774414,31435000,18.420000076293945,0.0163036534334966,0.006975217196405259,-0.0010270037739515958
2012-11-06,63.06607437133789,26333000,17.579999923706055,0.013848488956455185,0.020151199285161958,0.0013707679150234409
2012-11-07,63.48466110229492,22025000,19.079999923706055,-0.026979840869200022,-0.0018519512855605935,0.0
2012-11-08,63.135826110839844,39566000,18.489999771118164,-0.011975317609343672,-0.002473516741413162,-0.004448978912439228
2012-11-09,63.34513854980469,36639000,18.610000610351562,0.0024404352250224637,0.014259073859332894,0.0006875372175580985
2012-11-12,63.69395446777344,29882000,16.68000030517578,0.0008655097741077089,0.005501023875054356,-0.005152920739739386
2012-11-13,62.99631118774414,37000000,16.649999618530273,-0.00962112974959628,-0.016413357489225677,0.0010359353450943853
2012-11-14,63.135826110839844,30190000,17.920000076293945,-0.015062963070657909,-0.016069171060928422,-0.0006899088624208183
2012-11-15,62.92655944824219,25043000,17.989999771118164,-0.013298581016620292,0.008166014668851362,0.0010355777478971984
2012-11-16,62.92655944824219,32472000,16.40999984741211,-0.0003931637179673819,0.008722705679742093,0.002068947101461438
2012-11-19,62.78702926635742,23037000,15.239999771118164,0.020056234404704165,0.009264810039665061,0.0020647410321303905
2012-11-20,63.06607437133789,21424000,15.079999923706055,-0.0036625527793605617,-0.005507510672583926,0.000686763387317546
2012-11-21,63.135826110839844,30032000,15.3100004196167,0.0019347587893254747,0.0006151688677487055,-0.0013726495887614876
2012-11-22,63.69395446777344,20745000,15.3100004196167,0.0019347587893254747,0.0006151688677487055,0.0003436504725340406
2012-11-23,66.62399291992188,63873000,15.140000343322754,0.01834433688652637,0.035670446033776226,-0.00034353241745654906
2012-11-26,66.48448181152344,34282000,15.5,0.003981958160698351,-0.013064432055941877,0.0
2012-11-27,67.18212890625,48731000,15.920000076293945,-0.002212468479511731,0.012635572684458696,-0.0013746018901366064
2012-11-28,66.90306854248047,54692000,15.510000228881836,0.010870476094389403,0.004158982367428399,0.0010323705160650842
2012-11-29,67.32162475585938,48637000,15.0600004196167,0.0026750002879023516,0.01360932404022841,0.0006875372175580985
2012-11-30,68.85643005371094,74919000,15.869999885559082,-0.0012805778590279093,0.008173080399856536,-0.0017176620872827453
2012-12-03,68.29833984375,41656000,16.639999389648438,-0.004835015229062378,-0.011001860321509738,-0.0003441235053550651
2012-12-04,67.39139556884766,41419000,17.1200008392334,0.006683857467536525,-0.01932070088271376,-0.0003441763096656558
2012-12-05,67.60069274902344,60447000,16.459999084472656,-0.0015199006109236635,0.012537263183889813,0.0006886552956113512
2012-12-06,67.39139556884766,33074000,16.579999923706055,0.011136078646022618,0.0053067302130958005,0.0
2012-12-07,68.43785858154297,37005000,15.899999618530273,0.0021920098366672303,-0.0011732413778289263,-0.0003441235053550651
2012-12-10,67.32162475585938,28995000,16.049999237060547,0.006245750064913125,-0.008807748566910467,-0.0006884182767731284
2012-12-11,68.57738494873047,40565000,15.569999694824219,0.018777996112829376,0.018364956129910848,0.001722329861450822
2012-12-12,68.64715576171875,32453000,15.949999809265137,-0.0032390972252691608,-0.007562784885145946,-0.0010316604788245254
2012-12-13,69.20524597167969,39860000,16.559999465942383,-0.010496625842692842,0.002930990119796917,-0.001032660243880601
2012-12-14,68.64715576171875,32975000,17.0,-0.0068809381873448094,-0.009351128893204996,0.0006891956391517073
2012-12-17,67.67047119140625,46575000,16.34000015258789,0.004172825741434849,-0.0005901609703965471,-0.000344360487829376
2012-12-18,67.46116638183594,35265000,15.569999694824219,0.015968954712029415,0.002361322480486372,0.0
2012-12-19,67.87975311279297,27857000,17.360000610351562,0.0023883607470931434,0.006478160948343303,-0.00034447911282464716
2012-12-20,66.97281646728516,35458000,17.670000076293945,5.132362854443073e-05,0.0005852477387242594,0.0003445978195759647
2012-12-21,66.13567352294922,34230000,17.84000015258789,-0.010013078626584404,-0.00877184900904282,-0.00034447911282464716
2012-12-24,66.41471099853516,16019000,17.84000015258789,-0.0037604235151954546,-0.0011799247399784107,0.0003445978195759647
2012-12-25,67.32162475585938,15925000,17.84000015258789,-0.0037604235151954546,-0.0011799247399784107,-0.00034447911282464716
2012-12-26,66.97281646728516,11988000,19.479999542236328,-0.008148083416087415,-0.0005909376725390381,0.0003445978195759647
2012-12-27,66.69377136230469,24172000,19.469999313354492,-0.0038319779933193576,0.003546210478466705,-0.00034447911282464716
2012-12-28,67.67047119140625,25594000,22.719999313354492,-0.007060974211499871,0.008833603521039013,0.0003445978195759647
2013-01-02,69.48429870605469,40527000,14.680000305175781,0.0408009517454202,0.0547787570760494,0.0006891956391517073
2013-01-03,70.46098327636719,44107000,14.5600004196167,-0.005478704078291319,-0.0005527390002892929,-0.001721802439146769
2013-01-04,70.80980682373047,39278000,13.829999923706055,0.00035212589387345616,-0.007185933699097147,-0.0010348632936312274
2013-01-07,70.11217498779297,40288000,13.789999961853027,-0.004777695462374942,-0.014476864831163616,0.0020718706901887707
2013-01-08,69.5540542602539,31090000,13.619999885559082,-0.01116785446805546,-0.009039577764552775,-0.0013783912783034147
2013-01-09,69.76336669921875,26137000,13.8100004196167,0.010501880680132691,0.0,0.0010352203974945962
2013-01-10,70.46098327636719,35738000,13.489999771118164,0.013300654283229685,0.03648830205023601,-0.001378866432669601
2013-01-11,70.46098327636719,22418000,13.359999656677246,0.005315235462379775,-0.0016503274472741136,-0.0006903193265116458
2013-01-14,71.15862274169922,23448000,13.520000457763672,-0.0024077117072784926,-0.0077134678029191495,-0.0010362931210666781
2013-01-15,70.11217498779297,35617000,13.550000190734863,-0.005026299379488286,-0.0066630984001939675,0.0006915787590218159
2013-01-16,69.20524597167969,34626000,13.420000076293945,0.011478721569357697,-0.00503063783231128,0.0003455504041911528
2013-01-17,69.2750244140625,33698000,13.569999694824219,0.01995254782849165,0.02584264733137398,0.0003453651561211579
2013-01-18,70.80980682373047,49737000,12.460000038146973,-0.004581446528620803,-0.006571873566889375,0.0
2013-01-21,70.11217498779297,17257000,12.460000038146973,-0.004581446528620803,-0.006571873566889375,-0.0017264930470026751
2013-01-22,70.46098327636719,21797000,12.430000305175781,-0.0025326527075357763,0.0011025952482257573,0.0013836359646650642
2013-01-23,70.46098327636719,23184000,12.460000038146973,0.010449215614062313,0.006057446495830732,0.001381658277187947
2013-01-24,69.693603515625,39614000,12.6899995803833,-0.008794855043717686,-0.025177985232010758,0.0
2013-01-25,69.06571197509766,47836000,12.890000343322754,0.012675537077846633,-0.003368545743875906,0.003104524087563343
2013-01-28,69.2750244140625,29117000,13.569999694824219,0.0017331051811859677,-0.012958059191998106,0.003782689499317593
2013-01-29,70.46098327636719,35346000,13.3100004196167,-0.006920426897032761,0.013698597499655074,0.010962647789295454
2013-01-30,70.80980682373047,27884000,14.319999694824219,0.0019841447121582423,0.0022522975034275916,-0.002372066902111003
2013-01-31,70.80980682373047,39667000,14.279999732971191,-0.0033083677783019017,-0.0033709675589193022,0.0023777069821462327
2013-02-01,70.80980682373047,22085000,12.899999618530273,0.018946954664025295,0.01860219686267439,0.0003388759337266123
2013-02-04,71.85625457763672,33911000,14.670000076293945,-0.015146820359256186,-0.009407916679955441,0.0023712633380332804
2013-02-05,71.85625457763672,17175000,13.720000267028809,0.01571782770956065,0.015642697640935177,-0.0006759194883587671
2013-02-06,73.25151824951172,30600000,13.40999984741211,0.0020680194731004242,-0.007700738055290368,-0.001690877158490367
2013-02-18,74.64679718017578,63701000,12.460000038146973,-0.005984937024751225,-0.0021543446433708313,0.0016891633924385197
2013-02-19,74.64679718017578,21802000,12.3100004196167,0.011995366740811031,0.03345967624145341,-0.000674551703912063
2013-02-20,76.04207611083984,40532000,14.680000305175781,-0.022345729439341877,-0.01357725683793598,-0.004387416957430612
2013-02-21,74.64679718017578,30260000,15.220000267028809,-0.01811539797670514,-0.010587396686114636,0.0020338802014367996
2013-02-22,73.60033416748047,39344000,14.170000076293945,0.020923972908289956,0.011235907296380354,0.0037212656406946376
2013-02-25,73.25151824951172,35913000,18.989999771118164,-0.019577408605428337,-0.034391735872448814,-0.0026963236771264665
2013-02-26,72.20504760742188,38440000,16.8700008392334,0.007752150333458774,-0.02410962975227071,0.001689734261666631
2013-02-27,72.90271759033203,80851000,14.729999542236328,0.01564689937230712,0.020775055085230143,0.0013495585813443345
2013-03-01,73.25151824951172,31408000,15.359999656677246,-0.003609705194891011,0.0,0.0013513178264603631
2013-03-04,71.15862274169922,50033000,14.010000228881836,-0.0025406068869406884,-0.006027573446272028,-0.0010121045855132627
2013-03-05,72.55388641357422,53913000,13.479999542236328,0.019763695879360554,0.010474209485080488,0.0023640558386124333
2013-03-06,72.55388641357422,35977000,13.529999732971191,0.0013182006691436765,-0.011456509932924908,-0.0013477397276295822
2013-03-07,71.85625457763672,20518000,13.0600004196167,0.003972656260738061,-0.003863416234908823,-0.0010121045855132627
2013-03-08,72.20504760742188,44571000,12.59000015258789,0.0013343542367185712,-0.007755830431184996,0.0010131299790108184
2013-03-11,71.15862274169922,35709000,11.5600004196167,0.0013555032041843162,-0.01060879051232444,0.0006747792906722783
2013-03-12,71.50743103027344,29992000,12.270000457763672,0.00417576528331276,0.0005642884156664696,0.0006743242706193087
2013-03-13,72.90271759033203,57399000,11.829999923706055,0.0033586975931716445,0.015228561709736521,-0.00033693493190745105
2013-03-14,72.55388641357422,32329000,11.300000190734863,0.005442419390482289,0.0027774779297515817,0.0003370484953191255
2013-03-15,71.85625457763672,34424000,11.300000190734863,-0.016646674345653256,-0.022714638375556873,0.0010107405319548235
2013-03-18,70.11217498779297,43902000,13.359999656677246,-0.013335432597115005,-0.022675813986648752,-0.0003365305231001203
2013-03-19,69.76336669921875,47215000,14.390000343322754,-0.003874982154921769,-0.009280618507954586,-0.024915880789814437
2013-03-20,68.92619323730469,61605000,12.670000076293945,0.012373160179413922,0.009953224504012148,0.006491769289841853
2013-03-21,68.85643005371094,56415000,13.989999771118164,-0.01564780818225131,-0.020869360635946688,-0.007136001714964757
2013-03-22,68.36809539794922,44822000,13.569999694824219,0.011357993115262977,0.01065696732443211,0.0048375738446750916
2013-03-25,69.4145278930664,24203000,13.739999771118164,-0.0021158230397646527,-0.007029624111998811,-0.0027510290204931787
2013-03-26,69.06571197509766,27183000,12.770000457763672,0.009087293553749376,0.007079389559544902,0.012413814150053826
2013-03-27,70.11217498779297,25674000,13.149999618530273,0.001062164193545101,0.005858467089793429,-0.010558629660985641
2013-03-28,69.76336669921875,27872000,12.699999809265137,0.007219811527750641,0.0011648063330080838,0.0020654518026448354
2013-03-29,70.11217498779297,18943000,12.699999809265137,0.007219811527750641,0.0011648063330080838,-0.00034353241745654906
2013-04-01,70.46098327636719,15964000,13.579999923706055,-0.02029042228469491,-0.0063993337473913225,-0.0006873009450683032
2013-04-02,70.11217498779297,22291000,12.779999732971191,-0.00839176353513127,0.0017566136915432295,0.027510290204931787
2013-04-03,70.11217498779297,26312000,14.210000038146973,-0.019801499412287926,-0.02162499709803678,-0.0010039752389372492
2013-04-08,68.7168960571289,53948000,13.1899995803833,0.012508105992803609,0.006575287956581244,0.03453045382780351
2013-04-09,68.019287109375,40543000,12.84000015258789,0.009359457517096548,0.006532016130302631,0.0006689116394260619
2013-04-10,68.57738494873047,34877000,12.359999656677246,0.02148825471734428,0.014159255760067158,0.002005329738950179
2013-04-11,70.80980682373047,54072000,12.239999771118164,-0.003909981866275447,0.008725766036579596,-0.0010006264094370998
2013-04-12,70.11217498779297,18954000,12.0600004196167,-0.004591051988115491,-0.0017299639493777441,-0.0006677948999728178
2013-04-15,69.34477233886719,23233000,17.270000457763672,-0.02527498404553452,-0.02426333366704403,-0.028265976036105145
2013-04-16,70.11217498779297,33395000,13.960000038146973,0.02171905359770876,0.020721916340781465,0.002269288460055252
2013-04-17,69.76336669921875,35304000,16.510000228881836,-0.032881815459850805,-0.009280618507954586,-0.00720408532489869
2013-04-18,69.693603515625,32242000,17.559999465942383,-0.009026670821899452,0.05035139763207974,0.014512787441025576
2013-04-19,74.29795837402344,66723000,14.970000267028809,0.007465923217927717,0.047937518886055575,-0.007833836675870787
2013-04-22,75.69322967529297,72170000,14.390000343322754,0.010552303243885897,-0.015957230796800115,-0.0006865276687674227
2013-04-23,73.94916534423828,45835000,13.479999542236328,0.0209791784899922,-0.011891873872843073,-0.00377879106991319
2013-04-24,73.94916534423828,35383000,13.609999656677246,0.012644993257843185,0.008752467344719905,0.0
2013-04-25,74.64679718017578,26145000,13.619999885559082,0.009939210720780078,0.013557848243084036,0.0003448354786839136
2013-04-26,75.69322967529297,36420000,13.609999656677246,-0.010659580717979455,-0.008561113248029328,0.0003447166081673725
2013-04-29,75.34442901611328,21008000,13.710000038146973,0.012658179925759239,0.016190179987777498,-0.007374248743233447
2013-04-30,76.390869140625,34314000,13.520000457763672,0.008076219730445588,0.013276468574631384,-0.004026911851172987
2013-05-02,77.08849334716797,37313000,13.59000015258789,0.013815850780669825,0.021978220198204168,0.006992966885427165
2013-05-03,76.73969268798828,36502000,12.850000381469727,0.009017876092996202,-0.006144033791151693,0.007777810302782351
2013-05-06,77.78614044189453,19268000,12.65999984741211,0.005655077878634396,0.007212676095616155,0.016400214629292975
2013-05-07,78.4837646484375,19273000,12.829999923706055,0.00033076917123642247,-0.004092152570468133,-0.022338996499271735
2013-05-08,79.87901306152344,40914000,12.65999984741211,0.012896270372747543,0.038007288585883536,0.023196166388576467
2013-05-09,80.22785186767578,27151000,13.130000114440918,0.0051798917807241995,0.0,-0.033480205424871734
2013-05-10,79.87901306152344,27413000,12.59000015258789,0.008855681030290885,-0.001979390592348085,0.030783264817595413
2013-05-13,79.87901306152344,18197000,12.550000190734863,-0.010001295526660403,-0.01189889672895994,-0.015918381566655926
2013-05-14,80.57667541503906,27714000,12.770000457763672,0.004444128942060699,-0.0020071322513547374,0.00580675997283886
2013-05-15,80.22785186767578,25970000,12.8100004196167,0.009690762268961928,-0.004524791610660772,0.0026460365394247454
2013-05-16,79.18138885498047,44164000,13.069999694824219,-0.007567031100635502,-0.017676764070409967,0.00027416869977936464
2013-05-17,79.18138885498047,19214000,12.449999809265137,0.013677104592511702,0.0030849291852952376,0.00023984819635125554
2013-05-20,79.53022766113281,14472000,13.020000457763672,-0.0032084859655324705,-0.007175984541973435,-0.00030826497066482883
2013-05-21,78.4837646484375,17184000,13.369999885559082,-0.0001918407631892327,-0.0072279210078380896,-0.0028441277969963874
2013-05-22,78.13497924804688,31200000,13.819999694824219,-0.015798570840659942,-0.017680401362616283,-0.0025085894593361857
2013-05-23,75.34442901611328,46370000,14.069999694824219,0.00028162749488247485,-0.007411441422497167,0.029041940248019094
2013-05-24,76.390869140625,26614000,13.989999771118164,-0.0005414185165132368,0.0058668385987781235,-0.02725145833624676
2013-05-27,78.13497924804688,19085000,13.989999771118164,-0.0005414185165132368,0.0058668385987781235,0.00877619322198031
2013-05-28,76.390869140625,21209000,14.479999542236328,0.009620807023632105,0.010073985988433565,-0.005254042224172362
2013-05-29,77.43733215332031,16736000,14.829999923706055,0.002897381844104263,0.009973866373643281,0.00943168441252551
2013-05-30,76.73969268798828,36088000,14.529999732971191,0.015279556592901145,-0.01403338843484192,-0.00682924407764085
2013-05-31,76.390869140625,37162000,16.299999237060547,-0.012225171010493807,-0.016341407668512664,-0.0010263311457540114
2013-06-03,74.99559020996094,35739000,16.280000686645508,0.004459800516642742,0.0026794557786606887,-0.0004109803605993889
2013-06-04,76.04207611083984,27446000,16.270000457763672,0.0036752442680185737,0.01229290465679811,-0.0010277426476997809
2013-06-05,76.390869140625,23334000,17.5,-0.015155050221422828,-0.01478346837071165,-3.4275889776558266e-05
2013-06-06,74.99559020996094,31641000,16.6299991607666,-0.0013540047523966647,-0.0032154623908521307,-0.007682314408337998
2013-06-07,75.69322967529297,32987000,15.140000343322754,0.014655872046060114,0.004838969591872466,-0.005633514437186848
2013-06-10,75.69322967529297,21045000,15.4399995803833,0.005302564306376212,0.0064203846582511215,0.0
2013-06-11,75.34442901611328,34785000,17.06999969482422,-0.022237712339971405,-0.015417227235626774,0.0
2013-06-13,72.90271759033203,60275000,16.40999984741211,0.019745638678869026,-0.00490193058574695,0.007507545930236059
2013-06-14,73.94916534423828,41147000,17.149999618530273,-0.003958248286593857,-0.015325976878189262,0.0012074325732802649
2013-06-17,73.94916534423828,22921000,16.799999237060547,0.01462848275395956,0.007226551916057922,0.004341580897753827
2013-06-18,74.29795837402344,29969000,16.610000610351562,0.016344161579703753,0.01710797100275374,-0.003533712032897429
2013-06-19,73.60033416748047,21991000,16.639999389648438,-0.011561029498800002,-0.023874234833885954,0.002719933648302586
2013-06-20,72.55388641357422,29951000,20.489999771118164,-0.03116901275112638,-0.032239927212043384,0.006008763691794927
2013-06-21,72.20504760742188,38787000,18.899999618530273,0.0024580285387016954,-0.013210657747055765,0.001808918285483685
2013-06-24,70.46098327636719,53521000,20.110000610351562,-0.02018014145031366,-0.014551722397428857,0.006166587204635254
2013-06-25,70.46098327636719,32319000,18.469999313354492,0.024272001481442373,0.03543987634688861,-0.004875935477845927
2013-06-26,70.80980682373047,54819000,17.209999084472656,0.0052322822405130864,0.006274756445125096,3.400764523009414e-05
2013-06-27,72.90271759033203,45541000,16.860000610351562,0.003893053980399852,0.01644003193155208,0.0009867722546510471
2013-06-28,77.43733215332031,74198000,16.860000610351562,0.003620864885731434,0.021751448175282295,-0.007206223484149343
2013-07-01,75.34442901611328,51539000,16.3700008392334,-0.0014943144128211072,0.007096082586976582,0.009175870247791318
2013-07-02,76.73969268798828,44320000,16.440000534057617,0.0009620543452071306,0.0027100263091424104,-0.00960138905453034
2013-07-03,76.73937225341797,44593000,16.200000762939453,0.0034601972372394485,0.006778408138922609,0.005172683594233618
2013-07-04,76.73937225341797,24252000,16.200000762939453,0.0034601972372394485,0.006778408138922609,-0.006202539322367695
2013-07-05,78.17375946044922,28230000,14.890000343322754,0.0134525489323849,0.004966837146328951,0.010390638561840415
2013-07-08,75.30498504638672,32729000,14.779999732971191,-0.020204980290356667,-0.0334979084668946,-0.0034618920633868733
2013-07-09,76.02218627929688,34261000,14.350000381469727,0.010525195417169009,0.013636298340703235,-0.002418062348903627
2013-07-10,76.02218627929688,22045000,14.210000038146973,0.011221672225508295,0.0,0.007271835758732914
2013-07-11,78.53234100341797,55975000,14.010000228881836,0.020683837002463346,0.03923766025876385,-0.02142082347114571
2013-07-12,78.89094543457031,31046000,13.84000015258789,0.0062684721478802885,-0.005393923900876674,0.005403163574767111
2013-07-15,78.53234100341797,33099000,13.789999961853027,-0.0005718812680991503,-0.0021689862809415317,0.0017569448569396684
2013-07-16,77.4565658569336,35863000,14.420000076293945,0.003535468975540912,0.0016301333680761587,0.028921200508652545
2013-07-17,78.17375946044922,36386000,13.779999732971191,0.0010589113677699213,0.001085437068070405,-0.0016710974910779663
2013-07-18,75.66357421875,43963000,13.770000457763672,-0.00886933046636873,-0.08888888573327758,0.0006695195799517606
2013-07-19,70.4281005859375,117410000,12.539999961853027,-0.0021550588857971453,-0.019036380315833656,0.004014748801733248
2013-07-22,69.56747436523438,86924000,12.289999961853027,-0.002098071668506174,0.007883512949550697,-0.00199931574424439
2013-07-23,71.71903991699219,85529000,12.65999984741211,-0.0033597957401196865,0.007220144331949507,-0.001669487249931989
2013-07-24,73.1534194946289,58261000,13.180000305175781,-0.018261885284779678,0.016726576692724038,0.000334455819713142
2013-07-25,73.51200866699219,36398000,12.970000267028809,0.005708970993996587,0.009400712650061926,0.0003343439964176298
2013-07-26,73.51200866699219,31781000,12.720000267028809,-0.008965225877704763,-0.016298034003183637,0.0010026967436165268
2013-07-29,71.71903991699219,38265000,13.390000343322754,-0.006657917502945865,-0.011834174132028363,-0.00046744369309559275
2013-07-30,73.1534194946289,33818000,13.390000343322754,0.011958199677830628,0.016167420515621034,0.0003006036411652424
2013-07-31,73.51200866699219,36945000,13.449999809265137,0.004604811830083877,0.0005895266048099312,0.0012356205211223603
2013-08-01,72.07763671875,27849000,12.9399995803833,0.018460394630904098,0.015900742618923047,0.004235838165586481
2013-08-02,72.07763671875,27947000,11.979999542236328,-0.006617347267394269,-0.026086848884350644,3.325776535567648e-05
2013-08-05,72.07763671875,23349000,11.84000015258789,-0.0025652493314770597,0.0011905161988723378,9.964328590483795e-05
2013-08-06,70.8583984375,42742000,12.720000267028809,-0.0071763841779015625,-0.013674266977685368,-0.005678658034309225
2013-08-07,69.56747436523438,45468000,12.979999542236328,-0.009526192087335295,-0.025316517666083893,0.0015029081939232913
2013-08-08,69.13715362548828,55550000,12.729999542236328,0.0004007475815468453,0.00309216914584054,0.0008670749653474363
2013-08-09,69.13715362548828,47046000,13.40999984741211,-0.005376205026447312,-0.0006164628118182636,-0.0023323124541163587
2013-08-12,68.85028076171875,33389000,12.8100004196167,0.00394265158779894,-0.009870297288783525,-0.00010019902213909138
2013-08-13,69.71092224121094,34361000,12.3100004196167,0.011507141301504209,0.013707215707271292,0.0007347815209901576
2013-08-14,69.42404174804688,41618000,13.039999961853027,-0.016135451746401408,-0.01290730036618859,0.0008010202233574848
2013-08-15,68.85028076171875,42647000,14.729999542236328,-0.022276912805152316,-0.003736033716066789,0.0009670955964200534
2013-08-16,69.20886993408203,37509000,14.369999885559082,0.0035153092831805566,-0.001874653573484153,3.336192079261835e-05
2013-08-19,68.49166870117188,49081000,15.100000381469727,-0.00685461006082333,-0.010018954001909441,-0.0007995791327575219
2013-08-20,67.70274353027344,41635000,14.90999984741211,0.005530227046285363,0.001264732949864511,0.0007335075588672524
2013-08-22,67.77449035644531,60185000,14.760000228881836,0.011558650049240837,0.01968270365199798,0.0
2013-08-23,69.56747436523438,44276000,13.979999542236328,-2.1514883331796852e-05,0.009962484684692408,0.0013967348626797715
2013-08-26,69.42404174804688,18663000,14.989999771118164,-0.0019403947269900357,0.00246625506150866,-0.002490663416809369
2013-08-27,68.56340789794922,22435000,16.770000457763672,-0.025295994195516203,-0.01722010481718861,-0.0011319504606256414
2013-08-28,69.42404174804688,34586000,16.489999771118164,0.01148029363590708,0.017521832611345323,0.0013331669444018868
2013-08-29,70.78668212890625,36841000,16.809999465942383,0.011897702626040285,0.02521537215644787,-0.026428743388433484
2013-08-30,72.07763671875,37275000,17.010000228881836,-0.008921214005124467,-0.006598743478915869,0.025539325329803297
2013-09-02,73.1534194946289,30751000,17.010000228881836,-0.008921214005124467,-0.006598743478915869,-0.023536450445593826
2013-09-03,73.1534194946289,31074000,16.610000610351562,0.00860826378921753,0.020531296926364906,0.020279953707888154
2013-09-04,72.07763671875,25183000,15.880000114440918,0.02582094821055314,-0.002366943344898065,0.0008365552763776041
2013-09-05,72.7948226928711,30002000,15.770000457763672,0.00734861686854682,0.0189799285823673,-0.0015714629170591188
2013-09-06,73.1534194946289,24631000,15.850000381469727,-0.004066749972027939,-0.00989517774308235,0.00328174852174401
2013-09-09,73.87061309814453,32515000,15.630000114440918,0.013302477884712394,0.01704859584509788,-0.03698263803385704
2013-09-10,74.94640350341797,37304000,14.529999732971191,0.01917240706931156,0.010404671986067315,-0.00277276880960009
2013-09-11,74.94640350341797,40290000,13.819999694824219,-0.0032813316449407104,-0.0022881816948012723,0.0042402246391635146
2013-09-12,74.22917938232422,32814000,14.289999961853027,-0.0060935934366490585,-0.00917431881771924,-0.002768738360859113
2013-09-13,73.51200866699219,22273000,14.15999984741211,0.004464497055166161,0.002893463855581535,0.004268796493030802
2013-09-16,75.66357421875,40590000,14.380000114440918,0.0043422056602064885,0.01673409539054216,-0.005667469189566954
2013-09-17,75.66357421875,25402000,14.529999732971191,0.006220021933322606,0.0034052609173469417,0.00382298336152731
2013-09-18,73.87061309814453,28113000,13.59000015258789,0.008654275606144068,-0.003959556508924766,0.00041550523971123354
2013-09-23,75.66357421875,51403000,14.3100004196167,-0.00377164224796267,0.019641802931751773,0.0025035152210846068
2013-09-24,75.30498504638672,28633000,14.079999923706055,0.007001979241537448,-0.005099172764907345,0.0015261567952944421
2013-09-25,73.87061309814453,31708000,14.010000228881836,0.000444689458528158,-0.013667586383260821,0.0007618825673025853
2013-09-26,72.7948226928711,23012000,14.0600004196167,-0.0004849393798028734,0.0,-0.0029414501975202345
2013-09-27,73.87061309814453,26146000,15.460000038146973,-0.007883394238740626,-0.014434061972030454,0.0014577195784448715
2013-09-30,72.07763671875,45308000,16.600000381469727,4.0726582122063704e-05,-0.0064440402738128455,-0.002218034789711054
2013-10-01,72.7948226928711,22557000,15.539999961853027,0.010064589728726592,0.027122548695128312,-0.000555774476270865
2013-10-02,73.87061309814453,14186000,16.600000381469727,-0.0013513986828633806,0.0028702855621680623,0.001285905884204297
2013-10-03,75.30498504638672,50622000,17.670000076293945,-0.0026257691264803817,0.013165344808309998,-0.006907129449327032
2013-10-04,74.58779907226562,19872000,16.739999771118164,0.00793846400291498,-0.0011296115876848756,-0.0009436749513096476
2013-10-07,73.87061309814453,20847000,19.40999984741211,-0.005284105272768125,-0.0033937044681564554,0.0031835407918396896
2013-10-08,75.30498504638672,21082000,20.34000015258789,-0.016704011543040242,-0.009080819689267217,0.0031835407918396896
2013-10-09,75.30498504638672,22183000,19.600000381469727,-0.003512637005318009,-0.011454689438395782,-0.0030338921531255503
2013-10-11,76.3807601928711,56367000,15.720000267028809,0.001812749509686018,0.02376901055273617,-0.0004188112828504842
2013-10-14,75.30498504638672,18568000,16.06999969482422,0.00723793893637481,-0.004422119941141722,-0.0012219337304384403
2013-10-15,76.73937225341797,21383000,18.65999984741211,-0.008942494486971375,0.007773574371309211,0.0010486817272625792
2013-10-16,76.02218627929688,18482000,14.710000038146973,0.010231594304663805,0.007162557260798064,-0.0033871122430494394
2013-10-17,76.73937225341797,28095000,13.479999542236328,0.00699790633516284,0.020240659526979288,0.005816207003292773
2013-10-18,78.89094543457031,58487000,13.039999961853027,0.0026728030911395972,0.02305608777845003,-0.004807206770486183
2013-10-21,78.89094543457031,40443000,13.15999984741211,0.0031593201480972777,-0.005240923182422308,0.0039552998507716985
2013-10-22,79.96672058105469,38261000,13.329999923706055,-0.0018109074329980546,0.00948329428835848,0.0
2013-10-23,79.60813903808594,21861000,13.420000076293945,-0.03354237641861124,-0.02296432940530413,-0.009204377179698797
2013-10-24,78.89094543457031,21193000,13.199999809265137,0.008243065160208785,-0.002136684103354325,0.006861904680085074
2013-10-25,76.73937225341797,36027000,13.09000015258789,0.004350893297662806,-0.011241786632424144,0.0020270036509129064
2013-10-28,78.53234100341797,21177000,13.3100004196167,0.006427569050710735,0.007579615968677622,-0.0003138666596238515
2013-10-29,78.53234100341797,21491000,13.40999984741211,0.015115454680091123,0.008597747099264197,0.0019188610902285408
2013-10-30,78.89094543457031,16582000,13.649999618530273,-0.005344789221728985,-0.010122595192712969,0.00041790709311606555
2013-10-31,78.53234100341797,22472000,13.75,0.0054726267307319,-0.009149647650364412,3.4788912959271556e-05
2013-11-01,78.53234100341797,10837000,13.279999732971191,-0.0033327465609874762,0.0032592075423714117,0.002192820269599327
2013-11-04,78.17375946044922,9601000,12.930000305175781,-0.0014246165995217552,-0.007038675836430586,-0.0025700485114293903
2013-11-05,76.3807601928711,20304000,13.270000457763672,-0.003071228928158587,-0.014176639975543304,-0.0021239916751162324
2013-11-06,76.73937225341797,16437000,12.670000076293945,0.0035378505794172455,0.01050891303516166,0.0012212940978684195
2013-11-07,76.73937225341797,15925000,13.90999984741211,-0.019231133042822757,-0.007662877280532832,-0.0006622174939754366
2013-11-08,76.02218627929688,30518000,12.899999618530273,0.011672048943489166,-0.006618797126613729,0.007532942905792428
2013-11-11,74.94640350341797,21451000,12.529999732971191,-0.001157764934975769,-0.015547003270859783,-0.0015922301124734473
2013-11-12,75.30498504638672,31600000,12.819999694824219,0.006414851107576558,0.004512204141274179,-0.0017334363229302152
2013-11-13,73.87061309814453,26650000,12.520000457763672,0.008717092146957484,-0.011229802250682486,-0.002257433237665585
2013-11-14,74.22917938232422,29904000,12.369999885559082,-0.00513776644008368,-0.0062462150434786645,-0.0015315752539292182
2013-11-15,74.58779907226562,19182000,12.1899995803833,0.007024253922860435,0.009142414510968644,0.005298951719576062
2013-11-18,74.58779907226562,25261000,13.100000381469727,-0.009274180056708214,0.002265156621594322,-0.0033290797150293816
2013-11-19,75.30498504638672,34470000,13.390000343322754,-0.012573869189127063,-0.007344288560068302,0.025364465790728152
2013-11-20,73.87061309814453,45380000,13.399999618530273,-0.004519161199352806,-0.001138341948437649,0.0
2013-11-21,72.43622589111328,56509000,12.65999984741211,0.01735166559488066,-0.030199544353299523,0.002714622516797993
2013-11-22,71.71903991699219,56921000,12.260000228881836,0.0007535734822508022,0.006462662838445654,0.0
2013-11-25,72.43622589111328,30887000,12.789999961853027,-0.0011889887306124614,0.002335469643138799,-0.025955949604685058
2013-11-26,74.22917938232422,44922000,12.8100004196167,0.00855141262094783,0.016889727041118574,0.028384789930567367
2013-11-27,75.30498504638672,21779000,12.979999542236328,0.0033246821235748403,0.006872858679305205,0.0016891633924385197
2013-11-28,75.30498504638672,22729000,12.979999542236328,0.0033246821235748403,0.006872858679305205,0.0
2013-11-29,75.30498504638672,34425000,13.699999809265137,0.00047055985133570566,0.008532487041844616,-0.02532881822414068
2013-12-02,74.94640350341797,18860000,14.229999542236328,-0.001665862035307497,-0.018612481895511457,-3.458426512292778e-05
2013-12-03,74.58779907226562,21820000,14.550000190734863,0.003533604892254294,0.007471364662372526,0.024292326350788374
2013-12-04,75.30498504638672,23415000,14.699999809265137,-0.004753566383670638,0.0005703202985154476,-0.002027008958416898
2013-12-05,74.58779907226562,25185000,15.079999923706055,0.0023193647794497174,-0.007981725499205172,0.0008462971481200121
2013-12-06,73.87061309814453,25116000,13.789999961853027,0.011138332267507156,0.012643801560434209,0.0028749901213342977
2013-12-09,75.30498504638672,23911000,13.489999771118164,0.0022884484312533093,-0.0028376306943497243,-0.02839794484951208
2013-12-10,74.58779907226562,22217000,13.90999984741211,-0.002844315531953967,-0.01138312125489005,0.02679808886425028
2013-12-11,75.30498504638672,24563000,15.420000076293945,-0.010032237276970446,0.006332592598961018,0.000338073999581745
2013-12-12,73.87061309814453,18272000,15.539999961853027,-0.008487400231054765,-0.02059483431347764,-0.00033795974417938357
2013-12-13,73.51200866699219,28244000,15.760000228881836,-0.0006326255862239005,-0.00233667993728659,0.00067614799916349
2013-12-16,73.1534194946289,18669000,16.030000686645508,0.013115278415254394,0.0017567296435645474,-0.0253378375112967
2013-12-17,74.22917938232422,26199000,16.209999084472656,0.009821278965032487,-0.0017536489564582425,0.027036352477758152
2013-12-18,72.43622589111328,55359000,13.800000190734863,0.00752158765522104,-0.0046835386340934315,-0.00033743914331396674
2013-12-19,73.51200866699219,27684000,14.149999618530273,-0.006313888692689007,0.0029411977746485185,0.002025640251262617
2013-12-20,73.1534194946289,37568000,13.789999961853027,0.008323993423320353,-0.003519102364981541,0.004380025587261693
2013-12-23,74.58779907226562,28261000,13.039999961853027,0.008734121174576837,0.008828401388710327,-0.020697708270349557
2013-12-24,73.87061309814453,13997000,12.479999542236328,0.0032278573873918415,0.0029174806870619907,0.02593087208945266
2013-12-25,73.87061309814453,9762000,12.479999542236328,0.0032278573873918415,0.0029174806870619907,0.0
2013-12-26,74.58779907226562,6738000,12.329999923706055,0.0028012521478115726,-0.0005818292330057595,0.0
2013-12-27,74.94640350341797,24086000,12.460000038146973,0.00024537092769216784,0.0046565048938709275,-0.022637775844318586
2013-12-30,76.02218627929688,44182000,13.5600004196167,0.003037937362840415,0.01853991711041436,0.00785738776375089
2013-12-31,75.66357421875,24400000,13.720000267028809,0.006509061694569773,-0.007963416124445954,0.016880183636123203
2014-01-02,74.94640350341797,15071000,14.229999542236328,-0.01360676765459734,-0.01662847163540082,-0.02119229309430881
2014-01-03,73.51200866699219,38599000,13.760000228881836,-0.002027489008467498,-0.011661740327261083,0.025940177811966558
2014-01-06,73.51200866699219,23706000,13.550000190734863,-0.005525125664537223,-0.00294995122185715,-0.019531760576583235
2014-01-07,73.1534194946289,15836000,12.920000076293945,0.006987748454573062,0.0005915808098069242,0.02486696997994864
2014-01-08,74.58779907226562,30218000,12.869999885559082,0.015793597644274238,0.010644560368354261,0.0018305976047967576
2014-01-09,72.43622589111328,63998000,12.890000343322754,-0.007970022871094828,-0.01930934582118471,0.0
2014-01-10,73.1534194946289,33266000,12.140000343322754,0.00415816292547988,0.008353189405631012,-0.0006644670269169151
2014-01-13,73.87061309814453,19545000,13.279999732971191,-0.011317292344668273,0.0005915808098069242,-0.030352397244921114
2014-01-14,74.22917938232422,21639000,12.279999732971191,0.022647183442428886,0.0277944440239688,0.02794255628532416
2014-01-15,75.30498504638672,54299000,12.279999732971191,0.008524743325675876,0.01035662623286715,0.0
2014-01-16,76.73937225341797,49437000,12.529999732971191,-0.005806644589588794,0.033599246959347795,0.004269236805453769
2014-01-17,77.09795379638672,53446000,12.4399995803833,-0.005378381314454006,-0.0209365448338813,-0.001328492684041671
2014-01-20,77.09795379638672,24245000,12.4399995803833,-0.005378381314454006,-0.0209365448338813,-0.019288324894991216
2014-01-21,76.3807601928711,24568000,12.869999885559082,0.006243701007362379,-0.004502193338437599,-0.003865728088144005
2014-01-22,77.09795379638672,28698000,12.84000015258789,0.011024876644736947,0.015263002113507396,0.028730932681551913
2014-01-23,77.09795379638672,27910000,13.770000457763672,-0.010922937857339998,-0.014476952425076628,0.0003309142656868769
2014-01-24,77.4565658569336,33999000,18.139999389648438,-0.02326908310989051,-0.007344288560068302,-0.0009923512984166827
2014-01-27,75.30498504638672,64827000,17.420000076293945,-0.006844514014116454,-0.023904509900846138,-0.018807972818135288
2014-02-05,72.07763671875,145517000,19.950000762939453,0.00023149884433082413,-0.01672642018454662,-0.0016479642982559772
2014-02-06,73.1534194946289,71895000,17.229999542236328,0.01583528254746125,0.03219956164435889,0.0019808340749050135
2014-02-07,74.58779907226562,54104000,15.289999961853027,0.016404987807917992,0.010005835124426543,-0.0024711947939626278
2014-02-10,73.87061309814453,26221000,15.260000228881836,0.005099812223199107,0.005827395768007948,-0.028538408961886308
2014-02-11,74.94640350341797,21030000,14.510000228881836,0.012675651629500573,0.00753196702965675,0.030906817803615816
2014-02-12,75.30498504638672,22692000,14.300000190734863,0.008479233640559025,-0.000574987075408484,0.0
2014-02-13,75.30498504638672,19561000,14.140000343322754,0.011902233557118613,0.004027601992485641,-0.0029683427933296924
2014-02-14,77.09795379638672,42658000,13.569999694824219,0.0055752949121345985,0.02521476802890854,0.00281180923282931
2014-02-17,77.81513977050781,33403000,13.569999694824219,0.0055752949121345985,0.02521476802890854,-0.024839196639744432
2014-02-18,77.4565658569336,22196000,13.869999885559082,0.002378768603267245,-0.005589683121927758,-0.0009809663873842078
2014-02-19,77.4565658569336,26867000,15.5,-0.0007672275250525384,-0.0016863236289278438,0.02529372961336751
2014-02-20,76.3807601928711,28429000,14.789999961853027,0.007213988583346209,-0.003941426199420284,0.0
2014-02-21,77.09795379638672,31448000,14.680000305175781,-0.005052610712110384,0.0028263282843208337,0.0009907126359514073
2014-02-24,76.73937225341797,32033000,14.229999542236328,0.003848778638946948,-0.0028183626662019456,-0.02530518679903282
2014-02-25,77.4565658569336,31499000,13.670000076293945,-0.005023372054550168,-0.003956948459996501,0.02731615387396502
2014-02-26,77.09795379638672,34908000,14.350000381469727,0.006689977783916445,0.011918227346201293,-0.00032949682886795895
2014-02-27,77.4565658569336,48583000,14.039999961853027,-0.00012406267512221625,0.010095315791693205,-0.0016479642982559772
2014-03-03,77.4565658569336,51435000,16.0,-0.006384968008044334,-0.0022137603579945875,-0.02570018704585386
2014-03-04,77.09795379638672,47911000,14.100000381469727,0.01767135776235862,0.0005549404485252207,0.024349043900367295
2014-03-05,78.89094543457031,54846000,13.890000343322754,0.002052133548727575,0.019400742574563035,0.0013205350600766774
2014-03-06,81.04251098632812,69737000,14.210000038146973,0.006511520773267332,0.02610159953556135,-0.000989142325122816
2014-03-07,82.1182632446289,65651000,14.109999656677246,-0.0010956225199360015,-0.005299386124531735,0.0
2014-03-10,81.04251098632812,37846000,14.199999809265137,-0.0020370199959492963,0.01012245561114078,-0.02475247587078022
2014-03-11,81.75969696044922,28415000,14.800000190734863,-0.005477746369216163,-0.010021018298238427,0.02504235863189841
2014-03-12,81.04251098632812,18376000,14.470000267028809,0.00848997627564585,0.03516234279014774,0.0
2014-03-13,83.55268096923828,56987000,16.219999313354492,-0.017011007709653914,-0.00823476284697433,0.0011554917911595908
2014-03-14,82.47689056396484,44655000,17.81999969482422,-0.00470685867349574,-0.01920052469632849,-0.0004946841424453563
2014-03-17,81.75969696044922,33845000,15.640000343322754,0.012480478905933179,0.011110719120385859,-0.02451336336552712
2014-03-18,82.1182632446289,37464000,14.520000457763672,0.013503077157868804,0.003663127202054417,0.024960289641929645
2014-03-19,82.1182632446289,32171000,15.119999885559082,-0.0008662658706579673,-0.015641203918718816,0.004124731850890351
2014-03-20,80.32533264160156,45292000,14.520000457763672,0.018970334833432023,-0.001588897533385758,0.0
2014-03-21,80.68390655517578,60088000,15.0,-0.008661958737937181,-0.01697634730728259,0.006736770346702503
2014-03-24,80.68390655517578,28463000,15.09000015258789,-0.0046177130203414185,0.005936165769526935,-0.025820152123426587
2014-03-25,81.40108489990234,38029000,14.020000457763672,0.007726207971948673,0.025751310939860383,0.023991408878374365
2014-03-26,82.83548736572266,43314000,14.930000305175781,-0.01110672059377904,-0.001569158845080465,-0.0019633333439436074
2014-03-27,83.1940689086914,30745000,14.619999885559082,-0.007822267965491014,0.01728636505712866,0.0
2014-03-28,84.26985931396484,43654000,14.40999984741211,0.007255935762553456,0.011328641082472668,-0.00032787635678155347
2014-03-31,84.9870376586914,46921000,13.880000114440918,0.016035204818890092,0.019348588343503836,-0.02581176326781809
2014-04-01,85.7042465209961,40015000,13.100000381469727,0.01562869936050082,0.014985057997061624,0.02649566305009099
2014-04-02,86.06285095214844,43151000,13.09000015258789,-0.0016277134916984348,-0.013779536442327323,-0.00655949022932667
2014-04-03,84.9870376586914,36937000,13.369999885559082,0.0016640169266017857,-0.004990055905909396,-0.020534883761933687
2014-04-07,84.26985931396484,45015000,15.569999694824219,-0.009116230036116946,-0.0015172367182152424,-0.02377811110885042
2014-04-08,85.34564971923828,39873000,14.890000343322754,0.012667526043181665,0.012157797737502696,0.023342373021778995
2014-04-09,85.34564971923828,28578000,13.819999694824219,0.011252930434224595,0.008508532988448003,-0.004628078996642526
2014-04-10,85.7042465209961,25612000,15.890000343322754,-0.03159658887692063,-0.016377137629508542,-0.003985414706107471
2014-04-11,86.06285095214844,34449000,17.030000686645508,-0.015479218449763965,0.0035319709830992085,-0.02267423509054689
2014-04-14,86.42142486572266,30297000,16.110000610351562,0.008352058484996316,0.018602210633925642,0.004674208123301105
2014-04-15,87.85581970214844,28525000,15.609999656677246,0.007043963631681249,0.0123394175533178,0.024212970138889123
2014-04-16,86.78003692626953,49971000,14.180000305175781,-0.0019331732617531294,-0.01755236668321747,0.0019893722230084343
2014-04-17,86.06285095214844,35783000,13.359999656677246,0.01850668828780644,0.028287883649920076,-0.00297816527573902
2014-04-18,88.21440887451172,32741000,13.359999656677246,0.01850668828780644,0.028287883649920076,0.0006638054537257965
2014-04-21,87.13861846923828,21736000,13.25,0.008765421689836295,-0.0077216352209846795,-0.021326688463792265
2014-04-22,87.13861846923828,22674000,13.1899995803833,0.009649011227925053,0.0,0.023147069010119203
2014-04-23,86.78003692626953,31054000,13.270000457763672,-0.0011542711763329327,-0.0072960899222439535,0.0
2014-04-24,86.78003692626953,24389000,13.319999694824219,0.005455231739733835,0.0073497140971998665,0.0
2014-04-25,84.9870376586914,49361000,14.0600004196167,-0.03287474093277609,-0.0316149454647352,0.003146714530439354
2014-04-28,85.34564971923828,28017000,13.970000267028809,-0.006361548843751841,0.01958794603726899,-0.023807187552233988
2014-04-29,86.42142486572266,21769000,13.710000038146973,0.0078093440097355415,-0.009852096270260735,0.024387792297444255
2014-04-30,84.9870376586914,43654000,13.40999984741211,0.005200754846574229,0.0,-0.027571374894492795
2014-05-02,84.62845611572266,42629000,12.90999984741211,0.00284042261948958,-0.00758697871906211,0.0
2014-05-05,83.9112777709961,28604000,13.289999961853027,0.0007819635695973659,0.002038536975156102,0.0006633651083491898
2014-05-06,84.62845611572266,27491000,13.800000190734863,-0.004271316390992541,0.017294245579339895,-0.026649017317170287
2014-05-07,84.9870376586914,33234000,13.399999618530273,0.0008893244454812876,0.016499829605270522,0.025335469872159067
2014-05-08,85.7042465209961,27052000,13.430000305175781,0.0066900589222831375,0.008853691656418139,0.0
2014-05-09,86.06285095214844,22485000,12.920000076293945,-0.0032190200088368925,-0.004875579348687098,0.0
2014-05-12,84.9870376586914,35472000,12.229999542236328,0.018247496050522782,0.008819823792221904,0.0
2014-05-13,86.42142486572266,24007000,12.130000114440918,-0.007843363352762589,0.0024279344927216062,0.0029890451930760786
2014-05-14,87.4972152709961,32763000,12.170000076293945,-0.008730351700032779,-0.00290726437827149,0.0
2014-05-15,87.4972152709961,16779000,13.170000076293945,-0.011789160778223673,0.003887463986869122,-0.00033113339831791766
2014-05-16,87.4972152709961,28390000,12.4399995803833,0.010543876781798245,0.0053243499353097246,0.0
2014-05-19,86.78003692626953,18373000,12.420000076293945,0.010485890739644121,-0.005296151372094382,-0.025737012702916395
2014-05-20,86.78003692626953,25192000,12.960000038146973,-0.005961636931361425,-0.007260586704406102,0.02437694391430112
2014-05-21,86.42142486572266,24178000,11.90999984741211,0.005582599421591228,-0.00048732800291451106,0.0006638054537257965
2014-05-22,87.4972152709961,26290000,12.029999732971191,0.004279730917006619,0.0068293052618233485,0.0002653840005268915
2014-05-23,87.4972152709961,31726000,11.359999656677246,0.009601207374233756,0.0009688977230268847,-0.0010942683536605546
2014-05-26,88.21440887451172,19792000,11.359999656677246,0.009601207374233756,0.0009688977230268847,-0.001493778466189033
2014-05-27,88.572998046875,18012000,11.510000228881836,0.01215447148162685,0.011132743211330176,-0.02353724018953518
2014-05-28,88.9316177368164,36670000,11.680000305175781,0.0009713204898635919,-0.0014359536995701694,0.0020087163209807635
2014-05-29,87.4972152709961,43028000,11.569999694824219,0.0021752315472707284,-0.007670374656006507,0.02239136971883937
2014-05-30,85.7042465209961,69042000,11.399999618530273,0.001051831273709336,-0.006763068453183085,-0.00382186010418728
2014-06-03,87.85581970214844,37556000,11.869999885559082,0.009272718418302128,0.02807343585490485,0.0016327275632312954
2014-06-04,88.572998046875,33407000,12.079999923706055,0.004454122915173775,-0.006591127335702884,0.00016636953440074542
2014-06-05,88.21440887451172,19524000,11.680000305175781,0.005170620592318764,0.004739557170733821,-0.000631997563364517
2014-06-06,87.85581970214844,19230000,10.729999542236328,0.004802233868878902,-0.0051888517359178765,-0.028123521488968573
2014-06-09,88.21440887451172,19684000,11.149999618530273,0.0019279099901274854,0.005689717885597911,0.002534139391317858
2014-06-10,89.29020690917969,25050000,10.989999771118164,0.0029429003897449846,0.004242868180619475,0.024423575129111752
2014-06-11,89.64879608154297,27770000,11.600000381469727,0.0051913240454461995,-0.00798093858947313,-3.3326131751332255e-05
2014-06-12,88.572998046875,22138000,12.5600004196167,-0.0034163164007464664,-0.0009464914596303275,0.0010337169294696302
2014-06-13,88.21440887451172,17160000,12.180000305175781,0.009881733145072458,-0.0009471399358764732,-0.0010326494622382443
2014-06-16,88.9316177368164,13550000,12.649999618530273,0.005482163054300493,0.005689717885597911,3.332724241933427e-05
2014-06-17,89.64879608154297,19795000,12.0600004196167,0.007243287491909056,0.0023577048477658735,0.0006669042319544793
2014-06-18,90.00739288330078,37238000,10.609999656677246,-0.0036191782737510225,0.004233134746542966,0.0009996896506729858
2014-06-19,90.36598205566406,17873000,10.619999885559082,0.0012317881343686388,0.015924609362656605,-0.0016644854489114014
2014-06-20,89.29020690917969,30094000,10.850000381469727,0.002271368948182806,-0.02489584078837581,-0.0006669042319544793
2014-06-23,88.21440887451172,25096000,10.979999542236328,-0.0036038810376342045,-0.014184561889879266,-0.023623630274492102
2014-06-24,88.21440887451172,33225000,12.130000114440918,-0.0073128817890560915,-0.003356987199644612,-0.0008201169165246158
2014-06-25,88.572998046875,30757000,11.59000015258789,0.0037708752858989225,0.012030379771093891,0.02435186647542298
2014-06-26,89.29020690917969,30279000,11.630000114440918,-0.004105387544752981,-0.0004750911639958,0.00016691688277981065
2014-06-27,90.00739288330078,44396000,11.260000228881836,0.0015757149490855937,0.01236902296839859,-0.001669144957031965
2014-06-30,90.72457885742188,33280000,11.569999694824219,0.010583649209114254,0.005169284160671417,-0.0015047676061095139
2014-07-01,91.80035400390625,32922000,11.149999618530273,0.013806597263845921,0.02711509180650218,0.0001674199820635991
2014-07-02,95.02772521972656,51457000,10.819999694824219,0.0016596722367441252,0.018662261371830136,-0.02256821669319964
2014-07-03,96.46209716796875,40176000,10.319999694824219,0.007386351822132431,0.014744862015026117,-0.0016443539350639025
2014-07-04,96.8207015991211,44006000,10.319999694824219,0.007386351822132431,0.014744862015026117,0.026146966570840036
2014-07-07,97.53787994384766,32123000,11.329999923706055,-0.006840384736810479,-0.0017609364896520319,-0.025045996726924757
2014-07-08,96.46209716796875,36117000,11.979999542236328,-0.0053551479155562465,-0.004411262831175544,0.02551788577640357
2014-07-09,96.10353088378906,39145000,11.649999618530273,0.006099811435334779,-0.006646096355744313,-0.0006689116394261729
2014-07-10,96.46209716796875,47098000,12.59000015258789,-0.0047791803809958955,0.023639699175932227,-0.026171339021973106
2014-07-11,97.8965072631836,43144000,12.079999923706055,0.0006372234888281092,-0.00610019359061853,0.028455599508433904
2014-07-14,97.1631088256836,46321000,11.819999694824219,0.0034788939202774483,0.015778829227526048,0.0011360853005348837
2014-07-15,97.52975463867188,36989000,11.960000038146973,-0.0026001248815655797,-0.008384762826164405,-0.0006675083787103242
2014-07-16,95.69650268554688,39065000,11.0,0.011358710347724399,-0.06853576408895867,0.0
2014-07-17,91.29666900634766,136198000,14.539999961853027,-0.02522401220553272,-0.03487783045177051,0.0010019632184958827
2014-07-18,90.56333923339844,95711000,12.0600004196167,0.012780952942732737,0.0138612065449919,0.0020020478700604194
2014-07-21,90.56333923339844,56612000,12.8100004196167,0.0024555779619679363,-0.0024417414490255362,-0.026540155404132126
2014-07-22,91.29666900634766,53220000,12.239999771118164,0.0067129018070386515,0.013705478297093565,0.025211217347509862
2014-07-23,91.29666900634766,0,11.520000457763672,-0.022945967412197676,-0.0014487871078485703,-0.022722715097157953
2014-07-24,91.66331481933594,65602000,11.84000015258789,-0.00838522692388688,0.01015517079666206,0.022124371844488566
2014-07-25,90.19669342041016,31299000,12.6899995803833,-0.019836886449366875,-0.025849901160627464,0.0002672084742165737
2014-07-28,89.09674072265625,43425000,12.5600004196167,-0.001054122092478904,0.0009828605661950096,0.0005008979729939078
2014-07-29,90.93002319335938,37994000,13.279999732971191,-0.0025487131886667846,0.008345671493061646,0.0
2014-07-30,91.29666900634766,32381000,13.329999923706055,0.01004179969028951,0.008763419727137567,-0.0003337223577681847
2014-07-31,88.73008728027344,44748000,16.950000762939453,-0.02102801854068337,-0.03474928111907616,0.0014357017189572385
2014-08-01,87.99679565429688,52455000,17.030000686645508,0.003637596933685261,0.01000047914772173,0.002200512942154953
2014-08-04,90.56333923339844,39633000,15.119999885559082,0.004149121328391514,0.01534619085098976,-0.002295493665976811
2014-08-05,87.630126953125,61184000,16.8700008392334,-0.011399795389821499,-0.03461742095263609,-6.665226350255349e-05
2014-08-06,88.3634262084961,34561000,16.3700008392334,0.003964950890853469,0.012121236826462267,-0.024042972204725843
2014-08-07,89.09674072265625,29493000,16.65999984741211,-0.013707223492553378,-0.006486460983869735,0.02501111647899812
2014-08-08,88.3634262084961,35075000,15.770000457763672,0.011428435266666481,-0.006027549012725286,0.0
2014-08-11,88.3634262084961,42890000,14.229999542236328,0.00955089528568509,0.013137967693432895,-0.0003000359356454263
2014-08-12,89.09674072265625,32237000,14.130000114440918,-0.001143773381085511,-0.0029923804872076243,0.0
2014-08-13,89.83004760742188,39756000,12.899999618530273,0.009209587148072185,0.01700857084206353,0.001000356347931719
2014-08-14,90.93002319335938,32907000,12.420000076293945,0.002123344732432253,0.009837705058530544,0.0
2014-08-15,90.93002319335938,19151000,13.149999618530273,0.010254530003834361,-0.003896846821520028,-0.0018321220631946078
2014-08-18,90.19669342041016,14578000,12.319999694824219,0.004594933124189016,0.0009778662918669134,-0.026230578811721528
2014-08-19,90.93002319335938,31575000,12.210000038146973,0.0063748070613127705,0.013189894500621246,0.001336562471401903
2014-08-20,92.02997589111328,28876000,11.779999732971191,0.00815561254374142,0.004821770003090364,0.0009583091770442032
2014-08-21,91.29666900634766,22562000,11.760000228881836,0.003911266145381731,-0.010556584889675702,-0.0004786958498961269
2014-08-22,92.02997589111328,42715000,11.470000267028809,0.0009544293870278331,0.010183909311451966,0.0015736017523699797
2014-08-25,91.66331481933594,20077000,11.699999809265137,-0.003861018596011956,-0.007201098622367508,-0.0021176403755961415
2014-08-26,91.29666900634766,28801000,11.630000114440918,0.00047075369630245056,0.005802751188124455,0.000958374805240414
2014-08-27,92.02997589111328,36779000,11.779999732971191,0.0015999051851307566,0.005288536664701304,-0.0017781441218324145
2014-08-28,91.66331481933594,21587000,12.050000190734863,0.0030066913386701533,0.0,-0.0024321439737235995
2014-08-29,90.93002319335938,28324000,12.09000015258789,0.007431825380882495,0.0014348073428951391,-6.870673039738318e-05
2014-09-01,94.2298812866211,36304000,12.09000015258789,0.007431825380882495,0.0014348073428951391,0.003914980681536395
2014-09-02,92.39661407470703,19182000,12.25,-0.004215374975784614,0.006685807138465671,-0.003968091628942849
2014-09-03,93.86322784423828,24561000,12.359999656677246,0.002412319615108016,0.01280815283725567,0.000995958650815254
2014-09-04,93.49657440185547,21641000,12.640000343322754,0.0025461954567245204,-0.007494240703922128,0.0
2014-09-05,93.12992858886719,20096000,12.09000015258789,0.008548627550173604,-0.00047158669030000766,0.01434156552841337
2014-09-09,93.12992858886719,22090000,13.5,-0.009210742935823801,-0.0009490313380386972,0.027566307928700295
2014-09-10,91.66331481933594,29294000,12.880000114440918,7.732183595088316e-05,-0.0009502371636884721,-0.030530498136214224
2014-09-11,91.66331481933594,22827000,12.800000190734863,0.0024747682671930615,-0.006181411148885485,0.008191325413958062
2014-09-12,90.19669342041016,19798000,13.3100004196167,-0.01272873115923101,-0.026794467962039437,0.023521015280146385
2014-09-15,90.56333923339844,19518000,14.119999885559082,-0.011955217676377528,-0.004916215164343152,-0.02751653503043383
2014-09-16,89.83004760742188,19187000,12.729999542236328,0.017208662930004115,0.011857728025306935,0.005453249613306843
2014-09-17,91.29666900634766,23504000,12.649999618530273,0.007323706319841694,0.006835850141770239,0.0009551056741801123
2014-09-18,91.66331481933594,14726000,12.029999732971191,0.014710600019012476,0.014548992177569664,0.010359898306805615
2014-09-19,91.66331481933594,30603000,12.109999656677246,-0.011896080531942577,-0.019120390976537394,-0.009410457002599903
2014-09-22,89.46338653564453,39365000,13.6899995803833,-0.012608927423188532,-0.007797305153842027,0.0049031635269785045
2014-09-23,89.83004760742188,15286000,14.930000305175781,-0.002338816647852182,-0.0009825035214137134,-0.0019313899958844916
2014-09-24,90.19669342041016,27613000,13.270000457763672,0.012002897560329684,0.012291293747761278,0.002817768361905726
2014-09-25,89.46338653564453,23213000,15.640000343322754,-0.018701906998612183,-0.023312202662301496,0.0011510341324301177
2014-09-26,88.73008728027344,23545000,14.850000381469727,0.012464266403835023,0.0014913754731102902,-0.0038548784570734407
2014-09-29,88.3634262084961,54783000,15.979999542236328,0.0013833331926060843,-0.00943383564046274,0.005872580123017057
2014-09-30,87.99679565429688,44070000,16.309999465942383,-0.008925384062095643,0.011529199861341155,0.001484902323692916
2014-10-01,89.09674072265625,42211000,16.709999084472656,-0.023681236028867958,-0.003964432980887778,-0.0034708396955003273
2014-10-02,88.73008728027344,30761000,16.15999984741211,-0.005935594670781641,0.00945254202707324,0.001284959485691184
2014-10-03,91.29666900634766,52003000,14.550000190734863,0.005583742895475474,0.026613749781766893,0.026814380600916232
2014-10-06,92.39661407470703,37186000,15.460000038146973,-0.008264899946107462,-0.0004798600250398577,-0.01657627383817195
2014-10-07,91.66331481933594,39986000,17.200000762939453,-0.019046165758996203,-0.021133515466578046,-0.017089719255954816
2014-10-08,89.83004760742188,29221000,15.109999656677246,0.022715206563524326,0.010795048901903526,0.0028240961153167543
2014-10-09,91.66331481933594,35347000,18.760000228881836,-0.027420682941659003,-0.006310750527989684,0.005157277150256823
2014-10-13,88.3634262084961,69183000,24.639999389648438,-0.0212505400643489,0.01183113320277629,-0.001412138258211515
2014-10-14,88.73008728027344,31862000,22.790000915527344,0.018563366063442777,0.02389400756428195,-0.007508467150640796
2014-10-15,89.09674072265625,43922000,25.270000457763672,0.004770747095330874,-0.0034755633931070617,0.005801181887117535
2014-10-16,89.09674072265625,45527000,25.200000762939453,0.014919716208353195,0.03238682338450172,-0.016122525273430277
2014-10-17,90.56333923339844,91597000,21.989999771118164,0.00805991761167979,0.0,0.011415844437247413
2014-10-20,92.39661407470703,38276000,18.56999969482422,0.015330344432283205,0.007239696349248481,0.029556307254641867
2014-10-21,91.66331481933594,25582000,16.079999923706055,0.03612081606450679,0.024915804908269168,0.0008230327088156741
2014-10-22,94.5965347290039,64167000,17.8700008392334,-0.013746397892141715,-0.007012807360602724,-0.023453926079573417
2014-10-23,93.49657440185547,26374000,16.530000686645508,0.014591362604537528,0.0028249698503004517,0.022871928482554482
2014-10-24,92.02997589111328,42082000,16.110000610351562,0.010583800590276526,-0.005633783163044526,-0.023249667143598107
2014-10-27,93.86322784423828,25119000,16.040000915527344,0.0035617886108325614,0.008498432776898879,-0.003101788753485324
2014-10-28,93.86322784423828,34984000,14.390000343322754,0.01502701235270587,0.010768203935030085,-0.00040587923686441485
2014-10-29,94.5965347290039,34583000,15.149999618530273,0.001170853692335161,0.0,-0.001116492047938511
2014-10-30,94.2298812866211,35688000,14.520000457763672,-0.011582980247154318,-0.0222328466572016,0.009856669437166454
2014-10-31,95.69650268554688,41983000,14.029999732971191,0.03873826913855605,0.04310777864097681,-0.005400124188142064
2014-11-03,96.06315612792969,44912000,14.729999542236328,0.00610123001757179,-0.005449804029305949,0.004653845777808252
2014-11-04,96.79647064208984,32171000,14.890000343322754,-0.0027607197030796726,0.0022828923937749934,0.02272498531282019
2014-11-05,96.79647064208984,22440000,14.170000076293945,0.009409147708136834,0.0036449853173337043,-0.027898134763556848
2014-11-06,96.79647064208984,28374000,13.670000076293945,-0.008843816141835825,-0.010440591179895153,0.005300816660507968
2014-11-07,96.06315612792969,16709000,13.119999885559082,-0.009047112443116956,0.0009174869414434461,0.011385414147690565
2014-11-10,98.62971496582031,42569000,12.670000076293945,0.00748261855649579,0.020165271049947142,-0.014511531845925685
2014-11-11,98.2630844116211,20451000,12.920000076293945,-0.002833798869939619,-0.002695695784532215,0.007480544587656457
2014-11-12,96.79647064208984,27373000,13.020000457763672,-0.0010461454301304851,-0.006756705286414033,-0.008762869531651174
2014-11-13,98.2630844116211,24882000,13.789999961853027,6.248910018369358e-05,0.013152027989239201,0.007018260593501635
2014-11-14,98.99636840820312,23655000,13.3100004196167,0.009002828814508979,0.0026859280903483995,-0.002345441328018283
2014-11-17,97.52975463867188,23562000,13.989999771118164,-0.004662633646769332,-0.021875291688857934,-0.000873184535582272
2014-11-18,96.4298095703125,42688000,13.859999656677246,0.019018025010403727,0.006389813347142281,0.008134682443673213
2014-11-19,99.72967529296875,70920000,13.960000038146973,-0.007010135953925856,0.021768982102686074,0.024474048171572393
2014-11-20,101.92959594726562,44092000,13.579999923706055,0.009366678341493628,0.010208431139206331,0.004068348200099159
2014-11-21,101.56294250488281,30388000,12.899999618530273,0.010178725946604406,0.013181029620531692,-0.024732592507180406
2014-11-24,101.56294250488281,33292000,12.619999885559082,0.00983476638666625,-0.005203797918014175,0.026024560402321484
2014-11-25,101.92959594726562,42648000,12.25,-0.000164287206858571,-0.0013079502375755725,-0.02484613467808716
2014-11-26,101.92959594726562,23137000,12.069999694824219,0.021094770267409135,0.011785738651169941,-0.0017274040683429304
2014-11-27,102.66289520263672,26123000,12.069999694824219,0.021094770267409135,0.011785738651169941,-0.00199665142933092
2014-11-28,103.76287078857422,35681000,13.329999923706055,0.003306621744904703,0.012510322928734885,0.004167917149927147
2014-12-01,102.66289520263672,41250000,14.15999984741211,-0.01319740415004178,-0.022581861910514256,0.003287320140268335
2014-12-02,100.82964324951172,45913000,12.850000381469727,0.006886422331819242,-0.016129115128661664,0.026642406126442975
2014-12-03,101.19629669189453,38940000,12.5,0.020444784927097226,0.015950548882294635,-0.02001935141047262
2014-12-04,101.92959594726562,28226000,12.380000114440918,0.0012655963217382826,-0.0047972754166425435,-0.003947525858443379
2014-12-05,100.82964324951172,27050000,11.890000343322754,0.00999773362610612,-0.003505572075430896,0.027114537172984177
2014-12-08,101.19629669189453,19595000,14.210000038146973,-0.01439298439450698,-0.010554051060486902,0.0040192925552013925
2014-12-09,101.19629669189453,31770000,15.350000381469727,-0.00023084147840002345,0.003555200757981325,-0.0032666513671550934
2014-12-10,99.72967529296875,39726000,18.530000686645508,-0.0185757976639368,-0.017272062819385203,0.0023777050470310535
2014-12-11,98.62971496582031,32283000,20.079999923706055,0.004676756103874968,-0.0022531734145628812,-0.0004808570296803705
2014-12-12,98.99636840820312,31433000,21.079999923706055,-0.017302213132988964,-0.007678182261958155,-0.025014392891563153
2014-12-15,99.72967529296875,44381000,20.420000076293945,-0.008371434278404033,-0.0013658143126983324,0.029373055604839493
2014-12-16,97.52975463867188,41199000,23.56999969482422,-0.006624557290905053,-0.02278906055021912,0.0007669010317357117
2014-12-17,95.69650268554688,70497000,19.440000534057617,0.021593875034737753,0.009328205254456323,-0.0008940220859995351
2014-12-18,96.4298095703125,50410000,16.809999465942383,0.018561795361208944,0.006931791540663923,-0.00022370551917483272
2014-12-19,101.19629669189453,44362000,16.489999771118164,-0.0029500207465603667,0.018815696809653337,0.005306238463936852
2014-12-22,101.56294250488281,34577000,15.25,0.015435242323589948,0.0076575454627085815,0.0019077731156396105
2014-12-23,100.82964324951172,19122000,14.800000190734863,-0.0019520947434403801,-0.007152298613592789,0.0019041404476851653
2014-12-24,101.19629669189453,16679000,14.369999885559082,0.0014812866750122389,0.006303272586399844,-0.020145697995356593
2014-12-25,100.82964324951172,7358000,14.369999885559082,0.0014812866750122389,0.006303272586399844,0.0
2014-12-26,101.92959594726562,13112000,14.5,0.0009334737371327062,-0.0017894741910565726,0.0
2014-12-29,103.39620208740234,34993000,15.0600004196167,-0.002754638321601499,0.0031375670217230756,0.025408912449343513
2014-12-30,102.66289520263672,21789000,15.920000076293945,-0.005884253258485073,0.0026813568077610483,-0.02402267171324346
2014-12-31,103.39620208740234,18306000,19.200000762939453,-0.005962452677194419,-0.0026741863599596405,-0.8814522884363586
2015-01-05,102.29627990722656,32046000,19.920000076293945,-0.019134090526107705,-0.02423706436536266,0.0
2015-01-06,97.89641571044922,66778000,21.1200008392334,-0.02191245294193178,-0.01747964844583305,0.011383418509140375
2015-01-07,98.2630844116211,43703000,19.309999465942383,0.009774907448589998,0.014513029878236106,0.0001562970352104731
2015-01-08,101.19629669189453,42491000,17.010000228881836,0.02913103599117184,0.006460818936379953,0.00015633223354227788
2015-01-09,98.2630844116211,61558000,17.549999237060547,0.0012707150897015573,-0.027969045320872077,0.00015624818363724202
2015-01-12,96.79647064208984,30338000,19.600000381469727,-0.019984846272467993,-0.0193395885776374,-0.0022500157356262207
2015-01-13,97.1631088256836,37818000,20.559999465942383,-0.009288187559683081,0.012506155374311101,-0.00244296906227659
2015-01-14,95.3298568725586,48740000,21.479999542236328,-0.005904613382121338,0.00047527073664532793,0.0
2015-01-15,96.4298095703125,40607000,22.389999389648438,-0.007768479496376268,0.08689411236245959,-0.0007849173698853962
2015-01-16,100.4629898071289,124042000,20.950000762939453,0.011195527069817857,-0.012668602766419679,-0.0014139850813875698
2015-01-19,101.92959594726562,49986000,20.950000762939453,0.011195527069817857,-0.012668602766419679,-0.004436776105543494
2015-01-20,101.19629669189453,32739000,19.889999389648438,0.010107586118634382,0.021680791360789042,-0.0029710124483148803
2015-01-21,103.39620208740234,70464000,18.850000381469727,0.01131867774790396,0.005197148526102202,0.004596622520620652
2015-01-22,102.66289520263672,43846000,16.399999618530273,0.006370189181451602,0.021542309087541067,-0.0045755902593891395
2015-01-23,106.3294448852539,82089000,16.65999984741211,-0.0028425777999726565,0.011809431962194417,-0.0013631088119869794
2015-01-26,106.3294448852539,46716000,15.520000457763672,0.0027184833820583787,0.00708639543022116,-0.0024443390793758013
2015-01-27,107.79605102539062,52805000,17.219999313354492,-0.018464567696796053,0.0012419031046198015,-0.0029593796943993
2015-01-28,107.42940521240234,45898000,20.440000534057617,-0.005553936047357766,-0.010748362398177225,-0.0004468255661170817
2015-01-29,105.22948455810547,34459000,18.760000228881836,0.0008407487988288942,-0.02674446966875721,9.573893527092814e-05
2015-01-30,103.39620208740234,43666000,20.969999313354492,-0.020236098188749274,-0.02490390326726144,0.00577892366610433
2015-02-02,104.49620819091797,29181000,19.43000030517578,0.0,0.010127974470545142,0.0013966959917526278
2015-02-03,105.96280670166016,27160000,17.329999923706055,0.021113356582150855,0.009154311321197373,0.00412100012884542
2015-02-04,107.06272888183594,40416000,18.329999923706055,0.0033287327945386025,0.018574753140544686,-0.0018310570616727473
2015-02-05,106.69610595703125,23363000,16.850000381469727,0.009773560171458584,0.003392258309745211,-0.004807401704705616
2015-02-06,104.86282348632812,27301000,17.290000915527344,-0.005697843052326901,-0.023668452578786248,0.001970389481977808
2015-02-09,104.12950134277344,26315000,18.549999237060547,-0.010865754549178486,-0.018614736765511064,-0.0014590055555582238
2015-02-10,104.49620819091797,33294000,17.229999542236328,0.03384303730874394,0.05249240892833229,0.002318783857755191
2015-02-11,108.52937316894531,71259000,16.959999084472656,0.0032312571626555986,0.01802159472808995,-0.0018064051129877967
2015-02-12,108.89601135253906,33577000,15.34000015258789,0.015872328533052205,0.007410589999042205,0.001936657106508921
2015-02-13,108.89601135253906,37815000,14.6899995803833,0.006983839574097095,0.015120528524262156,-0.00982285451986753
2015-02-24,110.72926330566406,72531000,13.6899995803833,0.013329535513573187,0.033856461585693776,0.0
2015-02-25,113.29584503173828,48183000,13.84000015258789,-0.005767196714199674,0.0,0.0015808139657240705
2015-02-26,110.36259460449219,55574000,13.90999984741211,0.006573115830238896,-0.014377046170886087,-0.004861150078232623
2015-03-02,109.2626724243164,41388000,13.039999961853027,0.027789805741412543,0.004076364699527879,0.0
2015-03-03,110.36259460449219,29134000,13.859999656677246,-0.01940068863669675,-0.005278124143693663,0.0020319094868646026
2015-03-04,110.36259460449219,32627000,14.229999542236328,-0.0009996830707227344,-0.006938673488276703,-0.0019010032767332596
2015-03-05,109.9959716796875,28872000,14.039999961853027,0.0009867720965315296,0.005342889374924109,-0.0009523422600258291
2015-03-06,109.2626724243164,31316000,15.199999809265137,-0.010871248996659144,-0.015126610635044058,0.0009214326544484397
2015-03-09,106.69610595703125,67163000,15.0600004196167,0.003663634442224728,-0.026566951960888985,-0.0017777136229295554
2015-03-10,105.59613800048828,46809000,16.690000534057617,-0.01920204878305276,-0.017057401786280124,0.002130686470823262
2015-03-11,107.06272888183594,51795000,16.8700008392334,0.002652196469325352,0.01908864633563545,0.0012058932425853541
2015-03-12,108.52937316894531,32183000,15.420000076293945,-0.0005545731102090112,0.0017030648185618613,0.0032012625862343214
2015-03-13,109.2626724243164,45451000,16.0,0.007143102802595447,0.014874548673267984,0.00022122135278390687
2015-03-16,107.06272888183594,36912000,15.609999656677246,0.015174065192989028,0.01675057584396411,0.0013582432968970437
2015-03-17,109.2626724243164,55718000,15.65999984741211,-0.007431877079228433,0.0012353429659692772,-3.152741796341729e-05
2015-03-18,112.56256103515625,70808000,13.970000267028809,0.00741734742387723,0.016454079037971248,-0.001514206136848939
2015-03-19,112.9292221069336,43070000,14.069999694824219,0.0023939870073472758,-0.002023284151448923,-0.0005055208980374593
2015-03-20,112.9292221069336,37536000,13.020000457763672,0.014870814712540259,0.0044606235417641305,-0.004773013994920583
2015-03-23,112.56256103515625,26285000,13.40999984741211,-0.009508628185732393,0.0012112159277635204,0.0015880335426803338
2015-03-24,111.09593963623047,36086000,13.619999885559082,-0.00853637284962494,-0.012096886676873142,-0.0014269883149417018
2015-03-25,110.72926330566406,44424000,15.4399995803833,-0.04604481523469006,-0.053877158726888474,-0.003778961005592496
2015-03-26,106.69610595703125,157081000,15.800000190734863,-0.013859463591587406,0.0008626436712364516,0.0006056262011369107
2015-03-27,104.49620819091797,106610000,15.069999694824219,0.0282566455864397,-0.011207021371788528,0.00019116020756615448
2015-03-30,104.49620819091797,59832000,14.510000228881836,0.013567206490936456,0.013513438043815773,-0.0010829531414086047
2015-03-31,106.69610595703125,56539000,15.289999961853027,-0.011737303379440012,0.009892411497780751,0.0002869963120457619
2015-04-01,105.59613800048828,38697000,15.109999656677246,-0.006168370259129974,-0.010647132464571052,0.00066940512744873
2015-04-02,107.79605102539062,49213000,14.670000076293945,-0.002922524232287671,0.01980185351596342,-0.001306076897039321
2015-04-07,107.06272888183594,33362000,14.779999732971191,0.0003753678009676964,-0.006372409331077744,0.0130467117331734
2015-04-08,104.86282348632812,47500000,13.979999542236328,0.006508514084531125,-0.008122747043838863,-0.0049213642309346994
2015-04-09,104.86282348632812,46493000,13.09000015258789,0.01251699808725304,0.010344900326503703,0.002408595748434328
2015-04-10,107.79605102539062,33819000,12.579999923706055,0.004064112757305338,0.0025597721051848765,0.00016022388813508037
2015-04-13,107.79605102539062,23821000,13.9399995803833,-0.0063887854731075056,-0.007234478733406324,0.00032033534338715697
2015-04-14,105.59613800048828,41528000,13.670000076293945,-0.00946750093737636,-0.0064290017974451,0.003298281395117897
2015-04-15,104.86282348632812,71481000,12.84000015258789,0.01643624294555668,0.014236273503143604,-0.0009894397864129711
2015-04-16,107.79605102539062,54354000,12.600000381469727,-0.004567741218236998,-0.011484623175515352,0.0006389922763956335
2015-04-17,104.49620819091797,76708000,13.890000343322754,-0.014148524236034077,-0.0008606372883508406,-0.042337171984142
2015-04-20,104.86282348632812,34341000,13.300000190734863,0.008906823733537461,0.0021536672538298163,0.0039675065215756256
2015-04-21,104.49620819091797,36209000,13.25,0.00687752529718666,0.002577921793349258,0.03251081446311521
2015-04-22,105.22948455810547,40606000,12.710000038146973,0.01371763247258162,0.021860495152960846,0.0022835795386857427
2015-04-23,107.79605102539062,46931000,12.479999542236328,-0.01584775150733808,0.019294964880872456,-0.0019895476830117387
2015-04-24,111.82923126220703,122689000,12.289999961853027,-0.016627507071351633,0.025102931731485256,0.00061094521663696
2015-04-27,111.09593963623047,57529000,13.119999885559082,0.003430736669625123,0.02007224601415669,-0.04402316202723944
2015-04-28,111.09593963623047,43177000,12.40999984741211,0.00018675911213494878,-0.015741782730928522,0.03700839771943931
2015-04-29,108.89601135253906,37363000,13.390000343322754,-0.005816942217877208,-0.008796093766808233,-0.0010048341219980328
2015-04-30,107.79605102539062,48913000,14.550000190734863,-0.008523706487023275,-0.014119034996862512,-0.00438028002007107
2015-05-04,108.1627197265625,30811000,12.850000381469727,-0.0020835871057760524,-0.01697634544689075,0.0
2015-05-05,107.79605102539062,27559000,14.3100004196167,-0.022200764502080084,-0.0012336273606727843,0.0007807217870021699
2015-05-06,108.1627197265625,18784000,15.149999618530273,-0.001380029304676289,0.006587261435142322,0.00016255706856660446
2015-05-07,107.42940521240234,21826000,15.130000114440918,0.011273546966882542,-0.003271867098961323,-0.0008774919351449695
2015-05-08,107.42940521240234,19987000,12.859999656677246,0.009968343719932937,0.007385735120155612,0.0017239533034301147
2015-05-11,108.89601135253906,20326000,13.850000381469727,0.00025635234860987843,-0.007331585968184062,-0.0013962614702749399
2015-05-12,108.1627197265625,20509000,13.859999656677246,-0.008728346320174718,0.00040994478309785976,0.0005527980431456747
2015-05-13,108.52937316894531,18844000,13.760000228881836,0.005673837583078711,0.002460972937705419,0.0009749359392454693
2015-05-14,107.06272888183594,38700000,12.739999771118164,0.011697830951806099,-0.0012271511892201215,-0.00422075207749284
2015-05-15,107.42940521240234,24295000,12.380000114440918,0.0016941667531946702,0.006144974197112685,9.782391235568788e-05
2015-05-18,107.42940521240234,22879000,12.729999542236328,0.009893954085652856,-0.006107444110642346,-0.00234735770065031
2015-05-19,107.42940521240234,26257000,12.850000381469727,-0.004396074853462051,0.007373843074063746,-6.532143976178961e-05
2015-05-20,107.42940521240234,26920000,12.880000114440918,0.0015278680636561237,-0.000406485639365628,0.0009477214200188655
2015-05-21,106.69610595703125,40819000,12.109999656677246,0.005542523346921735,-0.013832490669753339,0.0014692463077192741
2015-05-22,106.69610595703125,22074000,12.130000114440918,0.00244976582546097,-0.0016498421455812817,-0.0011737099419792951
2015-05-25,108.1627197265625,16253000,12.130000114440918,0.00244976582546097,-0.0016498421455812817,-0.003427213670305518
2015-05-26,107.42940521240234,15545000,14.0600004196167,-0.007567359226126391,0.0024791705731823654,0.001015332691844728
2015-05-27,106.3294448852539,23825000,13.270000457763672,0.038614866157310246,0.014014735365235564,0.004449814507332617
2015-05-28,107.79605102539062,35891000,13.3100004196167,0.0012393668425547677,-0.006097513342379068,0.0006189454851430742
2015-05-29,107.06272888183594,56616000,13.84000015258789,0.002879106592555525,-0.00695296647816479,0.0023113205467666376
2015-06-01,106.3294448852539,31570000,13.970000267028809,0.0008988931855660187,-0.005766200210196137,0.0023709751948033375
2015-06-02,105.59613800048828,33317000,14.239999771118164,-0.011794965139656166,-0.019469984463879708,0.0018793521318400952
2015-06-03,104.86282348632812,29870000,13.65999984741211,-0.006212045502184016,-0.00042239315926595467,0.002425639157645154
2015-06-04,103.39620208740234,58172000,14.710000038146973,-0.009403595651218066,-0.028740395348159753,-0.0027424097280130955
2015-06-05,102.66289520263672,42648000,14.210000038146973,0.0006613031927977797,-0.005221691354789781,0.0046910533315907
2015-06-08,101.56294250488281,45469000,15.289999961853027,-0.019165874969063967,-0.009186458349562443,-0.0010626612693809268
2015-06-09,101.92959594726562,31575000,14.470000267028809,-0.00108092639573254,0.007946708960424376,0.007188494768532783
2015-06-10,102.29627990722656,37077000,13.220000267028809,0.013125389510838747,0.021901105128200316,0.001600231580015432
2015-06-11,105.22948455810547,44613000,12.850000381469727,-0.0005686647198697159,0.007715746677757762,-0.004888955985195342
2015-06-12,105.96280670166016,31448000,13.779999732971191,-0.008882384014317846,0.006805153650538687,0.00025686918358047706
2015-06-15,104.86282348632812,23608000,15.390000343322754,-0.0021004578854604272,-0.017321475293085364,0.0020866945378372748
2015-06-16,104.12950134277344,27272000,14.8100004196167,0.003423940087686095,0.013758029730907007,0.0009610983981693799
2015-06-17,104.49620819091797,31326000,14.5,0.00016780890816070482,0.0008477929185928268,0.00022403486299893416
2015-06-18,104.12950134277344,28591000,13.1899995803833,0.01455553504522622,0.006779746770025241,-0.0001280435597110774
2015-06-22,104.12950134277344,28278000,12.739999771118164,0.006704695548163775,0.0188037970913435,-0.03191245413146038
2015-06-23,105.96280670166016,37230000,12.109999656677246,-0.00595969074580871,0.0037751812651269923,0.041474647577739665
2015-06-24,106.3294448852539,18555000,13.260000228881836,-0.010208894566211768,-0.0012539464890033436,0.0007428692346240773
2015-06-25,107.42940521240234,43496000,14.010000228881836,-0.0009211198391136932,0.007531838565599358,0.001871830114058115
2015-06-26,107.06272888183594,33561000,14.020000457763672,-0.024405279635107302,-0.018687983866960356,-9.658706057802391e-05
2015-06-29,104.79277038574219,53014000,18.850000381469727,-0.02905375229528584,-0.02279275186153462,0.0026739134442266277
2015-06-30,106.30606079101562,45261000,18.229999542236328,0.0036426485118725704,0.014745179498958594,0.0013816526698622322
2015-07-01,106.68433380126953,32546000,16.09000015258789,0.0023364194710173702,0.009687789300150795,-0.003465308360607988
2015-07-02,107.06266021728516,23908000,16.790000915527344,0.004955074338641952,0.009594186738128174,0.0011912791585655391
2015-07-03,107.8193130493164,16093000,16.790000915527344,0.004955074338641952,0.009594186738128174,-0.03669396576709372
2015-07-06,106.30606079101562,20617000,17.010000228881836,-0.015171221814278435,-0.009071243205390767,0.03862587867202327
2015-07-07,106.30606079101562,26349000,16.09000015258789,-0.00325874635950707,0.0008715530434371122,0.0010928737958217916
2015-07-08,104.41445922851562,51986000,19.65999984741211,-0.026244183990921655,-0.031793989433225645,0.0002889346834915596
2015-07-09,103.279541015625,53233000,19.969999313354492,-0.01314000053653186,-0.0004501973383618241,0.001990122488102486
2015-07-10,103.279541015625,0,16.829999923706055,0.018928600082117608,0.015751821717555625,0.00022424300267132047
2015-07-13,104.79277038574219,34518000,13.899999618530273,0.00772517876182599,0.012848816988337397,0.0
2015-07-14,104.79277038574219,27536000,13.369999885559082,0.010828806660928114,-0.0026245698410418683,-0.0008967709160820903
2015-07-15,104.79277038574219,23295000,13.229999542236328,-0.006168355949304649,-0.010526776687646566,0.0032056541897103052
2015-07-16,103.279541015625,36999000,12.109999656677246,0.0023836853074212794,0.00753590452319397,-0.0009586415265175896
2015-07-17,105.92770385742188,55781000,11.949999809265137,-0.0023331951253666716,0.01319822964567785,0.001247448124264583
2015-07-20,105.17108154296875,27655000,12.25,-0.006821059705020116,-0.0056448437976646115,-0.03165733139852567
2015-07-21,106.30606079101562,19431000,12.220000267028809,0.0005433741155660421,-0.0008734008977355767,0.033582939935726586
2015-07-22,105.17108154296875,24620000,12.119999885559082,-0.025239086441274483,-0.02884612253713892,0.002042739926972681
2015-07-23,102.90120697021484,36389000,12.640000343322754,0.014517209867871195,0.004050248111225452,-0.0017518810120666917
2015-07-24,103.6578369140625,38194000,13.739999771118164,-0.019877696911956844,-0.030031256122103667,0.003286555212752118
2015-07-27,101.38796997070312,43371000,15.600000381469727,-0.007159718163640472,-0.00046189805789365046,0.0021943941433970604
2015-07-28,101.38796997070312,34219000,13.4399995803833,0.020411393101500197,0.01155795412156957,0.001047250157266033
2015-07-29,102.52289581298828,29871000,12.5,0.0013058466032516147,0.01051200422577625,0.0006657127404177121
2015-07-30,104.79277038574219,36097000,12.130000114440918,0.0036824310150556094,0.02668469142982488,-0.0016473435278940851
2015-07-31,105.54942321777344,39992000,12.119999885559082,-0.01201566321694958,-0.025991126246035834,0.002570266375151453
2015-08-03,101.7662582397461,33631000,12.5600004196167,-0.00300175232072708,-0.017639625366170142,0.002532043850124177
2015-08-04,103.279541015625,26546000,13.0,-0.011127466721227441,-0.012430690343388062,0.0007261473628126236
2015-08-05,101.38796997070312,28491000,12.510000228881836,0.011676453320768276,0.007459536483445328,0.0005993785020783626
2015-08-06,101.38796997070312,38414000,13.770000457763672,-0.017824439703093886,-0.015270802023358843,0.000851291990145775
2015-08-07,100.6313247680664,30554000,13.390000343322754,0.005828190755371443,-0.011748519094231802,0.00012599893360554226
2015-08-10,97.60482788085938,63646000,12.229999542236328,0.02485791417948402,0.0275801608945061,0.0
2015-08-11,98.7397689819336,64344000,13.710000038146973,-0.02267685325134583,-0.036094716986943,0.0
2015-08-12,97.22650909423828,41642000,13.609999656677246,0.005753772965094495,-0.0038405454733387856,0.00957537340579906
2015-08-13,96.84819030761719,35943000,13.489999771118164,-0.01036604347736736,-0.010120508776269799,0.012542133114756604
2015-08-14,95.3349380493164,39413000,12.829999923706055,-0.0060327580753549714,-0.007789477896725461,-0.003697508386892201
2015-08-17,93.82170104980469,37847000,13.020000457763672,0.009840932728333751,-0.0049065601061381026,0.00037115846271973396
2015-08-18,95.3349380493164,40722000,13.789999961853027,-0.02077675988132599,-0.012327709414656995,0.00791444115146156
2015-08-19,94.57831573486328,41301000,15.25,-0.009118447384431239,-0.005990532904878387,0.001196173508460019
2015-08-20,95.3349380493164,38012000,19.139999389648438,-0.03807086581139929,-0.015068522453358879,-0.04010288148084262
2015-08-21,91.55182647705078,59694000,28.030000686645508,-0.027220151390330627,-0.03722577748037825,0.042352854375286686
2015-08-24,87.01205444335938,116158000,40.7400016784668,-0.020757374320634625,-0.006355817669149499,0.005970779645899649
2015-08-25,93.44337463378906,94960000,36.02000045776367,-0.012337163372400761,0.0,0.0027698180744475387
2015-08-26,92.68675231933594,64879000,30.31999969482422,0.050447611847880935,0.03678041173791957,-0.0024586821213723464
2015-08-27,93.82170104980469,53388000,26.100000381469727,0.03732435468006279,0.025192823292545574,-0.0034079697275714027
2015-08-28,94.57831573486328,41466000,26.049999237060547,0.006805896274669321,0.003008785556683602,0.0001526950501646862
2015-08-31,97.60482788085938,56941000,28.43000030517578,-0.0046749446054557,-0.005999954430568666,9.153317011856288e-05
2015-09-01,93.82170104980469,42340000,31.399999618530273,-0.03423668444361605,-0.02364176935771356,0.001160012701684865
2015-09-02,94.95663452148438,36973000,26.09000015258789,0.02314789245020399,0.02730562688657967,-0.00405510759207095
2015-09-03,96.09158325195312,24004000,25.610000610351562,0.007949894928718448,0.006519658077718704,0.0026021454795750465
2015-09-04,94.57831573486328,22006000,27.799999237060547,-0.018009171620628872,-0.019930436590205103,-0.026167949647393884
2015-09-07,92.68675231933594,25891000,27.799999237060547,-0.018009171620628872,-0.019930436590205103,0.029191411076185947
2015-09-08,93.0650634765625,15090000,24.899999618530273,0.04424216501695466,0.019318852021848132,0.0028941445956618406
2015-09-09,97.60482788085938,53588000,26.229999542236328,-0.01799503335045216,-0.008478989489496325,0.0021872600532266695
2015-09-10,94.57831573486328,32912000,24.3700008392334,0.004095768313608916,-0.009054038169353018,-0.00691099490969016
2015-09-11,96.46988677978516,20525000,23.200000762939453,0.0007637577316832456,0.010151972637802986,0.002441718254286185
2015-09-14,96.46988677978516,25508000,24.25,0.0030203883648145524,0.007035111853286757,-0.0044453891268985135
2015-09-15,95.3349380493164,21658000,22.540000915527344,0.012093888233140504,0.01746515986272934,0.00024476970997011627
2015-09-16,97.98314666748047,39923000,21.350000381469727,0.0022874758330506673,0.013732339945565997,0.002140336061921655
2015-09-17,99.11808013916016,49472000,21.139999389648438,-0.008809900676260196,-0.0004837541387620048,-0.0007323287285390112
2015-09-18,99.49639129638672,31937000,22.280000686645508,-0.0165847967078655,-0.0024201817519293733,-0.003114445113015285
2015-09-21,97.98314666748047,29930000,20.139999389648438,-0.00330744090257884,-0.0038816008420969883,3.072882582344505e-05
2015-09-22,97.60482788085938,17636000,22.440000534057617,-0.02245656259550377,-0.028251372085688176,0.008422594129549266
2015-09-23,94.20001220703125,32905000,22.1299991607666,-0.00725978446197495,0.003007339940946041,0.0010023066608844111
2015-09-24,96.09158325195312,43432000,23.469999313354492,-0.001743522156524624,-0.0009992341459461596,0.00846529907953264
2015-09-25,96.09158325195312,24630000,23.6200008392334,0.00537549438205609,0.003001508332163949,0.0003009337899753106
2015-09-29,96.09158325195312,0,26.829999923706055,0.007043471217108355,0.013245299113996634,0.0
2015-09-30,98.36145782470703,67112000,24.5,0.038330348588477836,0.04323745001624979,0.0
2015-10-01,101.00963592529297,49600000,22.549999237060547,-0.011796302792227098,0.005301677653833714,-0.004957845759679613
2015-10-02,99.87471008300781,25216000,20.940000534057617,0.021557414057166602,-0.004794310827342385,-0.0014193230447675509
2015-10-05,100.25301361083984,30276000,19.540000915527344,0.01871931302298946,0.030828557634475118,-0.011763636434949265
2015-10-06,100.6313247680664,48613000,19.399999618530273,0.0033879756454109344,-0.007943694392311573,0.009547423926680842
2015-10-07,102.14458465576172,31784000,18.399999618530273,0.015065511589809955,0.03297201398020122,-0.041890267937638836
2015-10-08,102.90120697021484,31144000,17.420000076293945,0.005528084321558158,0.014591618470894518,0.039577379468615614
2015-10-12,104.79277038574219,46971000,16.170000076293945,0.0016361427868354372,0.006378186547701281,-0.047110080579348845
2015-10-13,104.03614807128906,36108000,17.670000076293945,-0.013099801786256582,-0.006790476537370749,0.04026711536182748
2015-10-14,103.279541015625,18007000,18.030000686645508,0.03763576172711014,0.018231550986326894,0.005529793629451829
2015-10-15,105.92770385742188,57142000,16.049999237060547,0.009586498876232863,-0.017457465727248378,6.1187135317331e-05
2015-10-16,104.03614807128906,36196000,15.050000190734863,0.0011351458340316256,0.009567166684994799,-0.008645737673586007
2015-10-19,104.41445922851562,26150000,14.979999542236328,0.00038306544003430254,0.003159208013860937,0.0014174920969936
2015-10-20,105.17108154296875,27462000,15.75,-0.0015470067364159457,0.0035982273619441507,-0.0026156785051494325
2015-10-21,104.79277038574219,17976000,16.700000762939453,0.002101638558990926,-0.004033909775775224,0.0027768397931864364
2015-10-22,104.03614807128906,15149000,14.449999809265137,0.034765204690711204,0.013051209262818997,0.001507639371253866
2015-10-23,105.92770385742188,35644000,14.460000038146973,0.011480153303478735,-0.0017768457777076474,0.0031029721004403044
2015-10-26,105.92770385742188,24382000,15.289999961853027,-0.019774493713346053,-0.013796226925564037,-0.004594086594361335
2015-10-27,105.17108154296875,26012000,15.430000305175781,-0.006684642343857794,0.001805245713003778,0.006153680388903959
2015-10-28,104.41445922851562,22522000,14.329999923706055,0.017274788752500436,-0.005405418707970511,-0.0010091723748306691
2015-10-29,103.279541015625,20428000,14.609999656677246,-0.02993165912135376,-0.011775541415773305,0.0002754644009845819
2015-10-30,103.279541015625,27844000,15.069999694824219,0.008493952368719526,0.006416300775038852,-0.0041924665882722145
2015-11-02,104.03614807128906,21663000,14.149999618530273,0.009071438731583115,0.00637482890236063,-0.004302378171772925
2015-11-03,105.54942321777344,33082000,14.539999961853027,0.004726748247726009,0.03031718535305572,0.009629637653226553
2015-11-04,109.33256530761719,75144000,15.510000228881836,0.0026648871069059332,0.03425546540835023,-0.002904170196687983
2015-11-05,107.8193130493164,35773000,15.050000190734863,-0.02096572359487181,-0.02420393691222178,-0.0008890863076849165
2015-11-06,105.92770385742188,45683000,14.329999923706055,0.025949383844455776,-0.006962342810470812,0.0037129734234260248
2015-11-09,107.44095611572266,24833000,16.520000457763672,-0.009653005372775803,0.006134694262652118,0.00042801489258570413
2015-11-10,105.54942321777344,23307000,15.289999961853027,-0.017882169186930752,-0.019599302759025328,-0.023500263110712405
2015-11-11,104.03614807128906,29412000,16.059999465942383,0.0004863628693720923,0.003109755915933432,0.027821181024477948
2015-11-12,104.79277038574219,16474000,18.3700008392334,-0.012927643839833247,-0.01505713734243308,-0.035167275580326396
2015-11-13,102.90120697021484,21639000,20.079999923706055,-0.009326372988038845,-0.01573776217646572,-0.004134073464222565
2015-11-16,102.14458465576172,32110000,18.15999984741211,0.012925085893057853,0.021014179131146005,0.0425579856483147
2015-11-17,104.79277038574219,28188000,18.84000015258789,0.005812582023914992,0.0076064875478738525,0.0034649971975311278
2015-11-18,103.6578369140625,29074000,16.850000381469727,0.009636801643189807,0.0,-0.03377354374445807
2015-11-19,106.30606079101562,27426000,16.989999771118164,0.0022502645987436676,0.006660155416491564,0.0345465148449291
2015-11-20,106.68433380126953,20271000,15.470000267028809,0.0032096271523898157,0.007058208282267886,-0.015332884676871439
2015-11-23,106.68433380126953,17170000,15.619999885559082,-0.012887552517406808,-0.01138837169105944,-0.024372975624793902
2015-11-24,105.54942321777344,21843000,15.930000305175781,0.012827524832972559,-0.003101487906584821,0.03365616416615058
2015-11-25,106.68433380126953,27099000,15.1899995803833,0.0007212053822369668,0.0026662316578613954,-0.03390296141335403
2015-11-26,107.8193130493164,31976000,15.1899995803833,0.0007212053822369668,0.0026662316578613954,-0.0062225749730365765
2015-11-27,105.17108154296875,23135000,15.119999885559082,0.006635713990528425,-0.004875221668532492,0.03919012795822585
2015-11-30,105.17108154296875,108490000,16.1299991607666,0.009888002842985077,0.013808180131879455,-0.030157518588117438
2015-12-01,107.8193130493164,46117000,14.670000076293945,0.013852386035231534,0.02284690209000506,0.035100412351587895
2015-12-02,107.8193130493164,31609000,15.90999984741211,-0.005578886239120728,-0.003865723008823041,-0.03601240805244943
2015-12-03,107.8193130493164,18825000,18.110000610351562,-0.005815277393961815,-0.01121157772950776,0.004361583152444615
2015-12-04,106.30606079101562,30869000,14.8100004196167,0.018814857500097926,0.01657170817418474,-0.032412382484803826
2015-12-07,108.57592010498047,40284000,15.84000015258789,-0.009587998346245463,-0.0030028158456544274,0.03652273735427758
2015-12-08,107.8193130493164,32173000,17.600000381469727,-0.008512624739923758,-0.006884770232147064,-0.00031377204326399344
2015-12-09,106.30606079101562,26751000,19.610000610351562,-0.012871376658527778,-0.015164451290506809,0.002636440589691036
2015-12-10,106.68433380126953,41414000,19.34000015258789,0.005878056618124683,-0.003519841100757426,-0.007074654384483736
2015-12-11,105.54942321777344,29914000,24.389999389648438,-0.019948610357735985,-0.02075037006264724,0.040385893088535685
2015-12-14,105.17108154296875,32656000,22.729999542236328,-0.006492386077504464,0.0018032817353961228,-0.03463635300145007
2015-12-15,104.41445922851562,23558000,20.950000762939453,0.015202029912424031,0.02700288345478108,0.002197309666731595
2015-12-16,108.57592010498047,56401000,17.860000610351562,0.00784737757710019,0.01489932051837739,0.002818875719930558
2015-12-17,109.71084594726562,34462000,18.940000534057617,-0.014872696222753556,-0.00863595637373038,-0.0029983686529734266
2015-12-18,107.44095611572266,36298000,20.700000762939453,-0.012074853038664402,-0.001306137070411162,0.004041217756166615
2015-12-21,107.06266021728516,26847000,18.700000762939453,0.018983715865892092,0.0008720412653566711,0.02274571322640684
2015-12-22,107.44095611572266,17085000,16.600000381469727,0.0014711549721024841,0.0047928055436528005,-0.0280362041881953
2015-12-23,107.06266021728516,18064000,15.569999694824219,0.00700041079860525,0.0008673408894153134,0.0006277008798467598
2015-12-24,107.44095611572266,13471000,15.739999771118164,0.003885178537227807,0.003033062413901888,0.0037013812303607896
2015-12-25,108.19758605957031,6126000,15.739999771118164,0.003885178537227807,0.003033062413901888,-0.005437833326289665
2015-12-28,108.57592010498047,10797000,16.90999984741211,-0.003914670429712275,-0.006047352440910259,-0.0011626052498477923
2015-12-29,107.44095611572266,12801000,16.079999923706055,0.011953895492184508,0.003041856856918379,0.0041526399709868045
2015-12-30,107.8193130493164,14578000,17.290000915527344,-0.009856147456937414,-0.008665569819022334,0.006234512390953739
2015-12-31,108.19758605957031,18336000,18.209999084472656,-0.01426284598761507,-0.005681742945306656,-0.004047548435241355
2016-01-04,105.54942321777344,39169000,20.700000762939453,-0.010851798673395141,-0.02901095532790987,-0.0002495785239702286
2016-01-05,104.41445922851562,46381000,19.34000015258789,-0.01037675731356047,-0.006337763112276074,0.012633039642440114
2016-01-06,102.52289581298828,53617000,20.59000015258789,-0.028130566954950087,-0.027790298223439258,-0.006715201904340495
2016-01-07,100.6313247680664,62539000,24.989999771118164,-0.03319076647951602,-0.011246513393491475,0.03708996527307451
2016-01-08,101.38796997070312,50123000,27.010000228881836,-0.016009864041376498,-0.013743796486993531,-0.03612224551765675
2016-01-11,100.6313247680664,48345000,24.299999237060547,0.005112588968948284,0.0057662922772281355,-0.0010237930401955087
2016-01-12,100.6313247680664,34688000,22.469999313354492,0.008300902770200347,-0.008600353434956354,0.011117601686659873
2016-01-13,101.00963592529297,37717000,25.219999313354492,-0.031352729667392665,-0.013011843353550767,0.03350850706010178
2016-01-14,99.49639129638672,39253000,23.950000762939453,0.02050964792028198,0.0654294635176258,-0.0010996303654876582
2016-01-15,103.6578369140625,79464000,27.020000457763672,-0.0453480541994048,-0.03299711023479468,0.0034213453728253462
2016-01-18,103.6578369140625,36757000,27.020000457763672,-0.0453480541994048,-0.03299711023479468,-0.03122039207188121
2016-01-19,104.41445922851562,23737000,26.049999237060547,0.0015497652448936972,0.0265405079233485,-0.0009180957918080157
2016-01-20,101.7662582397461,43839000,27.59000015258789,0.0065371011048787064,-0.02631613644464792,-0.006157151502665825
2016-01-21,102.14458465576172,31933000,26.690000534057617,0.014889271912178703,0.011379948752844982,0.014548148148148199
2016-01-22,104.79277038574219,33889000,22.34000015258789,0.018483193880943993,0.028129349204711884,0.0009113737684749434
2016-01-25,105.54942321777344,27184000,24.149999618530273,-0.014387864037714082,-0.006384116180337851,-0.00922724647534745
2016-01-26,104.03614807128906,24049000,22.5,0.010257519909820934,-0.009178243275985709,-0.005024130222800238
2016-01-27,105.54942321777344,24029000,23.110000610351562,-0.012049798362521291,0.004168434187049597,-0.0008313451171042541
2016-01-28,105.92770385742188,37867000,22.420000076293945,-0.0031086789301698614,-0.002306145414192051,0.004437490559062285
2016-01-29,108.19758605957031,55616000,20.200000762939453,0.04571869848517163,0.03328695379424551,0.0003374067128369962
2016-02-01,108.9542236328125,40943000,19.979999542236328,0.004758152367693169,0.004921583444528421,0.005919180501077204
2016-02-02,107.8193130493164,25380000,21.979999542236328,-0.03389549822645643,0.004452224470306687,-0.011250327254016979
2016-02-03,110.46746063232422,70465000,21.649999618530273,0.0023669181058221245,0.015957492478955837,0.004378608994122013
2016-02-15,109.71084594726562,72875000,25.399999618530273,0.022747651748793007,0.010909344169456325,0.0016180649695047844
2016-02-16,111.60242462158203,55006000,24.110000610351562,0.035023548534099724,0.04946013452726028,0.03762267135235575
2016-02-17,111.98074340820312,38453000,22.309999465942383,0.023854163992196087,0.012853503259260268,0.0012275926927853842
2016-02-18,114.25057983398438,61657000,21.639999389648438,-0.005824549678771107,0.006768381653905031,0.001495306633113147
2016-02-19,114.25057983398438,35668000,20.530000686645508,0.004879509968305218,-0.0008404772157635243,-0.035264362835669694
2016-02-22,114.25057983398438,27003000,19.3799991607666,0.015756577942605432,0.0075695091765835,-3.093412801769002e-05
2016-02-23,113.11566162109375,22302000,20.979999542236328,-0.016471552654979682,-0.023372687538802284,0.0009286429132442375
2016-02-24,111.98074340820312,22026000,20.719999313354492,0.014003061495289293,0.0008549508403266071,0.035067067443038225
2016-02-25,113.87226867675781,25202000,19.110000610351562,0.012603091483170958,0.011528583940739079,-0.034954648045400716
2016-02-26,112.73735809326172,37655000,19.809999465942383,0.005764273024980948,0.0033768909708891126,0.00027870367363336257
2016-03-01,115.00724792480469,38629000,17.700000762939453,0.02859629242640538,0.043737177280841255,-0.00589268458074621
2016-03-02,115.76384735107422,36010000,17.09000015258789,0.005328915478091556,0.0016269050059432022,-0.005248315119373181
2016-03-03,116.5205078125,28822000,16.700000762939453,0.0009016136731045954,-0.002437251097887616,0.035256439854321364
2016-03-04,115.38554382324219,32794000,16.860000610351562,0.010452065283889533,0.003664859262629605,-0.04694661241898612
2016-03-07,115.00724792480469,23906000,17.350000381469727,0.0031662069626721134,0.0020281842250546855,-0.0007234977477315052
2016-03-08,115.00724792480469,35683000,18.670000076293945,-0.022476532258961957,-0.0020240790199161918,0.038623750201208784
2016-03-09,115.76384735107422,24004000,18.34000015258789,0.008244400064439938,0.0036506711585191365,-0.03294432553502591
2016-03-10,116.89878845214844,28302000,18.049999237060547,0.005145580328779653,0.0,0.04074210851562876
2016-03-11,117.2770767211914,29566000,16.5,0.01942527951161299,0.02465681565115574,-0.0040954464636281385
2016-03-14,118.03374481201172,32751000,16.920000076293945,-0.004232847347294011,-0.005128136303331643,-0.041908497552258894
2016-03-15,116.89878845214844,28689000,16.84000015258789,-0.0014321664910051934,-0.013481659320837114,0.0035662109279768206
2016-03-16,118.03374481201172,30962000,14.989999771118164,0.008818952310328143,0.036173831943237644,0.034938207758066664
2016-03-17,119.9253158569336,48193000,14.4399995803833,0.007199155686034242,-0.00038791463373522017,-0.0397751449810998
2016-03-18,120.68189239501953,55975000,14.020000457763672,0.013634682668976383,0.010477277758006664,0.03471415573069203
2016-03-21,121.06026458740234,26100000,13.789999961853027,0.0013777056359254303,-0.0042242653359332305,-0.03706654020230793
2016-03-22,119.9253158569336,25809000,14.170000076293945,-0.0009764396683716869,-0.00462814340243678,0.03334813043972362
2016-03-23,120.68189239501953,27478000,14.9399995803833,-0.013090427928487691,-0.00503626063396867,-0.0005531639441691549
2016-03-24,119.9253158569336,24853000,14.739999771118164,-0.00048015982004678825,0.0019467387894496202,0.0029213789734618967
2016-03-25,119.54705810546875,10175000,14.739999771118164,-0.00048015982004678825,0.0019467387894496202,0.0031276237522079864
2016-03-28,120.30358123779297,15268000,15.239999771118164,-0.001396091895593532,-0.0038864918157149875,0.0012838091608937674
2016-03-29,120.30358123779297,18977000,13.819999694824219,0.013424320711975524,0.013265900229896044,-0.0014653459028017846
2016-03-30,122.19515228271484,43616000,13.5600004196167,0.009864365316416102,0.01886779462443844,-0.0007949181220339163
2016-03-31,122.5735092163086,49433000,13.949999809265137,-0.005728585180126755,-0.009826396573093477,-0.008291770020537714
2016-04-01,119.9253158569336,31564000,13.100000381469727,0.0069435389876040254,-0.0030530960617705105,-0.004350205040574373
2016-04-06,116.1421890258789,58134000,14.09000015258789,0.010248320062667071,0.004311834839388018,0.0
2016-04-07,116.89878845214844,35238000,16.15999984741211,-0.015850547251915148,-0.009757560495498696,0.0014520954078542925
2016-04-08,119.1686782836914,41032000,15.359999656677246,0.005768099150806005,-0.003547750148491846,-0.027798318647281883
2016-04-11,119.9253158569336,21758000,16.260000228881836,-0.0010576663169600264,0.009098108726608656,0.029481735158849887
2016-04-12,119.9253158569336,14859000,14.850000381469727,-0.0012824118444250132,0.0023521223080236187,-0.0018494932531949448
2016-04-13,122.19515228271484,39611000,13.84000015258789,0.02300898020781883,0.023464959796872575,-0.0002780322807258706
2016-04-14,122.19515228271484,31338000,13.720000267028809,-0.008567459546115486,-0.03324411502689839,-0.0008958428859857648
2016-04-15,120.68189239501953,48779000,13.619999885559082,-0.008523788147420275,0.006323897366896203,0.0026281332929005696
2016-04-18,119.54705810546875,20279000,13.350000381469727,0.0006979045644281978,0.0015712587139069534,-0.002682887434367398
2016-04-19,119.1686782836914,26577000,13.239999771118164,-0.012389513248357797,-0.013333237245650498,0.0015460493761483285
2016-04-20,116.5205078125,40996000,13.279999732971191,0.00982563243705803,-0.0015901908979214507,-0.004013617491971377
2016-04-21,118.79035949707031,29723000,13.949999809265137,-0.006650348249526483,0.0015927236325448124,-0.0008368448218674107
2016-04-22,118.41206359863281,28990000,13.220000267028809,0.002021981541911133,-0.003577164578391634,-0.024540136866591955
2016-04-25,119.1686782836914,14306000,14.079999923706055,-0.005545374363173705,-0.0023935028428232474,0.02798801528426753
2016-04-26,119.54705810546875,18119000,13.960000038146973,0.013677591964407876,0.0,0.0009282406811834676
2016-04-27,118.41206359863281,28845000,13.770000457763672,0.010142088059066134,0.009596286715142677,6.17860192151376e-05
2016-04-28,115.76384735107422,48915000,15.220000267028809,-0.027258325834518593,-0.04316824761637994,-0.0004944934254422773
2016-04-29,113.49398803710938,66445000,15.699999809265137,-0.026181133745821872,-0.023593031209896753,-0.002041000975202545
2016-05-03,111.60242462158203,68550000,15.600000381469727,-0.01176438123285628,-0.015618566254319899,0.03243755675597715
2016-05-04,111.2240982055664,52973000,16.049999237060547,-0.012013274970874788,0.004288353717300852,-0.0024167788062906537
2016-05-05,111.60242462158203,38269000,15.90999984741211,0.0030083053568850104,0.003416033812542185,0.004348347414711906
2016-05-06,111.98074340820312,36510000,14.720000267028809,0.0010835295363633701,-0.0038302718070606367,0.0010514719900036607
2016-05-09,111.60242462158203,38478000,14.569999694824219,-0.0015059168198529038,-0.0017084288501175715,0.0009886158917913335
2016-05-10,111.2240982055664,29785000,13.630000114440918,0.012190922854010688,0.0008557294182092168,0.00018518976358583572
2016-05-11,111.2240982055664,40057000,14.6899995803833,-0.003119679968503819,-0.007268064999790824,0.003641077112841229
2016-05-12,110.46746063232422,23749000,14.40999984741211,-0.017935759376901395,-0.009905262750364074,-0.0002152115007149069
2016-05-13,108.9542236328125,60038000,15.039999961853027,0.0039475405572151345,-0.007394305151461,0.00036892962664447637
2016-05-16,109.33256530761719,31133000,14.680000305175781,0.015901852586500453,0.012708055131175122,0.0026129815804909473
2016-05-17,111.2240982055664,30277000,15.569999694824219,-0.006901593775292758,-0.006923284233764315,0.0024220800508625295
2016-05-18,111.2240982055664,31057000,15.949999809265137,0.01637208392317069,0.024836391258618695,-0.0026608957532309185
2016-05-19,111.2240982055664,35132000,16.329999923706055,-0.007099384807711329,-0.011479463761656872,0.002667995009822288
2016-05-20,112.3590316772461,36306000,15.199999809265137,0.031547642714196744,0.02838695440595984,0.0029056804278901893
2016-05-23,116.5205078125,50127000,15.819999694824219,0.006585681076358041,0.015056501608359696,-0.0017078302621472696
2016-05-24,114.25057983398438,24470000,14.420000076293945,0.024168721274953286,0.008240579574605666,-0.0025661279041121476
2016-05-25,116.89878845214844,30719000,13.899999618530273,0.005585957605831027,0.006130022067998286,0.001255753883455002
2016-05-26,117.2770767211914,17196000,13.430000305175781,0.00306038910522366,0.006904956386086125,-0.0017131188191020774
2016-05-27,118.41206359863281,22992000,13.119999885559082,0.005971839527971756,0.0004031056767979102,-0.0020835600507722596
2016-05-30,118.79035949707031,36339000,13.119999885559082,0.005971839527971756,0.0004031056767979102,-0.0014432057933450038
2016-05-31,118.41206359863281,69656000,14.1899995803833,0.005246386085623556,-0.003225348414732765,0.003997572764000257
2016-06-01,120.30358123779297,26926000,14.199999809265137,0.005619413117846195,0.02143996348113797,-0.0009189155464620624
2016-06-02,120.30358123779297,21977000,13.630000114440918,0.00019908523199818617,-0.0027721040531375474,-0.00036778734804510105
2016-06-03,121.43855285644531,31853000,13.470000267028809,0.003084859805169593,0.013899641620893632,-0.00018401982594273836
2016-06-06,121.81686401367188,28757000,13.649999618530273,-0.002692691956697524,-0.002349988006394299,-0.011011629549171453
2016-06-07,122.5735092163086,47046000,14.050000190734863,0.009734226896563225,0.023164548606571245,0.004559109232755265
2016-06-08,125.22164916992188,45214000,14.079999923706055,-0.0005066291714121984,0.010360683757099975,-0.0018523482471236585
2016-06-13,122.5735092163086,48750000,20.969999313354492,-0.00517852373394001,-0.00889414708886127,0.0
2016-06-14,122.5735092163086,27509000,20.5,7.188144459058243e-05,-0.002340915827119927,0.006083151399195907
2016-06-15,123.3301010131836,29270000,20.139999389648438,-0.0008770836660938475,0.010559227052614695,-3.0832017284709856e-05
2016-06-16,121.43855285644531,24408000,19.3700008392334,-0.00011506786456705331,0.0007740278017638325,0.0004627298850776729
2016-06-17,123.3301010131836,30633000,19.40999984741211,-0.008189645933209366,-0.00038671457305106127,-0.0015109400529094152
2016-06-20,123.3301010131836,24911000,18.3700008392334,0.011594987480570307,0.020115880568005284,-0.03437203458567695
2016-06-21,125.22164916992188,27970000,18.479999542236328,0.0033281793586685815,0.008342616457653884,0.031469849794158566
2016-06-22,125.60004425048828,30359000,21.170000076293945,-0.0016443013639096948,-0.0018799290466642304,-6.197759628168154e-05
2016-06-23,124.08677673339844,22494000,17.25,0.026380211829797773,0.01017311379324215,-0.0010232851486797756
2016-06-24,120.30358123779297,86547000,25.760000228881836,-0.057585722131838546,-0.042148176087393074,-0.001241608986000009
2016-06-27,122.26937866210938,42874000,23.850000381469727,-0.04009478251549781,0.0060198915295830435,0.008484403154614961
2016-06-28,123.44879913330078,1327000,18.75,0.026884860067359684,0.01445756495517947,0.0018489231797576
2016-06-29,125.0214614868164,31514000,16.639999389648438,0.020458122594348538,0.02137766298110999,-0.003045186974738434
2016-06-30,127.77346801757812,42398000,15.630000114440918,0.018104991214466404,0.016666900142116914,-0.002406563101397974
2016-07-01,130.5255126953125,36212000,14.770000457763672,-0.00962883066937481,0.011437196978794306,-0.0017628802220696072
2016-07-04,130.5255126953125,25724000,14.770000457763672,-0.00962883066937481,0.011437196978794306,-0.03290371305383788
2016-07-05,128.95286560058594,16346000,15.579999923706055,-0.018247908529507306,-0.010177242406313458,0.031460191629444134
2016-07-06,126.98715209960938,34803000,14.960000038146973,0.0015464127109516834,-0.0041887332591035165,0.0019257136384553952
2016-07-07,129.34605407714844,23769000,14.760000228881836,0.012278256523095665,0.006118414187881838,0.0039059908533827237
2016-07-08,129.34605407714844,0,13.199999809265137,0.028233257741359097,0.015963372659914432,-0.002902604946879439
2016-07-11,133.67068481445312,50643000,13.539999961853027,0.011168666478442946,0.017583568468312105,-0.026881387609381635
2016-07-12,134.4569854736328,41961000,13.550000190734863,0.013344562860354126,-0.008456215543255818,0.02498249078042014
2016-07-13,132.49124145507812,50653000,13.039999961853027,0.0007517666260818956,-0.0029664615720489396,-0.00018631100886046248
2016-07-14,132.8843536376953,34790000,12.819999694824219,0.007414043502129042,0.008181907516673581,-0.0006521508123334963
2016-07-15,133.27752685546875,41546000,12.670000076293945,-0.0008146111542228773,-0.003688794667073503,-0.0038533420801882823
2016-07-18,133.27752685546875,24749000,12.4399995803833,0.015062687466504743,0.023324713684912624,-0.022991000665453787
2016-07-19,134.06385803222656,42456000,11.970000267028809,-0.003757383958706728,-0.013386335778079017,0.021488563825381668
2016-07-20,133.67068481445312,38053000,11.770000457763672,0.016343655823720216,0.010267603508760548,-0.00037512619967949856
2016-07-21,135.24327087402344,33130000,12.739999771118164,-0.007314387437593495,-0.0025407693791982267,0.0018762155769191935
2016-07-22,134.4569854736328,28504000,12.020000457763672,0.005512674240162774,0.00946133140458949,0.0003120574671506837
2016-07-25,134.85009765625,27145000,12.869999885559082,0.005482451272261102,0.004325919779969656,0.00021840778936210725
2016-07-26,136.0295867919922,32685000,13.050000190734863,0.03815441344997539,0.016870206644266528,0.0024956119735111137
2016-07-27,137.60218811035156,34117000,12.829999923706055,1.2917160282066575e-05,-0.008118500434599829,-0.0012446996992826476
2016-07-28,138.7816162109375,31071000,12.720000267028809,-0.005690801990130612,0.0014232436497048084,-0.0010593013863976486
2016-07-29,135.63644409179688,29795000,11.869999885559082,-0.00485385212528322,-0.01279319964211334,-0.003805000831040739
2016-08-01,139.17478942871094,34188000,12.4399995803833,0.0016171394493829094,0.03023749167053369,-0.034438507936358165
2016-08-02,138.3884735107422,15250000,13.369999885559082,-0.016002237897393634,-0.016072479032533504,0.025258624752204195
2016-08-03,135.63644409179688,21627000,12.859999656677246,0.0010586437600752507,0.0,0.0017710232249548152
2016-08-04,137.2090301513672,13612000,12.420000076293945,0.009305616108704617,0.008522713267574256,0.00195732647725122
2016-08-05,139.17478942871094,25759000,11.390000343322754,0.01337142878154074,0.013732677500444268,-0.0015754345906782152
2016-08-08,139.9610595703125,16200000,11.5,-0.0017317930222190414,0.010420119442667408,-0.004354976315241732
2016-08-09,140.354248046875,16413000,11.65999984741211,0.008207791977927315,0.01065658842054873,-0.0014263099011769809
2016-08-10,141.14051818847656,19279000,12.050000190734863,-0.007653023637544054,-0.006122743557694488,-0.0019678898257765587
2016-08-11,138.7816162109375,28180000,11.680000305175781,0.004451233675117683,-0.0027379560242896117,-0.007537493657943095
2016-08-12,139.56788635253906,22947000,11.550000190734863,0.004611878809684722,0.003431985002858795,0.0035890989333065004
2016-08-15,140.7473907470703,12020000,11.8100004196167,0.013592500026806231,0.005130001792676531,0.0022031526612136254
2016-08-16,137.99533081054688,34260000,12.640000343322754,-0.007375660482562552,-0.010547892994892116,-0.0011151065212341438
2016-08-17,139.17478942871094,21487000,12.1899995803833,0.0,-0.0034386538005363176,-0.003540446018570842
2016-08-18,138.3884735107422,27253000,11.430000305175781,0.007073562529900768,0.006211231423459251,0.004961450994094285
2016-08-19,137.2090301513672,23470000,11.34000015258789,0.008732439820512639,-0.017832465508348272,0.0005096428757587201
2016-08-22,135.63644409179688,21337000,12.270000457763672,0.00028853595645794705,-0.008380206216169972,0.006048599985366332
2016-08-23,137.60218811035156,20888000,12.380000114440918,0.005042104682158932,0.0035210718608298386,0.005980668554621094
2016-08-24,136.42271423339844,12092000,13.449999809265137,-0.00869822007008636,-0.0038595975544208905,0.00047181244615313034
2016-08-25,138.7816162109375,23892000,13.630000114440918,0.0039403073518109455,0.007397032503254408,-0.0017606664242352243
2016-08-26,139.17478942871094,15076000,13.649999618530273,0.0049281526017492805,0.0013988640537632158,-0.002866129236897108
2016-08-29,138.3884735107422,16975000,12.9399995803833,0.0027701155920829557,0.0020948217303866645,0.0027164610830154867
2016-08-30,136.81590270996094,19471000,13.119999885559082,-0.0019287571269834825,-0.00278781281790097,-0.0018585608347463367
2016-08-31,138.7816162109375,38524000,13.420000076293945,-0.000735630119666375,0.00419299151466368,0.0009152094887070472
2016-09-01,136.81590270996094,22692000,13.479999542236328,0.008584125680579868,0.007654984134460863,-3.1513500828750374e-05
2016-09-02,136.81590270996094,16999000,11.979999542236328,-0.001744239163345096,0.006215107739333536,0.00012611811800744555
2016-09-05,139.17478942871094,22381000,11.979999542236328,-0.001744239163345096,0.006215107739333536,-0.0015764280143676368
2016-09-06,139.9610595703125,26024000,12.020000457763672,-0.0022926285310211902,0.01201141361099145,-0.005904963105800687
2016-09-07,145.46511840820312,49761000,11.9399995803833,-0.007328236936800736,0.011190082219358688,-0.011467235815621035
2016-09-08,143.89256286621094,30204000,12.510000228881836,-0.0020395456180126725,-0.0010058840847819717,0.003245495804292897
2016-09-09,141.92681884765625,29793000,17.5,-0.0366112215089367,-0.040282223593461786,0.0021779854792007836
2016-09-12,137.99533081054688,43036000,15.15999984741211,0.020276711986219054,0.01399094049369265,0.01083450115691198
2016-09-13,137.99533081054688,36834000,17.850000381469727,-0.009209811372991594,-0.017247389348674647,0.0011698702360081192
2016-09-14,136.81590270996094,52877000,18.139999389648438,0.008999253807811858,0.004562959268911593,0.0033475127066218135
2016-09-19,143.89256286621094,57055000,15.529999732971191,0.0018838622526622384,0.03528187615411715,0.00012625745683636502
2016-09-20,144.28573608398438,23641000,15.920000076293945,-0.004918701241550805,-0.0010021873466570241,-0.00890071932380776
2016-09-21,144.67884826660156,25008000,13.300000190734863,0.014441114832801194,0.02006689659301908,-0.0021018434666914
2016-09-22,145.46511840820312,20980000,12.020000457763672,0.0035280148836480674,0.0052457883255430104,-0.005999672278112711
2016-09-23,147.03778076171875,23213000,12.289999961853027,-0.010964810270406078,-0.017612282624648312,0.007223822072727648
2016-09-26,144.28573608398438,24225000,14.5,-0.009880823701111208,-0.009296304292908286,-0.0014025444974553603
2016-09-27,144.28573608398438,0,13.100000381469727,0.017824879425994977,0.01876659173847739,0.003128239366415375
2016-09-28,144.28573608398438,0,12.390000343322754,0.0020101916452957003,-0.002302572424937477,-0.0011137226102380104
2016-09-29,147.03778076171875,54272000,14.020000457763672,0.0125174397972041,0.002307886500753975,-0.0007645556775839335
2016-09-30,144.67884826660156,42592000,13.289999961853027,0.015754109582231557,0.006250210613138574,0.0003506768056267262
2016-10-03,146.25144958496094,17742000,13.569999694824219,-0.007312093741120629,0.004249633579429091,-0.002262765385604104
2016-10-04,147.03778076171875,16859000,13.630000114440918,-0.0025919099738609397,-0.010742122064639092,0.00015974281285280334
2016-10-05,146.25144958496094,19148000,12.989999771118164,0.007699367745325203,0.004606817005433417,0.005461149893893458
2016-10-06,147.43093872070312,15524000,12.84000015258789,0.005865293068819222,0.007861185537525905,-0.002477499459444199
2016-10-07,147.8240509033203,15380000,13.479999542236328,-0.0018840401868406298,0.013324621176763474,-0.0006050312582275286
2016-10-11,147.43093872070312,30294000,15.359999656677246,-0.02113070578263254,-0.017583419895284003,0.0005086869406922823
2016-10-12,149.00352478027344,22604000,15.90999984741211,-0.0032993615305360047,0.02017613214482905,0.003940092126797579
2016-10-13,148.2172088623047,37642000,16.690000534057617,-0.011776731291036846,-0.026156362818468448,0.0004114729724256083
2016-10-14,147.8240509033203,33248000,16.1200008392334,0.007894934252963726,0.004257985368937511,0.0041761569954068545
2016-10-17,146.6446075439453,37340000,16.209999084472656,-0.005423855704896896,-0.0029354454926133755,-0.001197230847055697
2016-10-18,147.03778076171875,38150000,15.279999732971191,0.012099366750776497,0.009486426520184166,0.002208052979794539
2016-10-19,149.00352478027344,33272000,14.40999984741211,-0.004676335523309372,0.0038887168343557654,-0.0034621271944385024
2016-10-20,149.789794921875,13226000,13.75,0.007139923396147774,0.002582255256121435,-0.006000901083957344
2016-10-21,148.2172088623047,21936000,13.34000015258789,-0.002681385890888177,0.0006437662405716083,0.001556932708022929
2016-10-24,150.18292236328125,13459000,13.020000457763672,0.01873466684051106,0.01061792757460589,0.007011220203312574
2016-10-25,151.75550842285156,18878000,13.460000038146973,-0.0013497332419585284,0.0044571400616124635,-0.0021737837212586486
2016-10-26,150.5760955810547,21043000,14.239999771118164,-0.0017498066020673608,-0.010776635097121123,-0.004041305150846886
2016-10-27,148.2172088623047,26231000,15.359999656677246,-0.0042068380745112766,-0.014097857666762637,0.0004121251624602529
2016-10-28,149.00352478027344,24348000,16.190000534057617,-0.005899902164734905,0.0,0.003580675593535254
2016-10-31,148.2172088623047,25330000,17.059999465942383,0.005666293743613382,0.01072458695043399,-0.0019260180460681786
2016-11-01,149.00352478027344,14290000,18.559999465942383,-0.009034391714777157,-0.012540221161843501,-0.0018664983903691201
2016-11-02,146.25144958496094,16488000,19.31999969482422,-0.006751800865402613,-0.010419990444666016,0.00015844698020073267
2016-11-03,145.07200622558594,25038000,22.079999923706055,-0.003170617344580351,-0.0036195631730613353,-0.00041198150531851496
2016-11-04,145.07200622558594,14860000,22.510000228881836,-0.006336627620281532,-0.0013210149271050131,-0.002599588719438106
2016-11-07,148.61036682128906,21332000,18.709999084472656,0.028634403764645544,0.03670641681402498,-0.00028609319702632696
2016-11-08,148.2172088623047,15437000,18.739999771118164,0.0021916252791540636,-0.0003191345924948852,0.001875874853380033
2016-11-09,143.1062774658203,55541000,14.380000114440918,-0.004941482041978751,-0.02393097404851874,-0.0012059314905253915
2016-11-10,145.85830688476562,38234000,14.739999771118164,-0.021248436029290385,-0.03759406203062876,-0.0010167314347881984
2016-11-11,142.71311950683594,67603000,14.170000076293945,0.038643280950170444,0.016643917212855408,0.007792399712232445
2016-11-14,141.92681884765625,47989000,14.479999542236328,-0.006163075348427638,-0.03608378260627565,0.00984656817510099
2016-11-15,141.53369140625,33505000,13.369999885559082,0.019012603354600977,0.012131481545547995,-0.0019375701255238686
2016-11-16,141.53369140625,34833000,13.720000267028809,0.011381015569111197,0.022602680943787146,-0.0027555501299536544
2016-11-17,142.71311950683594,22434000,13.350000381469727,0.010833233274726295,-0.01306114014423898,-0.0006279973006776407
2016-11-18,142.3199920654297,22474000,12.850000381469727,0.006679407789171199,0.0,0.0005341271470706843
2016-11-21,142.3199920654297,15600000,12.420000076293945,0.007311237118954317,0.00610812087039303,0.005275590471007119
2016-11-22,144.67884826660156,27599000,12.40999984741211,0.010534589666497673,0.008768882792861588,-0.0006559806368339194
2016-11-23,145.85830688476562,22128000,12.430000305175781,0.001170790417864831,-0.0006686783032375798,-0.0019692336896713902
2016-11-24,143.89256286621094,14980000,12.430000305175781,0.001170790417864831,-0.0006686783032375798,-0.002067085814616898
2016-11-25,143.1062774658203,10116000,12.34000015258789,0.001866585497844797,-0.007694945930620922,0.0017888838146780106
2016-11-28,144.67884826660156,19096000,13.149999618530273,-0.004175192010331563,0.0,-0.0028822356229264434
2016-11-29,143.1062774658203,24408000,12.899999618530273,-0.0022541561003099897,-0.0037084879141867644,-0.0020107822610579973
2016-11-30,143.89256286621094,39671000,13.329999923706055,-0.006529262125811952,0.004737609801741316,0.001542620150834395
2016-12-01,143.89256286621094,13908000,14.069999694824219,-0.048529221119010035,-0.03839692727841737,0.0018231718189400947
2016-12-02,139.9610595703125,53836000,14.119999885559082,0.013037959901726959,0.01085823645834938,0.0003451312938209661
2016-12-05,140.7473907470703,29191000,12.140000343322754,0.012303872272723337,0.005544052442914449,0.0006273275761501385
2016-12-06,143.1062774658203,27309000,11.789999961853027,0.013832397247091288,0.01688496653127647,0.0021942102027068255
2016-12-07,142.71311950683594,14110000,12.220000267028809,0.021206910582794558,0.014232339146779793,-0.0010634429062523765
2016-12-08,145.85830688476562,27257000,12.640000343322754,0.008160279025704487,0.0036753533566078467,-0.0014089822994843848
2016-12-09,146.25144958496094,24867000,11.75,-0.0035614629875307946,0.0026632974803528775,-0.004577804222050452
2016-12-12,145.46511840820312,18796000,12.640000343322754,-0.007899057395244324,-0.007304256115666541,0.00217344141822573
2016-12-13,146.25144958496094,23591000,12.720000267028809,0.01139516812722241,0.015384503313930153,0.001131484099603064
2016-12-14,147.43093872070312,16571000,13.1899995803833,-0.0014180766159390679,-0.016139872429706603,-0.002291848419793463
2016-12-15,147.03778076171875,22803000,12.789999961853027,0.01754477444675384,0.009709222539415974,0.0004720506408004699
2016-12-16,145.46511840820312,35985000,12.199999809265137,-0.010022303384517817,-0.022546603395275477,0.003774263368042652
2016-12-19,143.49940490722656,20535000,11.710000038146973,0.009801873041180409,-0.007123451921672519,0.003634744106353116
2016-12-20,143.49940490722656,24139000,11.449999809265137,0.009135077857599372,0.001366434800698313,-0.0020605082706165456
2016-12-21,141.53369140625,29690000,11.270000457763672,0.0003704036635323593,-0.00580019915702068,0.0007195222534543966
2016-12-22,140.7473907470703,26269000,11.430000305175781,0.005150632540292133,-0.013726625798476833,0.0004376759051663015
2016-12-23,140.354248046875,22961000,11.4399995803833,0.005265080671263744,0.010786201357471548,0.0003125569951614171
2016-12-26,141.14051818847656,5675000,11.4399995803833,0.005265080671263744,0.010786201357471548,0.00468581749228858
2016-12-27,141.53369140625,8252000,11.989999771118164,0.012167039475852182,0.0017212675370970043,0.0017101553551241988
2016-12-28,143.1062774658203,21226000,12.949999809265137,-0.019292804264513075,0.0006874555483658007,0.0017382591429411232
2016-12-29,141.53369140625,30200000,13.369999885559082,0.00011940781938335476,0.0003432450548588317,0.0007437430488335117
2016-12-30,142.71311950683594,36610000,14.039999961853027,-0.0159900578687745,-0.013045081221989996,-0.0008050834594918177
2017-01-03,143.89256286621094,22630000,12.850000381469727,0.0009598289854753084,0.019478344643328205,-0.005425360517717026
2017-01-04,143.89256286621094,24369000,11.850000381469727,0.0026781499811077136,-0.0003409383963923762,-0.0011467502122889384
2017-01-05,144.28573608398438,20979000,11.670000076293945,-0.008881384214009302,0.017064742143468647,6.202567081525778e-05
2017-01-06,144.67884826660156,22443000,11.319999694824219,0.0077188634162643766,-0.005704825958110726,-0.008873973666054358
2017-01-09,144.67884826660156,18569000,11.5600004196167,0.010928291871432627,0.013837444400168097,0.0030679513608495856
2017-01-10,144.67884826660156,20198000,11.489999771118164,0.004877071551091516,0.00099875647448755,-0.0011860433109395219
2017-01-11,143.1062774658203,29107000,11.260000228881836,0.0037700479686630928,0.0033253623974003332,-0.002312205148548241
2017-01-12,145.07200622558594,41130000,11.539999961853027,-0.009044407237185803,-0.029167977993353245,-0.00046983296049363243
2017-01-13,142.71311950683594,52352000,11.229999542236328,0.007090278334971778,0.005121244880083031,-0.00651752165161068
2017-01-16,141.14051818847656,30756000,11.229999542236328,0.007090278334971778,0.005121244880083031,-0.003910888929996359
2017-01-17,142.3199920654297,13159000,11.869999885559082,-0.0164274851808206,0.0061141816347070055,0.003134665985105478
2017-01-18,142.3199920654297,23693000,12.479999542236328,0.014161944363166867,-0.004388801316317137,-0.010416335540200938
2017-01-19,141.92681884765625,24627000,12.779999732971191,-0.004694431809113109,0.0047470862534242375,0.007272515775886168
2017-01-20,142.3199920654297,23429000,11.539999961853027,0.013049660780623418,0.01485002111184075,0.0010766774191464101
2017-01-23,145.46511840820312,36992000,11.770000457763672,-0.006709594702047905,0.008646324303267505,-0.0028469348088370205
2017-01-24,145.85830688476562,55022000,11.069999694824219,0.020178132239818458,0.016155678998832634,-0.003521240316906815
2017-02-02,145.07200622558594,94089000,11.930000305175781,-0.0010727607018289342,-0.009652437398701363,-0.0018188527581967096
2017-02-03,145.07200622558594,29518000,10.970000267028809,0.005150771941214938,0.006172969109259796,-0.006425632580180363
2017-02-06,145.07200622558594,24779000,11.369999885559082,0.0034957729600120224,-0.0032291897796449254,-0.00733592797390048
2017-02-07,145.07200622558594,23616000,11.289999961853027,0.0033078821970207173,-0.01133765503928863,0.002268948651628966
2017-02-08,144.28573608398438,29168000,11.449999809265137,0.0015969541722888891,-0.00622555612631015,0.0034926524333713793
2017-02-09,144.67884826660156,18967000,10.880000114440918,-0.008568742119782202,-0.003956433226715683,0.0026103568352322526
2017-02-10,145.85830688476562,34747000,10.850000381469727,-0.0007885472941245864,0.016550791529970077,-0.002282123537286629
2017-02-13,147.43093872070312,25124000,11.069999694824219,0.0027516997535461662,0.031911620174692734,-0.002835091772715792
2017-02-14,147.43093872070312,45696000,10.739999771118164,-0.0031790486542528917,-0.011360068483523333,0.0018738874775214853
2017-02-15,148.61036682128906,39347000,11.970000267028809,0.008217044040190968,0.013405562873513244,-0.008223188204872445
2017-02-16,148.61036682128906,27018000,11.760000228881836,0.0007212605589457244,0.017952755359407435,-0.0002276042813668111
2017-02-17,149.00352478027344,20389000,11.489999771118164,0.005724638209400723,0.0006185948898123073,0.0010407667556593392
2017-02-20,149.39663696289062,13254000,11.489999771118164,0.005724638209400723,0.0006185948898123073,0.00389860068901271
2017-02-21,149.39663696289062,31159000,11.569999694824219,0.013963979134824056,-0.0003090692279545948,-0.0037863648520949367
2017-02-22,148.2172088623047,25677000,11.739999771118164,-0.00037356641116625955,-0.008041837931320406,0.00016240004590084567
2017-02-23,148.2172088623047,35725000,11.710000038146973,-0.016362491629065445,-0.009978329299121902,-0.0006496186077135091
2017-02-24,148.61036682128906,22766000,11.470000267028809,-0.0004415298529959477,0.005354450899089036,-0.001560073330761469
2017-03-01,146.25144958496094,46186000,12.539999961853027,0.016381609691580312,0.0034954211488875675,-0.0003915254283693992
2017-03-02,146.25144958496094,39980000,11.8100004196167,-0.011093510918383176,-0.022482919529580703,0.00381855685915955
2017-03-03,144.67884826660156,28197000,10.960000038146973,-0.00036953227387381826,-0.0006475735839600594,0.0009103579008833407
2017-03-06,144.28573608398438,12531000,11.239999771118164,0.00021563495690180012,0.0,0.00393049506307408
2017-03-07,145.85830688476562,18812000,11.449999809265137,0.0027407490712496596,0.014910826452026127,0.0020060918392126315
2017-03-08,147.03778076171875,31791000,11.859999656677246,0.002200977087369882,-0.002874734065120843,-0.004101033551609623
2017-03-09,145.07200622558594,28489000,12.300000190734863,0.0015117267300817083,-0.007687138639969504,0.0009403468219246758
2017-03-10,144.28573608398438,20053000,11.65999984741211,0.011677966338034862,0.002582255256121435,0.004729507757632145
2017-03-13,146.6446075439453,10487000,11.350000381469727,0.007520714191262989,0.014166170908608944,0.0003868690340393943
2017-03-14,146.25144958496094,22245000,12.300000190734863,-0.0030618652515456146,-0.009206501440550796,-0.0033518142310781096
2017-03-15,146.6446075439453,14131000,11.630000114440918,0.008350654081988207,0.022428821264245613,0.0007761016690102096
2017-03-16,149.39663696289062,31507000,11.210000038146973,-0.0018315102879152834,0.01566897469202977,-0.014314359380647845
2017-03-17,150.5760955810547,33764000,11.279999732971191,0.0017849622876731086,0.0055538143138536,0.004884450809568008
2017-03-20,150.5760955810547,16215000,11.34000015258789,0.0076547905915695935,0.007978121600733079,-0.004436604767537933
2017-03-21,153.3281707763672,32246000,12.470000267028809,-0.023580195038286456,-0.011263702294934674,-0.00036043252152584415
2017-03-22,152.14869689941406,27396000,12.8100004196167,0.011047979739504221,0.006465646678521786,-0.002327306702685772
2017-03-23,152.14869689941406,18472000,13.119999885559082,-0.0024916957217919755,-0.0039766386391449915,0.0018070178846829599
2017-03-24,151.36239624023438,17541000,12.960000038146973,0.007523699838174247,0.007678050001124648,-0.0009838568778495205
2017-03-27,151.75550842285156,29251000,12.5,0.00159310664607748,0.01097206560128594,-0.004464714802198566
2017-03-28,152.93502807617188,38259000,11.529999732971191,0.0030020959883165776,0.005426709440533362,-0.00313276894684289
2017-03-29,150.5760955810547,33374000,11.420000076293945,-0.0024579328828010505,-0.0125936671668756,-0.002216322740302923
2017-03-30,150.5760955810547,28302000,11.539999961853027,0.005285703162313471,0.004251623978042796,0.0033153327293575785
2017-03-31,148.61036682128906,33635000,12.369999885559082,-0.0004051878766967443,-0.006954857192445818,0.001156522712467467
2017-04-05,151.75550842285156,43748000,12.890000343322754,-0.0069466169314240656,0.0012172957387657224,0.00306218314352269
2017-04-06,150.5760955810547,16173000,12.390000343322754,0.0011675270100814927,-0.001215815731456682,-0.002888728810932828
2017-04-07,150.18292236328125,18911000,12.869999885559082,0.004684849684920556,0.0003045424535530472,0.005794258274659292
2017-04-10,149.39663696289062,17024000,14.050000190734863,-0.007735008413061517,-0.010648167734692238,0.0014729493442899866
2017-04-11,150.18292236328125,8441000,15.069999694824219,-0.00834994080644802,-0.003689994260581364,0.0010785409194722373
2017-04-12,150.18292236328125,17283000,15.770000457763672,-0.01707449977012665,-0.0037038084949942984,-6.52617253618093e-05
2017-04-13,150.5760955810547,14771000,15.960000038146973,-0.006766311220257948,-0.013940638284147044,-0.008358654521796183
2017-04-14,148.61036682128906,30701000,15.960000038146973,-0.006766311220257948,-0.013940638284147044,-0.002074338175904966
2017-04-17,147.43093872070312,17096000,14.65999984741211,0.01307276764336307,0.006283584715824242,0.0025075957571374374
2017-04-18,147.8240509033203,25063000,14.420000076293945,0.00422594530093745,-0.007492888593368052,-0.0017772792624115574
2017-04-19,146.6446075439453,30477000,14.930000305175781,0.005508518718658539,-0.005662280096782379,0.0017474281765010868
2017-04-20,147.03778076171875,21488000,14.149999618530273,0.01578331061826521,0.0056945240871819625,0.000559529957169902
2017-04-21,149.39663696289062,17373000,14.630000114440918,-0.004621307611623382,0.00912244107554483,-0.00032895490155659957
2017-04-24,149.39663696289062,19317000,10.84000015258789,0.014965642752860386,0.019326618077233126,-0.0015794780078116633
2017-04-25,150.96926879882812,31932000,10.760000228881836,0.009932536105250911,0.01131493190538646,-0.002933188231843409
2017-04-26,150.18292236328125,29909000,10.850000381469727,-0.008498663242462956,-0.002116739722872518,-0.004131821602095909
2017-04-27,151.75550842285156,27940000,10.359999656677246,0.014001749235835748,0.0006059206000310624,-0.0005642657401051521
2017-04-28,152.93502807617188,34852000,10.819999694824219,-0.017355734065436335,0.0015143916131756807,0.001162360842920096
2017-05-02,154.5076141357422,44119000,10.59000015258789,-0.010645733961538895,0.015868105323286086,0.00019876507875737914
2017-05-03,155.6870574951172,25723000,10.680000305175781,0.003414219000669183,0.010609814432826825,-0.005199522755405361
2017-05-04,155.6870574951172,22088000,10.460000038146973,-0.001210228379443734,-0.004374211237561321,0.0001664278829758281
2017-05-05,155.2938995361328,17036000,10.569999694824219,0.004171520649703053,0.008201240446468638,0.0025297145916141073
2017-05-08,159.22535705566406,36538000,9.770000457763672,-0.003827835019930337,0.016269680310625034,0.0013944625524744403
2017-05-09,160.01170349121094,48077000,9.960000038146973,0.010266518856170803,0.012292706157985389,-0.0004973107654753228
2017-05-10,161.5842742919922,28312000,10.210000038146973,0.021051640241093406,0.0,0.002852797809529184
2017-05-11,163.15687561035156,43718000,10.600000381469727,0.0033785177079610484,0.00423612757780556,0.00039690163104433296
2017-05-12,161.97747802734375,25009000,10.399999618530273,0.0026955636144931905,-0.005342925501933715,-0.0017854433299113737
2017-05-15,161.97747802734375,25666000,10.420000076293945,0.01512576895398432,-0.008764494961009173,-0.001656215419829965
2017-05-16,160.79798889160156,33224000,10.649999618530273,0.014890840234409897,-0.0008557513797498029,-0.0033177994739919114
2017-05-17,160.40484619140625,21567000,15.59000015258789,-0.04366441063962079,-0.017413791795802713,0.0019307142296585145
2017-05-18,160.01170349121094,22461000,14.65999984741211,0.018896404103804443,0.01394570848561938,0.0005980347299940902
2017-05-19,159.61851501464844,16492000,12.039999961853027,0.010940712330602897,0.008595990700290157,0.002722829543789995
2017-05-22,161.19113159179688,13726000,10.930000305175781,0.01086949016712424,0.005681524942917848,-0.00672227019332261
2017-05-23,161.19113159179688,19991000,10.720000267028809,-0.004066126292393668,0.0,0.0013002019137837717
2017-05-24,161.5842742919922,13380000,10.020000457763672,0.0064704333191139,0.0033900622272058367,0.0033295724894715217
2017-05-25,162.7637176513672,22328000,9.989999771118164,0.005489160857863995,0.0014075345551147755,0.0007632179339125411
2017-05-26,162.7637176513672,32514000,9.8100004196167,0.0037936392190029977,-0.0016868962098902651,-0.0031832995771982064
2017-05-31,159.61851501464844,67475000,10.40999984741211,-2.740137239498619e-05,-0.011738498711598822,0.00016612370644875085
2017-06-01,162.7637176513672,27589000,9.890000343322754,0.001035352877273299,0.014988745901046707,-0.0005648281814598644
2017-06-02,164.33628845214844,22573000,9.75,0.00993087282141003,0.008080245862592816,0.00036566868768317384
2017-06-05,166.6951904296875,21457000,10.069999694824219,0.002555688079271201,0.005804294001314325,3.3276554024519456e-05
2017-06-06,165.51577758789062,14912000,10.449999809265137,0.003489347013966082,0.0010991464858851607,-0.0008307452958501438
2017-06-07,166.30203247070312,29514000,10.390000343322754,0.007404955587750894,0.0008236354464419282,0.0001995015063156469
2017-06-08,167.4814910888672,18437000,10.15999984741211,0.01783953348904954,0.010148191456077038,0.003025919811824762
2017-06-09,166.6951904296875,31774000,10.699999809265137,-0.04234566323028777,-0.02823808080456225,-0.0026189448242912583
2017-06-12,163.15687561035156,58256000,11.460000038146973,-0.005146651227534216,-0.015367082424481704,0.0028917068373623955
2017-06-13,163.55003356933594,43566000,10.420000076293945,0.006371984206637427,0.009080188190668137,-0.000596548200298086
2017-06-14,162.7637176513672,36293000,10.640000343322754,-0.01056492376855056,0.0025312916432711496,0.0016580744792584756
2017-06-15,163.55003356933594,17748000,10.899999618530273,-0.00839022890304364,-0.005890986635356588,-0.0002317487005496499
2017-06-16,166.30203247070312,32816000,10.380000114440918,-0.003296751153087696,0.012133218556510839,0.0010265625993806093
2017-06-19,167.4814910888672,15632000,10.369999885559082,0.019386696265293324,0.009478686584246443,0.0030765295479717736
2017-06-20,170.2335662841797,28630000,10.859999656677246,-0.01198621087558116,-0.0022094853325630437,0.0011213111326393577
2017-06-21,169.44723510742188,44789000,10.75,0.011666454865226772,0.016053147191146477,0.0037553831105905378
2017-06-22,171.4129638671875,24139000,10.479999542236328,-0.002262311626045621,0.0,-0.0009189326734712067
2017-06-23,170.62669372558594,39621000,10.020000457763672,0.0032443773576753543,0.0005448805676824264,-0.000492720252500356
2017-06-26,174.68923950195312,58686000,9.899999618530273,-0.009701544091688219,0.015714928706566766,-0.006014413655630713
2017-06-27,171.84548950195312,43269000,11.0600004196167,-0.02714487955760614,-0.028784513376334142,0.002281452364906844
2017-06-28,169.40789794921875,48568000,10.029999732971191,0.017660651619795242,0.007409222785331959,0.002210254215414764
2017-06-29,170.62667846679688,26019000,11.4399995803833,-0.025075440336962407,-0.015275480740668979,0.0011850298366968826
2017-06-30,169.40789794921875,30867000,11.180000305175781,-0.0052959473413553,0.004308744955673349,-0.002071269219597438
2017-07-03,169.81417846679688,19027000,11.220000267028809,-0.013914276544314874,-0.0022882134497169693,0.0021084958545818377
2017-07-04,168.18917846679688,21132000,11.220000267028809,-0.013914276544314874,-0.0022882134497169693,0.0
2017-07-05,169.40789794921875,23276000,11.069999694824219,0.02084253885577758,-0.0017202123320849694,0.0030903725954816164
2017-07-06,168.5954132080078,15242000,12.539999961853027,-0.004540287139063737,-0.00918998652347447,-0.0008521211853730337
2017-07-07,167.37667846679688,20655000,11.1899995803833,0.01721226049418556,0.003767831591049653,0.0030506315491787284
2017-07-10,167.37667846679688,13292000,11.109999656677246,0.011565030703882373,0.010684748414727885,0.00032704000167660396
2017-07-11,172.25167846679688,33265000,10.890000343322754,0.007796896776055551,0.010857035870392329,0.00032704000167660396
2017-07-12,171.032958984375,26426000,10.300000190734863,0.01621686475385875,0.008762147710578594,-0.0005884546042222993
2017-07-13,174.282958984375,50090000,9.899999618530273,-0.0024980148466793306,0.012888804485755134,-0.0034347250011292907
2017-07-14,173.064208984375,22335000,9.510000228881836,0.013016742354298838,0.0027659981706209535,-0.00341375647568809
2017-07-17,173.064208984375,21372000,9.819999694824219,-0.004319307531269523,-0.009379169173286184,-0.0005599353884945257
2017-07-18,173.87673950195312,18613000,9.890000343322754,0.0034558924915353284,-0.001114129531436192,0.00174662195820674
2017-07-19,174.282958984375,20637000,9.789999961853027,0.008909301982609641,0.015054228995735386,-0.0015132917046867256
2017-07-20,175.09547424316406,20770000,9.579999923706055,0.003090193176550793,-0.008513832845650549,0.0008566761130206491
2017-07-21,173.87673950195312,15032000,9.359999656677246,-0.008131643795017851,-0.006925312520025484,0.0015142879729042047
2017-07-24,174.282958984375,19972000,9.430000305175781,-0.004090172036317119,0.01032107274084848,0.00026293988356673736
2017-07-25,173.87673950195312,13344000,9.430000305175781,-0.0003808160774549929,-0.0033132693197993612,-0.003023201823573518
2017-07-26,173.064208984375,14684000,9.600000381469727,0.01157276064645818,0.0033242835665507897,0.00013183394279558946
2017-07-27,175.09547424316406,23013000,10.109999656677246,-0.016210119200647632,-0.001104593766123374,-0.003163848995921703
2017-07-28,173.064208984375,19724000,10.289999961853027,-0.003900616275566704,-0.008844728035440452,-0.0004958967757818789
2017-07-31,174.282958984375,19993000,10.260000228881836,-0.007172952991665871,0.00278856149398643,0.00033078290439747526
2017-08-01,172.25167846679688,19704000,10.09000015258789,0.005510740758614352,-0.003336775070870601,-0.0013887909559309186
2017-08-02,175.50173950195312,27320000,10.279999732971191,-0.006571209583850268,0.006417010478202423,0.0011920297081542408
2017-08-03,173.47044372558594,25694000,10.4399995803833,-0.004760242347800592,-0.007762579819271753,-0.00013228304256296397
2017-08-04,173.064208984375,21831000,10.029999732971191,0.0006024307696834708,0.006705508278356476,-0.0009261668961579872
2017-08-07,175.50173950195312,21564000,9.930000305175781,0.01741632282971084,0.02109398060021328,-3.315315906982086e-05
2017-08-08,176.72048950195312,25122000,10.960000038146973,-0.00407919915206012,-0.0024461372843516127,0.00036425478384360943
2017-08-09,174.282958984375,28050000,11.109999656677246,-0.002998829039289941,-0.006539617614902848,-0.0010922401958785022
2017-08-10,173.87673950195312,26273000,16.040000915527344,-0.02794154093663548,-0.03071842860312579,0.0006957989668048281
2017-08-11,172.65798950195312,41417000,15.510000228881836,0.005848900075129393,0.022637129940979994,0.0029137557843463835
2017-08-14,171.43919372558594,29299000,12.329999923706055,0.025810827303395678,-0.002490260494101171,0.0013865901493914645
2017-08-15,173.87673950195312,13512000,12.039999961853027,0.0024595091160433125,0.010263231567984032,-0.0016484617961826098
2017-08-16,173.064208984375,25176000,11.739999771118164,0.0014956654759459287,-0.002196547324450404,6.607254286516984e-05
2017-08-17,173.87673950195312,8334000,15.550000190734863,-0.025836236765302778,-0.01513495301745782,0.0019482239626824605
2017-08-18,172.65798950195312,13711000,14.260000228881836,0.002047362416127241,0.0019559405606501823,-0.0016148629242873636
2017-08-21,171.84548950195312,11882499,13.1899995803833,-0.0068757008801921815,0.003346467712219914,0.0004951273961404379
2017-08-22,174.282958984375,14211415,11.350000381469727,0.01608236087915582,0.015008201525140263,-3.297537639279646e-05
2017-08-23,175.09547424316406,11589917,12.25,0.004409988042833657,0.0016429629772558574,-0.0009238444439787497
2017-08-24,176.31427001953125,15224842,12.229999542236328,-0.00044180415648720217,0.0068345664968227915,-0.000297251585011038
2017-08-25,176.72048950195312,10125387,11.279999732971191,-0.005000371517835278,0.0005427718231689749,-0.0008919569002594496
2017-08-28,175.50173950195312,15236159,11.319999694824219,0.0019620500853192446,-0.002170915978468746,-0.004562841664456196
2017-08-29,175.50173950195312,16160161,11.699999809265137,0.0020690456896028664,0.0029915668138127405,0.0011625538552282322
2017-08-30,176.72048950195312,19674310,11.220000267028809,0.017357038059234275,0.0013557187194774833,0.0013270630432464792
2017-08-31,175.90797424316406,26434202,10.59000015258789,0.009622373810862728,0.001083357655528694,-0.0014910068141532618
2017-09-01,175.90797424316406,17805405,10.130000114440918,0.004513920688206108,0.00676190231365692,0.001493233235081881
2017-09-04,176.72048950195312,15023185,10.130000114440918,0.004513920688206108,0.00676190231365692,-0.0017560550309362322
2017-09-05,177.1267547607422,17357347,12.229999542236328,-0.014035021903275768,-0.009940800484173451,-0.0017923809754131215
2017-09-06,176.31427001953125,16012662,11.630000114440918,0.0019299990697867475,0.011397560499846637,-0.0008312701677514189
2017-09-07,176.31427001953125,19135540,11.550000190734863,0.00142884173847313,0.0072446475380456565,0.0008985466217859006
2017-09-08,177.1267547607422,25512045,12.119999885559082,-0.01250742862484644,-0.0010656918540796756,-0.0012967002665950078
2017-09-11,176.31427001953125,19026886,10.729999542236328,0.020091606598443557,0.009066715523579294,-0.0016313142226788147
2017-09-12,177.9392547607422,21588321,10.579999923706055,0.0042493593677637165,0.0005287134076843447,0.000566836418654848
2017-09-13,177.1267547607422,17555541,10.5,0.0016426423592501571,-0.008716559221681797,0.00013336502394811767
2017-09-14,177.5330047607422,18315567,10.4399995803833,0.004794842158491575,-0.003996406353337978,0.0009330493253221217
2017-09-15,177.5330047607422,44551103,10.170000076293945,0.017083260022791702,0.007222829140676401,0.0016645882068238027
2017-09-18,178.3455047607422,17654705,10.149999618530273,0.012400992462636484,0.011155194865442253,-0.001096787277343636
2017-09-19,179.9705047607422,23410233,10.180000305175781,0.003514476672310085,0.006041675241643896,0.0012643308172799461
2017-09-20,179.9705047607422,20320237,9.779999732971191,-0.014060331642971047,-0.012532482784736843,0.0007311334298543137
2017-09-21,179.56430053710938,18645565,9.670000076293945,-0.004118039847891386,0.011105173484358133,0.00023244900736996144
2017-09-22,177.5330047607422,21557370,9.59000015258789,0.005000542655670515,-0.012291129956174096,0.0022575241676539015
2017-09-25,176.31427001953125,16876286,10.210000038146973,-0.019702698429435395,-0.018532947530466415,-0.0008612100408587064
2017-09-26,173.87673950195312,23070901,10.170000076293945,-0.0004791000587961447,0.0018885904823242594,0.001359293374854964
2017-09-27,174.68923950195312,22590510,9.869999885559082,0.023615034631923493,0.002961263414138715,-0.00023175636911654252
2017-09-28,173.87673950195312,31616062,9.550000190734863,0.0075368095457502005,-0.00536869943995022,0.0028810773168770343
2017-09-29,175.90797424316406,21380708,9.510000228881836,0.008651231684040583,0.013494976921837765,0.002707661603455147
2017-10-02,179.15802001953125,27983551,9.449999809265137,0.005982564241255206,0.015446412449824587,-0.0017453565770333412
2017-10-03,180.78302001953125,36679938,9.510000228881836,0.0031219967855249386,0.008129657242513577,0.004255590382075125
2017-10-05,182.40805053710938,23349939,9.1899995803833,0.000700243040671733,0.00496431172226508,-3.2847493413368234e-05
2017-10-06,182.40805053710938,15642516,9.649999618530273,0.004535992923221155,0.0,-0.003089458385340915
2017-10-11,189.31434631347656,63667562,9.850000381469727,0.006618613781933069,0.03541178970199188,-0.0004938558467187937
2017-10-12,192.9706573486328,42390186,9.90999984741211,-0.0033657008513249265,0.002230319430181593,-0.004776508089974207
2017-10-13,192.9706573486328,23145071,9.609999656677246,0.006696379749854042,0.009396661598895184,-0.000662003767853192
2017-10-16,193.37692260742188,19964072,9.90999984741211,0.004740798945269908,0.0017145811286365387,-0.001589836267585465
2017-10-17,191.3456573486328,17652304,10.3100004196167,-0.0007102058989241211,0.008804599189380147,-6.631175115734411e-05
2017-10-18,192.9706573486328,28886850,10.069999694824219,0.003300361956846576,0.0060602477842608415,0.0012938609660426703
2017-10-19,194.1894073486328,23481776,10.050000190734863,-0.0025322313583014955,-0.01036110952234559,0.0005632748584134539
2017-10-20,192.9706573486328,24722035,9.970000267028809,0.00513441634340106,0.0012175197319244102,0.00039734850874939553
2017-10-23,194.1894073486328,15772559,11.069999694824219,0.0047103553763570005,0.0021884421034117363,0.000397253821958099
2017-10-24,193.37692260742188,14975093,11.15999984741211,0.0066605154928374155,0.0026693092768510507,0.0007941290367858844
2017-10-25,193.37692260742188,16880187,11.229999542236328,-0.012935798943615184,-0.0038724687164777283,0.00039671791754303243
2017-10-26,191.7519073486328,12959717,11.300000190734863,0.006312697489021968,0.0009721341808730521,-0.0003304986804636423
2017-10-27,194.1894073486328,17773541,9.800000190734863,0.02143846058961385,0.02305842162205951,-0.001190138159818388
2017-10-30,197.43943786621094,27784990,10.5,0.0018677418862445005,-0.00047459534560001515,-0.002482482563372579
2017-10-31,197.43943786621094,22582013,10.180000305175781,0.007662433277227709,0.004747436656003412,0.0015264105801429118
2017-11-01,197.03321838378906,20389054,10.199999809265137,-0.003214129422801193,-0.005434035018241579,-0.0005301244866768862
2017-11-02,195.81443786621094,15810342,9.930000305175781,0.0045850650092500445,0.001188063164128561,-0.0012927887337764732
2017-11-03,194.1894073486328,16528682,9.140000343322754,0.017716508907853257,0.0009490807038661231,0.0016927972203153452
2017-11-06,194.59568786621094,21029415,9.399999618530273,0.013361843356883396,0.0056886452903852636,-0.0007952605178148664
2017-11-07,198.25196838378906,20200261,9.890000343322754,-0.000599630325263556,0.0018853071149447231,0.001425941522102736
2017-11-08,197.03321838378906,14129103,9.779999732971191,0.0034787557516435808,-0.0018817594205206012,-0.0008609533496681809
2017-11-09,195.81443786621094,20313949,10.5,-0.02003585612717418,-0.01861925154782562,-9.943852947802423e-05
2017-11-10,195.40823364257812,14121296,11.289999961853027,0.006488208635701653,0.0019214101177418286,0.00033147365422991903
2017-11-13,194.59568786621094,12087858,11.5,0.0027012549711147305,0.0069508377575213665,-0.00235266413221491
2017-11-14,195.001953125,16880176,11.59000015258789,-0.0012092302865707172,-0.0035703900624106666,0.0013949720064847515
2017-11-15,192.9706573486328,28720308,13.130000114440918,-0.009042183010057436,-0.007644693152956683,0.000829174754447104
2017-11-16,193.37692260742188,16487172,11.760000228881836,0.015395944116488147,0.01348079890415299,0.000829174754447104
2017-11-17,196.22071838378906,18676825,11.430000305175781,-0.0047063320739050285,-0.0007123533792517955,-0.0015575469378441564
2017-11-20,193.7831573486328,16265271,10.649999618530273,0.012150615740851967,0.0033276038497369598,-0.0018919647305106757
2017-11-21,197.43943786621094,20513024,9.729999542236328,0.01142264171140761,0.008765834202371314,0.00023278140671512126
2017-11-22,196.62698364257812,26626431,9.880000114440918,-0.006592373288142106,-0.003992288485631601,-0.002659748854975663
2017-11-23,197.03321838378906,9346763,9.880000114440918,-0.006592373288142106,-0.003992288485631601,-0.00013333256186531806
2017-11-24,198.25196838378906,11154453,9.670000076293945,0.009472549884565362,0.01367604576237591,0.0003334076500236538
2017-11-27,192.5644073486328,32247324,9.869999885559082,-0.013073003270639094,-0.04419664174452942,-0.0008998942643310137
2017-11-28,190.1268768310547,44803178,10.029999732971191,-0.0008081171616852734,-0.0038939194923429676,0.0003002561434959361
2017-11-29,190.53317260742188,25762797,10.699999809265137,-0.04388997507166703,-0.03713644662413085,-0.00020011067787018
2017-11-30,183.6268310546875,109231770,11.279999732971191,0.005960458023487769,0.004821241175811064,-0.00030016247455011413
2017-12-01,187.68936157226562,37446265,11.430000305175781,-0.010922968748351303,0.00252519694663067,0.0004003580120859329
2017-12-04,190.1268768310547,21635032,11.680000305175781,-0.02447070133134377,-0.007808626354852577,0.00030019605302311625
2017-12-05,186.4705810546875,29664765,11.329999923706055,0.0005375527896822607,-0.004823453686052859,0.0013336558884173844
2017-12-06,184.4392852783203,32371690,11.020000457763672,0.0030524781810410406,-0.013265605645282785,-0.0019645716591691897
2017-12-07,184.03309631347656,41343903,10.15999984741211,0.009949206878795636,0.008531835185343395,0.0006339374554074073
2017-12-08,184.4392852783203,37959260,9.579999923706055,-0.005046145661232848,-0.00025622005071634923,0.0005668244210321749
2017-12-11,184.84559631347656,20649609,9.34000015258789,0.005927740888842736,0.009486850854788953,-0.00019995730091715291
2017-12-12,184.84559631347656,21796584,9.920000076293945,-0.009955123541828703,-0.0017782003307940109,0.00013331033724717223
2017-12-13,184.4392852783203,17920331,10.180000305175781,-0.00011353950140224889,-0.0002538576153686689,-0.00019997063368315526
2017-12-14,187.28311157226562,17193313,10.489999771118164,-0.0004947003602788769,0.002799160499636466,0.000733351117707226
2017-12-15,186.8768768310547,42625779,9.420000076293945,0.014978505986539048,0.0025384867729001392,-0.0006328816782532609
2017-12-18,184.4392852783203,14564664,9.529999732971191,0.02160063571923554,-0.002532059174178314,-0.0014331178507402953
2017-12-19,182.81431579589844,25714129,10.029999732971191,-0.0010877249659674293,-0.0015229273339041338,0.0010346829835869986
2017-12-20,182.40805053710938,26289333,9.720000267028809,0.006987686631248824,0.0025420050693976126,-0.00023339455011639476
2017-12-21,182.81431579589844,18558164,9.619999885559082,-0.010603282482096521,-0.005324428449987928,-0.00023344903584909815
2017-12-22,184.84559631347656,19036483,9.899999618530273,-0.0005032313151738244,0.010196647520501756,-0.0004003281520147395
2017-12-25,185.65811157226562,4579675,9.899999618530273,-0.0005032313151738244,0.010196647520501756,-0.002903286869795574
2017-12-26,183.6268310546875,13755843,10.25,-0.009668288771465638,-0.017159157641564837,0.0007362816474554279
2017-12-27,182.81431579589844,12515245,10.470000267028809,0.0035587033326238693,0.0033382541646049813,0.001137099019661969
2017-12-28,183.6268310546875,24304371,10.180000305175781,0.002327177930797175,0.016888175963587937,0.0
2017-12-29,186.4705810546875,25007443,11.039999961853027,-0.010463554836203315,-0.002264787408743252,-0.004209101484265787
2018-01-02,188.90814208984375,18055269,9.770000457763672,0.027652448819706077,0.034552274938431715,0.0041145881008741725
2018-01-03,192.5644073486328,29308091,9.149999618530273,0.017209004442005904,0.016820920123035155,-0.005071741944890795
2018-01-04,194.59568786621094,29096613,9.220000267028809,0.005634193704170398,-0.005274399599957458,-0.000978979436473848
2018-01-05,195.001953125,22438255,9.220000267028809,0.006430089251707294,0.02337939764608188,-0.0007772350502779357
2018-01-08,196.62698364257812,20233692,9.520000457763672,0.007414953809390168,-0.00047134867190934404,-0.003483281769771862
2018-01-09,196.62698364257812,19043123,10.079999923706055,-0.009711496768409877,-0.006126271340851974,0.0012217465843202824
2018-01-10,192.1581573486328,23631220,9.819999694824219,-0.012362276665830119,-0.02086295155480211,0.0005084021800005889
2018-01-11,190.93942260742188,30446338,9.880000114440918,0.006216407113126987,-0.0065374994176978785,0.002642490116750995
2018-01-12,192.5644073486328,21513291,10.15999984741211,0.0059041115445208625,0.003899387200414939,-0.00027035164661226574
2018-01-15,195.001953125,27476533,10.15999984741211,0.0059041115445208625,0.003899387200414939,-0.000168959067103569
2018-01-16,195.40823364257812,21691632,11.65999984741211,0.002927157695069349,0.02524908619996502,-0.002028173801541855
2018-01-17,196.62698364257812,38046119,11.90999984741211,0.028899650222889317,0.02131205435904393,0.0009144910490674896
2018-01-18,201.90826416015625,49896952,12.220000267028809,0.004595811265732497,0.03338733898671098,0.00020306324716590218
2018-01-19,207.5958251953125,50549292,11.270000457763672,0.0010725328626848274,0.002243508164844865,-0.00043985953405867306
2018-01-22,212.47085571289062,43400509,11.029999732971191,0.0075654356400143286,0.03828092486868906,-0.006058929410731717
2018-01-23,216.1271514892578,33527444,11.100000381469727,0.00755922693954969,-0.002156154095198426,-0.003473681687524155
2018-01-24,209.6271209716797,41874813,11.470000267028809,-0.023103493516257956,-0.020527274067758006,0.00020506182001156503
2018-01-25,209.6271209716797,44643756,11.579999923706055,-0.016947451041748662,-0.005073995468963921,-0.006150072001303908
2018-01-26,207.18954467773438,39555523,11.079999923706055,0.032632604606241955,0.013747544145251478,-0.0008250882971686524
2018-01-29,210.03335571289062,30071234,13.84000015258789,-0.00206330083592543,-0.006999375280305031,0.0011698457780222604
2018-01-30,205.56454467773438,36860591,14.789999961853027,-0.02029867648977146,-0.011453493032519635,0.0011341310924968262
2018-01-31,207.18954467773438,44136808,13.539999961853027,0.00818996702825081,0.009580892384135176,0.0030551231667526046
2018-02-01,210.84585571289062,30559457,13.470000267028809,-0.004722771730398478,0.003089655358700538,-0.00266937429237335
2018-02-02,210.84585571289062,25707560,17.309999465942383,-0.027371255573843678,-0.0206819227565207,0.0015441656711152607
2018-02-05,205.56454467773438,45594379,37.31999969482422,-0.0471706116908458,-0.035048262590487766,0.005447644335912383
2018-02-06,194.1894073486328,102409048,29.979999542236328,0.03651027898062864,0.01490093549379079,-0.0015334313114026
2018-02-07,195.001953125,80063178,27.729999542236328,-0.022402189061650257,-0.03922895965985462,0.002525490713775058
2018-02-08,193.7831573486328,30989550,33.459999084472656,-0.042310385713408616,-0.036294366570744585,-0.003778725482047829
2018-02-09,188.90814208984375,65735265,29.059999465942383,0.030484321609077103,0.027502563508209343,0.003588010608779557
2018-02-12,192.1581573486328,35635236,25.610000610351562,0.01857761521739376,0.025560418705917964,-0.002145109688946767
2018-02-21,197.03321838378906,71504174,20.020000457763672,-0.012060895662110438,-0.019433326769070614,0.010233646598035717
2018-02-22,194.59568786621094,39239993,18.719999313354492,-0.00245973503276653,-0.011657475798172334,-0.0034448593510109093
2018-02-23,199.06448364257812,26985776,16.489999771118164,0.02193496717298382,0.035621700742498374,0.002156195648349346
2018-02-26,200.2832489013672,35901810,15.800000190734863,0.02159741723284947,0.011616844461430187,-0.027389776374268426
2018-02-27,199.87701416015625,40818119,18.59000015258789,-0.0040209877412318296,-0.01778861069598614,0.02538711227324164
2018-03-01,197.43943786621094,39719984,22.469999313354492,-0.016064378327084072,-0.014532767249860967,0.00201544083215488
2018-03-02,195.001953125,35139170,19.59000015258789,0.017639958802841305,0.006788239968129828,-0.0015000383641525783
2018-03-05,196.22071838378906,27337846,18.729999542236328,0.008857701238604854,0.011160166683553463,-0.000716989612637442
2018-03-06,203.1269989013672,34890780,18.360000610351562,0.014979711286752906,0.0011494512630745302,-0.0003758261479200886
2018-03-07,200.68951416015625,30391219,17.760000228881836,0.002864365209361397,0.015158786176977523,-0.0019824508540073893
2018-03-08,202.72079467773438,20645694,16.540000915527344,0.0011282484866181886,-0.009049994918266968,0.0019863887721252027
2018-03-09,203.53329467773438,19831063,14.640000343322754,0.020762443805692588,0.018036561699389164,0.0024609667298471916
2018-03-12,206.37701416015625,24492615,15.779999732971191,0.010299330530721296,0.014128525373372725,-0.00276181528288999
2018-03-13,210.43959045410156,33756883,16.350000381469727,-0.015519789126261396,-0.005085725439924915,0.0002735683717138837
2018-03-14,208.81459045410156,23772838,17.229999542236328,2.8127986454684617e-05,0.0035562674318878607,3.4162245893920584e-05
2018-03-15,207.18954467773438,19396493,16.59000015258789,-0.0010046039416491404,0.0035437678899286063,-0.0028710952550391466
2018-03-16,207.18954467773438,62929326,15.800000190734863,0.0003305693750608185,-0.007503901844789329,-0.0015425247926551533
2018-03-19,207.18954467773438,21440766,19.020000457763672,-0.019486335717978087,-0.00822793905554109,-0.0005149474565662171
2018-03-20,205.56454467773438,21840151,18.200000762939453,0.007656940768127063,0.0051570465308772295,0.0015113082453630522
2018-03-21,205.15834045410156,28976737,17.860000610351562,0.0017644827241194427,-0.002899883992230845,-0.00041153515171554744
2018-03-22,204.34580993652344,27000668,23.34000015258789,-0.02769925747595925,-0.022595001037129192,-0.0025047161803761764
2018-03-23,199.06448364257812,52498390,24.8700008392334,-0.03291497112178998,-0.025406246660835574,0.003611706811285309
2018-03-26,197.84571838378906,36987945,21.030000686645508,0.04243453515002882,0.03969032436200748,0.0
2018-03-27,203.93951416015625,31008260,22.5,-0.037794388162018744,-0.022137233590362237,-0.0034958797229628358
2018-03-28,199.06448364257812,29637411,22.8700008392334,-0.021175652783972487,-0.013860139430278307,0.003508143771639327
2018-03-29,198.25196838378906,36165345,19.969999313354492,0.0223723895051946,0.025064416497356357,-0.0013709742421971205
2018-03-30,199.87701416015625,16996346,19.969999313354492,0.0223723895051946,0.025064416497356357,-0.0012012166131334379
2018-04-02,200.2832489013672,17696003,23.6200008392334,-0.03904734268578014,-0.028793111138114225,-0.004398266621024494
2018-04-03,198.25196838378906,35813944,21.100000381469727,0.019639592378207338,0.023058860848139684,0.005798276461005392
2018-04-09,199.06448364257812,34694824,21.770000457763672,0.006757596386583575,0.015322844521110657,0.0024625006515370806
2018-04-10,199.4707489013672,25156994,20.469999313354492,0.031983033971348274,0.011841469490929457,-0.0023199893329036714
2018-04-11,201.50198364257812,21607935,20.239999771118164,0.00039559048473014613,-0.004589372828619376,-0.0017782656707909794
2018-04-12,199.06448364257812,20409657,18.489999771118164,0.01870635141351884,0.010834569181548792,-0.00013702329598597185
2018-04-13,198.6582489013672,19742548,17.40999984741211,-0.007658666754142174,-0.02736626451990576,0.0033577595418077255
2018-04-16,197.84571838378906,18350139,16.559999465942383,0.0023469197080561166,0.0051581528086737105,0.0008536954716427125
2018-04-17,193.37692260742188,42756389,15.25,0.018911499116343267,-0.013062357180652073,0.0012624332494683976
2018-04-18,193.37692260742188,42500048,15.600000381469727,-0.010267169745636795,-0.009217914312524833,0.0009541292608565843
2018-04-19,198.6582489013672,31901989,15.960000038146973,-0.04308742737035487,-0.057012890798964544,-0.003200104204841958
2018-04-20,186.06434631347656,128452087,16.8799991607666,-0.011704084962030792,-0.014673011985371742,0.0035177162262665096
2018-04-23,184.03309631347656,71009975,16.34000015258789,-0.01325903241866322,-0.005134438911567507,0.002892862998967738
2018-04-24,184.4392852783203,40967892,18.020000457763672,-0.008221771227626462,0.0,0.0044115365463928136
2018-04-25,182.81431579589844,46771110,17.84000015258789,-0.0011901086998663546,-0.014968010634368922,0.0004730028774555528
2018-04-26,180.3768310546875,48023557,16.239999771118164,0.020946892793056726,0.0,0.002228825673021184
2018-04-27,181.59552001953125,34174459,15.40999984741211,-0.007963961723239654,0.0,-0.0015162772780326073
2018-04-30,184.4392852783203,28500789,15.930000305175781,-0.01089726740676722,0.007335869492343994,-0.003138342606499145
2018-05-02,181.1892852783203,38167942,15.970000267028809,-0.005150242320101639,-0.030310741938026853,0.002396579159283263
2018-05-03,179.15802001953125,31690731,15.899999618530273,0.006367929031694697,0.00927137963281921,0.002559188212088559
2018-05-04,181.1892852783203,27208722,14.770000457763672,0.023109607095072482,0.012861035800310505,-0.0035267338546910443
2018-05-07,181.59552001953125,23268759,14.75,0.009061254214044245,-0.0036279828790010127,0.00020225559346642719
2018-05-08,185.25184631347656,40324763,14.710000038146973,0.007290932383300586,0.01898557937073231,0.004684233334417476
2018-05-09,186.4705810546875,33778934,13.420000076293945,0.014157625759223302,0.004338853463089931,-0.0003018438577974125
2018-05-10,186.4705810546875,27530377,13.229999542236328,0.017984795183744184,0.010673328636495283,0.0026842008258094463
2018-05-11,189.31434631347656,30693910,12.649999618530273,-0.007540133154893991,0.003520631340286684,-0.006090252615184588
2018-05-14,189.31434631347656,19921437,12.930000305175781,0.012617952072174532,0.0010021167931286712,-0.0011447174302332552
2018-05-15,187.28311157226562,23771769,14.630000114440918,-0.011992705238802581,-0.016270677340878947,0.00424704601398318
2018-05-16,187.28311157226562,14409556,13.420000076293945,0.014062615900618525,0.012468514047043744,0.003054292856302876
2018-05-17,184.03309631347656,26852737,13.430000305175781,-0.003817225430219673,-0.02085940506526296,-0.0025430889423114778
2018-05-18,181.59552001953125,27664541,13.420000076293945,-0.014411661195338654,-0.013860361974269653,0.002885049564254505
2018-05-21,186.06434631347656,16127815,13.079999923706055,0.010511459382762656,0.027329457036252558,0.0010369672806294084
2018-05-22,186.06434631347656,22355097,13.220000267028809,0.0056130218154868405,0.004307091514007766,-0.0002339092876837423
2018-05-23,185.65811157226562,23062899,12.579999923706055,0.005106169570908481,0.000252264887253828,-0.002874442351235018
2018-05-24,186.06434631347656,12996610,12.529999732971191,0.0034717563963531095,-0.009583765019976709,0.002715093148275338
2018-05-25,185.65811157226562,15971294,13.220000267028809,0.0087907590915699,0.0007634528610653835,-6.682160181703534e-05
2018-05-28,184.4392852783203,16373270,13.220000267028809,0.0087907590915699,0.0007634528610653835,0.0011032039974741004
2018-05-29,182.81431579589844,23764776,17.020000457763672,-0.0071323244361541915,-0.02900718433566396,-0.0017031422812666674
2018-05-30,179.56430053710938,49163788,14.9399995803833,0.006510145372856213,0.004716573403682034,0.005552966187532649
2018-05-31,182.0018310546875,96069458,15.430000305175781,-0.007849453497993153,0.009389951798747243,-0.005455740532561482
2018-06-01,182.0018310546875,27617994,13.460000038146973,0.023430064244923887,0.012919972787951872,0.002475227626901333
2018-06-04,186.06434631347656,25959480,12.739999771118164,0.008049248485397786,0.01964277984858831,-0.0055388209097601004
2018-06-05,186.06434631347656,26534884,12.399999618530273,0.0041049334279348315,-0.010757948705814813,-0.005401999759373499
2018-06-06,186.8768768310547,24767441,11.640000343322754,0.006601235956458007,0.0005056884972927111,0.005296346181947076
2018-06-07,186.8768768310547,24958266,12.130000114440918,-0.00945795800945426,-0.0010111001878644332,-0.004127489746080681
2018-06-08,184.4392852783203,23548851,12.180000305175781,-0.008460007475022069,-0.01492905691974955,0.0026956876902199944
2018-06-11,183.6268310546875,21696933,12.350000381469727,-0.0023366650877999495,-0.004366716023295858,0.002654853416119929
2018-06-12,186.06434631347656,29501260,12.34000015258789,0.0052377979502784555,0.011351777604719837,-0.0006703464763051503
2018-06-13,188.5018768310547,28944970,12.9399995803833,-0.001334407432346918,-0.003826682968239181,-0.0005030651212809545
2018-06-14,184.03309631347656,33408041,12.119999885559082,0.006108262236114603,-0.011523732650589702,0.00016775144011194065
2018-06-15,187.68936157226562,48059679,11.979999542236328,-0.0007588650699821287,0.002331735545914926,0.002449169792041017
2018-06-19,182.81431579589844,56889624,13.350000381469727,-0.011598807969654623,-0.018038886017416544,0.0008960715277259723
2018-06-20,183.6268310546875,40708701,12.789999961853027,0.005044639728178257,0.021033045457406807,0.0005636857369484272
2018-06-21,184.03309631347656,31242557,14.640000343322754,-0.012576838357903797,-0.019035206388760884,-0.00046394282505146656
2018-06-22,184.84559631347656,43581409,13.770000457763672,-0.007248325279933243,0.013290448793487286,0.005205211345315597
2018-06-25,183.5823974609375,45025211,17.329999923706055,-0.031334763630561646,-0.007205878096412044,-0.0006926319561385563
2018-06-26,180.6349639892578,38446346,15.920000076293945,0.004036011862523559,-0.0013691581478109116,0.001452198751542122
2018-06-27,179.3717803955078,39888414,17.90999984741211,-0.024666277220814048,-0.0260561108805335,0.0021422627408969053
2018-06-28,178.52964782714844,37940780,16.850000381469727,0.008558184711564332,0.012109219631986523,0.0028283107070776747
2018-06-29,182.31919860839844,34313680,16.09000015258789,0.001570504483266788,0.017251012728654924,0.0024923823023967895
2018-07-02,180.21392822265625,32449442,15.600000381469727,0.006173485364477926,-0.0005469386451910641,-0.00343483729915095
2018-07-03,180.6349639892578,28323220,16.139999389648438,-0.018232648102171067,-0.004105141411317015,0.0023305916449567476
2018-07-04,181.89816284179688,15212295,16.139999389648438,-0.018232648102171067,-0.004105141411317015,-0.0007859887986445546
2018-07-05,180.6349639892578,18225416,14.970000267028809,0.027163234513923662,0.005495981666009397,-0.00013109075825157301
2018-07-06,182.74029541015625,29033762,13.369999885559082,0.012175894958866618,0.01858463927399301,6.558523348165757e-05
2018-07-09,186.52980041503906,38734793,12.6899995803833,0.0065521448235903446,0.015025297161548323,-0.002654996219875083
2018-07-10,186.950927734375,20118957,12.640000343322754,0.010471028177843289,0.0026433586721705815,-0.0039108545803353545
2018-07-11,185.26661682128906,19854690,13.630000114440918,-0.02589909933503365,-0.02530970711182612,0.003002395434546612
2018-07-12,185.6876983642578,23666051,12.579999923706055,0.00709951336617487,0.009196049994274924,0.008059238233807609
2018-07-13,189.05618286132812,29716311,12.180000305175781,-0.003989002608797421,0.01232941795852427,-0.00541688248429717
2018-07-16,188.2140350341797,15819254,12.829999923706055,-0.0011858072033167355,0.0005298906270221337,0.002854420844750294
2018-07-17,186.52980041503906,21548436,12.0600004196167,0.014747170144272292,0.00661545012588749,-0.003140766584919241
2018-07-18,187.79299926757812,39898658,12.100000381469727,0.007704229448606492,0.009726516169749733,0.0004923300733550295
2018-07-19,189.05618286132812,39661216,12.869999885559082,-0.002657992750620952,0.03644879085251573,0.0024601887514921206
2018-07-20,200.00375366210938,97969023,12.859999656677246,-0.004854230530771053,0.023109955520963732,0.0035994964749312963
2018-07-23,202.95118713378906,52256877,12.619999885559082,0.0016113005326514607,0.00024541615332407396,-0.0032279403501748183
2018-07-24,202.95118713378906,27239267,12.40999984741211,-0.010871357574697926,-0.008591080570608978,-3.269277130379944e-05
2018-07-25,202.53016662597656,20962512,12.289999961853027,0.0048790777924725415,0.012378976004425724,0.0016028716671936394
2018-07-26,202.95118713378906,30606388,12.140000343322754,0.018674957746974474,-0.0017115198696759926,-0.007217700375016234
2018-07-27,205.8986358642578,27129646,13.029999732971191,-0.004483432853492841,0.015433265078744096,0.006743862059004124
2018-07-30,206.74075317382812,22788730,14.260000228881836,-0.009969051869920031,-0.00868486325583484,-0.0015684846155006316
2018-07-31,207.1618194580078,27059442,12.829999923706055,0.006558349815316777,0.0029203895347502673,0.0005563802387322792
2018-08-01,208.8460235595703,29136161,13.149999618530273,-0.0017258041508210198,0.012132875147162547,-3.2754089223208105e-05
2018-08-02,205.8986358642578,22402110,12.1899995803833,0.010050450769790276,-0.0038361158469242262,0.0016355744269656025
2018-08-03,208.00393676757812,24719097,11.640000343322754,0.0020380022796941955,0.0033695272629887807,0.0015348609521619316
2018-08-06,206.74075317382812,22364568,11.270000457763672,0.005486201886398145,-0.014871543897696848,-0.0030976690890600622
2018-08-07,203.3722686767578,23992418,10.930000305175781,0.0077597713279480285,0.0041392786519351965,-3.269063176958298e-05
2018-08-08,208.4249725341797,24382432,10.850000381469727,0.002692871093749938,0.017701202427672813,-0.003434562601580593
2018-08-09,208.00393676757812,15128655,11.270000457763672,-0.010478896637507562,-0.003097641949503571,0.0034792038454733998
2018-08-10,206.31968688964844,15890492,13.15999984741211,-0.024664167365311074,-0.01935935717228321,0.0006214339371306554
2018-08-13,202.53016662597656,17881194,14.779999732971191,0.0014392907452001058,-0.007799494574700638,0.00454373204145031
2018-08-14,205.05648803710938,17358913,13.3100004196167,-0.0018869051732079978,0.004913373826957335,0.003807187174444726
2018-08-15,203.3722686767578,18473321,14.640000343322754,-0.014274183749005243,-0.011244609978521392,-0.0012318499526007276
2018-08-16,201.2669219970703,19155966,13.449999809265137,-0.0013259963971306021,-0.000988681356468124,0.0005193361881863368
2018-08-17,201.68801879882812,18324474,12.640000343322754,-0.007261274099132908,-0.006928836132610416,-0.002660115871459534
2018-08-20,201.68801879882812,16933437,12.489999771118164,-0.0009899113350474442,-0.0007478137036693866,-0.0028948346362704935
2018-08-21,202.95118713378906,12014127,12.859999656677246,0.019801871412435945,0.01970062166292119,0.001663633554128685
2018-08-22,203.79335021972656,12614240,12.25,0.0046355355446889845,0.0002447840917902955,-0.002442482157196113
2018-08-23,205.8986358642578,14839240,12.40999984741211,0.0011812034811573557,-0.005378902041325628,0.001175257010413766
2018-08-24,205.05648803710938,14355943,11.989999771118164,0.014563500496920678,0.013766025392601522,0.004760814860240492
2018-08-27,206.31968688964844,15152299,12.15999984741211,0.01568447537438078,0.00703187459250687,-0.0049654327489528916
2018-08-28,210.1092529296875,36792531,12.5,0.003928549216316801,0.019744766582025397,0.0005544748352532824
2018-08-29,218.109375,56993182,12.25,0.002444886724627837,0.04203058336501497,-0.0028685772318269853
2018-08-30,221.89895629882812,48957808,13.529999732971191,-0.009392881647660167,-0.015182226034630264,0.0007518653531242148
2018-08-31,215.5830535888672,69069506,12.859999656677246,0.005763766786014646,0.0032209266068357056,0.0023193863187298547
2018-09-03,216.42514038085938,26720905,12.859999656677246,0.005763766786014646,0.0032209266068357056,-0.00045627672350290194
2018-09-04,216.84616088867188,34304615,13.15999984741211,0.006944121380338952,0.011697778029435613,0.001988943734118287
2018-09-05,222.32000732421875,44864459,13.90999984741211,-0.005039305388083837,0.0024938336020048357,-0.0005206261168354542
2018-09-06,219.79359436035156,35698488,14.649999618530273,-0.026691436321428008,-0.003844721164667164,0.0004558161960313001
2018-09-07,222.32000732421875,38663728,14.880000114440918,-0.0040838410029572225,0.018842540121342566,0.0018224340891510593
2018-09-10,222.74099731445312,41659795,14.15999984741211,0.011001102675881835,-0.005793682943369127,0.0006821695743448597
2018-09-11,218.95147705078125,34350276,13.220000267028809,-0.01006729155527275,-0.0015685459281553626,-0.0007466553135927478
2018-09-12,219.37257385253906,37885965,13.140000343322754,-0.011652919800050232,-0.013692554452030326,-0.0012994285203710154
2018-09-13,214.74087524414062,37576180,12.369999885559082,0.012020572804154694,-0.011606750079442563,-0.0007806963565807346
2018-09-14,219.79359436035156,37903219,12.069999694824219,0.011092429866023767,0.022564946783855788,-0.0006836352681038882
2018-09-17,217.2672882080078,24765758,13.680000305175781,-0.01439768627352267,-0.014636243502136326,0.001954570966484548
2018-09-18,214.31983947753906,33960152,12.789999961853027,0.008390558102009393,-0.004570202955357705,0.001365536851325011
2018-09-19,217.2672882080078,59227711,11.75,0.002052830877858014,0.010560127313329337,-0.0025974844722536083
2018-09-20,218.95147705078125,29649071,11.800000190734863,0.011657230263803608,0.0034072287584900884,-0.0015950970603211267
2018-09-21,220.21466064453125,35012974,11.680000305175781,-0.003300552710627347,-0.002490041908077667,0.0013368231532098207
2018-09-25,221.89895629882812,24397062,12.420000076293945,-0.017026068675740302,-0.016039251072543004,0.0016985153083497462
2018-09-26,221.89895629882812,24859115,12.890000343322754,-0.009503063564091585,0.0022643464212077635,-0.00247824091293003
2018-09-27,223.16209411621094,38495371,12.40999984741211,0.004453171313363091,0.011068341452070252,0.0
2018-09-28,221.05677795410156,39626486,12.119999885559082,0.006532285969263141,-0.013404992894728296,-0.0022882447691161545
2018-10-01,221.47787475585938,22254380,12.0,0.0027071361036568042,0.011322471840925274,-0.002424540648379825
2018-10-02,216.84616088867188,38391491,12.050000190734863,0.00031380704687888894,-0.0232869980785525,0.003382886058300949
2018-10-03,218.95147705078125,25228536,11.609999656677246,0.0011161009448923398,0.007794701288730499,0.0030114881702552054
2018-10-04,213.8987274169922,36408727,14.220000267028809,-0.01839113216654964,-0.034804099260701826,0.002904533037273671
2018-10-05,210.53025817871094,40204660,14.819999694824219,-0.023248958969040667,-0.01885509478089753,0.0025381247829632247
2018-10-08,205.05648803710938,50876958,15.6899995803833,-0.011277941243455936,-0.016093962631487435,0.0029861097052652497
2018-10-09,205.47755432128906,28905345,15.949999809265137,-0.0006533248162471361,-0.0014648838962679767,0.0016827949691817778
2018-10-11,191.5825653076172,94589657,24.979999542236328,-0.010256815461545443,-0.010418806019310112,0.004136914109516221
2018-10-12,199.58270263671875,47175769,21.309999465942383,0.019701284401410613,0.01848979664967909,-0.004055471682174794
2018-10-15,194.10891723632812,42168280,21.299999237060547,-0.009381140555754008,-0.022945095105468938,-0.001648211026241464
2018-10-16,199.58270263671875,37818077,17.6200008392334,0.03312074750105398,0.03251586430374975,-0.002168828013550006
2018-10-17,200.8458709716797,42494858,17.399999618530273,-0.004396034757999212,-0.010996883631312349,-0.0018491845087035275
2018-10-18,199.16163635253906,25676430,20.059999465942383,-0.02506048515805659,-0.02603007749775621,0.0011050571085653438
2018-10-19,198.74058532714844,28358460,19.889999389648438,-0.015546540321823343,-0.0023349522072266815,0.004707501381344681
2018-10-22,199.58270263671875,29275777,19.639999389648438,0.006737695287217793,0.007021832492631885,-0.0020034340533620076
2018-10-23,193.68788146972656,32827745,20.709999084472656,-0.005339463685811507,-0.018594974977921064,-0.0012951567178535184
2018-10-24,193.2667694091797,44321950,25.229999542236328,-0.06614474641033563,-0.04000015535686352,0.0030150888007003385
2018-10-25,184.84556579589844,75524118,24.219999313354492,0.0233772611533265,0.024945311849652985,-0.0010666183654161054
2018-10-26,186.10877990722656,38439644,24.15999984741211,-0.017226209809325543,-0.01925641623868024,-0.0007765787838034388
2018-10-29,187.37191772460938,18463792,24.700000762939453,-0.011144818374620558,-0.009271772355492591,0.0026553163335276686
2018-10-30,187.79299926757812,28877931,23.350000381469727,0.041590949313332404,0.03991171423114381,-0.0021315759499983544
2018-10-31,197.05633544921875,57283201,21.229999542236328,0.012403566278425426,0.008469967478658358,-0.0012622441759410075
2018-11-01,198.3195343017578,41974797,19.34000015258789,0.04639433166531992,0.024934484104508492,0.0023656735593005074
2018-11-02,199.16163635253906,30722361,19.510000228881836,-0.01503872769289838,-0.006914059010415308,-0.010054602795923628
2018-11-05,197.8984832763672,25452065,19.959999084472656,-0.008521948983563399,-0.007736042480132821,-0.0009144932890544633
2018-11-06,197.47743225097656,30468176,19.90999984741211,0.011419525944710962,0.006496711023336932,0.0033669143584724726
2018-11-07,197.05633544921875,34424652,16.360000610351562,0.011942384911035608,0.011619105269192964,-0.00042353765794111986
2018-11-08,199.16163635253906,24739146,16.719999313354492,-0.004167089756779596,-0.012251027577711016,-0.0036829074155717567
2018-11-09,194.52996826171875,23219081,17.360000610351562,-0.018510922116677042,-0.016279398189131156,0.001472082041759526
2018-11-12,194.95101928710938,23228445,20.450000762939453,-0.0443920559994867,-0.026529868775666765,0.005226361982668237
2018-11-13,191.5825653076172,36104127,20.020000457763672,0.013520766472980839,0.00917438223090894,0.0037369133193909665
2018-11-14,192.42469787597656,20028279,21.25,0.003645896517985747,0.011764489226582464,-0.003981973891262869
2018-11-15,194.52996826171875,22072228,19.979999542236328,0.033405626038615965,0.017970541997787137,-6.503311016048396e-05
2018-11-16,190.3193817138672,46738909,18.139999389648438,-0.011728289292265659,-0.042834961678127836,0.0007801380800382951
2018-11-19,186.950927734375,48944754,20.100000381469727,-0.03862671850524646,-0.022240429611911527,-0.000584631966526139
2018-11-20,183.5823974609375,41569756,22.479999542236328,0.001542984721672802,-0.011373158742431944,0.0035748684227001615
2018-11-21,184.4245147705078,35206343,20.799999237060547,0.00417939293182501,0.014871217530034064,0.0019754153378381822
2018-11-22,184.4245147705078,21929610,20.799999237060547,0.00417939293182501,0.014871217530034064,-0.003005733881683459
2018-11-23,184.00344848632812,14883334,21.520000457763672,-0.000415341003862868,-0.0058059518703839075,-0.001685686154582755
2018-11-26,187.79299926757812,30599804,18.899999618530273,0.019063108998094602,0.02447168440067715,0.0035394584148009667
2018-11-27,188.63514709472656,26584349,19.020000457763672,0.001963839670719336,-0.0010859881548319628,-0.0017149782440062378
2018-11-28,190.74044799804688,24429026,18.489999771118164,0.022731044545304613,0.032880248091545106,0.0014261839308038482
2018-11-29,192.84573364257812,44383207,18.790000915527344,-0.00813666641620503,-0.002104297077234474,-0.005631790098801104
2018-11-30,189.8983154296875,55827957,18.06999969482422,0.014875941376909951,-0.008963890221292181,-0.0026039946418913162
2018-12-03,197.8984832763672,45333986,16.440000534057617,0.02673444280504511,0.030326973784559286,0.006200657033732515
2018-12-04,197.05633544921875,39746162,20.739999771118164,-0.04980594240365166,-0.03330745125545209,-0.008789566100466883
2018-12-05,190.3193817138672,42835576,20.739999771118164,-0.04980594240365166,-0.03330745125545209,0.0061843254778857215
2018-12-06,185.26661682128906,40149112,21.190000534057617,-0.005391342177925806,-0.015491401718969344,-0.0013658477038871464
2018-12-07,186.10877990722656,25063568,23.229999542236328,-0.037386806403315376,-0.009224101985647493,0.003647242120975669
2018-12-10,184.4245147705078,19433461,22.639999389648438,0.014103567150849594,-0.002464470821205489,0.003244658743021267
2018-12-11,187.37191772460938,27375220,21.760000228881836,0.006208568823004246,0.007411862478820419,-0.001714084616079803
2018-12-12,190.74044799804688,26433846,21.459999084472656,0.014744256553886892,0.018528748289187602,-0.003660895701826039
2018-12-13,190.3193817138672,32087141,20.649999618530273,-0.0035950108482618592,-0.0013379489831348845,-0.002601285181121571
2018-12-14,187.37191772460938,38646159,21.6299991607666,-0.014247582867952913,-0.02143059231549682,0.0013692318310958296
2018-12-17,188.2140350341797,18938952,24.520000457763672,-0.012831497100600608,-0.008485919271497888,0.0035486769460812972
2018-12-18,187.37191772460938,30203541,25.579999923706055,0.012817666771116842,0.014908740387116426,-0.003276555706520856
2018-12-19,189.8983154296875,23390082,25.579999923706055,-0.04239998349392371,-0.014417936004611609,-0.0017576114065950277
2018-12-20,186.10877990722656,35027116,28.3799991607666,-0.00860351919036706,-0.009660335629586458,0.0047603491387049335
2018-12-21,188.2140350341797,43507532,30.110000610351562,-0.014717153645389058,-0.004738207270532091,-0.0034073060192211235
2018-12-24,185.26661682128906,22976100,36.06999969482422,-0.02896605188694723,-0.011761609455977817,0.002735164357355213
2018-12-25,183.1613311767578,19402777,36.06999969482422,-0.02896605188694723,-0.011761609455977817,-0.00016233676746923997
2018-12-26,182.31919860839844,16463259,30.40999984741211,0.057705757574131766,0.04165518943967106,0.0002922660143562794
2018-12-27,187.79299926757812,21491484,29.959999084472656,0.007417571239970444,0.0005438412051812502,0.00022727911721065475
2018-12-28,189.8983154296875,29456773,28.34000015258789,0.006915378766242375,0.009788441593957753,-0.0012659727911508156
2019-01-02,184.84556579589844,32900482,23.219999313354492,0.008769275948513178,-0.010566409751394334,-0.002093933657966396
2019-01-03,181.47708129882812,34087620,25.450000762939453,-0.059443934290495326,-0.05914576890565015,0.008458782733720138
2019-01-04,175.1612091064453,65943521,21.3799991607666,0.04373049128167872,0.017753235718142246,0.0033811271147159427
2019-01-07,179.3717803955078,35442176,21.399999618530273,0.019476231736831107,0.007434893366243367,-0.0025920980284345196
2019-01-08,177.6875457763672,22694481,20.469999313354492,-0.004878876949766187,-0.008231340269502785,0.0006496621447042994
2019-01-09,181.47708129882812,46295446,19.979999542236328,0.02523796110453258,0.019175677856036133,0.0004220526732385821
2019-01-10,181.89816284179688,20754593,19.5,0.00971564153653226,0.02274616317294087,-0.0034073060192211235
2019-01-11,185.6876983642578,28102288,18.190000534057617,0.009688708516644606,0.0052170579275911955,0.002214154053226114
2019-01-14,184.00344848632812,17612296,19.06999969482422,-0.015465284872314466,-0.023217605281164122,0.00022742680513054836
2019-01-15,186.10877990722656,38882923,18.600000381469727,0.0023026425398899875,0.00783006702213207,0.0015591612027461288
2019-01-16,183.1613311767578,28978282,19.040000915527344,-0.00822041857747291,-0.011099144189288035,-0.00019460721509034773
2019-01-17,185.6876983642578,21163986,18.059999465942383,0.011430410489581044,0.018238063086252865,-0.002043587879537845
2019-01-18,184.00344848632812,49627569,17.799999237060547,0.022960413458842588,0.0151558612438496,0.0020152860682021156
2019-01-21,186.10877990722656,29384866,17.799999237060547,0.022960413458842588,0.0151558612438496,0.0008434481735375421
2019-01-22,187.79299926757812,28926483,20.799999237060547,-0.028469525253170702,-0.012757917634253935,0.0007454318651907155
2019-01-23,185.6876983642578,16671213,19.520000457763672,-0.006209387167866676,0.0032997590170027458,3.243159897792225e-05
2019-01-24,187.37191772460938,26417924,18.889999389648438,0.05730434318974331,0.03151511170013066,-0.0006153773547433738
2019-01-25,190.3193817138672,46692764,17.420000076293945,0.021732021642068666,0.013283867666071814,0.0005185283486786041
2019-01-28,192.84573364257812,26026257,18.8700008392334,-0.020887327930705468,-0.01835364301359621,-0.005376704128309484
2019-01-29,187.37191772460938,41122520,19.1299991607666,-0.014469088058684076,-0.02964717712613618,0.0026051818167589502
2019-01-30,186.10877990722656,44755945,17.65999984741211,0.028723971498988865,0.028901968216458407,-0.00022736031759573727
2019-02-11,192.0036163330078,78307106,15.970000267028809,0.004959967383434405,0.013230900251774758,0.0003894809799120935
2019-02-12,193.68788146972656,29406670,15.430000305175781,0.021270067322026964,0.009140784053094153,0.0018494845702796692
2019-02-13,192.84573364257812,28634925,15.649999618530273,0.0029849110672568457,-0.013198655318699792,-0.002752890164037458
2019-02-14,191.1614532470703,23647751,16.219999313354492,0.0025359880310615868,-0.0018362266463171073,0.001948540734579396
2019-02-15,191.1614532470703,22369799,14.90999984741211,0.005260037077639668,0.0007883683876614977,-0.0010048015703911783
2019-02-18,193.68788146972656,16978916,14.90999984741211,0.005260037077639668,0.0007883683876614977,-0.0002919720677166948
2019-02-19,192.84573364257812,16577023,14.880000114440918,-0.00199089933956198,0.009713632878501022,0.00019474616205816808
2019-02-20,197.47743225097656,30479710,14.020000457763672,0.008743141697663548,0.0140407176392634,-0.0012655416912062956
2019-02-21,199.16163635253906,33764489,14.460000038146973,-0.007373503308770513,-0.0005126052732977726,0.00042238177214426464
2019-02-22,199.16163635253906,22032163,13.510000228881836,0.010760991888076221,0.010518272219411262,0.00022733078475090096
2019-02-25,200.42483520507812,24105138,14.850000381469727,0.008184411872405928,0.004823463637928516,-0.0016883680034105453
2019-02-26,201.68801879882812,24522789,15.170000076293945,-0.00680983716682948,0.0005053195275941391,-0.0003902536946777113
2019-02-27,201.2669219970703,35240889,14.699999809265137,-0.012227576486444014,-0.003787869376274955,0.0005856401070571948
2019-03-04,198.3195343017578,39655513,14.630000114440918,8.802910709748701e-05,-0.006093083015531131,0.00038926617849277534
2019-03-05,196.2141876220703,22641407,14.739999771118164,-0.004657968520768385,-0.0033206529810251295,3.241076262461284e-05
2019-03-06,197.05633544921875,20433226,15.739999771118164,-0.017009416839657288,-0.0058943460308698015,-0.0002594013988006516
2019-03-07,197.05633544921875,17126192,16.59000015258789,-0.01104345493537684,-0.00412500291126483,-3.241812150722723e-05
2019-03-08,193.68788146972656,22190659,16.049999237060547,-0.0006671302986261951,-0.011131090050060077,0.0025300565634129857
2019-03-11,194.10891723632812,23200793,14.329999923706055,0.02402503765241537,0.011518524437482247,-0.000517644564185904
2019-03-12,198.3195343017578,23588085,13.770000457763672,0.0038818192842480226,0.006728499289555989,0.0006798066731081853
2019-03-13,199.58270263671875,20500195,13.40999984741211,0.004169390485285973,0.007969486536825388,-0.0008087967568657373
2019-03-14,197.47743225097656,17175356,13.5,-0.00566588095478171,-0.009946599321076666,0.0002914099281801086
2019-03-15,201.2669219970703,33649729,12.880000114440918,0.029045219765527097,0.021380626582244933,0.0005502394618925877
2019-03-18,202.95118713378906,26856532,13.100000381469727,-0.002578331651355237,0.005044387815413831,-0.0007763778269256338
2019-03-19,202.53016662597656,14479009,13.5600004196167,0.013378713389103014,-0.00225875531426456,-0.004014391840507114
2019-03-20,203.79335021972656,22975971,13.90999984741211,-0.010189338877376386,0.0022638688400378193,0.0008126613481200806
2019-03-21,206.74075317382812,26179502,13.630000114440918,0.035046371488225425,0.029861786755586373,-0.0014615159128251731
2019-03-22,209.26710510253906,22931467,16.479999542236328,-0.02875509748108429,-0.01486362901267746,0.0015611783065387907
2019-03-25,203.3722686767578,19211254,16.329999923706055,-0.012582385497136417,-0.01261452146755182,0.002435643319045555
2019-03-26,205.47755432128906,19920170,14.680000305175781,0.010124751401193288,0.012024604898236646,-0.0016845939395152554
2019-03-27,203.3722686767578,22590089,15.149999618530273,-0.014512274588330043,-0.004950850723359768,0.0007463887971987937
2019-03-28,203.79335021972656,13933054,14.430000305175781,-0.0019469455993921247,0.0034827940185169215,0.0013943145562258508
2019-03-29,206.74075317382812,28220810,13.710000038146973,0.015802853520072935,0.015369225273615283,-0.001003825443939399
2019-04-01,206.74075317382812,35330656,13.399999618530273,0.024886944719646253,0.010009712389875691,-0.00038893813212881323
2019-04-02,207.1618194580078,24105053,13.359999656677246,0.0009718751104208501,-0.0024171688065764974,-0.0007134234566210651
2019-04-03,207.58287048339844,24945323,13.739999771118164,0.02274326216437661,0.012599755150758174,0.00038942914032902287
2019-04-08,213.056640625,45184821,13.180000305175781,0.002524265155566141,0.0037889859831770067,-0.000129890240578745
2019-04-09,213.8987274169922,22355674,14.279999732971191,-0.011381269691767115,-0.00424650604100274,0.0006171362289506543
2019-04-10,213.8987274169922,25849934,13.300000190734863,0.008630824078788013,0.003790675379343078,0.00029209525722873053
2019-04-11,212.21450805664062,24896840,13.020000457763672,-0.000737961944137222,-0.006372502657892354,0.0006814391028324707
2019-04-12,212.21450805664062,13548148,12.010000228881836,0.014260874886753205,0.011401632647251025,0.0004539833731991294
2019-04-15,215.16195678710938,17192002,12.319999694824219,-0.0075478577969566585,0.0007043653002722916,-0.000713061054137154
2019-04-16,216.42514038085938,19652648,12.180000305175781,0.03190159381858293,0.009387515961967852,0.0007784679826814411
2019-04-17,220.21466064453125,37864191,12.600000381469727,0.015562010544788674,0.03208561043144198,0.00029172159757351324
2019-04-18,222.74099731445312,38006795,12.09000015258789,0.0006743705254452781,0.022752891288674304,-0.0032725832438719182
2019-04-19,222.74099731445312,44658699,12.09000015258789,0.0006743705254452781,0.022752891288674304,0.0018854614854391105
2019-04-22,224.0042266845703,24967393,12.420000076293945,0.00010270913157817141,-0.005506758733630712,-0.0004218198705379095
2019-04-23,225.68849182128906,25336847,12.279999732971191,0.010113656232511481,0.0059800330095445275,0.0010712158566197338
2019-04-24,226.53054809570312,26449755,13.140000343322754,0.009510479488419099,-0.00021997646232163603,0.00045395392009006663
2019-04-25,225.26742553710938,32386724,13.25,-0.018061492548504088,-0.020479941788945966,0.002268739697170785
2019-04-26,218.95147705078125,47518804,12.729999542236328,-0.008280302963329822,-0.012140518027477287,-3.231957995397661e-05
2019-04-29,218.5304412841797,31126618,13.109999656677246,-0.0019129397448041097,-0.002503278975856227,-0.0006791031988906404
2019-04-30,218.109375,33799419,13.119999885559082,0.0076015337274932815,-0.000228262511071331,-0.0003236110524746927
2019-05-02,218.109375,27091394,14.420000076293945,0.011098300657978122,0.013235920453428474,0.0006475364498612635
2019-05-03,223.16209411621094,29840246,12.869999885559082,0.006465398731919203,0.006982173980795148,-0.0005500436338327086
2019-05-06,218.109375,32823187,15.4399995803833,-0.017170670109846964,-0.021248223071131278,0.00016189926235199437
2019-05-07,221.05677795410156,25686126,19.31999969482422,-0.024233534784579347,0.0,0.0004854956927073939
2019-05-08,218.95147705078125,25542364,19.399999618530273,-0.007860193214251132,-0.0013712550719421346,0.0008735175470522272
2019-05-09,216.0040740966797,33587574,19.100000381469727,-0.011830156222688015,-0.010297460354823706,0.00025857129311179783
2019-05-10,215.5830535888672,18617212,16.040000915527344,0.001401642890454191,-0.009710837146588935,0.0018420137163916994
2019-05-13,210.9513702392578,28284535,20.549999237060547,-0.047279371531080305,-0.04296067728116415,-0.0020966560983813887
2019-05-14,209.26710510253906,45055708,18.059999465942383,0.024046279894210043,0.02390849385239302,0.00543036707135891
2019-05-15,209.68817138671875,36825479,16.440000534057617,0.008088301671545173,0.0,0.0010930846239798342
2019-05-16,208.00393676757812,29713519,15.289999961853027,-0.016768659091397353,-0.01048375280457059,-0.0019589846846134185
2019-05-17,203.3722686767578,38647856,15.960000038146973,-0.01964882133105983,-0.0308211857327485,0.0034751821886847
2019-05-20,200.42483520507812,39157661,16.309999465942383,-0.040249394310937214,-0.03950308300809857,0.005771769161526219
2019-05-21,197.05633544921875,80042775,14.949999809265137,0.021277074434697507,0.016554571433264886,0.0004463412393096444
2019-05-22,200.42483520507812,34622034,14.75,-0.021226684934738782,-0.010178169750267418,0.0004463412393096444
2019-05-23,193.68788146972656,58752627,16.920000076293945,-0.016505139324819673,-0.02133677481662033,0.00232632110184694
2019-05-24,196.2141876220703,36000789,15.850000381469727,-0.008217165642139368,0.003414856552646617,0.001939427898484114
2019-05-27,194.52996826171875,35562033,15.850000381469727,-0.008217165642139368,0.003414856552646617,-0.0013644496941487283
2019-05-28,194.10891723632812,95240033,17.5,-0.008894961116179934,-0.01439759942444252,-0.0005720045760365666
2019-05-29,193.2667694091797,26533236,17.899999618530273,0.004052831856529604,0.0010624458991832508,0.002988642503561234
2019-05-30,194.52996826171875,28500328,17.299999237060547,0.007445095378509459,0.009286179188834343,0.002187159947263817
2019-05-31,198.3195343017578,46070338,18.709999084472656,-0.014529103683613043,0.008149186080743887,-0.0012335386657089664
2019-06-03,200.42483520507812,31054092,18.860000610351562,0.0033482738820793667,0.012255527080727635,-0.0017417837590805174
2019-06-04,196.2141876220703,24443428,16.969999313354492,0.04209084782416883,0.006182434526424974,-0.004631682996496633
2019-06-05,197.8984832763672,29139584,16.09000015258789,-0.007496741663206463,-0.021249597959690503,-0.0015935504186610494
2019-06-06,195.37210083007812,34651731,15.930000305175781,0.013404229889321773,0.005492985955064089,-0.0008619174826651754
2019-06-10,202.1090850830078,35373888,15.9399995803833,0.025442196215529123,0.020607923073892254,0.0026862690297213554
2019-06-11,205.8986358642578,31965670,15.989999771118164,0.002921022738702428,0.008581421230373643,0.0010205902889346419
2019-06-12,207.1618194580078,29675556,15.90999984741211,-0.02332129864450494,-0.012512521251151432,-0.0007327728939418021
2019-06-13,202.1090850830078,32981724,15.819999694824219,0.005769154493715956,-0.00025320148570562306,0.002040594785275074
2019-06-14,198.74058532714844,31951556,15.279999732971191,-0.02612452374751162,-0.040811361445514005,0.0013046223359283182
2019-06-17,196.2141876220703,51017012,15.350000381469727,-0.006406002848232228,-0.004756765649925665,0.0007944457290889329
2019-06-18,198.3195343017578,28578087,15.149999618530273,0.043253787085992146,0.04115790605002401,-0.0005398087939473273
2019-06-19,205.47755432128906,50164372,14.329999923706055,0.0008107289502810033,0.004845606600208496,-0.00670353423656278
2019-06-20,206.31968688964844,37836291,14.75,0.009756256656271,0.02817245143621183,-0.004957581395258037
2019-06-21,209.26710510253906,61164304,15.399999618530273,-0.007410138476866113,0.0002469698172411494,-0.0075538606795581
2019-06-24,209.70217895507812,43300507,15.260000228881836,0.001120138996588027,0.018754365330599487,0.002267196593497056
2019-06-25,207.52682495117188,28559283,16.280000686645508,-0.014843324450310558,-0.02651371802132174,-0.0035223542864525337
2019-06-26,204.04632568359375,27607041,16.209999084472656,0.03213954302607358,0.004111530281009301,0.004345533432568827
2019-06-27,209.26712036132812,42007834,15.819999694824219,0.014674487233342415,0.013049865431367769,-0.0014530215463885998
2019-06-28,207.96188354492188,25962203,15.079999923706055,0.0014139175570855311,-0.01060864998522959,-0.0011640840415142462
2019-07-01,216.2281951904297,66307875,14.0600004196167,0.026450409143392584,0.05642082252471492,-0.0003237472531191221
2019-07-02,216.66323852539062,24181202,12.930000305175781,-0.013835993521319367,-0.014016636191546472,0.002396431412998945
2019-07-03,211.00738525390625,29449774,12.569999694824219,-0.004292955864227954,-0.011519288435538066,0.0004846476085027529
2019-07-04,212.31256103515625,17481240,12.569999694824219,-0.004292955864227954,-0.011519288435538066,0.002841621761216606
2019-07-05,211.4424285888672,22867074,13.279999732971191,-0.005977625907605755,-0.009918436146120202,-0.0013845719962698455
2019-07-08,211.00738525390625,27787909,13.960000038146973,-0.007723826619229324,-0.015276630614833753,0.005030152996258641
2019-07-09,210.5723419189453,16418987,14.09000015258789,0.007446119720152522,0.008901282810550137,-0.0002887733972082307
2019-07-10,214.92298889160156,23812131,13.029999732971191,0.007048986185063111,0.026216455548312645,-0.0009948696239058252
2019-07-11,217.53334045410156,31160289,12.930000305175781,0.003241581436479457,0.004667249030959386,-0.003019687864896259
2019-07-12,217.96847534179688,23479432,12.390000343322754,0.018966591327077564,0.0080682373586618,-0.0023843855411972426
2019-07-15,221.448974609375,29727300,12.680000305175781,0.007737930718842545,0.01431000077953315,0.0029391686951611984
2019-07-16,222.75421142578125,21361249,12.859999656677246,-0.010739372014967774,-0.0011952693022527772,-0.0022542733067443255
2019-07-17,219.27362060546875,25573648,13.970000267028809,0.0028206639109598086,-0.003351899807408132,0.0006778099609252575
2019-07-18,221.0138702392578,20842575,13.529999732971191,0.015360354060483417,0.037472589616023066,-6.45359706827886e-05
2019-07-19,225.36456298828125,59709798,14.449999809265137,-0.0020039271119578483,0.014818660779465809,-0.003257954064158186
2019-07-22,229.7152557373047,31522639,13.529999732971191,0.01980427385063499,0.017567655977023255,0.004271843725307534
2019-07-23,229.7152557373047,29273223,12.609999656677246,0.012341662408722476,-0.004035437573186029,0.00038673104398645464
2019-07-24,230.58535766601562,23734039,12.069999694824219,0.030986416441422415,0.0027009321716731094,-0.001095232445668337
2019-07-25,230.58535766601562,30433545,12.739999771118164,-0.0172007891876238,-0.020655518077200896,0.0026442703794911093
2019-07-26,227.10482788085938,20438071,12.15999984741211,-0.00016310551678755392,-0.0036678218147218056,-0.0025730067586592353
2019-07-29,227.10482788085938,17509320,12.829999923706055,0.0026100374047410835,0.011044670441944238,0.0022572424911675437
2019-07-30,226.2346649169922,22670612,13.9399995803833,-0.0026282982633843988,-0.018889290104918466,-0.0017695226780690687
2019-07-31,225.79965209960938,31635601,16.1200008392334,-0.03223701962222403,-0.011134639431421789,-0.00012891062712894197
2019-08-01,223.18923950195312,30017526,17.8700008392334,-0.019747907273283904,-0.017827460566626208,0.003996990590893201
2019-08-02,218.83860778808594,54021644,17.610000610351562,-0.015575554611848452,-0.005254454818888865,0.005136926532385289
2019-08-05,214.4879150390625,51535721,24.59000015258789,-0.04360973094963683,-0.04273701071490632,0.00456771840229897
2019-08-06,216.2281951904297,58625879,20.170000076293945,0.01282033252051451,0.034862881884668795,0.007758329897679994
2019-08-07,215.7930908203125,29435460,19.489999771118164,0.007178659179847946,0.0,-0.008424313633733194
2019-08-08,220.57882690429688,29725266,16.90999984741211,0.02695370546514564,0.015511719507428579,-0.00019093514462364958
2019-08-12,218.40347290039062,21794603,21.09000015258789,-0.01185516052062241,-0.010867173022473864,0.004193968589415675
2019-08-13,214.4879150390625,23121107,17.520000457763672,0.029495953148647835,0.02148466850003472,0.001976671433923549
2019-08-14,217.0983428955078,35216703,22.100000381469727,-0.031631374968809634,-0.033699893616008,-0.010627454471821673
2019-08-15,215.7930908203125,27624412,21.18000030517578,-0.0022529703938839463,0.010635720881537525,0.008490382071487224
2019-08-16,217.53334045410156,25370715,18.469999313354492,0.02776366114749762,0.01664203531797237,-0.004145645818896315
2019-08-19,219.27362060546875,24060514,16.8799991607666,0.018752739722410094,0.005777424125557928,0.002337644188725063
2019-08-20,221.448974609375,19960494,17.5,-0.005368294330245882,0.003829664279472178,0.0015654383388827853
2019-08-21,221.448974609375,20269296,15.800000190734863,0.009220058752394067,0.015260009055576118,-0.0012121246044380918
2019-08-22,221.0138702392578,21900840,16.68000030517578,-0.00031067924812722136,-0.010568467371827928,-0.0009581210520679395
2019-08-23,221.0138702392578,14166877,19.8700008392334,-0.04355760959972721,-0.028008503956696407,0.0006393599522753757
2019-08-26,216.2281951904297,31678620,19.31999969482422,0.0086422654888767,0.009523817582987482,0.0037377988519227134
2019-08-27,217.53334045410156,50234951,20.309999465942383,-0.003262783607763109,0.00024214384161469482,-0.0014322567681310794
2019-08-28,219.27362060546875,15132882,19.350000381469727,0.006003617650582216,0.007255014416693406,-0.0014662278804343787
2019-08-29,221.0138702392578,19587767,17.8799991607666,0.022538176336174942,0.015125709233743123,0.0024259517291254085
2019-08-30,225.36456298828125,35184201,18.979999542236328,0.006083685191407007,0.008278212185649725,-0.004235110909738049
2019-09-02,224.05935668945312,14614854,18.979999542236328,0.006083685191407007,0.008278212185649725,0.001982676436306008
2019-09-03,221.0138702392578,25762495,19.65999984741211,-0.017675422533754648,-0.02134645677531999,0.0008936226268170255
2019-09-04,224.05935668945312,22540733,17.329999923706055,0.027889837137461404,0.034276298296417096,-0.0003188746807299969
2019-09-05,228.8451385498047,48791728,16.270000457763672,0.030706400322489502,0.025261052795996886,-0.0058371524211330295
2019-09-06,229.28021240234375,25408515,15.0,0.0013599740366467827,-0.01198041048529963,6.419432632309707e-05
2019-09-10,227.5398712158203,29308866,15.199999809265137,0.004288285070831677,0.005701157972701321,-0.00019244151392872055
2019-09-11,228.8451385498047,36196015,14.609999656677246,0.014553211405668787,0.0027212195306653975,-0.0028869335939196716
2019-09-12,228.41001892089844,26017293,14.220000267028809,0.002863981113107039,-0.0033921707953586955,-0.0016084683459270943
2019-09-16,231.0204620361328,32573966,14.670000076293945,-0.00695047738299015,-0.003129292890370894,0.005202463310903127
2019-09-17,230.58535766601562,27600844,14.4399995803833,0.0032925888730277464,0.011883713433915366,-0.0009057669237931831
2019-09-18,232.32568359375,47684759,13.949999809265137,0.0007563484971846446,-0.0019943583241592844,-0.001230232801271991
2019-09-19,232.3256378173828,25233567,14.050000190734863,-0.005546709862049415,0.004069970016669311,0.003662969917757497
2019-09-20,231.44895935058594,43868865,15.319999694824219,-0.018259214274361057,-0.022939953341006736,-0.003132876506845128
2019-09-23,231.44895935058594,13093208,14.90999984741211,0.009654488688619622,0.004558800924778561,0.003952688854860886
2019-09-24,232.3256378173828,24244943,17.049999237060547,-0.016538965554077523,0.001134625728670402,-0.0015167321264312195
2019-09-25,233.20236206054688,21003163,15.960000038146973,0.017764333876413296,0.020172317948458973,-0.0004848512197198618
2019-09-26,234.9557647705078,29940103,16.06999969482422,0.0003418147915617009,0.03221514831633998,0.0007114395156759823
2019-09-27,238.4626007080078,41235817,17.219999313354492,-0.023561787889367136,-0.02044760557362224,-0.0005493326683571054
2019-10-01,245.47616577148438,71743890,18.559999465942383,-0.009334433891339255,0.015275418118470219,3.220605977904967e-05
2019-10-02,245.03778076171875,29295953,20.559999465942383,-0.015820445805664884,-0.016105199383646074,-0.00032223460572267104
2019-10-03,242.40769958496094,31890864,19.1200008392334,0.017101265257483567,0.015076515383429134,0.0009992308265014405
2019-10-04,242.40769958496094,35169613,17.040000915527344,0.018521636413115328,0.0061533188721123455,-0.004508111037600071
2019-10-07,243.72276306152344,17510230,17.860000610351562,-0.0071265509808448035,0.01117654196773965,-0.002167276105102256
2019-10-08,251.1747283935547,35278551,20.280000686645508,-0.031167493877039765,-0.0018769224284023167,-0.0020098637032193167
2019-10-09,247.2295684814453,34777456,18.639999389648438,0.01743208773167737,0.017133255720250817,-0.0014941703380206839
2019-10-14,254.2432403564453,46683517,14.569999694824219,-0.00045878115962227906,0.009914763577682839,0.0041311295306096785
2019-10-15,257.3116149902344,38018567,13.539999961853027,0.02218933378424026,0.009617777404004935,-0.0010448504077139598
2019-10-16,259.9416809082031,40297144,13.680000305175781,-0.01470139030513784,-0.005159852323998959,-0.0036935007815116494
2019-10-17,257.3116149902344,40271938,13.789999961853027,0.0033524962612019316,-0.007580291379674753,0.0009513903007374314
2019-10-18,256.87322998046875,45102984,14.25,-0.010621262348704308,-0.00944720450504588,0.0031792894573132724
2019-10-21,254.2432403564453,34634365,14.0,0.018835458298572805,0.014610306733710887,-0.0022870485190177314
2019-10-22,257.7500305175781,26005020,14.460000038146973,-0.007678861742060006,0.012799842426426622,-0.0005894998202081725
2019-10-23,256.87322998046875,28675408,14.010000228881836,-0.019295857179858378,-0.009281256342817401,-0.0019332224843280343
2019-10-24,256.87322998046875,29040827,13.710000038146973,0.024692723995018984,0.01554718467813987,0.0037426238956350666
2019-10-25,257.3116149902344,22682711,12.649999618530273,0.020526046870175785,0.0035330672285540654,-0.002649289460529225
2019-10-28,258.18829345703125,20076561,13.109999656677246,0.017529221477568413,0.003520544500116518,0.002262822420606936
2019-10-29,261.6950988769531,36682131,13.199999809265137,-0.009007067267142621,0.0031180312408274347,-0.001145208006595455
2019-10-30,262.57183837890625,32370342,12.329999923706055,-0.0006015182461514001,0.008548706075729218,-0.004193017905721574
2019-10-31,261.6950988769531,40944514,13.220000267028809,-0.00616324827268,-0.005393838616805868,-0.0060528311537498825
2019-11-01,262.1335144042969,30121678,12.300000190734863,0.023443322933726973,0.009103121087936428,0.008902832976104058
2019-11-04,269.1470947265625,44899671,12.829999923706055,0.021888474113557654,0.02667974948283547,-0.0016073936353093732
2019-11-05,272.2154541015625,32201184,13.100000381469727,0.001870370594211579,0.0011214171213411728,-0.0035485396264454128
2019-11-06,272.6539001464844,22149743,12.619999885559082,-0.008369205135059787,0.0016808035990349968,-0.0005605631467812122
2019-11-07,270.900390625,28291659,12.729999542236328,0.007000186200143199,0.0005589803211185629,0.002012564336833833
2019-11-08,267.8320617675781,25651542,12.069999694824219,0.005267164812368774,-0.015650958441812968,-0.0040828602328772945
2019-11-11,263.8868103027344,35165583,12.6899995803833,-0.005291437788055964,-0.004353501736027998,0.004430217190049879
2019-11-12,267.3936462402344,17540708,12.680000305175781,0.002795847522016892,-0.008555227896855255,0.0010203790790208611
2019-11-13,266.5169982910156,18172438,13.0,0.0002539461534099008,0.013998149138653382,-0.0010522653778411994
2019-11-14,266.07855224609375,15734835,13.050000190734863,-0.0030412263978620846,-0.0075644167273707374,0.0026004106387365056
2019-11-15,269.1470947265625,28848445,12.050000190734863,0.008879472672406408,0.015434427937637274,-0.0009192645282619649
2019-11-18,272.6539001464844,18691325,12.460000038146973,-0.0023810619394774024,0.0024392871625915635,0.0019388129122319686
2019-11-19,276.16064453125,31634197,12.859999656677246,-0.004761976303709448,0.006364905638595264,-0.0016726990972654177
2019-11-20,274.8456115722656,22387973,12.779999732971191,-0.01176537726181015,-0.004836162834574553,-0.00013140084073981484
2019-11-21,272.6539001464844,28108833,13.130000114440918,-0.011291507378546228,-0.009719731855495684,0.0004271558570518863
2019-11-22,270.900390625,24737984,12.34000015258789,-2.36079281920043e-05,-0.003586421665681905,-3.282483858035867e-05
2019-11-25,269.1470947265625,19530177,11.869999885559082,0.024343597465358302,0.018374817037569047,0.0036785072377072403
2019-11-26,269.1470947265625,101224622,11.539999961853027,-0.0050174321725464655,-0.00241788142709487,-0.003534140566831878
2019-11-27,272.6539001464844,18467648,11.75,0.007340752029511233,0.0048476438744327055,-0.00036122555870954365
2019-11-28,271.33880615234375,19077982,11.75,0.007340752029511233,0.0048476438744327055,0.0007227121795299052
2019-11-29,267.3936462402344,30963561,12.619999885559082,-0.01098563173430045,-0.01484497447896549,-0.0012474593573884585
2019-12-02,269.58538818359375,24016807,14.90999984741211,-0.014614038768793747,-0.0020718811614912624,0.0034512076970019123
2019-12-03,269.1470947265625,24690319,15.960000038146973,-0.015392368294665282,-0.003774907273117356,-0.003111772918985123
2019-12-04,268.2704162597656,25492686,14.800000190734863,0.015452864446994008,0.007578503869429598,0.00036142733652866355
2019-12-05,273.53057861328125,34521842,14.520000457763672,0.0036714553708845354,0.02294103033637751,0.000755484230370973
2019-12-06,274.4072265625,17695703,13.619999885559082,0.01563913046385723,0.00992645439941131,-0.0017723793410131528
2019-12-09,277.0373229980469,23256081,15.859999656677246,-0.005353165030859364,-0.008736911443018136,0.00026308041135858495
2019-12-10,274.8456115722656,20570594,15.680000305175781,0.0034519609632377435,0.0011018384426717542,-0.000821823849568859
2019-12-11,279.66748046875,31223148,14.989999771118164,0.022255753509477172,0.02531186762137838,0.0018093991622649686
2019-12-12,290.62615966796875,52742851,13.9399995803833,0.027097570070734545,0.048479480384277185,-0.0035137380839250776
2019-12-13,297.2014465332031,58198939,12.630000114440918,-0.0059937660617277455,-0.006142554999982397,-0.005206757036463561
2019-12-16,294.5713806152344,102188,12.140000343322754,0.009615609427206628,0.004978642866872551,0.0010931539535576906
2019-12-17,302.4617004394531,40813458,12.289999961853027,0.004748214631445702,0.011786875622103343,-0.004070125548607306
2019-12-18,302.0232849121094,39682841,12.579999923706055,-0.0008946632363090457,-0.0021948758445523575,-0.0026248620361511987
2019-12-19,295.841552734375,54888012,12.5,0.008064611312263992,-0.012438088984205287,0.0005663334853425184
2019-12-20,290.54290771484375,86280459,12.510000228881836,0.010299909380435457,-0.000517707268592349,0.003795582520849994
2019-12-23,294.95849609375,26639340,12.609999656677246,0.0017530894876987002,0.005005916243682851,-0.0007960518661668248
2019-12-24,293.1922302246094,13488907,12.670000076293945,0.002735394626111276,-0.00790104232228106,0.0004647282643932549
2019-12-25,294.0752868652344,12262954,12.670000076293945,0.002735394626111276,-0.00790104232228106,-0.00461196254840357
2019-12-26,294.0752868652344,11427884,12.649999618530273,0.0012297492871584659,0.00848331806849223,-0.0033333460489909372
2019-12-27,298.4908752441406,16677806,13.430000305175781,-0.0031644173178536628,0.0036052500147367716,0.0058863076032849015
2019-12-30,295.39996337890625,21531263,14.819999694824219,-0.007640174235852837,-0.010434564208114394,0.00023274269958450944
2019-12-31,292.30914306640625,22890517,13.779999732971191,0.0028356152588187022,0.004321545804930604,-0.00029919815654877446
2020-01-02,299.3739929199219,31754120,12.470000267028809,0.020701570681319392,0.03339075697026073,-0.0018061694159097197
2020-01-03,299.8155822753906,41811268,14.020000457763672,-0.01797228315791033,-0.032977847347853806,0.0018764158999149405
2020-01-06,293.1922302246094,45343057,13.850000381469727,-0.010409997390011139,-0.011539934670566132,0.004515057879738826
2020-01-07,290.9844665527344,50879181,13.789999961853027,0.017768752388188203,0.016204903322749376,0.00039956842545785243
2020-01-08,290.9844665527344,37567748,13.449999809265137,0.00016598288343194767,0.007373055642536208,-0.002063443033648471
2020-01-09,298.0492858886719,31481504,12.539999961853027,0.005964914597056392,0.008170334693383907,0.0008337374694480371
2020-01-10,299.8155822753906,27032115,12.5600004196167,-0.006589560507105796,-0.006246923838680196,-0.0022325703070246172
2020-01-13,301.5818176269531,30663332,12.319999694824219,0.013095112811780885,0.020387373224228567,0.0006345088744610372
2020-01-14,305.55572509765625,30223993,12.390000343322754,0.0020361729787017335,0.00432892059995349,-0.00293703171302917
2020-01-15,300.2570495605469,47434274,12.420000076293945,-0.011865040479956956,-0.03199603680778662,-0.0016067595504699606
2020-01-16,295.39996337890625,55211420,12.319999694824219,0.016969713566805433,0.0061654950677867415,0.0035874857569160312
2020-01-17,294.0752868652344,52060097,12.100000381469727,0.00666513004588376,-0.002893499672006028,-0.0011358833423721348
2020-01-20,294.0752868652344,32658203,12.100000381469727,0.00666513004588376,-0.002893499672006028,0.0017057625608369875
2020-01-30,279.5041198730469,125451049,15.489999771118164,-0.0015601777693713403,-0.024305067046143214,0.0028662037963771425
2020-01-31,282.59490966796875,62526055,18.84000015258789,-0.03549412295725618,-0.03333309096670223,0.0037885188906179312
2020-02-03,278.17938232421875,59560849,17.969999313354492,0.012430653339704945,0.015387462066772661,0.004668126073061218
2020-02-04,287.0104064941406,51890496,16.049999237060547,0.03116134657121239,0.0502100170822366,-0.003493076449065713
2020-02-05,289.21826171875,36601453,15.149999618530273,0.021871401591104567,0.0069541565157063,-0.007010578531516876
2020-02-06,293.63385009765625,29267094,14.960000038146973,6.284046040905267e-05,0.001726440382099792,-0.0025642621759578432
2020-02-07,289.6597900390625,28798327,15.470000267028809,-0.02371129058332544,-0.03136862208854296,0.0026376572554838162
2020-02-10,289.21826171875,30632424,15.039999961853027,0.015254598736305525,0.014590782298132599,0.004895083442213455
2020-02-11,292.7506408691406,27524935,15.180000305175781,0.02022395722689385,0.02876198078819603,-0.005003843202884384
2020-02-12,295.841552734375,37612639,13.739999771118164,0.014365013808671945,0.01653602984431335,-0.0025644330478111765
2020-02-13,295.841552734375,22757021,14.149999618530273,0.0007759873663373273,-0.005031080959035261,-0.0013021990139919781
2020-02-14,295.841552734375,16933683,13.680000305175781,-0.0019281896469324211,-0.01921457719932851,0.0025075480883340884
2020-02-17,292.7506408691406,15937079,13.680000305175781,-0.0019281896469324211,-0.01921457719932851,0.0010004595193011667
2020-02-18,284.3611145019531,61825604,14.829999923706055,-0.014024646652699535,-0.034542024945048655,3.336192079261835e-05
2020-02-19,288.335205078125,38781218,14.380000114440918,0.02611553714145809,0.025987971039149294,0.0012992922615824298
2020-02-20,287.4520568847656,27011736,15.5600004196167,-0.015281636776963925,-0.020125074399210408,0.0038595648186294795
2020-02-21,287.0104064941406,22813534,17.079999923706055,-0.0298576125032064,-0.01575770728243764,0.0017898265002425084
2020-02-24,282.59490966796875,41693680,25.030000686645508,-0.047497456989589515,-0.026443565163031924,0.005359760024308047
2020-02-25,284.3611145019531,36195011,27.850000381469727,-0.030601308947146855,-0.004804124544397714,-0.001480898989105861
2020-02-26,281.2702941894531,60479362,27.559999465942383,0.0021991546079724866,0.021722801122829205,0.002340025544466995
2020-02-27,279.06243896484375,61250927,39.15999984741211,-0.04645842968444269,-0.031619027278425804,-0.006740536053203794
2020-03-02,274.64691162109375,79912942,33.41999816894531,0.03508564117509971,0.03974743853930063,-0.0022853059426798383
2020-03-03,280.38702392578125,49679411,36.81999969482422,-0.03405498813337826,-0.019649967572636595,-0.01058957105044478
2020-03-04,283.03643798828125,42941146,31.989999771118164,0.0494411034332678,0.04008757847160238,-0.0011742944825949841
2020-03-05,285.2442321777344,37861525,39.619998931884766,-0.03103534293664112,-0.02365113061614743,-0.0006718326320500623
2020-03-06,278.17938232421875,51546760,41.939998626708984,-0.019688248802865793,-0.011842931890631347,0.004504227838596275
2020-03-09,269.7898864746094,87871277,54.459999084472656,-0.08337597094366245,-0.05883388936380496,0.0005688090808786406
2020-03-10,271.114501953125,71950130,47.29999923706055,0.06311287907733099,0.051707094072667825,0.0028093222217508984
2020-03-11,266.698974609375,62216710,53.900001525878906,-0.056721980644431014,-0.04164350174622233,-0.00817077986481074
2020-03-12,259.63409423828125,113527351,75.47000122070312,-0.10907243939374056,-0.06795575191793546,0.011062558021334157
2020-03-13,256.10174560546875,149995148,57.83000183105469,0.10929454282711615,0.07270501112378458,-0.0040240875630898065
2020-03-16,244.1796875,103873228,82.69000244140625,-0.15896285529404264,-0.14034050410595,0.005309215873231965
2020-03-17,236.6732635498047,121323651,75.91000366210938,0.09835383001964537,0.08106886754675235,0.004284708160204653
2020-03-18,229.6083526611328,117437643,76.44999694824219,-0.09791664456054106,-0.08590874085195277,-0.006813049807309568
2020-03-19,221.13739013671875,160811697,72.0,0.04225856075906642,-0.001433498766900354,0.00316348022585089
2020-03-20,240.75439453125,157664726,66.04000091552734,-0.031821723932615176,0.014581796895099197,0.006506195701504236
2020-03-23,227.37916564941406,76466709,61.59000015258789,0.03356073339575327,0.016393666899431336,-0.001714984573127798
2020-03-24,238.52520751953125,81952933,61.66999816894531,0.11154737391750724,0.07976114495479791,-0.0017509497517687045
2020-03-25,246.9962158203125,79447199,63.95000076293945,-0.012910325126169409,0.0026603459895484516,-0.0023497202290181374
2020-03-26,249.6712188720703,52845633,61.0,0.06793567892282804,0.017755293537448313,0.003582677060730566
2020-03-27,243.42945861816406,68752306,65.54000091552734,-0.05332535474955369,-0.05935451338925857,-0.0040326493093088
2020-03-30,238.52520751953125,49159956,57.08000183105469,0.037991643052057045,0.019398788876625606,0.0011947594661929628
2020-03-31,244.3211669921875,48837923,53.540000915527344,-0.022468042953808998,-0.0006272495611022721,-0.0045413574793837785
2020-04-01,242.0919647216797,44515034,57.060001373291016,-0.054852731201988414,-0.026783635525705618,0.006659968398860627
2020-04-06,245.65867614746094,56392754,45.2400016784668,0.10383631899615131,0.06183585354337895,0.005618185204120385
2020-04-07,252.3462677001953,48787346,46.70000076293945,-0.004708452599699653,-0.005003251910550399,-0.0056198372328577495
2020-04-08,254.12966918945312,37912826,43.349998474121094,0.03438293002166026,0.011062060228946846,0.0005651661704579869
2020-04-09,252.3462677001953,27620430,41.66999816894531,-0.023269874100592225,-0.03859169186634248,-0.000996799897791445
2020-04-10,249.2253875732422,27252858,41.66999816894531,-0.023269874100592225,-0.03859169186634248,0.0
2020-04-13,248.33375549316406,22196596,41.16999816894531,0.013703978516880655,0.008690578889018807,-0.0013636334513190684
2020-04-14,254.12966918945312,48809688,37.7599983215332,0.044392955305417425,0.03856403785598461,-0.0058615431026438625
2020-04-15,256.35882568359375,55216434,40.84000015258789,-0.028217421870062265,-0.01915868311607316,0.005728627296222477
2020-04-16,255.46719360351562,47815280,40.11000061035156,0.026069360612204218,0.055175212778881155,-0.0038639359833286813
2020-04-17,273.30084228515625,116368201,38.150001525878906,0.0087351597543881,0.02461839275007982,0.0010700413736148828
2020-04-20,271.0716857910156,41381669,43.83000183105469,-0.02232010742737056,-0.020488032966813896,0.003273526801443216
2020-04-21,263.04656982421875,61479357,45.40999984741211,-0.047296363965242616,-0.023198563118920656,-0.0001664445078075616
2020-04-22,262.15484619140625,42192580,41.97999954223633,0.05880282420629701,0.030757502036658835,0.002197801639430619
2020-04-23,263.49237060546875,39474478,41.380001068115234,-0.010373784999006208,-0.005854469835865683,-0.0013955281750928084
2020-04-24,262.15484619140625,26008090,35.93000030517578,0.022761276197796665,0.0017096059973802369,-0.0066214582617247775
2020-04-27,265.72149658203125,38493406,33.290000915527344,0.013203634347746629,0.014792153823380394,0.007502962124291246
2020-04-28,264.384033203125,37395165,33.56999969482422,-0.006857857126278177,-0.014015905570665677,-0.005518812580219246
2020-04-29,266.61322021484375,44059301,31.229999542236328,0.04935183121504716,0.03260052364702859,-0.0036104637197907907
2020-04-30,271.5173645019531,55126085,34.150001525878906,-0.03700161265680968,-0.024779700062674936,-0.005871536407224598
2020-05-04,263.04656982421875,71581861,35.970001220703125,0.010277319486226899,0.02054804614236505,0.010410700493712177
2020-05-05,263.49237060546875,23547405,33.61000061035156,0.01697462850962239,-0.008437462733667522,-0.009467067273902785
2020-05-06,263.9380798339844,34240479,34.119998931884766,0.010802012429713015,0.008122523123378578,0.0005065649895052982
2020-05-07,265.2757263183594,27621198,31.440000534057617,0.010060051946091386,0.003836445510065234,0.012556953269218019
2020-05-08,265.2757263183594,32295893,27.979999542236328,0.02938086186833755,0.011083519627052452,-0.00723402526357908
2020-05-11,268.39654541015625,28727019,27.56999969482422,-0.0007321015135849374,-0.009639024720999978,0.0020147570369026813
2020-05-12,263.04656982421875,52089788,33.040000915527344,-0.027655858750113893,-0.0248091741723776,0.0017426288709940785
2020-05-13,264.829833984375,26156418,35.279998779296875,-0.019516150875182547,-0.0035225884285768894,-0.003479194796687679
2020-05-14,261.26312255859375,34315948,32.61000061035156,0.028068660502761578,0.023173677122183545,0.003491341855103469
2020-05-15,265.72149658203125,42494804,31.889999389648438,-0.021943033902561915,-0.04414603665938832,-0.0005352852794888729
2020-05-18,258.5881652832031,84986065,29.299999237060547,0.04800429405245166,0.04156640896714148,0.0026108255379915235
2020-05-19,259.92559814453125,51250214,30.530000686645508,-0.003887740841200027,-0.020435583050259054,-0.00046738127608203506
2020-05-20,262.15484619140625,32677994,27.989999771118164,0.036708541993264454,0.020271487154405632,-0.003173053407098614
2020-05-21,265.2757263183594,30997468,29.530000686645508,-0.027069941203277104,-0.021026262384897465,0.001172720664009086
2020-05-22,260.3714599609375,40192923,28.15999984741211,0.006337437968355619,-0.018719332717955783,-0.00013385910961671854
2020-05-25,260.3714599609375,26803223,28.15999984741211,0.006337437968355619,-0.018719332717955783,0.00642660819064389
2020-05-26,263.49237060546875,33856481,28.010000228881836,0.010098124396018537,0.02048204910030571,-0.000997761269583175
2020-05-27,264.384033203125,23375959,27.6200008392334,0.014721176310134698,0.018103160284015818,-0.0020973342139216644
2020-05-28,262.15484619140625,28444568,28.59000015258789,-0.023087637192063748,-0.028218146744665717,0.0016680312401748942
2020-05-29,260.3714599609375,79774181,27.510000228881836,0.02650358247470619,0.000994632551805097,-0.0038301339743295193
2020-06-01,263.49237060546875,35811214,28.229999542236328,-0.004993279342270451,0.013907993300949828,0.0011367568339006873
2020-06-02,264.384033203125,24771587,26.84000015258789,0.02179317080691412,0.019204415162571653,-0.0037069215913086984
2020-06-03,268.39654541015625,65176337,25.65999984741211,0.02870322210372156,0.020188445884746775,0.0012770853989403363
2020-06-04,272.85498046875,46572451,25.809999465942383,0.00825819250978821,0.02299291670659942,-0.00043853994803289
2020-06-05,277.7591552734375,42981262,24.520000457763672,0.025743952974305984,0.01694888833689623,-0.00042870308660469814
2020-06-08,283.5552673339844,50302921,25.809999465942383,-0.0025651847643365366,0.006702999906497142,-0.004429531144951149
2020-06-09,284.44683837890625,36417082,27.56999969482422,-0.0002651976354534069,0.018715513940824158,-0.0021202748538675653
2020-06-10,287.5677490234375,39984259,27.56999969482422,0.003288174442474423,0.016604550127714335,-0.0018549850213626096
2020-06-11,285.7843933105469,50104255,40.790000915527344,-0.0638512255532534,-0.04361402159503891,-0.001419152487548092
2020-06-12,281.77178955078125,45992918,36.09000015258789,0.01448847468962855,0.01744168260449741,-0.0009474462290381958
2020-06-15,275.9759521484375,51032404,34.400001525878906,0.0142658479018698,0.00035718492048064654,0.0034919500196484154
2020-06-16,280.8801574707031,36608216,33.66999816894531,0.01795947792359409,-0.0039273291556309875,-0.004998629749581873
2020-06-17,280.8801574707031,34522968,33.470001220703125,0.009355501221764984,0.014337015663518748,0.00016964274738429097
2020-06-18,282.67779541015625,29044474,32.939998626708984,-0.0019857775359438667,-0.0005339845592953196,0.00016954928482681986
2020-06-19,282.67779541015625,48130280,35.119998931884766,-0.006741935159725432,-0.014959854975350573,0.0035266223248529016
2020-06-22,280.4307556152344,37374616,31.770000457763672,0.008424867911656087,0.01247505596180365,-0.0003379140679948822
2020-06-23,283.1272277832031,41300084,31.3700008392334,0.002203329274293564,0.013571365315269146,-0.005036511955486267
2020-06-24,285.3741760253906,54147024,33.84000015258789,-0.021849009708241773,-0.0031710205622875742,0.0038389968337428915
2020-06-29,280.4307556152344,56580892,31.780000686645508,0.011436469762617918,0.0010649013581536249,0.004833226767204435
2020-06-30,281.3295593261719,48991860,30.43000030517578,0.02702809626643443,0.006738863921997407,-0.00374291818790895
2020-07-01,285.3741760253906,29532342,28.6200008392334,-0.01475624702075884,0.0008805276242240812,-0.0005270394861978112
2020-07-02,289.4189147949219,34526178,27.68000030517578,0.01353852359822505,0.03167923662509797,0.0010783825818503345
2020-07-03,296.1600341796875,53341987,27.68000030517578,0.01353852359822505,0.03167923662509797,0.00014952759779074398
2020-07-06,303.79998779296875,57256220,27.940000534057617,0.02668529633834371,0.05561241356831892,0.0006421532072957703
2020-07-07,304.24932861328125,59046323,29.43000030517578,-0.01321081990435291,-0.01890749758805932,-0.0015924686833057589
2020-07-08,306.4964294433594,30720218,28.079999923706055,0.014848220314377825,0.030966761259274334,0.0025472526755430103
2020-07-09,310.0917663574219,35522376,29.260000228881836,0.01315274022766344,0.03498961465433026,-0.004708425215486645
2020-07-10,313.237548828125,60902108,27.290000915527344,-0.0033369600805055466,-0.014356378586631413,-0.0003476629450652746
2020-07-13,318.6304016113281,48069523,32.189998626708984,-0.01722398105182199,0.019107421932417656,0.00453458644773197
2020-07-14,326.71978759765625,61764150,29.520000457763672,0.017525845889337033,0.02904549855466576,-0.0002375850944679181
2020-07-15,326.2704162597656,73438362,27.760000228881836,-0.0027153078725055124,-0.013440714560394751,-0.0023187210973315553
2020-07-16,321.32684326171875,68220512,28.0,-0.003996763983706408,0.008022893712295698,0.003038691639421387
2020-07-17,329.8656921386719,65727485,25.68000030517578,0.006357284746506542,-0.002853189300612624,-0.00383689163183365
2020-07-20,328.9668273925781,42769238,24.459999084472656,0.020048420081554497,0.0073795025286407245,0.0030684358830124214
2020-07-21,344.2467346191406,64219128,24.84000015258789,-0.006576678656970314,0.013754041650470006,-0.0002376576821485621
2020-07-22,345.14556884765625,43759670,24.31999969482422,0.0042162956893943004,0.010617451105774611,-0.0015281718179933623
2020-07-23,342.8985595703125,45209282,26.079999923706055,-0.016367184877364993,-0.01692655842066504,0.0010101124117392057
2020-07-24,346.943115234375,86682734,25.84000015258789,-0.015577246518293175,0.09692738647184407,-0.0001698563388655705
2020-07-27,381.5475769042969,99333798,24.739999771118164,0.03232934429755341,0.1265223179349686,0.0008257677922818285
2020-07-28,390.985107421875,166307746,25.440000534057617,-0.021011019747755433,-0.07603585637475418,-0.009201721723594014
2020-07-29,379.300537109375,85663166,24.100000381469727,0.022277299873758816,0.07475271426353425,0.004523645239955965
2020-07-30,390.0863342285156,69293949,24.760000228881836,0.019584104374374522,-0.03314374602656012,-0.0018081159921993217
2020-07-31,382.4464416503906,49897674,24.459999084472656,-0.005187370010225845,-0.013011550832615737,-0.003383606006801876
2020-08-03,373.90765380859375,76429571,24.280000686645508,0.01912559345015019,0.0007606402877253782,0.0051440198667760395
2020-08-04,382.4464416503906,41223445,23.760000228881836,0.01494533924161856,0.015706213691607518,-0.0021153284130982497
2020-08-05,385.5922546386719,47223834,22.989999771118164,-0.001018187056959885,0.017957427341757093,0.0005812431220704184
2020-08-06,390.985107421875,41029627,22.649999618530273,-0.0011868837621428208,-0.013598425046979501,0.002497900058970437
2020-08-07,389.1874694824219,36589460,22.209999084472656,-0.011827911270790414,-0.006084808703181066,0.0010566511420713187
2020-08-10,391.4346008300781,36067500,22.1299991607666,0.00033962264573772494,-0.001999654743421342,0.0017671278755686526
2020-08-11,385.5922546386719,34545313,24.030000686645508,-0.011382848909040066,-0.024164019478259413,-0.0036708406706819074
2020-08-12,376.6040954589844,52143474,22.280000686645508,0.03361345204293675,0.018603840742873468,0.00017060922328293593
2020-08-13,385.5922546386719,44352335,22.1299991607666,-0.01113947383738556,-0.013729489575567855,-0.0007436044165027855
2020-08-14,383.7945861816406,23419955,22.049999237060547,-0.0007264104228865698,0.0014049967859586232,0.0014575205704610017
2020-08-17,390.985107421875,34137731,21.350000381469727,0.012177356570811648,0.022700972510167894,0.001469051587654313
2020-08-18,389.1874694824219,41643160,21.510000228881836,-0.0058134927963170435,-0.009726760893211894,-0.0015758249305566352
2020-08-19,384.2439880371094,31486800,22.540000915527344,-0.006271794826003485,-0.010956158971229035,0.0006477093669163825
2020-08-20,373.0088195800781,75097235,22.719999313354492,-0.008965035098466245,-0.022026840603879938,0.0020882610800023738
2020-08-21,381.5475769042969,41609467,22.540000915527344,0.00792742854456363,0.019919442258240938,-0.003229576404692014
2020-08-24,384.6934814453125,48375406,22.3700008392334,0.009570918977028997,0.0071483276650432526,0.0024215086431433885
2020-08-25,390.5356750488281,35977899,22.030000686645508,0.010674173371438833,0.014448627109524104,-0.003470307639783954
2020-08-26,397.27685546875,39243340,23.270000457763672,0.003196491260913925,0.021364308952865674,0.0
2020-08-27,399.0745544433594,53072712,24.469999313354492,-0.013367557265739571,-0.014067372286852287,-0.0002833998289702988
2020-08-28,390.985107421875,56842210,22.959999084472656,0.01981397300602805,-0.001984992829017984,0.0014172705601938063
2020-08-31,383.34521484375,81480538,26.40999984741211,-0.001638574078245525,-0.01479343935588806,0.00028301392199536757
2020-09-01,390.985107421875,37429577,26.1200008392334,0.019575921987496914,0.02902184559981369,-0.0008011365214014576
2020-09-02,389.1874694824219,34871407,26.56999969482422,0.02842043231286029,0.007602782620086623,-0.0001535875080771465
2020-09-03,391.8840026855469,34951617,33.599998474121094,-0.05735849390884484,-0.012048197696779561,-0.0003617020708793772
2020-09-04,385.5922546386719,46119911,30.75,-0.009623002192231445,-0.027962748888535338,-0.00047454355135168047
2020-09-07,382.89581298828125,32019312,30.75,-0.009623002192231445,-0.027962748888535338,0.0015369403779441626
2020-09-08,387.3898620605469,23714670,31.459999084472656,-0.04705493845427,-0.02014946278032781,-0.0006410731314451246
2020-09-09,383.7945861816406,40551362,28.809999465942383,0.028929008632412767,0.026900990434546967,-0.001986024153943222
2020-09-10,390.985107421875,35098921,29.709999084472656,-0.014670874742016782,-0.006296932545966416,0.0011625259695036139
2020-09-11,392.3333740234375,34298469,26.8700008392334,-0.0006595216018734362,-0.0010140937421996288,-0.0004234716506867908
2020-09-14,396.37799072265625,39085833,25.850000381469727,0.02124158283595623,0.02131449660247542,0.00045779859416406055
2020-09-15,399.97332763671875,39061449,25.59000015258789,0.01716050941045033,0.06645977624034627,-0.005429970595095757
2020-09-16,411.6579284667969,64261238,26.040000915527344,-0.010656997809193158,-0.03168331844732952,0.002472290132864652
2020-09-17,405.3316955566406,42058506,26.459999084472656,-0.0006331639113917875,-0.009588655944444358,-0.0005137657066356383
2020-09-18,401.2648620605469,52454922,25.829999923706055,-0.015121998549498694,-0.02051013592499218,-0.0019842177687499074
2020-09-21,397.64984130859375,39463920,27.780000686645508,-0.003095804891760423,0.004486955181477681,-0.004021058439251712
2020-09-22,394.93853759765625,36130639,26.860000610351562,0.012059704455984477,-0.001365215313261836,-0.0012514653639484896
2020-09-23,391.77545166015625,45710963,28.579999923706055,-0.024570495316810215,-0.03180894244584076,0.0022196555662379325
2020-09-24,382.2861022949219,79806381,28.510000228881836,0.009747533039556444,0.005903617778064696,0.0054868544509025785
2020-09-25,383.1898498535156,38775269,26.3799991607666,0.014165914037466809,0.006379370426793374,0.002459495230795472
2020-09-28,389.96795654296875,34156973,26.190000534057617,0.027458308357901418,0.011282947347057704,-0.0004202618345940934
2020-09-29,389.51611328125,32230502,26.270000457763672,0.002180925969952341,0.0092765165504618,-0.005189429465959572
2020-09-30,391.3235168457031,27334204,26.3700008392334,0.0007135265871938135,0.006955526536430723,-0.00721652883396573
2020-10-05,390.8717041015625,32945832,27.959999084472656,0.03351459510461319,0.04628727018119738,0.0018359890322996453
2020-10-06,397.1978759765625,35775395,29.479999542236328,-0.0063034598676495746,-0.016796895075369744,-0.007427381757080909
2020-10-07,400.3609924316406,42926239,28.059999465942383,0.020932974218548006,0.045717165785415625,0.0035463613051927023
2020-10-08,409.398681640625,60853811,26.360000610351562,0.011731086372484878,0.010124032860234333,-0.006734416708975677
2020-10-12,415.7248229980469,64719223,25.06999969482422,0.014778711292954494,0.023992102078192357,-0.00107226196980037
2020-10-13,417.53240966796875,45750738,26.06999969482422,-0.0013766694951831138,-0.013970025302122768,0.00031470152271118046
2020-10-14,414.8210754394531,40809241,26.399999618530273,-0.0053206751343103376,-0.01160207816389025,0.00788532974930467
2020-10-15,409.398681640625,47775028,26.969999313354492,-0.0025111982798246,-0.005078820931954553,-0.0040782743454411685
2020-10-16,405.7835998535156,46876801,27.40999984741211,-0.004715578836264278,-0.016449482378499747,0.000522299235087953
2020-10-19,413.4654541015625,34470906,29.18000030517578,-0.005796376326286712,0.009919497023842538,0.0013573089396985427
2020-10-20,407.591064453125,25205638,29.350000381469727,-1.2586413917881067e-05,0.007994415035889935,-0.0020401312207097844
2020-10-21,409.398681640625,28058921,28.649999618530273,-0.007779320343513141,-0.007024574793739524,-0.006627590110534487
2020-10-22,411.2060852050781,23438547,28.110000610351562,0.0013475247303171844,0.00650386909662104,0.005364087721584809
2020-10-23,408.49481201171875,18777385,27.549999237060547,-0.004311405392918188,0.0011335219094998905,0.00017433256600840608
2020-10-26,406.68731689453125,15059581,32.459999084472656,-0.0219385524823269,-0.017891298292568858,-0.003416881335661426
2020-10-27,403.97607421875,20117660,33.349998474121094,-0.0032662779016163768,-0.00023043807607714406,0.00048279282335639273
2020-10-28,401.2648620605469,24710230,40.279998779296875,-0.03386917985380067,-0.03298384817568434,-0.0007973075895159054
2020-10-29,394.93853759765625,41285612,37.59000015258789,0.027292158457588478,0.01240312425763812,0.00031499889359887234
2020-10-30,390.4198303222656,47668895,38.02000045776367,-0.016421080990353665,-0.01201554172004593,-0.007605905460423501
2020-11-02,393.5830383300781,33477443,37.130001068115234,0.006197345066373261,0.021938885806137343,0.007685312495965491
2020-11-03,398.55352783203125,30328495,35.54999923706055,0.01887548209527079,0.0231012391999299,-0.0008850905089123895
2020-11-04,406.68731689453125,37512790,29.56999969482422,0.03538842631379069,0.020070552743192138,0.0012711071442073063
2020-11-05,407.591064453125,34886108,27.579999923706055,0.04401437060998292,0.01095577431609307,-0.0015002862230207858
2020-11-06,408.94671630859375,30154140,24.860000610351562,0.0161139134640349,0.010836953689622009,-0.0007145284012346487
2020-11-09,414.3692321777344,39245881,25.75,-0.012525326041106566,-0.026036280926687083,0.0015316922993822146
2020-11-10,407.591064453125,34820499,24.799999237060547,-0.03013305110815323,-0.015388011246395439,0.001763771790998625
2020-11-11,413.01361083984375,36765561,23.450000762939453,0.03670429266113695,0.03673246700959698,-0.0013380238239003583
2020-11-12,413.9173889160156,40100880,25.350000381469727,-0.013065281980750854,-0.011663508295917668,-0.0027424838734622092
2020-11-13,417.53240966796875,31037438,23.100000381469727,0.012261850266887642,0.037853580814903864,-0.002690414229322702
2020-11-16,437.4148254394531,81994937,22.450000762939453,0.024776552489084613,0.06490008363373567,0.0016882504583888291
2020-11-17,438.7703857421875,72413868,22.709999084472656,-0.008564835081771083,-0.03586166902475951,0.0012324767364406686
2020-11-18,449.16357421875,50387727,23.84000015258789,-0.0072068111419524294,0.012746841006914478,-0.0004945109154605998
2020-11-19,442.8372802734375,44220053,23.110000610351562,0.01566033274299805,-0.003301350485862886,0.0010175515427834902
2020-11-20,441.02978515625,32281453,23.700000762939453,-0.0057271248651523665,-0.013249142004846393,-0.0015072265647327887
2020-11-23,448.7117004394531,38084006,22.65999984741211,0.015554685971434168,0.02937162534954374,0.0013796089181992155
2020-11-24,444.64483642578125,35479226,21.639999389648438,0.005301997790434498,-0.015183959376842027,-0.00029446381942976885
2020-11-25,440.12603759765625,41419632,21.25,-0.0033614357547205875,0.008795378920192443,-0.0017708480962530526
2020-11-26,441.93359375,28893033,21.25,-0.0033614357547205875,0.008795378920192443,0.00044964474647968267
2020-11-27,441.93359375,32960189,20.84000015258789,0.012045068331001163,0.012821786297962268,0.0010358410929889317
2020-11-30,434.251708984375,119895176,20.56999969482422,0.01213346111419833,-0.017419219884586057,0.0002910894774665884
2020-12-01,442.8372802734375,37018651,20.770000457763672,0.017360677308310812,0.03957945472968749,-4.5546827790565736e-05
2020-12-02,450.9710693359375,50621339,21.170000076293945,0.002443091095871708,-0.013087578294758595,-0.0015324764342954378
2020-12-03,449.16357421875,35651379,21.280000686645508,-7.370011423513123e-05,-0.00040190088711145044,-0.0011238572855989393
2020-12-04,454.5860595703125,51172005,20.790000915527344,0.0283048173765319,0.04251256466231923,-0.0018529602599375306
2020-12-07,464.5273132324219,44271244,21.299999237060547,0.004862131084361732,0.025643780816895,-0.006069413775993682
2020-12-08,473.5647888183594,40771761,20.68000030517578,0.0034418432698686274,-0.0070497452884288325,-0.007655217121793623
2020-12-09,469.94976806640625,43314115,22.270000457763672,-0.02893898647316684,-0.011548737450033486,0.00806072780064171
2020-12-10,462.71978759765625,42556926,22.520000457763672,-0.0004022633158888844,-0.0018194120333725472,0.0006129042634079873
2020-12-11,466.33477783203125,45660960,23.309999465942383,-0.010824219673787328,-0.001918922979026516,-0.0019933863093117843
2020-12-14,459.1048278808594,30260485,24.719999313354492,0.011896808136431458,-0.004517793601165776,-0.00016680257862577985
2020-12-15,455.4897766113281,39852366,22.889999389648438,0.014084984582000803,0.01477403155169088,-0.0024838441840551173
2020-12-16,462.71978759765625,52012348,22.5,-0.00049377328309963,0.001046619654648806,-0.0004980058056349712
2020-12-17,461.3575134277344,38215179,21.93000030517578,0.0017018593779820623,-0.00819018713586006,0.000615689812892839
2020-12-18,463.1739501953125,39924864,21.56999969482422,-0.004823336067254269,0.003657125047586973,0.0004517481547794411
2020-12-21,468.62298583984375,34813281,25.15999984741211,-0.006311606600805764,0.005274329355119622,0.0014576353040680612
2020-12-22,462.2657775878906,22454277,24.229999542236328,-0.0012084884785255046,-0.008489972421022784,-0.0010295443685548467
2020-12-23,462.2657775878906,18086715,23.309999465942383,-0.007449039757899567,-0.0017316013157672172,-0.0003269062777392362
2020-12-24,463.1739501953125,14950143,21.530000686645508,0.009807110863541801,0.02129902762850744,0.00014930189161166396
2020-12-25,464.08209228515625,12327895,21.530000686645508,0.009807110863541801,0.02129902762850744,-0.000746398019421668
2020-12-28,467.71478271484375,19087382,21.700000762939453,-0.002159790210069512,0.0016986655955166796,-0.006224697389719425
2020-12-29,467.71478271484375,19907528,23.079999923706055,-0.002277447760374751,-0.005558193095007935,0.00601314219841198
2020-12-30,476.79669189453125,46292401,22.770000457763672,0.016698004012999368,0.03164073119100985,0.000626146711325104
2020-12-31,481.3375549316406,29970398,22.75,0.0042137031387115,0.0012856203437137115,-0.001941352517634276
2021-01-04,486.78680419921875,38770328,26.969999313354492,-0.0043963652521910035,0.024394660236771726,-0.0008796083232996965
2021-01-05,492.23577880859375,34411866,25.34000015258789,0.019387671679402807,0.009579257681458175,0.0016753039220644972
2021-01-06,498.593017578125,53030554,25.06999969482422,-0.0032461788299987804,0.02518401541240678,-0.00519554141558376
2021-01-07,513.1239013671875,51166782,22.3700008392334,0.03855784401783113,0.05034179689608442,-0.0044714720207886804
2021-01-08,526.7467041015625,59563555,21.559999465942383,-0.0001804662229740739,-0.022564444734962885,0.0034782555059014175
2021-01-11,530.3795776367188,48810990,24.079999923706055,0.01139121172891322,0.03294278366374748,0.0032298875962781803
2021-01-12,536.7368774414062,50232426,23.329999923706055,0.0060944732963785775,0.00326265978980822,0.00013207182501551173
2021-01-13,549.4513549804688,62662393,22.209999084472656,0.0013152293542000315,-0.03065041056820017,-0.001523866753858849
2021-01-14,537.64501953125,75288477,23.25,0.02128710120344901,0.06055514030913356,0.001429659277378148
2021-01-15,545.8184204101562,92010500,24.34000015258789,-0.02057502691975588,-0.009647883315803574,-0.0011099764382738186
2021-01-18,551.2677612304688,45726476,24.34000015258789,-0.02057502691975588,-0.009647883315803574,-0.00016438136585916752
2021-01-19,569.4314575195312,50672866,23.239999771118164,0.03359765306786722,0.04847070857653191,-3.544459519000398e-06
2021-01-20,587.5950927734375,82066422,21.579999923706055,-0.002676745087444643,-0.0050265305482304345,-0.0024015161615658087
2021-01-21,611.2078857421875,89019137,21.31999969482422,0.015276911228297108,0.026944168923026757,-0.0008956304875132881
2021-01-22,589.4114379882812,125179403,21.90999984741211,-0.018444088594231633,-0.037418090251750025,0.0024668330598713872
2021-01-25,574.8805541992188,93050133,23.190000534057617,0.0015645520252856038,0.010686184847810365,-0.00025753041093057316
2021-01-26,560.3497924804688,100153482,23.020000457763672,-0.015406530249014394,-0.029650570614691674,-0.001130491485045626
2021-01-27,558.533203125,59985191,37.209999084472656,-0.051666233160709396,-0.03876833154359749,-7.166220309284821e-05
2021-01-28,545.8184204101562,96447533,30.209999084472656,0.020865225857663372,0.03359615031723595,0.0005373342428047767
2021-01-29,536.7368774414062,90745237,33.09000015258789,-0.016367316206647442,-0.034252549471419425,-1.433942665640675e-05
2021-02-01,554.9004516601562,67462398,30.239999771118164,0.03910868734292383,0.04229767415683483,0.0024487312054366495
2021-02-02,573.9723510742188,78429188,25.559999465942383,0.015780081948515656,0.014053232476666455,-0.0018106222993248267
2021-02-03,572.156005859375,48738970,22.90999984741211,-0.021152930363605993,-0.007318462125358471,-0.003302304960001723
2021-02-04,569.4314575195312,46371900,21.770000457763672,0.008565510291675293,0.00509803253649288,0.00021539661287794942
2021-02-05,573.9723510742188,53267273,20.8700008392334,-0.007781464262736515,-0.0028873016769606075,0.0013960800645584914
2021-02-17,602.1259765625,107614290,21.5,-0.01873461928799325,-0.026990248164802888,0.001643260526494661
2021-02-18,599.4015502929688,53109010,22.489999771118164,-0.009895398481080675,-0.01203495375868302,-0.0043260216490864645
2021-02-19,592.1360473632812,50279585,22.049999237060547,0.02436448600741148,0.015078333060072113,-0.002073860051611476
2021-02-22,590.3196411132812,36474610,23.450000762939453,-0.03767689149039499,-0.022610844645351236,0.0016869897980316129
2021-02-23,582.1460571289062,50076333,23.110000610351562,-0.005844638442831784,-0.03346556039611559,-0.003525900056213449
2021-02-24,567.6151123046875,66206750,21.34000015258789,0.03238132197639376,0.02478678759809272,0.0014671331918394426
2021-02-25,576.6968383789062,43231417,28.889999389648438,-0.05797586445223879,-0.04761897874071874,-0.007188495229882186
2021-02-26,550.3595581054688,111861175,27.950000762939453,0.022826460437041396,-0.0004762325174230142,0.004159123786789953
2021-03-02,553.0841064453125,54041533,24.100000381469727,-0.03097720264932291,-0.02423902648792331,-0.0012923819309750284
2021-03-03,564.8905639648438,48252965,26.670000076293945,-0.031052337427863397,-0.024682605752574527,-0.0028398027365883483
2021-03-04,545.8184204101562,67711962,28.56999969482422,-0.04837718748379549,-0.05940261771218058,-0.0007209970414093769
2021-03-05,545.8184204101562,79918467,24.65999984741211,0.03147308118495418,0.045072905956599296,0.0033549933005410093
2021-03-08,543.0940551757812,43219772,25.469999313354492,-0.054095694598989996,-0.056870862455192794,0.004116781609573739
2021-03-09,540.3695068359375,68768861,24.030000686645508,0.06133742138720488,0.021504508632950392,0.01272943077039801
2021-03-10,542.1859741210938,40146301,22.559999465942383,-0.018037553000200157,-0.021911201603701524,-0.001096069592764981
2021-03-11,553.0841064453125,54416046,21.90999984741211,0.04091584528852077,0.05929938366310328,-0.0017698266663561668
2021-03-12,557.6251220703125,33168846,20.690000534057617,-0.010690158976964015,-0.018908688793424555,-0.007127161762129908
2021-03-15,554.9004516601562,27416758,20.030000686645508,0.02258277453726043,0.006593425915213391,0.005167708541374605
2021-03-16,556.7168579101562,36949425,19.790000915527344,0.012621829757078373,0.0022673038780398613,0.0011014164447242791
2021-03-17,550.7896118164062,39517807,19.229999542236328,0.012246232535527257,-0.0011942470628152346,0.00212229228687022
2021-03-18,548.9655151367188,29415526,21.579999923706055,-0.04237559347810371,-0.03587080819282007,-0.0006693435002753656
2021-03-19,538.9348754882812,70866028,20.950000762939453,0.011810332176512839,-0.007598272824318575,0.00663059429778623
2021-03-22,540.7587280273438,34089033,18.8799991607666,0.021976684719988704,0.031241759263818558,-0.0006547704063115667
2021-03-23,541.6704711914062,29374037,20.299999237060547,-0.027080010582560488,-0.019542465421057198,-0.0027302551212525783
2021-03-24,525.2562255859375,107253959,21.200000762939453,-0.013439268040433494,-0.05161455655626679,0.003334690081613134
2021-03-25,524.3443603515625,67833354,19.809999465942383,0.0020006676330457385,0.0136745961142557,0.0027356146036974227
2021-03-26,538.0227661132812,36829858,18.860000610351562,0.04946151610222249,0.05531915244902175,0.000793525942686335
2021-03-29,546.2301025390625,37884733,20.739999771118164,-0.016627653011717092,-0.018617119813978844,0.0028839118577712597
2021-03-30,544.4061889648438,33099123,19.610000610351562,-0.003299854440988459,0.005944669746125175,-0.002029020416646765
2021-03-31,535.2872314453125,38790886,19.399999618530273,0.026404523259214496,0.02789616994302091,-0.0030286910965079405
2021-04-01,548.9655151367188,43091157,17.329999923706055,0.03687430242799983,0.05512348205757944,-0.002345197043831182
2021-04-07,556.2609252929688,24603109,17.15999984741211,0.00011018133874962643,-0.02082634631140079,0.001574680830820796
2021-04-08,558.9967041015625,23976625,16.950000762939453,0.010653750312046517,0.02952695899604252,-0.0028629884562738628
2021-04-09,556.2609252929688,27303862,16.690000534057617,-0.00203860963657565,-0.005104133935483035,0.0007160361348310662
2021-04-12,551.7014770507812,22606128,16.90999984741211,-0.010987895344696796,-0.015472364042982245,0.0045574892409234735
2021-04-13,551.7014770507812,25971622,16.649999618530273,-0.0017279179267082334,0.003060474871011909,-0.0037333170572916297
2021-04-14,558.0847778320312,30077913,16.989999771118164,-0.011934721598095499,-0.0035460692355664403,0.0007078933127258047
2021-04-15,564.468017578125,33530942,16.56999969482422,0.017875651053338215,-0.02060554776778034,-0.00281554051087729
2021-04-16,556.2609252929688,48507383,16.25,-0.005578770580821457,0.004140213396714776,-0.0031199556190403266
2021-04-19,549.8776245117188,24231637,17.290000915527344,-0.02523149635231514,-0.028946325489871638,0.0003433798790331011
2021-04-20,548.9655151367188,34771635,18.68000030517578,-0.015632314209831244,-0.003899479353532187,-0.004530113461426399
2021-04-21,539.8466186523438,38458220,17.5,0.02749383142945261,0.021313506529430093,-0.003590917502681479
2021-04-22,538.9348754882812,33868521,18.709999084472656,-0.023097693701769395,-0.017717217294889287,-0.001641316224407774
2021-04-23,548.9655151367188,27754511,17.329999923706055,0.020365974455532898,0.028789440718687942,0.0037991549586497975
2021-04-26,556.2609252929688,30887664,17.639999389648438,0.016665737546802895,0.024275074802658336,-0.001933337905959176
2021-04-27,556.2609252929688,26317481,17.559999465942383,-0.007583978595462448,-0.0020571683952524955,-0.007990832859932295
2021-04-28,548.9655151367188,24024054,17.280000686645508,-0.014608125476504474,-0.01327616059947978,0.0032076763647559403
2021-04-29,547.1420288085938,31828333,17.610000610351562,0.007553904476463202,-0.004679950540487199,-0.004093553697287922
2021-05-03,536.1990966796875,41762441,18.309999465942383,-0.011453915108678214,-0.006852992184268825,0.0028992165555055127
2021-05-04,538.9348754882812,40273595,19.479999542236328,-0.015966078418475638,-0.0050024811866284935,0.002783092616461813
2021-05-05,533.46337890625,29254785,19.149999618530273,0.006140185317964564,0.0001732377744858571,-0.0011029890401905718
2021-05-06,535.2872314453125,30725590,18.389999389648438,0.007670394096875199,0.014040677172688865,-0.0002939674112609758
2021-05-07,546.2301025390625,28075722,16.690000534057617,0.014940238805908335,-0.0014529787552246543,0.0022592693141363362
2021-05-10,537.11083984375,20434079,19.65999984741211,-0.046567648933562134,-0.03868877172529228,-0.006984398409560111
2021-05-11,520.6967163085938,59349193,21.84000015258789,0.002999518730864681,0.004808282742878367,-0.0007746834120708757
2021-05-12,510.665771484375,131741482,27.59000015258789,-0.04195554014003744,-0.04111637927773504,0.006696384970054758
2021-05-13,498.8110046386719,66765627,23.1299991607666,0.015007993451107149,0.0049900805832443496,0.0038328026526472936
2021-05-14,507.92999267578125,37533726,18.809999465942383,0.030228678631886607,0.03411481372147507,-0.0031044780426563445
2021-05-17,500.6347351074219,56270958,19.719999313354492,-0.008985664470119947,-0.02365261084196968,0.000819688136178387
2021-05-18,521.6085815429688,43689316,21.34000015258789,-0.008623746959634637,0.009471469447935643,0.0033726628756043375
2021-05-19,517.049072265625,28908777,22.18000030517578,0.01984539162936394,0.014074427106286258,-0.003161713514924669
2021-05-20,517.049072265625,29709287,20.670000076293945,0.026388580029959474,0.007829243640168349,-0.0026675804134449477
2021-05-21,522.5204467773438,27376731,20.149999618530273,-0.004569310714482189,-0.012623705287263198,0.002136927485614226
2021-05-24,517.9609985351562,15629736,18.399999618530273,0.023223315272959066,0.015914159891719404,-5.370506244251061e-05
2021-05-25,531.639404296875,33039911,18.84000015258789,0.0037432008784428206,0.005720507054890911,0.0022684271317261473
2021-05-26,533.46337890625,18703987,17.360000610351562,0.0020129898046732375,0.01505056032877361,-0.006850546741188235
2021-05-27,530.7277221679688,62169719,16.739999771118164,0.00582303586021915,-0.0019825650039440035,-0.005481574945320644
2021-05-28,538.0227661132812,29086873,16.760000228881836,0.008638083764219928,0.013734188163432748,0.004301047842272254
2021-05-31,544.4061889648438,30657474,16.760000228881836,0.008638083764219928,0.013734188163432748,-0.0060099979469249165
2021-06-01,545.318115234375,17818326,17.899999618530273,-0.0038411296223227476,0.009798868162853136,-0.003740046758353377
2021-06-02,542.5823364257812,21872755,17.479999542236328,0.007138508915733421,0.0037127958038545295,0.0023658256413328083
2021-06-03,543.4943237304688,21077164,18.040000915527344,-0.018076446964183535,-0.017906893852050798,-0.0013704629347449648
2021-06-04,542.5823364257812,15756180,16.420000076293945,0.02387557063154322,0.023026980526520635,0.0028971699929969397
2021-06-07,539.8466186523438,17077625,16.420000076293945,-0.006994089000500359,-0.010794112035182768,-0.003178454040775325
2021-06-08,537.11083984375,13396324,17.06999969482422,-0.006404172740554048,-0.019455104231259956,0.0031522926766149872
2021-06-09,534.3751220703125,20023490,17.889999389648438,-0.004017378280936512,0.01043815346164978,-0.0012996551722471716
2021-06-10,546.2301025390625,28527745,16.100000381469727,0.011945613301987956,0.009476445996606797,0.0069815143394595935
2021-06-11,548.9655151367188,24227710,15.649999618530273,0.004333287808222508,8.461426027195351e-05,-0.007991440532836847
2021-06-15,555.3490600585938,26012250,17.020000457763672,-0.009019059953548347,-0.012728323539434316,-0.00015194752635017128
2021-06-16,551.7014770507812,25856919,18.149999618530273,-0.007740274538063585,-0.011971371576132261,-0.002735540137186243
2021-06-17,554.90625,22872361,17.75,0.009590707644842045,0.013192189994280845,0.004237852911618267
2021-06-18,552.1592407226562,32652017,20.700000762939453,-0.024414289431116454,-0.02795502296889718,0.0002529073491499556
2021-06-21,533.8453979492188,44279632,17.889999389648438,0.006083440259379236,-0.014249986628870892,0.0034676060407665688
2021-06-22,529.2669067382812,27823974,16.65999984741211,0.004237069299596774,0.001664770541345506,0.005993308042535395
2021-06-23,544.8336791992188,34392376,16.31999969482422,0.003701239492160946,0.01504412341005712,0.00010018741461803593
2021-06-24,540.2552490234375,16524230,15.970000267028809,0.017696648539498927,0.010254131173813796,0.0030196518945295736
2021-06-25,541.1710815429688,18841696,15.619999885559082,-0.0037863630753254274,-0.006056054956237178,-0.0045872105787782
2021-06-28,540.2552490234375,15028407,15.760000228881836,0.025192169194753422,0.026431074704269975,-0.001444073621782116
2021-06-29,544.8336791992188,28659610,16.020000457763672,0.007742744946380498,0.005183505482876383,-0.0017871681871741707
2021-06-30,544.8336791992188,24883853,15.829999923706055,-0.001063062605945353,-0.0005823306632704028,0.002153447075292414
2021-07-01,543.0025024414062,18250994,15.479999542236328,-0.015021029178121426,-0.014480506669300008,-0.0020770441327403466
2021-07-02,538.4240112304688,18322419,15.069999694824219,0.0063033811711807886,0.0041377126147310594,0.0021927857820869256
2021-07-05,541.1710815429688,28836816,15.069999694824219,0.0063033811711807886,0.0041377126147310594,0.002116288814962397
2021-07-06,542.0867309570312,12997112,16.440000534057617,-0.002385573465354729,0.009587310859404008,0.0011024363241982638
2021-07-07,543.9180908203125,16966158,16.200000762939453,-0.013963440015823725,-0.014993816486526312,-0.0025707007491830858
2021-07-08,538.4240112304688,21140426,19.0,-0.011932294245094677,-0.003213536796811911,-0.0005484749429269797
2021-07-09,534.7612915039062,29029415,16.18000030517578,0.017245767815627033,0.02282164536433462,0.0028118780778858543
2021-07-12,543.0025024414062,31304547,16.170000076293945,0.01238721102508622,0.017169984344971967,-0.00032184803806400986
2021-07-13,555.822021484375,52540315,17.1200008392334,-0.005480548781636063,0.01035612826246668,0.00029335951163789176
2021-07-14,561.3161010742188,38418875,16.329999923706055,-0.0035234159938545284,0.003954905427623334,0.002145965054271892
2021-07-15,562.2318115234375,22012834,17.010000228881836,-0.021719681772050747,-0.055149100323793054,-0.001877246831716306
2021-07-16,539.3395385742188,57970545,18.450000762939453,-0.022466090884252776,-0.015230225258445307,-0.0031073033461498367
2021-07-19,532.9298706054688,40644341,22.5,0.0006549328794700493,-0.0033694821332334035,0.003310667475223461
2021-07-20,532.0140991210938,15354333,19.729999542236328,0.013801367198665204,0.009102710805317216,0.0037644428540022368
2021-07-21,535.6768798828125,25828732,17.90999984741211,0.03064919548243239,0.012628909402073285,-0.002785146330062438
2021-07-22,541.1710815429688,26058172,17.690000534057617,-0.00891830577727104,-0.011114037822293366,-0.0013393424013419253
2021-07-23,535.6768798828125,15271451,17.200000762939453,0.0063324570670466596,0.001973221736099262,0.0012195828206831294
2021-07-26,531.0985107421875,21619179,17.579999923706055,-0.0009573412262751102,-0.009760988075740329,0.0008072048895577666
2021-07-27,531.0985107421875,17785992,19.360000610351562,-0.01859976826562193,-0.01824487389043261,0.0010314739798571448
2021-07-28,530.1827392578125,36158305,18.309999465942383,0.017562346969428155,0.013475451342276124,-0.0008307485781863244
2021-07-29,533.8453979492188,23224896,17.700000762939453,0.01857630826125578,0.009385705082123108,-0.004456871264529649
2021-07-30,531.0985107421875,18999281,18.239999771118164,0.006987207381027094,0.004218578680224683,-0.0019355838620490617
2021-08-02,540.2552490234375,23482491,19.459999084472656,0.006244532524528168,0.0018862088780235986,0.002840781628680622
2021-08-03,543.9180908203125,22747702,18.040000915527344,0.005675789396986319,0.013263820177210395,-0.00011461536470191991
2021-08-04,545.74951171875,20313271,17.969999313354492,0.011846929417607122,0.00278674121500444,-0.0025285900086162716
2021-08-05,545.74951171875,15116242,17.280000686645508,-0.00361952391972975,0.004042556579762824,-0.004868857324872744
2021-08-06,541.1710815429688,13687213,16.149999618530273,-0.0036239034040209672,-0.008471658505066593,0.00042214695517728273
2021-08-09,544.8336791992188,17390951,16.719999313354492,-0.003601951579438545,8.452184316842803e-05,0.0034587822656699796
2021-08-10,541.1710815429688,17190865,16.790000915527344,-0.012027287944052278,-0.015733354306016967,-0.0013190604335480138
2021-08-11,540.2552490234375,19969687,16.170000076293945,-0.0023639453952818412,-0.0031797967907676306,0.0014611821242085377
2021-08-12,536.592529296875,15444622,15.59000015258789,-0.011331174174846081,-0.0025002541472994855,-0.001247040309911407
2021-08-13,532.0140991210938,22524428,15.449999809265137,0.0066647585196748516,-0.0017286081617624571,0.00017988092582732484
2021-08-16,534.7612915039062,19315705,16.1200008392334,-0.0037181402139510045,-0.007532584147564636,0.0004137683724649843
2021-08-17,534.7612915039062,0,17.90999984741211,-0.019809496769654045,-0.030707448574501583,-0.0006581203164657268
2021-08-18,525.6044311523438,43716164,21.56999969482422,-0.014735229219632662,-0.005940185098400108,0.003947547414152153
2021-08-19,511.8690185546875,38868947,21.670000076293945,0.008426759412047291,0.0006338195432478155,-0.002050272910535056
2021-08-20,505.45916748046875,45614061,18.559999465942383,0.0063753741854233326,-0.021715376526249552,0.00631416798043416
2021-08-23,518.27880859375,33685159,17.149999618530273,0.026258255724128654,0.026267090528968806,-0.001677456572554803
2021-08-24,523.77294921875,24844800,17.219999313354492,0.0010113323426990117,0.01036403765999716,-0.0024954892170808707
2021-08-25,535.6768798828125,27504657,16.790000915527344,0.008118681864333954,0.04388549440258993,-0.00029026000624543524
2021-08-26,543.9180908203125,43822008,18.84000015258789,-0.0006405112507523736,0.00914292890949775,-0.00029403683720852225
2021-08-27,548.49658203125,27105651,16.389999389648438,0.019600123635315825,0.0033022893476959414,0.0011368208333430996
2021-08-30,553.9906616210938,36575609,16.190000534057617,0.002907066995393892,0.004219730081388873,-0.0015617977666271265
2021-08-31,562.2318115234375,52721470,16.479999542236328,-0.008333228256229619,0.0001681437945189046,-0.005159072661616082
2021-09-01,561.3161010742188,30092045,16.110000610351562,-0.005199378440473579,0.012183831102385412,-0.005788106784613389
2021-09-02,555.822021484375,24112463,16.40999984741211,0.0033442013414288763,0.002739522261317351,0.0037324773544429313
2021-09-03,567.7259521484375,51562454,16.40999984741211,0.0057367305988855755,0.026326754179833323,-0.0016262187852567056
2021-09-06,577.7984619140625,55589014,16.40999984741211,0.0057367305988855755,0.026326754179833323,-0.0007094580716562326
2021-09-07,570.4729614257812,26526056,18.139999389648438,-0.0032527747782045147,0.005888410279090817,-0.00267686535439815
2021-09-08,566.8101196289062,37817737,17.959999084472656,-0.01229630674593818,-0.02253420868181566,0.0021101781649590645
2021-09-09,566.8101196289062,18735512,18.799999237060547,0.003896211753731116,0.006481595893313763,0.002881360677490674
2021-09-10,569.557373046875,16304725,20.950000762939453,0.007614580325081555,0.0023636405489444456,-0.0014853093066332645
2021-09-13,563.1474609375,15198774,19.3700008392334,0.009664415066369392,0.005286026326520865,0.0007563923680651286
2021-09-14,561.3161010742188,14441901,19.459999084472656,-8.407709359925519e-05,-0.0042874880001367854,-0.0004013982372002012
2021-09-15,555.822021484375,23433501,18.18000030517578,0.004745800763990893,-0.01291724537285499,-0.00013753358462487153
2021-09-16,551.9127807617188,22467022,18.690000534057617,0.002262155448886638,-0.00176033305376333,-0.0008286278713395268
2021-09-17,551.9127807617188,40717715,20.809999465942383,-0.015096782609563486,-0.025167549349794593,0.00290812873130486
2021-09-22,539.0345458984375,40642293,20.8700008392334,0.02002672312285836,0.007915852851077654,-0.001707175212354528
2021-09-23,540.8744506835938,21696296,18.6299991607666,0.013314673237722063,0.0027616602466629114,-0.0005303275156031129
2021-09-24,550.072998046875,16736973,17.75,-0.0010209921609071193,-0.004733672697129654,-0.000682211458426174
2021-09-27,553.7521362304688,19464241,18.760000228881836,-0.002455175759878858,0.004410363882221047,0.001517060419170324
2021-09-28,546.3934936523438,16707080,23.25,-0.03803579544464131,-0.03659080025069161,-0.002625588217266994
2021-09-29,533.5155029296875,49310524,22.559999465942383,-0.015251616836237547,-0.0025018903440952034,0.003033913578156522
2021-09-30,533.5155029296875,30465107,23.139999389648438,-0.0017617284686628487,0.000268616243974229,0.0026786537597112137
2021-10-01,527.9965209960938,36704493,21.100000381469727,0.0009483604402111823,-0.0008062215615581847,0.000870062684014794
2021-10-04,526.1566772460938,20957803,22.959999084472656,-0.02487439354689802,-0.022767857241581035,-0.0029673035435864303
2021-10-05,526.1566772460938,33824024,21.299999237060547,0.014839323955132322,0.002201462024233214,0.004622746792353416
2021-10-06,525.2368774414062,32508846,21.0,0.003575811933534734,0.0007319578596995946,-0.0004052439552877374
2021-10-07,533.5155029296875,27933054,19.540000915527344,0.011019529199423062,0.013627397514547335,0.0028703642809331242
2021-10-08,528.916259765625,18279079,18.770000457763672,-0.008615096475093287,-0.007128187392647423,0.0006260929330723641
2021-10-12,528.916259765625,26522907,19.850000381469727,-0.013373797706530466,-0.009613745224265724,-0.0002495532860183891
2021-10-13,525.2368774414062,18914374,18.639999389648438,0.004593898370081062,0.00714286467355274,0.0030560564493047337
2021-10-14,527.0765380859375,13916927,16.860000610351562,0.03084801197537379,0.023458789235937916,-0.004593172827468184
2021-10-15,551.9127807617188,53150216,16.299999237060547,0.007039876139008028,0.02043350280583045,-0.00037861546088968634
2021-10-18,542.7140502929688,19158568,16.309999465942383,0.007352777065523064,0.004179131833706773,0.0003966132769770425
2021-10-19,551.9127807617188,17386359,15.699999809265137,0.012780093776943335,0.01404529109788033,-0.001814297267368814
2021-10-20,550.072998046875,16372520,15.489999771118164,-0.002138130261618798,-0.011713313018276494,-0.004397263985292166
2021-10-21,548.2332763671875,16169014,15.010000228881836,0.011211503237329445,0.006055836834678585,-0.0007295224928105526
2021-10-22,551.9127807617188,13995403,15.430000305175781,-0.012241912906757024,-0.01771405105964885,0.00044957070593443227
2021-10-25,545.4737548828125,16785568,15.239999771118164,0.00656024516926057,-0.005165201052506507,0.0006650025718368813
2021-10-26,550.9928588867188,19998808,15.979999542236328,0.0001680432902544382,0.004751607616871434,-0.0011064362481889578
2021-10-27,550.9928588867188,14961858,16.979999542236328,-0.009628737813331845,-0.003765692606552129,-0.0003560047541382172
2021-10-28,547.3132934570312,16570044,16.530000686645508,0.02337299404202975,0.019867948007699976,-0.0012159936409591454
2021-10-29,542.7140502929688,25763960,16.260000228881836,0.0036174923225729128,-0.019912103821778215,-0.001411970392591222
2021-11-01,542.7140502929688,16089351,16.40999984741211,0.015939062853475683,0.00369400231271122,0.0033689728389292295
2021-11-02,544.5537719726562,15192404,16.030000686645508,0.012143946795241778,-8.769736410696449e-05,-0.0005608215380703552
2021-11-03,544.5537719726562,10224009,15.100000381469727,0.011640305112825322,-0.0008762578234603469,0.0020646575213145724
2021-11-04,539.9545288085938,17932145,15.4399995803833,0.03498165563847033,0.03315497074631413,-0.002476811217840602
2021-11-05,551.9127807617188,33270827,16.479999542236328,0.010977576311520965,8.496496434440282e-05,0.0030443315205987975
2021-11-08,553.7521362304688,19752355,17.219999313354492,0.012452923211143663,0.026400636994609705,-0.0015785487615485039
2021-11-09,562.0309448242188,39538660,17.780000686645508,-0.0007256824174949328,0.007195426278711059,-0.001038380748334622
2021-11-10,562.950927734375,16027674,18.729999542236328,-0.028298399159511378,-0.029397224410306233,-0.0025142983222369297
2021-11-11,557.431640625,18463848,17.65999984741211,0.019352716834770023,-8.467024072023044e-05,0.0009988865953174386
2021-11-12,555.5922241210938,15821327,16.290000915527344,0.007971866001364125,0.00423053073602131,0.0015382331008222394
2021-11-15,559.271484375,15551452,16.489999771118164,-0.0001976544999341412,-0.004802399280426473,-0.0007338040674534918
2021-11-16,561.1111450195312,20917108,16.3700008392334,0.01730475185337732,-0.0003386318590617998,-0.0010366346222370204
2021-11-17,561.1111450195312,19717852,17.110000610351562,-0.0072446394892947685,0.008299221307716431,0.0017367335924207694
2021-11-18,563.8707275390625,20030651,17.59000015258789,0.017883620930803756,0.03636839217393795,-0.0021581998868929197
2021-11-19,568.4699096679688,35554348,17.90999984741211,0.0030923544637753153,0.007050806340087368,0.0023683804502110384
2021-11-22,565.71044921875,20312168,19.170000076293945,-0.016589869688735992,0.003943397885908251,-0.0004819405370708463
2021-11-23,562.950927734375,19431694,19.3799991607666,-0.003298619528457114,-0.02717439562080315,-0.0008454839627064503
2021-11-24,554.6722412109375,20391940,18.579999923706055,0.009279105045421066,-0.005355993817995119,-0.0006518208123295066
2021-11-25,554.6722412109375,11888265,18.579999923706055,0.009279105045421066,-0.005355993817995119,0.0005873650129220032
2021-11-26,548.2332763671875,26588102,28.6200008392334,-0.02916791601786095,-0.029989106612810623,-0.00010804853762869104
2021-11-29,545.4737548828125,23379558,22.959999084472656,0.04083174152477276,0.018703324825607437,0.0032127476153762657
2021-11-30,548.2332763671875,62021697,27.190000534057617,-0.019772222656467497,-0.01785685600504161,-0.003888186544208083
2021-12-01,551.9127807617188,21403404,31.1200008392334,-0.0058619048410633035,0.029705466789763157,-0.006015391135506087
2021-12-02,565.71044921875,45125742,27.950000762939453,1.8387026011978946e-05,0.00886985148992725,0.0009355301659201842
2021-12-03,559.271484375,23045832,30.670000076293945,-0.0016479469469097285,-0.019473998776269874,0.0026879558407451043
2021-12-06,551.9127807617188,23589363,27.18000030517578,-0.0011749043661599679,-0.0015922602301082778,-0.0007767573687550433
2021-12-07,558.3516235351562,18606530,21.889999389648438,0.04965169805989511,0.02669130547441778,7.234314124260344e-05
2021-12-08,553.7521362304688,20801543,19.899999618530273,-0.006094655868066456,-0.004251193828864519,0.0030152288191467314
2021-12-09,559.271484375,11039070,21.579999923706055,-0.02142040821152602,-0.018883443151306856,-0.004033519989395717
2021-12-10,556.511962890625,10497451,18.690000534057617,0.009060374006781613,-0.0030962413351969253,0.0019869610513112423
2021-12-13,552.832275390625,17711657,20.309999465942383,-0.02560624324269034,-0.022748149535391504,-0.0017915667600949536
2021-12-14,550.9928588867188,22579034,21.889999389648438,-0.00524849581458664,-0.0011166948601097904,0.003976679770889113
2021-12-15,551.9127807617188,21827730,19.290000915527344,0.03690957278526308,0.03534274836404716,0.0013804370735586158
2021-12-16,559.0744018554688,21809022,20.56999969482422,-0.0427351896441871,-0.027805603112479038,-0.0016016422960428711
2021-12-17,560.9224853515625,24105733,21.56999969482422,-0.0014019066890337273,-0.0021446786579076837,0.0006488768386792021
2021-12-20,552.605712890625,21381070,22.8700008392334,-0.007617612731269041,-0.011863856776453519,0.002503808657290607
2021-12-21,551.681640625,17001461,21.010000228881836,0.03346653480612627,0.02175071808998208,-0.00042407306586322857
2021-12-22,554.4539794921875,9831802,18.6299991607666,0.008975156873625378,0.03286755683445852,-0.0030630283447893314
2021-12-23,559.998291015625,16654439,17.959999084472656,0.010398459247750402,-0.005111268752543197,-0.0006923632525830392
2021-12-24,558.150390625,11059689,17.959999084472656,0.010398459247750402,-0.005111268752543197,-0.0031142829512521564
2021-12-27,559.998291015625,16259872,17.68000030517578,0.027240461936308913,0.016738616715910037,0.0019764833964968087
2021-12-28,568.3152465820312,33892718,17.540000915527344,-0.011714308974350218,-0.005216140788679158,0.00015897270692888377
2021-12-29,569.2393188476562,24518766,16.950000762939453,0.0017935409775311495,-0.005325146463836972,-0.005371417516269572
2021-12-30,568.3152465820312,19681276,17.329999923706055,-0.011829436643087443,-0.008154160885822326,0.0029925320044581483
2022-01-03,583.1005249023438,69089158,16.600000381469727,0.020538915057569218,0.07056787961314881,0.0015691196372695781
2022-01-04,606.2029418945312,79434666,16.90999984741211,-0.004524205490554323,0.03571395416827916,-0.002794019421395566
2022-01-05,600.6583862304688,69593809,19.729999542236328,-0.03220999820715886,-0.04752602176234977,-0.003953035838036634
2022-01-06,595.1137084960938,53210211,19.610000610351562,0.007518272775622004,0.011097009092203569,0.0029401680820926313
2022-01-07,585.8729858398438,38249908,18.760000228881836,-0.028835716589425964,-0.03868593949290644,0.0008552395448278016
2022-01-10,594.1898193359375,38289770,19.399999618530273,0.002389109467966888,0.012226636744525399,0.001375818452457933
2022-01-11,601.58251953125,33196585,18.40999984741211,0.018408113440556484,0.03327729009268876,-0.0021368538113663016
2022-01-12,609.8992309570312,38860063,17.6200008392334,0.006649572673263826,0.02368979357689094,0.0010181915789688745
2022-01-13,610.8233642578125,38137411,20.309999465942383,-0.022908244862934413,0.05263543194521292,-0.0010279950885446754
2022-01-14,620.9883422851562,95200777,19.190000534057617,0.02328797050360354,0.010560808404024069,-0.0011812339167283081
2022-01-17,631.1533203125,59614236,19.190000534057617,0.02328797050360354,0.010560808404024069,-0.0010157396047735245
2022-01-18,611.7474365234375,43593330,22.790000915527344,-0.0444469230230472,-0.04855633783955937,-0.004150620006049377
2022-01-19,604.3547973632812,40381333,23.850000381469727,-0.030867357382289295,-0.0210718485395599,0.0033729503376602743
2022-01-20,601.58251953125,46474584,25.59000015258789,-0.03251211683528743,-0.02045616834071673,0.0011411707123594184
2022-01-21,592.3416748046875,49577684,28.850000381469727,-0.017157153140424874,-0.02961129995638101,0.0024720838148857283
2022-01-24,603.4307250976562,47134502,29.899999618530273,0.01314779407060973,0.011483190089671025,0.00273396976775353
2022-01-25,592.3416748046875,52318736,31.15999984741211,-0.03709819259674996,-0.02762762458174861,-0.0009858684610533075
2022-01-26,587.7211303710938,29957189,31.959999084472656,0.016756912636296084,0.004898472325761016,0.0012326381455518565
2022-02-07,586.7969360351562,56836469,22.860000610351562,-0.00021429922351001718,0.010659528824166431,0.002022027810925975
2022-02-08,580.3284301757812,39718217,21.440000534057617,0.023983745126847644,0.011446281647481849,0.0009352869523764351
2022-02-09,584.9488525390625,30048791,19.959999084472656,0.03354617562064699,0.0146308676492648,-0.000747489279132485
2022-02-10,599.7342529296875,34587133,23.90999984741211,-0.03219181381988623,-0.00645312828777278,-0.00088112628861714
2022-02-11,600.6583862304688,26723278,27.360000610351562,-0.048315967573850815,-0.029668887827961732,0.001645029539128151
2022-02-14,588.6450805664062,27826382,28.329999923706055,0.0014709014699874068,-0.010247036761489747,0.0028605704772510787
2022-02-15,584.9488525390625,21970460,25.700000762939453,0.05467034676560756,0.039659425176906016,-0.0015839209130393828
2022-02-16,596.9620361328125,25191741,24.290000915527344,0.00034885573053755614,-0.007388238707951689,-0.0014751218320701032
2022-02-17,596.0379028320312,18135080,28.110000610351562,-0.03743010384571499,-0.03106802729562408,-0.00035581921065863664
2022-02-18,588.6450805664062,20804191,27.75,-0.01119033709323869,-0.0037576205178704303,0.0009312888004138209
2022-02-21,584.024658203125,23797502,27.75,-0.01119033709323869,-0.0037576205178704303,0.0011962768307509641
2022-02-22,579.4044799804688,34086593,28.809999465942383,-0.008341453199022686,-0.02011552263010885,-0.0020667391326812945
2022-02-23,577.55615234375,31953054,31.020000457763672,-0.023321926520298297,-0.008639227759739687,0.0008988658941737615
2022-02-24,558.150390625,73663161,30.31999969482422,0.03702479146787452,-0.03468486693986206,0.0012680530722726235
2022-02-25,558.150390625,89012516,27.59000015258789,0.015742127804872608,-0.005809974715911825,0.006978153222107819
2022-03-01,558.150390625,66720867,33.31999969482422,-0.03635481555068554,0.009718510867631869,0.00045775877592668657
2022-03-02,555.3779296875,40693457,30.739999771118164,0.03368074531793863,0.014437796808199899,0.002545122402115574
2022-03-03,556.3019409179688,33792420,30.479999542236328,-0.02236426405945835,-0.007480958578838237,-0.0027204410374684906
2022-03-04,549.8333740234375,55917115,31.979999542236328,-0.024205358365344987,-0.034286507945171074,0.0028601534116379224
2022-03-07,532.275634765625,86496560,36.45000076293945,-0.049092949219300186,-0.05492088723782973,0.002691523452047706
2022-03-08,520.2625122070312,79029914,35.130001068115234,0.018696836270899686,0.00715078072140618,0.005329603901337077
2022-03-09,524.883056640625,52155415,32.45000076293945,0.039694320577485565,0.04949999778879666,0.0009725650712339995
2022-03-10,542.4407348632812,45630467,30.229999542236328,-0.021665437228392648,-0.009432953714749837,-0.0012507469270610638
2022-03-11,531.3516235351562,38943098,30.75,-0.020840456480545222,-0.024528747050299393,0.0011567703893768932
2022-03-14,528.5794677734375,33919577,31.770000457763672,-0.03073959745739352,-0.020806584016510143,0.00389743246888985
2022-03-15,515.6420288085938,74092231,29.829999923706055,0.04355701074138629,0.0280965731092917,0.0035197769856842864
2022-03-16,518.1958618164062,43438327,26.670000076293945,0.05025723801216042,0.04025615474597344,0.00027709438903933403
2022-03-17,540.4840087890625,60959900,25.670000076293945,0.007329181714075261,0.007569036262695006,-0.004905526087041756
2022-03-18,539.5552368164062,46242430,23.8700008392334,0.020136422111954433,0.0021598501911987977,-0.007082709597816872
2022-03-21,544.1986083984375,21400273,23.530000686645508,-0.0026396464367511863,0.0018742256437538352,0.006317034814020683
2022-03-22,541.4125366210938,20246949,22.940000534057617,0.006604885280136807,0.0011221572739894548,0.001904321675453291
2022-03-23,547.9132080078125,25902069,23.56999969482422,-0.024821169485883754,-0.015788456174780863,0.002020406549248399
2022-03-24,548.8419189453125,20060758,21.670000076293945,0.05130460754826904,0.024394759338844274,0.0032423198586866153
2022-03-25,555.3425903320312,26122381,20.809999465942383,-0.0020890087167115823,-0.011026666595172485,0.003214343626089411
2022-03-28,542.34130859375,26391576,19.6299991607666,0.006192263282444488,-0.0037477185285227366,0.000610785588096352
2022-03-29,546.9845581054688,14892032,18.899999618530273,0.0221049901687691,0.027461714582683427,0.004000848124449341
2022-03-30,557.2000122070312,41230239,19.329999923706055,-0.032259654570362395,-0.023066453462373904,-0.005398931505235405
2022-03-31,554.4138793945312,22700114,20.559999465942383,-0.022692715235105965,-0.023142431096907723,-0.003587334239694262
2022-04-01,546.9845581054688,29732696,19.6299991607666,-0.018186091403288085,-0.014099312599880842,0.003158542970105538
2022-04-06,536.7691650390625,37645873,22.100000381469727,-0.023200086193102876,-0.012878084046560434,0.002263185631593334
2022-04-07,525.6253051757812,42904743,21.549999237060547,0.0010895504362329334,-0.0065230060861681816,0.0025198154052490374
2022-04-08,526.5538940429688,28024587,21.15999984741211,-0.02416934507388646,-0.01223644692792325,0.0025517279341435994
2022-04-11,518.1958618164062,36820094,24.3700008392334,-0.020854644009178247,-0.017323134292460796,0.003205020156220151
2022-04-12,517.2672729492188,30671407,24.260000228881836,-0.002494236493288282,-0.001332271236356708,0.0048457784786037905
2022-04-13,532.1259155273438,35865970,21.81999969482422,0.02357696658112518,0.04166666318147283,0.00024112050736491142
2022-04-14,532.1259155273438,19056590,22.700000762939453,-0.029205113826028306,-0.030935780500159105,-0.005899197170308623
2022-04-15,521.9107055664062,28253360,22.700000762939453,-0.029205113826028306,-0.030935780500159105,0.0034469010597268923
2022-04-18,520.98193359375,15800959,22.170000076293945,0.018813022585640438,0.004168386749394237,0.004998936235429685
2022-04-19,524.696533203125,16614705,21.3700008392334,0.022053760175130943,0.006884419825749388,0.003538203450695221
2022-04-20,529.3399658203125,27606307,20.31999969482422,-0.00349800977575232,-0.004424128205060995,0.0013589222115946153
2022-04-21,524.696533203125,18383650,22.68000030517578,-0.02656099619197494,-0.013635118759358078,-0.0030833851240669174
2022-04-22,518.1958618164062,29283846,28.209999084472656,-0.022528855780283186,-0.020274437442467375,0.004303314967822658
2022-04-25,507.9805908203125,43389591,27.020000457763672,0.017579532307764767,0.00585285698283422,0.0007511784906242269
2022-04-26,507.0518493652344,35825421,33.52000045776367,-0.043804305199585114,-0.03605574612147722,-0.004001911578310646
2022-04-27,488.47857666015625,55941533,31.600000381469727,-0.004884708951744199,-0.027056090506410224,0.0036651209235754045
2022-04-28,493.1219482421875,45380836,29.989999771118164,0.05577036944643976,0.05495254276713335,0.002525581784408981
2022-04-29,499.6226501464844,36664644,33.400001525878906,-0.04470026841920238,-0.02404964564624812,0.002655316089686943
2022-05-03,493.1219482421875,26317509,29.25,0.007494408920845963,-0.001386582771063627,0.0017191021218201374
2022-05-04,495.907958984375,16569622,25.420000076293945,0.03904907917169442,0.025205891083377452,-0.002119750644664742
2022-05-05,503.3372802734375,20374772,31.200000762939453,-0.050022285869678274,-0.04000430654152787,-0.006189235153336137
2022-05-06,490.33587646484375,32467268,30.190000534057617,-0.007808929032266487,-0.005643056551560166,0.012541078282115592
2022-05-09,482.906494140625,23709774,34.75,-0.051293387098860554,-0.04725495669016855,0.0014624635640354544
2022-05-10,481.04925537109375,41679907,32.9900016784668,0.025106847656289677,0.017410996824917868,0.003406402477327486
2022-05-11,483.8352966308594,27157254,32.560001373291016,-0.030408962691258812,-0.011146101126548347,-0.003673782665213121
2022-05-12,468.97662353515625,32532963,31.770000457763672,0.005430421648199735,-0.0015941545501239052,0.0015956719826561994
2022-05-13,474.5486145019531,29074177,28.8700008392334,0.05063654918735794,0.03729059752956254,0.0044629864882697046
2022-05-16,482.906494140625,21163106,27.469999313354492,-0.01693730296525675,-0.00604653396626853,-0.001324587601386762
2022-05-17,492.1932373046875,24496974,26.100000381469727,0.050149633386914916,0.032186652293375584,-0.002353733057646634
2022-05-18,499.6226501464844,30568176,30.959999084472656,-0.051700648642589275,-0.02989728150715154,-0.0035709624715448696
2022-05-19,484.763916015625,29019751,29.350000381469727,-0.006062629145284437,-0.003534452971401869,0.004539631126624144
2022-05-20,492.1932373046875,22651205,29.43000030517578,-0.002657196781563509,0.006318337870481638,-0.004697343518617725
2022-05-23,490.33587646484375,17054170,28.479999542236328,0.005474140055663712,0.007931269276018948,0.0038005856878970956
2022-05-24,482.906494140625,17802308,29.450000762939453,-0.02462708586924378,-0.03038222311217742,-0.007505118220247797
2022-05-25,486.62127685546875,22176476,28.3700008392334,0.019766145574841687,0.019048555203760698,0.0014140509828020065
2022-05-26,477.3345642089844,28327403,27.5,0.0387384287614978,0.00652567607610588,-0.004121005100007014
2022-05-27,492.1932373046875,27866643,25.719999313354492,0.0403191019542517,0.03043953145424827,-0.003298202059625277
2022-05-30,507.9805908203125,34476433,25.719999313354492,0.0403191019542517,0.03043953145424827,-0.0005799542361255572
2022-05-31,520.0533447265625,72405873,26.190000534057617,-0.005347763727272192,0.016316663780976848,-0.015872479522662797
2022-06-01,509.8378601074219,29155176,25.690000534057617,-0.016026099109108793,-0.0057712576624260326,0.005566975948988917
2022-06-02,501.4798889160156,21420890,24.719999313354492,0.035732659280171,0.016781086751384233,0.0047185849166335725
2022-06-06,501.4798889160156,17615003,25.06999969482422,4.894626425611115e-05,-0.007038301795872615,0.008934408796311022
2022-06-07,496.83660888671875,19497532,24.020000457763672,0.009870240557520171,0.00784019918641965,0.0006913903292402601
2022-06-08,505.19464111328125,18835521,23.959999084472656,-0.02388315235730598,-0.003942975804608784,0.0008066598187788099
2022-06-09,502.4085998535156,16338602,26.09000015258789,-0.026931885649260745,-0.02803036664471914,0.0011494686050941283
2022-06-10,492.1932373046875,21357130,27.75,-0.036016889289854026,-0.02388545860141522,0.00498995426452975
2022-06-13,479.19189453125,32854092,34.02000045776367,-0.056137395590782235,-0.035295411917206976,0.0019029841677364878
2022-06-14,476.4058532714844,36304444,32.689998626708984,0.0063187027976523424,0.019169908301841065,0.0015754511710839303
2022-06-15,472.6913757324219,35680283,29.6200008392334,0.017718255450345,0.022250255194564916,-0.003738798333152271
2022-06-16,474.3251953125,26909199,32.95000076293945,-0.06235135006182557,-0.04672739777172974,-0.005838823728256393
2022-06-17,467.78924560546875,43566737,31.1299991607666,0.004550279778338329,0.00567917804823681,0.009896223501687063
2022-06-20,464.9881286621094,34209693,31.1299991607666,0.004550279778338329,0.00567917804823681,0.00020206488993435023
2022-06-21,471.5241394042969,33223685,30.190000534057617,0.027469062745580697,0.022941158067110612,3.3649272604296954e-05
2022-06-22,461.7201843261719,31034893,28.950000762939453,-0.011195172791292118,-0.02346177422726692,0.0007070604458019325
2022-06-23,453.31671142578125,43548940,29.049999237060547,-0.00647780516017582,-0.00930396126136046,-0.001759568201539774
2022-06-24,454.25042724609375,27911980,27.229999542236328,0.04446467219275663,0.02139799364111994,-0.0019749280622988197
2022-06-27,465.4549865722656,37909718,26.950000762939453,-0.0018355877711182522,-0.0006982828375761141,0.0027319055458230324
2022-06-28,464.52130126953125,15274062,28.360000610351562,-0.02631672708970534,-0.01770307435534857,-0.008890682858296861
2022-06-29,458.4521789550781,30533789,28.15999984741211,-0.021986581122996784,-0.008181648555560805,0.008188896340560747
2022-06-30,444.446533203125,46311432,28.709999084472656,-0.01073149973233134,-0.022713485391093635,-0.0002021708586102955
2022-07-01,423.4380187988281,61744377,26.700000762939453,-0.038255272004889984,-0.058103990699680086,-0.000313508567219567
2022-07-04,410.8329162597656,52445919,26.700000762939453,-0.038255272004889984,-0.058103990699680086,0.004730923233973838
2022-07-05,416.4350891113281,50084244,27.540000915527344,0.0078016042341040315,-0.011558322398561471,-0.0035574907572391012
2022-07-06,406.6312561035156,40549763,26.729999542236328,0.00664754183732974,-0.007226453519772247,0.0030549056215776194
2022-07-07,427.17291259765625,48151202,26.079999923706055,0.044817502171864865,0.06736371970690636,0.0002451058252566085
2022-07-08,436.04315185546875,37897895,24.639999389648438,0.004654888522985123,0.010663267460306214,-0.001208516784162117
2022-07-11,431.3744812011719,21941710,26.170000076293945,-0.024572034455457747,-0.029444197100867986,0.0
2022-07-12,419.7031555175781,23036423,27.290000915527344,0.0017543165268854022,-0.00012626217335942602,0.0037375108318897787
2022-07-13,439.31109619140625,44035695,26.81999969482422,0.007501528879211294,0.02768627226689624,6.0292840538211934e-05
2022-07-14,443.5127868652344,31936258,26.399999618530273,0.01922890569711644,0.02927783241709836,-0.0033148844532467914
2022-07-15,459.85272216796875,51846909,24.229999542236328,0.025448091165464648,0.023425404899482194,0.005129964154072741
2022-07-18,462.65380859375,39179575,25.299999237060547,-0.0052714044142291305,-0.023940282086472253,-0.00025736300774925613
2022-07-19,458.4521789550781,19874865,24.5,0.0461155413242873,0.03074905086001234,-0.003042345806122171
2022-07-20,462.1869812011719,35436652,23.8799991607666,0.024907807328573783,0.004759080546654859,-0.0011401876953881507
2022-07-21,467.78924560546875,22285593,23.110000610351562,0.015263038208837676,0.014210085252831073,0.00317934136341691
2022-07-22,469.65673828125,25216400,23.030000686645508,-0.025507367634437172,-0.01674471533392874,-1.3340914888027022e-05
2022-07-25,466.38873291015625,15245346,23.360000610351562,-0.006114488532585449,-0.00023161976037777698,-0.002653919986508213
2022-07-26,462.1869812011719,18024265,24.690000534057617,-0.016307815450316232,-0.021784441504528185,0.0009059601811458595
2022-07-27,468.72296142578125,17166365,23.239999771118164,0.04751419269025936,0.03802403554065359,0.0030944219450737
2022-07-28,467.78924560546875,33844011,22.329999923706055,0.011508072827207227,0.011183405105096744,-0.002038713434828976
2022-07-29,475.2590637207031,29045617,21.329999923706055,0.007688875047758614,-0.001467077675330608,0.0018654255451322488
2022-08-01,470.5904541015625,24117969,22.84000015258789,0.0037679975282647327,-0.024525491021128998,0.002908236353866167
2022-08-02,459.38592529296875,39838155,23.93000030517578,-0.0011986852579419782,-0.003012251626857254,0.005532912952061597
2022-08-03,467.78924560546875,27603474,21.950000762939453,0.026459353201949698,0.0053458542917868,-0.006685899478526491
2022-08-04,466.8555908203125,26027618,21.440000534057617,0.009153534524583673,0.022078413554915022,-0.0008108983206702725
2022-08-05,481.794921875,32784279,21.149999618530273,-0.00909324638086495,0.01526787133094687,0.00032398554970947124
2022-08-08,478.06011962890625,19333128,21.290000915527344,-0.016064048946623388,-0.02038531341994898,-0.00022371069755522388
2022-08-09,476.1927185058594,21164373,21.770000457763672,-0.045747212874083454,-0.031043998874114465,0.0018600869157348043
2022-08-10,466.8555908203125,20861380,19.739999771118164,0.04248842399212038,0.0406057097664172,0.0009099748000620522
2022-08-11,479.927490234375,23740033,20.200000762939453,-0.0033492744014829157,0.009585966842382332,-0.003916327686917409
2022-08-12,482.72869873046875,19535923,19.530000686645508,0.02992585294926431,0.014968686177992963,0.0013005635116274394
2022-08-15,488.3309326171875,21273166,19.950000762939453,0.003093378390820911,0.007814235843724537,-0.000210354578339067
2022-08-16,490.1983947753906,20720414,19.690000534057617,-0.01029794813762186,-0.01769140499037658,0.0013258375377005471
2022-08-17,492.0657653808594,27143102,19.899999618530273,-0.024796029095448202,-0.008337835569849794,-0.0012974273469312791
2022-08-18,485.5296936035156,17831084,19.559999465942383,0.02280041480856032,0.0007847676900398781,-0.00027052376956115953
2022-08-19,484.59600830078125,14022812,20.600000381469727,-0.027815815696432544,-0.0231880759441615,0.0012693909777732326
2022-08-22,478.06011962890625,11494000,23.799999237060547,-0.037235796566073565,-0.022477195198907007,0.0042804096583544116
2022-08-23,470.5904541015625,19191108,24.110000610351562,0.0073644796643508315,0.009267847821554431,0.0009866863868770448
2022-08-24,469.65673828125,14363212,22.81999969482422,0.0006528179591678285,-0.005463109474233785,0.0012710719903399337
2022-08-25,474.3251953125,9357138,21.780000686645508,0.036595796223690025,0.023492230329116293,0.0011600877468875836
2022-08-26,478.06011962890625,12914846,25.559999465942383,-0.05810368755404394,-0.03231692441441414,-0.0005628272937328038
2022-08-29,465.4549865722656,26590824,26.209999084472656,-0.01927500412216976,-0.022303543036555573,0.0030807079910377677
2022-08-30,463.1207580566406,24214535,26.209999084472656,-0.013069818614501738,-0.0007240598866712356,0.0028730851951361824
2022-08-31,471.5241394042969,39357089,25.8700008392334,-0.01153350276189713,0.00676393145718257,0.0022622757618622202
2022-09-01,457.9853210449219,39168672,25.559999465942383,-0.019212719652391463,-0.02051576012617362,-0.003416930506516702
2022-09-02,452.8498840332031,29982959,25.469999313354492,-0.010163918544730532,-0.009064278788864621,0.00710453974581382
2022-09-05,453.78363037109375,15903415,25.469999313354492,-0.010163918544730532,-0.009064278788864621,0.00212124646175349
2022-09-06,456.584716796875,16700285,26.90999984741211,-0.010691519493275292,-0.01075398561712304,0.0023846062832659776
2022-09-07,441.17852783203125,34678562,24.639999389648438,0.0155669829914169,-0.0009996000384158155,0.0036726685016230665
2022-09-08,443.5127868652344,27931552,23.610000610351562,0.017874758430260318,0.003627289949245993,0.0015941896240934117
2022-09-12,454.25042724609375,21597212,23.8700008392334,0.0034242674041138343,0.0076044447666414605,-0.00028191133038779626
2022-09-13,460.3196105957031,16507036,27.270000457763672,-0.06181417050572813,-0.04065746907134127,0.0010696608845459643
2022-09-14,448.1813659667969,22645714,26.15999984741211,0.011411752083694937,0.010785690242202328,0.007632050374805743
2022-09-15,447.47705078125,23104850,26.270000457763672,-0.01619517985459018,-0.015553192498478974,-0.0015971034548785124
2022-09-16,443.25103759765625,39087513,26.299999237060547,0.00533423806147626,-0.0011542001710209693,0.004924518868563821
2022-09-19,438.5556640625,17182380,25.760000228881836,0.0057741869146432645,0.0043650282285006,0.0012491050330740716
2022-09-20,447.47705078125,19842582,27.15999984741211,-0.014911108202653178,-0.0010227230216869332,0.001951339515686934
2022-09-21,442.3120422363281,24154633,27.989999771118164,-0.00966333493305771,-0.012923807430131884,0.000542755829479491
2022-09-22,436.20794677734375,29702508,27.350000381469727,-0.028115740224803232,-0.019574940389128437,0.0035419145010713304
2022-09-23,427.2864990234375,29757787,29.920000076293945,-0.014462554017080853,-0.023270851761527545,0.002807592860585073
2022-09-26,419.3043212890625,32342267,32.2599983215332,-0.014707930207541353,-0.011642089855154025,0.00801250572114487
2022-09-27,420.7129211425781,24961404,32.599998474121094,0.01035196091067303,0.0002738507131547774,0.0010065612168248528
2022-09-28,411.322021484375,34402652,30.18000030517578,0.012184938627858966,-0.012323882440255951,-0.004650746861577515
2022-09-29,408.5047302246094,41094780,31.84000015258789,-0.032917735233262135,-0.03951201721540032,-0.00012627340739845838
2022-09-30,396.2965087890625,48266800,31.6200008392334,-0.0173216525753509,-0.010392321330738419,-0.0012787324089980068
2022-10-03,391.60113525390625,36044395,30.100000381469727,0.037551532067919835,0.010064017664976221,0.005453555861455461
2022-10-04,402.8701477050781,40375000,29.06999969482422,0.044620040785311677,0.051407951249202055,-0.0006068155133903685
2022-10-05,417.8956604003906,46496536,28.549999237060547,0.009399586014327,0.022936546778840494,-0.004898758765475852
2022-10-06,423.53021240234375,30331834,30.520000457763672,-0.0058527343379278784,-0.0017456552106351886,-0.0033040285834535776
2022-10-07,411.322021484375,31941781,31.360000610351562,-0.060621674782986634,-0.06186947246427599,0.0004916685892324413
2022-10-11,377.04522705078125,95793819,33.630001068115234,-0.02498531887993649,-0.05916360340649629,0.0025795610253211976
2022-10-12,373.288818359375,53570085,33.56999969482422,-0.00896550927237838,0.010401801829503343,0.0010222224035347782
2022-10-13,370.94110107421875,38046284,31.940000534057617,0.029400477443366047,0.039151480664668226,-0.0016056337842464963
2022-10-14,386.9056701660156,54504366,32.02000045776367,-0.04459090609500449,-0.04052842021227643,0.002341520702051625
2022-10-17,372.81927490234375,41512192,31.3700008392334,0.022818011298131102,0.015175089424003474,0.003560580503860322
2022-10-18,382.2101745605469,40093216,30.5,0.004205008544579947,-0.018184492763922644,0.0008134965474435596
2022-10-19,371.4106750488281,46385177,30.760000228881836,0.007555304729488288,-0.0007848177127359746,0.000906509330880656
2022-10-20,373.288818359375,52938069,29.979999542236328,0.006917685046656574,-0.0012565426460847684,0.004216576925899718
2022-10-21,365.7760925292969,35923505,29.690000534057617,0.03704475008584174,0.002673671007163314,-0.0018038895389356213
2022-10-24,363.4283447265625,46714078,29.850000381469727,0.006359469075701174,-0.03858818414343923,0.00267958280093894
2022-10-25,348.4028625488281,76416687,28.459999084472656,0.02259781483477541,-0.00244741722899644,0.004080113857687806
2022-10-26,353.0982971191406,58850484,27.280000686645508,-0.011793563399972173,-0.004906777620510505,-0.0026089072376338507
2022-10-27,362.0196533203125,45684455,27.389999389648438,-0.015035781770242118,0.0018081271638805685,-0.008195023386873834
2022-10-28,356.38519287109375,40184472,25.75,0.03975895521251571,0.017391108813971767,0.0025060024412564275
2022-10-31,366.24566650390625,38409054,25.8799991607666,-0.020220557807868578,-0.007418021189721569,0.002215745939227798
2022-11-01,367.65423583984375,41426496,25.809999465942383,0.007674746462651205,0.0004874550562901092,0.004163334716003719
2022-11-02,370.94110107421875,22535650,25.860000610351562,-0.030914589240193524,-0.017213449404096193,-0.003835907343443412
2022-11-03,360.611083984375,39731333,25.299999237060547,-0.015297544522817619,-0.003965609537125103,0.003844503233182639
2022-11-04,358.73284912109375,28397417,24.549999237060547,0.04596458036478457,0.0364963508530769,-0.0030234853325058486
2022-11-07,366.24566650390625,35387706,24.350000381469727,0.021841069770505372,0.004481409482993026,-0.004696764211378102
2022-11-08,374.6974182128906,31838223,25.540000915527344,0.021533233576482402,0.03601003309595985,-0.00465640067779749
2022-11-09,391.60113525390625,52260831,26.09000015258789,-0.03138537247101947,-0.00030744104032243147,-0.0018901016272467874
2022-11-10,382.6796875,32044942,23.530000686645508,0.10214363320087672,0.08984609763135576,0.0038440005829478707
2022-11-11,414.6087646484375,80016195,22.520000457763672,0.030832517247427527,0.042207777427760274,-0.015981455828401714
2022-11-14,417.8956604003906,61933190,23.729999542236328,-0.009746217455226747,-0.013950824974464204,-0.00972552207609323
2022-11-15,450.7638244628906,113379796,24.540000915527344,0.030263395874725596,0.1052197236317245,-0.0066759595166066
2022-11-16,457.3374938964844,85726375,24.110000610351562,-0.042620653340061265,-0.012552865138186875,0.0061510743123134315
2022-11-17,455.4592590332031,45144984,23.93000030517578,0.010509818040014052,0.025550610548144226,-0.0014157670755384766
2022-11-18,457.3374938964844,35859717,23.1200008392334,0.0018130747172104833,0.009695516705370721,-0.0003222242284840471
2022-11-21,452.6419982910156,29710180,22.360000610351562,-0.017694353826310905,-0.028442708150103413,0.0027816244093905595
2022-11-22,461.0938415527344,37343127,21.290000915527344,0.030267239648911426,0.03265340457267496,0.0006332427232416116
2022-11-23,462.0329895019531,33475337,20.350000381469727,0.01073695518084361,-0.006905571438478364,-0.0007645079131286536
2022-11-24,465.7892761230469,27396552,20.350000381469727,0.01073695518084361,-0.006905571438478364,-0.000884044595383715
2022-11-25,467.66748046875,39949969,20.5,-0.012614718287004445,-0.006953885011030336,-0.005363641239729655
2022-11-28,451.2333984375,38926919,22.209999084472656,-0.026347828355548164,-0.02678110793944999,0.0005013785441942975
2022-11-29,457.3374938964844,38182197,21.889999389648438,-0.003035011036445212,0.0013886194873231616,0.0025090282774300476
2022-11-30,460.15472412109375,57111603,20.579999923706055,0.05848770936820258,0.04601018846536942,-0.0019383461963815574
2022-12-01,468.1370544433594,41746878,19.84000015258789,-0.007835628250235094,-0.00361538175300935,-0.005428787960220394
2022-12-02,462.50250244140625,28319679,19.059999465942383,-0.011929960965528452,-0.01427208115234424,-0.006179764975580926
2022-12-05,459.2156677246094,28360444,20.75,-0.011976566996437898,0.0014725331903600036,-0.0016280663193990463
2022-12-06,448.8856506347656,40561068,22.170000076293945,-0.02356422212182141,-0.02523904592613435,0.0008186396765614834
2022-12-07,446.06842041015625,36563503,22.68000030517578,-0.00010474140698113477,-0.004022100271612317,0.002306691777625547
2022-12-08,442.78155517578125,27238567,22.290000915527344,0.026738980816889635,0.019687175951775826,0.00011425350804961099
2022-12-09,452.1724853515625,25915337,22.829999923706055,-0.008638358274299485,-0.0013612664177879985,-0.005679400441186089
2022-12-12,446.06842041015625,20973334,25.0,0.021385341154628534,-0.003222415188793848,0.0075731691396832
2022-12-13,442.78155517578125,33272826,22.549999237060547,0.015227373589687065,0.0009947486014481033,-0.0004463614642967739
2022-12-14,451.2333984375,30636639,21.139999389648438,-0.01568652798519199,-0.0060861294768019825,-0.002574982797804437
2022-12-15,453.8307189941406,24222008,22.829999923706055,-0.04171726429446354,-0.024620232096281724,-0.003813575353422971
2022-12-16,444.8580627441406,47601400,22.6200008392334,-0.009509927177307698,-0.016879370018098028,0.010684150398249992
2022-12-19,440.6077880859375,21075559,22.420000076293945,-0.013747577440855085,-0.00262141650000447,-0.0012723086589110366
2022-12-20,432.1072998046875,31139235,21.479999542236328,-0.006238879852591195,-0.006307092582224061,0.0004842320542652878
2022-12-21,433.5240478515625,36182644,20.06999969482422,0.023555955919671412,0.02010042899700437,-0.002004141984302543
2022-12-22,442.0245361328125,14047382,21.969999313354492,-0.0420381629325014,-0.02411193137279044,-0.0014646554788004806
2022-12-23,429.7461242675781,24927413,20.8700008392334,0.000852597980826042,-0.005180862701867128,0.0019882954114212037
2022-12-26,431.16278076171875,8793306,20.8700008392334,0.000852597980826042,-0.005180862701867128,0.0001659157541351597
2022-12-27,431.6350402832031,10264001,21.649999618530273,-0.017874284076816904,-0.007611109981192188,-0.0008489209231152817
2022-12-28,425.96807861328125,32578949,22.139999389648438,-0.01472989104816047,-0.01695371947609947,0.00010089656376099931
2022-12-29,421.2455749511719,23020759,21.440000534057617,0.03320166834253868,0.040240875334143666,0.00019208767641454294
2022-12-30,423.60687255859375,21683478,21.670000076293945,-0.001120276062526293,-0.019868289436668518,-0.0015588763526886984
2023-01-03,427.85711669921875,14885824,22.899999618530273,-0.012290191132006356,-0.0061756515703066395,0.002359058602062758
2023-01-04,424.55133056640625,19188422,22.010000228881836,0.0273771470379649,0.03093347610089059,-0.002272171303189241
2023-01-05,433.05181884765625,23549581,22.459999084472656,-0.019825154772080578,-0.007730365035620412,0.0012300256185848735
2023-01-06,433.05181884765625,20886011,21.1299991607666,0.04668617966629629,0.030899194571961663,-0.0021181091840254407
2023-01-09,454.3030090332031,46666263,21.969999313354492,0.019213952607028295,0.02869216232235039,-0.002008250125457245
2023-01-10,459.025390625,32646014,20.579999923706055,0.012855695194007533,0.011953521911828746,-0.0032557516594241553
2023-01-11,457.60870361328125,21051115,21.09000015258789,0.012519822536487979,0.006275376766250451,-0.0009651326875864674
2023-01-12,459.49774169921875,20963689,18.829999923706055,0.012444759880754441,0.06382997285845704,7.88445475705668e-05
2023-01-13,472.24847412109375,77606949,18.350000381469727,0.003946735307672311,-0.0022987357644381756,-0.003597797916299106
2023-01-16,476.97088623046875,34373918,18.350000381469727,0.003946735307672311,-0.0022987357644381756,-0.0015234636804044577
2023-01-17,475.0819396972656,27770329,19.360000610351562,0.002435164773090248,0.02523029238405039,0.0016413781756230428
2023-01-30,512.8618774414062,124428936,19.940000534057617,-0.02668009303184582,-0.001822164417193961,0.001562496941712288
2023-01-31,493.02734375,72530854,19.399999618530273,0.019266115833111996,-0.004295115411266925,-0.005321298343589742
2023-02-01,500.5833435058594,33710990,17.8700008392334,0.051866598976085365,0.021676019362592003,-0.0021265717722409594
2023-02-02,510.0281982421875,43077053,18.729999542236328,0.022245253032961543,0.02016037420930905,-0.016582837368281922
2023-02-03,511.91729736328125,31635865,18.329999923706055,-0.01901114595200537,-0.020589586803182458,0.0003385474287380674
2023-02-06,496.8054504394531,30870136,19.43000030517578,-0.016991643829138425,-0.02989674718180635,0.014311345312556512
2023-02-07,493.9718322753906,23481767,18.65999984741211,0.031161060821615738,0.029620027471007004,0.0010846105035744458
2023-02-08,510.0281982421875,35096191,19.6299991607666,-0.02193237254071767,-0.002855536025377692,0.0009600229505188906
2023-02-09,510.0281982421875,18861972,20.709999084472656,0.0013058631208722193,0.025562122489627193,0.00047958285565607994
2023-02-10,514.750732421875,28495684,20.530000686645508,-0.015841906180269594,-0.013651841478854121,-0.0012815549168979645
2023-02-13,510.9727783203125,22768977,20.34000015258789,0.01533306793517264,0.007759125906185327,0.005926048172392839
2023-02-14,514.750732421875,21883297,18.90999984741211,0.021034701312000692,0.019249005682683062,0.001298833356684792
2023-02-15,495.86083984375,61796793,18.229999542236328,0.00366481164530863,-0.053083013077376284,0.0009496980651897413
2023-02-16,498.6943359375,29975138,20.170000076293945,-0.024841473834562366,-0.020914273852114862,0.0017620875929991175
2023-02-17,489.24932861328125,28121975,20.020000457763672,-0.016159081841255807,-0.007927709052468757,-0.0016170479276262917
2023-02-20,488.30487060546875,20065156,20.020000457763672,-0.016159081841255807,-0.007927709052468757,0.003976474793814022
2023-02-21,487.36041259765625,13504100,22.8700008392334,-0.03313852679538831,-0.027302958355076457,-0.0002897448229778332
2023-02-22,478.85992431640625,24575245,22.290000915527344,-0.004772497003328491,-0.009242318329079624,0.003952011034348946
2023-02-23,489.24932861328125,25376835,21.139999389648438,0.03333581211268899,0.03742936431716948,-0.0003018271428945063
2023-02-24,482.6379089355469,41692491,21.670000076293945,-0.017967000284100032,-0.021869340526436187,-0.006309991704757989
2023-03-01,493.02734375,39560848,20.579999923706055,-0.0008652728497845485,0.015504798817222998,0.0015687512432163153
2023-03-02,490.19384765625,16558784,19.59000015258789,0.009567542297564735,0.006899059704600807,-0.0027768952012560133
2023-03-03,487.36041259765625,23253895,18.489999771118164,0.01482183259885228,0.008536417247591466,0.0013350510728340481
2023-03-06,492.0828552246094,21922085,18.610000610351562,-0.011144719225874122,-0.0023386422554103614,-0.003362565654610128
2023-03-07,494.9163818359375,24861078,19.59000015258789,-0.01074276113639494,-0.008149487727309057,0.00250505783283983
2023-03-08,492.0828552246094,24512408,19.110000610351562,0.026657250756382478,0.02228505573767703,0.004948438893666696
2023-03-09,493.02734375,21557577,22.610000610351562,-0.020115780548203288,-0.021468726898122625,-4.879129801615978e-05
2023-03-10,484.5269470214844,24045605,24.799999237060547,-0.018884585326052195,-0.018339583595276654,0.002899933725023729
2023-03-13,487.36041259765625,21466947,26.520000457763672,-0.0007592421005381267,0.005616119781643558,0.0004802740985374587
2023-03-14,481.6933898925781,20474770,23.729999542236328,0.030269925005790732,0.017665931614068597,-0.012121795567030746
2023-03-15,482.6379089355469,23208597,26.139999389648438,-0.010883182176448236,-0.029006625429997546,-0.002495492162647772
2023-03-16,479.55145263671875,21965994,22.989999771118164,0.04053220442578742,0.03535022674389854,0.004641388756255305
2023-03-17,491.8963317871094,33118483,25.510000228881836,-0.0046964879770553525,0.0019037489126920715,0.0009501745798927708
2023-03-20,486.1986999511719,11837312,24.149999618530273,0.010115044237978266,0.006370882465227545,0.0022586744123582747
2023-03-21,490.94683837890625,18284799,21.3799991607666,0.0006998827075279657,0.027321112082457466,-0.0036579630154522924
2023-03-22,506.1405334472656,42385987,22.260000228881836,-0.008078543839672658,0.0012973946060870212,-0.0008490095930143715
2023-03-23,510.88848876953125,26728246,22.610000610351562,0.02673282666505794,0.021269575409271768,-0.004268366821229441
2023-03-24,511.838134765625,21926240,21.739999771118164,-0.016727811546049298,-0.019029406031484175,-0.006985169374756017
2023-03-27,504.2413024902344,16111177,20.600000381469727,-0.012072025887857496,-0.02295506125744462,0.006072023832427664
2023-03-28,498.5436096191406,17234120,19.969999313354492,-0.008532309175427022,0.0016545694583138815,-0.005210878373039907
2023-03-29,503.29168701171875,17280749,19.1200008392334,0.03265661431695621,0.021473346014186268,0.006033856244355151
2023-03-30,508.0397033691406,19201564,19.020000457763672,0.01620149459580289,-0.0031262380459782246,0.005635242649384864
2023-03-31,506.1405334472656,23558838,18.700000762939453,0.007044347274677731,0.0059477165332599835,-0.005374277782982939
2023-04-06,503.29168701171875,25423363,18.399999618530273,-0.004604683448186764,0.0004434038134673024,0.005117619823123309
2023-04-07,504.2413024902344,8557482,18.399999618530273,-0.004604683448186764,0.0004434038134673024,-0.0009953675874764256
2023-04-10,502.34197998046875,7435151,18.969999313354492,0.017970079407278794,-0.013519457418826097,-0.003847904979152328
2023-04-11,497.593994140625,22675697,19.100000381469727,-0.0056124775717557585,0.0024712713031245226,0.004250978290440077
2023-04-12,493.79559326171875,23816473,19.09000015258789,-0.01829920170751298,-0.026557446315663036,-0.0013858526299423968
2023-04-13,484.299560546875,25536889,17.799999237060547,0.007344725581338807,0.0020719415108234607,-0.0010957903902104604
2023-04-14,489.9971618652344,18072504,17.06999969482422,-0.0014601879451088262,0.0017232769086117372,0.0001477816927988318
2023-04-17,493.79559326171875,14634287,16.950000762939453,-0.001227839434351008,0.009059397052934015,0.001806190430197363
2023-04-18,489.04754638671875,15168888,16.829999923706055,0.0035999971658580154,0.0017048672646180485,-0.0012948662398797328
2023-04-19,484.299560546875,21123233,16.459999084472656,-0.010182891292564555,-0.010324443873000577,-0.0004791770225415215
2023-04-20,487.1483459472656,17221961,17.170000076293945,-3.2777762283831e-05,0.023615761894826948,0.0028109870956032346
2023-04-21,485.2491149902344,25016683,16.770000457763672,-0.008154236528398973,-0.04390187785472599,0.0007138464920868337
2023-04-24,481.4507141113281,16886512,16.889999389648438,-0.004610361917086969,-0.008550906545188641,0.0021499357690617504
2023-04-25,472.9042663574219,36898412,18.760000228881836,-0.033655738592541895,-0.027764842983108884,-0.0017305958027742374
2023-04-26,466.7317810058594,31269245,18.84000015258789,0.005746140594165228,-0.0004862191705838903,0.003980776032341815
2023-04-27,468.6309814453125,29537148,17.030000686645508,0.006363380551555942,0.017264474529433915,-0.0021307654530519082
2023-04-28,476.70269775390625,24824100,15.779999732971191,0.018146608200865222,0.007529764769912184,-4.894741266836533e-05
2023-05-02,475.7530822753906,15325791,17.780000686645508,-0.007363139164979882,-0.012145898162104318,-0.0005594376441980797
2023-05-03,471.0050354003906,11369311,18.34000015258789,-0.01317712166029239,-0.0031341793685383257,0.0008461435758913005
2023-05-04,472.9042663574219,13140291,20.09000015258789,-0.005322375540187441,0.009552738765189472,-0.003511702439530473
2023-05-05,474.8034362792969,7488897,17.190000534057617,0.02245695795372793,0.01772657025439539,-0.0006167011944236966
2023-05-08,478.6018371582031,11243634,16.979999542236328,0.005559073916810542,0.006708378236374379,-0.0016292353143386729
2023-05-09,484.299560546875,16197743,17.709999084472656,-0.018704417014456687,-0.00561155079400244,0.00032704000167660396
2023-05-10,477.6522216796875,18859212,16.940000534057617,0.009997143038824374,-0.001880885149558087,0.0020204003000325876
2023-05-11,473.85382080078125,13382927,16.93000030517578,-0.006268549229621834,-0.017314658308708264,-0.0011549336057862236
2023-05-12,471.0050354003906,18465362,17.030000686645508,-0.001970602508663988,0.0,0.0027274715849956443
2023-05-15,470.5302429199219,13315766,17.1200008392334,0.026839494862112234,0.02672928199610447,0.0036516729492317435
2023-05-16,479.55145263671875,21140315,17.989999771118164,-0.0012873878934033245,0.0025681130923120854,-0.002174600343595179
2023-05-17,492.84600830078125,41406763,16.8700008392334,0.024918726830860605,0.0582207771078429,0.0011319512009602128
2023-05-18,503.29168701171875,43096277,16.049999237060547,0.0316224575813977,0.019476026363747012,0.0004386347885725339
2023-05-19,505.1908264160156,32099068,16.809999465942383,-0.006204455438233225,-0.0007553301778464583,-0.003280141882412324
2023-05-22,504.2413024902344,17208135,17.209999084472656,0.0036054580670876746,-0.009289098889182834,-0.0022905982863488106
2023-05-23,503.29168701171875,19588873,18.530000686645508,-0.011695063576008913,-0.013955692055884317,0.0013389437537105753
2023-05-24,498.5436096191406,19086681,20.030000686645508,-0.016790200444202208,-0.003427767722706365,0.004709616568235431
2023-05-25,515.6365966796875,63827245,19.139999389648438,0.06806138005964701,0.12004889990694112,9.733202517114847e-05
2023-05-26,537.4774169921875,95808471,17.950000762939453,0.06262136259754647,0.02238726262385282,-0.001577467327915194
2023-05-29,539.3767700195312,54657853,17.950000762939453,0.06262136259754647,0.02238726262385282,-0.0024317613065398813
2023-05-30,537.4774169921875,40136130,17.459999084472656,0.0010491587725565132,-0.011917417696565513,-0.00485579828710947
2023-05-31,529.8807373046875,81176782,17.940000534057617,-0.027106055927718087,-0.03324180524913245,0.0008285623590460478
2023-06-01,523.2333374023438,24477529,15.649999618530273,0.015510358467855312,0.002535863593851495,0.002768221503654411
2023-06-02,533.6790161132812,30206141,14.600000381469727,-0.001522806910548291,0.0010115699166513004,-0.00205902953817072
2023-06-05,527.0318603515625,16827391,14.729999542236328,-0.016359109714348397,-0.008995139827491894,0.002753178441449622
2023-06-06,531.7799072265625,20228086,13.960000038146973,0.012839264949689122,0.01805198385072937,-0.0006913027091105528
2023-06-07,539.3767700195312,27604813,13.9399995803833,-0.003199274144382036,0.004708508535539835,-0.00045683059769185963
2023-06-08,530.8302001953125,23080195,13.649999618530273,0.010681108671079409,-0.003489902209261486,0.0026475905649385734
2023-06-09,536.5279541015625,19091713,13.829999923706055,0.003030430392392258,0.028617160049880574,-0.0021847668096783845
2023-06-12,545.0744018554688,26392389,15.010000228881836,0.03310381148664754,0.041439613522072705,0.000495978614851067
2023-06-13,563.1168823242188,56174363,14.609999656677246,0.011533202169796253,-0.002428354455574877,0.0016405400768413347
2023-06-14,560.2681884765625,23583314,13.880000114440918,0.015226728098931996,0.0057114404589464485,-0.004340447382571333
2023-06-15,563.8456420898438,27392154,14.5,-0.008473812796644165,-0.01666012780917192,0.005013448997665648
2023-06-16,561.9374389648438,38128802,13.539999961853027,-0.009417367967030188,-0.005799609810521411,-0.002538162116159981
2023-06-19,556.213134765625,14346885,13.539999961853027,-0.009417367967030188,-0.005799609810521411,0.001784501265216898
2023-06-20,556.213134765625,16221413,13.880000114440918,-0.006964023895757676,-0.005642054124196605,0.0027289097851679323
2023-06-21,554.304931640625,21703937,13.199999809265137,-0.02682069014724231,-0.022504407791686387,0.005244933169579857
2023-06-26,547.6266479492188,27142262,14.25,0.0025836350010901565,-0.01766276394785571,0.00010326359102408311
2023-06-27,545.7185668945312,21501718,13.739999771118164,0.03602052804210709,0.019678265636317027,0.00022582732332154798
2023-06-28,547.6266479492188,18175426,13.430000305175781,-0.009040698997426877,-0.011363534693281219,-0.0003386645052837478
2023-06-29,546.672607421875,16937929,13.539999961853027,0.0013021131014181453,-0.002774520276418002,0.002032675426720365
2023-06-30,549.5347900390625,22654976,13.59000015258789,0.016291421032377018,0.002782239656759611,0.001957740034576938
2023-07-03,552.3969116210938,14785585,13.569999694824219,0.008320054152735512,0.022096692783162508,0.0009223125029154122
2023-07-04,558.1212768554688,17219541,13.569999694824219,0.008320054152735512,0.022096692783162508,-0.0018686456158967246
2023-07-05,555.2591552734375,14913592,14.180000305175781,-0.021951508593128555,-0.020940446469391416,-0.00031523483706941136
2023-07-06,539.040283203125,28564891,15.4399995803833,-0.012376067624886744,-0.015645039589155085,0.004704298353081393
2023-07-07,539.040283203125,18796190,14.829999923706055,6.708341184191724e-05,0.008248671098030957,0.0032891535876820033
2023-07-10,539.040283203125,18454982,15.069999694824219,0.020647203000440317,-0.004589581745313542,-0.002167456816167368
2023-07-11,550.4888305664062,17850636,14.84000015258789,0.0005285167019970505,0.014934467874010648,0.0032310640020125625
2023-07-12,551.4428100585938,15588228,13.539999961853027,0.018595698095117408,0.026071445125747994,-0.0030134404822088623
2023-07-13,558.1212768554688,25442137,13.609999656677246,0.020330652324215936,0.01607311974255987,-0.007410692182331924
2023-07-14,563.8456420898438,23121873,13.34000015258789,-0.012304022286569793,-0.0040730677189353415,-0.0024489496393167443
2023-07-17,563.8456420898438,13807834,13.479999542236328,0.023170839593770864,-0.003328855077799453,-0.00025192838579823906
2023-07-18,554.304931640625,20932006,13.300000190734863,0.0013160387748223368,-0.015650355793940585,0.0
2023-07-19,554.304931640625,22499123,13.760000228881836,-0.010592498926345728,-0.0008727142931276299,-0.0015186069095689536
2023-07-20,552.3969116210938,15108109,13.989999771118164,-0.03624990599873523,-0.05045604571022044,0.004540036607663556
2023-07-21,534.2699584960938,46711021,13.600000381469727,0.009552792572597113,-0.006233344481309522,-0.0001771974418194322
2023-07-24,532.36181640625,25268835,13.90999984741211,-0.0017654214484151831,0.010282794823715857,0.009156598400786198
2023-07-25,542.8565063476562,19590349,13.859999656677246,0.01704888796377979,0.021068891722525462,-0.0007024221354253735
2023-07-26,539.9943237304688,13314305,13.1899995803833,-0.014885721147351094,-0.009071022167496445,-0.0042811141890044535
2023-07-27,542.8565063476562,12200358,14.40999984741211,0.01862476588207196,-0.0006037249759113239,0.001540150649083527
2023-07-28,540.9483032226562,18540078,13.329999923706055,0.022156052990268682,0.01519904663025562,0.0026366433109039633
2023-07-31,539.040283203125,24208467,13.630000114440918,0.0025624319848203125,-0.016954270705805796,0.0018276753650217081
2023-08-01,540.9483032226562,16259643,13.930000305175781,-0.0008856161721302325,-0.007564388979627745,0.0014479631182464647
2023-08-02,535.2240600585938,25583234,16.09000015258789,-0.037999451757577574,-0.02743913635008821,0.0062454493864865235
2023-08-04,528.545654296875,26279173,17.100000381469727,-0.0023948045258006534,0.012423699657200915,0.00032876483677957147
2023-08-07,532.36181640625,14369551,15.770000457763672,0.010869907403832535,0.0019759561852259466,0.0003634997101045201
2023-08-08,526.6375732421875,19010690,15.989999771118164,-0.01604263550784013,-0.01930475197508863,0.00042652007585042284
2023-08-09,528.545654296875,14389090,15.960000038146973,-0.018736633184047835,-0.0053973925560243385,0.004105387823833073
2023-08-10,525.6834106445312,17892615,15.850000381469727,-0.0037280253623653836,0.008725350306522106,-0.002720516060018996
2023-08-11,520.9130859375,17608427,14.84000015258789,-0.022927303783500275,-0.02964140272905247,0.0010249841079341682
2023-08-14,516.1428833007812,20939030,14.819999694824219,0.028709194901746615,0.011740402502185665,0.00480438042102449
2023-08-15,517.0969848632812,14066307,16.459999084472656,-0.01700756228542022,-0.014934914995176185,0.0003135457817806664
2023-08-16,517.0969848632812,28269840,16.780000686645508,-0.02078804590499983,0.0010907868703633472,-0.001225512175489496
2023-08-17,519.0050659179688,22843138,17.889999389648438,-0.009692300094118256,-0.0015253684663038003,0.0015031977294908128
2023-08-18,514.2348022460938,17592345,17.299999237060547,0.004755724785265203,-0.005892750485227194,-0.0005138810643254832
2023-08-21,512.3267211914062,16633821,17.1299991607666,0.028301287499604255,0.01602642785309083,0.00017556763480008897
2023-08-22,516.1428833007812,14594304,16.969999313354492,-0.009281792245085962,-0.0034572122683543816,0.0004451197536554652
2023-08-23,526.6375732421875,20636332,15.979999542236328,0.021067630544012284,0.021465631716566014,0.001904946196743973
2023-08-24,538.086181640625,23280827,17.200000762939453,-0.0335118338400604,-0.01793677144351491,-0.0037901822213773917
2023-08-25,520.9130859375,24144537,15.680000305175781,0.004121981246762996,0.006160336459048565,-0.0013090351627094154
2023-08-28,523.7753295898438,8991985,15.079999923706055,0.012077930005359727,0.009666750008807679,-6.600817961854855e-05
2023-08-29,526.6375732421875,10516678,14.449999809265137,0.025919535803867744,0.011489443888611062,0.0001886243790714115
2023-08-30,529.4996948242188,15117416,13.880000114440918,0.00395359594810385,-0.0031551764807294935,-0.0016028849651440469
2023-08-31,523.7753295898438,40431378,13.569999694824219,0.00741234998153506,-0.01276639815764613,0.0010010172886230073
2023-09-01,522.8213500976562,13669766,13.09000015258789,0.0032444520793881715,-0.004061045973753008,0.0002830540251703706
2023-09-04,531.4078369140625,9531157,13.09000015258789,0.0032444520793881715,-0.004061045973753008,0.0017354415040899962
2023-09-05,526.6375732421875,12220686,14.010000228881836,0.0002579398369748631,0.015130185179203837,-0.00016324073626783342
2023-09-06,524.7294311523438,14067008,14.449999809265137,-0.007961929918368638,-0.024735485448173722,0.0014658741223405602
2023-09-07,517.0969848632812,20717005,14.399999618530273,-0.019797686741398812,-0.02395422154030924,0.0009215558948310054
2023-09-08,514.2348022460938,15283568,13.84000015258789,-0.0045001735580657565,-0.004552984658933168,0.0030531171425924875
2023-09-11,511.37261962890625,14631968,13.800000190734863,0.0009085808550355345,-0.00044617342059172227,0.0016733677994777985
2023-09-12,519.0050659179688,16028336,14.229999542236328,-0.007884023369777227,0.009821349036146287,-0.00556332326305542
2023-09-13,516.1428833007812,16191392,13.479999542236328,0.005470031139030773,0.008178631177772733,0.0017958901124717208
2023-09-14,527.6553955078125,17144287,12.819999694824219,0.006676109208370695,0.007945037270467026,-0.002155596677621885
2023-09-15,535.3303833007812,42517441,13.789999961853027,-0.030087379570582606,-0.02427043622884273,-0.000815148181333325
2023-09-18,518.0616455078125,36684692,14.0,0.004625510550277934,-0.004705607822873881,0.00028554359396615325
2023-09-19,516.1428833007812,18901683,14.109999656677246,-0.009577734798716264,-0.007430033194425034,0.0006430824687451153
2023-09-20,513.2647705078125,24635567,15.140000343322754,-0.017406652924101707,-0.009980719766701673,0.0025549508158961842
2023-09-21,505.58984375,32012694,17.540000915527344,-0.01764145683454532,-0.022110137954161946,0.0009036943995639479
2023-09-22,500.79290771484375,29049309,17.200000762939453,0.007918876449352963,0.003279909388754554,0.004033278269981899
2023-09-25,503.6710510253906,17116402,16.899999618530273,0.007182121479708536,0.007006111873607779,-0.0002178097385048261
2023-09-26,497.91485595703125,26392692,18.940000534057617,-0.017654683766628376,-0.02261112462420989,-0.0008777210926956824
2023-09-27,500.79290771484375,16846401,18.219999313354492,0.009547574138495829,0.013643214288157957,0.002710100200153054
2023-09-28,501.7522888183594,19733331,17.34000015258789,0.017724728516556265,0.01135316180387047,0.001118344873288768
2023-10-02,511.34613037109375,25427911,17.610000610351562,0.004239612388045266,0.0086306115181074,0.005745343056007934
2023-10-03,507.5085144042969,14490129,19.780000686645508,-0.02095481609373595,-0.025556256647857323,0.0019166355232618226
2023-10-04,498.87420654296875,28358964,18.579999923706055,0.014316214226094415,0.014752341381595535,0.0001516111518740093
2023-10-05,506.5492248535156,24945684,18.489999771118164,-0.005238061565079888,0.0041538735438264585,-0.0006344507962983137
2023-10-06,510.3865966796875,15336587,17.450000762939453,0.020026528145129507,0.025967905812700254,-0.002709645805099248
2023-10-11,521.8991088867188,46639969,16.09000015258789,0.007334708381162347,0.015340529194719066,-0.003758872824822568
2023-10-12,527.6553955078125,34161176,16.690000534057617,0.003049903139558996,0.00456529400974337,0.0013337411367397856
2023-10-13,530.533447265625,31123496,19.31999969482422,-0.02695418030831198,-0.021207628683510782,0.0034498526735733392
2023-10-16,522.8584594726562,19875676,17.209999084472656,0.01434708076896829,0.00840144499403861,0.0007802568918739983
2023-10-17,528.61474609375,18364998,17.8799991607666,-0.007951468397977113,-0.0024117306161428598,-0.0002609097479768785
2023-10-18,518.0616455078125,26418940,19.219999313354492,-0.017616101283518426,-0.015384527226799949,0.004303052871834856
2023-10-19,523.8178100585938,22881262,21.399999618530273,-0.01338233526023802,0.03694192816788511,0.0021748199303619486
2023-10-20,533.4116821289062,45984177,21.709999084472656,-0.015330656978860824,-0.01722089120046555,-0.0014508549811510507
2023-10-23,521.8991088867188,22747367,20.3700008392334,-0.0053073314412988015,-0.002190352481136193,-0.0005038966791286459
2023-10-24,521.8991088867188,15007814,18.969999313354492,0.013763635367801452,0.005817167068601137,-0.0029692153040949965
2023-10-25,521.8991088867188,16526355,20.190000534057617,-0.041298544811049775,-0.043649211660642506,-0.000992725378481718
2023-10-26,509.4273376464844,28188348,20.68000030517578,-0.005433884890711171,-0.002167944868859073,0.005474476980509069
2023-10-27,511.34613037109375,15679643,21.270000457763672,0.01212831652139612,-0.01669523877929091,-0.0006609096449337049
2023-10-30,510.3865966796875,21404842,19.75,-0.01298698056408909,0.0008139699627718322,0.0017028794282381021
2023-10-31,507.5085144042969,25667058,18.139999389648438,0.009641515266511691,0.0029050122592930716,-0.005136671932754799
2023-11-01,506.5492248535156,13603347,16.8700008392334,0.0233403695714145,0.017263329951238582,0.004818957001067936
2023-11-02,524.77734375,29401438,15.65999984741211,0.023576805798275924,0.030523944314943874,-0.0008054883399617463
2023-11-03,526.696044921875,15426176,14.90999984741211,0.02553926279612173,0.014478357036637357,-0.006727043338677685
2023-11-06,527.6553955078125,29215201,14.890000343322754,-0.002802136181839665,0.008824565347850921,-0.0021642199929325923
2023-11-07,532.4522705078125,14777790,14.8100004196167,0.007712893354478112,-0.0020517361388999733,0.0003926512985428232
2023-11-08,533.4116821289062,15314834,14.449999809265137,0.00034854526657812634,-0.004436884200101021,-0.0006791163810595524
2023-11-09,534.3710327148438,13165684,15.289999961853027,-0.0058542373567708195,-0.004130491835715344,0.0042331222103415556
2023-11-10,534.3710327148438,12994933,14.170000076293945,0.040378380691029614,0.06352348024741383,0.0011640889396631326
2023-11-13,547.80224609375,43866014,14.760000228881836,-0.009741793762775064,-0.010468246963511896,0.0028615993590586086
2023-11-14,548.7615966796875,21568576,14.15999984741211,0.03621847708142978,0.025824719835467747,-0.0031317602473895922
2023-11-15,557.3959350585938,50305088,14.180000305175781,0.00719563569254178,-0.0011122319877567843,-0.005194670295959769
2023-11-16,559.3146362304688,28291435,14.319999694824219,0.0032353766964878794,-0.002631577474279001,-0.002132410680105945
2023-11-17,556.4365234375,22031704,13.800000190734863,0.006592144153952928,0.010554163964978214,-0.005361010585086534
2023-11-20,553.5584716796875,22010114,13.40999984741211,0.015248198081731168,0.0038160004798564184,-0.0032132626900811534
2023-11-21,561.2333984375,35921706,13.350000381469727,-0.01918645923129203,-0.015506247773056092,-0.008404013385645337
2023-11-22,553.5584716796875,21969125,12.850000381469727,0.0032602749545636023,0.0024388060552269497,-0.0029871571577547718
2023-11-23,554.5177612304688,14486134,12.850000381469727,0.0032602749545636023,0.0024388060552269497,0.004589758947224354
2023-11-24,551.6398315429688,10058969,12.460000038146973,0.000793058065801544,-0.008312148377927375,0.003045899881200631
2023-11-27,544.9241943359375,18528520,12.6899995803833,-0.0022999024005504465,-0.006337687837034145,0.0006958739453368779
2023-11-28,551.6398315429688,26343906,12.6899995803833,-0.005605301675727481,0.007921048137888409,-0.0035086629839250483
2023-11-29,550.6803588867188,24868842,12.979999542236328,0.009415468916628589,0.009185598882694102,-0.00802538501065364
2023-11-30,553.5584716796875,47192647,12.920000076293945,-0.00766780390721522,-0.015878006640419606,-0.006491401865898361
2023-12-01,555.4771728515625,28051165,12.630000114440918,0.0036755664045600156,0.012742869154660275,0.00981686899414469
2023-12-04,550.6803588867188,26847171,13.079999923706055,-0.011992199036125584,-0.015626448081053068,-0.005896645950528856
2023-12-05,546.8427734375,22229723,12.850000381469727,-0.005696597046732865,-0.003298695792291695,0.007521885066418044
2023-12-06,546.8427734375,21518089,12.970000267028809,-0.0072377286491625,0.011996990354458559,0.002940513077498652
2023-12-07,543.00537109375,20840397,13.0600004196167,0.027900436334176826,0.014716420646106343,-0.0008535741997394153
2023-12-08,546.8427734375,33507214,12.350000381469727,0.007105963521382819,0.010675762399573907,-0.0019720937647662584
2023-12-11,550.6803588867188,27378610,12.630000114440918,0.033973025422084246,0.0059791856346489425,-0.0005568435956523343
2023-12-12,554.5177612304688,29403010,12.069999694824219,0.0071212871669623645,0.006438984028624084,-0.002594788416349525
2023-12-13,553.5584716796875,22977731,12.1899995803833,0.015462401362851041,0.00511795106522106,0.004631688947277279
2023-12-14,561.2736206054688,39409958,12.479999542236328,0.02669045339458509,0.017798021346886905,-0.010043531382914583
2023-12-15,564.1666870117188,54323262,12.279999732971191,0.004766303141265027,-0.00879653000718117,0.0008762037854230798
2023-12-18,564.1666870117188,26122277,12.5600004196167,-0.0032086375850133297,0.003803420048805295,0.00524301763827939
2023-12-19,564.1666870117188,28254292,12.529999732971191,0.005304857052633949,0.009132584750375816,0.0008677068074613992
2023-12-20,564.1666870117188,38121456,13.670000076293945,-0.028577973610827256,-0.036873160920371295,-0.0033465989557395215
2023-12-21,556.45166015625,24923414,13.649999618530273,0.027679477319281443,0.0250898742350254,0.0012791495872452874
2023-12-22,561.2736206054688,18690214,13.029999732971191,0.0034624117591826042,0.005850845163402285,-0.003736782960108931
2023-12-25,560.3091430664062,9548143,13.029999732971191,0.0034624117591826042,0.005850845163402285,-0.0036226354270691985
2023-12-26,565.131103515625,16094308,12.989999771118164,0.018050521043227796,0.012602889148718432,0.0012773344446850299
2023-12-27,570.9175415039062,33401336,12.430000305175781,0.0016969062273046731,0.0019149306999868276,-0.0056780331319218336
2023-12-28,571.8818359375,25514849,12.470000267028809,-0.001402192903186994,0.0004777613297364258,-0.0031445393355279405
2023-12-29,571.8818359375,18416318,12.449999809265137,-0.007890825520220357,-0.006685764989682541,-0.004788328985291246
2024-01-02,571.8818359375,26059058,13.199999809265137,-0.036506110195532626,-0.023750113608507095,-0.00044000291677548375
2024-01-03,557.4159545898438,37106763,14.039999961853027,-0.02034035886554808,-0.013395020625984966,0.006860424901047546
2024-01-04,559.3447265625,15309129,14.130000114440918,-0.008210641808474639,-0.010382317872954738,0.005275459898703483
2024-01-05,555.4872436523438,18158971,13.350000381469727,0.0063036166551639905,0.004842160174596932,0.0003898027981255048
2024-01-08,562.2379150390625,17761275,13.079999923706055,0.03279275924296665,0.02640297011506454,-0.003284639253521182
2024-01-09,565.131103515625,22501510,12.760000228881836,0.0005341372475513584,-0.0034233926575768514,-0.007463136321570363
2024-01-10,563.202392578125,13037716,12.6899995803833,-0.003889588238339736,-0.010697680413425337,0.011070581272880409
2024-01-11,565.131103515625,23997409,12.4399995803833,0.004707475237199388,0.0041666172581849015,0.0018254264271539977
2024-01-12,563.202392578125,16496053,12.699999809265137,-0.003802937897811054,0.0001975648788534734,-0.007192046382251016
2024-01-15,565.131103515625,21143076,12.699999809265137,-0.003802937897811054,0.0001975648788534734,0.00587818268824547
2024-01-16,559.3447265625,27223860,13.84000015258789,0.013204425657758811,0.0042472330845475526,0.0038422436149398997
2024-01-17,560.3091430664062,42592335,14.789999961853027,-0.00876534745952684,0.012589659294680144,0.008430854010390787
2024-01-18,567.0598754882812,27209996,14.130000114440918,0.0335557119861023,0.09791177091771397,0.002686100789593082
2024-01-19,603.7066040039062,161106401,13.300000190734863,0.04020660356475547,0.01035123686928241,0.0012079320549103212
2024-01-22,603.7066040039062,65168775,13.1899995803833,0.002502530037111761,-0.010245186516876226,-0.0062316810741828155
2024-01-23,605.6354370117188,41072439,12.550000190734863,0.00653345810666961,0.009731904746135056,-0.0005034596135321534
2024-01-24,604.6709594726562,26635005,13.140000343322754,0.01541705723182174,0.02094101807773896,0.000860763428329081
2024-01-25,619.1367797851562,52243347,13.449999809265137,-0.002469216476835845,0.0003433136114161517,-0.00328079755907984
2024-01-26,621.0655517578125,41153025,13.260000228881836,-0.029103780815504576,0.006005555224601,0.0007350350663963834
2024-01-29,624.9231567382812,27825490,13.600000381469727,0.010633085566111422,-0.0023878949479125833,-0.0013380371723147322
2024-01-30,619.1367797851562,36161825,13.3100004196167,-0.015559613435898734,-0.007864557413951312,-0.002817131452696353
2024-01-31,605.6354370117188,41277950,14.350000381469727,-0.013673714359344169,-0.02671025900982471,-0.000830523890604784
2024-02-01,605.6354370117188,44946369,13.880000114440918,0.004590571743282812,0.003806636960404397,0.0027568595221623138
2024-02-02,612.3860473632812,26334815,13.850000381469727,0.013141049661874682,0.02081310441005968,-0.00035210710893140984
2024-02-05,622.9944458007812,44017740,13.670000076293945,0.011845357543322832,0.02626343121749186,0.0029391269736438463
2024-02-15,672.17822265625,112945296,14.010000228881836,-0.001601183320570354,-0.0018567745108165612,-0.003927712441166409
2024-02-16,658.6766967773438,44232811,14.239999771118164,-0.006673816112691688,-0.01813507990730734,-0.0026288406984117385
2024-02-19,653.854736328125,34408673,14.239999771118164,-0.006673816112691688,-0.01813507990730734,0.002255126060222823
2024-02-20,662.5343627929688,30166461,15.420000076293945,-0.015639368472295412,-0.01073502068664578,0.0021989185165642855
2024-02-21,656.7479858398438,30564485,15.34000015258789,-0.0023582140896855064,7.981082825891939e-05,-0.0007738215560203487
2024-02-22,667.356201171875,33145643,14.539999961853027,0.049705885421328144,0.02975909530854559,0.0015456807377836057
2024-02-23,672.17822265625,46448923,13.75,-0.011214095029341675,0.0035639416063375506,0.0008814408362198822
2024-02-26,673.142578125,28798079,13.739999771118164,0.010496233381483977,0.008569442144214623,0.004705245996972307
2024-02-27,673.142578125,33006829,13.430000305175781,-0.0018398483810810884,-0.015691986570948502,-0.0016865689324997435
2024-02-29,665.4274291992188,54368302,13.399999618530273,0.027010781206487255,0.010127187433654594,0.002277027285789046
2024-03-01,664.4630126953125,23390635,13.109999656677246,0.04287361740827045,0.04064661335874442,-0.0010426928511686473
2024-03-04,699.1810302734375,88861397,13.489999771118164,0.010627707814552245,0.03256168346048249,-0.0017586998206308158
2024-03-05,704.0029296875,64403889,14.460000038146973,-0.020501956518010456,-0.023795778646067633,-0.001584294895698446
2024-03-06,708.8248901367188,43687122,14.5,0.02420168238760234,0.04889974495975946,0.000990196821442746
2024-03-07,732.9346313476562,71817344,14.4399995803833,0.03359388715699785,0.05389565880087943,-0.002425451004595569
2024-03-08,756.0798950195312,87139744,14.739999771118164,-0.04027431987160224,-0.01896797661704419,-0.0009280926429229286
2024-03-11,738.7208862304688,64759810,15.220000267028809,-0.013631018877862555,-0.05021518537274572,0.0005789736572445747
2024-03-12,742.578369140625,58110339,13.84000015258789,0.02092134600349671,0.03869970143539758,-0.0028868258741585606
2024-03-13,751.2579956054688,36754557,13.75,-0.02474898920844315,-0.015651039479833706,0.0011670135758301559
2024-03-14,756.0798950195312,42010806,14.399999618530273,-0.01751923711416714,-0.017729121201884634,0.0002484507667166458
2024-03-15,726.1838989257812,73316437,14.40999984741211,-0.005422625387685787,-0.018908485247384865,0.0038016886083072077
2024-03-18,740.2324829101562,43589856,14.329999923706055,-2.309163066938069e-05,0.0015687316409140895,0.0024646821955720544
2024-03-19,738.2947387695312,30152375,13.819999694824219,-0.009414418644510536,-0.012953777417972878,0.0011802450064548609
2024-03-20,734.4193115234375,41280325,13.039999961853027,0.015992606587244884,0.013939319750139623,0.002825426998389391
2024-03-21,759.6104125976562,46026103,12.920000076293945,0.022910521952810736,0.019744294247977967,0.0010021719335595591
2024-03-22,760.5792846679688,30660820,13.0600004196167,0.002119260386300059,0.007816106724273464,0.003803263646266597
2024-03-25,755.7349243164062,19877101,13.1899995803833,-0.003416594078301527,-0.00220569566571327,0.0016309646746559547
2024-03-26,757.6726684570312,40990702,13.239999771118164,-0.008097808574601184,-0.009912385857882677,-0.006294041552667218
2024-03-27,754.7659912109375,18794479,12.779999732971191,0.009907564420604587,-0.015485300939923952,0.004767770651749492
2024-03-28,745.0770263671875,27190918,13.010000228881836,0.001073432466728308,-0.004682093119541708,0.0029512331100887135
2024-03-29,751.8592529296875,9802000,13.010000228881836,0.001073432466728308,-0.004682093119541708,0.0012101572572218444
2024-04-01,746.0458374023438,21041261,13.649999618530273,0.011597900430724284,0.039985235299745625,-0.0026266618358599114
2024-04-02,765.423828125,37974481,14.609999656677246,-0.015146844031925233,-0.008975878778807567,0.0025364619011380984
2024-04-03,755.7349243164062,30890544,14.329999923706055,0.0033886355863388395,0.012694209587839289,0.0007497134359799595
2024-04-08,758.6415405273438,32202226,15.1899995803833,0.0012990423704033471,0.010115931195445516,0.001971982305842168
2024-04-09,793.521484375,56857731,14.979999542236328,0.009412694225359619,0.0182785645559409,-0.001195805343893186
2024-04-10,789.64599609375,27480849,15.800000190734863,-0.016518804874261384,0.005639648137666375,-0.0033236826467953895
2024-04-11,794.4904174804688,25200651,14.90999984741211,0.02421952825285456,0.006702308040712923,0.006782125595073074
2024-04-12,792.5526733398438,31508936,17.309999465942383,-0.032879768270004495,-0.03179333792963568,0.001289503566611172
2024-04-15,780.926025390625,38913470,19.229999542236328,-0.013898633259044058,-0.01669942982649919,0.0009155415847534876
2024-04-16,763.4860229492188,49508969,18.399999618530273,0.008854199875046875,-0.0024262598958363357,0.004179325060941874
2024-04-17,778.9882202148438,34472074,18.209999084472656,-0.03245816328588813,-0.005507908416652829,0.0033683409634026606
2024-04-18,778.9882202148438,43598591,18.0,-0.01655243385852523,-0.04862262412280005,-0.004920221304314132
2024-04-19,726.6681518554688,130968654,18.709999084472656,-0.04115133108715252,-0.03455050714325392,0.002408928500440055
2024-04-22,718.9169311523438,46540798,16.940000534057617,0.017425602037079546,0.01605328176637677,0.0027178153354217027
2024-04-23,730.543701171875,30423647,15.6899995803833,0.022109003482438272,0.028362086886732918,0.002430425847365969
2024-04-24,758.6415405273438,39457128,15.970000267028809,0.010583279604368778,-0.0034473950015472266,-0.0024398701951591217
2024-04-25,742.1703491210938,28534926,15.369999885559082,0.019627908602453337,0.02714905848190874,0.003808770229507319
2024-04-26,757.6726684570312,32571247,15.029999732971191,0.026056111969166684,0.012593273151175088,-0.0029515783315217092
2024-04-29,770.2681884765625,26765837,14.670000076293945,0.0064409993365557305,0.0014462201260518892,0.0008607137638918516
2024-04-30,765.423828125,39051972,15.649999618530273,-0.01940711479459012,-0.008375601335083749,-0.003839184473235724
2024-05-02,747.9837036132812,40527228,14.680000305175781,0.021667447127184936,0.009559920489543794,-0.004225153435658102
2024-05-03,755.7349243164062,29901556,13.489999771118164,0.02406762600011847,0.039125006668911055,-0.004002988704028487
2024-05-06,761.5482177734375,32599878,13.489999771118164,0.022106881868960926,0.008971440174077694,-0.0021362587285993495
2024-05-07,775.1126708984375,33890214,13.229999542236328,-0.007379043669943797,-0.012042323546516798,-0.00043067197592394635
2024-05-08,777.0504760742188,21757193,13.0,0.0011494541419432291,0.017645884784077914,0.0031243083104899316
2024-05-09,771.237060546875,21923999,12.6899995803833,-0.0063898613533920345,-0.005640746452090228,-0.0009516764309563941
2024-05-10,777.0504760742188,25101318,12.550000190734863,0.010139096096443811,0.04531131371019037,0.0001793319460277054
2024-05-13,793.521484375,34812619,13.600000381469727,0.003132272316665796,-0.019094187054336964,0.0026346452966479195
2024-05-14,799.3348999023438,28691846,13.420000076293945,0.016761108469917296,0.037838984039112455,-0.0016192227613095467
2024-05-15,812.8994140625,39467772,12.449999809265137,0.02878301633266278,0.023889523324922113,-0.0017854125279843647
2024-05-16,814.837158203125,43927195,12.420000076293945,-0.00545879126515969,-0.021532463761520626,-0.008739389928487662
2024-05-17,809.0238647460938,26207289,11.989999771118164,-0.00687986927109796,-0.0036128924449368993,0.0028877622974334827
2024-05-20,809.0238647460938,28808661,12.149999618530273,0.02153916253683774,0.012328602599681604,0.0012515050063168776
2024-05-21,814.837158203125,19705349,11.859999656677246,-0.0031334181355903157,0.0007815114049047889,0.0012995161060771476
2024-05-22,837.1217041015625,36628342,12.289999961853027,0.010328345668182859,0.01613838534193235,0.0009004381018689056
2024-05-23,847.7794799804688,37266618,12.770000457763672,-0.00016190927994463866,0.0060198904861634706,-0.00033810014699131585
2024-05-24,840.0283203125,34136382,11.930000305175781,0.018521325047697212,0.01852445512657197,-9.6243747411906e-05
2024-05-27,841.9661865234375,26726954,11.930000305175781,0.018521325047697212,0.01852445512657197,-0.0009869189434805747
2024-05-28,838.0906372070312,25329216,12.920000076293945,0.01856956183263625,-0.0036874759840718196,-0.0036968990725814166
2024-05-29,830.33935546875,33436835,14.279999732971191,-0.018531910482400216,-0.03180474542908851,0.003236723675793307
2024-05-30,811.9304809570312,38065102,14.470000267028809,-0.008824915917208465,-0.008941428880971602,0.006315619238836723
2024-05-31,795.4593505859375,77438401,12.920000076293945,-0.009645736847649133,-0.012552312395540333,-0.000636234547158887
2024-06-03,819.681640625,28345488,13.109999656677246,0.0056896066490790265,0.025887010479999084,0.003356387546574968
2024-06-04,812.8994140625,28223635,13.15999984741211,-0.007033416284918825,-0.016004872538142534,-0.0046419102039185756
2024-06-05,827.4327392578125,31975446,12.630000114440918,0.04518329192800885,0.06853812858465491,0.0004487073545036413
2024-06-06,866.1884155273438,62925136,12.579999923706055,-0.008557322031926606,-0.0052173869569364095,-0.0023756310030170757
2024-06-07,851.6550903320312,41075399,12.220000267028809,-0.002723653809260984,0.01431486636449053,-0.0013363032114330764
2024-06-11,855.5306396484375,48228488,12.850000381469727,0.000555717686673729,-0.014569393431281719,-0.002190993617724568
2024-06-12,880.7217407226562,48106925,12.039999961853027,0.028980284298805836,0.043871747611259115,-0.000562872544702997
2024-06-13,893.8521118164062,55857091,11.9399995803833,0.014771186960841565,0.0027487421482459418,-0.003552426383712781
2024-06-14,896.77001953125,38408123,12.65999984741211,-0.0007335871531519711,-0.002313432647123914,0.003043370457556316
2024-06-17,895.79736328125,26292426,12.75,0.016038775652425175,0.02741888328806108,0.0015480119319866148
2024-06-18,917.1953125,37876013,12.300000190734863,0.013540552769629732,0.013823053393243967,-0.0014838275415750557
2024-06-19,954.155517578125,72228052,12.300000190734863,0.013540552769629732,0.013823053393243967,0.0014396198742181454
2024-06-20,954.155517578125,48225374,13.279999732971191,-0.02690496440829926,-0.023985737669859786,0.0010293992607994795
2024-06-21,943.45654296875,88376132,13.199999809265137,-0.012739679527908554,-0.008096761918464535,-0.0012290844763791497
2024-06-24,914.2774658203125,66391994,13.329999923706055,-0.03015596499317197,-0.03535310151404303,0.0006802312668354737
2024-06-25,919.1406860351562,57368432,12.84000015258789,0.0178981249942618,0.02854441763585447,-0.0012823314551579923
2024-06-26,933.7301635742188,44967166,12.550000190734863,-0.002805648411361994,-0.003070726494644016,0.004702765421042532
2024-06-27,933.7301635742188,39729446,12.239999771118164,-0.005727833559951656,-0.0025571260730578027,0.0033503928761773327
2024-06-28,939.5660400390625,39138210,12.4399995803833,0.009439047008968915,0.012701774279919142,-0.0018506650194456409
2024-07-01,941.51123046875,19935737,12.220000267028809,0.000893622914151182,-0.008515143927978475,-0.0005534020679501817
2024-07-02,933.7301635742188,25427569,12.029999732971191,0.012386064511803907,0.01955548540412888,0.0005445543450566248
2024-07-03,952.2103271484375,24070411,12.09000015258789,0.019248001521643854,0.038645460389933994,0.0015711929888313492
2024-07-04,977.4988403320312,41893299,12.09000015258789,0.019248001521643854,0.038645460389933994,0.0014950641568265421
2024-07-05,977.4988403320312,19998094,12.479999542236328,0.0008121144670156788,0.00821973600841619,-0.003522176733286364
2024-07-08,1006.6777954101562,40146763,12.369999885559082,0.019252816980620757,0.014348503544883373,-0.0034946094601715494
2024-07-09,1011.5410766601562,46373121,12.510000228881836,-1.6938888723894152e-06,-0.011305736467549066,0.0024079002019752327
2024-07-10,1016.4041748046875,46206302,12.850000381469727,0.024169124927056806,0.0353890735832294,0.0011240498501070562
2024-07-11,1050.4462890625,41724336,12.920000076293945,-0.03469870327867741,-0.0342840264320039,0.002442485876554823
2024-07-12,1011.5410766601562,68983062,12.460000038146973,0.013251629585919744,0.015447056972574869,-0.006140502852808205
2024-07-15,1011.5410766601562,38393309,13.119999885559082,0.00043635266663399896,-0.0113692176174367,0.004977382227690175
2024-07-16,1026.130615234375,32125609,13.1899995803833,0.004555407660941091,0.004427180655188989,0.0007988501995308539
2024-07-17,1001.814697265625,54022399,14.479999542236328,-0.06811126731805828,-0.07976790567030034,-0.0003284897586730562
2024-07-18,977.4988403320312,81990095,15.930000305175781,0.0051232107355774215,0.003913691206389069,-0.002226498352794204
2024-07-19,943.45654296875,92507621,16.520000457763672,-0.031134417145359694,-0.03549201125394563,0.0045613217759497005
2024-07-22,913.3048095703125,83062356,14.90999984741211,0.039996870348629754,0.02159636424057898,0.004350571135180781
2024-07-23,952.2103271484375,47213266,14.720000267028809,-0.014591576343421231,0.002775227331863084,0.0008389052827177945
2024-07-26,898.71533203125,82081735,16.389999389648438,0.01953306499468299,0.010357018645400284,-0.002194732292683632
2024-07-29,918.1680297851562,40809258,16.600000381469727,-0.0030392653099498013,-0.011918185270101134,0.004748300459719967
2024-07-30,914.2774658203125,41761392,17.690000534057617,-0.03881386783903862,-0.034185325151515955,0.0015641212361443557
2024-07-31,908.4415893554688,39894991,16.360000610351562,0.07014718981786072,0.07286155597089494,-0.0026727836282015582
2024-08-01,933.7301635742188,47382270,18.59000015258789,-0.07138877689711454,-0.04595909719929259,-0.005775112476597344
2024-08-02,878.2900390625,76144485,23.389999389648438,-0.05182126192169956,-0.05259815635185772,0.004427055244088818
2024-08-05,792.697998046875,144057989,38.56999969482422,-0.01916540245246956,-0.012745210712599597,-0.003900105801548759
2024-08-06,855.9193115234375,102930842,27.709999084472656,0.010647230708761724,0.050287131897877924,0.002764724507885674
2024-08-07,894.8248291015625,59158704,27.850000381469727,-0.030935444913897547,-0.0022524099983087797,0.003029438503285631
2024-08-08,871.4815673828125,38236391,23.790000915527344,0.06862205530920518,0.061339099789830875,-0.003905008009258193
2024-08-09,908.4415893554688,49494621,20.3700008392334,-0.004346623227274304,0.01561842718196571,-0.007344664716750882
2024-08-12,914.2774658203125,38331663,20.709999084472656,0.007298013033550932,0.0030516361959314064,0.0007652887976525857
2024-08-13,915.2501220703125,25764381,18.1200008392334,0.04184185777074467,0.028097673463715056,-0.0060429459505582095
2024-08-14,922.0585327148438,36780856,16.190000534057617,-0.001812909516253458,-0.01375200064147375,0.0020472686912957894
2024-08-15,917.1953125,19476402,15.229999542236328,0.0486545208438145,0.02347477144182397,-0.009596021142668665
2024-08-16,942.48388671875,44062316,14.800000190734863,-0.0006049976772242172,0.0033340415389047084,0.01398656718686797
2024-08-19,946.3744506835938,21348863,14.649999618530273,0.018629626075866712,0.005213734113068913,-0.009462871123850913
2024-08-20,946.3744506835938,24039959,15.880000114440918,-0.013342654113899233,-0.019435833430637373,-0.007001673407422859
2024-08-21,931.784912109375,29758188,16.270000457763672,0.013784880354503981,-0.003487425427963875,-0.000485705808362491
2024-08-22,924.9765014648438,24349754,17.549999237060547,-0.03436459242944556,-0.029164677343465284,-0.006270599155635659
2024-08-23,923.0311889648438,27592153,15.859999656677246,0.027865694769163785,0.029079387880967866,0.010727248962346891
2024-08-26,924.0038452148438,25057581,16.149999618530273,-0.025111607611870257,-0.012902675291302068,-0.008756060974664415
2024-08-27,916.2227172851562,18693037,15.430000305175781,0.011040988764363435,0.008753687082700967,0.0017163104694757347
2024-08-28,937.6207275390625,31059233,17.110000610351562,-0.018253119909226623,-0.00791571633025856,-0.0035839014234928523
2024-08-29,917.1953125,43530708,15.649999618530273,-0.0059906510136722435,-0.0002954967931400043,0.00908661017777379
2024-08-30,918.1680297851562,63834981,15.0,0.02576324983223155,0.015075344876623209,-0.0039083263225860865
2024-09-02,922.0585327148438,18646835,15.0,0.02576324983223155,0.015075344876623209,0.004331737370221411
2024-09-03,914.2774658203125,19547575,20.719999313354492,-0.07750218806668607,-0.06528808636156747,-0.00203152061097156
2024-09-04,864.673095703125,79709021,21.31999969482422,0.002490039431865876,0.0023676368415772586,0.0015659122730726782
2024-09-05,877.3173828125,30512026,19.899999618530273,-0.005959142542587226,0.017591819318698354,-0.0008130132213054475
2024-09-06,892.8795166015625,24458336,22.3799991607666,-0.04516675253560476,-0.04202816242575658,0.0016272898106874933
2024-09-09,874.3994750976562,35885268,19.450000762939453,0.02154479369017759,0.03800543315971905,0.0005905528468521659
2024-09-10,879.2625732421875,33498628,19.079999923706055,0.011866137012161326,-0.0021501535227841373,0.002563547314850423
2024-09-11,876.3446655273438,18029342,17.690000534057617,0.04903144289825634,0.04802064365394898,0.001557220455938646
2024-09-12,918.3546142578125,39454846,17.06999969482422,-0.002388915384881618,0.010766236104668536,-0.0015859972927726451
2024-09-13,925.1934814453125,25347586,16.559999465942383,0.016750290694631742,0.0062417610659672995,-0.005730778859112329
2024-09-16,925.1934814453125,13626239,17.139999389648438,-0.014064939327712689,-0.01982610916598382,0.0004698615258813543
2024-09-18,919.3316650390625,28424324,18.229999542236328,-0.010751014340881992,-0.00041842248865164855,0.0024009018886061995
2024-09-19,937.8941040039062,32739630,16.329999923706055,0.042672872294993835,0.05344341431336086,-0.005025171841719578
2024-09-20,950.5947875976562,60133709,16.149999618530273,-0.013142775805211393,-0.012143841434039016,-0.0003461304571514834
2024-09-23,954.5026245117188,14497067,15.890000343322754,0.005149938140391441,0.003906014361285237,0.006956707184216482
2024-09-24,964.2723999023438,26785975,15.390000343322754,0.013126187777370735,0.041256883283686596,-0.0017505941198043828
2024-09-25,981.8579711914062,39405222,15.40999984741211,0.008001177602724896,0.0020881729644994795,-0.007296520762731573
2024-09-26,991.6275634765625,38321585,15.369999885559082,0.034676918899773757,0.024568192496143615,0.005141959081656822
2024-09-27,976.97314453125,35783779,16.959999084472656,-0.017563321632850015,-0.04742288489438495,-0.01264795450138878
2024-09-30,934.963134765625,61603217,16.729999542236328,-0.008466163469955323,-0.024161274703530577,0.0036554889324060813
2024-10-01,949.6177978515625,26760355,19.260000228881836,-0.02863297845178414,-0.009212856434286154,0.00015832654460190554
2024-10-04,954.5026245117188,40934818,19.209999084472656,0.015927129509747617,0.009360417281367717,0.006475584055064321
2024-10-07,981.8579711914062,39667071,22.639999389648438,-0.001928240422941263,0.018492006834661456,0.01005679869258036
2024-10-08,986.7427368164062,30845902,21.420000076293945,0.013335186186360648,0.008346306808983739,-0.006747083567230305
2024-10-09,996.5125122070312,46975717,20.860000610351562,0.010596039507933863,0.005858726303787254,0.001500498127376071
2024-10-11,1020.936767578125,43058754,20.459999084472656,0.007933599637483413,0.027075143563812576,-0.0009929871833751491
2024-10-14,1020.936767578125,36858874,19.700000762939453,0.018041810925232937,0.00733718862341548,-0.0020343946585824613
2024-10-15,1045.3612060546875,42850176,20.639999389648438,-0.05283300941307301,-0.026429450710936386,0.0006846983628858716
2024-10-16,1020.936767578125,52652149,19.579999923706055,0.0020698673960060088,0.0018703902213625945,0.0005909743352694452
2024-10-17,1011.1670532226562,54173771,19.110000610351562,0.009494089562269048,0.09793042969697785,-0.0011191169434519033
2024-10-18,1060.015869140625,85011961,18.030000686645508,0.0007320264430128454,-0.02458219095462799,-0.002084877285687514
2024-10-21,1060.015869140625,36491060,18.3700008392334,0.001265180336007754,0.0058273289150485574,-0.0008108075314693375
2024-10-22,1050.2459716796875,41197877,18.200000762939453,-0.0046977974393184185,-0.017182569762855593,0.0002808461051442279
2024-10-23,1035.591552734375,31423466,19.239999771118164,-0.011431932085699259,0.01199107608038874,-0.0011543711676430535
2024-10-24,1035.591552734375,38236996,19.079999923706055,0.005113594516571673,-0.014587190170531339,-0.0003123109124840706
2024-10-25,1040.476318359375,22009575,20.329999923706055,0.010706551349856985,0.027838155337562398,-0.0006311938616798685
2024-10-28,1025.8216552734375,40142324,19.799999237060547,-0.00022255784911706655,-0.043059457157069825,0.0025012638112038577
2024-10-29,1016.052001953125,45415773,19.34000015258789,0.02312118798894458,0.011608773698116526,-0.0015593671303683054
2024-10-30,1006.2822265625,38201984,20.350000381469727,-0.03350975121159849,-0.012491033116858952,-0.00033745516386241015
2024-11-01,1001.3973388671875,54480255,21.8799991607666,0.011053757675494102,0.012648091094342728,-8.469656393517155e-05
2024-11-04,1016.052001953125,26747978,21.979999542236328,-0.005484466406044608,-0.007203968713677011,0.0018830568818823945
2024-11-05,1025.8216552734375,32385622,20.489999771118164,0.01685365462907118,0.021925306539454237,-0.0003382976410999383
2024-11-06,1035.591552734375,55349259,16.270000457763672,0.031187237146611757,-0.012975044885129683,-0.0028108766924117567
2024-11-07,1040.476318359375,43975446,15.199999809265137,0.022705172042057464,0.041248348223875686,0.016098729025626257
2024-11-08,1064.900634765625,37099479,14.9399995803833,-0.00814966149799179,4.96432682683956e-05,-0.00929648605804334
2024-11-11,1060.015869140625,34690205,14.970000267028809,-0.025352873123497655,-0.03553662984870609,0.00627458984621776
2024-11-12,1025.8216552734375,51099848,14.710000038146973,-0.009260354382414016,-0.011749641254206855,0.004336932611868294
2024-11-13,1011.1670532226562,42331232,14.020000457763672,-0.02003470491503223,-0.026646418036856412,0.001235439255507842
2024-11-14,1011.1670532226562,44627940,14.3100004196167,-0.00033961182816699687,0.009857399750764717,-0.00020971256315938103
2024-11-15,1011.1670532226562,34791611,16.139999389648438,-0.03416863426151773,-0.01320968115723864,0.003986669276656585
2024-11-18,1001.3973388671875,31815076,15.579999923706055,0.011415982233701438,0.007902973710058658,-0.0023173876056459264
2024-11-19,1016.052001953125,24349599,16.350000381469727,0.006216315473490885,0.011681184405880174,-0.0006007286302424086
2024-11-20,1001.3973388671875,40203197,17.15999984741211,-0.007096771631971643,-0.006906706111842298,-0.0036001887929690835
2024-11-21,986.7427368164062,41429227,16.8700008392334,0.016133450312228126,0.01528985711334796,0.004516555234781006
2024-11-22,1016.052001953125,25187973,15.239999771118164,-0.0014607953345848745,-0.006065717745144861,0.0010408579018676978
2024-11-25,1006.2822265625,49566674,14.600000381469727,0.0064813185466288115,-0.02630468431825239,0.00194435698150075
2024-11-26,986.7427368164062,27312402,14.100000381469727,-0.012101209367162413,-0.006699821984756493,-0.007261611146034852
2024-11-27,976.97314453125,31276090,14.100000381469727,-0.015129251005014721,-0.014414707318963771,0.002257764605386736
2024-11-28,981.8579711914062,33689956,14.100000381469727,-0.015129251005014721,-0.014414707318963771,0.0003024211586037939
2024-11-29,973.065185546875,40094983,13.510000228881836,0.015155603743005841,0.01915127981866771,0.0024526484448965657
2024-12-02,1011.1670532226562,31168404,13.34000015258789,0.026135835977558974,0.052745477617113457,-0.00170188817196526
2024-12-03,1030.7066650390625,43414538,13.300000190734863,-0.0038494025332032056,0.023096776496255078,0.004701136177487131
2024-12-04,1045.3612060546875,33466290,13.449999809265137,0.017061618910701126,0.00905015211476834,-0.0039120209053116195
2024-12-05,1050.2459716796875,31425359,13.539999961853027,-0.0186282253378528,0.01798796244409062,-0.004651336042930887
2024-12-06,1040.476318359375,30765288,12.770000457763672,0.006949286798550558,-0.006265299256619672,0.0003032821885522452
2024-12-09,1050.2459716796875,22247131,14.1899995803833,-0.008389141638710296,-0.01896352132127943,0.0020171769247800952
2024-12-10,1040.476318359375,28506584,14.180000305175781,-0.024734729997828442,-0.0363007789539872,-0.0005310753893845721
2024-12-11,1020.936767578125,25264194,13.579999923706055,0.027192596903578448,0.013858432297723322,0.00472647811741278
2024-12-12,1039.5703125,22791260,13.920000076293945,-0.00907153527448068,-0.013011217501335826,-0.001168319802240636
2024-12-13,1044.473876953125,20423659,13.8100004196167,0.033637786941277614,0.04977533054455674,-0.0006095614844506825
2024-12-16,1064.0885009765625,39722392,14.6899995803833,0.02063782877548337,0.006119701056376492,0.0009948574552680611
2024-12-17,1054.2811279296875,37880707,15.869999885559082,-0.016413438691629256,-0.007714411111071073,-0.002501633362811728
2024-12-18,1064.0885009765625,41863190,27.6200008392334,-0.03845611854476838,-0.02541610709260267,0.0003948023999278405
2024-12-19,1049.377685546875,42702851,24.09000015258789,-0.015592451776015981,-0.004704331239224091,0.007653556048109023
2024-12-20,1015.0521240234375,52030520,18.360000610351562,0.014599034686988643,0.013203838969909176,-0.0014688883539788478
2024-12-23,1059.184814453125,30728473,16.780000686645508,0.030985423483714136,0.051467944651014674,-0.00042905113412716744
2024-12-24,1059.184814453125,26461906,14.270000457763672,0.010707703754578857,-0.0049672452587256055,-0.00024526060488960777
2024-12-25,1064.0885009765625,15481622,14.270000457763672,0.010707703754578857,-0.0049672452587256055,0.00018390283940372676
2024-12-26,1064.0885009765625,14374900,14.729999542236328,0.00033825837144640936,-0.015848444197782863,0.0028792111504165607
2024-12-27,1068.9920654296875,24948385,15.949999809265137,-0.010113373528816583,-0.007042201889793653,0.00041578320025936755
2024-12-30,1068.9920654296875,23954634,17.399999618530273,-0.01882900840205104,-0.006149885253519782,0.0026587407296438936
2024-12-31,1054.2811279296875,28397820,17.350000381469727,-0.009266785904266217,-0.014471727391040856,-0.0014782773801352844
2025-01-02,1044.473876953125,43177098,17.93000030517578,0.008347471300082843,0.020709795019877575,0.001251537494249222
2025-01-03,1054.2811279296875,30415096,16.1299991607666,0.028308254972368774,0.03487453649391803,0.0020975544231986998
2025-01-06,1103.3173828125,69289786,16.040000915527344,0.028369513260089407,0.05464749430875293,0.0012929662335154912
2025-01-07,1108.22119140625,48758688,17.81999969482422,-0.018434567487561337,-0.03904375471914101,-0.005362688493261603
2025-01-08,1083.7030029296875,45211419,17.700000762939453,-0.009573581916398899,-0.02033859913677072,-0.00034527787352645056
2025-01-09,1078.79931640625,27263215,17.700000762939453,-0.009573581916398899,-0.02033859913677072,0.005983308797275377
2025-01-10,1078.79931640625,22021522,19.540000915527344,-0.024190510223085493,0.006035092984143509,-0.0027125588031043923
2025-01-13,1054.2811279296875,56690300,19.190000534057617,-0.003460104980847145,-0.03364209592789569,0.008080683673291622
2025-01-14,1068.9920654296875,28695247,18.709999084472656,0.005161344540757673,0.000447001550719639,-0.0012629097569892833
2025-01-15,1044.473876953125,35489482,16.1200008392334,0.021347758577277887,0.026557534319022524,-0.0030888493404357398
2025-01-16,1083.7030029296875,47542962,16.600000381469727,0.0018026065315257522,0.03863627705682249,-0.004746202771525931
2025-01-17,1098.413818359375,59214050,15.970000267028809,0.028429481256493583,-0.015317355534918975,0.0014330122044485805
2025-01-20,1098.413818359375,29834528,15.970000267028809,0.028429481256493583,-0.015317355534918975,0.002040049502909147
2025-01-21,1098.413818359375,21904213,15.0600004196167,0.01294974190636533,0.034042588761292514,-0.018049163113836197
2025-01-22,1113.124755859375,42960405,15.100000381469727,0.01688017831412103,0.020576170206127564,0.008293035215003464
2025-02-03,1049.377685546875,97946226,18.6200008392334,-0.01815047046661944,-0.04548059726262044,-0.003354747105550504
2025-02-04,1073.895751953125,53308108,17.209999084472656,0.010514067454417741,0.021271292987062207,0.004843438559004598
2025-02-05,1088.6065673828125,40385340,15.770000457763672,0.023090140007079984,0.022151499248922013,-0.002891986256126744
2025-02-06,1093.5101318359375,29971252,15.5,0.00021405160561727143,0.009253399769904913,-0.0021221627178528157
2025-02-07,1103.3173828125,27883220,16.540000915527344,-0.016347281551089443,-0.02080756346662327,-0.0007860262820782449
2025-02-10,1083.7030029296875,28527108,15.8100004196167,0.014638671044946427,0.008878256986653232,0.0009726337705842081
2025-02-11,1088.6065673828125,18898928,16.020000457763672,-0.0005311592278757216,0.0037990227334319115,0.0011422745347031693
2025-02-12,1078.79931640625,24172954,15.890000343322754,0.0021298991453009286,-0.011305866637741802,-0.0018895087172872138
2025-02-13,1068.9920654296875,33210403,15.100000381469727,0.012886034810488889,-0.022046812289839735,0.0016004999541816556
2025-02-14,1039.5703125,64486940,14.770000457763672,0.0008823623827647342,0.01025617225943587,-0.007319906963362488
2025-02-17,1064.0885009765625,35491271,14.770000457763672,0.0008823623827647342,0.01025617225943587,0.0015391983887540484
2025-02-18,1078.79931640625,21616188,15.350000381469727,0.016841878196961924,-0.005689042706000791,0.0012581943498035653
2025-02-19,1068.9920654296875,26400293,15.270000457763672,0.011781960596474628,-0.008829075973424305,0.0004493902906270719
2025-02-20,1059.184814453125,29643124,15.65999984741211,0.0001770237841800526,-0.0042298660959138035,0.0007610438798688612
2025-02-21,1073.895751953125,28972910,18.209999084472656,-0.03277201441316202,-0.009295323809949685,-0.0016155224353523456
2025-02-24,1054.2811279296875,30822970,18.979999542236328,-0.025902361047843825,-0.033242539041167474,0.0024378228572174976
2025-02-25,1034.66650390625,45158522,19.43000030517578,-0.022915806679840944,-0.01189666816257362,-0.002236579215236012
2025-02-26,1039.5703125,36768449,19.100000381469727,0.020851390062708086,0.027723444443580103,0.002403748003681816
2025-02-27,1019.955810546875,55283596,21.1299991607666,-0.06092582680368519,-0.06952001963396681,-0.0008542199220611391
2025-03-03,1000.3412475585938,65621663,22.780000686645508,-0.040148923860596875,-0.04187674462454838,0.00010029005274558855
2025-03-04,980.7266235351562,64569262,23.510000228881836,0.006368806826804185,0.04064302693393884,-0.0004892272620616867
2025-03-05,1000.3412475585938,41994320,21.93000030517578,0.02090999440511143,0.02377758478978964,-0.0028611765666530786
2025-03-06,985.6302490234375,45187017,24.8700008392334,-0.04529875608924616,-0.04574547091730363,0.00019216094991714172
2025-03-07,985.6302490234375,40822280,23.3700008392334,0.03158299475460935,0.0071083533558184975,0.0017315585352613017
2025-03-10,978.7651977539062,46849886,27.860000610351562,-0.048492416731706234,-0.03642015951223554,-0.0009403841713142569
2025-03-11,952.2855224609375,50204233,26.920000076293945,-0.00704185853899475,0.0018751323947614473,0.0012063354165599005
2025-03-12,968.9579467773438,34184887,24.229999542236328,0.024450957485938618,0.036263713238425366,6.697012528866786e-05
2025-03-13,946.4011840820312,37035693,24.65999984741211,-0.006199433395782106,-0.03149525246375051,0.0011408531144070366
2025-03-14,940.5169067382812,34333748,21.770000457763672,0.032684022650291134,0.014569751774934137,0.0018871601352579148
2025-03-17,951.3048095703125,31491061,20.510000228881836,0.014173331512768339,0.012349894373207437,-0.0012860909638311435
2025-03-18,956.7239990234375,21575327,21.700000762939453,-0.016067947743103383,-0.013818930434406962,0.0009233778296404704
2025-03-19,938.0033569335938,35245036,19.899999618530273,0.009914949810780227,0.003638922651189258,0.000691720867479928
2025-03-20,970.5181884765625,28715956,19.799999237060547,-0.0071549152785587156,0.021351198558420936,0.0007308017918177256
2025-03-21,957.7092895507812,39214916,19.280000686645508,-0.009436302833543797,-0.004169690010361715,-0.0004847648711218122
2025-03-24,957.7092895507812,16121506,17.479999542236328,0.02989721556663638,0.02506651599701093,-0.00037294347691796403
2025-03-25,975.4447021484375,26167428,17.149999618530273,-0.007004437284339082,-0.0014352891137174861,0.001100854006351959
2025-03-26,965.5916748046875,21735917,18.329999923706055,-0.03273728466282244,-0.040906467760085885,0.0010299623953369252
2025-03-27,943.9151000976562,34563256,18.690000534057617,-0.02073533393257454,-0.03031699549209843,0.001307340140583202
2025-03-28,938.0033569335938,33101234,21.649999618530273,-0.029520376818979677,-0.01777237999325676,0.0006920720797163327
2025-03-31,896.620849609375,51064611,22.280000686645508,-0.0033792961674189437,0.004538702223947366,0.0022469010496022346
2025-04-01,930.1209716796875,32197752,21.770000457763672,0.0028169961013468914,0.015903579073027307,0.001606192017939545
2025-04-02,928.150390625,24849656,21.510000228881836,0.008941131828846816,0.010377051623550848,-0.0010711050560909818
2025-04-07,835.5324096679688,23820773,46.97999954223633,0.02704258919388991,-0.004291703229731825,0.0039779856690886906
2025-04-08,804.0029296875,116648736,52.33000183105469,-0.03572714421307854,-0.03283844153417548,-0.005500181172965579
2025-04-09,773.4586791992188,107582838,33.619998931884766,0.18734816328191917,0.12293969095050095,0.003050360677505859
2025-04-10,850.3118896484375,19416428,40.720001220703125,-0.07969604437323252,-0.047999821730211445,-0.01489084234874749
2025-04-11,875.9295654296875,76103586,37.560001373291016,0.025068669840898172,0.03936990086970771,0.006081981557515048
2025-04-14,852.282470703125,66326054,30.889999389648438,0.00308704018162409,-0.007893924474057123,-0.012941415741642648
2025-04-15,864.1060180664062,30562095,30.1200008392334,0.0046637262033144555,0.009560987388810505,-0.0001606647441906306
2025-04-16,842.4295043945312,42128082,32.63999938964844,-0.040955862816407396,-0.03597536171392268,0.0045493231013253865
2025-04-17,834.5470581054688,33684502,29.649999618530273,-0.00640364611156885,0.00046158981023181056,-0.0038519004653240208
2025-04-18,837.5029907226562,20101219,29.649999618530273,-0.00640364611156885,0.00046158981023181056,-0.0038519004653240208
2025-04-21,822.7235717773438,18415705,33.81999969482422,-0.02102040177994402,-0.025570070691850466,-0.0038519004653240208
2025-04-22,804.0029296875,28888527,30.56999969482422,0.021359824355082768,0.02394154626539091,0.0019087153159529358
2025-04-23,860.1648559570312,37863656,28.450000762939453,0.039631495181885246,0.04233823427829031,0.004099782822633236
2025-04-24,851.2971801757812,32238198,26.469999313354492,0.05629380708678977,0.04036488897981627,-0.0012526095055448438
2025-04-25,874.9443359375,34640282,24.84000015258789,0.010317956765157454,0.005603747662086489,-0.002987707483269153
2025-04-28,883.81201171875,21830091,25.149999618530273,-0.003760868613991275,-0.010296957518056149,0.0025712712450653985
2025-04-29,888.7384643554688,24362874,24.170000076293945,-0.009176960188136518,0.006609644764446365,-0.002862987748134538
2025-04-30,894.6502075195312,35405654,24.700000762939453,0.007944205337463428,0.01343631600583306,-0.0032134330087744134
2025-05-02,936.0327758789062,43873135,22.68000030517578,0.035169868337439514,0.037980584205363765,0.00248493598366184
2025-05-05,924.2091674804688,52770209,23.639999389648438,-0.009294784167029557,-0.016064377452381873,-0.043825255887390946
2025-05-06,906.4738159179688,37538894,24.760000228881836,-0.010325555567885392,-0.023356007005094437,-0.0502958895994855
2025-05-07,914.356201171875,36907620,23.549999237060547,0.01743358335585299,0.01311823728192274,0.028038417507629143
2025-05-08,904.5032958984375,27985917,22.479999542236328,0.010049352880049822,0.003895930448007734,0.013780265518076762
2025-05-09,935.0474243164062,36383573,21.899999618530273,0.00813915978337465,0.007419376566421665,-0.004004524059058268
2025-05-12,942.9298706054688,23402547,18.389999389648438,0.07039744224364708,0.05925664100321981,-0.0007465812307537734
2025-05-13,954.7534790039062,38047856,18.219999313354492,0.03146248038446209,0.03749064256159129,0.004850160725067942
2025-05-14,984.3123168945312,40475123,18.6200008392334,0.005957776720509678,0.003969248102015266,0.0010495309053717428
2025-05-15,978.4005737304688,24662270,17.829999923706055,-0.005700730591584824,-0.002772604767633302,-0.002803567472373425
2025-05-16,983.3270263671875,16878650,17.239999771118164,-0.0020801535747894118,0.0,-0.005692240792755765
2025-05-19,969.5328979492188,19906139,18.139999389648438,-0.004973392079574257,-0.0037071641749020223,0.001180119416830605
2025-05-20,963.6211547851562,20897857,18.09000015258789,-0.0014149828872110914,-0.0002583411210886899,-0.0018806606512049573
2025-05-21,975.4447021484375,26248757,20.8700008392334,-0.018007317460100314,-0.008736118761577871,1.6576947628355043e-05
2025-05-22,967.562255859375,18747545,20.280000686645508,-0.005671744976336823,0.023101740476871857,-0.004119872627882826
2025-05-23,969.5328979492188,22213030,22.290000915527344,-0.01530536863240417,-0.021458859456564894,0.0008260363716483532
2025-05-26,961.6505126953125,19329052,22.290000915527344,-0.01530536863240417,-0.021458859456564894,-0.0025093902970623194
2025-05-27,950.8121948242188,26355315,18.959999084472656,0.03375098671155752,0.02969066543972776,-0.0018851068666331239
2025-05-28,952.7828369140625,26471533,19.309999465942383,-0.005486407931606152,-0.0077903903541103325,0.0016646820635146664
2025-05-29,952.7828369140625,48602590,19.18000030517578,0.005390524409315756,0.005149416727074696,-0.0004938834265796332
2025-06-02,932.0916137695312,33676511,18.360000610351562,0.01570597671077656,0.007862608436889795,0.0007001895010041448
2025-06-03,936.0327758789062,26020787,17.690000534057617,0.027234809731778276,0.014216807060880354,0.0038934277980975374
2025-06-04,975.4447021484375,37233567,17.610000610351562,0.013886834334076337,0.024239587271300822,-0.0007136504799458709
2025-06-05,983.3270263671875,24414444,18.479999542236328,-0.00445631147169645,0.004644408026494462,-0.0007976061250243305
2025-06-06,980.3711547851562,13670307,16.770000457763672,0.005416198450961307,0.009048731829832901,0.00011020349999935064
2025-06-09,990.2240600585938,21674308,17.15999984741211,0.01957104451108349,0.00887031327488752,-0.0009216583404251244
2025-06-10,1029.635986328125,44877640,16.950000762939453,0.020604797773358552,0.02637681860264629,-0.0001303752620813725
2025-06-11,1049.342041015625,37178498,17.260000228881836,-0.0019018054065331746,0.0077191625219446,-0.0008323425859342315
2025-06-12,1034.005126953125,25221606,18.020000457763672,0.0031763062743852544,0.009891194551069349,-0.002723416236173337
2025-06-13,1019.1630249023438,28393455,20.81999969482422,-0.0260822553205462,-0.02009932635492051,-0.009470802353383045
2025-06-16,1014.215576171875,28580673,19.110000610351562,0.030331041422871907,0.021695814999878937,-0.0006841860324496851
2025-06-17,1034.005126953125,26517379,21.600000381469727,-0.008286959915382974,-0.008252949240451501,-0.01694628077349214
2025-06-18,1043.89990234375,37931721,20.139999389648438,0.005239653824277157,-0.0018700059479256348,0.02213760753044025
2025-06-19,1024.1103515625,24002557,20.139999389648438,0.005239653824277157,-0.0018700059479256348,-0.003555156620861588
2025-06-20,1043.89990234375,57831332,20.6200008392334,-0.007529973017705194,-0.018688523219246855,0.001001978324495223
2025-06-23,1009.2681274414062,32143872,19.829999923706055,0.006297601514684947,0.003866203939741686,-0.001295159830334014
2025-06-24,1038.952392578125,28163537,17.479999542236328,0.0376733443658972,0.04645294839171954,0.004770922482972173
2025-06-25,1058.7420654296875,38783736,16.760000228881836,0.009450737778096796,0.012040601276188667,-0.00727242575527054
2025-06-26,1063.689453125,36056692,16.59000015258789,0.008767072244792562,0.0057016398848339644,-0.003944568587657682
2025-06-27,1068.6368408203125,32549027,16.31999969482422,0.0006370655860341579,0.020356341268716882,-0.017820919230510768
2025-06-30,1048.8472900390625,32413717,16.729999542236328,0.00027949637817070716,-0.00910001995231513,0.00957698278482022
2025-07-01,1073.5843505859375,44299887,16.829999923706055,-0.007038629269337959,-0.007991631548946332,0.003835740796985343
2025-07-02,1073.5843505859375,23822731,16.639999389648438,0.018801598672265163,0.03970092759330268,0.0006608253165516498
2025-07-03,1078.5316162109375,36973556,16.3799991607666,0.006428442761257758,0.0051369784038042265,-0.008820979000624507
2025-07-04,1073.5843505859375,20363322,16.3799991607666,0.006428442761257758,0.0051369784038042265,-0.0017605120273233021
2025-07-07,1068.6368408203125,18829372,17.790000915527344,-0.018756449247931406,-0.023977896025447087,-0.0005568275052999505
2025-07-08,1068.6368408203125,27461252,16.809999465942383,0.018050244713385455,-0.005716218826455455,0.0057887679791917
2025-07-09,1078.5316162109375,23618216,15.9399995803833,0.004390897463295795,0.017466844209953702,0.0013347628020465852
2025-07-10,1088.426513671875,22350503,15.779999732971191,0.007463752853770211,-0.00897173518364136,0.003384095530795994
2025-07-11,1088.426513671875,28249780,16.399999618530273,-0.002100413179628613,0.002785488823109805,0.0012805520532523929
2025-07-14,1083.47900390625,25760632,17.200000762939453,-0.008702124343884066,-0.007508633335074677,-0.0010259100165578294
2025-07-15,1098.3212890625,45416390,17.3799991607666,0.012731221966429507,0.0362094307272518,0.004556208285113161
2025-07-16,1118.11083984375,31013743,17.15999984741211,-0.003917018799897143,0.0025743652281933205,0.0014311890542244576
2025-07-17,1118.11083984375,30648595,16.520000457763672,0.007273288039830517,0.033844126419426024,0.00043893272951911477
2025-07-18,1142.8477783203125,46645034,16.40999984741211,-0.0008749275680647317,-0.02117270927078274,7.486413359902855e-05
2025-07-21,1137.900390625,26749324,16.649999618530273,0.001186160001621639,-0.006447526898628375,-0.0008570458320372731
2025-07-22,1118.11083984375,50457506,16.5,-0.0175470626489026,-0.01779362801666262,-0.0015113747849135883
2025-07-23,1132.9530029296875,29747757,15.369999885559082,-0.00016314403141370892,0.02442458858085983,0.0022295619800545285
2025-07-24,1132.9530029296875,15055463,15.390000343322754,0.001167137846462607,0.005284394950451299,-0.005605654715466812
2025-07-25,1132.9530029296875,22476546,14.930000305175781,0.0002639348701130029,0.01655630784473283,0.005363622959012604
2025-07-28,1132.9530029296875,20606376,15.029999732971191,0.01616055597985966,-0.011604286607228897,0.0027559243417745183
2025-07-29,1123.05810546875,31763255,15.979999542236328,0.0004688677834554511,-0.005849656986751106,0.006277126261405197
2025-07-30,1142.8477783203125,34182363,15.479999542236328,0.008280753273688157,0.0065471109131165495,0.0010959038727660353
2025-07-31,1147.795166015625,33230751,16.719999313354492,-0.03099878834983305,-0.005310703461962274,0.0046648917126204115
2025-08-04,1123.05810546875,23939021,17.520000457763672,0.017512142745777615,0.016113271376897442,-0.0030428543721531254
2025-08-05,1137.900390625,17012960,17.850000381469727,-0.011151429767982668,-0.02732216331306958,0.0023176060718361757
2025-08-06,1113.1634521484375,22023406,16.770000457763672,-0.0020479632699319517,-0.004731857752552582,0.001783585840453794
2025-08-07,1167.5845947265625,61370031,16.56999969482422,0.015026285707046672,0.048623419771952836,-0.0007582910609321702
2025-08-08,1162.6373291015625,25958258,15.149999618530273,0.007866912097244105,-0.0032561184887859307,-0.003563459079548914
2025-08-11,1167.5845947265625,35579367,16.25,-0.0013472834399026468,0.0010751709530090192,0.001439209000700048
2025-08-12,1167.5845947265625,28917167,14.729999542236328,0.029930978587810575,0.009087462607636043,0.003249476487076741
2025-08-13,1187.374267578125,37809952,14.489999771118164,0.008993015678937955,-0.011666389864556814,-0.0023340628022624488
2025-08-14,1162.6373291015625,32991791,14.829999923706055,-0.0012082301512297278,-0.0018223855266876754,0.0020617018015440802
2025-08-15,1167.5845947265625,22231552,15.09000015258789,-0.022555470269011058,-0.008796656276873205,0.004652728781409321
2025-08-18,1167.5845947265625,18219895,14.989999771118164,0.004097147317362104,0.010590997301139993,-0.002992125774545329
2025-08-19,1172.5321044921875,17867547,15.569999694824219,-0.018143121111172444,-0.036079647899931566,0.0012037876283805815
2025-08-20,1123.05810546875,66982023,15.6899995803833,-0.0071744461506302315,-0.017619197795371244,0.002737679299698925
2025-08-21,1137.900390625,23424804,16.600000381469727,-0.00489450194716079,-0.005555616900106641,0.005739473988298771
2025-08-22,1123.05810546875,19205763,14.220000267028809,0.02698432727322153,0.024897761262442808,0.007790624202977492
2025-08-25,1157.68994140625,25103514,14.789999961853027,0.00031972483299713694,0.011159182796613765,-0.004872876866823028
2025-08-26,1162.6373291015625,35508897,14.619999885559082,0.008967586633598312,0.013285858080824609,0.002525750082704059
2025-08-27,1177.4794921875,21952558,14.850000381469727,0.002873652121715642,0.002387706762813746,0.0033701253722726587
2025-08-28,1147.795166015625,19975237,14.430000305175781,0.0048827204008181635,-0.004262587755470615,0.0009297408164834486
2025-08-29,1147.795166015625,19522740,15.359999656677246,-0.0314553727415412,-0.031057210613732344,-0.002688503744142423
2025-09-01,1152.7425537109375,22018940,15.359999656677246,-0.0314553727415412,-0.031057210613732344,0.002220177645487098
2025-09-02,1147.795166015625,14037411,17.170000076293945,-0.011197857293404834,-0.010741915296557547,0.002120392800051274
2025-09-03,1147.795166015625,19511981,16.350000381469727,-0.002254968692459669,0.013135371857072142,0.0038758813655075386
2025-09-04,1147.795166015625,24333323,15.300000190734863,0.01341721017679709,0.016508926922743417,-0.0007155659478953469
2025-09-05,1167.5845947265625,27133819,15.180000305175781,0.016503590653059508,0.034862421101475416,-0.0009113950204554522
2025-09-08,1167.5845947265625,27281959,15.109999656677246,0.008367751198435025,0.015529409771012581,-0.007004631226877445
2025-09-09,1187.374267578125,31329096,15.039999961853027,0.0017591912510932506,0.015089570997558255,-0.004852509178164821
2025-09-10,1212.111328125,39665156,15.350000381469727,0.023756667079452454,0.03794042461938063,0.0006758799645232294
2025-09-11,1226.9534912109375,30345708,14.710000038146973,0.006260444865207493,-0.005874701480938271,-0.003782383940657219
2025-09-12,1246.7430419921875,26492972,14.760000228881836,0.0010591633757675023,0.0016221977140851163,0.0017595008979807147
2025-09-15,1241.795654296875,24589707,15.6899995803833,0.009678833385238894,0.00790496145982611,-0.000168380656651812
2025-09-16,1271.5987548828125,40130070,16.360000610351562,0.003199782249463601,0.005764539631195165,-0.0029982346654272574
2025-09-17,1256.697265625,29283972,15.720000267028809,-0.0031254008455898763,0.0027857149381065316,-0.0048651948491017505
2025-09-18,1276.5660400390625,24191307,15.699999809265137,0.035962379860790206,0.022261176946463346,0.001304608418786879
2025-09-19,1256.697265625,44913316,15.449999809265137,-0.00731267682050063,-0.014033812374720567,0.0008010681923562579
2025-09-22,1286.5003662109375,28859955,16.100000381469727,0.015703817591961267,0.029297451101016447,0.0035037367829144905
2025-09-23,1331.2049560546875,33953781,16.639999389648438,-0.003461254422409743,0.0369732385325241,5.624330335418648e-05
2025-09-24,1331.2049560546875,44737182,16.18000030517578,-0.0017770430925596603,-0.00707450607515081,0.0018631834557791827
2025-09-25,1311.336181640625,25861812,16.739999771118164,-0.0019580876806415404,-0.01442768029735797,0.0029761291609058382
2025-09-26,1291.4674072265625,25793295,15.289999961853027,0.0032427928699267916,-0.011928083443011328,0.006501132916399088
2025-09-30,1296.4345703125,36642789,16.280000686645508,0.00866334270059288,0.022179118028446965,0.00046643707979932003
2025-10-01,1316.3033447265625,33837323,16.290000915527344,0.02048094993856453,0.03286901736627934,-0.0005285909728485194
2025-10-02,1356.040771484375,29593487,16.6299991607666,0.019399180008252248,-0.001247999339619832,0.0001609605957935134
2025-10-03,1390.8111572265625,31032341,16.649999618530273,-0.006434833075009583,0.014161275734339451,0.0005517760856561527
2025-10-07,1425.5814208984375,38395572,17.239999771118164,-0.02056378180350349,-0.027678557294484762,0.0029750124162626346
2025-10-08,1405.7127685546875,23064494,16.299999237060547,0.03397868764676559,0.035676569258393576,0.000858699164537402
2025-10-09,1430.548583984375,39052134,16.43000030517578,-0.0029153668159226376,-0.015236985626907451,-0.0003831349420129193
2025-10-13,1405.7127685546875,53850992,19.030000686645508,0.04929616586138663,0.0792062526090258,0.0026714343990570377
2025-10-14,1415.64697265625,39889256,20.809999465942383,-0.02277694878169534,-0.02294569763736931,0.0008478417882813449
2025-10-15,1455.384521484375,41056405,20.639999389648438,0.02994217613567618,0.02963445546583099,-0.0002313105345168598
2025-10-16,1475.2532958984375,37737678,25.309999465942383,0.004870647024278085,-0.01598247712080969,-0.002414963299084749
2025-10-17,1440.48291015625,38077331,20.780000686645508,-0.0032411726729032475,-0.015875169925897326,6.860517943563238e-05
2025-10-20,1470.2861328125,33015553,18.229999542236328,0.015793762300268188,0.008879007725831833,0.0003266778205262
2025-10-21,1470.2861328125,34601251,17.8700008392334,-0.0066462698133354925,-0.01071542729821462,-0.0008033787001248127
2025-10-22,1450.4173583984375,27360948,18.600000381469727,-0.02364290265638358,-0.01911658458607568,0.002614607328592866
2025-10-23,1440.48291015625,23570046,17.299999237060547,0.02543145440188166,0.006404074269330762,0.0022101202829689637
2025-10-27,1470.2861328125,32851952,15.789999961853027,0.027381637317633878,0.011154121526710803,0.001894395419437922
2025-10-28,1465.3189697265625,28381919,16.420000076293945,0.0037290813508943366,0.01099743532416797,-0.007530777372024122
2025-10-29,1495.1219482421875,30631103,16.920000076293945,0.01851641213711841,0.011806442847700271,-0.0018953750952860338
2025-10-30,1495.1219482421875,27867757,16.90999984741211,-0.01527445992200882,-0.006129392337233641,0.003997594261948789
2025-10-31,1490.15478515625,31928423,17.440000534057617,0.001754456243070912,-0.009201201702040196,0.002135980229634127
2025-11-03,1500.089111328125,29118770,17.170000076293945,0.005853098316866978,0.014745467957482328,0.0016628250572858772
2025-11-04,1495.1219482421875,33925673,19.0,-0.04007723618920944,-0.03545892694762087,0.003940632008074152
2025-11-05,1450.4173583984375,56305422,18.010000228881836,0.03018813488782368,-0.001394210228953141,0.0005145621648123822
2025-11-06,1455.384521484375,27411394,19.5,-0.02390451017077455,-0.014984440585273928,-0.0008441462583944626
2025-11-07,1450.4173583984375,20329390,19.079999923706055,-0.010120593477111584,-0.0094729982946693,0.002780553192774038
2025-11-10,1465.3189697265625,25281744,17.600000381469727,0.030168342529511616,0.030610677636720096,-0.00038733360616827195
2025-11-11,1455.384521484375,22444166,17.280000686645508,-0.024766135736991934,-0.013885431910210522,0.0
2025-11-12,1465.3189697265625,23642502,17.510000228881836,0.014675370665460763,-0.001888996877738136,-8.074886659015235e-05
2025-11-13,1450.4173583984375,21255597,20.0,-0.03719073962152486,-0.02897237905077865,0.003223070095614844
2025-11-14,1420.6141357421875,26861702,19.829999923706055,-0.0011057818311495105,0.009284038693299301,0.001957261013469047
2025-11-17,1435.5157470703125,26602730,22.3799991607666,-0.015483315408946319,-0.009865865089369374,-0.018326170463155322
2025-11-18,1395.7783203125,42198432,24.690000534057617,-0.02307134541622602,-0.014538426450643516,0.020307929943259806
2025-11-19,1385.843994140625,35591948,23.65999984741211,0.018165083033149676,0.016048331157736406,-0.0023030738201144096
2025-11-20,1445.4501953125,25964403,26.420000076293945,-0.0476699461890111,-0.017246947899663745,0.002565641148130293
2025-11-21,1375.9095458984375,54518246,23.43000030517578,0.008557895783078306,-0.008792837367839312,0.005422820276357987
2025-11-24,1365.9752197265625,79134658,20.520000457763672,0.046323773363386334,0.03482892721830333,-0.00043059997457040033
2025-11-25,1405.7127685546875,27427405,18.559999465942383,0.0016380206690571608,0.0001404725288882691,0.0027920716971145954
2025-11-26,1430.548583984375,29213211,17.190000534057617,0.027595295375684614,0.018547099331712058,-0.0012091894024681693
2025-11-27,1425.5814208984375,22039774,17.190000534057617,0.027595295375684614,0.018547099331712058,-0.0044348084794223475
2025-11-28,1430.548583984375,23152513,16.350000381469727,0.01821735934665414,0.005345636594497716,0.002105664976116417
2025-12-01,1400.74560546875,30559208,17.239999771118164,-0.0006576538937566045,-0.01313860606750894,0.0019863050869839416
2025-12-02,1420.6141357421875,23544477,16.59000015258789,0.018366196516981237,0.015329548546699323,0.000608734112671927
2025-12-03,1440.48291015625,20301540,16.079999923706055,0.01832856796985949,0.011503460482797268,0.0001911236723253218
2025-12-04,1435.5157470703125,20696944,15.779999732971191,-0.008864702178681738,-0.008529502827709368,-0.002780117606670518
2025-12-05,1450.4173583984375,21072604,15.40999984741211,0.010929871736999441,0.006110734687703401,0.0016062935130458644
2025-12-08,1485.1876220703125,24257260,16.65999984741211,0.01101879860496413,0.024260226204434465,-0.002901310503285237
2025-12-09,1470.2861328125,24235825,16.93000030517578,-0.00036750756449210886,0.00510159063582738,-0.003494935499670837
2025-12-10,1495.1219482421875,23319221,15.770000457763672,0.01288305770619047,0.022181317642156584,-0.00043961550810267536
2025-12-11,1465.219482421875,28924982,14.850000381469727,-0.007500545986443896,-0.014403332084012899,-0.0023755066327988406
2025-12-12,1475.18701171875,22107664,15.739999771118164,-0.05098983701580462,-0.04202060463058077,0.0033175603858714986
2025-12-15,1445.2845458984375,25889058,16.5,-0.006136239356029138,-0.014724063831976775,0.00449008499969894
2025-12-16,1430.3333740234375,32168064,16.479999542236328,-0.004573439058531692,-0.003023557006142541,0.0002745306503300071
2025-12-17,1425.349609375,30535812,17.6200008392334,-0.037814493626185275,-0.034545325170532215,0.004478345884427748
2025-12-18,1425.349609375,30534136,16.8700008392334,0.025139959575539494,0.027874046235084382,0.00518285581531619
2025-12-19,1425.349609375,38763280,14.90999984741211,0.029756883436626858,0.014999384015492279,-0.0037303888670811025
2025-12-22,1460.2357177734375,22661665,14.079999923706055,0.010993369394593389,0.014985210834182583,-0.00032362001212404845
2025-12-23,1485.1544189453125,20739075,14.0,0.0054537588747178845,0.012513780633703009,0.0008982802507242482
2025-12-24,1490.13818359375,12987261,13.470000267028809,0.002760104059158053,0.006229853767608873,-0.0013541653938790033
2025-12-26,1505.0894775390625,18823612,13.600000381469727,0.0004538938835816353,0.013520777142285834,0.002562756491433227
2025-12-29,1525.0244140625,21124648,14.199999809265137,-0.004074858987184515,-0.006339903170881289,-0.00602469435943731
2025-12-30,1515.056884765625,20325400,14.329999923706055,-0.0012774556891911315,-0.004453138665939882,-0.001982110917127744
2025-12-31,1544.9593505859375,29695967,14.949999809265137,-0.011991772143320478,0.014386989221531366,-0.0023692492856227654
2026-01-02,1579.8455810546875,37512761,14.510000228881836,0.04014331753554501,0.05172908294635348,0.001917140625415037
2026-01-05,1664.569091796875,66871820,14.899999618530273,0.010720094980448458,0.008260120694568274,0.0017633995608958841
2026-01-06,1699.455322265625,46751692,14.75,0.02746006151998026,0.016074448397346286,0.003695945317161664
2026-01-07,1669.5528564453125,49857449,15.380000114440918,-0.009941282542940355,-0.02672323727334258,0.000556001467722611
2026-01-08,1679.5203857421875,29215618,15.449999809265137,-0.018319788641178003,-0.0021024349563686373,-0.0013653985571981941
2026-01-09,1674.53662109375,37387656,14.489999771118164,0.027256180637466265,0.01767242909938549,0.00304299038122946
2026-01-12,1684.5040283203125,29987449,15.119999885559082,0.004720656912223342,0.025152176236015178,0.0015374978232687297
2026-01-13,1704.4390869140625,30171800,15.979999542236328,0.009531194411121158,-0.0016879607323825319,-0.0007406428934867426
2026-01-14,1704.4390869140625,29100816,16.75,-0.006004140186555484,-0.012378826405095356,0.0014887274555150931
2026-01-15,1684.5040283203125,36391886,15.84000015258789,0.017636838948224876,0.04441938352764274,-0.00335893987830016
2026-01-16,1734.3414306640625,53551629,15.859999656677246,0.011497627219594797,0.0022245006988907967,0.0016978112646923726
2026-01-19,1754.2763671875,29580038,15.859999656677246,0.011497627219594797,0.0022245006988907967,0.0013876592712758207
2026-01-20,1769.2276611328125,29401234,20.09000015258789,-0.0168050109957687,-0.04450933601066909,-0.0018666165410358149
2026-01-21,1734.3414306640625,45192749,16.899999618530273,0.031803161672472324,-0.003178876165360278,0.004225198331249791
2026-01-22,1754.2763671875,32069478,15.640000343322754,0.0016289460229255148,0.003832953603947642,-0.0013351674979606987
2026-01-23,1764.243896484375,27601167,16.09000015258789,-0.01207171878890867,0.022909815522274224,-0.001769903822365304
2026-01-26,1749.292724609375,22960198,16.149999618530273,-0.003881679788138803,-0.006450264467240396,-0.006750241196508577
2026-01-27,1774.21142578125,28985200,16.350000381469727,0.023986271771277323,0.016921693361432233,0.002221819049822882
2026-01-28,1814.081298828125,29301156,16.350000381469727,0.023352944555712796,0.011704142336177448,-0.01050238363220013
2026-01-29,1799.130126953125,32224002,16.8799991607666,0.001643173336035808,-0.008033906933492596,0.005120485824171128
2026-01-30,1769.2276611328125,40825139,17.440000534057617,-0.03869042763570618,-0.026476168330012095,0.0029453572698179276
2026-02-02,1759.2601318359375,28251381,16.34000015258789,0.01700575433522533,0.0326718298465174,0.007056381660207167
2026-02-03,1794.1463623046875,26744162,18.0,-0.020672488552433643,-0.01643426803800596,-0.00018679128920895405
2026-02-04,1779.195068359375,26952301,18.639999389648438,-0.04357965568465527,-0.029813848254780728,-0.0001235239417486378
2026-02-05,1759.2601318359375,26299986,21.770000457763672,-0.0005932438009643715,0.01531897838527696,0.0026573312511892766
2026-02-06,1774.21142578125,33263592,20.3700008392334,0.05699284177279029,0.05478791391692117,-0.0002622091433629459
2026-02-09,1809.0975341796875,36529289,17.360000610351562,0.014158943928058276,0.01880463693428469,-0.002331814588317105
2026-02-10,1873.88623046875,41859169,17.790000915527344,-0.006793219151515761,0.018288692040738352,-0.00043710449322398315
2026-02-11,1908.7723388671875,40488310,17.649999618530273,0.022786173580571,0.03365479584202058,-0.002613923188501621
2026-02-23,1893.8211669921875,69816209,21.010000228881836,-0.005684936284309439,-0.0013493849966029758,-0.0021533548382927092
2026-02-24,1958.6097412109375,40961679,19.549999237060547,0.014473788559009604,0.04245480258696266,-0.0024182185904723097
2026-02-25,2008.4471435546875,40832607,17.93000030517578,0.016212714109510307,0.005132911132305962,-0.0018355200278042938
2026-02-26,1988.51220703125,58561388,18.6299991607666,-0.031906957819069603,-0.028163919201776633,-0.0034419943738348557
2026-03-02,1968.5772705078125,48884884,21.440000534057617,0.004814517678193075,-0.014603078429392458,0.004102837192432096
2026-03-03,1928.707275390625,43090471,23.56999969482422,-0.04577405776897203,-0.043293223370182154,0.005099596730266498
2026-03-04,1858.9349365234375,68160943,21.149999618530273,0.0192662475033758,0.012205115761102725,0.0063104298674527826
2026-03-05,1893.8211669921875,48120463,23.75,-0.011715263046032542,-0.010015682788651059,-0.0032772450369655814
2026-03-06,1883.8536376953125,30082724,29.489999771118164,-0.03925197659474111,-0.042304814021427384,0.00872272824550624
2026-03-09,1804.11376953125,76459172,25.5,0.039343963829421735,0.02894745991459824,-0.0032470342924506568
2026-03-10,1843.9837646484375,41375691,24.93000030517578,0.00700607081941218,-0.004617215793161655,-9.416103239789919e-06
2026-03-11,1933.6910400390625,36167313,24.229999542236328,0.0062872157442566134,0.02152178105040381,-0.0008836226453298179
2026-03-12,1878.869873046875,34040589,27.290000915527344,-0.034291175436125476,-0.05034406575900929,0.0011834075149077528
2026-03-13,1858.9349365234375,31214304,27.190000534057617,0.0004540282211726865,0.004751819867662377,0.0026499563387061276
2026-03-16,1839.0,31249086,23.510000228881836,0.019564160857770574,0.005675379064193464,0.008380462709563163
2026-03-17,1870.0,23812211,22.3700008392334,0.005206335686146701,0.019765715350204216,-0.006781109201310698
2026-03-18,1905.0,23068156,25.09000015258789,-0.005321053907867412,-0.018527092486746777,-0.0018782115046350745
2026-03-19,1850.0,31040569,24.059999465942383,0.008745193845365984,-0.0022970190607916052,0.004585233777771203
2026-03-20,1840.0,46312322,26.780000686645508,-0.024504971982803325,-0.028188606717073794,-0.0071524381885594845
2026-03-23,1810.0,34902948,26.149999618530273,0.013365302284764402,0.027973582328501223,0.006905285819817086
2026-03-24,1810.0,27001025,26.950000762939453,0.01281080846792304,0.01418226509039866,-0.0049873146018064585
2026-03-25,1845.0,40964040,25.329999923706055,0.012072086935002835,0.013109978150036339,0.0020024107948439784
2026-03-26,1840.0,20958470,27.440000534057617,-0.04792819589124908,-0.062228654632458635,0.00031634010450520833
2026-03-27,1820.0,28974140,31.049999237060547,-0.016899866901495364,0.0019318785413249273,-0.00018472719949447214
2026-03-30,1780.0,39889700,30.610000610351562,-0.042283963631192356,-0.031339874335644446,0.0014719379020335932
2026-03-31,1760.0,49221091,25.25,0.06242642279346322,0.06777255041716024,0.001938961860005195
2026-04-01,1855.0,35537379,24.540000915527344,0.028216159006125396,0.010474856929950649,-0.0031555578204207624
2026-04-02,1810.0,25132417,23.8700008392334,0.003983445657964824,-0.00717438800408654,0.0020069684313648306
2026-04-07,1860.0,17953562,25.780000686645508,0.01108628548895263,0.010416659225387814,-0.0015330159053532633
2026-04-08,1950.0,46515921,21.040000915527344,0.06335057881544848,0.059596855484087774,-0.0006266985661774749
2026-04-09,1955.0,31835073,19.489999771118164,0.020986021863915072,-0.0011205347607230465,-0.005443006460909006
2026-04-10,2000.0,28637625,19.229999542236328,0.023050705663548277,0.013981274469004656,0.0001702281183058041
2026-04-13,1990.0,28968757,19.1200008392334,0.016838280575613762,-0.0027792735087250886,0.001298647737427494
2026-04-14,2055.0,39113405,18.360000610351562,0.020421504184965578,0.02792436377328955,-0.0039601185393721705
2026-04-15,2080.0,40343568,18.170000076293945,0.0016445928372867957,-0.012608935113376685,-0.003925227774549067
2026-04-16,2085.0,32038524,17.940000534057617,0.009747455695376939,-0.031324979495621186,0.00222101387770568
2026-04-17,2030.0,39260244,17.479999542236328,0.02428146472395687,0.019677979293737602,-0.0009180779659778704
2026-04-20,2025.0,25407621,18.8700008392334,0.0045343891568723205,-0.01149800206646423,-0.0028518965390006423
2026-04-21,2050.0,25783476,19.5,0.005000411512544156,0.005024018094564431,-0.0015571306004650287
2026-04-22,2050.0,24762881,18.920000076293945,0.027164285982538505,0.052597306496966034,0.0020051473340130244
2026-04-23,2080.0,48682193,19.309999465942383,0.01708509196526453,-0.012337390948730875,-0.0004828048118112882
