Date,Close,Volume,VIX_Close,RSI_14,MACD,MACD_Signal,Next_Day_Return,Target_Up
2021-01-21,611.2078857421875,89019137,21.31999969482422,92.02457174875597,24.948953419594204,15.877243974621491,-0.035661067522266277,0
2021-01-22,589.4115600585938,125179403,21.90999984741211,80.21396601183541,26.050758832723545,17.9119469462419,-0.024653411714440132,0
2021-01-25,574.8805541992188,93050133,23.190000534057617,73.09646877975968,25.457953388897863,19.421148234773096,-0.02527635294483621,0
2021-01-26,560.3496704101562,100153482,23.020000457763672,66.50487242309663,23.544226731628896,20.245763934144257,-0.0032415585230387567,0
2021-01-27,558.5332641601562,59985191,37.209999084472656,63.020845001008084,21.63165945904916,20.522943039125238,-0.022764374944883148,0
2021-01-28,545.818603515625,96447533,30.209999084472656,55.49736138194762,18.872419755794112,20.192838382459016,-0.01663883761176166,0
2021-01-29,536.73681640625,90745237,33.09000015258789,51.77663797058979,15.771078911119503,19.308486488191114,0.03384085961444172,1
2021-02-01,554.9004516601562,67462398,30.239999771118164,54.76189790417159,14.610477028439618,18.368884596240814,0.034370277519996995,1
2021-02-02,573.9725341796875,78429188,25.559999465942383,56.22126337996849,15.056092084554052,17.706326093903463,-0.003164941259889753,0
2021-02-03,572.1559448242188,48738970,22.90999984741211,59.22327974939498,15.08872818181942,17.182806511486657,-0.004761684806697697,0
2021-02-04,569.4315185546875,46371900,21.770000457763672,56.50002587416018,14.725013305676498,16.691247870324627,0.007974647480922581,1
2021-02-05,573.9725341796875,53267273,20.8700008392334,56.28144352214053,14.634491349374457,16.279896566134596,0.04905015607244856,1
2021-02-17,602.1259765625,107614290,21.5,58.57138559634196,16.642653410166872,16.35244793494105,-0.004524475450754739,0
2021-02-18,599.4016723632812,53109010,22.489999771118164,53.36793212007757,17.809016474267082,16.643761642806258,-0.012121564503665083,0
2021-02-19,592.135986328125,50279585,22.049999237060547,43.999990783219,17.940283049042364,16.90306592405348,-0.0030673430117807987,0
2021-02-22,590.3197021484375,36474610,23.450000762939453,50.32678216967196,17.693790795013115,17.061210898245406,-0.013846236242733734,0
2021-02-23,582.14599609375,50076333,23.110000610351562,52.73971373136596,16.646997910200184,16.97836830063636,-0.02496089277701119,0
2021-02-24,567.6151123046875,66206750,21.34000015258789,52.73971373136596,14.477992835960663,16.478293207701224,0.015999688595654593,1
2021-02-25,576.69677734375,43231417,28.889999389648438,56.49345463543255,13.33810182266734,15.850254930694447,-0.04566888216243681,0
2021-02-26,550.3596801757812,111861175,27.950000762939453,51.479345708503615,10.192058641329822,14.718615672821523,0.004950486814320421,1
2021-03-02,553.084228515625,54041533,24.100000381469727,55.55560625960899,7.828404066066241,13.340573351470468,0.02134636071779661,1
2021-03-03,564.8905639648438,48252965,26.670000076293945,53.54842989597389,6.829141297167098,12.038286940609794,-0.033762221686545524,0
2021-03-04,545.818603515625,67711962,28.56999969482422,39.99987859562892,4.447008193993042,10.520031191286444,0.0,0
2021-03-05,545.818603515625,79918467,24.65999984741211,40.52281954634564,2.5299864385832507,8.922022240745806,-0.004991450001856301,0
2021-03-08,543.0941772460938,43219772,25.469999313354492,40.52281954634564,0.7818814128313534,7.2939940751629155,-0.005016939095116801,0
2021-03-09,540.3695068359375,68768861,24.030000686645508,37.74819522703198,-0.8139794966200498,5.672399360806323,0.0033614151557805894,1
2021-03-10,542.1859130859375,40146301,22.559999465942383,22.95074020252143,-1.910123249077742,4.15589483882951,0.020100698241416914,1
2021-03-11,553.084228515625,54416046,21.90999984741211,30.534306500440934,-1.8777762601840777,2.9491606190267925,0.008210019894651532,1
2021-03-12,557.6250610351562,33168846,20.690000534057617,35.15622497824995,-1.4688023640776464,2.065568022405905,-0.004886095631968401,0
2021-03-15,554.9004516601562,27416758,20.030000686645508,34.883653082223006,-1.3489904883351755,1.382656320257689,0.003273611176343172,1
2021-03-16,556.7169799804688,36949425,19.790000915527344,38.5246339624055,-1.09483943206385,0.8871571697933812,-0.010647114085556852,0
2021-03-17,550.78955078125,39517807,19.229999542236328,41.76789937647818,-1.3560847864092693,0.43850877855285114,-0.0033114527529283233,0
2021-03-18,548.9656372070312,29415526,21.579999923706055,35.394988842450005,-1.6908076165444754,0.012645499533385837,-0.018272334567417614,0
2021-03-19,538.9347534179688,70866028,20.950000762939453,42.73508718547405,-2.73397084707085,-0.5366777697874614,0.0033839541005358242,1
2021-03-22,540.7584838867188,34089033,18.8799991607666,42.07144085450744,-3.3746248410351427,-1.1042671840369978,0.001686383656853252,1
2021-03-23,541.67041015625,29374037,20.299999237060547,32.62891140465831,-3.765358212628257,-1.6364853897552498,-0.03030267519184815,0
2021-03-24,525.25634765625,107253959,21.200000762939453,33.980226117654226,-5.337962185100082,-2.3767807488242165,-0.0017365032884798515,0
2021-03-25,524.34423828125,67833354,19.809999465942383,33.50405839284643,-6.581988698460009,-3.2178223387513754,0.02608703952202207,1
2021-03-26,538.0228271484375,36829858,18.860000610351562,46.66551623117333,-6.390475445180414,-3.8523529600371833,0.015254398031711025,1
2021-03-29,546.2300415039062,37884733,20.739999771118164,53.59424914148134,-5.51289695975106,-4.184461759979959,-0.003338982480789565,0
2021-03-30,544.4061889648438,33099123,19.610000610351562,51.36156448351728,-4.908002941978111,-4.32916999637959,-0.016750394722783724,0
2021-03-31,535.2871704101562,38790886,19.399999618530273,38.8426273493324,-5.105594545612689,-4.48445490622621,0.025553511372959026,1
2021-04-01,548.9656372070312,43091157,17.329999923706055,45.12926287341768,-4.111059623973347,-4.409775849775637,0.013289152528842552,1
2021-04-07,556.2609252929688,24603109,17.15999984741211,50.72781391995549,-2.7030556115715854,-4.068431802134827,0.004918157440508386,1
2021-04-08,558.9967041015625,23976625,16.950000762939453,51.20770791258692,-1.3508757469068087,-3.5249205910892236,-0.004894087547422599,0
2021-04-09,556.2609252929688,27303862,16.690000534057617,52.99996586498463,-0.49431973798982654,-2.9188004204693443,-0.008196929067514125,0
2021-04-12,551.7012939453125,22606128,16.90999984741211,51.45627787319294,-0.18132685004195537,-2.3713057063838665,0.0,0
2021-04-13,551.7012939453125,25971622,16.649999618530273,57.60860154975144,0.06596190091488552,-1.883852184924116,0.011570543619844331,1
2021-04-14,558.0847778320312,30077913,16.989999771118164,59.79382439192686,0.7681787320761941,-1.3534460015240541,0.011437978726464237,1
2021-04-15,564.4681396484375,33530942,16.56999969482422,62.135923591878324,1.8188084884876616,-0.718995103521711,-0.014539730020157293,0
2021-04-16,556.2609252929688,48507383,16.25,68.08484277996885,1.9665177395021374,-0.18189253491694138,-0.01147548124658282,0
2021-04-19,549.8775634765625,24231637,17.290000915527344,63.99990897371884,1.5506198540650757,0.16460994287946207,-0.0016584169460663878,0
2021-04-20,548.9656372070312,34771635,18.68000030517578,56.97666364439394,1.1343567957792402,0.3585593134594177,-0.016611385069999707,0
2021-04-21,539.8465576171875,38458220,17.5,45.976943404790575,0.06784968259592006,0.3004173872867182,-0.0016890062302949982,0
2021-04-22,538.9347534179688,33868521,18.709999084472656,46.51164057647976,-0.8412425465605793,0.07208540051725869,0.01861242706180266,1
2021-04-23,548.9656372070312,27754511,17.329999923706055,58.62058619432208,-0.7437230215977024,-0.09107628390573352,0.013289152528842552,1
2021-04-26,556.2609252929688,30887664,17.639999389648438,55.0,-0.0768830561919458,-0.08823763836297599,0.0,0
2021-04-27,556.2609252929688,26317481,17.559999465942383,50.0,0.4464460683418565,0.018699102977990514,-0.013114867060085578,0
2021-04-28,548.9656372070312,24024054,17.280000686645508,42.857105604218226,0.2694137565674737,0.06884203369588715,-0.0033218989948359257,0
2021-04-29,547.1420288085938,31828333,17.610000610351562,43.42117778020454,-0.017830049473786858,0.05150761706195235,-0.020000167329010665,0
2021-05-03,536.1990966796875,41762441,18.309999465942383,39.75917605050012,-1.115615878741096,-0.1819170820986573,0.005101942086850331,1
2021-05-04,538.9347534179688,40273595,19.479999542236328,41.86055380314531,-1.7447618925920096,-0.4944860441973278,-0.010152428558987125,0
2021-05-05,533.4632568359375,29254785,19.149999618530273,34.11758684362832,-2.6542718941176418,-0.9264432141813906,0.00341900505957371,1
2021-05-06,535.2871704101562,30725590,18.389999389648438,30.00000836642954,-3.1911054632486184,-1.3793756639948362,0.020442991535487787,1
2021-05-07,546.2300415039062,28075722,16.690000534057617,43.3735406112861,-2.70240010436828,-1.6439805520695252,-0.016694465448258033,0
2021-05-10,537.1110229492188,20434079,19.65999984741211,41.86054113371131,-3.016157783632366,-1.9184159983820934,-0.0305605880527412,0
2021-05-11,520.6965942382812,59349193,21.84000015258789,34.95147145211348,-4.5370202752828845,-2.4421368537622516,-0.01926412008402678,0
2021-05-12,510.66583251953125,131741482,27.59000015258789,34.61548115135231,-6.477049996729534,-3.249119482355708,-0.02321427354878225,0
2021-05-13,498.81109619140625,66765627,23.1299991607666,31.03454244787129,-8.86888073917521,-4.373071733719609,0.018281262293483147,1
2021-05-14,507.92999267578125,37533726,18.809999465942383,30.43478766968616,-9.914319000295905,-5.481321187034868,-0.014362362073678914,0
2021-05-17,500.6349182128906,56270958,19.719999313354492,23.478256061614445,-11.202354130688832,-6.6255277757656605,0.04189400605493332,1
2021-05-18,521.6085205078125,43689316,21.34000015258789,36.23181200892424,-10.410728432903852,-7.382567907193299,-0.008740896654518382,0
2021-05-19,517.0491943359375,28908777,22.18000030517578,37.037041627705655,-10.03557502033982,-7.913169329822604,0.0,0
2021-05-20,517.0491943359375,29709287,20.670000076293945,37.593931043090016,-9.627285879210376,-8.255992639700159,0.010581686426246462,1
2021-05-21,522.5204467773438,27376731,20.149999618530273,44.09440996538508,-8.761235378678066,-8.35704118749574,-0.008725875265375715,0
2021-05-24,517.9609985351562,15629736,18.399999618530273,41.0852272756753,-8.346579314917904,-8.354948812980174,0.026408294901660634,1
2021-05-25,531.6394653320312,33039911,18.84000015258789,49.27536337322097,-6.8354288730198505,-8.051044824988109,0.0034305043602569363,1
2021-05-26,533.4632568359375,18703987,17.360000610351562,49.275314168756275,-5.428094829933116,-7.526454825977111,-0.005128221556745083,0
2021-05-27,530.7275390625,62169719,16.739999771118164,43.41073426159795,-4.4818579538296035,-6.91753545154761,0.013745825398139733,1
2021-05-28,538.0228271484375,29086873,16.760000228881836,50.393661156798295,-3.107468668501838,-6.155522094938456,0.011864481383138559,1
2021-06-01,545.3181762695312,17818326,17.899999618530273,67.92468616076474,-0.12600588866951057,-4.202501902492532,-0.005016848745642344,0
2021-06-02,542.5823974609375,21872755,17.479999542236328,75.00017430251107,0.722746002431677,-3.2174523215076904,0.0016807148071862343,1
2021-06-03,543.4943237304688,21077164,18.040000915527344,72.41401727155579,1.4522323887277935,-2.2835153794605936,-0.0016778947446440817,0
2021-06-04,542.5823974609375,15756180,16.420000076293945,78.7501040582944,1.934471394795196,-1.4399180246094359,-0.005042256911673926,0
2021-06-07,539.8465576171875,17077625,16.420000076293945,66.66666666666666,2.0720050855768477,-0.7375334025721791,-0.005067244811271965,0
2021-06-08,537.1110229492188,13396324,17.06999969482422,68.96550132420909,1.937927518396009,-0.20244121837854154,-0.005093393463451834,0
2021-06-09,534.3753051757812,20023490,17.889999389648438,65.57374171171755,1.5925624508615783,0.15655951546948246,0.022184289231377274,1
2021-06-10,546.2300415039062,28527745,16.100000381469727,69.1177049580497,2.249505396195218,0.5751486916146297,0.005008138504416948,1
2021-06-11,548.9656372070312,24227710,15.649999618530273,75.75749278457573,2.9567930545127865,1.051477564194261,0.011628203031424533,1
2021-06-15,555.34912109375,26012250,17.020000457763672,72.41382891683332,3.9864639452462143,1.6384748404046519,-0.006568529614764063,0
2021-06-16,551.7012939453125,25856919,18.149999618530273,66.6664807473066,4.456761606256009,2.2021321935749234,0.0058094446400152044,1
2021-06-17,554.9063720703125,22872361,17.75,71.90743427979861,5.030114876491439,2.7677287301582267,-0.004950841360352287,0
2021-06-18,552.1591186523438,32652017,20.700000762939453,63.95872332064883,5.202845913829606,3.254752166892503,-0.03316757999574427,0
2021-06-21,533.8453369140625,44279632,17.889999389648438,41.56029378912466,3.817956349558358,3.367393003425674,-0.008576094589369365,0
2021-06-22,529.2670288085938,27823974,16.65999984741211,37.88277836038623,2.3241982796838556,3.15875405867731,0.029411713829343045,1
2021-06-23,544.8336791992188,34392376,16.31999969482422,51.423714603988486,2.369172492228813,3.000837745387611,-0.00840324178812546,0
2021-06-24,540.2553100585938,16524230,15.970000267028809,48.04242133608764,2.012183553606178,2.8031069070313244,0.0016948457461032351,1
2021-06-25,541.1709594726562,18841696,15.619999885559082,49.14700065141485,1.7826037566206878,2.599006276949197,-0.001691978104210845,0
2021-06-28,540.2553100585938,15028407,15.760000228881836,50.25258563660104,1.5093757144803703,2.381080164455432,0.008474454679822552,1
2021-06-29,544.8336791992188,28659610,16.020000457763672,54.66589275467925,1.6433333255657772,2.233530796677501,0.0,0
2021-06-30,544.8336791992188,24883853,15.829999923706055,56.53478864430308,1.729558424557922,2.132736322253585,-0.0033613191203101245,0
2021-07-01,543.0023193359375,18250994,15.479999542236328,47.69439772173378,1.6313122489247007,2.0324515075878082,-0.008431470626254045,0
2021-07-02,538.4240112304688,18322419,15.069999694824219,42.66313120843345,1.1705271371072286,1.8600666334916924,0.005101830871007795,1
2021-07-06,542.086669921875,12997112,16.440000534057617,42.6573902472676,0.9551674231994411,1.5439247051663745,0.003378465105407402,1
2021-07-07,543.9180908203125,16966158,16.200000762939453,41.4285006922636,1.0432633445791453,1.4437924330489287,-0.010100931891340204,0
2021-07-08,538.4240112304688,21140426,19.0,39.726091188496525,0.6621211693241094,1.2874581803039649,-0.006803007955867968,0
2021-07-09,534.7611083984375,29029415,16.18000030517578,50.87728120008139,0.06376258764521481,1.0427190617722149,0.015411014017421065,1
2021-07-12,543.0023193359375,31304547,16.170000076293945,62.295130333112965,0.25165502621405267,0.8845062546605824,0.023608814652871013,1
2021-07-13,555.8219604492188,52540315,17.1200008392334,60.344906843433535,1.4186457717225949,0.991334158072985,0.009884713120294153,1
2021-07-14,561.3161010742188,38418875,16.329999923706055,69.49156754998012,2.755066881203902,1.3440807026991684,0.0016312544969050435,1
2021-07-15,562.2317504882812,22012834,17.010000228881836,69.49156754998012,3.8437669415352502,1.8440179504663847,-0.0407164658059046,0
2021-07-16,539.3396606445312,57970545,18.450000762939453,49.39761358288616,2.8267838452388787,2.0405711294208837,-0.011884627706701067,0
2021-07-19,532.9298095703125,40644341,22.5,42.35297254358264,1.4864610049522753,1.9297491045271622,-0.0017181426101886554,0
2021-07-20,532.01416015625,15354333,19.729999542236328,41.860515585290294,0.34636753289430544,1.613072790200591,0.006884628269079762,1
2021-07-21,535.6768798828125,25828732,17.90999984741211,45.45457299799731,-0.25863253150396304,1.2387317258596804,0.01025633137470039,1
2021-07-22,541.1709594726562,26058172,17.690000534057617,51.68532509706178,-0.29141389636970416,0.9327026014138036,-0.01015220697577246,0
2021-07-23,535.6768798828125,15271451,17.200000762939453,46.73915642268271,-0.7520505011224259,0.5957519809065577,-0.008547113722621624,0
2021-07-26,531.098388671875,21619179,17.579999923706055,43.74998264192655,-1.4696135159622372,0.1826788815327987,0.0,0
2021-07-27,531.098388671875,17785992,19.360000610351562,42.55314321047533,-2.0150590288315016,-0.2568687005400614,-0.0017240673923946126,0
2021-07-28,530.1827392578125,36158305,18.309999465942383,44.94376636886596,-2.492482001815688,-0.7039913607951868,0.006908179737003861,1
2021-07-29,533.8453369140625,23224896,17.700000762939453,49.438148391136195,-2.5459539539194793,-1.0723838794200453,-0.005145588154926051,0
2021-07-30,531.098388671875,18999281,18.239999771118164,42.1686301908915,-2.7779639875208204,-1.4134999010402005,0.017241478381468278,1
2021-08-02,540.2553100585938,23482491,19.459999084472656,39.240465744178195,-2.197613857783381,-1.5703226923888367,0.006779721908372283,1
2021-08-03,543.9180908203125,22747702,18.040000915527344,37.66229943862292,-1.4256919135183352,-1.5413965366147364,0.003366977297113438,1
2021-08-04,545.7494506835938,20313271,17.969999313354492,38.46152531451942,-0.6585711770544549,-1.3648314647026802,0.0,0
2021-08-05,545.7494506835938,15116242,17.280000686645508,56.60379256829667,-0.05004557239408314,-1.101874286240961,-0.008389364762900975,0
2021-08-06,541.1709594726562,13687213,16.149999618530273,58.82354478787237,0.06205405628099925,-0.869088617736569,0.0067681379838482325,1
2021-08-09,544.8336791992188,17390951,16.719999313354492,62.96293096105967,0.44135700216213536,-0.6069994937568282,-0.006722638240620249,0
2021-08-10,541.1709594726562,17190865,16.790000915527344,55.55554184045414,0.441319195224537,-0.39733575596055515,-0.001691978104210845,0
2021-08-11,540.2553100585938,19969687,16.170000076293945,48.97962792671713,0.36321703772455294,-0.24522519722353353,-0.006779608933719206,0
2021-08-12,536.5925903320312,15444622,15.59000015258789,51.0638629791567,0.005703892974906921,-0.19503937918384545,-0.008532414085234086,0
2021-08-13,532.01416015625,22524428,15.449999809265137,51.06393539804685,-0.6396948970534595,-0.28397048275776826,0.005163299114784303,1
2021-08-16,534.7611083984375,19315705,16.1200008392334,54.0000053324517,-0.9189294750829049,-0.4109622812227956,0.0,0
2021-08-17,534.7611083984375,0,17.90999984741211,55.10201027856601,-1.127230874107795,-0.5542159997997955,-0.017122930411894055,0
2021-08-18,525.6044311523438,43716164,21.56999969482422,41.81838894632043,-2.008031227743345,-0.8449790453885054,-0.026132720385744546,0
2021-08-19,511.86895751953125,38868947,21.670000076293945,34.32831960269526,-3.7709407264827632,-1.4301713816073571,-0.012522445403370996,0
2021-08-20,505.4591064453125,45614061,18.559999465942383,20.312342149526387,-5.6204910949315945,-2.268235324272205,0.025362370466399442,1
2021-08-23,518.2787475585938,33685159,17.149999618530273,31.080958141436923,-5.982868404822739,-3.0111619403823116,0.010600744581715338,1
2021-08-24,523.7728881835938,24844800,17.219999313354492,34.615305733540026,-5.7603223908648715,-3.560994030478824,0.022727391905489558,1
2021-08-25,535.6768798828125,27504657,16.790000915527344,43.95603107738802,-4.570712103172582,-3.7629376450175758,0.015384667972421884,1
2021-08-26,543.9180908203125,43822008,18.84000015258789,51.57898946638723,-2.929174827451675,-3.596185081504396,0.008417387135846388,1
2021-08-27,548.4964599609375,27105651,16.389999389648438,52.083355030970345,-1.244463186224948,-3.1258407024485066,0.010016506861464158,1
2021-08-30,553.990478515625,36575609,16.190000534057617,57.142818276854385,0.5279187898818236,-2.395088803982441,0.014876197863071816,1
2021-08-31,562.2317504882812,52721470,16.479999542236328,61.320739293053535,2.5679443839109126,-1.4024821664037703,-0.001628597839355872,0
2021-09-01,561.3161010742188,30092045,16.110000610351562,63.10678794875711,4.063947452938237,-0.3091962425353689,-0.009787961924636712,0
2021-09-02,555.8219604492188,24112463,16.40999984741211,62.499975965713645,4.751437813823713,0.7029305687364475,0.021417024841469123,1
2021-09-03,567.7260131835938,51562454,16.40999984741211,65.78953061478651,6.185533467814253,1.7994511485520086,0.017741742489455925,1
2021-09-07,570.4728393554688,26526056,18.139999389648438,69.91851855063166,8.820686704738932,4.202525669243682,-0.006420284023316625,0
2021-09-08,566.8102416992188,37817737,17.959999084472656,76.78572916406296,9.03797925960464,5.169616387315874,0.0,0
2021-09-09,566.8102416992188,18735512,18.799999237060547,81.90481027122249,9.105225799632194,5.956738269779138,0.004846435500368784,1
2021-09-10,569.5572509765625,16304725,20.950000762939453,79.78727100610178,9.273283221497309,6.620047260122773,-0.011254094409698823,0
2021-09-13,563.1473999023438,15198774,19.3700008392334,72.63157008464492,8.787946549271624,7.053627117952543,-0.0032518996419810264,0
2021-09-14,561.3161010742188,14441901,19.459999084472656,66.66669311713775,8.161462964523366,7.275194287266708,-0.009787961924636712,0
2021-09-15,555.8219604492188,23433501,18.18000030517578,58.024669007553435,7.1393410979596865,7.2480236494053045,-0.007033370460305277,0
2021-09-16,551.9126586914062,22467022,18.690000534057617,52.32390032941747,5.945320223556223,6.987482964235489,0.0,0
2021-09-17,551.9126586914062,40717715,20.809999465942383,48.472357217924795,4.94208084647596,6.578402540683584,-0.023333385309897037,0
2021-09-22,539.03466796875,40642293,20.8700008392334,34.033747241012236,3.0724429766258936,5.877210627872046,0.003413106473794336,1
2021-09-23,540.8744506835938,21696296,18.6299991607666,36.1070136110747,1.719376680045798,5.0456438383067965,0.017006581252531294,1
2021-09-24,550.0728759765625,16736973,17.75,46.2799942813497,1.3734654832463775,4.311208167294713,0.006689121669558595,1
2021-09-27,553.7523803710938,19464241,18.760000228881836,39.88121440984653,1.380322127104023,3.7250309592565753,-0.013289349264974493,0
2021-09-28,546.3933715820312,16707080,23.25,26.3282497182159,0.7829205386673266,3.1366088751387258,-0.023569082994856272,0
2021-09-29,533.515380859375,49310524,22.559999465942383,24.294720218713792,-0.7213554134955302,2.365016017411875,0.0,0
2021-09-30,533.515380859375,30465107,23.139999389648438,25.5989736864,-1.8916986191673004,1.5136730900960398,-0.010344331318792754,0
2021-10-01,527.9965209960938,36704493,21.100000381469727,23.683173758160848,-3.227327289409345,0.5654730141949629,-0.0034846911144132964,0
2021-10-04,526.1566162109375,20957803,22.959999084472656,20.206629091646505,-4.3837543809856925,-0.4243724648411682,0.0,0
2021-10-05,526.1566162109375,33824024,21.299999237060547,22.156484218438038,-5.239829687708038,-1.3874639094145422,-0.001748148320002807,0
2021-10-06,525.23681640625,32508846,21.0,22.464744972251538,-5.924205143916197,-2.2948121563148733,0.015761584478727553,1
2021-10-07,533.515380859375,27933054,19.540000915527344,33.66993949131958,-5.732486127375182,-2.982346950526935,-0.008620409567840048,0
2021-10-08,528.916259765625,18279079,18.770000457763672,33.333274352724686,-5.883832898220476,-3.5626441400656432,0.0,0
2021-10-12,528.916259765625,26522907,19.850000381469727,33.333274352724686,-5.935357201324678,-4.03718675231745,-0.0069565707074413785,0
2021-10-13,525.23681640625,18914374,18.639999389648438,38.461483494384474,-6.201602695942597,-4.47006994104248,0.003502303183552824,1
2021-10-14,527.0763549804688,13916927,16.860000610351562,38.46123221471577,-6.192782240552333,-4.814612400944451,0.04712088386483937,1
2021-10-15,551.9126586914062,53150216,16.299999237060547,51.21956153560449,-4.13405500949591,-4.678500922654743,-0.016666782784521605,0
2021-10-18,542.7140502929688,19158568,16.309999465942383,43.18176677187654,-3.2077724641333134,-4.384355230950458,0.016949272629798173,1
2021-10-19,551.9126586914062,17386359,15.699999809265137,53.33343654939847,-1.7117045866762055,-3.849825102095608,-0.003333467145337665,0
2021-10-20,550.0728759765625,16372520,15.489999771118164,61.53855969402685,-0.6668283227679694,-3.2132257462300804,-0.0033443943973154866,0
2021-10-21,548.2332153320312,16169014,15.010000228881836,60.000132706406156,0.01265255420912581,-2.5680500861422395,0.006711456468661003,1
2021-10-22,551.9126586914062,13995403,15.430000305175781,66.66658159879952,0.8383820271845934,-1.886763663476873,-0.011666858537598412,0
2021-10-25,545.4735717773438,16785568,15.239999771118164,62.65060337281205,0.9621075068590699,-1.3169894294096844,0.010118116302278546,1
2021-10-26,550.9927368164062,19998808,15.979999542236328,65.1685552418492,1.488354509642022,-0.7559206415993431,0.0,0
2021-10-27,550.9927368164062,14961858,16.979999542236328,65.90906177685653,1.8836949874959146,-0.2279975157802916,-0.006677843669291472,0
2021-10-28,547.3132934570312,16570044,16.530000686645508,59.0361734734257,1.8784512193972205,0.19329223125521083,-0.008403309802712755,0
2021-10-29,542.7140502929688,25763960,16.260000228881836,59.03607908282976,1.4860448099998393,0.45184274700413657,0.0,0
2021-11-01,542.7140502929688,16089351,16.40999984741211,59.03607908282976,1.1616689073665611,0.5938079790766215,0.0033898545259596347,1
2021-11-02,544.5537719726562,15192404,16.030000686645508,62.96290228376185,1.041048275393905,0.6832560383400782,0.0,0
2021-11-03,544.5537719726562,10224009,15.100000381469727,62.02534835084536,0.9346811332457037,0.7335410573212033,-0.008445893501759505,0
2021-11-04,539.9545288085938,17932145,15.4399995803833,38.59653615755152,0.4738022237942232,0.6815932906158073,0.02214654983855402,1
2021-11-05,551.9126586914062,33270827,16.479999542236328,58.33335176465123,1.0612401945189731,0.7575226713964405,0.0033333565569042545,1
2021-11-08,553.7523803710938,19752355,17.219999313354492,51.923081830825964,1.6561481381157819,0.9372477647403088,0.014950159704757437,1
2021-11-09,562.0310668945312,39538660,17.780000686645508,61.016998712303966,2.7637786640215154,1.3025539445965502,0.0016365639888373806,1
2021-11-10,562.9508666992188,16027674,18.729999542236328,63.79305216482061,3.673458648349879,1.776734885347216,-0.00980366539970623,0
2021-11-11,557.431884765625,18463848,17.65999984741211,55.000094000241084,3.904047443097056,2.202197396897184,-0.0033003524376095106,0
2021-11-12,555.5921630859375,15821327,16.290000915527344,60.00021715605196,3.89345918597985,2.5404497547137175,0.006622122238576056,1
2021-11-15,559.2713623046875,15551452,16.489999771118164,58.49056839991437,4.134291011261439,2.859218006023262,0.0032894973776347314,1
2021-11-16,561.111083984375,20917108,16.3700008392334,60.00002412856665,4.422620911371496,3.171898587092909,0.0,0
2021-11-17,561.111083984375,19717852,17.110000610351562,64.70598184512542,4.59812016745343,3.4571429031650136,0.004918285645415299,1
2021-11-18,563.8707885742188,20030651,17.59000015258789,73.46960607743037,4.9033667294716,3.746387668426331,0.008156555113791208,1
2021-11-19,568.4700317382812,35554348,17.90999984741211,75.92612161843347,5.453532388248959,4.087816612390857,-0.004854617544930329,0
2021-11-22,565.7103271484375,20312168,19.170000076293945,70.90905142617237,5.602277966867518,4.39070888328619,-0.004877868260118712,0
2021-11-23,562.9508666992188,19431694,19.3799991607666,67.24146215341811,5.43484500297734,4.59953610722442,-0.014706094409786763,0
2021-11-24,554.6720581054688,20391940,18.579999923706055,62.90312223751437,4.581311995265992,4.595891284832734,0.0,0
2021-11-26,548.2332153320312,26588102,28.6200008392334,44.444376179616235,2.7379159673770346,4.10661455490758,-0.005033703682138513,0
2021-11-29,545.4735717773438,23379558,22.959999084472656,31.249792645839094,1.6071480713154642,3.606721258189157,0.005059170045022654,1
2021-11-30,548.2332153320312,62021697,27.190000534057617,34.00000530825008,0.9230462360706042,3.0699862537654465,0.006711456468661003,1
2021-12-01,551.9126586914062,21403404,31.1200008392334,43.74990496333312,0.6700668184804499,2.5900023667084473,0.024999731823049265,1
2021-12-02,565.7103271484375,45125742,27.950000762939453,59.016190157115446,1.5648961908042338,2.3849811315276046,-0.011382088207946839,0
2021-12-03,559.2713623046875,23045832,30.670000076293945,50.0,1.7344901423736019,2.254882933696804,-0.01315766211049485,0
2021-12-06,551.9126586914062,23589363,27.18000030517578,42.85723764719711,1.2605775353656554,2.0560218540305746,0.011666747949165224,1
2021-12-07,558.3516845703125,18606530,21.889999389648438,48.05206556020889,1.3885674143990627,1.9225309661042724,-0.008237289017509086,0
2021-12-08,553.7523803710938,20801543,19.899999618530273,43.03796405173862,1.1061241935968837,1.7592496116027947,0.009966515954108024,1
2021-12-09,559.2713623046875,11039070,21.579999923706055,43.749901506964186,1.3124920330432133,1.6698980958908785,-0.0049339186664079104,0
2021-12-10,556.511962890625,10497451,18.690000534057617,43.75008294184781,1.2390960333902967,1.5837376833907622,-0.006611835279470291,0
2021-12-13,552.8323974609375,17711657,20.309999465942383,43.20980979554188,0.8739447055573919,1.4417790878240881,-0.003327700498343633,0
2021-12-14,550.9927368164062,22579034,21.889999389648438,47.297353036117784,0.4311444433831184,1.2396521589358942,0.0016695716903913915,1
2021-12-15,551.9126586914062,21827730,19.290000915527344,48.000109704223256,0.15269191525931092,1.0222601102005775,0.01297600441115132,1
2021-12-16,559.0742797851562,21809022,20.56999969482422,57.77565897418387,0.5040884330082918,0.9186257747621204,0.003305941032151871,1
2021-12-17,560.9225463867188,24105733,21.56999969482422,61.22742458894522,0.921094568315084,0.9191195334727131,-0.014826844596201094,0
2021-12-20,552.6058349609375,21381070,22.8700008392334,52.94027837858469,0.573870605392699,0.8500697478567103,-0.0016724295645608178,0
2021-12-21,551.681640625,17001461,21.010000228881836,49.83867901770226,0.2215642987503088,0.72436865803543,0.005025140638884595,1
2021-12-22,554.4539184570312,9831802,18.6299991607666,40.708946313654494,0.16416625822387232,0.6123281780731186,0.00999969947732171,1
2021-12-23,559.998291015625,16654439,17.959999084472656,50.609001564689166,0.5596115729331359,0.6017848570451221,-0.0032999411880878515,0
2021-12-27,559.998291015625,16259872,17.68000030517578,51.66054840321941,0.9771453716874703,0.6950738363761575,0.01485164270084871,1
2021-12-28,568.315185546875,33892718,17.540000915527344,63.66173440933728,1.8343486497443564,0.9229287990497973,0.0016260929221729725,1
2021-12-29,569.2393188476562,24518766,16.950000762939453,60.23342343934261,2.558762436891243,1.2500955266180864,-0.0016234530366806554,0
2021-12-30,568.315185546875,19681276,17.329999923706055,62.592071677866336,3.023443375056331,1.6047650963057356,0.02601652018477374,1
2022-01-03,583.1007690429688,69089158,16.600000381469727,76.10526393364785,4.532531188121425,2.1903183146688736,0.03961931111695649,1
2022-01-04,606.2028198242188,79434666,16.90999984741211,84.8389775412801,7.506110805544154,3.25347681284393,-0.009145967887521866,0
2022-01-05,600.6585083007812,69593809,19.729999542236328,79.06366223425547,9.308017440623416,4.464384938399828,-0.00923110002256844,0
2022-01-06,595.11376953125,53210211,19.610000610351562,71.91021158771305,10.171378037026443,5.605783558125151,-0.015527862401572667,0
2022-01-07,585.8729248046875,38249908,18.760000228881836,63.91758403757595,9.994725614003414,6.4835719693008045,0.014195314441945772,1
2022-01-10,594.1895751953125,38289770,19.399999618530273,73.19586435498346,10.405859209872915,7.268029417415227,0.01244206334907072,1
2022-01-11,601.58251953125,33196585,18.40999984741211,75.96168379925592,11.199137681185903,8.054251070169363,0.013824824011538617,1
2022-01-12,609.8992919921875,38860063,17.6200008392334,77.27286100888483,12.35647288857217,8.914695433849925,0.0015152227800800944,1
2022-01-13,610.8234252929688,38137411,20.309999465942383,76.19066190693358,13.196122526460499,9.770980852372041,0.01664113473873341,1
2022-01-14,620.9882202148438,95200777,19.190000534057617,79.82454107444548,14.514451353030267,10.719674952503688,0.016369231761174774,1
2022-01-18,611.7474365234375,43593330,22.790000915527344,67.40742625265541,15.775189971553004,12.606480265698721,-0.012084462833499732,0
2022-01-19,604.3547973632812,40381333,23.850000381469727,63.38032427283273,14.678490910619075,13.020882394682793,-0.004587169398052815,0
2022-01-20,601.58251953125,46474584,25.59000015258789,62.500057334242115,13.430827136555877,13.10287134305741,-0.015360994479891477,0
2022-01-21,592.3416137695312,49577684,28.850000381469727,53.62317730743569,11.563088652961255,12.79491480503818,0.018720495006401494,1
2022-01-24,603.4305419921875,47134502,29.899999618530273,48.799993236570494,10.852574557901448,12.406446755610835,-0.018376478237324356,0
2022-01-25,592.3416137695312,52318736,31.15999984741211,46.564843544384466,9.287641040501285,11.782685612588926,-0.0078004724405391634,0
2022-01-26,587.7210693359375,29957189,31.959999084472656,46.923076141430485,7.587121024582075,10.943572694987557,-0.0015722973257860096,0
2022-02-07,586.7969970703125,56836469,22.860000610351562,50.41321637363057,6.094626688645803,9.973783493719207,-0.011023517377946268,0
2022-02-08,580.3284301757812,39718217,21.440000534057617,43.69755968143261,4.33982804994514,8.846992404964395,0.007961631875807784,1
2022-02-09,584.9487915039062,30048791,19.959999084472656,42.241290465846554,3.284104914176055,7.734414906806728,0.025276609979693943,1
2022-02-10,599.7343139648438,34587133,23.90999984741211,45.52844437022117,3.599017583443924,6.907335442134167,0.0015410062663041568,1
2022-02-11,600.6585083007812,26723278,27.360000610351562,45.52847362062022,3.8784544926210174,6.301559252231538,-0.020000022355022296,0
2022-02-14,588.6453247070312,27826382,28.329999923706055,36.000092997008245,3.0948709924165314,5.660221600268537,-0.006279729147538493,0
2022-02-15,584.9487915039062,21970460,25.700000762939453,28.813530860825296,2.1508029690164676,4.958337874018123,0.0205370499658748,1
2022-02-16,596.9619140625,25191741,24.290000915527344,42.727223599911134,2.3449497306390867,4.435660245342316,-0.0015478562512984961,0
2022-02-17,596.0379028320312,18135080,28.110000610351562,45.63101815514207,2.3966256453700225,4.0278533253478574,-0.012402865807484176,0
2022-02-18,588.6453247070312,20804191,27.75,43.51853380766377,1.8200791680751536,3.586298493893317,-0.007849557746933078,0
2022-02-22,579.404296875,34086593,28.809999465942383,36.45838780076342,-0.05964582517583494,2.439946993308859,-0.00318962683925772,0
2022-02-23,577.5562133789062,31953054,31.020000457763672,40.69770656786984,-1.0201704986357072,1.747923494919946,-0.03359999137665104,0
2022-02-24,558.1503295898438,73663161,30.31999969482422,34.31379341828611,-3.309140154762872,0.7365107649833824,0.0,0
2022-02-25,558.1503295898438,89012516,27.59000015258789,34.65352750415421,-5.064781450534838,-0.42374767812026154,0.0,0
2022-03-01,558.1503295898438,66720867,33.31999969482422,37.23408291806845,-6.382565583113546,-1.6155112591189185,-0.004967011072491423,0
2022-03-02,555.3779907226562,40693457,30.739999771118164,32.60878305130986,-7.563436985985163,-2.8050964044921676,0.0016638618761657398,1
2022-03-03,556.3020629882812,33792420,30.479999542236328,19.480547330426035,-8.328712952960245,-3.909819714185783,-0.011627686269269244,0
2022-03-04,549.8335571289062,55917115,31.979999542236328,16.867413312622062,-9.349380198455378,-4.997731811039703,-0.031933158927156646,0
2022-03-07,532.275634765625,86496560,36.45000076293945,15.730244521839538,-11.443134608396235,-6.28681237051101,-0.02256936401735432,0
2022-03-08,520.2625122070312,79029914,35.130001068115234,14.285666145014048,-13.911446163783012,-7.81173912916541,0.008881296192471577,1
2022-03-09,524.8831176757812,52155415,32.45000076293945,6.666828119507386,-15.318178186436171,-9.313026940619563,0.03345041126506376,1
2022-03-10,542.440673828125,45630467,30.229999542236328,23.148137389146314,-14.845149756858518,-10.419451503867355,-0.020442768753963447,0
2022-03-11,531.3516845703125,38943098,30.75,22.32140698337514,-15.189959677250044,-11.373553138543894,-0.005217521554353177,0
2022-03-14,528.579345703125,33919577,31.770000457763672,22.727269997976492,-15.508160183460745,-12.200474547527264,-0.024475176449993752,0
2022-03-15,515.6422729492188,74092231,29.829999923706055,21.008430413428286,-16.612748603926434,-13.0829293588071,0.004952485611573465,1
2022-03-16,518.1959838867188,43438327,26.670000076293945,23.181940513508323,-17.085132977038597,-13.8833700824534,0.04301068429750665,1
2022-03-17,540.4839477539062,60959900,25.670000076293945,42.22116753168013,-15.48257509218513,-14.203211084399747,-0.0017182951341283559,0
2022-03-18,539.5552368164062,46242430,23.8700008392334,41.878659990360866,-14.12465539858556,-14.18749994723691,0.00860592440809027,1
2022-03-21,544.1986083984375,21400273,23.530000686645508,44.1441464520575,-12.529382060605258,-13.85587636991058,-0.005119474212524455,0
2022-03-22,541.41259765625,20246949,22.940000534057617,44.13908070178674,-11.358984922697118,-13.356498080467889,0.012006871311934564,1
2022-03-23,547.9132690429688,25902069,23.56999969482422,46.636856230632354,-9.793987910037117,-12.643996046381735,0.0016949962520933504,1
2022-03-24,548.8419799804688,20060758,21.670000076293945,49.58398887222727,-8.382153048579426,-11.791627446821273,0.011844340673339282,1
2022-03-25,555.3426513671875,26122381,20.809999465942383,60.66737042953998,-6.6619194362623375,-10.765685844709488,-0.02341149878653448,0
2022-03-28,542.3412475585938,26391576,19.6299991607666,60.117854893260436,-6.275387771044052,-9.8676262299764,0.008561828254978643,1
2022-03-29,546.9846801757812,14892032,18.899999618530273,60.1261971503292,-5.53061890409117,-9.000224764799354,0.018675495550724897,1
2022-03-30,557.1998901367188,41230239,19.329999923706055,57.24995937516303,-4.069194992596408,-8.014018810358765,-0.004999801186592934,0
2022-03-31,554.4140014648438,22700114,20.559999465942383,62.33474639623258,-3.1000682894085685,-7.031228706168726,-0.013400313248642992,0
2022-04-01,546.9846801757812,29732696,19.6299991607666,59.376875434167864,-2.898104983310077,-6.204603961596996,-0.0186757187202522,0
2022-04-06,536.7693481445312,37645873,22.100000381469727,61.070522103561025,-3.5217430681097994,-5.668031782899558,-0.020761552569245834,0
2022-04-07,525.6251831054688,42904743,21.549999237060547,53.571357315296986,-4.859207803554909,-5.506266987030628,0.001767101420683037,1
2022-04-08,526.5540161132812,28024587,21.15999984741211,41.573115851380116,-5.777608506729962,-5.5605352909704955,-0.01587307659004611,0
2022-04-11,518.1959838867188,36820094,24.3700008392334,38.14442559326995,-7.098049138325223,-5.8680380604414415,-0.0017922001836722101,0
2022-04-12,517.2672729492188,30671407,24.260000228881836,34.40867206067446,-8.125778150819315,-6.319586078517016,0.02872538896297039,1
2022-04-13,532.1259765625,35865970,21.81999969482422,45.28306215301589,-7.653067793727246,-6.586282421559062,0.0,0
2022-04-14,532.1259765625,19056590,22.700000762939453,41.41420243653568,-7.195496228555726,-6.708125182958395,-0.01919732077805525,0
2022-04-18,520.9818725585938,15800959,22.170000076293945,32.03886468761425,-7.851060462564874,-7.074596718664387,0.007130349270311642,1
2022-04-19,524.6966552734375,16614705,21.3700008392334,39.78505034172445,-7.68553366597223,-7.196784108125956,0.008849281637106632,1
2022-04-20,529.33984375,27606307,20.31999969482422,39.78488012579283,-7.097866198534575,-7.177000526207681,-0.008771658758329637,0
2022-04-21,524.6966552734375,18383650,22.68000030517578,29.885180772859783,-6.926952406523924,-7.126990902270929,-0.012389389795768757,0
2022-04-22,518.1959838867188,29283846,28.209999084472656,28.571511112266677,-7.232678037290498,-7.148128329274844,-0.019713377532928567,0
2022-04-25,507.9805908203125,43389591,27.020000457763672,27.65963546054762,-8.204686134643907,-7.359439890348657,-0.001828240988499763,0
2022-04-26,507.0518798828125,35825421,33.52000045776367,30.952412621636498,-8.94681544656305,-7.676915001591536,-0.03663004610993048,0
2022-04-27,488.4785461425781,55941533,31.600000381469727,28.26096818105023,-10.90793124063157,-8.323118249399544,0.009505971493393384,1
2022-04-28,493.12200927734375,45380836,29.989999771118164,31.250055625120225,-11.949692353545743,-9.048433070228784,0.013182435977523221,1
2022-04-29,499.62255859375,36664644,33.400001525878906,39.36166568081676,-12.11114578881029,-9.660975613945086,-0.013010920352961808,0
2022-05-03,493.12200927734375,26317509,29.25,37.00003351895826,-12.61818422870175,-10.25241733689642,0.005649615418938492,1
2022-05-04,495.907958984375,16569622,25.420000076293945,27.586163914462716,-12.649398594110437,-10.731813588339223,0.014981127282412299,1
2022-05-05,503.33721923828125,20374772,31.200000762939453,33.68412422999651,-11.937054061351319,-10.972861682941643,-0.025830101021296237,0
2022-05-06,490.3359680175781,32467268,30.190000534057617,32.65302632333429,-12.280051415840035,-11.234299629521322,-0.015151616052674344,0
2022-05-09,482.9065856933594,23709774,34.75,30.476149044957168,-13.001495210424537,-11.587738745701966,-0.0038460218645448574,0
2022-05-10,481.04931640625,41679907,32.9900016784668,27.184342427249206,-13.566721998766695,-11.983535396314911,0.0057914648864330065,1
2022-05-11,483.8352966308594,27157254,32.560001373291016,25.74253946593967,-13.6327135443791,-12.31337102592775,-0.03071031451059225,0
2022-05-12,468.9765625,32532963,31.770000457763672,23.214197691695603,-14.714369887769351,-12.793570798296072,0.011881171496276766,1
2022-05-13,474.5485534667969,29074177,28.8700008392334,28.828744280645452,-14.949647004039775,-13.224786039444814,0.017612596573107542,1
2022-05-16,482.9065856933594,21163106,27.469999313354492,37.61465068679617,-14.296876965904346,-13.43920422473672,0.01923074127886304,1
2022-05-17,492.1932373046875,24496974,26.100000381469727,43.220333318851864,-12.8817045628615,-13.327704292361677,0.01509431809698647,1
2022-05-18,499.62255859375,30568176,30.959999084472656,55.66039987859732,-11.033498793112244,-12.86886319251179,-0.029739674089913626,0
2022-05-19,484.7639465332031,29019751,29.350000381469727,46.15380078244919,-10.645038838245625,-12.424098321658558,0.015325584389299207,1
2022-05-20,492.1932373046875,22651205,29.43000030517578,46.610162883285916,-9.626728910773068,-11.86462443948146,-0.003773455517755653,0
2022-05-23,490.3359680175781,17054170,28.479999542236328,48.672542437550185,-8.86735966388136,-11.26517148436144,-0.015151616052674344,0
2022-05-24,482.9065856933594,17802308,29.450000762939453,44.067765457083766,-8.764016995868246,-10.764940586662803,0.007692359707159202,1
2022-05-25,486.62127685546875,22176476,28.3700008392334,42.10527984669125,-8.28684704080797,-10.269321877491837,-0.019084003455246523,0
2022-05-26,477.3345947265625,28327403,27.5,43.63634136643247,-8.559376880707077,-9.927332878134886,0.03112835889599963,1
2022-05-27,492.1932373046875,27866643,25.719999313354492,54.23728577551359,-7.490049833020237,-9.439876269111956,0.0320755189609645,1
2022-05-31,520.05322265625,72405873,26.190000534057617,63.636340656136056,-2.5740017492492484,-7.405522965161452,-0.019642917501119683,0
2022-06-01,509.8378601074219,29155176,25.690000534057617,65.94202570692619,-1.2179305993064418,-6.16800449199045,-0.016393390615685677,0
2022-06-02,501.4798889160156,21420890,24.719999313354492,60.28369703433283,-0.80833488628042,-5.096070570848444,0.0,0
2022-06-06,501.4798889160156,17615003,25.06999969482422,57.57575380374763,-0.4782147705332136,-4.172499410785398,-0.009259094161792714,0
2022-06-07,496.8366394042969,19497532,24.020000457763672,51.96853653595013,-0.5845255836828187,-3.4549046453648824,0.01682249569311889,1
2022-06-08,505.1946716308594,18835521,23.959999084472656,52.34380074478094,0.005581342420725832,-2.762807447807761,-0.005514908314309452,0
2022-06-09,502.4085693359375,16338602,26.09000015258789,58.26084943819325,0.2455990491186526,-2.1611261484224786,-0.020332718537727557,0
2022-06-10,492.1932373046875,21357130,27.75,50.0,-0.38405002133589505,-1.805710923005162,-0.026414994666480784,0
2022-06-13,479.19195556640625,32854092,34.02000045776367,45.38461207900054,-1.910127465670712,-1.8265942315382722,-0.005814040130269982,0
2022-06-14,476.4059143066406,36304444,32.689998626708984,47.19999894842553,-3.306252658271376,-2.122525916884893,-0.0077972597169317925,0
2022-06-15,472.6912536621094,35680283,29.6200008392334,43.99999053582728,-4.658731049664482,-2.629766943440811,0.0034568720924399443,1
2022-06-16,474.3252868652344,26909199,32.95000076293945,48.61233579984785,-5.5349239378324455,-3.210798342319138,-0.013779724502018365,0
2022-06-17,467.7892150878906,43566737,31.1299991607666,37.811167917501315,-6.679719830312422,-3.904582639917795,-0.005987793861597979,0
2022-06-21,471.5240783691406,33223685,30.190000534057617,20.258556680515554,-7.932695148410971,-5.321305702699846,-0.020791991353772854,0
2022-06-22,461.72015380859375,31034893,28.950000762939453,20.36123955175708,-8.78791155175901,-6.014626872511679,-0.018200161457842423,0
2022-06-23,453.3167724609375,43548940,29.049999237060547,20.349855432415836,-10.02816096044296,-6.817333690097935,0.0020598098164812395,1
2022-06-24,454.2505187988281,27911980,27.229999542236328,21.255156980990208,-10.811098413677598,-7.616086634813867,0.024665968105489045,1
2022-06-27,465.4550476074219,37909718,26.950000762939453,32.31306557797744,-10.407498981609763,-8.174369104173048,-0.002006159048588363,0
2022-06-28,464.5212707519531,15274062,28.360000610351562,24.98246802197241,-10.047173945165412,-8.54893007237152,-0.013065195635654003,0
2022-06-29,458.45220947265625,30533789,28.15999984741211,24.012694494962616,-10.134511936668105,-8.866046445230838,-0.030549982086943595,0
2022-06-30,444.4465026855469,46311432,28.709999084472656,22.982659542466664,-11.204710483550286,-9.333779252894727,-0.04726893850520575,0
2022-07-01,423.43798828125,61744377,26.700000762939453,21.073073444581524,-13.591389007136343,-10.18530120374305,-0.029768473514214078,0
2022-07-05,416.4351501464844,50084244,27.540000915527344,23.974069510157932,-17.81063306114976,-12.690630015357685,-0.023542646657599642,0
2022-07-06,406.63116455078125,40549763,26.729999542236328,20.883491753214145,-19.563935785488297,-14.065291169383809,0.050516905337465,1
2022-07-07,427.17291259765625,48151202,26.079999923706055,34.40864699414426,-19.075997212094137,-15.067432377925876,0.020764842435154307,1
2022-07-08,436.0430908203125,37897895,24.639999389648438,39.38354056073067,-17.76872630962646,-15.607691164265994,-0.010706482104888893,0
2022-07-11,431.3746032714844,21941710,26.170000076293945,35.069483376692816,-16.914433568743448,-15.869039645161486,-0.027056338383886658,0
2022-07-12,419.70318603515625,23036423,27.290000915527344,34.5890616423207,-16.983412043385556,-16.0919141248063,0.04671851634361324,1
2022-07-13,439.31109619140625,44035695,26.81999969482422,45.25316364048583,-15.279748077511044,-15.92948091534725,0.00956427167502616,1
2022-07-14,443.5127868652344,31936258,26.399999618530273,46.43961118992639,-13.435662830238357,-15.430717298325472,0.03684215270500779,1
2022-07-15,459.8527526855469,51846909,24.229999542236328,48.203584376421375,-10.534280672717841,-14.451429973203947,0.006091400876864883,1
2022-07-18,462.6539001464844,39179575,25.299999237060547,49.408300388071396,-7.91761587238949,-13.144667153041055,-0.009081714587292566,0
2022-07-19,458.45220947265625,19874865,24.5,50.0,-6.112470730757934,-11.738227868584431,0.008146413374762629,1
2022-07-20,462.18695068359375,35436652,23.8799991607666,56.08972566017362,-4.330597366718166,-10.25670176821118,0.012121208519649596,1
2022-07-21,467.7892150878906,22285593,23.110000610351562,67.02508389531027,-2.438286916865934,-8.69301879794213,0.003992167017853099,1
2022-07-22,469.6567077636719,25216400,23.030000686645508,74.60939205626174,-0.778946984391041,-7.110204435231913,-0.006958285311530532,0
2022-07-25,466.3887023925781,15245346,23.360000610351562,71.31474788386204,0.26928697280993674,-5.634306153623544,-0.009009119833798152,0
2022-07-26,462.18695068359375,18024265,24.690000534057617,74.89538329918133,0.7523016237713591,-4.356984598144563,0.014141619030300756,1
2022-07-27,468.7230224609375,17166365,23.239999771118164,71.29184747218405,1.6435547072042027,-3.15687673707481,-0.0019922370532262645,0
2022-07-28,467.7892150878906,33844011,22.329999923706055,67.70826843324286,2.2486081905942683,-2.0757797515409946,0.01596814616834763,1
2022-07-29,475.2589416503906,29045617,21.329999923706055,73.73725568653396,3.292903401192234,-1.002043120994349,-0.00982316832961061,0
2022-08-01,470.59039306640625,24117969,22.84000015258789,79.78130599158143,3.70113761474812,-0.06140697384585523,-0.02380944969574539,0
2022-08-02,459.3858947753906,39838155,23.93000030517578,63.030269415826616,3.0849948971425647,0.5678734003518289,0.01829250834227003,1
2022-08-03,467.7892150878906,27603474,21.950000762939453,64.9424609406111,3.2374557000482014,1.1017898602911036,-0.0019960182710434538,0
2022-08-04,466.8554992675781,26027618,21.440000534057617,55.31907101119512,3.2455265120998433,1.5305371906528515,0.032000230619572356,1
2022-08-05,481.79498291015625,32784279,21.149999618530273,62.27541441254192,4.406617421666738,2.105753236855629,-0.007751976283959072,0
2022-08-08,478.06011962890625,19333128,21.290000915527344,62.650543579274995,4.968148357761436,2.6782322610367904,-0.003906205613838809,0
2022-08-09,476.1927185058594,21164373,21.770000457763672,59.259283170753854,5.202510701207814,3.183087949070995,-0.01960806806869808,0
2022-08-10,466.8554992675781,20861380,19.739999771118164,49.41176515825586,4.581990652692298,3.4628684897952557,0.02800014459481126,1
2022-08-11,479.9275207519531,23740033,20.200000762939453,55.670069397926824,5.086394144458552,3.7875736207279154,0.00583673237097293,1
2022-08-12,482.7287292480469,19535923,19.530000686645508,59.06735137083085,5.647075687331778,4.159474034048688,0.011605345916422705,1
2022-08-15,488.3309631347656,21273166,19.950000762939453,64.28570237462759,6.468903808040977,4.621359988847146,0.0038241106577336925,1
2022-08-16,490.1983947753906,20720414,19.690000534057617,62.3655517189875,7.1880354430848,5.134695079694677,0.00380954254548449,1
2022-08-17,492.0658264160156,27143102,19.899999618530273,63.82981608599111,7.818511636253504,5.671458391006443,-0.01328285954619357,0
2022-08-18,485.52978515625,17831084,19.559999465942383,55.91397131463407,7.701981013184934,6.077562915442141,-0.0019230237387679594,0
2022-08-19,484.5960998535156,14022812,20.600000381469727,58.42696340375588,7.448428210127531,6.35173597437922,-0.013487480040770161,0
2022-08-22,478.06011962890625,11494000,23.799999237060547,61.90471743666785,6.643504620468377,6.410089703597052,-0.015625077800462406,0
2022-08-23,470.59039306640625,19191108,24.110000610351562,51.80724789316192,5.3412814028383195,6.196328043445305,-0.001984072170811646,0
2022-08-24,469.6567077636719,14363212,22.81999969482422,51.80726829398914,4.1856697249574495,5.794196379747735,0.009940407587900824,1
2022-08-25,474.3252868652344,9357138,21.780000686645508,44.44446461976902,3.6049982848625746,5.356356760770703,0.007873990417746946,1
2022-08-26,478.06011962890625,12914846,25.559999465942383,50.0,3.4069090490143026,4.966467218419424,-0.026367127279449787,0
2022-08-29,465.4550476074219,26590824,26.209999084472656,43.11380081588813,2.2073529445816007,4.414644363651859,-0.005015069796278304,0
2022-08-30,463.1207580566406,24214535,26.209999084472656,47.368500273084216,1.05616363427049,3.7429482177755853,0.018144987384634215,1
2022-08-31,471.5240783691406,39357089,25.8700008392334,43.6619426544879,0.8125489729524134,3.156868368810951,-0.028712823931756448,0
2022-09-01,457.98529052734375,39168672,25.559999465942383,33.93931830652238,-0.46759429577861056,2.431975835893039,-0.011213038061173353,0
2022-09-02,452.8498840332031,29982959,25.469999313354492,26.829218712258722,-1.8748888927981398,1.570602890154803,0.0020617987011914973,1
2022-09-06,456.58477783203125,16700285,26.90999984741211,26.829247877222272,-3.4140755302230446,-0.13868875332775996,-0.03374243134151489,0
2022-09-07,441.1784973144531,34678562,24.639999389648438,24.04370179305802,-5.02132428448067,-1.1152158595583421,0.005291032008564622,1
2022-09-08,443.5127868652344,27931552,23.610000610351562,26.344075062539233,-6.037130560438129,-2.0995987997342995,0.02421064792627159,1
2022-09-12,454.2505187988281,21597212,23.8700008392334,36.92310374084383,-5.907619761309661,-2.861202992049372,0.013360536775537613,1
2022-09-13,460.3195495605469,16507036,27.270000457763672,44.2708171969281,-5.254688678307673,-3.339900129301032,-0.026368971484612813,0
2022-09-14,448.181396484375,22645714,26.15999984741211,39.35185983796496,-5.651536209914639,-3.802227345423754,-0.00157163199148469,0
2022-09-15,447.4770202636719,23104850,26.270000457763672,36.14303967177916,-5.954241225675162,-4.232630121474036,-0.009443817049624492,0
2022-09-16,443.2511291503906,39087513,26.299999237060547,32.124948167065185,-6.460656797194588,-4.678235456618147,-0.010593307713550382,0
2022-09-19,438.5556335449219,17182380,25.760000228881836,34.96533006203951,-7.15836486537745,-5.174261338370008,0.020342656749468446,1
2022-09-20,447.4770202636719,19842582,27.15999984741211,41.856041108234486,-6.911747860146079,-5.5217586427252225,-0.011542579459067115,0
2022-09-21,442.3119812011719,24154633,27.989999771118164,34.26187040707745,-7.051788959493024,-5.827764706078783,-0.013800360833160497,0
2022-09-22,436.2079162597656,29702508,27.350000381469727,37.24560504827396,-7.568079457617841,-6.175827656386595,-0.020452143086365338,0
2022-09-23,427.2865295410156,29757787,29.920000076293945,35.66401851084878,-8.598012213398022,-6.6602645677888805,-0.018681160533020935,0
2022-09-26,419.3043212890625,32342267,32.2599983215332,32.08061168039548,-9.943713894425514,-7.316954433116208,0.0033593007856611568,1
2022-09-27,420.712890625,24961404,32.599998474121094,31.08300272107354,-10.772355391002748,-8.008034624693517,-0.022321470021587242,0
2022-09-28,411.32196044921875,34402652,30.18000030517578,33.18861304627097,-12.047948083072868,-8.816017316369388,-0.006849283561496833,0
2022-09-29,408.50469970703125,41094780,31.84000015258789,30.394551228697793,-13.13478426189971,-9.679770705475454,-0.02988499375685516,0
2022-09-30,396.2965393066406,48266800,31.6200008392334,18.070119982782742,-14.8104802828135,-10.705912620943064,-0.011848285575563278,0
2022-10-03,391.6011047363281,36044395,30.100000381469727,11.557558685446011,-16.329131714690334,-11.830556439692518,0.028777075409611275,1
2022-10-04,402.8702392578125,40375000,29.06999969482422,24.40317707913114,-16.433909065988928,-12.751226964951801,0.03729593223430627,1
2022-10-05,417.8956604003906,46496536,28.549999237060547,35.6164302253182,-15.130109474396306,-13.227003466840703,0.013483082066409802,1
2022-10-06,423.5301818847656,30331834,30.520000457763672,40.54051522028841,-13.486713670555673,-13.278945507583698,-0.028824914864906792,0
2022-10-07,411.32196044921875,31941781,31.360000610351562,37.81510103687148,-13.019333327128095,-13.227023071492578,-0.08333324677378984,0
2022-10-11,377.045166015625,95793819,33.630001068115234,24.315031828107962,-15.239114855303399,-13.629441428254744,-0.009962674269300864,0
2022-10-12,373.2887878417969,53570085,33.56999969482422,24.56744167636704,-17.10424890001616,-14.324402922607028,-0.00628944237486051,0
2022-10-13,370.9410095214844,38046284,31.940000534057617,25.266856667843186,-18.557903201055183,-15.171102978296659,0.04303819129501907,1
2022-10-14,386.9056396484375,54504366,32.02000045776367,35.47297868486203,-18.211788319080256,-15.77924004645338,-0.036407673564322285,0
2022-10-17,372.8193054199219,41512192,31.3700008392334,33.98057966533419,-18.85677012129969,-16.39474606142264,0.025188713370059013,1
2022-10-18,382.21014404296875,40093216,30.5,37.423308235599976,-18.398079049162504,-16.795412658970616,-0.028255477248879002,0
2022-10-19,371.4106140136719,46385177,30.760000228881836,37.082071072487935,-18.690541954535547,-17.174438518083605,0.005056866328693177,1
2022-10-20,373.2887878417969,52938069,29.979999542236328,38.53210826827485,-18.556856096905733,-17.45092203384803,-0.020125610625374102,0
2022-10-21,365.776123046875,35923505,29.690000534057617,39.74764325362321,-18.839943216626523,-17.72872627040373,-0.0064186210427180646,0
2022-10-24,363.4283447265625,46714078,29.850000381469727,40.38460536953491,-19.034322071399913,-17.989845430602966,-0.0413435588076736,0
2022-10-25,348.4029235839844,76416687,28.459999084472656,31.874978546935452,-20.16830693968842,-18.425537732420057,0.013476936428756803,1
2022-10-26,353.09832763671875,58850484,27.280000686645508,26.845603478264664,-20.452356220440606,-18.830901430024166,0.025266012383747816,1
2022-10-27,362.01971435546875,45684455,27.389999389648438,28.524581220943205,-19.730149095654554,-19.010750963150244,-0.015564128860790283,0
2022-10-28,356.38519287109375,40184472,25.75,29.8969120518379,-19.388949796120983,-19.086390729744394,0.027667937143508015,1
2022-10-31,366.2456359863281,38409054,25.8799991607666,45.18828793231495,-18.114083659987728,-18.89192931579306,0.0038462189040922024,1
2022-11-01,367.654296875,41426496,25.809999465942383,47.43592058187886,-16.796456802553507,-18.472834813145152,0.00893968239844023,1
2022-11-02,370.9410095214844,22535650,25.860000610351562,50.0,-15.310527551538712,-17.840373360823865,-0.027847728444149955,0
2022-11-03,360.61114501953125,39731333,25.299999237060547,37.499970984754235,-14.79589379603857,-17.231477447866805,-0.005208561650965171,0
2022-11-04,358.7328796386719,28397417,24.549999237060547,42.42418174715979,-14.373909672726313,-16.659963892838707,0.0209424805309828,1
2022-11-07,366.2456359863281,35387706,24.350000381469727,41.237111329768034,-13.2801818939908,-15.984007493069127,0.0230768967973618,1
2022-11-08,374.69744873046875,31838223,25.540000915527344,51.851865861932716,-11.597712880987444,-15.10674857065279,0.04511281318602922,1
2022-11-09,391.6011047363281,52260831,26.09000015258789,58.823567470533604,-8.798931689352344,-13.845185194392702,-0.022781900072358252,0
2022-11-10,382.6796875,32044942,23.530000686645508,58.035686306824715,-7.217561684110535,-12.51966049233627,0.0834355956403241,1
2022-11-11,414.6087951660156,80016195,22.520000457763672,68.9895617937147,-3.34929384130038,-10.685587162129092,0.007927630269056074,1
2022-11-14,417.8956604003906,61933190,23.729999542236328,78.24428673916215,-0.018230995999772404,-8.552115928903229,0.07865182324157893,1
2022-11-15,450.763916015625,113379796,24.540000915527344,82.29816184514674,5.213752946074976,-5.798942153907588,0.014583126842507399,1
2022-11-16,457.33746337890625,85726375,24.110000610351562,82.01893966886334,9.777855220884419,-2.683582678949187,-0.004106623540290899,0
2022-11-17,455.4593505859375,45144984,23.93000030517578,84.14243382610913,13.092469313436936,0.47162771952803756,0.004123557438336922,1
2022-11-18,457.33746337890625,35859717,23.1200008392334,83.2192118506199,15.690008220563243,3.5153038197350788,-0.01026682576590976,0
2022-11-21,452.6420593261719,29710180,22.360000610351562,80.26761428884754,17.171751391790906,6.246593334146245,0.018672109788348656,1
2022-11-22,461.0938415527344,37343127,21.290000915527344,80.9678057796798,18.811188055221635,8.759512278361322,0.0020366503072348774,1
2022-11-23,462.0329284667969,33475337,20.350000381469727,87.24136640430807,19.956187382333667,10.998847299155791,0.008130175275324003,1
2022-11-25,467.66748046875,39949969,20.5,88.29791279612857,21.59629306196331,14.706601239401069,-0.03514052765605569,0
2022-11-28,451.2333984375,38926919,22.209999084472656,77.25756070628181,20.564748936087938,15.878230778738443,0.013527511399960668,1
2022-11-29,457.33746337890625,38182197,21.889999389648438,75.36234716707614,20.009136936085895,16.704412010207935,0.0061602022256188604,1
2022-11-30,460.1547546386719,57111603,20.579999923706055,81.36889665192069,19.570545219642952,17.27763865209494,0.017346857093325285,1
2022-12-01,468.1369934082031,41746878,19.84000015258789,76.88686562606726,19.64065286251048,17.75024149417805,-0.012035987427047368,0
2022-12-02,462.50250244140625,28319679,19.059999465942383,71.88948608242868,19.02228033620912,18.004649262584266,-0.0071065652226068865,0
2022-12-05,459.2156982421875,28360444,20.75,55.84416571004119,18.05882710642038,18.01548483135149,-0.022495112170860643,0
2022-12-06,448.8855895996094,40561068,22.170000076293945,44.444390951380825,16.274131982176016,17.667214261516396,-0.00627598606928792,0
2022-12-07,446.0683898925781,36563503,22.68000030517578,43.90238682807918,14.46567249815098,17.026905908843315,-0.007368454683794989,0
2022-12-08,442.78155517578125,27238567,22.290000915527344,40.718545628900614,12.621739677154437,16.14587266250554,0.021208946185784727,1
2022-12-09,452.1724853515625,25915337,22.829999923706055,49.71749669797759,11.782359507465571,15.273170031497546,-0.01349948450365901,0
2022-12-12,446.0683898925781,20973334,25.0,40.69767178229158,10.503517178275047,14.319239460853048,-0.007368454683794989,0
2022-12-13,442.78155517578125,33272826,22.549999237060547,38.41807079780548,9.119679339782692,13.279327436638978,0.019088065351691164,1
2022-12-14,451.2333984375,30636639,21.139999389648438,41.71120950176091,8.605769050277274,12.344615759366638,0.005756182057425008,1
2022-12-15,453.8307800292969,24222008,22.829999923706055,42.184792197633655,8.312259872941752,11.538144582081662,-0.019771198242069965,0
2022-12-16,444.8580017089844,47601400,22.6200008392334,46.067623422176,7.271798744087619,10.684875414482853,-0.009554159134593676,0
2022-12-19,440.6077575683594,21075559,22.420000076293945,39.43952721667271,6.034702329988704,9.754840797584023,-0.019292573990491002,0
2022-12-20,432.1072998046875,31139235,21.479999542236328,33.480554859550594,4.318596516370519,8.667591941341323,0.003278765633196956,1
2022-12-21,433.5240783691406,36182644,20.06999969482422,27.904802128253124,3.037873767066287,7.541648306486317,0.01960781001057521,1
2022-12-22,442.0245361328125,14047382,21.969999313354492,37.38928872658168,2.677938058393579,6.56890625686777,-0.0277778084624275,0
2022-12-23,429.7460632324219,24927413,20.8700008392334,33.661459621685836,1.385940014719779,5.532313008438172,0.0032968517998150926,1
2022-12-27,431.6350402832031,10264001,21.649999618530273,40.85641372643789,-0.21367955117790416,3.5732913678232414,-0.013129199847537576,0
2022-12-28,425.968017578125,32578949,22.139999389648438,39.660368945186704,-1.1996806024400257,2.618696973770588,-0.011086378394798202,0
2022-12-29,421.2455749511719,23020759,21.440000534057617,29.822675167554863,-2.3352360447249794,1.6279103700714748,0.005605513144430363,1
2022-12-30,423.60687255859375,21683478,21.670000076293945,34.59323635416723,-3.0099382368664465,0.7003406486838906,0.010033463609675275,1
2023-01-03,427.85711669921875,14885824,22.899999618530273,39.89658671708691,-3.165198960381929,-0.07276727312927335,-0.00772645007261763,0
2023-01-04,424.5513000488281,19188422,22.010000228881836,30.58421090733698,-3.5144832035048807,-0.7611104592043949,0.020022359601420403,1
2023-01-05,433.05181884765625,23549581,22.459999084472656,36.07597706504006,-3.0699837951789846,-1.222885126399313,0.0,0
2023-01-06,433.05181884765625,20886011,21.1299991607666,41.00724274180014,-2.686743702670867,-1.515656841653624,0.049073017923161544,1
2023-01-09,454.302978515625,46666263,21.969999313354492,58.28570711138239,-0.6606170047975297,-1.3446488742824052,0.010394986094877323,1
2023-01-10,459.02545166015625,32646014,20.579999923706055,67.06582516532714,1.311054100562103,-0.8135082793135036,-0.0030864923923696885,0
2023-01-11,457.6086730957031,21051115,21.09000015258789,65.26937974747221,2.727850504456569,-0.10523652255948902,0.004128131118530165,1
2023-01-12,459.49774169921875,20963689,18.829999923706055,62.09146876113984,3.9574844929226742,0.7073076805369436,0.027749215604727206,1
2023-01-13,472.2484436035156,77606949,18.350000381469727,79.22069638647443,5.892923416503265,1.7444308277302079,0.009999976089907658,1
2023-01-17,475.0819091796875,27770329,19.360000610351562,78.04869399243218,8.9107803806898,4.133609185968784,0.07952267688214754,1
2023-01-30,512.8616943359375,124428936,19.940000534057617,89.65510902142546,12.756846892152566,5.858256727205541,-0.038673818472719446,0
2023-01-31,493.0273742675781,72530854,19.399999618530273,78.78788027139215,14.042544730242582,7.495114327812949,0.01532559674181977,1
2023-02-01,500.58331298828125,33710990,17.8700008392334,79.63635030609626,15.492581797859316,9.094607821822223,0.018867819854205825,1
2023-02-02,510.0282287597656,43077053,18.729999542236328,80.41955893055697,17.205537661120616,10.716793789681901,0.0037039109103578216,1
2023-02-03,511.9173278808594,31635865,18.329999923706055,82.6855539216134,18.502219960673358,12.273879023880193,-0.029520450288047173,0
2023-02-06,496.8052978515625,30870136,19.43000030517578,72.72725690311896,18.101769566696134,13.439457132443382,-0.005703310876206347,0
2023-02-07,493.97186279296875,23481767,18.65999984741211,71.28714053794437,17.355709400738476,14.222707586102402,0.032504616509961615,1
2023-02-08,510.0282287597656,35096191,19.6299991607666,70.205477860456,17.854253172331084,14.94901670334814,0.0,0
2023-02-09,510.0282287597656,18861972,20.709999084472656,69.14893592642997,18.041382871757378,15.567489937029988,0.009259418265435082,1
2023-02-10,514.7507934570312,28495684,20.530000686645508,70.93429203336996,18.359123462579703,16.12581664213993,-0.007339266135044098,0
2023-02-13,510.972900390625,22768977,20.34000015258789,68.60074635095256,18.097474353652217,16.52014818444239,0.00739352921362002,1
2023-02-14,514.7507934570312,21883297,18.90999984741211,66.42339846402356,17.987609976130045,16.813640542779922,-0.036697219967044004,0
2023-02-15,495.8608703613281,61796793,18.229999542236328,56.57896918506942,16.189658436520915,16.68884412152812,0.005714296616478931,1
2023-02-16,498.6943664550781,29975138,20.170000076293945,58.169967353201855,14.822543289758528,16.315583955174205,-0.018939348274978562,0
2023-02-17,489.2494201660156,28121975,20.020000457763672,39.83743617588857,12.82908079798517,15.6182833237364,-0.0019305470871038288,0
2023-02-21,487.3603210449219,13504100,22.8700008392334,42.7083105445775,9.44724446269771,13.652462957490407,-0.01744170865262562,0
2023-02-22,478.85992431640625,24575245,22.290000915527344,32.63161868716156,7.409134414174616,12.40379724882725,0.021696315189542847,1
2023-02-23,489.2494201660156,25376835,21.139999389648438,38.46153129194214,6.556681658586342,11.234374130779068,-0.013513704857088027,0
2023-02-24,482.6378479003906,41692491,21.670000076293945,42.10525420748478,5.286666678932136,10.044832640409682,0.021526547104386617,1
2023-03-01,493.0273742675781,39560848,20.579999923706055,49.51456737065822,5.060187910158959,9.047903694359539,-0.005747199362991728,0
2023-03-02,490.19384765625,16558784,19.59000015258789,38.20229450907228,4.599045009388476,8.158131957365326,-0.005780420592539026,0
2023-03-03,487.3603210449219,23253895,18.489999771118164,36.956553805695,3.959303633700131,7.318366292632287,0.009690151230855815,1
2023-03-06,492.0829162597656,21922085,18.610000610351562,36.95657594687531,3.7896927310406454,6.612631580313959,0.005758105966588989,1
2023-03-07,494.9163818359375,24861078,19.59000015258789,40.659325832483546,3.8396507566169475,6.058035415574557,-0.0057251400037736655,0
2023-03-08,492.0829162597656,24512408,19.110000610351562,36.66674445196368,3.609003514093274,5.568229035278301,0.0019193066383835777,1
2023-03-09,493.0273742675781,21557577,22.610000610351562,47.887329071342236,3.4625101194162653,5.147085252105894,-0.017241350495598384,0
2023-03-10,484.52691650390625,24045605,24.799999237060547,40.25977895206376,2.630178092645224,4.64370382021376,0.005847775313412962,1
2023-03-13,487.3603210449219,21466947,26.520000457763672,48.57135339928436,2.1741191394139037,4.149786884053789,-0.011627680532213747,0
2023-03-14,481.6934509277344,20474770,23.729999542236328,45.333358033222495,1.3399736921845147,3.5878242456799345,0.001960576733682773,1
2023-03-15,482.6378479003906,23208597,26.139999389648438,46.66666953875423,0.7465070895564736,3.0195608144552426,-0.006394783914109303,0
2023-03-16,479.5514831542969,21965994,22.989999771118164,50.52852781412316,0.026827440064835173,2.4210141395771614,0.025742615968506355,1
2023-03-17,491.8963928222656,33118483,25.510000228881836,51.964254979935326,0.44744925582745054,2.0263011628272194,-0.011582929660592267,0
2023-03-20,486.19879150390625,11837312,24.149999618530273,52.67882847370715,0.3173876187828455,1.6845184540183447,0.009765586505748658,1
2023-03-21,490.9468078613281,18284799,21.3799991607666,48.289656556533956,0.5906296625019536,1.4657406957150665,0.030947555361061863,1
2023-03-22,506.1404113769531,42385987,22.260000228881836,60.89497157082898,2.0100027160924014,1.5745930997905335,0.009380949013063411,1
2023-03-23,510.88848876953125,26728246,22.610000610351562,65.66504158605267,3.477905125964753,1.9552555050253775,0.0018588126704146557,1
2023-03-24,511.838134765625,21926240,21.739999771118164,63.848784576553946,4.6640921063113865,2.4970228252825795,-0.014842255313526564,0
2023-03-27,504.2413024902344,16111177,20.600000381469727,56.12771256850984,4.9342737230040825,2.98447300482688,-0.011299475718028806,0
2023-03-28,498.54364013671875,17234120,19.969999313354492,54.091536150970065,4.635209061465673,3.3146202161546388,0.009523711582283267,1
2023-03-29,503.2916259765625,17280749,19.1200008392334,56.20152794715429,4.726832951342374,3.597062763192186,0.009434169341723697,1
2023-03-30,508.0397644042969,19201564,19.020000457763672,64.88088823066556,5.123519885494147,3.9023541876525787,-0.003738591268679259,0
2023-03-31,506.1404113769531,23558838,18.700000762939453,62.0278088328421,5.224411459807982,4.16676564208366,-0.0056284488184622505,0
2023-04-06,503.2916259765625,25423363,18.399999618530273,64.35068498039408,5.016666576292664,4.336745828925461,0.0018869308859037481,1
2023-04-10,502.3420715332031,7435151,18.969999313354492,65.38459319931935,4.552500665919979,4.465616051224336,-0.009451820072542305,0
2023-04-11,497.5940246582031,22675697,19.100000381469727,54.28569592172534,3.8711539298815296,4.346723626955775,-0.007633840598078145,0
2023-04-12,493.79547119140625,23816473,19.09000015258789,55.882186140680204,2.9902010375726604,4.075419109079152,-0.019230514891515726,0
2023-04-13,484.2995300292969,25536889,17.799999237060547,45.20547402453327,1.508408439070422,3.5620169750774062,0.011764748880038978,1
2023-04-14,489.9971923828125,18072504,17.06999969482422,36.50809925702612,0.784784358027764,3.006570451667478,0.007751633820845205,1
2023-04-17,493.79547119140625,14634287,16.950000762939453,35.483832510384914,0.5118956028191519,2.507635481897813,-0.00961504113854228,0
2023-04-18,489.047607421875,15168888,16.829999923706055,31.818199524565884,-0.08648666396294402,1.9888110527256615,-0.009708824499947366,0
2023-04-19,484.2995300292969,21123233,16.459999084472656,33.333316329601686,-0.9330830847646894,1.4044322252275914,0.005882342933094309,1
2023-04-20,487.1483459472656,17221961,17.170000076293945,39.999989287644425,-1.3584814827085552,0.8518494836403621,-0.003898608001552617,0
2023-04-21,485.2491455078125,25016683,16.770000457763672,33.33338971411561,-1.827792724327935,0.3159210420467026,-0.007827859047721542,0
2023-04-24,481.45068359375,16886512,16.889999389648438,24.999899571601134,-2.4776683771535204,-0.24279684179334196,-0.01775138664781628,0
2023-04-25,472.9042663574219,36898412,18.760000228881836,22.222199550487517,-3.640360153893141,-0.9223095042133018,-0.013052358179563184,0
2023-04-26,466.73175048828125,31269245,18.84000015258789,21.052570534945374,-5.002209847123197,-1.738289572795281,0.004069343879435028,1
2023-04-27,468.63104248046875,29537148,17.030000686645508,22.222174611676493,-5.860670389768586,-2.562765736189942,0.017223772022353145,1
2023-04-28,476.70263671875,24824100,15.779999732971191,31.756673127392105,-5.822577309986627,-3.214728050949279,-0.0019919219450837966,0
2023-05-02,475.7530822753906,15325791,17.780000686645508,33.57137807013436,-5.802126079884317,-3.732207656736287,-0.009980129545077099,0
2023-05-03,471.0050048828125,11369311,18.34000015258789,33.098580711509115,-6.09874594995415,-4.20551531537986,0.004032359433381982,1
2023-05-04,472.9042663574219,13140291,20.09000015258789,40.476180759742654,-6.110131018843958,-4.58643845607268,0.004016035748803493,1
2023-05-05,474.803466796875,7488897,17.190000534057617,36.44061703379306,-5.897916652931201,-4.848734095444384,0.007999943438768531,1
2023-05-08,478.60186767578125,11243634,16.979999542236328,36.44075551614372,-5.361432773024944,-4.9512738309604964,0.011904805932298146,1
2023-05-09,484.2995300292969,16197743,17.709999084472656,45.833304320765805,-4.4254973201339,-4.846118528795177,-0.013725424834653221,0
2023-05-10,477.6523132324219,18859212,16.940000534057617,44.35486964283307,-4.172043848586668,-4.711303592753476,-0.007952421303971224,0
2023-05-11,473.85382080078125,13382927,16.93000030517578,38.888886054937956,-4.228938173418896,-4.61483050888656,-0.006012014239231922,0
2023-05-12,471.0050048828125,18465362,17.030000686645508,38.28124293864745,-4.452576442188956,-4.582379695547039,-0.001008106056463287,0
2023-05-15,470.5301818847656,13315766,17.1200008392334,40.49586601259452,-4.6149276162298065,-4.588889279683593,0.019172630400446034,1
2023-05-16,479.5514831542969,21140315,17.989999771118164,55.73765914380815,-3.9698860972823127,-4.465088643203337,0.027722640969233492,1
2023-05-17,492.8459167480469,41406763,16.8700008392334,70.07295811347612,-2.358746203479825,-4.0438201552586355,0.021194675401674745,1
2023-05-18,503.2916259765625,43096277,16.049999237060547,73.54833787122452,-0.236300864425516,-3.2823162970920117,0.0037738617718074963,1
2023-05-19,505.19097900390625,32099068,16.809999465942383,71.12679435149872,1.5807918890310475,-2.3096946598673997,-0.0018798366422622115,0
2023-05-22,504.2413024902344,17208135,17.209999084472656,71.12666557431365,2.9106676647051586,-1.265622194952888,-0.0018833770835150476,0
2023-05-23,503.2916259765625,19588873,18.530000686645508,75.3729796933278,3.843665457493614,-0.24376466446358758,-0.009433866161851934,0
2023-05-24,498.54364013671875,19086681,20.030000686645508,69.28562804067067,4.152087473650965,0.6354057631593231,0.034285777947706375,1
2023-05-25,515.6365966796875,63827245,19.139999389648438,74.99992526292503,5.709952111120458,1.6503150327515503,0.04235712028256944,1
2023-05-26,537.4774780273438,95808471,17.950000762939453,79.52372382519441,8.607723178339825,3.0417966618692054,0.003533601005947018,1
2023-05-30,537.4774780273438,40136130,17.459999084472656,82.81235197332633,12.47598599227581,6.1909820264576645,-0.014134290465250499,0
2023-05-31,529.880615234375,81176782,17.940000534057617,79.49991644385027,12.937883999769952,7.540362421120123,-0.012544744241936079,0
2023-06-01,523.2333984375,24477529,15.649999618530273,76.4422556955094,12.62206732099304,8.556703401094707,0.019963824513663075,1
2023-06-02,533.6791381835938,30206141,14.600000381469727,79.03927532640091,13.064069762426072,9.458176673360981,-0.012455455574859386,0
2023-06-05,527.0319213867188,16827391,14.729999542236328,72.32143087717668,12.731227375052583,10.112786813699302,0.009008799300419756,1
2023-06-06,531.7798461914062,20228086,13.960000038146973,69.90290565414894,12.70412004885128,10.631053460729698,0.014285729042530004,1
2023-06-07,539.376708984375,27604813,13.9399995803833,68.99998585971034,13.144123363102892,11.133667441204338,-0.015845157283775224,0
2023-06-08,530.8302001953125,23080195,13.649999618530273,62.61673709787385,12.657291943937821,11.438392341751035,0.010733665688488658,1
2023-06-09,536.5279541015625,19091713,13.829999923706055,65.17856861043163,12.586150352282061,11.66794394385724,0.015929175150281916,1
2023-06-12,545.0744018554688,26392389,15.010000228881836,68.33336636309636,13.068748637167914,11.948104882519376,0.03310094990212753,1
2023-06-13,563.1168823242188,56174363,14.609999656677246,75.37312573747374,14.737207289361436,12.505925363887789,-0.005059013514584265,0
2023-06-14,560.26806640625,23583314,13.880000114440918,69.74788327381222,15.649202886206695,13.13458086835157,0.00638547134506795,1
2023-06-15,563.8456420898438,27392154,14.5,63.916086529082904,16.470781509363974,13.801820996554051,-0.003384156846138575,0
2023-06-16,561.9375,38128802,13.539999961853027,61.90558399962896,16.77455078803962,14.396366954851166,-0.010186727526137251,0
2023-06-20,556.2131958007812,16221413,13.880000114440918,64.47211027749843,15.857177564744575,15.0034694102109,-0.0034304850533803943,0
2023-06-21,554.3051147460938,21703937,13.199999809265137,68.01512611108477,15.126591353724052,15.028093798913531,-0.012048138378844997,0
2023-06-26,547.6267700195312,27142262,14.25,58.456138117638005,13.849066493925534,14.792288337915933,-0.0034843842454518326,0
2023-06-27,545.7186279296875,21501718,13.739999771118164,62.020052593103856,12.538116120888617,14.34145389451047,0.00349656763061712,1
2023-06-28,547.6267700195312,18175426,13.430000305175781,60.579907157480214,11.520350199084987,13.777233155425375,-0.0017421363957603742,0
2023-06-29,546.6727294921875,16937929,13.539999961853027,55.34516557144237,10.515563406897172,13.124899205719736,0.005235530194985127,1
2023-06-30,549.5348510742188,22654976,13.59000015258789,64.94831984625215,9.836819198400349,12.467283204255859,0.005208151114129089,1
2023-07-03,552.3969116210938,14785585,13.569999694824219,63.28419826383744,9.421251566441128,11.858076876692913,0.010362775594772833,1
2023-07-05,555.2591552734375,14913592,14.180000305175781,40.5841937970549,9.12755475773372,10.925871227879782,-0.029209443700517257,0
2023-07-06,539.0403442382812,28564891,15.4399995803833,30.735783989533587,7.481061794133325,10.236909341130492,0.0,0
2023-07-07,539.0403442382812,18796190,14.829999923706055,25.92591715022948,6.105820164028955,9.410691505710185,0.0,0
2023-07-10,539.0403442382812,18454982,15.069999694824219,26.923091118686926,4.958769654243156,8.520307135416779,0.02123864465896874,1
2023-07-11,550.4888305664062,17850636,14.84000015258789,44.82751013673004,4.916842726549135,7.7996142536432504,0.0017330788099045868,1
2023-07-12,551.44287109375,15588228,13.539999961853027,45.76263099969096,4.904067395334323,7.220504881981466,0.012110784474323788,1
2023-07-13,558.1212768554688,25442137,13.609999656677246,53.12497500979617,5.370921741951747,6.8505882539755225,0.010256489891635745,1
2023-07-14,563.8456420898438,23121873,13.34000015258789,63.49209250560033,6.132128251679546,6.7068962535163275,0.0,0
2023-07-17,563.8456420898438,13807834,13.479999542236328,65.57384957928639,6.658633314837516,6.697243665780565,-0.016920459486729156,0
2023-07-18,554.3051147460938,20932006,13.300000190734863,55.07246779930054,6.234187712228163,6.604632475070085,0.0,0
2023-07-19,554.3051147460938,22499123,13.760000228881836,55.88235017409637,5.8305999869674,6.4498259774495486,-0.003442514013016207,0
2023-07-20,552.3969116210938,15108109,13.989999771118164,52.23873471289655,5.29573186191169,6.219007154341977,-0.03281508774515718,0
2023-07-21,534.2699584960938,46711021,13.600000381469727,38.55423358316864,3.370300667216611,5.649265856916904,-0.003571494259596686,0
2023-07-24,532.36181640625,25268835,13.90999984741211,32.91134320163452,1.671147505605063,4.853642186654536,0.01971333890378313,1
2023-07-25,542.8564453125,19590349,13.859999656677246,42.52871872780191,1.158036109335626,4.114520971190754,-0.005272448438076172,0
2023-07-26,539.9942626953125,13314305,13.1899995803833,50.68483426651441,0.5145065033735818,3.39451807762732,0.0053003944947511705,1
2023-07-27,542.8564453125,12200358,14.40999984741211,52.631499200739405,0.23277557923722725,2.7621695779493014,-0.003515003103159775,0
2023-07-28,540.9483032226562,18540078,13.329999923706055,51.281950336112125,-0.14282295344105478,2.1811710716712303,-0.0035270634421228353,0
2023-07-31,539.0403442382812,24208467,13.630000114440918,41.176603407205036,-0.5876695524018487,1.6274029468566145,0.0035395476512452007,1
2023-08-01,540.9483032226562,16259643,13.930000305175781,42.028996257022136,-0.7772971448295038,1.1464629285193908,-0.01058198013584044,0
2023-08-02,535.2239990234375,25583234,16.09000015258789,32.352921806982835,-1.3736473354745158,0.6424408757206096,-0.012477549032912094,0
2023-08-04,528.5457153320312,26279173,17.100000381469727,23.188354735524555,-2.3579597469984037,0.04236075117680696,0.007220001909998386,1
2023-08-07,532.36181640625,14369551,15.770000457763672,27.39710780992978,-2.7978550293429407,-0.5256824049271427,-0.010752657352214201,0
2023-08-08,526.6375122070312,19010690,15.989999771118164,28.985358092546647,-3.567257593746149,-1.133997442690944,0.0036233710678965636,1
2023-08-09,528.5457153320312,14389090,15.960000038146973,30.985878689363602,-3.977192030600577,-1.7026363602728707,-0.005415318995719565,0
2023-08-10,525.6834716796875,17892615,15.850000381469727,30.555523469424926,-4.481368737945786,-2.258382835807454,-0.00907417078631123,0
2023-08-11,520.913330078125,17608427,14.84000015258789,37.931072517799926,-5.205833365899821,-2.8478729418259277,-0.009157616884781561,0
2023-08-14,516.1430053710938,20939030,14.819999694824219,36.065585805543584,-6.094646844591239,-3.49722772237899,0.001848166975246368,1
2023-08-15,517.096923828125,14066307,16.459999084472656,23.52907233461785,-6.645459957026787,-4.12687416930855,0.0,0
2023-08-16,517.096923828125,28269840,16.780000686645508,24.999666795505732,-7.001276954438936,-4.701754726334627,0.003690223316111352,1
2023-08-17,519.005126953125,22843138,17.889999389648438,23.404023629978482,-7.048042991392208,-5.171012379346144,-0.00919128628851118,0
2023-08-18,514.2348022460938,17592345,17.299999237060547,21.999759453601413,-7.384902193652692,-5.613790342207454,-0.0037104062408793714,0
2023-08-21,512.3267822265625,16633821,17.1299991607666,21.99973130489856,-7.716871516712217,-6.034406577108407,0.007448806654116291,1
2023-08-22,516.1430053710938,14594304,16.969999313354492,25.0,-7.584591829326655,-6.344443627552057,0.020332556533227075,1
2023-08-23,526.6375122070312,20636332,15.979999542236328,42.10522180757036,-6.55735116620815,-6.387025135283276,0.02173929923975737,1
2023-08-24,538.0862426757812,23280827,17.200000762939453,58.06451945757759,-4.764516293993324,-6.062523367025285,-0.03191479587409485,0
2023-08-25,520.913330078125,24144537,15.680000305175781,42.10536948682292,-4.675496059518423,-5.785117905523913,0.005494195188457729,1
2023-08-28,523.7753295898438,8991985,15.079999923706055,47.94518507093305,-4.324161201835295,-5.49292656478619,0.0054645235380383905,1
2023-08-29,526.6375122070312,10516678,14.449999809265137,48.64857621556385,-3.7712983985547908,-5.14860093153991,0.005434940705892011,1
2023-08-30,529.499755859375,15117416,13.880000114440918,52.70276111648076,-3.066838892110354,-4.7322485236539995,-0.01081100832660542,0
2023-08-31,523.7753295898438,40431378,13.569999694824219,51.999887404773865,-2.9366115864301037,-4.373121136209221,-0.0018214690029231262,0
2023-09-01,522.8212890625,13669766,13.09000015258789,54.92951527957362,-2.8772217840306666,-4.07394126577351,0.01642348548384387,1
2023-09-05,526.6375122070312,12220686,14.010000228881836,55.952399992383995,-1.8705957091938217,-3.319511260676853,-0.0036230233800382816,0
2023-09-06,524.7294921875,14067008,14.449999809265137,53.571455771495074,-1.8116176061632814,-3.017932529774139,-0.014545720172038035,0
2023-09-07,517.096923828125,20717005,14.399999618530273,51.72411257451742,-2.353630327828455,-2.885072089385002,-0.005534980871366724,0
2023-09-08,514.2348022460938,15283568,13.84000015258789,51.13630993879534,-2.9797795627101777,-2.9040135840500376,-0.005565787398149613,0
2023-09-11,511.3726806640625,14631968,13.800000190734863,47.12640550857148,-3.664712114386816,-3.0561532901173933,0.014925408762844095,1
2023-09-12,519.005126953125,16028336,14.229999542236328,45.23813331810133,-3.5507209666938024,-3.1550668254326752,-0.0055146306527521505,0
2023-09-13,516.1430053710938,16191392,13.479999542236328,34.66667576526304,-3.649264997504474,-3.2539064598470353,0.02230477029054745,1
2023-09-14,527.6554565429688,17144287,12.819999694824219,55.11591782519653,-2.76651262049711,-3.1564276919770506,0.01454533761120591,1
2023-09-15,535.3303833007812,42517441,13.789999961853027,58.17113468271561,-1.431125431386704,-2.8113672398589813,-0.0322579799250996,0
2023-09-18,518.0617065429688,36684692,14.0,44.96210806515921,-1.7461310453121541,-2.598320000949616,-0.00370361512468953,0
2023-09-19,516.1430053710938,18901683,14.109999656677246,42.0655633331472,-2.1260901691319987,-2.503874034586093,-0.005576310825050612,0
2023-09-20,513.2648315429688,24635567,15.140000343322754,43.53782647853497,-2.6291479057741753,-2.5289288088237094,-0.014953389276745055,0
2023-09-21,505.58978271484375,32012694,17.540000915527344,40.21429210193016,-3.605574267999259,-2.7442579006588197,-0.009487621479738917,0
2023-09-22,500.7929382324219,29049309,17.200000762939453,31.83190122762784,-4.7121457724086895,-3.137835475008794,0.0057472332542940485,1
2023-09-25,503.6711120605469,17116402,16.899999618530273,36.05771493128002,-5.295820169660715,-3.5694324139391784,-0.011428661448429023,0
2023-09-26,497.9148254394531,26392692,18.940000534057617,34.4481727293677,-6.151954653866653,-4.085936861924673,0.00578033158668978,1
2023-09-27,500.7929382324219,16846401,18.219999313354492,39.9921773054189,-6.523014500983663,-4.573352389736471,0.0019157241052596419,1
2023-09-28,501.7523193359375,19733331,17.34000015258789,42.15465811060884,-6.6628627319090015,-4.991254458170977,0.019120489592748147,1
2023-10-02,511.3460693359375,25427911,17.610000610351562,49.98457941776692,-5.931186984264627,-5.179240963389708,-0.007504690319548035,0
2023-10-03,507.5085754394531,14490129,19.780000686645508,43.03156042629087,-5.596469749399432,-5.2626867205916525,-0.017013367555738457,0
2023-10-04,498.8741455078125,28358964,18.579999923706055,40.21732365575634,-5.9592359018222965,-5.401996556837782,0.015384617266858358,1
2023-10-05,506.54913330078125,24945684,18.489999771118164,37.49995481554259,-5.563293138591121,-5.43425587318845,0.007576059718764183,1
2023-10-06,510.38677978515625,15336587,17.450000762939453,34.52394026124911,-4.883545178461702,-5.324113734243101,0.022556207552172136,1
2023-10-11,521.899169921875,46639969,16.09000015258789,52.564072239196506,-3.3769588719728176,-4.934682761789044,0.0110294994758382,1
2023-10-12,527.6554565429688,34161176,16.690000534057617,57.31701829370951,-1.698910167804911,-4.2875282429922175,0.005454414849926037,1
2023-10-13,530.5335083007812,31123496,19.31999969482422,60.97554447126295,-0.13525067055093132,-3.4570727285039604,-0.014466546736228936,0
2023-10-16,522.8585205078125,19875676,17.209999084472656,60.97559177910017,0.4791302588619146,-2.6698321310307858,0.011009145610454851,1
2023-10-17,528.61474609375,18364998,17.8799991607666,67.46981995257653,1.4142087516236188,-1.853023954499905,-0.019963573904746235,0
2023-10-18,518.0617065429688,26418940,19.219999313354492,58.241745949571914,1.2888658544187592,-1.2246459927161721,0.011111198817425727,1
2023-10-19,523.8179931640625,22881262,21.399999618530273,64.83519863867724,1.6351657553921086,-0.652683643094516,0.01831492825760761,1
2023-10-20,533.4116821289062,45984177,21.709999084472656,67.34695467383017,2.653157495453911,0.008484584615169403,-0.021582789790211443,0
2023-10-23,521.899169921875,22747367,20.3700008392334,59.633024845561565,2.5021169163608192,0.5072110509642994,0.0,0
2023-10-24,521.899169921875,15007814,18.969999313354492,55.555548415289316,2.355266127426148,0.8768220662566693,0.0,0
2023-10-25,521.899169921875,16526355,20.190000534057617,57.89472803050266,2.2133714508827325,1.144131943181882,-0.023897073442051497,0
2023-10-26,509.42730712890625,28188348,20.68000030517578,55.5555841166389,1.0820703681018813,1.131719628165882,0.003766508351986886,1
2023-10-27,511.3460693359375,15679643,21.270000457763672,52.68821029286317,0.3364557315200045,0.9726668488367065,-0.0018760084574953595,0
2023-10-30,510.38677978515625,21404842,19.75,50.0,-0.3280740559671358,0.7125186678759381,-0.005639261163689735,0
2023-10-31,507.5085754394531,25667058,18.139999389648438,40.74073928624024,-1.0745786628469887,0.35509920173135273,-0.0018904944371453958,0
2023-11-01,506.54913330078125,13603347,16.8700008392334,35.52623648497065,-1.7237377287254958,-0.060668184360016995,0.03598483775922823,1
2023-11-02,524.7772216796875,29401438,15.65999984741211,46.739105630281905,-0.7586018814101863,-0.20025492377005086,0.0036562203781134173,1
2023-11-03,526.6959228515625,15426176,14.90999984741211,52.32552634304398,0.1592625013529414,-0.1283514387454524,0.0018217982136852218,1
2023-11-06,527.6554565429688,29215201,14.890000343322754,49.382771320249674,0.9531160586573151,0.08794206073510108,0.009090691416543395,1
2023-11-07,532.4522094726562,14777790,14.8100004196167,59.99991517372421,1.9468663323191322,0.4597269150519073,0.0018019883083972843,1
2023-11-08,533.4116821289062,15314834,14.449999809265137,57.14280520844978,2.7797982249195456,0.923741177025435,0.0017985181391391158,1
2023-11-09,534.3710327148438,13165684,15.289999961853027,50.8196499044663,3.4772309712775495,1.434439135875858,0.0,0
2023-11-10,534.3710327148438,12994933,14.170000076293945,63.265269026477434,3.984026074876965,1.9443565236760794,0.02513473521539078,1
2023-11-13,547.8023071289062,43866014,14.760000228881836,71.42854257614911,5.407126453179103,2.6369105095766843,0.0017511601143285205,1
2023-11-14,548.7615966796875,21568576,14.15999984741211,71.87493165854522,6.536995984923351,3.416927604646018,0.01573444734737639,1
2023-11-15,557.3960571289062,50305088,14.180000305175781,91.6665783061501,8.036514588536193,4.340845001424054,0.0034421487417788388,1
2023-11-16,559.314697265625,28291435,14.319999694824219,91.66656063382193,9.272820803543368,5.327240161847917,-0.005146002558760521,0
2023-11-17,556.4364624023438,22031704,13.800000190734863,88.70928352131868,9.90616083129521,6.243024295737376,-0.0051724015003309365,0
2023-11-20,553.558349609375,22010114,13.40999984741211,88.7094200612082,10.059883640706857,7.006396164731273,0.01386515243398212,1
2023-11-21,561.2335205078125,35921706,13.350000381469727,91.30422756236786,10.677943535811096,7.7407056389472375,-0.013675539001114734,0
2023-11-22,553.558349609375,21969125,12.850000381469727,75.86176637701635,10.428228184968361,8.278210148151462,0.0017335023981477349,1
2023-11-24,551.6397705078125,10058969,12.460000038146973,71.1861720194739,9.658146241781765,8.860130289519065,-0.012174064672685558,0
2023-11-27,544.924072265625,18528520,12.6899995803833,60.6555872491096,8.595434216738454,8.807191074962942,0.012324099051571835,1
2023-11-28,551.6397705078125,26343906,12.6899995803833,64.17891173580087,8.200596629921847,8.685872185954723,-0.0017391995145864536,0
2023-11-29,550.6803588867188,24868842,12.979999542236328,62.68637017089748,7.721262589224239,8.492950266608627,0.005226245454758027,1
2023-11-30,553.558349609375,47192647,12.920000076293945,64.28543514081173,7.487307685194651,8.291821750325832,0.003466453497987798,1
2023-12-01,555.4772338867188,28051165,12.630000114440918,56.89638908388908,7.371757629401827,8.10780892614103,-0.008635592437219897,0
2023-12-04,550.6803588867188,26847171,13.079999923706055,51.612889985685776,6.814561629798845,7.849159466872594,-0.006968585890123724,0
2023-12-05,546.8428955078125,22229723,12.850000381469727,40.350975098246465,5.994230800683795,7.478173733634835,0.0,0
2023-12-06,546.8428955078125,21518089,12.970000267028809,38.18207896581479,5.283211139118521,7.039181214731572,-0.007017711084378431,0
2023-12-07,543.0053100585938,20840397,13.0600004196167,37.500284012160265,4.35980474577093,6.503305920939444,0.0070673074058975605,1
2023-12-08,546.8428955078125,33507214,12.350000381469727,43.85990954993728,3.892785986296417,5.981201934010839,0.0070174878569879695,1
2023-12-11,550.6803588867188,27378610,12.630000114440918,39.622752485634756,3.788648299141755,5.542691207037023,0.006968807561934742,1
2023-12-12,554.5179443359375,29403010,12.069999694824219,51.02062808681245,3.9700156365036037,5.228156092930339,-0.0017305025677963881,0
2023-12-13,553.558349609375,22977731,12.1899995803833,48.97937191318754,3.9903213427279525,4.980589142889862,0.013937482771927856,1
2023-12-14,561.2735595703125,39409958,12.479999542236328,59.290586276961186,4.576214968787895,4.899714308069469,0.0051546851392347826,1
2023-12-15,564.166748046875,54323262,12.279999732971191,70.03421306145896,5.213893500511745,4.962550146557924,0.0,0
2023-12-18,564.166748046875,26122277,12.5600004196167,65.16258769156211,5.654081598010407,5.100856436848421,0.0,0
2023-12-19,564.166748046875,28254292,12.529999732971191,66.71199618808474,5.93452433425,5.267590016328737,0.0,0
2023-12-20,564.166748046875,38121456,13.670000076293945,64.1553136177948,6.0866145198023105,5.431394917023452,-0.01367540711615367,0
2023-12-21,556.4515380859375,24923414,13.649999618530273,51.12590086881205,5.520952024193889,5.449306338457539,0.008665662963142529,1
2023-12-22,561.2735595703125,18690214,13.029999732971191,62.23433726531803,5.399515007593891,5.43934807228481,-0.0017182646277593694,0
2023-12-26,565.1310424804688,16094308,12.989999771118164,70.21157761106036,5.308660513802238,5.369459765187141,0.010239216373673976,1
2023-12-27,570.9175415039062,33401336,12.430000305175781,79.57388524157626,5.8216090369193125,5.459889619533576,0.0016889188513939946,1
2023-12-28,571.8817749023438,25514849,12.470000267028809,78.24954034940332,6.234067563602366,5.614725208347334,0.0,0
2023-12-29,571.8817749023438,18416318,12.449999809265137,76.18761138804201,6.486175325948352,5.789015231867538,0.0,0
2024-01-02,571.8817749023438,26059058,13.199999809265137,73.6937138021844,6.609779124641705,5.953168010422371,-0.025295017103515782,0
2024-01-03,557.416015625,37106763,14.039999961853027,53.846247468453036,5.477330886398022,5.858000585617502,0.003460201929242457,1
2024-01-04,559.3447875976562,15309129,14.130000114440918,47.82609892037583,4.681527542158051,5.622705976925612,-0.006896649554985368,0
2024-01-05,555.4871826171875,18158971,13.350000381469727,40.425488939280505,3.6969549800846835,5.237555777557427,0.012153033775470279,1
2024-01-08,562.238037109375,17761275,13.079999923706055,48.14822194146037,3.421965382622375,4.874437698570417,0.005145516987729026,1
2024-01-09,565.1310424804688,22501510,12.760000228881836,50.87710532481044,3.3983019910497205,4.579210557066278,-0.003412856121006058,0
2024-01-10,563.2023315429688,13037716,12.6899995803833,49.152518737268466,3.187177925817082,4.3008040308164395,0.003424543595577978,1
2024-01-11,565.1310424804688,23997409,12.4399995803833,58.49059082164774,3.139303500198139,4.06850392469278,-0.003412856121006058,0
2024-01-12,563.2023315429688,16496053,12.699999809265137,52.00000506314373,2.9121622258505795,3.8372355849243402,0.003424543595577978,1
2024-01-16,559.3447875976562,27223860,13.84000015258789,44.23080199897276,2.3158721497882198,3.375784850200751,0.0017240805494798117,1
2024-01-17,560.3091430664062,42592335,14.789999961853027,38.297585831708446,1.9441151393652945,3.08945090803366,0.012048337137755993,1
2024-01-18,567.0599365234375,27209996,14.130000114440918,45.28308871382802,2.169222200257309,2.90540516647839,0.06462573904470159,1
2024-01-19,603.7066040039062,161106401,13.300000190734863,68.13196443002778,5.244248531873836,3.3731738395574795,0.0,0
2024-01-22,603.7066040039062,65168775,13.1899995803833,68.13196443002778,7.59369368021305,4.2172778076885935,0.003194984111520638,1
2024-01-23,605.6354370117188,41072439,12.550000190734863,82.05141520418488,9.501756259390163,5.274173498028908,-0.0015925051278725677,0
2024-01-24,604.6709594726562,26635005,13.140000343322754,80.51951361045766,10.811456581733182,6.381630114769763,0.02392345801610163,1
2024-01-25,619.1367797851562,52243347,13.449999809265137,87.50009888934677,12.868336157423869,7.678971323300584,0.003115358464864215,1
2024-01-26,621.0656127929688,41153025,13.260000228881836,86.74707706572704,14.487070809571946,9.040591220554857,0.006211071472479235,1
2024-01-29,624.923095703125,27825490,13.600000381469727,86.90486505465097,15.897934819790748,10.412059940402036,-0.009259244789886267,0
2024-01-30,619.1367797851562,36161825,13.3100004196167,82.95458141428206,16.360553104200676,11.601758573161765,-0.021806720605618946,0
2024-01-31,605.6354370117188,41277950,14.350000381469727,71.00009493370463,15.459528084655517,12.373312475460516,0.0,0
2024-02-01,605.6354370117188,44946369,13.880000114440918,72.44902967483613,14.57741984330653,12.814133949029719,0.011146528108038067,1
2024-02-02,612.3861694335938,26334815,13.850000381469727,73.78647875761773,14.258704920424066,13.10304814330859,0.017322754597549173,1
2024-02-05,622.994384765625,44017740,13.670000076293945,80.55556043896799,14.692746532454066,13.420987821137686,0.07894748186073675,1
2024-02-15,672.17822265625,112945296,14.010000228881836,86.70887267498102,18.788865957285793,14.494563448367309,-0.02008632005468458,0
2024-02-16,658.6766357421875,44232811,14.239999771118164,78.78780556098945,20.706908533940577,15.737032465481963,-0.007320494028869029,0
2024-02-20,662.5342407226562,30166461,15.420000076293945,71.63118593673974,22.726488950102976,18.071242440406817,-0.008733702497871754,0
2024-02-21,656.7478637695312,30564485,15.34000015258789,68.27580728373282,22.897082383063776,19.03641042893821,0.016152924162723625,1
2024-02-22,667.3562622070312,33145643,14.539999961853027,70.96775774126164,23.61605680124603,19.952339703399776,0.007225466699408711,1
2024-02-23,672.17822265625,46448923,13.75,68.96553981770161,24.294884808007396,20.8208487243213,0.001434763090204294,1
2024-02-26,673.1426391601562,28798079,13.739999771118164,68.75001648150248,24.626798838596414,21.582038747176327,0.0,0
2024-02-27,673.1426391601562,33006829,13.430000305175781,67.85717676193008,24.60619816354688,22.18687063045044,-0.011461478611076159,0
2024-02-29,665.4274291992188,54368302,13.399999618530273,66.9013852242744,23.694187174375656,22.488333939235485,-0.0014491353846868282,0
2024-03-01,664.463134765625,23390635,13.109999656677246,73.64337358145842,22.632705650557455,22.51720828149988,0.05224954356581191,1
2024-03-04,699.1810302734375,88861397,13.489999771118164,79.3938915058968,24.312656740490524,22.87629797329801,0.006896496336830982,1
2024-03-05,704.0029296875,64403889,14.460000038146973,79.14104855427455,25.73644336830648,23.448327052299703,0.0068494338319238235,1
2024-03-06,708.824951171875,43687122,14.5,78.34391104403295,26.9433155926331,24.147324760366384,0.03401341623994658,1
2024-03-07,732.9345092773438,71817344,14.4399995803833,74.04572555487758,29.50509401506156,25.21887861130542,0.03157914722853561,1
2024-03-08,756.0799560546875,87139744,14.739999771118164,85.81563785417141,33.02230541071185,26.779563971186708,-0.022959304350297027,0
2024-03-11,738.7208862304688,64759810,15.220000267028809,78.57136399091598,34.016863692999095,28.227023915549186,0.005221923485873914,1
2024-03-12,742.5784301757812,58110339,13.84000015258789,77.85228969826919,34.71614375945421,29.524847884330192,0.011688333571009624,1
2024-03-13,751.2579345703125,36754557,13.75,82.23680457678671,35.560769304423616,30.73203216834888,0.00641859641340492,1
2024-03-14,756.0799560546875,42010806,14.399999618530273,81.50680507577114,36.20192471528219,31.826010677735542,-0.03954094791781537,0
2024-03-15,726.183837890625,73316437,14.40999984741211,66.27900986718161,33.90682138346233,32.2421728188809,0.019346020052789514,1
2024-03-18,740.2326049804688,43589856,14.329999923706055,68.7444706299645,32.84296034850877,32.36233032480648,-0.0026178327768099363,0
2024-03-19,738.2947998046875,30152375,13.819999694824219,68.0080666194528,31.480589491163755,32.185982158077934,-0.005249324954518908,0
2024-03-20,734.4192504882812,41280325,13.039999961853027,69.48288640461097,29.74529113049732,31.69784395256181,0.03430087532125925,1
2024-03-21,759.6104736328125,46026103,12.920000076293945,73.63504762505443,30.056305473350903,31.36953625671963,0.0012754854019836337,1
2024-03-22,760.579345703125,30660820,13.0600004196167,68.32398265874895,30.03474461967585,31.102577929310876,-0.0063694635533344535,0
2024-03-25,755.73486328125,19877101,13.1899995803833,65.43702440925665,29.289121482776068,30.739886640003917,0.002564133626663301,1
2024-03-26,757.6726684570312,40990702,13.239999771118164,64.83166327837318,28.525747398284125,30.29705879165996,-0.003836403769413299,0
2024-03-27,754.7659301757812,18794479,12.779999732971191,57.608307226834704,27.370705988872714,29.711788231102513,-0.012836964973150344,0
2024-03-28,745.0770263671875,27190918,13.010000228881836,45.768572818141024,25.38093813079786,28.845618211041586,0.009102718675367605,1
2024-04-01,746.0458984375,21041261,13.649999618530273,51.42819505568128,22.311589720756615,26.775320648410535,0.025973933537622118,1
2024-04-02,765.4236450195312,37974481,14.609999656677246,55.36207789615417,22.222485312842537,25.864753581296938,-0.01265806432989669,0
2024-04-03,755.73486328125,30890544,14.329999923706055,49.87401545327252,21.126532201447617,24.917109305327074,0.003846160058665893,1
2024-04-08,758.6415405273438,32202226,15.1899995803833,64.75766915260934,20.258992966265964,23.985486037514853,0.04597692456778324,1
2024-04-09,793.5215454101562,56857731,14.979999542236328,70.37036345734776,22.130875801532966,23.614563990318477,-0.004883910592807905,0
2024-04-10,789.6460571289062,27480849,15.800000190734863,69.34310966135838,23.036091199303087,23.4988694321154,0.0061348503013820554,1
2024-04-11,794.4904174804688,25200651,14.90999984741211,72.4637892862849,23.869230684867944,23.57294168266591,-0.002438900536539723,0
2024-04-12,792.552734375,31508936,17.309999465942383,64.91232626609138,24.09538825990444,23.677430998113618,-0.014669949998398213,0
2024-04-15,780.926025390625,38913470,19.229999542236328,58.40001572357155,23.0704991674055,23.556044631971996,-0.022332464118714257,0
2024-04-16,763.4860229492188,49508969,18.399999618530273,52.89857288737072,20.613386445279502,22.9675129946335,0.020304573803327397,1
2024-04-17,778.98828125,34472074,18.209999084472656,57.2368701891137,19.690035129200055,22.312017421546813,0.0,0
2024-04-18,778.98828125,43598591,18.0,58.38932076475217,18.742223868691212,21.598058710975693,-0.06716428435320254,0
2024-04-19,726.6680908203125,130968654,18.709999084472656,45.077705832164284,13.612359697335137,20.00091890824758,-0.010666628589763083,0
2024-04-22,718.9169921875,46540798,16.940000534057617,41.23709900740614,8.81978748186225,17.764692622970514,0.01617244838495413,1
2024-04-23,730.5436401367188,30423647,15.6899995803833,45.99998803094191,5.8918946995135,15.390133038279112,0.038461631649228556,1
2024-04-24,758.6415405273438,39457128,15.970000267028809,48.32538812752357,5.772245460178851,13.46655552265906,-0.021711428291681267,0
2024-04-25,742.1703491210938,28534926,15.369999885559082,46.759245892278074,4.298781408803507,11.633000699887951,0.020887818213562337,1
2024-04-26,757.6726684570312,32571247,15.029999732971191,49.78166347290696,4.332021299523831,10.172804819815127,0.01662395984955012,1
2024-04-29,770.2681884765625,26765837,14.670000076293945,44.1747589144691,5.313467012620322,9.200937258376166,-0.006289424293391632,0
2024-04-30,765.4236450195312,39051972,15.649999618530273,43.96131810825501,5.635394323885748,8.487828671478082,-0.02278477096296294,0
2024-05-02,747.983642578125,40527228,14.680000305175781,39.090909871836985,4.432170292384626,7.676696995659391,0.010362821139254352,1
2024-05-03,755.73486328125,29901556,13.489999771118164,41.592926520752876,4.057295334706964,6.952816663468906,0.007692239354674113,1
2024-05-06,761.5481567382812,32599878,13.489999771118164,45.454537645271046,4.181091409056421,6.398471612586409,0.017811601236013885,1
2024-05-07,775.112548828125,33890214,13.229999542236328,52.77773646172641,5.312494637904138,6.181276217649955,0.002500188197215536,1
2024-05-08,777.0504760742188,21757193,13.0,49.50494524599929,6.292972906485602,6.203615555417085,-0.0074813087066846196,0
2024-05-09,771.2371215820312,21923999,12.6899995803833,48.07691783512389,6.525695716892187,6.268031587712106,0.007537700571599304,1
2024-05-10,777.0504760742188,25101318,12.550000190734863,66.24999557067954,7.0974048786457615,6.433906245898838,0.02119691042356986,1
2024-05-13,793.5215454101562,34812619,13.600000381469727,72.78102671091462,8.778374512189544,6.902799899156979,0.007326019722857957,1
2024-05-14,799.3348999023438,28691846,13.420000076293945,71.77911170404357,10.459078435144079,7.614055606354399,0.01696975092894526,1
2024-05-15,812.8994140625,39467772,12.449999809265137,68.91888613310371,12.738746986586648,8.638993882400849,0.0023837440488989614,1
2024-05-16,814.837158203125,43927195,12.420000076293945,78.19545916349522,14.534219065326965,9.818038918986073,-0.0071343008827072785,0
2024-05-17,809.0238647460938,26207289,11.989999771118164,71.54470587030227,15.311557323433476,10.916742599875555,0.0,0
2024-05-20,809.0238647460938,28808661,12.149999618530273,68.18182599109483,15.746092342480665,11.882612548396578,0.007185564864462535,1
2024-05-21,814.837158203125,19705349,11.859999656677246,72.97302512362043,16.3708358685916,12.780257212435583,0.027348315677290014,1
2024-05-22,837.12158203125,36628342,12.289999961853027,89.65520050309055,18.451419895354093,13.914489749019285,0.012731528063344877,1
2024-05-23,847.7794189453125,37266618,12.770000457763672,89.91598907381527,20.721432320915483,15.275878263398525,-0.009142824724921117,0
2024-05-24,840.0283203125,34136382,11.930000305175781,83.47111525524147,21.64546914720313,16.549796440159447,0.00230683314945912,1
2024-05-28,838.0905151367188,25329216,12.920000076293945,78.37837377684805,22.20935783010202,18.598115745263396,-0.00924844925179924,0
2024-05-29,830.3394775390625,33436835,14.279999732971191,76.99121359041985,21.284680680030192,19.135428732216756,-0.022170372534177085,0
2024-05-30,811.9305419921875,38065102,14.470000267028809,64.28573928372694,18.84913898686102,19.07817078314561,-0.020286378599183474,0
2024-05-31,795.4594116210938,77438401,12.920000076293945,50.7936865050796,15.412209722018815,18.34497857092025,0.03045061589571607,1
2024-06-03,819.681640625,28345488,13.109999656677246,57.241402381036174,14.476078740223102,17.57119860478082,-0.008274220412364697,0
2024-06-04,812.8994140625,28223635,13.15999984741211,50.0,13.036640909155494,16.664287065655756,0.017878455783154612,1
2024-06-05,827.4328002929688,31975446,12.630000114440918,54.30466283718471,12.919668964064044,15.915363445337414,0.04683845776455686,1
2024-06-06,866.1884765625,62925136,12.579999923706055,65.94597079419562,15.772412481985725,15.886773252667078,-0.016778549500156115,0
2024-06-07,851.6550903320312,41075399,12.220000267028809,61.00001259898074,16.668366906622055,16.043091983458073,0.004550680663520268,1
2024-06-11,855.5307006835938,48228488,12.850000381469727,60.606093385761184,17.48953810033231,16.33238120683292,0.029444928181927565,1
2024-06-12,880.7217407226562,48106925,12.039999961853027,61.19405090049785,19.943136524727493,17.054532270411837,0.014908648766835508,1
2024-06-13,893.8521118164062,55857091,11.9399995803833,61.68055966044048,22.68563627183505,18.18075307069648,0.0032644871689908594,1
2024-06-14,896.7700805664062,38408123,12.65999984741211,64.74682104617966,24.80856507630017,19.506315471817217,-0.0010847577783795748,0
2024-06-17,895.7973022460938,26292426,12.75,64.0609097239759,26.11150914454504,20.82735420636278,0.02388711173861946,1
2024-06-18,917.1953125,37876013,12.300000190734863,68.92968406539237,28.54173099439845,22.370229563969914,0.04029698426759576,1
2024-06-20,954.155517578125,48225374,13.279999732971191,82.36151239096006,36.23894093610227,26.855756147912068,-0.011212966206363473,0
2024-06-21,943.4566040039062,88376132,13.199999809265137,84.58334022684109,37.456151766682865,28.975835271666227,-0.030927907081005457,0
2024-06-24,914.2774658203125,66391994,13.329999923706055,71.60425299866627,35.655275704581186,30.31172335824922,0.005319195098481888,1
2024-06-25,919.1406860351562,57368432,12.84000015258789,74.47846103782689,34.225954183553654,31.09456952331011,0.01587308649376551,1
2024-06-26,933.7302856445312,44967166,12.550000190734863,74.48507032938852,33.87991872499447,31.651639363646982,0.0,0
2024-06-27,933.7302856445312,39729446,12.239999771118164,68.93940820179124,33.222712383103385,31.965853967538266,0.006249935858622102,1
2024-06-28,939.5660400390625,39138210,12.4399995803833,75.91521637981197,32.794730985651654,32.13162937116095,0.0020703072980443604,1
2024-07-01,941.51123046875,19935737,12.220000267028809,75.63794336631717,32.240860683057235,32.153475633540204,-0.008264314404773376,0
2024-07-02,933.7302856445312,25427569,12.029999732971191,67.63752113069634,30.81879734680706,31.88653997619358,0.019791561602817476,1
2024-07-03,952.2102661132812,24070411,12.09000015258789,68.75000490252602,30.8276202706503,31.674756035084926,0.026557634430533383,1
2024-07-05,977.4987182617188,19998094,12.479999542236328,73.07696551305631,33.440843748115526,32.16009794455782,0.029850819892104585,1
2024-07-08,1006.6778564453125,40146763,12.369999885559082,74.21057464036261,36.12414249364076,32.95290685437441,0.004830959759079434,1
2024-07-09,1011.5410766601562,46373121,12.510000228881836,68.78985728817557,38.202720131989736,34.00286950989748,0.004807733790604729,1
2024-07-10,1016.404296875,46206302,12.850000381469727,69.75314285005969,39.78382593265542,35.15906079444907,0.03349269022423185,1
2024-07-11,1050.4464111328125,41724336,12.920000076293945,79.56990299352671,43.28481735906905,36.784212107373065,-0.03703695310901234,0
2024-07-12,1011.5410766601562,68983062,12.460000038146973,75.51027203516188,42.43092564281005,37.91355481446047,0.0,0
2024-07-15,1011.5410766601562,38393309,13.119999885559082,74.86917256080092,41.278378849241676,38.58651962141671,0.014423201371814187,1
2024-07-16,1026.1307373046875,32125609,13.1899995803833,74.86918081745767,41.0688250441666,39.08298070596669,-0.023696824542000172,0
2024-07-17,1001.814697265625,54022399,14.479999542236328,66.20370303120276,38.4968828285937,38.9657611304921,-0.024271932793833884,0
2024-07-18,977.4987182617188,81990095,15.930000305175781,58.297851546071314,34.10338125393196,37.99328515518007,-0.034825738000300865,0
2024-07-19,943.4566040039062,92507621,16.520000457763672,50.37315416126657,27.55692638992491,35.90601340212904,-0.03195892141810175,0
2024-07-22,913.3047485351562,83062356,14.90999984741211,46.39172100886727,19.70862226945019,32.666535175593275,0.04259861523826003,1
2024-07-23,952.2102661132812,47213266,14.720000267028809,50.0,16.438640417538977,29.42095622398242,-0.05617974935345549,0
2024-07-26,898.71533203125,82081735,16.389999389648438,38.123195757431766,9.421951741633961,25.42115532751273,0.02164500488707577,1
2024-07-29,918.1680297851562,40809258,16.600000381469727,41.551267387245815,5.368955571460106,21.410715376302207,-0.004237311514488362,0
2024-07-30,914.2774658203125,41761392,17.690000534057617,35.82090838317923,1.8219881637699018,17.492969933795745,-0.006382913954130154,0
2024-07-31,908.4417114257812,39894991,16.360000610351562,34.22620259353732,-1.4432685679017823,13.70572223345624,0.027837310749481148,1
2024-08-01,933.7302856445312,47382270,18.59000015258789,38.095248139622974,-1.9677484790502149,10.57102809095495,-0.059375142377517065,0
2024-08-02,878.2899169921875,76144485,23.389999389648438,26.64910928229969,-6.778834814991114,7.101055509765738,-0.09745278320866957,0
2024-08-05,792.6981201171875,144057989,38.56999969482422,23.65343113085612,-17.298788420756864,2.2210867236612173,0.07975458989005335,1
2024-08-06,855.91943359375,102930842,27.709999084472656,33.73985839668188,-20.300484462234976,-2.283227513518021,0.04545443524900983,1
2024-08-07,894.8247680664062,59158704,27.850000381469727,36.943897131855465,-19.317336622699827,-5.690049335354383,-0.026086896023268524,0
2024-08-08,871.4815673828125,38236391,23.790000915527344,37.01550882533716,-20.189059177621857,-8.589851303807878,0.04241070084128751,1
2024-08-09,908.4417114257812,49494621,20.3700008392334,43.2892358733679,-17.693570381866834,-10.41059511941967,0.006423917265282908,1
2024-08-12,914.2774658203125,38331663,20.709999084472656,46.999992846233816,-15.071248947658887,-11.342725885067514,0.0010639191290615635,1
2024-08-13,915.2501831054688,25764381,18.1200008392334,50.21278385422231,-12.767375801840672,-11.627655868422146,0.007438718614748652,1
2024-08-14,922.0584716796875,36780856,16.190000534057617,46.453075936557774,-10.273738484503042,-11.356872391638326,-0.005274241633319021,0
2024-08-15,917.1953125,19476402,15.229999542236328,52.454769635497804,-8.590898714774767,-10.803677656265615,0.02757163482423497,1
2024-08-16,942.48388671875,44062316,14.800000190734863,53.18065930233728,-5.1572103681668295,-9.674384198645859,0.004127989899529005,1
2024-08-19,946.3744506835938,21348863,14.649999618530273,54.1984773047966,-2.0978686935075075,-8.15908109761819,0.0,0
2024-08-20,946.3744506835938,24039959,15.880000114440918,55.03875566757655,0.32295875750492087,-6.462673126593568,-0.015416178583988693,0
2024-08-21,931.7849731445312,29758188,16.270000457763672,49.73403669412418,1.0521050335864857,-4.959717494557558,-0.007306912942275368,0
2024-08-22,924.9765014648438,24349754,17.549999237060547,57.36198462411784,1.0682577365973884,-3.754122448326569,-0.002103027981535943,0
2024-08-23,923.03125,27592153,15.859999656677246,77.9166930313966,0.9135623558738644,-2.8205854874864826,0.0010536308274367023,1
2024-08-26,924.0037841796875,25057581,16.149999618530273,69.88636809321596,0.8595323784059019,-2.0845619143080056,-0.008420967524806033,0
2024-08-27,916.2227783203125,18693037,15.430000305175781,57.63891945410547,0.18669893857747866,-1.6303097437309089,0.023354526568285294,1
2024-08-28,937.6207275390625,31059233,17.110000610351562,73.94370305162764,1.3643815209645709,-1.031371490791813,-0.021784304078550254,0
2024-08-29,917.1953125,43530708,15.649999618530273,53.59995943679394,0.6421409596506464,-0.6966690007033212,0.0010605345141865286,1
2024-08-30,918.1680297851562,63834981,15.0,51.66667799696383,0.1465608051903473,-0.5280230395245875,0.004237178564626687,1
2024-09-03,914.2774658203125,19547575,20.719999313354492,46.77421966803946,-0.6168679788697773,-0.45059407099726984,-0.05425526929363966,0
2024-09-04,864.673095703125,79709021,21.31999969482422,34.11765270437178,-5.102647857052034,-1.3810048282082226,0.01462312882990413,1
2024-09-05,877.3173217773438,30512026,19.899999618530273,28.662376848250503,-7.550341717433184,-2.614872206053215,0.017738387739445916,1
2024-09-06,892.8795166015625,24458336,22.3799991607666,33.72778274722896,-8.14057815520232,-3.7200133958830364,-0.020697264558780737,0
2024-09-09,874.3993530273438,35885268,19.450000762939453,30.319102773790846,-9.984445072136282,-4.972899731133686,0.005561783866841141,1
2024-09-10,879.2625732421875,33498628,19.079999923706055,34.83142343943072,-10.927338108753588,-6.163787406657667,-0.003318585145827724,0
2024-09-11,876.3446655273438,18029342,17.690000534057617,35.6321511597294,-11.774311466731774,-7.285892218672489,0.04793777085451345,1
2024-09-12,918.3546752929688,39454846,17.06999969482422,48.88282272689761,-8.952488544052471,-7.619211483748486,0.007446802783643625,1
2024-09-13,925.1934814453125,25347586,16.559999465942383,50.276455917960725,-6.094090167475201,-7.314187220493829,0.0,0
2024-09-16,925.1934814453125,13626239,17.139999389648438,52.16277813159608,-3.785155938903472,-6.608380964175758,-0.006335773569321801,0
2024-09-18,919.3316650390625,28424324,18.229999542236328,45.23355649525914,-2.4006354909324727,-5.766831869527102,0.02019129842461287,1
2024-09-19,937.8941650390625,32739630,16.329999923706055,55.447370940373034,0.19222965196138375,-4.575019565229405,0.01354157216972185,1
2024-09-20,950.5947265625,60133709,16.149999618530273,58.03766186021813,3.234636256930685,-3.013088400797387,0.004111003185711226,1
2024-09-23,954.5026245117188,14497067,15.890000343322754,58.041292851521874,5.893167350711224,-1.231837250495665,0.010235462050848465,1
2024-09-24,964.2723999023438,26785975,15.390000343322754,62.27029440006232,8.688258781834634,0.7521819559703949,0.018237013960506365,1
2024-09-25,981.8578491210938,39405222,15.40999984741211,84.12395532927367,12.181961592537164,3.038137883283749,0.009950357309387092,1
2024-09-26,991.627685546875,38321585,15.369999885559082,83.85366035299353,15.559727536967102,5.54245581402042,-0.014778330884034685,0
2024-09-27,976.9730834960938,35783779,16.959999084472656,75.0393912860478,16.85977844052411,7.805920339321159,-0.04300017111555665,0
2024-09-30,934.9630737304688,61603217,16.729999542236328,65.81691403475438,14.334976763254986,9.111731624107925,0.015674055476293747,1
2024-10-01,949.6177368164062,26760355,19.260000228881836,67.48007918284085,13.362527185204385,9.961890736327218,0.005144056925146634,1
2024-10-04,954.5026245117188,40934818,19.209999084472656,69.23075767869705,12.838034628976516,10.537119514857078,0.028659140275668404,1
2024-10-07,981.8578491210938,39667071,22.639999389648438,66.83933781805729,14.462988183346738,11.322293248555011,0.004975209736156394,1
2024-10-08,986.7427978515625,30845902,21.420000076293945,66.49212210814153,15.960962084120297,12.250027015668069,0.009900911708283111,1
2024-10-09,996.512451171875,46975717,20.860000610351562,68.1591654762482,17.732042617866796,13.346430136107815,0.024509918012404208,1
2024-10-11,1020.9368896484375,43058754,20.459999084472656,73.63632852721834,20.86595502143541,14.850335113173335,0.0,0
2024-10-14,1020.9368896484375,36858874,19.700000762939453,71.14424319581471,23.083510835952893,16.49697025772925,0.02392343410635367,1
2024-10-15,1045.3612060546875,42850176,20.639999389648438,72.76992702613919,26.50623067932463,18.498822342048324,-0.02336447561358257,0
2024-10-16,1020.9368896484375,52652149,19.579999923706055,64.52990871109182,26.937404966603594,20.186538866959378,-0.009569421469322381,0
2024-10-17,1011.1671142578125,54173771,19.110000610351562,60.25639279994212,26.18888530334948,21.3870081542374,0.04830915891519516,1
2024-10-18,1060.0157470703125,85011961,18.030000686645508,65.03757694413332,29.200746471844354,22.949755817758792,0.0,0
2024-10-21,1060.0157470703125,36491060,18.3700008392334,63.67184449529105,31.22769472098605,24.605343598404247,-0.009216747475629172,0
2024-10-22,1050.245849609375,41197877,18.200000762939453,64.94016348171601,31.680523384016738,26.02037955552675,-0.013953322406142332,0
2024-10-23,1035.5914306640625,31423466,19.239999771118164,73.09418145887537,30.505258592930204,26.91735536300744,0.0,0
2024-10-24,1035.5914306640625,38236996,19.079999923706055,71.15385019707749,29.23682881537877,27.381250053481708,0.004717120691596133,1
2024-10-25,1040.4764404296875,22009575,20.329999923706055,71.15386752519896,28.299548955975183,27.564909833980405,-0.014084804477178192,0
2024-10-28,1025.821533203125,40142324,19.799999237060547,61.53839992746661,26.073658473059027,27.266659561796132,-0.009523616861009554,0
2024-10-29,1016.052001953125,45415773,19.34000015258789,57.499992190794515,23.253255647719357,26.463978778980778,-0.009615428513348623,0
2024-10-30,1006.2822265625,38201984,20.350000381469727,52.50000624736049,19.999188666246937,25.17102075643401,-0.004854330655171157,0
2024-11-01,1001.3973999023438,54480255,21.8799991607666,44.44444444444444,16.83212222449697,23.503241050046604,0.014634152287803293,1
2024-11-04,1016.052001953125,26747978,21.979999542236328,48.71794461054248,15.328011389860649,21.868195118009414,0.009615188229756377,1
2024-11-05,1025.821533203125,32385622,20.489999771118164,44.44438659841761,14.754234608993329,20.4454030162062,0.009523973853844847,1
2024-11-06,1035.5914306640625,55349259,16.270000457763672,54.545430450938504,14.915920009938532,19.339506414952666,0.004717120691596133,1
2024-11-07,1040.4764404296875,43975446,15.199999809265137,59.37502196337329,15.262302000416184,18.52406553204537,0.02347404841367773,1
2024-11-08,1064.900634765625,37099479,14.9399995803833,51.85185699371376,17.308123313196575,18.280877088275613,-0.004587176996459941,0
2024-11-11,1060.0157470703125,34690205,14.970000267028809,50.0,18.324053547649783,18.289512380150448,-0.03225821310833732,0
2024-11-12,1025.821533203125,51099848,14.710000038146973,42.42425733989521,16.183445604637768,17.868299025047914,-0.014285544289126095,0
2024-11-13,1011.1671142578125,42331232,14.020000457763672,42.42425733989521,13.152890911715758,16.925217402381485,0.0,0
2024-11-14,1011.1671142578125,44627940,14.3100004196167,42.42425733989521,10.628634204592231,15.665900762823634,0.0,0
2024-11-15,1011.1671142578125,34791611,16.139999389648438,40.62496339432067,8.529816166765045,14.238683843611916,-0.009661819710819697,0
2024-11-18,1001.3973999023438,31815076,15.579999923706055,41.93553587831549,6.008886745048017,12.592724423899137,0.014634152287803293,1
2024-11-19,1016.052001953125,24349599,16.350000381469727,50.0,5.134350333280167,11.101049605775344,-0.014423082699124845,0
2024-11-20,1001.3973999023438,40203197,17.15999984741211,48.48485995844927,3.2216330341601633,9.525166291452308,-0.014634152287803404,0
2024-11-21,986.7427978515625,41429227,16.8700008392334,45.71428367432689,0.5173234990703577,7.723597732975918,0.02970298254558079,1
2024-11-22,1016.052001953125,25187973,15.239999771118164,50.0,0.7307232104600416,6.325022828472743,-0.009615428513348623,0
2024-11-25,1006.2822265625,49566674,14.600000381469727,44.73689056128303,0.1102340846845209,5.0820650797150995,-0.019417443928911426,0
2024-11-26,986.7427978515625,27312402,14.100000381469727,37.500007809215255,-1.9358612139857314,3.6784798209749336,-0.009900973563465976,0
2024-11-27,976.9730834960938,31276090,14.100000381469727,34.14630504206009,-4.296216667636713,2.0835405232526045,0.004999897855445301,1
2024-11-29,973.0651245117188,40094983,13.510000228881836,26.45500284437516,-7.448461733930685,-1.0693256693056972,0.039156669770908925,1
2024-12-02,1011.1671142578125,31168404,13.34000015258789,46.11403123173126,-5.688598680786072,-1.9931802716017721,0.019323639421639394,1
2024-12-03,1030.70654296875,43414538,13.300000190734863,55.05049963241442,-2.6862603951901747,-2.1317962963194526,0.014218075150398857,1
2024-12-04,1045.3612060546875,33466290,13.449999809265137,58.21597263121833,0.8656445521770593,-1.5323081266201504,0.004672684930716597,1
2024-12-05,1050.245849609375,31425359,13.539999961853027,59.1742795880855,4.028269343768329,-0.42019263254245454,-0.009302021220384815,0
2024-12-06,1040.4764404296875,30765288,12.770000457763672,59.174364378182624,5.680876988444197,0.8000212916548759,0.00938936125805312,1
2024-12-09,1050.245849609375,22247131,14.1899995803833,58.21594770720399,7.690241807143252,2.1780653947525512,-0.009302021220384815,0
2024-12-10,1040.4764404296875,28506584,14.180000305175781,59.615471834236956,8.397566311081619,3.421965578018365,-0.01877942644542796,0
2024-12-11,1020.9368896484375,25264194,13.579999923706055,58.216016007442924,7.2973285659642215,4.197038175607537,0.01825117788394004,1
2024-12-12,1039.5701904296875,22791260,13.920000076293945,55.956438398516,7.838575653439648,4.925345671173959,0.0047171500673015565,1
2024-12-13,1044.4739990234375,20423659,13.8100004196167,59.91724927538438,8.564488152205854,5.653174167380339,0.01877919402603756,1
2024-12-16,1064.08837890625,39722392,14.6899995803833,70.07649546705264,10.600301888019658,6.642599711508203,-0.009216575588056997,0
2024-12-17,1054.2811279296875,37880707,15.869999885559082,70.06284255401111,11.292166681332901,7.572513105473143,0.009302311040909172,1
2024-12-18,1064.08837890625,41863190,27.6200008392334,70.8086661936342,12.487885139394393,8.555587512257393,-0.013824806022981306,0
2024-12-19,1049.3775634765625,42702851,24.09000015258789,68.74949576079162,12.108877171810718,9.266245444168058,-0.032710285266063455,0
2024-12-20,1015.0521240234375,52030520,18.360000610351562,50.97257144393824,8.935729010955129,9.200142157525473,0.04347825041216158,1
2024-12-23,1059.184814453125,30728473,16.780000686645508,56.34763169837934,9.868369101417102,9.3337875463038,0.0,0
2024-12-24,1059.184814453125,26461906,14.270000457763672,53.29655710455608,10.486609980252751,9.564352033093591,0.004629564535115316,1
2024-12-26,1064.08837890625,14374900,14.729999542236328,55.905439211488655,11.706865455430489,10.261382191475164,0.004608345153132687,1
2024-12-27,1068.9920654296875,24948385,15.949999809265137,54.80546155824763,12.328333706675949,10.674772494515322,0.0,0
2024-12-30,1068.9920654296875,23954634,17.399999618530273,57.69520657149558,12.674745200310554,11.07476703567437,-0.013761502985606189,0
2024-12-31,1054.2811279296875,28397820,17.350000381469727,59.23903043553555,11.6281865961746,11.185450947774417,-0.0093021952555562,0
2025-01-02,1044.4739990234375,43177098,17.93000030517578,51.42862426456363,9.893383257436653,10.927037409706864,0.00938953857675684,1
2025-01-03,1054.2811279296875,30415096,16.1299991607666,52.777747044538,9.203796813540066,10.582389290473506,0.046511670989898724,1
2025-01-06,1103.3175048828125,69289786,16.040000915527344,59.523839159392615,12.470369734798624,10.95998537933853,0.004444381994687774,1
2025-01-07,1108.2210693359375,48758688,17.81999969482422,63.41465339801699,15.278705572674426,11.82372941800571,-0.02212402491279719,0
2025-01-08,1083.7027587890625,45211419,17.700000762939453,54.545423685278045,15.348975765872865,12.528778687579141,-0.004524598901989529,0
2025-01-10,1078.7994384765625,22021522,19.540000915527344,68.5715017290603,14.268507882522044,13.246194432344197,-0.02272740388287442,0
2025-01-13,1054.2811279296875,56690300,19.190000534057617,48.38707605086387,11.70387084894196,12.93772971566375,0.0139535244540403,1
2025-01-14,1068.9920654296875,28695247,18.709999084472656,52.94117647058823,10.734684473927018,12.497120667316404,-0.022935686053380366,0
2025-01-15,1044.4739990234375,35489482,16.1200008392334,44.736874860381306,7.897160683614175,11.57712867057596,0.03755838805207512,1
2025-01-16,1083.7027587890625,47542962,16.600000381469727,54.34780373419574,8.713393129104134,11.004381562281594,0.013575035766611787,1
2025-01-17,1098.4140625,59214050,15.970000267028809,56.25004862085329,10.427144849615615,10.888934219748398,0.0,0
2025-01-21,1098.4140625,21904213,15.0600004196167,60.00006638368776,12.477085873136502,11.328495068865045,0.01339277776197223,1
2025-01-22,1113.1248779296875,42960405,15.100000381469727,65.21741012769476,14.15562751032553,11.893921557157142,-0.057268789618366345,0
2025-02-03,1049.3775634765625,97946226,18.6200008392334,49.122819276750626,10.224150688383133,11.559967383402341,0.023364506093816573,1
2025-02-04,1073.895751953125,53308108,17.209999084472656,44.23077751644551,8.9832861543548,11.044631137592834,0.013698664393862137,1
2025-02-05,1088.606689453125,40385340,15.770000457763672,46.29632617573856,9.082247289753013,10.65215436802487,0.004504328726177231,1
2025-02-06,1093.5101318359375,29971252,15.5,52.0000238981223,9.447437346146899,10.411210963649276,0.008968707981158897,1
2025-02-07,1103.3175048828125,27883220,16.540000915527344,54.90193781422366,10.408246353087861,10.410618041536994,-0.017777970536081877,0
2025-02-10,1083.7027587890625,28527108,15.8100004196167,50.90903165769283,9.477695358419396,10.224033504913475,0.004525162111372882,1
2025-02-11,1088.606689453125,18898928,16.020000457763672,56.86275658306744,9.031820012625303,9.985590806455841,-0.009008993855704972,0
2025-02-12,1078.7994384765625,24172954,15.890000343322754,52.00001792353818,7.7972159457087855,9.54791583430643,-0.009091006814690772,0
2025-02-13,1068.9920654296875,33210403,15.100000381469727,55.31911174763853,5.958721850274742,8.830077037500093,-0.027523005971212378,0
2025-02-14,1039.5701904296875,64486940,14.770000457763672,40.000077447164436,2.103356426783421,7.4847329153567586,0.023584928369702718,1
2025-02-18,1078.7994384765625,21616188,15.350000381469727,45.99999502124683,1.3236756211376814,5.217311069133931,-0.009091006814690772,0
2025-02-19,1068.9920654296875,26400293,15.270000457763672,44.23075173885299,0.7683364462100144,4.327516144549148,-0.009174297259746611,0
2025-02-20,1059.184814453125,29643124,15.65999984741211,39.21571020160521,-0.4578591271053938,3.3704410902182396,0.013888924103953926,1
2025-02-21,1073.895751953125,28972910,18.209999084472656,56.09753728139813,-0.23981381700104976,2.648390108774382,-0.01826492374866351,0
2025-02-24,1054.2811279296875,30822970,18.979999542236328,45.000003111714925,-1.6309470281391896,1.7925226813916677,-0.018604506296465373,0
2025-02-25,1034.666748046875,45158522,19.43000030517578,36.58542805100182,-4.2669597964275,0.5806261858278342,0.004739151414761,1
2025-02-26,1039.5701904296875,36768449,19.100000381469727,36.58542805100182,-5.892427845928296,-0.7139846205233918,-0.0188678957262306,0
2025-02-27,1019.9556884765625,55283596,21.1299991607666,30.232611993006586,-8.663482139137841,-2.3038841242462818,-0.01923073931027519,0
2025-03-03,1000.3411865234375,65621663,22.780000686645508,30.232646997866084,-12.300496545871738,-4.303206608571373,-0.01960775101756662,0
2025-03-04,980.7267456054688,64569262,23.510000228881836,26.086961227569503,-16.57451740447982,-6.757468767753063,0.019999904158685355,1
2025-03-05,1000.3411865234375,41994320,21.93000030517578,33.333307402238475,-18.169541110451974,-9.039883236292846,-0.014705920038268205,0
2025-03-06,985.6302490234375,45187017,24.8700008392334,32.65304515390247,-20.385665340367837,-11.309039657107844,0.0,0
2025-03-07,985.6302490234375,40822280,23.3700008392334,37.20929895972577,-21.889629733146762,-13.42515767231563,-0.00696513857639125,0
2025-03-10,978.7651977539062,46849886,27.860000610351562,27.91876761407667,-23.366134361718082,-15.41335301019612,-0.02705410278029763,0
2025-03-11,952.2855834960938,50204233,26.920000076293945,19.138671207916744,-26.368993149834864,-17.60448103812387,0.017507734623096294,1
2025-03-12,968.9579467773438,34184887,24.229999542236328,26.388836466344685,-27.091169851423956,-19.501818800783887,-0.023279403167427493,0
2025-03-13,946.4011840820312,37035693,24.65999984741211,24.89076988175671,-29.14764640128169,-21.43098432088345,-0.006217594058289144,0
2025-03-14,940.516845703125,34333748,21.770000457763672,19.090823710990833,-30.896084977393116,-23.324004452185385,0.01147031544584265,1
2025-03-17,951.3048706054688,31491061,20.510000228881836,25.118430432867996,-31.053268941083843,-24.869857349965077,0.005696521257711806,1
2025-03-18,956.7239990234375,21575327,21.700000762939453,29.780081904812576,-30.390240218996837,-25.97393392377143,-0.01956737896592564,0
2025-03-19,938.00341796875,35245036,19.899999618530273,25.41407225121978,-31.017825432903805,-26.982712225597908,0.03466380813219572,1
2025-03-20,970.5181884765625,28715956,19.799999237060547,38.73629903630877,-28.562272891234443,-27.298624358725217,-0.013197999870448118,0
2025-03-21,957.7092895507812,39214916,19.280000686645508,39.976010656572655,-27.3347034593196,-27.305840178844093,0.0,0
2025-03-24,957.7092895507812,16121506,17.479999542236328,44.03800695864651,-26.061425944750113,-27.0569573320253,0.018518512617559324,1
2025-03-25,975.4446411132812,26167428,17.149999618530273,43.48789248177702,-23.352061659748415,-26.315978197569923,-0.010100937416799294,0
2025-03-26,965.5917358398438,21735917,18.329999923706055,44.62191335525995,-21.74920673849988,-25.402623905755917,-0.02244900603688116,0
2025-03-27,943.9151611328125,34563256,18.690000534057617,39.97109863910041,-21.97473996214535,-24.717047117033804,-0.006263002659018357,0
2025-03-28,938.00341796875,33101234,21.649999618530273,40.15516094100151,-22.37260744148341,-24.248159181923725,-0.04411765088642505,0
2025-03-31,896.6209106445312,51064611,22.280000686645508,37.458615259287534,-25.7305371626519,-24.544634778069362,0.037362569439825855,1
2025-04-01,930.1209716796875,32197752,21.770000457763672,41.86665821340914,-25.395798745803972,-24.714867571616285,-0.002118563154180575,0
2025-04-02,928.1504516601562,24849656,21.510000228881836,45.81722583399498,-25.001320970677057,-24.77215825142844,-0.09978774650868749,0
2025-04-07,835.5324096679688,23820773,46.97999954223633,32.78374174026172,-31.795675682183173,-26.176861737579387,-0.037735795303258435,0
2025-04-08,804.0029296875,116648736,52.33000183105469,27.38274078565479,-39.27171637274898,-28.795832664613307,-0.037990298785738785,0
2025-04-09,773.4586181640625,107582838,33.619998931884766,23.8763858230093,-47.11805553819306,-32.46027723932926,0.09936313291950838,1
2025-04-10,850.3118896484375,19416428,40.720001220703125,39.2771015638434,-46.59776906178797,-35.287775603821004,0.03012738748348176,1
2025-04-11,875.9295654296875,76103586,37.560001373291016,38.23528518657413,-43.61553322380064,-36.953327127816934,-0.026996571025619365,0
2025-04-14,852.282470703125,66326054,30.889999389648438,37.23150170987038,-42.66835847736763,-38.09633339772708,0.013872803641645781,1
2025-04-15,864.1060180664062,30562095,30.1200008392334,38.97911372756436,-40.496831937907814,-38.57643310576323,-0.02508547934937444,0
2025-04-16,842.4295043945312,42128082,32.63999938964844,34.48275567439049,-40.063171700612656,-38.87378082473312,-0.009356729806812125,0
2025-04-17,834.547119140625,33684502,29.649999618530273,34.642023345746836,-39.895643310443916,-39.07815332187528,0.0035418869878491854,1
2025-04-21,822.7235717773438,18415705,33.81999969482422,36.1702034184492,-39.16385619036589,-39.09462002715292,-0.02275447395946273,0
2025-04-22,804.0029296875,28888527,30.56999969482422,38.249993069797746,-40.28137486255059,-39.33197099423246,0.06985288759004926,1
2025-04-23,860.1648559570312,37863656,28.450000762939453,41.60756296921668,-36.21772301028193,-38.70912139744235,-0.010309274692911874,0
2025-04-24,851.2971801757812,32238198,26.469999313354492,40.930223244474064,-33.328605547204916,-37.63301822739487,0.027777720022142738,1
2025-04-25,874.9442749023438,34640282,24.84000015258789,55.555553643643535,-28.7988608837328,-35.86618675866246,0.010135132071399378,1
2025-04-28,883.8119506835938,21830091,25.149999618530273,62.01779815437848,-24.214330547935674,-33.535815516517104,0.00557423409269453,1
2025-04-29,888.738525390625,24362874,24.170000076293945,68.81031513556601,-19.953512153825045,-30.819354843978694,0.006651836277114409,1
2025-04-30,894.6502685546875,35405654,24.700000762939453,59.41423461717899,-15.91628162508016,-27.838740200198988,0.0462555132197886,1
2025-05-02,936.0327758789062,43873135,22.68000030517578,61.960805938844516,-9.27065847128165,-24.12512385441552,-0.01263148752138843,0
2025-05-05,924.2092895507812,52770209,23.639999389648438,65.02061169483935,-4.901509229138469,-20.280400929360113,-0.019189822909350673,0
2025-05-06,906.473876953125,37538894,24.760000228881836,58.63455693591927,-2.8373196970259187,-16.791784682893276,0.0086956562724132,1
2025-05-07,914.3562622070312,36907620,23.549999237060547,65.53193115828375,-0.558948793241143,-13.54521750496285,-0.01077585041612894,0
2025-05-08,904.5032958984375,27985917,22.479999542236328,64.9789226945913,0.44647780810691984,-10.746878442348896,0.033769019517817966,1
2025-05-09,935.0474853515625,36383573,21.899999618530273,68.6792632779973,3.6656906537643863,-7.86436462312624,0.008429865158972483,1
2025-05-12,942.9298095703125,23402547,18.389999389648438,73.64341364458053,6.774881104094106,-4.93651547768217,0.01253922431811283,1
2025-05-13,954.75341796875,38047856,18.219999313354492,80.47809433552489,10.076843738226671,-1.9338436345004022,0.030959720457108375,1
2025-05-14,984.3123168945312,40475123,18.6200008392334,78.12500691360975,14.906990517017107,1.4343231958030995,-0.006005900797378394,0
2025-05-15,978.400634765625,24662270,17.829999923706055,79.18556462632704,18.049826136646516,4.757423783971783,0.005035209976022692,1
2025-05-16,983.3270874023438,16878650,17.239999771118164,77.2277704417116,20.699459084451746,7.945830844067776,-0.014028016307786939,0
2025-05-19,969.532958984375,19906139,18.139999389648438,71.01454653295511,21.4391047499945,10.64448562525312,-0.0060975794009227036,0
2025-05-20,963.6211547851562,20897857,18.09000015258789,68.26926141005187,21.30268201907188,12.776124904016873,0.012269849275736489,1
2025-05-21,975.4446411132812,26248757,20.8700008392334,69.15890339345474,21.89621660057469,14.600143243328437,-0.008080749933439435,0
2025-05-22,967.5623168945312,18747545,20.280000686645508,58.88891489093709,21.482917641560448,15.97669812297484,0.0020367081845111823,1
2025-05-23,969.532958984375,22213030,22.290000915527344,63.529428912391936,21.07149055956745,16.995656610293363,-0.008130147836665325,0
2025-05-27,950.812255859375,26355315,18.959999084472656,61.34970887268496,17.85573811935467,17.629202626209374,0.0020725238263850088,1
2025-05-28,952.7828369140625,26471533,19.309999465942383,65.80646940385536,16.223320842801627,17.348026269527825,0.0,0
2025-05-29,952.7828369140625,48602590,19.18000030517578,57.25807821387572,14.759480288889108,16.83031707340008,-0.021716620349236493,0
2025-06-02,932.0916137695312,33676511,18.360000610351562,45.985423242779106,11.793815555190008,15.823016769758068,0.004228299076135089,1
2025-06-03,936.0327758789062,26020787,17.690000534057617,42.63564625824207,9.650281296142907,14.588469675035036,0.04210521922949595,1
2025-06-04,975.4446411132812,37233567,17.610000610351562,46.7625835157548,11.004865854946388,13.871748911017306,0.00808087507668942,1
2025-06-05,983.3270874023438,24414444,18.479999542236328,51.77303873995739,12.569537610914836,13.611306650996813,-0.003006052263846648,0
2025-06-06,980.3711547851562,13670307,16.770000457763672,48.920848240467905,13.416376554408771,13.572320631679204,0.010050240932224286,1
2025-06-09,990.22412109375,21674308,17.15999984741211,57.777747187196006,14.712952793394038,13.800447064022173,0.03980120109724994,1
2025-06-10,1029.63623046875,44877640,16.950000762939453,69.82250863118354,18.70510583341502,14.781378817900743,0.01913873272331945,1
2025-06-11,1049.3421630859375,37178498,17.260000228881836,71.18647270971027,23.19168069368095,16.463439193056786,-0.014615741749475442,0
2025-06-12,1034.0052490234375,25221606,18.020000457763672,68.2683603901498,25.219053257921473,18.214562006029723,-0.014354168095633724,0
2025-06-13,1019.1629638671875,28393455,20.81999969482422,62.74367156057624,25.33605399227895,19.63886040327957,-0.004854363699147601,0
2025-06-16,1014.215576171875,28580673,19.110000610351562,63.70387413947615,24.744327868377127,20.659953896299083,0.019512294345013004,1
2025-06-17,1034.0052490234375,26517379,21.600000381469727,70.72152905563266,25.577401498853533,21.643443416809973,0.009569248637429473,1
2025-06-18,1043.89990234375,37931721,20.139999389648438,71.83338403397723,26.727931229207798,22.66034097928954,-0.0189573260202619,0
2025-06-20,1043.89990234375,57831332,20.6200008392334,74.56758843834012,26.262106201041547,23.87441514353824,-0.033175379003857475,0
2025-06-23,1009.2681274414062,32143872,19.829999923706055,64.17954013349865,23.604454175647902,23.82042294996017,0.02941167399387834,1
2025-06-24,1038.952392578125,28163537,17.479999542236328,62.77742561602995,23.621227110526092,23.780583782073357,0.019047718637477784,1
2025-06-25,1058.7420654296875,38783736,16.760000228881836,64.47934207766306,24.94384388686001,24.01323580303069,0.004672892347301394,1
2025-06-26,1063.689453125,36056692,16.59000015258789,65.87534565925934,26.09048517863505,24.428685678151563,0.004651157986739207,1
2025-06-27,1068.6368408203125,32549027,16.31999969482422,65.22526558300268,27.086186802545058,24.960185903030265,-0.018518499480196682,0
2025-06-30,1048.8472900390625,32413717,16.729999542236328,54.037871222858406,25.97896679539417,25.16394208150305,0.023584880955969556,1
2025-07-01,1073.584228515625,44299887,16.829999923706055,54.98978379638749,26.788747160624098,25.48890309732726,0.0,0
2025-07-02,1073.584228515625,23822731,16.639999389648438,58.69561602629569,27.11790559878841,25.81470359761949,0.004608290215061039,1
2025-07-03,1078.5316162109375,36973556,16.3799991607666,63.636355989563036,27.461420708671085,26.144047019829813,-0.004587151290653346,0
2025-07-07,1068.6368408203125,18829372,17.790000915527344,58.53655527598726,25.976788114586498,26.251218501093465,0.0,0
2025-07-08,1068.6368408203125,27461252,16.809999465942383,56.410252354754306,24.861119785528217,25.973198757980416,0.009259249740098285,1
2025-07-09,1078.5316162109375,23618216,15.9399995803833,64.86485495213975,24.49302987471424,25.67716498132718,0.009174415763257837,1
2025-07-10,1088.426513671875,22350503,15.779999732971191,62.857159977638624,24.714854045465245,25.484702794154796,0.0,0
2025-07-11,1088.426513671875,28249780,16.399999618530273,78.57145689578067,24.60699715308533,25.309161665940906,-0.004545561600602932,0
2025-07-14,1083.47900390625,25760632,17.200000762939453,69.56520806290698,23.847399126150094,25.016809157982745,0.013698728911902602,1
2025-07-15,1098.3212890625,45416390,17.3799991607666,68.18181308396541,24.164507190147788,24.846348764415755,0.018017997992319623,1
2025-07-16,1118.11083984375,31013743,17.15999984741211,71.99998420888487,25.716228303292382,25.02032467219108,0.0,0
2025-07-17,1118.11083984375,30648595,16.520000457763672,70.83332048249252,26.638901787342547,25.344040095221374,0.022123760475935228,1
2025-07-18,1142.84765625,46645034,16.40999984741211,87.99992499212911,29.031524181471923,26.081536912471485,-0.004328786542661778,0
2025-07-21,1137.9005126953125,26749324,16.649999618530273,80.95249844614497,30.180598375569843,26.901349205091158,-0.01739139110209842,0
2025-07-22,1118.11083984375,50457506,16.5,68.00003158229259,29.158268375658054,27.352733039204537,0.013274321790862631,1
2025-07-23,1132.9530029296875,29747757,15.369999885559082,70.37039744709783,29.208999836991097,27.723986398761852,0.0,0
2025-07-24,1132.9530029296875,15055463,15.390000343322754,73.07694862657829,28.91588061339735,27.962365241688953,0.0,0
2025-07-25,1132.9530029296875,22476546,14.930000305175781,76.00002368671946,28.356703095044395,28.041232812360043,0.0,0
2025-07-28,1132.9530029296875,20606376,15.029999732971191,76.00002368671946,27.595447739126485,27.952075797713334,-0.008733722789339371,0
2025-07-29,1123.05810546875,31763255,15.979999542236328,67.9999644699559,25.89520801621984,27.540702241414635,0.017621128136544817,1
2025-07-30,1142.84765625,34182363,15.479999542236328,70.37030606314266,25.84666290513951,27.20189437415961,0.0043290001674818335,1
2025-07-31,1147.7950439453125,33230751,16.719999313354492,71.42850848553903,25.908743527080105,26.943264204743713,-0.021551703509308018,0
2025-08-04,1123.05810546875,23939021,17.520000457763672,62.50000000000001,23.68880882503322,26.292373128801614,0.013216063491539032,1
2025-08-05,1137.9005126953125,17012960,17.850000381469727,62.500028914458696,22.863595503041097,25.60661760364951,-0.021739212058425994,0
2025-08-06,1113.1634521484375,22023406,16.770000457763672,48.484850750565066,19.983180286880042,24.481930140295617,0.04888883527697829,1
2025-08-07,1167.584716796875,61370031,16.56999969482422,61.36362361897584,21.840013633217495,23.953546838879994,-0.00423717915610633,0
2025-08-08,1162.637451171875,25958258,15.149999618530273,55.000055515735006,22.651254881678824,23.69308844743976,0.0042552092400029995,1
2025-08-11,1167.584716796875,35579367,16.25,57.49995527901883,23.423362463730427,23.639143250697895,0.0,0
2025-08-12,1167.584716796875,28917167,14.729999542236328,63.88886985057359,23.761357150936192,23.663586030745556,0.016949134822131118,1
2025-08-13,1187.374267578125,37809952,14.489999771118164,64.86484503942783,25.334036730004527,23.99767617059735,-0.020833209108283457,0
2025-08-14,1162.637451171875,32991791,14.829999923706055,57.1428823200775,24.304178832422394,24.05897670296236,0.0042552092400029995,1
2025-08-15,1167.584716796875,22231552,15.09000015258789,58.139534883720934,23.614993078391763,23.970179978048243,0.0,0
2025-08-18,1167.584716796875,18219895,14.989999771118164,58.139534883720934,22.805915999554145,23.737327182349425,0.004237283705532668,1
2025-08-19,1172.5321044921875,17867547,15.569999694824219,61.904798271900695,22.306790628586214,23.451219871596784,-0.04219415300774576,0
2025-08-20,1123.05810546875,66982023,15.6899995803833,45.833333333333336,17.714885750561052,22.30395304738964,0.013216063491539032,1
2025-08-21,1137.9005126953125,23424804,16.600000381469727,48.00005132122547,15.099370131998512,20.863036464311417,-0.013043677422559297,0
2025-08-22,1123.05810546875,19205763,14.220000267028809,50.0,11.694094696168122,19.029248110682758,0.0308370829335185,1
2025-08-25,1157.68994140625,25103514,14.789999961853027,53.84612464656176,11.65553139876647,17.554504768299502,0.0042736052104030975,1
2025-08-26,1162.637451171875,35508897,14.619999885559082,60.416676304812135,11.887164564170916,16.421036727473787,0.012765837708621053,1
2025-08-27,1177.4794921875,21952558,14.850000381469727,52.4999969157925,13.117157756954612,15.760260933369953,-0.025210161568963052,0
2025-08-28,1147.7950439453125,19975237,14.430000305175781,46.66661914707077,11.563354184893115,14.920879583674585,0.0,0
2025-08-29,1147.7950439453125,19522740,15.359999656677246,45.45453016097855,10.214210597837564,13.979545786507183,0.004310447053873734,1
2025-09-02,1147.7950439453125,14037411,17.170000076293945,40.47620026729721,8.323130053758632,12.121209098479547,0.0,0
2025-09-03,1147.7950439453125,19511981,16.350000381469727,45.9459008883148,7.356795089924844,11.168326296768607,0.0,0
2025-09-04,1147.7950439453125,24333323,15.300000190734863,44.444444444444436,6.515856926351944,10.237832422685274,0.017241469159458678,1
2025-09-05,1167.584716796875,27133819,15.180000305175781,50.0,7.361410821382833,9.662548102424786,0.0,0
2025-09-08,1167.584716796875,27281959,15.109999656677246,48.71795682890676,7.9399911001519285,9.318036701970215,0.016949134822131118,1
2025-09-09,1187.374267578125,31329096,15.039999961853027,69.69687453737141,9.881464131878147,9.430722187951801,0.02083331191522131,1
2025-09-10,1212.1112060546875,39665156,15.350000381469727,71.42843043675036,13.263268988120217,10.197231547985485,0.012244986336328312,1
2025-09-11,1226.9534912109375,30345708,14.710000038146973,79.99994360323181,16.945682788374143,11.546921796063216,0.016129114097088726,1
2025-09-12,1246.7431640625,26492972,14.760000228881836,78.12494699036343,21.216314992818752,13.480800435414324,-0.003968347217163437,0
2025-09-15,1241.795654296875,24589707,15.6899995803833,74.99988434261111,23.925797393996845,15.56979982713083,0.024000003932058034,1
2025-09-16,1271.5987548828125,40130070,16.360000610351562,77.15842605997203,28.153407898709702,18.086521441446603,-0.011718703876197,0
2025-09-17,1256.697265625,29283972,15.720000267028809,84.35504504414303,29.956079004072762,20.460432953971836,0.015810310850148168,1
2025-09-18,1276.5660400390625,24191307,15.699999809265137,86.09780735553582,32.61202180051805,22.89075072328108,-0.015564235449545993,0
2025-09-19,1256.697265625,44913316,15.449999809265137,76.89152345627396,32.73626823421205,24.859854225467274,0.023715417707315112,1
2025-09-22,1286.5003662109375,28859955,16.100000381469727,81.79260328705492,34.83800473773135,26.85548432792009,0.034748991152964814,1
2025-09-23,1331.2049560546875,33953781,16.639999389648438,84.88930583356168,39.65382819967408,29.415153102270892,0.0,0
2025-09-24,1331.2049560546875,44737182,16.18000030517578,84.88930583356168,42.97501378154175,32.12712523812507,-0.0149254059817715,0
2025-09-25,1311.336181640625,25861812,16.739999771118164,77.33701723124523,43.5023650530336,34.40217320110678,-0.015151549001877207,0
2025-09-26,1291.4674072265625,25793295,15.289999961853027,71.90339642318648,41.83480509820288,35.888699580526,0.003846138940977628,1
2025-09-30,1296.4345703125,36642789,16.280000686645508,70.3492773838407,40.44780327038234,36.80052031849727,0.015325705491850083,1
2025-10-01,1316.3033447265625,33837323,16.290000915527344,69.80065307622286,40.4851507571675,37.53744640623132,0.030188654398707104,1
2025-10-02,1356.040771484375,29593487,16.6299991607666,72.41114764298754,43.22297954650071,38.674553034285196,0.02564110642788897,1
2025-10-03,1390.8111572265625,31032341,16.649999618530273,73.77527245154212,47.64913851989627,40.46947013140741,0.024999989028856362,1
2025-10-07,1425.5814208984375,38395572,17.239999771118164,77.61192880190764,53.34761301111212,43.04509870734836,-0.013937227332289637,0
2025-10-08,1405.7127685546875,23064494,16.299999237060547,70.76923891254424,55.61931605218001,45.55994217631469,0.01766777394732144,1
2025-10-09,1430.548583984375,39052134,16.43000030517578,76.11938929864124,58.74650666219782,48.19725507349132,-0.017361042964730733,0
2025-10-13,1405.7127685546875,53850992,19.030000686645508,69.11765024766913,58.5459042663997,50.266984912073,0.007067022740197881,1
2025-10-14,1415.64697265625,39889256,20.809999465942383,74.24242649911716,58.51401947703698,51.9163918250658,0.028070238976009243,1
2025-10-15,1455.384521484375,41056405,20.639999389648438,75.00000903506582,60.99215899898741,53.73154525985013,0.013651907190683765,1
2025-10-16,1475.2532958984375,37737678,25.309999465942383,73.01588973381361,63.82362742102191,55.74996169208449,-0.02356909544880026,0
2025-10-17,1440.48291015625,38077331,20.780000686645508,65.71427768967705,62.54097359080606,57.10816407182881,0.020689744006068933,1
2025-10-20,1470.2861328125,33015553,18.229999542236328,72.22223359970292,63.200792783690304,58.32668981420111,0.0,0
2025-10-21,1470.2861328125,34601251,17.8700008392334,76.47060949425713,62.997508187987705,59.26085348895843,-0.013513542684413182,0
2025-10-22,1450.4173583984375,27360948,18.600000381469727,71.83099907825105,60.535345851338434,59.51575196143443,-0.006849372137380683,0
2025-10-23,1440.48291015625,23570046,17.299999237060547,68.11593583481942,57.12394819673705,59.03739120849496,0.020689744006068933,1
2025-10-27,1470.2861328125,32851952,15.789999961853027,67.16418895870243,56.17768063711492,58.465449094218954,-0.0033783649148861894,0
2025-10-28,1465.3189697265625,28381919,16.420000076293945,62.29508791126445,54.39986050078778,57.652331375532725,0.020338901721299818,1
2025-10-29,1495.1219482421875,30631103,16.920000076293945,61.66665984017825,54.76448562598557,57.074762225623296,0.0,0
2025-10-30,1495.1219482421875,27867757,16.90999984741211,66.07140192723415,54.42606387933438,56.54502255636552,-0.003322246116296612,0
2025-10-31,1490.15478515625,31928423,17.440000534057617,61.53845426765005,53.14443766209024,55.86490557751046,0.006666640452946959,1
2025-11-03,1500.089111328125,29118770,17.170000076293945,69.38770801893203,52.32716180004468,55.157356822017306,-0.0033112453443113754,0
2025-11-04,1495.1219482421875,33925673,19.0,66.66664960047184,50.69428409158604,54.264742275931056,-0.029900296692392914,0
2025-11-05,1450.4173583984375,56305422,18.010000228881836,48.97959695446391,45.271073203217156,52.46600846138828,0.003424643987591569,1
2025-11-06,1455.384521484375,27411394,19.5,45.65216810601588,40.90245006729674,50.153296782569974,-0.003412955828931974,0
2025-11-07,1450.4173583984375,20329390,19.079999923706055,52.50001996747452,36.617373916147244,47.44611220928543,0.01027401612497214,1
2025-11-10,1465.3189697265625,25281744,17.600000381469727,48.648654034045514,34.03156103853121,44.763201975134585,-0.00677971721340731,0
2025-11-11,1455.384521484375,22444166,17.280000686645508,46.15383161221861,30.82532361323274,41.975626302754215,0.006825995532819817,1
2025-11-12,1465.3189697265625,23642502,17.510000228881836,54.05406841510281,28.754520092922803,39.33140506078794,-0.010169534166957317,0
2025-11-13,1450.4173583984375,21255597,20.0,52.63159937009504,25.615676316158215,36.588259311862,-0.02054803224994417,0
2025-11-14,1420.6141357421875,26861702,19.829999923706055,36.842067821492435,20.487086634534307,33.36802477639646,0.010489555857009503,1
2025-11-17,1435.5157470703125,26602730,22.3799991607666,42.49997542466184,17.42422227043994,30.179264275205156,-0.027681637654558,0
2025-11-18,1395.7783203125,42198432,24.690000534057617,26.19051380577649,11.65603840027893,26.47461910021991,-0.007117409711343559,0
2025-11-19,1385.843994140625,35591948,23.65999984741211,25.00004188977627,6.211491817065507,22.421993643589033,0.04301075837099355,1
2025-11-20,1445.4501953125,25964403,26.420000076293945,41.81819969115502,6.629945820371859,19.2635840789456,-0.048110028031113306,0
2025-11-21,1375.9095458984375,54518246,23.43000030517578,31.3433060278156,1.3348372278762781,15.677834708731735,-0.007220188421171336,0
2025-11-24,1365.9752197265625,79134658,20.520000457763672,30.882377388957437,-3.6214458053439103,11.817978605916608,0.02909097343367595,1
2025-11-25,1405.7127685546875,27427405,18.559999465942383,43.28360070307433,-4.293356585191987,8.59571156769489,0.01766777394732144,1
2025-11-26,1430.548583984375,29213211,17.190000534057617,46.47887421445473,-2.7896506196254904,6.318639130230814,-0.003472208592946169,0
2025-11-28,1430.548583984375,23152513,16.350000381469727,44.92752590828128,-0.9197356666170435,3.5438245580536982,-0.0208332515576769,0
2025-12-01,1400.74560546875,30559208,17.239999771118164,42.46576956534619,-2.4591553685861527,2.343228572725728,0.014184253154796433,1
2025-12-02,1420.6141357421875,23544477,16.59000015258789,43.99997247558519,-2.0522748811529254,1.4641278819499974,0.013986045833397354,1
2025-12-03,1440.48291015625,20301540,16.079999923706055,48.68419903852092,-0.1251326670146682,1.1462757721570644,-0.003448262420134296,0
2025-12-04,1435.5157470703125,20696944,15.779999732971191,52.11268678155947,0.9899216724434154,1.1150049522143348,0.010380667267870125,1
2025-12-05,1450.4173583984375,21072604,15.40999984741211,52.11268678155947,3.040991113607788,1.5002021844930256,0.023972592075337973,1
2025-12-08,1485.1876220703125,24257260,16.65999984741211,62.85715489406431,7.386995428930504,2.6775608333805216,-0.010033405232020565,0
2025-12-09,1470.2861328125,24235825,16.93000030517578,61.97184561121745,9.51907949097972,4.045864564900362,0.01689182457443117,1
2025-12-10,1495.1219482421875,23319221,15.770000457763672,57.81249820004446,13.06224083323309,5.849139818566909,-0.02000001796205908,0
2025-12-11,1465.219482421875,28924982,14.850000381469727,66.04786544506177,13.303982607643093,7.340108376382146,0.006802755093318513,1
2025-12-12,1475.18701171875,22107664,15.739999771118164,69.62163570544091,14.136899638539717,8.69946662881366,-0.020270288161955086,0
2025-12-15,1445.2845458984375,25889058,16.5,57.370165213271264,12.242983803706693,9.408170063792268,-0.010344794675505087,0
2025-12-16,1430.3333740234375,32168064,16.479999542236328,49.95838532217503,9.426939352727004,9.411923921579215,-0.0034843378047024753,0
2025-12-17,1425.349609375,30535812,17.6200008392334,49.95517799222896,6.7156419407995145,8.872667525423275,0.0,0
2025-12-18,1425.349609375,30534136,16.8700008392334,48.975062665809304,4.514874544664735,8.001108929271567,0.0,0
2025-12-19,1425.349609375,38763280,14.90999984741211,55.49635623290876,2.739175022967629,6.94872214801078,0.024475474767018612,1
2025-12-22,1460.2357177734375,22661665,14.079999923706055,58.29463457915552,4.0996792013083905,6.378913558670302,0.017064848413563594,1
2025-12-23,1485.1544189453125,20739075,14.0,59.1581808216984,7.106697905157489,6.5244704279677395,0.003355721522868116,1
2025-12-24,1490.13818359375,12987261,13.470000267028809,61.19747496460336,9.779201500867202,7.175416642547632,0.010033494953638922,1
2025-12-26,1505.0894775390625,18823612,13.600000381469727,61.2053772921193,12.954295270911189,8.331192368220345,0.01324501753612184,1
2025-12-29,1525.0244140625,21124648,14.199999809265137,58.6934527186969,16.88452840006994,10.041859574590264,-0.006535980148883347,0
2025-12-30,1515.056884765625,20325400,14.329999923706055,59.98520033454431,18.97622405991592,11.828732471655396,0.01973686012782183,1
2025-12-31,1544.9593505859375,29695967,14.949999809265137,60.86955827210796,22.784145578966218,14.019815093117561,0.02258067855022805,1
2026-01-02,1579.8455810546875,37512761,14.510000228881836,74.46808288875536,28.290858651752387,16.874023804844526,0.0536277163782215,1
2026-01-05,1664.569091796875,66871820,14.899999618530273,80.64514854645627,39.04140270072821,21.307499584021265,0.020958115010468514,1
2026-01-06,1699.455322265625,46751692,14.75,90.4761849220614,49.80222451209693,27.0064445696364,-0.017595323294788412,0
2026-01-07,1669.5528564453125,49857449,15.380000114440918,86.36361274711736,55.28013920471608,32.661183496652335,0.0059701789364712265,1
2026-01-08,1679.5203857421875,29215618,15.449999809265137,88.0596856690272,59.73711015618005,38.07636882855788,-0.002967373716178612,0
2026-01-09,1674.53662109375,37387656,14.489999771118164,86.76468469403045,62.150708905101965,42.8912368438667,0.005952337560734877,1
2026-01-12,1684.5040283203125,29987449,15.119999885559082,87.14283364889391,64.12855569335511,47.138700613764385,0.01183437870055326,1
2026-01-13,1704.4390869140625,30171800,15.979999542236328,86.5671467186859,66.53760208828726,51.01848090866896,0.0,0
2026-01-14,1704.4390869140625,29100816,16.75,85.4838531263432,67.6667683283249,54.348138392600156,-0.011695964230580391,0
2026-01-15,1684.5040283203125,36391886,15.84000015258789,79.99996231740428,66.1900503855104,56.71652079118221,0.029585801818144075,1
2026-01-16,1734.3414306640625,53551629,15.859999656677246,81.94440475558694,68.25440830519392,59.02409829398456,0.011494239929334293,1
2026-01-20,1769.2276611328125,29401234,20.09000015258789,84.93147973113307,72.97507158247868,63.67991019671262,-0.019718338818200953,0
2026-01-21,1734.3414306640625,45192749,16.899999618530273,75.67564525984167,71.1553373231825,65.17499562200659,0.011494239929334293,1
2026-01-22,1754.2763671875,32069478,15.640000343322754,74.64785136811093,70.50898391023952,66.24179327965318,0.005681846648173838,1
2026-01-23,1764.243896484375,27601167,16.09000015258789,67.8571178635912,69.9941910216703,66.99227282805661,-0.008474549298310374,0
2026-01-26,1749.292724609375,22960198,16.149999618530273,59.61537374540508,67.60052258593464,67.11392277963222,0.014245015040258213,1
2026-01-27,1774.21142578125,28985200,16.350000381469727,70.5882183434678,66.94258162479923,67.07965454866563,0.022471883828230288,1
2026-01-28,1814.081298828125,29301156,16.350000381469727,73.6841833864818,68.84472508491626,67.43266865591576,-0.008241731991095569,0
2026-01-29,1799.130126953125,32224002,16.8799991607666,71.18643364156657,68.35776707549326,67.61768833983126,-0.016620513087040045,0
2026-01-30,1769.2276611328125,40825139,17.440000534057617,63.492062874938284,64.81185948614257,67.05652256909353,-0.00563383080416735,0
2026-02-02,1759.2601318359375,28251381,16.34000015258789,59.01637303668915,60.49999952794178,65.74521796086319,0.01983005800986537,1
2026-02-03,1794.1463623046875,26744162,18.0,63.23527928582131,59.21525014477379,64.4392243976453,-0.008333374723178522,0
2026-02-04,1779.195068359375,26952301,18.639999389648438,64.17909356484634,56.341166636457274,62.819612845407704,-0.011204469300727049,0
2026-02-05,1759.2601318359375,26299986,21.770000457763672,54.09835868096992,51.857075884351616,60.62710545319649,0.00849862602735696,1
2026-02-06,1774.21142578125,33263592,20.3700008392334,53.33334694094162,48.94563135472845,58.290810633502886,0.01966288114905801,1
2026-02-09,1809.0975341796875,36529289,17.360000610351562,56.249990432145545,48.8897375202298,56.41059601084827,0.035812716044876014,1
2026-02-10,1873.88623046875,41859169,17.790000915527344,70.0000034991009,53.45712709722625,55.81990222812387,0.018616983161091172,1
2026-02-11,1908.7723388671875,40488310,17.649999618530273,71.23287579306775,59.209305617001974,56.4977829058995,-0.00783287329272242,0
2026-02-23,1893.8211669921875,69816209,21.010000228881836,67.56757204048878,61.84856219241601,57.567938763202804,0.03421050273804305,1
2026-02-24,1958.6097412109375,40961679,19.549999237060547,74.99999271020347,68.37984819695794,59.73032064995383,0.02544529484109348,1
2026-02-25,2008.4471435546875,40832607,17.93000030517578,76.40448757907136,76.69332832255986,63.122922184475044,-0.009925547001528368,0
2026-02-26,1988.51220703125,58561388,18.6299991607666,70.58823529411765,80.74248928721522,66.64683560502309,-0.010025051117588779,0
2026-03-02,1968.5772705078125,48884884,21.440000534057617,69.76743788636341,81.40451517175939,69.59837151837034,-0.02025320301849398,0
2026-03-03,1928.707275390625,43090471,23.56999969482422,68.18180679527906,77.81499720674924,71.24169665604613,-0.036175701599433396,0
2026-03-04,1858.9349365234375,68160943,21.149999618530273,60.0,68.55003162986577,70.70336365081006,0.0187667840241863,1
2026-03-05,1893.8211669921875,48120463,23.75,60.0,63.29290568389024,69.2212720574261,-0.005263184016844447,0
2026-03-06,1883.8536376953125,30082724,29.489999771118164,60.60606360498514,57.657657597875186,66.90854916551592,-0.04232805912757398,0
2026-03-09,1804.11376953125,76459172,25.5,54.054051668496335,46.2244947413526,62.77173828068326,0.02209949050360982,1
2026-03-10,1843.9837646484375,41375691,24.93000030517578,56.03448039225416,39.92062607688581,58.20151583992377,0.048648625389458466,1
2026-03-11,1933.6910400390625,36167313,24.229999542236328,59.84251892573275,41.68289765495297,54.897792202929615,-0.02835053059514614,0
2026-03-12,1878.869873046875,34040589,27.290000915527344,50.39999216201122,38.21537747708226,51.56130925776014,-0.01061006768452244,0
2026-03-13,1858.9349365234375,31214304,27.190000534057617,45.90163967339039,33.472905165176144,47.94362843924335,-0.010723848442334205,0
2026-03-16,1839.0,31249086,23.510000228881836,45.528453827461114,27.785583999674373,43.91201955132956,0.016856987493202746,1
2026-03-17,1870.0,23812211,22.3700008392334,42.35083092355351,25.48599523468397,40.22681468800044,0.018716577540107027,1
2026-03-18,1905.0,23068156,25.09000015258789,40.835233649691034,26.185907225250503,37.418633195450454,-0.02887139107611547,0
