Date,Close,Volume,VIX_Close,RSI_14,MACD,MACD_Signal,Next_Day_Return,Target_Up,PTT_Score,PTT_Volume,Yahoo_Score,Yahoo_Volume,News_Score,News_Volume,ADR_Ret,SOX_Ret,FX_Ret
2021-01-21,611.2078857421875,89019137,21.31999969482422,92.02457174875596,24.948953419594204,15.877243974621493,-0.0356610675222662,0,0.52,7.0,1.05,4.0,0.32,2.0,-0.0024015161615658087,-0.005026910118436478,-0.002676745087444643
2021-01-22,589.4115600585938,125179403,21.90999984741211,80.21396601183541,26.050758832723545,17.9119469462419,-0.0246534117144401,0,0.48,3.0,1.4,4.0,0.81,8.0,-0.0008956304875132881,0.026944430539224795,0.015276911228297108
2021-01-25,574.8805541992188,93050133,23.190000534057617,73.09646877975968,25.457953388897863,19.421148234773096,-0.0252763529448362,0,-0.34,2.0,1.17,4.0,0.0,0.0,0.0024668330598713872,-0.03741796621771931,-0.018444088594231633
2021-01-26,560.3496704101562,100153482,23.020000457763672,66.50487242309663,23.544226731628896,20.245763934144257,-0.0032415585230387,0,0.72,4.0,1.59,3.0,1.19,5.0,-0.00025753041093057316,0.010685925759750026,0.0015645520252856038
2021-01-27,558.5332641601562,59985191,37.209999084472656,63.02084500100808,21.63165945904916,20.52294303912524,-0.0227643749448831,0,1.08,3.0,0.64,7.0,0.71,5.0,-0.001130491485045626,-0.02965057439493657,-0.015406530249014394
2021-01-28,545.818603515625,96447533,30.209999084472656,55.49736138194762,18.872419755794112,20.192838382459016,-0.0166388376117616,0,0.55,6.0,1.26,5.0,1.0,5.0,-7.166220309284821e-05,-0.038768336637326595,-0.051666233160709396
2021-01-29,536.73681640625,90745237,33.09000015258789,51.77663797058979,15.771078911119504,19.30848648819111,0.0338408596144417,1,-0.24,2.0,0.84,1.0,-0.1,3.0,0.0005373342428047767,0.03359629159751676,0.020865225857663372
2021-02-01,554.9004516601562,67462398,30.239999771118164,54.76189790417159,14.610477028439618,18.368884596240814,0.0343702775199969,1,-0.35,1.0,1.07,7.0,0.7,8.0,-1.433942665640675e-05,-0.034252681716560485,-0.016367316206647442
2021-02-02,573.9725341796875,78429188,25.559999465942383,56.22126337996849,15.056092084554052,17.706326093903463,-0.0031649412598897,0,0.51,3.0,1.29,7.0,0.96,11.0,0.0024487312054366495,0.04229774841666556,0.03910868734292383
2021-02-03,572.1559448242188,48738970,22.90999984741211,59.22327974939498,15.08872818181942,17.182806511486657,-0.0047616848066976,0,0.0,0.0,1.14,3.0,1.16,4.0,-0.0018106222993248267,0.01405343046761498,0.015780081948515656
2021-02-04,569.4315185546875,46371900,21.770000457763672,56.50002587416018,14.725013305676498,16.691247870324627,0.0079746474809225,1,0.65,3.0,0.97,10.0,0.5,4.0,-0.003302304960001723,-0.007318590734997632,-0.021152930363605993
2021-02-05,573.9725341796875,53267273,20.8700008392334,56.28144352214053,14.634491349374455,16.279896566134596,0.0490501560724485,1,-0.55,4.0,1.25,1.0,1.03,7.0,0.00021539661287794942,0.0050979020235188965,0.008565510291675293
2021-02-17,602.1259765625,107614290,21.5,58.57138559634196,16.642653410166872,16.35244793494105,-0.0045244754507547,0,0.66,4.0,1.15,3.0,1.48,3.0,-0.000749595177754192,0.0050979020235188965,0.008565510291675293
2021-02-18,599.4016723632812,53109010,22.489999771118164,53.36793212007757,17.809016474267082,16.643761642806258,-0.012121564503665,0,0.37,2.0,1.33,4.0,1.54,1.0,0.001643260526494661,-0.026990423184256485,-0.01873461928799325
2021-02-19,592.135986328125,50279585,22.049999237060547,43.999990783219,17.940283049042364,16.90306592405348,-0.0030673430117807,0,1.28,1.0,0.8,11.0,1.24,4.0,-0.0043260216490864645,-0.012035076606972117,-0.009895398481080675
2021-02-22,590.3197021484375,36474610,23.450000762939453,50.32678216967196,17.693790795013115,17.061210898245406,-0.0138462362427337,0,1.02,1.0,-0.2,3.0,0.33,3.0,-0.002073860051611476,0.015078459456639992,0.02436448600741148
2021-02-23,582.14599609375,50076333,23.11000061035156,52.73971373136596,16.646997910200184,16.97836830063636,-0.0249608927770111,0,1.49,3.0,0.77,6.0,1.21,6.0,0.0016869897980316129,-0.022610846021955955,-0.03767689149039499
2021-02-24,567.6151123046875,66206750,21.34000015258789,52.73971373136596,14.477992835960665,16.478293207701224,0.0159996885956545,1,0.0,0.0,1.29,4.0,0.79,5.0,-0.003525900056213449,-0.03346581164450779,-0.005844638442831784
2021-02-25,576.69677734375,43231417,28.88999938964844,56.49345463543255,13.33810182266734,15.850254930694447,-0.0456688821624368,0,0.45,1.0,0.68,10.0,1.07,5.0,0.0014671331918394426,0.024787182271817754,0.03238132197639376
2021-02-26,550.3596801757812,111861175,27.950000762939453,51.479345708503615,10.192058641329822,14.718615672821524,0.0049504868143204,1,0.37,2.0,0.55,4.0,0.88,5.0,-0.007188495229882186,-0.047619101523823315,-0.05797586445223879
2021-03-02,553.084228515625,54041533,24.100000381469727,55.55560625960899,7.828404066066241,13.340573351470468,0.0213463607177966,1,0.82,1.0,1.73,2.0,0.67,4.0,0.0032414966528486744,0.025329380983944105,0.033084275874232016
2021-03-03,564.8905639648438,48252965,26.670000076293945,53.54842989597389,6.829141297167098,12.038286940609794,-0.0337622216865455,0,-0.24,2.0,-0.58,2.0,0.84,4.0,-0.0012923819309750284,-0.024239028049710898,-0.03097720264932291
2021-03-04,545.818603515625,67711962,28.56999969482422,39.99987859562892,4.447008193993042,10.520031191286444,0.0,0,0.0,0.0,1.37,1.0,0.73,5.0,-0.0028398027365883483,-0.02468260738244976,-0.031052337427863397
2021-03-05,545.818603515625,79918467,24.65999984741211,40.52281954634564,2.5299864385832507,8.922022240745806,-0.0049914500018563,0,0.31,1.0,0.0,0.0,0.59,1.0,-0.0007209970414093769,-0.059402689438480705,-0.04837718748379549
2021-03-08,543.0941772460938,43219772,25.469999313354492,40.52281954634564,0.7818814128313534,7.2939940751629155,-0.0050169390951168,0,0.81,1.0,0.33,4.0,0.0,0.0,0.0033549933005410093,0.045073200366523736,0.03147308118495418
2021-03-09,540.3695068359375,68768861,24.030000686645508,37.74819522703198,-0.8139794966200498,5.672399360806323,0.0033614151557805,1,0.14,3.0,0.64,3.0,0.66,5.0,0.004116781609573739,-0.056870923496980974,-0.054095694598989996
2021-03-10,542.1859130859375,40146301,22.559999465942383,22.95074020252143,-1.910123249077742,4.15589483882951,0.0201006982414169,1,0.39,1.0,0.0,0.0,0.51,3.0,0.01272943077039801,0.02150450706249596,0.06133742138720488
2021-03-11,553.084228515625,54416046,21.90999984741211,30.534306500440938,-1.8777762601840775,2.9491606190267925,0.0082100198946515,1,0.34,1.0,0.53,4.0,0.94,3.0,-0.001096069592764981,-0.02191084257881659,-0.018037553000200157
2021-03-12,557.6250610351562,33168846,20.690000534057617,35.15622497824995,-1.4688023640776464,2.065568022405905,-0.0048860956319684,0,0.4,1.0,-0.14,1.0,1.59,1.0,-0.0017698266663561668,0.05929869981785174,0.04091584528852077
2021-03-15,554.9004516601562,27416758,20.030000686645508,34.883653082223006,-1.3489904883351755,1.382656320257689,0.0032736111763431,1,-0.74,1.0,1.81,1.0,0.65,4.0,-0.007127161762129908,-0.018908623706092142,-0.010690158976964015
2021-03-16,556.7169799804688,36949425,19.790000915527344,38.5246339624055,-1.09483943206385,0.8871571697933812,-0.0106471140855568,0,-0.11,2.0,1.08,1.0,0.42,3.0,0.005167708541374605,0.006593426842663064,0.02258277453726043
2021-03-17,550.78955078125,39517807,19.229999542236328,41.76789937647818,-1.356084786409269,0.4385087785528511,-0.0033114527529283,0,0.0,0.0,0.35,2.0,1.39,7.0,0.0011014164447242791,0.002267443936274871,0.012621829757078373
2021-03-18,548.9656372070312,29415526,21.579999923706055,35.394988842450005,-1.6908076165444754,0.0126454995333858,-0.0182723345674176,0,0.52,1.0,1.18,3.0,1.09,7.0,0.00212229228687022,-0.0011943167754451256,0.012246232535527257
2021-03-19,538.9347534179688,70866028,20.950000762939453,42.73508718547405,-2.73397084707085,-0.5366777697874614,0.0033839541005358,1,1.09,2.0,0.84,2.0,0.54,3.0,-0.0006693435002753656,-0.035870740900470155,-0.04237559347810371
2021-03-22,540.7584838867188,34089033,18.8799991607666,42.07144085450744,-3.3746248410351427,-1.1042671840369978,0.0016863836568532,1,0.0,0.0,1.92,2.0,1.02,1.0,0.00663059429778623,-0.007598055646006352,0.011810332176512839
2021-03-23,541.67041015625,29374037,20.299999237060547,32.62891140465831,-3.765358212628257,-1.6364853897552498,-0.0303026751918481,0,0.67,1.0,0.81,5.0,0.58,5.0,-0.0006547704063115667,0.031241752426838243,0.021976684719988704
2021-03-24,525.25634765625,107253959,21.200000762939453,33.980226117654226,-5.337962185100082,-2.3767807488242165,-0.0017365032884798,0,0.13,3.0,1.2,4.0,1.17,7.0,-0.0027302551212525783,-0.019542673485154927,-0.027080010582560488
2021-03-25,524.34423828125,67833354,19.809999465942383,33.50405839284643,-6.581988698460009,-3.2178223387513754,0.026087039522022,1,0.96,1.0,1.64,1.0,0.25,1.0,0.003334690081613134,-0.05161470085031039,-0.013439268040433494
2021-03-26,538.0228271484375,36829858,18.86000061035156,46.66551623117333,-6.390475445180414,-3.8523529600371833,0.015254398031711,1,0.8,1.0,1.55,1.0,1.21,2.0,0.0027356146036974227,0.013674826415408958,0.0020006676330457385
2021-03-29,546.2300415039062,37884733,20.739999771118164,53.59424914148134,-5.51289695975106,-4.184461759979959,-0.0033389824807895,0,1.32,2.0,0.0,0.0,0.99,10.0,0.000793525942686335,0.05531907325019403,0.04946151610222249
2021-03-30,544.4061889648438,33099123,19.61000061035156,51.36156448351728,-4.908002941978111,-4.32916999637959,-0.0167503947227837,0,0.19,2.0,0.0,0.0,1.01,3.0,0.0028839118577712597,-0.018616977587276207,-0.016627653011717092
2021-03-31,535.2871704101562,38790886,19.399999618530273,38.8426273493324,-5.105594545612689,-4.48445490622621,0.025553511372959,1,0.59,2.0,0.83,1.0,0.84,7.0,-0.002029020416646765,0.005944523959831471,-0.003299854440988459
2021-04-01,548.9656372070312,43091157,17.329999923706055,45.12926287341768,-4.111059623973347,-4.409775849775637,0.0132891525288425,1,0.22,4.0,0.0,0.0,0.81,3.0,-0.0030286910965079405,0.02789624197719398,0.026404523259214496
2021-04-07,556.2609252929688,24603109,17.15999984741211,50.72781391995549,-2.703055611571586,-4.068431802134827,0.0049181574405083,1,0.98,2.0,1.37,3.0,1.07,6.0,-0.005026206697744784,-0.016546250226115777,-0.011898553228400721
2021-04-08,558.9967041015625,23976625,16.950000762939453,51.20770791258692,-1.350875746906809,-3.5249205910892236,-0.0048940875474225,0,0.0,0.0,0.74,7.0,0.98,6.0,0.001574680830820796,-0.02082654799618322,0.00011018133874962643
2021-04-09,556.2609252929688,27303862,16.690000534057617,52.99996586498463,-0.4943197379898265,-2.9188004204693443,-0.0081969290675141,0,0.46,3.0,0.83,3.0,1.34,2.0,-0.0028629884562738628,0.02952703221705888,0.010653750312046517
2021-04-12,551.7012939453125,22606128,16.90999984741211,51.45627787319294,-0.1813268500419553,-2.3713057063838665,0.0,0,0.64,1.0,0.62,3.0,0.57,4.0,0.0007160361348310662,-0.005103999967765449,-0.00203860963657565
2021-04-13,551.7012939453125,25971622,16.649999618530273,57.60860154975144,0.0659619009148855,-1.883852184924116,0.0115705436198443,1,-0.61,2.0,-0.26,1.0,1.5,4.0,0.0045574892409234735,-0.01547236299860133,-0.010987895344696796
2021-04-14,558.0847778320312,30077913,16.989999771118164,59.79382439192686,0.7681787320761941,-1.353446001524054,0.0114379787264642,1,1.13,2.0,0.17,4.0,0.63,8.0,-0.0037333170572916297,0.0030603375400719557,-0.0017279179267082334
2021-04-15,564.4681396484375,33530942,16.56999969482422,62.13592359187832,1.8188084884876616,-0.718995103521711,-0.0145397300201572,0,0.73,1.0,0.61,9.0,1.5,6.0,0.0007078933127258047,-0.0035457277210564353,-0.011934721598095499
2021-04-16,556.2609252929688,48507383,16.25,68.08484277996885,1.9665177395021376,-0.1818925349169413,-0.0114754812465828,0,-0.3,2.0,0.43,2.0,1.33,3.0,-0.00281554051087729,-0.020605885087041087,0.017875651053338215
2021-04-19,549.8775634765625,24231637,17.290000915527344,63.99990897371884,1.5506198540650755,0.164609942879462,-0.0016584169460663,0,0.0,0.0,0.55,6.0,0.74,3.0,-0.0031199556190403266,0.004140283724472171,-0.005578770580821457
2021-04-20,548.9656372070312,34771635,18.68000030517578,56.97666364439394,1.1343567957792402,0.3585593134594177,-0.0166113850699997,0,0.85,1.0,0.29,6.0,0.39,6.0,0.0003433798790331011,-0.02894646498788256,-0.02523149635231514
2021-04-21,539.8465576171875,38458220,17.5,45.976943404790575,0.06784968259592,0.3004173872867182,-0.0016890062302949,0,0.0,0.0,0.64,3.0,0.84,3.0,-0.004530113461426399,-0.0038994799137170855,-0.015632314209831244
2021-04-22,538.9347534179688,33868521,18.709999084472656,46.51164057647976,-0.8412425465605793,0.0720854005172586,0.0186124270618026,1,0.54,3.0,1.33,1.0,0.96,3.0,-0.003590917502681479,0.021313509603236858,0.02749383142945261
2021-04-23,548.9656372070312,27754511,17.329999923706055,58.62058619432208,-0.7437230215977024,-0.0910762839057335,0.0132891525288425,1,0.4,6.0,0.91,5.0,0.77,6.0,-0.001641316224407774,-0.017716937378577824,-0.023097693701769395
2021-04-26,556.2609252929688,30887664,17.639999389648438,55.0,-0.0768830561919458,-0.0882376383629759,0.0,0,-0.01,2.0,0.38,5.0,1.18,9.0,0.0037991549586497975,0.028789436580033634,0.020365974455532898
2021-04-27,556.2609252929688,26317481,17.559999465942383,50.0,0.4464460683418565,0.0186991029779905,-0.0131148670600855,0,0.06,1.0,0.52,9.0,0.96,4.0,-0.001933337905959176,0.024274861810902548,0.016665737546802895
2021-04-28,548.9656372070312,24024054,17.280000686645508,42.857105604218226,0.2694137565674737,0.0688420336958871,-0.0033218989948359,0,1.05,1.0,0.51,5.0,1.28,3.0,-0.007990832859932295,-0.0020571685355734726,-0.007583978595462448
2021-04-29,547.1420288085938,31828333,17.610000610351562,43.42117778020454,-0.0178300494737868,0.0515076170619523,-0.0200001673290106,0,1.14,1.0,0.3,7.0,1.22,8.0,0.0032076763647559403,-0.01327602480416823,-0.014608125476504474
2021-05-03,536.1990966796875,41762441,18.309999465942383,39.75917605050012,-1.115615878741096,-0.1819170820986573,0.0051019420868503,1,0.27,2.0,0.77,6.0,1.33,3.0,-0.0006118920845618048,-0.01981516636857228,-0.029199066281225594
2021-05-04,538.9347534179688,40273595,19.479999542236328,41.86055380314531,-1.7447618925920096,-0.4944860441973278,-0.0101524285589871,0,0.61,3.0,0.41,3.0,0.29,9.0,0.0028992165555055127,-0.006852921180578342,-0.011453915108678214
2021-05-05,533.4632568359375,29254785,19.149999618530273,34.11758684362832,-2.6542718941176418,-0.9264432141813906,0.0034190050595737,1,0.86,1.0,0.52,3.0,1.38,6.0,0.002783092616461813,-0.005002552322613596,-0.015966078418475638
2021-05-06,535.2871704101562,30725590,18.38999938964844,30.00000836642954,-3.1911054632486184,-1.3793756639948362,0.0204429915354877,1,0.31,3.0,0.33,5.0,0.78,4.0,-0.0011029890401905718,0.00017338148064482972,0.006140185317964564
2021-05-07,546.2300415039062,28075722,16.690000534057617,43.3735406112861,-2.70240010436828,-1.6439805520695252,-0.016694465448258,0,0.33,3.0,1.15,1.0,1.16,5.0,-0.0002939674112609758,0.014040603314683375,0.007670394096875199
2021-05-10,537.1110229492188,20434079,19.65999984741211,41.86054113371131,-3.016157783632366,-1.9184159983820936,-0.0305605880527412,0,-0.59,1.0,0.66,4.0,1.3,6.0,0.0022592693141363362,-0.0014531911900000916,0.014940238805908335
2021-05-11,520.6965942382812,59349193,21.84000015258789,34.95147145211348,-4.5370202752828845,-2.4421368537622516,-0.0192641200840267,0,1.08,2.0,0.24,7.0,1.02,4.0,-0.006984398409560111,-0.038688493419124836,-0.046567648933562134
2021-05-12,510.6658325195313,131741482,27.59000015258789,34.61548115135231,-6.477049996729534,-3.249119482355708,-0.0232142735487822,0,-0.91,1.0,0.33,6.0,0.91,3.0,-0.0007746834120708757,0.0048080606199716325,0.002999518730864681
2021-05-13,498.81109619140625,66765627,23.1299991607666,31.03454244787129,-8.86888073917521,-4.373071733719609,0.0182812622934831,1,0.88,1.0,0.44,5.0,0.69,4.0,0.006696384970054758,-0.041116455749013014,-0.04195554014003744
2021-05-14,507.9299926757813,37533726,18.809999465942383,30.43478766968616,-9.914319000295905,-5.481321187034868,-0.0143623620736789,0,0.69,3.0,0.99,5.0,0.72,2.0,0.0038328026526472936,0.0049902345492967015,0.015007993451107149
2021-05-17,500.6349182128906,56270958,19.719999313354492,23.478256061614445,-11.202354130688832,-6.6255277757656605,0.0418940060549333,1,0.4,1.0,0.26,1.0,0.0,0.0,-0.0031044780426563445,0.03411481372147507,0.030228678631886607
2021-05-18,521.6085205078125,43689316,21.34000015258789,36.23181200892424,-10.410728432903852,-7.382567907193299,-0.0087408966545183,0,0.76,2.0,1.27,5.0,0.56,4.0,0.000819688136178387,-0.02365290566580658,-0.008985664470119947
2021-05-19,517.0491943359375,28908777,22.18000030517578,37.037041627705655,-10.03557502033982,-7.913169329822604,0.0,0,0.0,0.0,0.73,4.0,0.69,7.0,0.0033726628756043375,0.00947177427421475,-0.008623746959634637
2021-05-20,517.0491943359375,29709287,20.670000076293945,37.593931043090016,-9.627285879210376,-8.255992639700159,0.0105816864262464,1,0.14,1.0,0.0,0.0,0.85,1.0,-0.003161713514924669,0.014074651455958431,0.01984539162936394
2021-05-21,522.5204467773438,27376731,20.149999618530273,44.09440996538508,-8.761235378678066,-8.35704118749574,-0.0087258752653757,0,-0.1,2.0,0.34,1.0,0.26,2.0,-0.0026675804134449477,0.007828873181634943,0.026388580029959474
2021-05-24,517.9609985351562,15629736,18.399999618530273,41.0852272756753,-8.346579314917904,-8.354948812980174,0.0264082949016606,1,0.0,0.0,1.18,2.0,1.63,1.0,0.002136927485614226,-0.012623560789823185,-0.004569310714482189
2021-05-25,531.6394653320312,33039911,18.84000015258789,49.27536337322097,-6.8354288730198505,-8.051044824988109,0.0034305043602569,1,1.18,1.0,1.46,2.0,0.77,7.0,-5.370506244251061e-05,0.015914382215518996,0.023223315272959066
2021-05-26,533.4632568359375,18703987,17.360000610351562,49.275314168756275,-5.428094829933116,-7.526454825977111,-0.005128221556745,0,0.98,3.0,1.14,3.0,0.96,6.0,0.0022684271317261473,0.0057202869619299435,0.0037432008784428206
2021-05-27,530.7275390625,62169719,16.739999771118164,43.41073426159795,-4.4818579538296035,-6.91753545154761,0.0137458253981397,1,0.66,1.0,0.31,1.0,0.82,3.0,-0.006850546741188235,0.015050705393017116,0.0020129898046732375
2021-05-28,538.0228271484375,29086873,16.760000228881836,50.393661156798295,-3.107468668501838,-6.155522094938456,0.0118644813831385,1,0.43,1.0,0.54,2.0,1.25,5.0,-0.005481574945320644,-0.0019829220038530826,0.00582303586021915
2021-06-01,545.3181762695312,17818326,17.899999618530273,67.92468616076474,-0.1260058886695105,-4.202501902492532,-0.0050168487456423,0,-0.76,1.0,0.7,3.0,0.67,5.0,-0.0060099979469249165,-0.0019829220038530826,0.00582303586021915
2021-06-02,542.5823974609375,21872755,17.479999542236328,75.00017430251107,0.722746002431677,-3.2174523215076904,0.0016807148071862,1,0.69,1.0,0.53,2.0,0.67,5.0,-0.003740046758353377,-0.0019829220038530826,0.00582303586021915
2021-06-03,543.4943237304688,21077164,18.040000915527344,72.41401727155579,1.4522323887277937,-2.2835153794605936,-0.001677894744644,0,0.14,1.0,0.2,2.0,0.95,6.0,0.0023658256413328083,0.0037127960635394697,0.007138508915733421
2021-06-04,542.5823974609375,15756180,16.420000076293945,78.7501040582944,1.934471394795196,-1.439918024609436,-0.0050422569116739,0,0.0,0.0,1.4,1.0,0.99,1.0,-0.0013704629347449648,-0.017906755730887958,-0.018076446964183535
2021-06-07,539.8465576171875,17077625,16.420000076293945,66.66666666666666,2.0720050855768477,-0.7375334025721791,-0.0050672448112719,0,1.1,1.0,0.82,3.0,0.0,0.0,0.0028971699929969397,0.023027049847712755,0.02387557063154322
2021-06-08,537.1110229492188,13396324,17.06999969482422,68.96550132420909,1.937927518396009,-0.2024412183785415,-0.0050933934634518,0,0.97,1.0,0.68,1.0,-0.45,2.0,-0.003178454040775325,-0.01079438796972243,-0.006994089000500359
2021-06-09,534.3753051757812,20023490,17.889999389648438,65.57374171171755,1.5925624508615783,0.1565595154694824,0.0221842892313772,1,0.0,0.0,0.85,2.0,1.34,2.0,0.0031522926766149872,-0.019454966729821388,-0.006404172740554048
2021-06-10,546.2300415039062,28527745,16.100000381469727,69.1177049580497,2.249505396195218,0.5751486916146297,0.0050081385044169,1,0.0,0.0,1.11,1.0,1.41,2.0,-0.0012996551722471716,0.0104379389437812,-0.004017378280936512
2021-06-11,548.9656372070312,24227710,15.649999618530272,75.75749278457573,2.9567930545127865,1.051477564194261,0.0116282030314245,1,0.83,1.0,0.78,1.0,1.22,3.0,0.0069815143394595935,0.009477014146806129,0.011945613301987956
2021-06-15,555.34912109375,26012250,17.020000457763672,72.41382891683332,3.9864639452462143,1.638474840404652,-0.006568529614764,0,0.0,0.0,1.16,5.0,1.13,4.0,0.00303002470849556,0.023171197083067252,0.014105664215114722
2021-06-16,551.7012939453125,25856919,18.149999618530273,66.6664807473066,4.456761606256009,2.2021321935749234,0.0058094446400152,1,0.0,0.0,1.85,1.0,1.34,7.0,-0.00015194752635017128,-0.012728459686542681,-0.009019059953548347
2021-06-17,554.9063720703125,22872361,17.75,71.90743427979861,5.030114876491439,2.7677287301582267,-0.0049508413603522,0,0.81,1.0,1.24,1.0,1.42,3.0,-0.002735540137186243,-0.011971441799683458,-0.007740274538063585
2021-06-18,552.1591186523438,32652017,20.700000762939453,63.95872332064883,5.202845913829606,3.254752166892503,-0.0331675799957442,0,0.14,2.0,1.24,5.0,1.2,4.0,0.004237852911618267,0.013192332314594601,0.009590707644842045
2021-06-21,533.8453369140625,44279632,17.889999389648438,41.56029378912466,3.817956349558358,3.367393003425674,-0.0085760945893693,0,0.0,0.0,1.47,3.0,0.93,3.0,0.0002529073491499556,-0.02795502296889718,-0.024414289431116454
2021-06-22,529.2670288085938,27823974,16.65999984741211,37.88277836038623,2.3241982796838556,3.15875405867731,0.029411713829343,1,0.92,3.0,1.54,2.0,2.46,1.0,0.0034676060407665688,-0.014249986628870892,0.006083440259379236
2021-06-23,544.8336791992188,34392376,16.31999969482422,51.423714603988486,2.369172492228813,3.000837745387611,-0.0084032417881254,0,0.54,3.0,1.33,1.0,1.47,3.0,0.005993308042535395,0.00166469819776216,0.004237069299596774
2021-06-24,540.2553100585938,16524230,15.970000267028809,48.04242133608764,2.012183553606178,2.8031069070313244,0.0016948457461032,1,0.0,0.0,0.88,2.0,1.17,5.0,0.00010018741461803593,0.015044124496594202,0.003701239492160946
2021-06-25,541.1709594726562,18841696,15.619999885559082,49.14700065141485,1.7826037566206878,2.599006276949197,-0.0016919781042108,0,-0.1,1.0,0.54,1.0,0.45,6.0,0.0030196518945295736,0.010254203056345279,0.017696648539498927
2021-06-28,540.2553100585938,15028407,15.760000228881836,50.25258563660104,1.5093757144803703,2.381080164455432,0.0084744546798225,1,0.0,0.0,0.41,4.0,1.19,4.0,-0.0045872105787782,-0.006055984525528024,-0.0037863630753254274
2021-06-29,544.8336791992188,28659610,16.020000457763672,54.66589275467925,1.6433333255657772,2.233530796677501,0.0,0,0.0,0.0,1.4,5.0,1.21,2.0,-0.001444073621782116,0.026431001971533252,0.025192169194753422
2021-06-30,544.8336791992188,24883853,15.829999923706056,56.53478864430308,1.729558424557922,2.132736322253585,-0.0033613191203101,0,0.68,1.0,0.85,7.0,0.95,8.0,-0.0017871681871741707,0.005183505482876383,0.007742744946380498
2021-07-01,543.0023193359375,18250994,15.479999542236328,47.69439772173378,1.6313122489247007,2.032451507587808,-0.008431470626254,0,0.1,3.0,1.26,8.0,1.01,7.0,0.002153447075292414,-0.0005821933049349193,-0.001063062605945353
2021-07-02,538.4240112304688,18322419,15.06999969482422,42.66313120843345,1.1705271371072286,1.8600666334916924,0.0051018308710077,1,0.86,1.0,0.96,2.0,1.15,1.0,-0.0020770441327403466,-0.014480779555825385,-0.015021029178121426
2021-07-06,542.086669921875,12997112,16.440000534057617,42.6573902472676,0.9551674231994411,1.5439247051663745,0.0033784651054074,1,0.25,4.0,0.02,3.0,0.54,2.0,0.002116288814962397,-0.014480779555825385,-0.015021029178121426
2021-07-07,543.9180908203125,16966158,16.200000762939453,41.4285006922636,1.0432633445791453,1.443792433048929,-0.0101009318913402,0,-0.26,2.0,0.59,6.0,0.46,5.0,0.0011024363241982638,-0.014480779555825385,-0.015021029178121426
2021-07-08,538.4240112304688,21140426,19.0,39.726091188496525,0.6621211693241094,1.2874581803039649,-0.0068030079558679,0,0.09,2.0,0.6,2.0,1.61,1.0,-0.0025707007491830858,-0.01499374976700052,-0.013963440015823725
2021-07-09,534.7611083984375,29029415,16.18000030517578,50.87728120008139,0.0637625876452148,1.0427190617722149,0.015411014017421,1,-1.34,1.0,1.14,1.0,1.31,3.0,-0.0005484749429269797,-0.003213537021210411,-0.011932294245094677
2021-07-12,543.0023193359375,31304547,16.170000076293945,62.295130333112965,0.2516550262140526,0.8845062546605824,0.023608814652871,1,0.71,1.0,0.88,4.0,0.6,5.0,0.0028118780778858543,0.02282171701735014,0.017245767815627033
2021-07-13,555.8219604492188,52540315,17.1200008392334,60.344906843433535,1.4186457717225949,0.991334158072985,0.0098847131202941,1,0.5,1.0,0.62,4.0,0.19,1.0,-0.00032184803806400986,0.017169984344971967,0.01238721102508622
2021-07-14,561.3161010742188,38418875,16.329999923706055,69.49156754998012,2.755066881203902,1.3440807026991684,0.001631254496905,1,0.58,3.0,1.19,4.0,1.76,2.0,0.00029335951163789176,0.010356195597500895,-0.005480548781636063
2021-07-15,562.2317504882812,22012834,17.010000228881836,69.49156754998012,3.8437669415352502,1.8440179504663847,-0.0407164658059046,0,0.56,1.0,1.18,4.0,0.93,7.0,0.002145965054271892,0.003954971808896479,-0.0035234159938545284
2021-07-16,539.3396606445312,57970545,18.450000762939453,49.39761358288616,2.8267838452388787,2.0405711294208837,-0.011884627706701,0,0.2,1.0,0.4,2.0,0.86,3.0,-0.001877246831716306,-0.05514929214886499,-0.021719681772050747
2021-07-19,532.9298095703125,40644341,22.5,42.35297254358264,1.4864610049522753,1.9297491045271624,-0.0017181426101886,0,0.55,2.0,1.09,3.0,0.22,3.0,-0.0031073033461498367,-0.015230085814620598,-0.022466090884252776
2021-07-20,532.01416015625,15354333,19.729999542236328,41.860515585290294,0.3463675328943054,1.613072790200591,0.0068846282690797,1,0.83,4.0,0.35,6.0,0.71,9.0,0.003310667475223461,-0.0033696959233256996,0.0006549328794700493
2021-07-21,535.6768798828125,25828732,17.90999984741211,45.45457299799731,-0.258632531503963,1.2387317258596804,0.0102563313747003,1,0.15,3.0,0.84,6.0,0.84,5.0,0.0037644428540022368,0.0091029268626861,0.013801367198665204
2021-07-22,541.1709594726562,26058172,17.690000534057617,51.68532509706178,-0.2914138963697041,0.9327026014138036,-0.0101522069757724,0,0.43,1.0,0.95,3.0,0.62,6.0,-0.002785146330062438,0.012628766628269839,0.03064919548243239
2021-07-23,535.6768798828125,15271451,17.200000762939453,46.73915642268271,-0.7520505011224259,0.5957519809065577,-0.0085471137226216,0,0.01,2.0,0.81,1.0,0.92,4.0,-0.0013393424013419253,-0.011114038600879117,-0.00891830577727104
2021-07-26,531.098388671875,21619179,17.579999923706055,43.74998264192655,-1.4696135159622372,0.1826788815327987,0.0,0,0.86,6.0,0.48,2.0,0.96,5.0,0.0012195828206831294,0.00197329271748381,0.0063324570670466596
2021-07-27,531.098388671875,17785992,19.36000061035156,42.55314321047533,-2.0150590288315016,-0.2568687005400614,-0.0017240673923946,0,1.39,2.0,0.56,8.0,1.35,4.0,0.0008072048895577666,-0.009761058777822629,-0.0009573412262751102
2021-07-28,530.1827392578125,36158305,18.309999465942383,44.94376636886596,-2.492482001815688,-0.7039913607951868,0.0069081797370038,1,-0.46,1.0,0.82,2.0,1.18,4.0,0.0010314739798571448,-0.01824480379408644,-0.01859976826562193
2021-07-29,533.8453369140625,23224896,17.700000762939453,49.438148391136195,-2.5459539539194793,-1.072383879420045,-0.005145588154926,0,0.21,1.0,0.91,8.0,-0.16,1.0,-0.0008307485781863244,0.013475378616394362,0.017562346969428155
2021-07-30,531.098388671875,18999281,18.239999771118164,42.1686301908915,-2.7779639875208204,-1.4134999010402003,0.0172414783814682,1,0.0,0.0,0.99,3.0,1.09,3.0,-0.004456871264529649,0.009385849273437552,0.01857630826125578
2021-08-02,540.2553100585938,23482491,19.459999084472656,39.240465744178195,-2.197613857783381,-1.5703226923888367,0.0067797219083722,1,-0.8,1.0,0.99,6.0,1.26,4.0,-0.0019355838620490617,0.004218507288671125,0.006987207381027094
2021-08-03,543.9180908203125,22747702,18.040000915527344,37.66229943862292,-1.4256919135183352,-1.5413965366147364,0.0033669772971134,1,0.4,2.0,1.09,3.0,1.04,8.0,0.002840781628680622,0.0018862796710306107,0.006244532524528168
2021-08-04,545.7494506835938,20313271,17.969999313354492,38.46152531451942,-0.6585711770544549,-1.3648314647026802,0.0,0,0.57,1.0,-0.04,2.0,0.76,3.0,-0.00011461536470191991,0.013263819239992536,0.005675789396986319
2021-08-05,545.7494506835938,15116242,17.280000686645508,56.60379256829667,-0.0500455723940831,-1.101874286240961,-0.0083893647629009,0,-0.23,1.0,1.06,5.0,0.45,2.0,-0.0025285900086162716,0.002786671285898157,0.011846929417607122
2021-08-06,541.1709594726562,13687213,16.149999618530273,58.82354478787237,0.0620540562809992,-0.869088617736569,0.0067681379838482,1,0.66,1.0,0.18,4.0,1.03,4.0,-0.004868857324872744,0.004042417497791551,-0.00361952391972975
2021-08-09,544.8336791992188,17390951,16.719999313354492,62.96293096105967,0.4413570021621353,-0.6069994937568282,-0.0067226382406202,0,0.08,1.0,0.79,4.0,0.83,4.0,0.00042214695517728273,-0.008471659678577659,-0.0036239034040209672
2021-08-10,541.1709594726562,17190865,16.790000915527344,55.55554184045414,0.441319195224537,-0.3973357559605551,-0.0016919781042108,0,-0.46,2.0,1.0,2.0,0.42,1.0,0.0034587822656699796,8.445200220408289e-05,-0.003601951579438545
2021-08-11,540.2553100585938,19969687,16.170000076293945,48.97962792671713,0.3632170377245529,-0.2452251972235335,-0.0067796089337192,0,0.64,2.0,-0.53,2.0,1.13,3.0,-0.0013190604335480138,-0.015733287755919867,-0.012027287944052278
2021-08-12,536.5925903320312,15444622,15.59000015258789,51.0638629791567,0.0057038929749069,-0.1950393791838454,-0.008532414085234,0,0.75,3.0,1.02,2.0,1.16,5.0,0.0014611821242085377,-0.0031797262787047753,-0.0023639453952818412
2021-08-13,532.01416015625,22524428,15.449999809265137,51.06393539804685,-0.6396948970534595,-0.2839704827577682,0.0051632991147843,1,0.44,5.0,0.48,3.0,0.16,2.0,-0.001247040309911407,-0.002500254325291884,-0.011331174174846081
2021-08-16,534.7611083984375,19315705,16.1200008392334,54.0000053324517,-0.9189294750829048,-0.4109622812227956,0.0,0,-0.56,2.0,0.04,5.0,0.85,6.0,0.00017988092582732484,-0.0017286082851301066,0.0066647585196748516
2021-08-17,534.7611083984375,0,17.90999984741211,55.10201027856601,-1.127230874107795,-0.5542159997997955,-0.017122930411894,0,0.0,0.0,0.89,5.0,0.74,4.0,0.0004137683724649843,-0.007532370210848405,-0.0037181402139510045
2021-08-18,525.6044311523438,43716164,21.56999969482422,41.81838894632043,-2.008031227743345,-0.8449790453885054,-0.0261327203857445,0,0.0,0.0,1.01,3.0,1.36,2.0,-0.0006581203164657268,-0.030707516184854233,-0.019809496769654045
2021-08-19,511.8689575195313,38868947,21.670000076293945,34.32831960269526,-3.7709407264827632,-1.4301713816073571,-0.0125224454033709,0,0.71,1.0,1.14,3.0,1.55,1.0,0.003947547414152153,-0.005940036024134732,-0.014735229219632662
2021-08-20,505.4591064453125,45614061,18.559999465942383,20.312342149526387,-5.6204910949315945,-2.268235324272205,0.0253623704663994,1,1.2,1.0,0.19,1.0,0.83,1.0,-0.002050272910535056,0.0006338194010937492,0.008426759412047291
2021-08-23,518.2787475585938,33685159,17.149999618530273,31.080958141436923,-5.982868404822739,-3.0111619403823116,0.0106007445817153,1,0.33,1.0,0.96,1.0,0.83,7.0,0.00631416798043416,-0.021715446372109648,0.0063753741854233326
2021-08-24,523.7728881835938,24844800,17.219999313354492,34.615305733540026,-5.7603223908648715,-3.560994030478824,0.0227273919054895,1,-0.39,2.0,1.05,8.0,1.35,2.0,-0.001677456572554803,0.02626693377370204,0.026258255724128654
2021-08-25,535.6768798828125,27504657,16.790000915527344,43.95603107738802,-4.570712103172582,-3.762937645017576,0.0153846679724218,1,0.14,2.0,1.32,2.0,0.66,6.0,-0.0024954892170808707,0.01036403765999716,0.0010113323426990117
2021-08-26,543.9180908203125,43822008,18.84000015258789,51.57898946638723,-2.929174827451675,-3.596185081504396,0.0084173871358463,1,1.2,2.0,0.74,4.0,0.87,5.0,-0.00029026000624543524,0.04388556805611343,0.008118681864333954
2021-08-27,548.4964599609375,27105651,16.389999389648438,52.083355030970345,-1.244463186224948,-3.125840702448506,0.0100165068614641,1,0.0,0.0,-0.77,1.0,1.67,3.0,-0.00029403683720852225,0.00914292826439933,-0.0006405112507523736
2021-08-30,553.990478515625,36575609,16.190000534057617,57.142818276854385,0.5279187898818236,-2.395088803982441,0.0148761978630718,1,0.19,1.0,0.96,4.0,0.86,6.0,0.0011368208333430996,0.0033022191989751093,0.019600123635315825
2021-08-31,562.2317504882812,52721470,16.479999542236328,61.320739293053535,2.5679443839109126,-1.4024821664037703,-0.0016285978393558,0,-0.06,1.0,0.99,4.0,1.14,3.0,-0.0015617977666271265,0.004219730081388873,0.002907066995393892
2021-09-01,561.3161010742188,30092045,16.110000610351562,63.10678794875711,4.063947452938237,-0.3091962425353689,-0.0097879619246367,0,0.06,1.0,0.94,1.0,0.61,4.0,-0.005159072661616082,0.00016821318939919117,-0.008333228256229619
2021-09-02,555.8219604492188,24112463,16.40999984741211,62.499975965713645,4.751437813823713,0.7029305687364475,0.0214170248414691,1,0.26,1.0,0.47,1.0,1.16,5.0,-0.005788106784613389,0.012183691490614379,-0.005199378440473579
2021-09-03,567.7260131835938,51562454,16.40999984741211,65.78953061478651,6.185533467814253,1.7994511485520086,0.0177417424894559,1,0.25,3.0,0.95,2.0,0.27,5.0,0.0037324773544429313,0.0027396595451878447,0.0033442013414288763
2021-09-07,570.4728393554688,26526056,18.13999938964844,69.91851855063166,8.820686704738932,4.202525669243682,-0.0064202840233166,0,0.0,0.0,0.94,3.0,1.14,5.0,-0.0007094580716562326,0.0027396595451878447,0.0033442013414288763
2021-09-08,566.8102416992188,37817737,17.959999084472656,76.78572916406296,9.03797925960464,5.169616387315874,0.0,0,0.4,1.0,1.12,1.0,0.53,4.0,-0.00267686535439815,0.0027396595451878447,0.0033442013414288763
2021-09-09,566.8102416992188,18735512,18.799999237060547,81.90481027122249,9.105225799632194,5.956738269779138,0.0048464355003687,1,0.42,2.0,0.65,1.0,1.05,4.0,0.0021101781649590645,-0.022534142464521567,-0.01229630674593818
2021-09-10,569.5572509765625,16304725,20.950000762939453,79.78727100610178,9.273283221497309,6.620047260122773,-0.0112540944096988,0,0.0,0.0,0.59,3.0,-0.69,1.0,0.002881360677490674,0.006481527710382018,0.003896211753731116
2021-09-13,563.1473999023438,15198774,19.3700008392334,72.63157008464492,8.787946549271624,7.053627117952543,-0.003251899641981,0,0.63,1.0,1.04,6.0,0.93,2.0,-0.0014853093066332645,0.002363707856531949,0.007614580325081555
2021-09-14,561.3161010742188,14441901,19.459999084472656,66.66669311713775,8.161462964523366,7.275194287266708,-0.0097879619246367,0,1.21,1.0,-0.06,3.0,1.01,3.0,0.0007563923680651286,0.005285891673835863,0.009664415066369392
2021-09-15,555.8219604492188,23433501,18.18000030517578,58.024669007553435,7.1393410979596865,7.248023649405304,-0.0070333704603052,0,0.74,2.0,1.17,1.0,1.28,3.0,-0.0004013982372002012,-0.004287287899147452,-8.407709359925519e-05
2021-09-16,551.9126586914062,22467022,18.690000534057617,52.32390032941747,5.945320223556223,6.987482964235489,0.0,0,0.56,2.0,0.17,2.0,0.75,3.0,-0.00013753358462487153,-0.012917444889982588,0.004745800763990893
2021-09-17,551.9126586914062,40717715,20.809999465942383,48.472357217924795,4.94208084647596,6.578402540683584,-0.023333385309897,0,0.58,2.0,1.33,2.0,1.1,5.0,-0.0008286278713395268,-0.0017601972508300978,0.002262155448886638
2021-09-22,539.03466796875,40642293,20.8700008392334,34.033747241012236,3.0724429766258936,5.877210627872046,0.0034131064737943,1,-0.38,1.0,0.74,1.0,1.01,7.0,-0.0005758707281434683,0.002266809265031755,0.0020370222746517452
2021-09-23,540.8744506835938,21696296,18.6299991607666,36.1070136110747,1.719376680045798,5.0456438383067965,0.0170065812525312,1,-1.81,2.0,1.21,1.0,1.46,3.0,-0.001707175212354528,0.007915924384824136,0.02002672312285836
2021-09-24,550.0728759765625,16736973,17.75,46.2799942813497,1.3734654832463775,4.311208167294713,0.0066891216695585,1,0.32,1.0,-0.24,2.0,1.37,6.0,-0.0005303275156031129,0.0027616600506625844,0.013314673237722063
2021-09-27,553.7523803710938,19464241,18.760000228881836,39.88121440984653,1.380322127104023,3.7250309592565753,-0.0132893492649744,0,0.27,4.0,0.83,2.0,0.97,4.0,-0.000682211458426174,-0.004733884691529244,-0.0010209921609071193
2021-09-28,546.3933715820312,16707080,23.25,26.3282497182159,0.7829205386673266,3.1366088751387258,-0.0235690829948562,0,0.0,0.0,0.64,2.0,1.12,4.0,0.001517060419170324,0.004410577848846575,-0.002455175759878858
2021-09-29,533.515380859375,49310524,22.559999465942383,24.294720218713792,-0.7213554134955302,2.365016017411875,0.0,0,0.33,1.0,1.01,5.0,0.0,0.0,-0.002625588217266994,-0.03659058525749381,-0.03803579544464131
2021-09-30,533.515380859375,30465107,23.13999938964844,25.5989736864,-1.8916986191673004,1.5136730900960398,-0.0103443313187927,0,0.43,2.0,1.36,1.0,0.67,2.0,0.003033913578156522,-0.0025023305479442426,-0.015251616836237547
2021-10-01,527.9965209960938,36704493,21.100000381469727,23.683173758160848,-3.227327289409345,0.5654730141949629,-0.0034846911144132,0,-0.05,2.0,1.12,4.0,1.1,4.0,0.0026786537597112137,0.00026868995779572025,-0.0017617284686628487
2021-10-04,526.1566162109375,20957803,22.959999084472656,20.206629091646505,-4.3837543809856925,-0.4243724648411682,0.0,0,0.64,1.0,1.34,3.0,1.43,4.0,0.000870062684014794,-0.0008060006575869583,0.0009483604402111823
2021-10-05,526.1566162109375,33824024,21.299999237060547,22.15648421843804,-5.239829687708038,-1.3874639094145422,-0.0017481483200028,0,0.22,1.0,0.58,3.0,0.83,5.0,-0.0029673035435864303,-0.022768001312696518,-0.02487439354689802
2021-10-06,525.23681640625,32508846,21.0,22.464744972251538,-5.924205143916197,-2.2948121563148733,0.0157615844787275,1,0.0,0.0,0.56,5.0,0.69,3.0,0.004622746792353416,0.002201386592949106,0.014839323955132322
2021-10-07,533.515380859375,27933054,19.540000915527344,33.66993949131958,-5.732486127375182,-2.982346950526935,-0.00862040956784,0,0.68,2.0,1.43,1.0,0.88,5.0,-0.0004052439552877374,0.0007320331803861713,0.003575811933534734
2021-10-08,528.916259765625,18279079,18.770000457763672,33.333274352724686,-5.883832898220476,-3.5626441400656432,0.0,0,0.0,0.0,0.7,5.0,0.0,0.0,0.0028703642809331242,0.013627247093469963,0.011019529199423062
2021-10-12,528.916259765625,26522907,19.850000381469727,33.333274352724686,-5.935357201324678,-4.03718675231745,-0.0069565707074413,0,0.0,0.0,1.57,1.0,1.4,3.0,0.0029139603243388823,0.0019992326509845615,-0.007713480059220568
2021-10-13,525.23681640625,18914374,18.63999938964844,38.461483494384474,-6.201602695942597,-4.47006994104248,0.0035023031835528,1,0.0,0.0,0.7,3.0,0.84,2.0,-0.0002495532860183891,-0.009613819807238855,-0.013373797706530466
2021-10-14,527.0763549804688,13916927,16.860000610351562,38.46123221471577,-6.192782240552333,-4.814612400944451,0.0471208838648393,1,0.0,0.0,0.48,3.0,1.05,6.0,0.0030560564493047337,0.007143015825381127,0.004593898370081062
2021-10-15,551.9126586914062,53150216,16.299999237060547,51.21956153560449,-4.13405500949591,-4.678500922654743,-0.0166667827845216,0,-1.79,1.0,1.19,1.0,1.05,3.0,-0.004593172827468184,0.023458787481857257,0.03084801197537379
2021-10-18,542.7140502929688,19158568,16.309999465942383,43.18176677187654,-3.2077724641333134,-4.384355230950458,0.0169492726297981,1,0.0,0.0,1.37,4.0,1.14,4.0,-0.00037861546088968634,0.020433647430943003,0.007039876139008028
2021-10-19,551.9126586914062,17386359,15.699999809265137,53.33343654939847,-1.7117045866762055,-3.849825102095608,-0.0033334671453376,0,1.14,2.0,1.12,4.0,0.58,4.0,0.0003966132769770425,0.004178916148037004,0.007352777065523064
2021-10-20,550.0728759765625,16372520,15.489999771118164,61.53855969402685,-0.6668283227679694,-3.2132257462300804,-0.0033443943973154,0,0.0,0.0,0.6,4.0,0.8,7.0,-0.001814297267368814,0.014045362395945782,0.012780093776943335
2021-10-21,548.2332153320312,16169014,15.010000228881836,60.00013270640616,0.0126525542091258,-2.5680500861422395,0.006711456468661,1,0.0,0.0,0.37,6.0,0.87,10.0,-0.004397263985292166,-0.011713382505235903,-0.002138130261618798
2021-10-22,551.9126586914062,13995403,15.43000030517578,66.66658159879952,0.8383820271845934,-1.886763663476873,-0.0116668585375984,0,0.0,0.0,0.69,3.0,0.9,2.0,-0.0007295224928105526,0.006055836834678585,0.011211503237329445
2021-10-25,545.4735717773438,16785568,15.239999771118164,62.65060337281205,0.96210750685907,-1.3169894294096844,0.0101181163022785,1,0.0,0.0,1.0,8.0,0.5,3.0,0.00044957070593443227,-0.01771412177527043,-0.012241912906757024
2021-10-26,550.9927368164062,19998808,15.979999542236328,65.1685552418492,1.488354509642022,-0.7559206415993431,0.0,0,0.76,3.0,0.85,4.0,0.46,5.0,0.0006650025718368813,-0.005165201424353949,0.00656024516926057
2021-10-27,550.9927368164062,14961858,16.979999542236328,65.90906177685653,1.8836949874959144,-0.2279975157802916,-0.0066778436692914,0,0.0,0.0,0.86,6.0,1.23,3.0,-0.0011064362481889578,0.004751825054684078,0.0001680432902544382
2021-10-28,547.3132934570312,16570044,16.530000686645508,59.0361734734257,1.8784512193972205,0.1932922312552108,-0.0084033098027127,0,0.0,0.0,0.42,4.0,1.38,4.0,-0.0003560047541382172,-0.0037659801537909265,-0.009628737813331845
2021-10-29,542.7140502929688,25763960,16.260000228881836,59.03607908282976,1.4860448099998391,0.4518427470041365,0.0,0,0.04,1.0,1.12,5.0,1.07,6.0,-0.0012159936409591454,0.019868167764425237,0.02337299404202975
2021-11-01,542.7140502929688,16089351,16.40999984741211,59.03607908282976,1.1616689073665611,0.5938079790766215,0.0033898545259596,1,0.2,1.0,1.4,5.0,1.3,2.0,-0.001411970392591222,-0.01991217329657924,0.0036174923225729128
2021-11-02,544.5537719726562,15192404,16.030000686645508,62.96290228376185,1.041048275393905,0.6832560383400782,0.0,0,0.0,0.0,-0.28,2.0,0.85,3.0,0.0033689728389292295,0.003694146965658618,0.015939062853475683
2021-11-03,544.5537719726562,10224009,15.100000381469728,62.02534835084536,0.9346811332457036,0.7335410573212033,-0.0084458935017595,0,1.39,1.0,0.0,0.0,0.86,4.0,-0.0005608215380703552,-8.762529119554774e-05,0.012143946795241778
2021-11-04,539.9545288085938,17932145,15.4399995803833,38.59653615755152,0.4738022237942232,0.6815932906158073,0.022146549838554,1,0.2,1.0,1.38,6.0,1.55,4.0,0.0020646575213145724,-0.000876617966949711,0.011640305112825322
2021-11-05,551.9126586914062,33270827,16.479999542236328,58.33335176465123,1.0612401945189731,0.7575226713964405,0.0033333565569042,1,0.69,1.0,0.82,4.0,1.0,2.0,-0.002476811217840602,0.03315511978887309,0.03498165563847033
2021-11-08,553.7523803710938,19752355,17.219999313354492,51.92308183082597,1.656148138115782,0.9372477647403088,0.0149501597047574,1,0.19,3.0,1.05,5.0,0.74,5.0,0.0030443315205987975,8.496496434440282e-05,0.010977576311520965
2021-11-09,562.0310668945312,39538660,17.780000686645508,61.016998712303966,2.7637786640215154,1.3025539445965502,0.0016365639888373,1,0.0,0.0,1.3,6.0,0.44,1.0,-0.0015785487615485039,0.02640070680376816,0.012452923211143663
2021-11-10,562.9508666992188,16027674,18.729999542236328,63.79305216482061,3.673458648349879,1.776734885347216,-0.0098036653997062,0,0.53,3.0,1.12,3.0,1.35,5.0,-0.001038380748334622,0.00719528976221917,-0.0007256824174949328
2021-11-11,557.431884765625,18463848,17.65999984741211,55.00009400024109,3.904047443097056,2.202197396897184,-0.0033003524376095,0,0.25,3.0,1.15,3.0,1.15,6.0,-0.0025142983222369297,-0.029397226395432297,-0.028298399159511378
2021-11-12,555.5921630859375,15821327,16.290000915527344,60.00021715605196,3.89345918597985,2.5404497547137175,0.006622122238576,1,0.0,0.0,1.06,6.0,0.85,2.0,0.0009988865953174386,-8.467024661096278e-05,0.019352716834770023
2021-11-15,559.2713623046875,15551452,16.489999771118164,58.49056839991437,4.134291011261439,2.859218006023262,0.0032894973776347,1,0.0,0.0,1.49,4.0,0.01,2.0,0.0015382331008222394,0.004230739766817759,0.007971866001364125
2021-11-16,561.111083984375,20917108,16.3700008392334,60.00002412856665,4.422620911371496,3.171898587092909,0.0,0,0.81,1.0,1.18,5.0,1.67,1.0,-0.0007338040674534918,-0.004802606472003479,-0.0001976544999341412
2021-11-17,561.111083984375,19717852,17.110000610351562,64.70598184512542,4.59812016745343,3.4571429031650136,0.0049182856454152,1,0.18,1.0,1.41,1.0,0.76,5.0,-0.0010366346222370204,-0.00033863188263727473,0.01730475185337732
2021-11-18,563.8707885742188,20030651,17.59000015258789,73.46960607743037,4.9033667294716,3.746387668426331,0.0081565551137912,1,0.84,2.0,0.8,8.0,0.56,5.0,0.0017367335924207694,0.0082994308165798,-0.0072446394892947685
2021-11-19,568.4700317382812,35554348,17.90999984741211,75.92612161843347,5.453532388248959,4.087816612390857,-0.0048546175449303,0,0.28,2.0,0.87,4.0,1.13,6.0,-0.0021581998868929197,0.03636831807960039,0.017883620930803756
2021-11-22,565.7103271484375,20312168,19.170000076293945,70.90905142617237,5.602277966867518,4.39070888328619,-0.0048778682601187,0,0.73,1.0,0.98,6.0,0.99,3.0,0.0023683804502110384,0.0070508725167326425,0.0030923544637753153
2021-11-23,562.9508666992188,19431694,19.3799991607666,67.24146215341811,5.43484500297734,4.59953610722442,-0.0147060944097867,0,1.72,1.0,1.17,1.0,1.49,4.0,-0.0004819405370708463,0.003943132644236957,-0.016589869688735992
2021-11-24,554.6720581054688,20391940,18.579999923706055,62.90312223751437,4.581311995265992,4.595891284832734,0.0,0,0.0,0.0,1.33,5.0,1.44,4.0,-0.0008454839627064503,-0.027174267363476168,-0.003298619528457114
2021-11-26,548.2332153320312,26588102,28.6200008392334,44.444376179616235,2.7379159673770346,4.10661455490758,-0.0050337036821385,0,0.68,1.0,0.97,3.0,0.78,2.0,0.0005873650129220032,-0.027174267363476168,-0.003298619528457114
2021-11-29,545.4735717773438,23379558,22.959999084472656,31.249792645839097,1.6071480713154642,3.606721258189157,0.0050591700450226,1,0.47,1.0,0.38,1.0,1.26,6.0,-0.00010804853762869104,-0.027174267363476168,-0.003298619528457114
2021-11-30,548.2332153320312,62021697,27.190000534057617,34.00000530825008,0.9230462360706042,3.0699862537654465,0.006711456468661,1,0.36,3.0,0.63,6.0,0.94,6.0,0.0032127476153762657,0.01870367861510558,0.04083174152477276
2021-12-01,551.9126586914062,21403404,31.1200008392334,43.74990496333312,0.6700668184804499,2.5900023667084473,0.0249997318230492,1,0.0,0.0,1.11,3.0,1.13,6.0,-0.003888186544208083,-0.017857197026627136,-0.019772222656467497
2021-12-02,565.7103271484375,45125742,27.950000762939453,59.016190157115446,1.5648961908042338,2.3849811315276046,-0.0113820882079468,0,0.0,0.0,1.07,4.0,0.7,11.0,-0.006015391135506087,0.029705400763709866,-0.0058619048410633035
2021-12-03,559.2713623046875,23045832,30.670000076293945,50.0,1.734490142373602,2.254882933696804,-0.0131576621104948,0,0.0,0.0,1.06,3.0,1.22,1.0,0.0009355301659201842,0.008870125989670186,1.8387026011978946e-05
2021-12-06,551.9126586914062,23589363,27.18000030517578,42.85723764719711,1.2605775353656554,2.0560218540305746,0.0116667479491652,1,0.0,0.0,1.16,2.0,1.15,4.0,0.0026879558407451043,-0.019473997460371706,-0.0016479469469097285
2021-12-07,558.3516845703125,18606530,21.88999938964844,48.05206556020889,1.3885674143990627,1.9225309661042724,-0.008237289017509,0,0.43,2.0,1.0,5.0,1.01,3.0,-0.0007767573687550433,-0.001592260120379163,-0.0011749043661599679
2021-12-08,553.7523803710938,20801543,19.899999618530273,43.03796405173862,1.1061241935968835,1.7592496116027947,0.009966515954108,1,0.84,6.0,0.0,0.0,1.7,1.0,7.234314124260344e-05,0.02669130363207728,0.04965169805989511
2021-12-09,559.2713623046875,11039070,21.579999923706055,43.749901506964186,1.3124920330432133,1.6698980958908785,-0.0049339186664079,0,1.16,2.0,0.62,4.0,0.35,3.0,0.0030152288191467314,-0.0042511935430585845,-0.006094655868066456
2021-12-10,556.511962890625,10497451,18.690000534057617,43.75008294184781,1.2390960333902967,1.5837376833907622,-0.0066118352794702,0,1.4,2.0,0.93,3.0,-0.09,2.0,-0.004033519989395717,-0.018883306843203607,-0.02142040821152602
2021-12-13,552.8323974609375,17711657,20.309999465942383,43.20980979554188,0.8739447055573919,1.441779087824088,-0.0033277004983436,0,0.7,2.0,0.64,3.0,1.09,3.0,0.0019869610513112423,-0.0030963095120370987,0.009060374006781613
2021-12-14,550.9927368164062,22579034,21.88999938964844,47.297353036117784,0.4311444433831184,1.2396521589358942,0.0016695716903913,1,0.84,1.0,0.96,8.0,1.09,5.0,-0.0017915667600949536,-0.022748284454373713,-0.02560624324269034
2021-12-15,551.9126586914062,21827730,19.290000915527344,48.000109704223256,0.1526919152593109,1.0222601102005775,0.0129760044111513,1,0.96,2.0,1.26,3.0,1.13,7.0,0.003976679770889113,-0.0011166948601097904,-0.00524849581458664
2021-12-16,559.0742797851562,21809022,20.56999969482422,57.77565897418387,0.5040884330082918,0.9186257747621204,0.0033059410321518,1,0.54,2.0,0.19,3.0,1.09,9.0,0.0013804370735586158,0.03534281907966874,0.03690957278526308
2021-12-17,560.9225463867188,24105733,21.56999969482422,61.22742458894522,0.921094568315084,0.9191195334727132,-0.014826844596201,0,0.0,0.0,1.1,1.0,0.9,6.0,-0.0016016422960428711,-0.02780566951495922,-0.0427351896441871
2021-12-20,552.6058349609375,21381070,22.8700008392334,52.94027837858469,0.573870605392699,0.8500697478567103,-0.0016724295645608,0,-0.08,1.0,1.1,2.0,0.27,3.0,0.0006488768386792021,-0.0021443976373477502,-0.0014019066890337273
2021-12-21,551.681640625,17001461,21.010000228881836,49.83867901770226,0.2215642987503088,0.72436865803543,0.0050251406388845,1,1.65,1.0,1.27,6.0,0.53,1.0,0.002503808657290607,-0.011863994247538479,-0.007617612731269041
2021-12-22,554.4539184570312,9831802,18.6299991607666,40.708946313654494,0.1641662582238723,0.6123281780731186,0.0099996994773217,1,0.46,2.0,1.3,1.0,0.87,4.0,-0.00042407306586322857,0.021750358733214847,0.03346653480612627
2021-12-23,559.998291015625,16654439,17.959999084472656,50.609001564689166,0.5596115729331359,0.6017848570451221,-0.0032999411880878,0,0.86,1.0,0.27,3.0,0.91,3.0,-0.0030630283447893314,0.0328678426492488,0.008975156873625378
2021-12-27,559.998291015625,16259872,17.68000030517578,51.66054840321941,0.9771453716874704,0.6950738363761575,0.0148516427008487,1,0.0,0.0,0.33,2.0,1.42,1.0,-0.0031142829512521564,0.0328678426492488,0.008975156873625378
2021-12-28,568.315185546875,33892718,17.540000915527344,63.66173440933728,1.8343486497443564,0.9229287990497972,0.0016260929221729,1,0.0,0.0,0.92,3.0,0.7,4.0,0.0019764833964968087,0.0328678426492488,0.008975156873625378
2021-12-29,569.2393188476562,24518766,16.950000762939453,60.23342343934261,2.558762436891243,1.2500955266180864,-0.0016234530366806,0,1.16,1.0,0.42,5.0,1.02,7.0,0.00015897270692888377,-0.005216007646335674,-0.011714308974350218
2021-12-30,568.315185546875,19681276,17.329999923706055,62.592071677866336,3.023443375056331,1.6047650963057356,0.0260165201847737,1,0.0,0.0,1.08,4.0,0.94,1.0,-0.005371417516269572,-0.005325146106545109,0.0017935409775311495
2022-01-03,583.1007690429688,69089158,16.600000381469727,76.10526393364785,4.532531188121425,2.1903183146688736,0.0396193111169564,1,0.62,1.0,0.65,4.0,0.78,6.0,0.0014954966241516043,-0.000913360698789667,-0.0014853384908752876
2022-01-04,606.2028198242188,79434666,16.90999984741211,84.8389775412801,7.506110805544154,3.25347681284393,-0.0091459678875218,0,0.14,2.0,1.05,5.0,1.19,4.0,0.0015691196372695781,0.07056767059602898,0.020538915057569218
2022-01-05,600.6585083007812,69593809,19.729999542236328,79.06366223425547,9.308017440623416,4.464384938399828,-0.0092311000225684,0,0.01,1.0,0.5,8.0,0.86,5.0,-0.002794019421395566,0.03571434021500597,-0.004524205490554323
2022-01-06,595.11376953125,53210211,19.61000061035156,71.91021158771305,10.171378037026445,5.605783558125151,-0.0155278624015726,0,0.11,2.0,0.92,1.0,0.86,6.0,-0.003953035838036634,-0.04752637844123009,-0.03220999820715886
2022-01-07,585.8729248046875,38249908,18.760000228881836,63.91758403757595,9.994725614003414,6.4835719693008045,0.0141953144419457,1,0.31,5.0,0.8,3.0,0.75,5.0,0.0029401680820926313,0.011097268342404432,0.007518272775622004
2022-01-10,594.1895751953125,38289770,19.399999618530273,73.19586435498346,10.405859209872917,7.268029417415227,0.0124420633490707,1,-0.78,2.0,1.05,3.0,1.61,2.0,0.0008552395448278016,-0.03868612580313879,-0.028835716589425964
2022-01-11,601.58251953125,33196585,18.40999984741211,75.96168379925592,11.199137681185904,8.054251070169363,0.0138248240115386,1,0.6,1.0,0.69,3.0,0.69,1.0,0.001375818452457933,0.012226571242421658,0.002389109467966888
2022-01-12,609.8992919921875,38860063,17.6200008392334,77.27286100888483,12.35647288857217,8.914695433849925,0.00151522278008,1,0.6,1.0,1.5,2.0,1.06,3.0,-0.0021368538113663016,0.033277490988510294,0.018408113440556484
2022-01-13,610.8234252929688,38137411,20.309999465942383,76.19066190693358,13.1961225264605,9.77098085237204,0.0166411347387334,1,0.48,3.0,1.41,3.0,0.64,5.0,0.0010181915789688745,0.023689665270828497,0.006649572673263826
2022-01-14,620.9882202148438,95200777,19.190000534057617,79.82454107444548,14.514451353030267,10.719674952503688,0.0163692317611747,1,-0.02,3.0,1.02,6.0,0.94,3.0,-0.0010279950885446754,0.05263562100965524,-0.022908244862934413
2022-01-18,611.7474365234375,43593330,22.790000915527344,67.40742625265541,15.775189971553004,12.60648026569872,-0.0120844628334997,0,0.42,4.0,0.95,7.0,1.4,2.0,-0.0010157396047735245,0.05263562100965524,-0.022908244862934413
2022-01-19,604.3547973632812,40381333,23.850000381469727,63.38032427283273,14.678490910619075,13.020882394682792,-0.0045871693980528,0,0.88,2.0,1.05,4.0,1.2,7.0,-0.004150620006049377,0.05263562100965524,-0.022908244862934413
2022-01-20,601.58251953125,46474584,25.59000015258789,62.500057334242115,13.430827136555877,13.10287134305741,-0.0153609944798914,0,-0.43,2.0,1.39,5.0,1.1,6.0,0.0033729503376602743,-0.021071666245955467,-0.030867357382289295
2022-01-21,592.3416137695312,49577684,28.850000381469727,53.62317730743569,11.563088652961255,12.79491480503818,0.0187204950064014,1,0.08,4.0,0.48,3.0,1.8,1.0,0.0011411707123594184,-0.02045635331797424,-0.03251211683528743
2022-01-24,603.4305419921875,47134502,29.899999618530273,48.799993236570494,10.852574557901448,12.406446755610837,-0.0183764782373243,0,0.0,0.0,1.28,2.0,0.74,2.0,0.0024720838148857283,-0.029611301846086846,-0.017157153140424874
2022-01-25,592.3416137695312,52318736,31.15999984741211,46.564843544384466,9.287641040501285,11.782685612588926,-0.0078004724405391,0,0.57,2.0,0.03,5.0,1.07,7.0,0.00273396976775353,0.011483322373692983,0.01314779407060973
2022-01-26,587.7210693359375,29957189,31.959999084472656,46.923076141430485,7.587121024582075,10.943572694987555,-0.001572297325786,0,0.0,0.0,0.76,5.0,1.0,4.0,-0.0009858684610533075,-0.027627817838855262,-0.03709819259674996
2022-02-07,586.7969970703125,56836469,22.86000061035156,50.41321637363057,6.094626688645803,9.973783493719209,-0.0110235173779462,0,-0.1,2.0,0.93,3.0,1.34,2.0,-0.0002486011289392076,0.009846088199503056,0.005978068561084848
2022-02-08,580.3284301757812,39718217,21.440000534057617,43.69755968143261,4.33982804994514,8.846992404964395,0.0079616318758077,1,0.9,4.0,0.9,6.0,0.99,3.0,0.002022027810925975,0.010659529545516078,-0.00021429922351001718
2022-02-09,584.9487915039062,30048791,19.959999084472656,42.241290465846554,3.284104914176055,7.734414906806728,0.0252766099796939,1,0.27,2.0,0.7,7.0,1.16,3.0,0.0009352869523764351,0.01144634937198008,0.023983745126847644
2022-02-10,599.7343139648438,34587133,23.90999984741211,45.52844437022117,3.599017583443924,6.907335442134167,0.0015410062663041,1,0.39,3.0,0.94,5.0,1.38,5.0,-0.000747489279132485,0.014631000049915022,0.03354617562064699
2022-02-11,600.6585083007812,26723278,27.36000061035156,45.52847362062022,3.8784544926210174,6.301559252231538,-0.0200000223550222,0,0.0,0.0,1.51,6.0,0.72,2.0,-0.00088112628861714,-0.006453062199979764,-0.03219181381988623
2022-02-14,588.6453247070312,27826382,28.329999923706055,36.000092997008245,3.0948709924165314,5.660221600268537,-0.0062797291475384,0,0.87,3.0,2.33,1.0,1.34,8.0,0.001645029539128151,-0.029669078991392928,-0.048315967573850815
2022-02-15,584.9487915039062,21970460,25.700000762939453,28.813530860825296,2.1508029690164676,4.958337874018123,0.0205370499658748,1,0.0,0.0,0.65,1.0,1.02,4.0,0.0028605704772510787,-0.01024696908407896,0.0014709014699874068
2022-02-16,596.9619140625,25191741,24.290000915527344,42.727223599911134,2.3449497306390867,4.435660245342316,-0.0015478562512984,0,0.0,0.0,1.0,6.0,0.89,11.0,-0.0015839209130393828,0.039659422465070815,0.05467034676560756
2022-02-17,596.0379028320312,18135080,28.11000061035156,45.63101815514207,2.3966256453700225,4.0278533253478574,-0.0124028658074841,0,0.56,1.0,1.08,9.0,1.44,5.0,-0.0014751218320701032,-0.007388369761411218,0.00034885573053755614
2022-02-18,588.6453247070312,20804191,27.75,43.51853380766377,1.8200791680751536,3.586298493893317,-0.007849557746933,0,-1.21,1.0,1.03,1.0,1.19,6.0,-0.00035581921065863664,-0.03106802935416786,-0.03743010384571499
2022-02-22,579.404296875,34086593,28.809999465942383,36.45838780076342,-0.0596458251758349,2.439946993308859,-0.0031896268392577,0,-0.73,1.0,1.19,5.0,1.08,3.0,0.0011962768307509641,-0.03106802935416786,-0.03743010384571499
2022-02-23,577.5562133789062,31953054,31.020000457763672,40.69770656786984,-1.0201704986357072,1.747923494919946,-0.033599991376651,0,1.19,1.0,0.7,6.0,1.36,8.0,-0.0020667391326812945,-0.03106802935416786,-0.03743010384571499
2022-02-24,558.1503295898438,73663161,30.31999969482422,34.31379341828611,-3.309140154762872,0.7365107649833824,0.0,0,0.9,2.0,0.79,6.0,1.21,7.0,0.0008988658941737615,-0.008639296600181923,-0.023321926520298297
2022-02-25,558.1503295898438,89012516,27.59000015258789,34.65352750415421,-5.064781450534838,-0.4237476781202615,0.0,0,0.0,0.0,0.84,3.0,0.76,7.0,0.0012680530722726235,-0.03468500581153666,0.03702479146787452
2022-03-01,558.1503295898438,66720867,33.31999969482422,37.23408291806845,-6.382565583113546,-1.6155112591189185,-0.0049670110724914,0,0.0,2.0,1.35,1.0,0.24,3.0,-0.0037196669370429536,-0.037939329057510074,-0.006702028604448462
2022-03-02,555.3779907226562,40693457,30.739999771118164,32.60878305130986,-7.563436985985163,-2.8050964044921676,0.0016638618761657,1,0.0,0.0,1.06,3.0,0.84,4.0,0.00045775877592668657,0.00971874194983724,-0.03635481555068554
2022-03-03,556.3020629882812,33792420,30.479999542236328,19.480547330426035,-8.328712952960245,-3.909819714185783,-0.0116276862692692,0,0.82,3.0,0.21,4.0,1.12,4.0,0.002545122402115574,0.014437644124044136,0.03368074531793863
2022-03-04,549.8335571289062,55917115,31.979999542236328,16.867413312622062,-9.349380198455378,-4.997731811039703,-0.0319331589271566,0,0.71,3.0,1.26,2.0,0.99,5.0,-0.0027204410374684906,-0.007480959137787013,-0.02236426405945835
2022-03-07,532.275634765625,86496560,36.45000076293945,15.730244521839538,-11.443134608396235,-6.28681237051101,-0.0225693640173543,0,0.15,1.0,1.38,2.0,0.67,3.0,0.0028601534116379224,-0.034286284688163526,-0.024205358365344987
2022-03-08,520.2625122070312,79029914,35.130001068115234,14.285666145014048,-13.911446163783012,-7.81173912916541,0.0088812961924715,1,-0.46,1.0,0.9,3.0,0.09,3.0,0.002691523452047706,-0.05492095662748275,-0.049092949219300186
2022-03-09,524.8831176757812,52155415,32.45000076293945,6.666828119507386,-15.318178186436173,-9.313026940619563,0.0334504112650637,1,0.59,1.0,2.36,1.0,1.48,1.0,0.005329603901337077,0.007150780131595091,0.018696836270899686
2022-03-10,542.440673828125,45630467,30.229999542236328,23.148137389146314,-14.845149756858518,-10.419451503867355,-0.0204427687539634,0,-0.23,3.0,0.83,3.0,1.4,2.0,0.0009725650712339995,0.04949982994209834,0.039694320577485565
2022-03-11,531.3516845703125,38943098,30.75,22.32140698337514,-15.189959677250044,-11.373553138543894,-0.0052175215543531,0,0.33,2.0,1.0,7.0,0.93,2.0,-0.0012507469270610638,-0.009432954450838582,-0.021665437228392648
2022-03-14,528.579345703125,33919577,31.770000457763672,22.727269997976492,-15.508160183460744,-12.200474547527264,-0.0244751764499937,0,0.0,0.0,1.08,3.0,0.0,0.0,0.0011567703893768932,-0.024528512652035372,-0.020840456480545222
2022-03-15,515.6422729492188,74092231,29.829999923706055,21.00843041342829,-16.612748603926434,-13.0829293588071,0.0049524856115734,1,0.47,2.0,1.34,2.0,0.92,3.0,0.00389743246888985,-0.02080682292908742,-0.03073959745739352
2022-03-16,518.1959838867188,43438327,26.670000076293945,23.181940513508323,-17.085132977038597,-13.8833700824534,0.0430106842975066,1,-0.3,2.0,0.38,1.0,1.11,4.0,0.0035197769856842864,0.028096740373995344,0.04355701074138629
2022-03-17,540.4839477539062,60959900,25.670000076293945,42.22116753168013,-15.48257509218513,-14.203211084399747,-0.0017182951341283,0,0.0,0.0,0.9,4.0,0.78,4.0,0.00027709438903933403,0.040255830637345724,0.05025723801216042
2022-03-18,539.5552368164062,46242430,23.8700008392334,41.878659990360866,-14.12465539858556,-14.18749994723691,0.0086059244080902,1,0.1,1.0,0.77,5.0,1.14,4.0,-0.004905526087041756,0.007569346475660987,0.007329181714075261
2022-03-21,544.1986083984375,21400273,23.530000686645508,44.1441464520575,-12.529382060605258,-13.85587636991058,-0.0051194742125244,0,0.56,1.0,0.3,2.0,1.54,4.0,-0.007082709597816872,0.002159926562037784,0.020136422111954433
2022-03-22,541.41259765625,20246949,22.940000534057617,44.13908070178674,-11.358984922697118,-13.356498080467889,0.0120068713119345,1,0.62,2.0,1.09,5.0,1.47,3.0,0.006317034814020683,0.001873843501533523,-0.0026396464367511863
2022-03-23,547.9132690429688,25902069,23.56999969482422,46.636856230632354,-9.793987910037115,-12.643996046381735,0.0016949962520933,1,0.7,1.0,0.21,4.0,1.43,2.0,0.001904321675453291,0.0011223099873087783,0.006604885280136807
2022-03-24,548.8419799804688,20060758,21.670000076293945,49.58398887222727,-8.382153048579426,-11.791627446821272,0.0118443406733392,1,1.25,1.0,0.34,8.0,0.58,3.0,0.002020406549248399,-0.015788305091172794,-0.024821169485883754
2022-03-25,555.3426513671875,26122381,20.809999465942383,60.66737042953998,-6.6619194362623375,-10.765685844709488,-0.0234114987865344,0,0.62,3.0,-0.04,6.0,1.42,3.0,0.0032423198586866153,0.024394757451559723,0.05130460754826904
2022-03-28,542.3412475585938,26391576,19.6299991607666,60.11785489326043,-6.275387771044052,-9.8676262299764,0.0085618282549786,1,-1.32,1.0,1.2,3.0,0.23,3.0,0.003214343626089411,-0.011026514718407876,-0.0020890087167115823
2022-03-29,546.9846801757812,14892032,18.899999618530273,60.1261971503292,-5.53061890409117,-9.000224764799354,0.0186754955507248,1,0.69,3.0,0.75,5.0,0.98,10.0,0.000610785588096352,-0.0037479467620504803,0.006192263282444488
2022-03-30,557.1998901367188,41230239,19.329999923706055,57.24995937516303,-4.069194992596408,-8.014018810358765,-0.0049998011865929,0,1.44,1.0,1.64,2.0,0.92,7.0,0.004000848124449341,0.027461714582683427,0.0221049901687691
2022-03-31,554.4140014648438,22700114,20.559999465942383,62.33474639623258,-3.1000682894085685,-7.031228706168726,-0.0134003132486429,0,0.26,2.0,0.62,4.0,1.26,3.0,-0.005398931505235405,-0.02306622965456462,-0.032259654570362395
2022-04-01,546.9846801757812,29732696,19.6299991607666,59.376875434167864,-2.898104983310077,-6.204603961596996,-0.0186757187202522,0,0.0,0.0,0.9,10.0,1.08,5.0,-0.003587334239694262,-0.023142807615326833,-0.022692715235105965
2022-04-06,536.7693481445312,37645873,22.100000381469727,61.070522103561025,-3.521743068109799,-5.668031782899558,-0.0207615525692458,0,0.27,3.0,1.16,7.0,0.53,2.0,-0.00277313382152089,-0.021853301456886798,-0.04529405831446409
2022-04-07,525.6251831054688,42904743,21.549999237060547,53.571357315296986,-4.859207803554909,-5.506266987030628,0.001767101420683,1,0.0,0.0,0.91,3.0,0.88,6.0,0.002263185631593334,-0.012878005555108984,-0.023200086193102876
2022-04-08,526.5540161132812,28024587,21.15999984741211,41.57311585138011,-5.777608506729962,-5.5605352909704955,-0.0158730765900461,0,-1.21,1.0,1.21,1.0,0.76,2.0,0.0025198154052490374,-0.0065231671918039025,0.0010895504362329334
2022-04-11,518.1959838867188,36820094,24.3700008392334,38.14442559326995,-7.098049138325223,-5.8680380604414415,-0.0017922001836722,0,0.49,1.0,0.87,8.0,0.68,2.0,0.0025517279341435994,-0.012236205667045197,-0.02416934507388646
2022-04-12,517.2672729492188,30671407,24.260000228881836,34.40867206067446,-8.125778150819315,-6.319586078517016,0.0287253889629703,1,0.31,3.0,1.04,9.0,0.42,6.0,0.003205020156220151,-0.01732313287047138,-0.020854644009178247
2022-04-13,532.1259765625,35865970,21.81999969482422,45.28306215301589,-7.653067793727246,-6.586282421559062,0.0,0,1.64,1.0,0.64,2.0,1.08,6.0,0.0048457784786037905,-0.0013324381914826544,-0.002494236493288282
2022-04-14,532.1259765625,19056590,22.700000762939453,41.41420243653568,-7.195496228555726,-6.708125182958395,-0.0191973207780552,0,0.0,0.0,0.18,5.0,0.25,5.0,0.00024112050736491142,0.04166683395598425,0.02357696658112518
2022-04-18,520.9818725585938,15800959,22.170000076293945,32.03886468761425,-7.851060462564874,-7.074596718664387,0.0071303492703116,1,0.0,0.0,1.05,6.0,0.95,6.0,0.0034469010597268923,0.04166683395598425,0.02357696658112518
2022-04-19,524.6966552734375,16614705,21.3700008392334,39.78505034172445,-7.68553366597223,-7.196784108125956,0.0088492816371066,1,0.64,3.0,1.14,5.0,1.3,5.0,0.004998936235429685,0.04166683395598425,0.02357696658112518
2022-04-20,529.33984375,27606307,20.31999969482422,39.78488012579283,-7.097866198534575,-7.177000526207681,-0.0087716587583296,0,0.7,3.0,1.67,6.0,1.38,7.0,0.003538203450695221,0.0068845859985720015,0.022053760175130943
2022-04-21,524.6966552734375,18383650,22.68000030517578,29.885180772859783,-6.926952406523924,-7.126990902270929,-0.0123893897957687,0,0.08,1.0,1.33,1.0,0.62,3.0,0.0013589222115946153,-0.004424128205060995,-0.00349800977575232
2022-04-22,518.1959838867188,29283846,28.209999084472656,28.571511112266677,-7.232678037290498,-7.148128329274844,-0.0197133775329285,0,-1.05,1.0,0.42,4.0,0.28,2.0,-0.0030833851240669174,-0.01363487180449674,-0.02656099619197494
2022-04-25,507.9805908203125,43389591,27.020000457763672,27.65963546054762,-8.204686134643907,-7.359439890348657,-0.0018282409884997,0,0.83,1.0,0.62,3.0,0.64,9.0,0.004303314967822658,-0.020274599278788163,-0.022528855780283186
2022-04-26,507.0518798828125,35825421,33.52000045776367,30.952412621636498,-8.94681544656305,-7.676915001591536,-0.0366300461099304,0,0.0,0.0,0.3,4.0,1.15,3.0,0.0007511784906242269,0.005852600934494356,0.017579532307764767
2022-04-27,488.4785461425781,55941533,31.600000381469727,28.26096818105023,-10.90793124063157,-8.323118249399544,0.0095059714933933,1,0.93,3.0,0.33,3.0,0.47,8.0,-0.004001911578310646,-0.03605566754081224,-0.043804305199585114
2022-04-28,493.12200927734375,45380836,29.989999771118164,31.250055625120225,-11.949692353545744,-9.048433070228784,0.0131824359775232,1,0.62,1.0,1.12,3.0,0.15,5.0,0.0036651209235754045,-0.027056005028134322,-0.004884708951744199
2022-04-29,499.62255859375,36664644,33.400001525878906,39.36166568081676,-12.11114578881029,-9.660975613945086,-0.0130109203529618,0,0.85,1.0,1.02,3.0,0.94,3.0,0.002525581784408981,0.05495227187190044,0.05577036944643976
2022-05-03,493.12200927734375,26317509,29.25,37.00003351895826,-12.61818422870175,-10.25241733689642,0.0056496154189384,1,0.92,1.0,1.28,3.0,0.43,3.0,-0.0006349043113590414,0.008931602699003616,0.035105865708189965
2022-05-04,495.907958984375,16569622,25.420000076293945,27.586163914462716,-12.649398594110435,-10.731813588339223,0.0149811272824122,1,0.66,2.0,1.01,6.0,1.4,3.0,0.0017191021218201374,-0.0013865825299989032,0.007494408920845963
2022-05-05,503.3372192382813,20374772,31.200000762939453,33.68412422999651,-11.93705406135132,-10.972861682941645,-0.0258301010212962,0,-1.01,2.0,0.18,4.0,1.09,8.0,-0.002119750644664742,0.025205625550145383,0.03904907917169442
2022-05-06,490.3359680175781,32467268,30.190000534057617,32.65302632333429,-12.280051415840036,-11.234299629521322,-0.0151516160526743,0,0.0,0.0,1.01,3.0,0.0,0.0,-0.006189235153336137,-0.04000430993822002,-0.050022285869678274
2022-05-09,482.9065856933594,23709774,34.75,30.476149044957168,-13.001495210424537,-11.587738745701966,-0.0038460218645448,0,0.11,1.0,0.79,3.0,0.87,3.0,0.012541078282115592,-0.005642880157873287,-0.007808929032266487
2022-05-10,481.04931640625,41679907,32.9900016784668,27.18434242724921,-13.566721998766695,-11.983535396314911,0.005791464886433,1,0.67,5.0,0.91,5.0,0.54,4.0,0.0014624635640354544,-0.047255308280208186,-0.051293387098860554
2022-05-11,483.8352966308594,27157254,32.560001373291016,25.74253946593967,-13.6327135443791,-12.31337102592775,-0.0307103145105922,0,0.12,2.0,-0.04,1.0,1.57,2.0,0.003406402477327486,0.017411468501802307,0.025106847656289677
2022-05-12,468.9765625,32532963,31.770000457763672,23.214197691695603,-14.714369887769353,-12.793570798296072,0.0118811714962767,1,-0.21,2.0,0.82,4.0,1.08,3.0,-0.003673782665213121,-0.011146282605691393,-0.030408962691258812
2022-05-13,474.5485534667969,29074177,28.8700008392334,28.828744280645452,-14.949647004039775,-13.224786039444814,0.0176125965731075,1,-0.65,1.0,0.07,1.0,0.97,2.0,0.0015956719826561994,-0.0015939689567191495,0.005430421648199735
2022-05-16,482.9065856933594,21163106,27.469999313354492,37.61465068679617,-14.296876965904346,-13.43920422473672,0.019230741278863,1,0.83,1.0,0.71,8.0,1.16,5.0,0.0044629864882697046,0.03729031176306341,0.05063654918735794
2022-05-17,492.1932373046875,24496974,26.100000381469727,43.220333318851864,-12.8817045628615,-13.327704292361677,0.0150943180969864,1,0.0,0.0,0.08,3.0,1.0,2.0,-0.001324587601386762,-0.006046624111569976,-0.01693730296525675
2022-05-18,499.62255859375,30568176,30.959999084472656,55.66039987859732,-11.033498793112244,-12.86886319251179,-0.0297396740899136,0,0.0,0.0,1.01,5.0,1.2,9.0,-0.002353733057646634,0.03218683839375025,0.050149633386914916
2022-05-19,484.7639465332031,29019751,29.350000381469727,46.15380078244919,-10.645038838245624,-12.424098321658558,0.0153255843892992,1,1.13,2.0,-0.19,2.0,1.25,4.0,-0.0035709624715448696,-0.02989736884463945,-0.051700648642589275
2022-05-20,492.1932373046875,22651205,29.43000030517578,46.61016288328592,-9.626728910773068,-11.86462443948146,-0.0037734555177556,0,0.98,2.0,1.56,3.0,1.19,4.0,0.004539631126624144,-0.003534543318727268,-0.006062629145284437
2022-05-23,490.3359680175781,17054170,28.479999542236328,48.672542437550185,-8.86735966388136,-11.26517148436144,-0.0151516160526743,0,0.0,0.0,-0.35,2.0,0.16,3.0,-0.004697343518617725,0.0063185197091104595,-0.002657196781563509
2022-05-24,482.9065856933594,17802308,29.450000762939453,44.067765457083766,-8.764016995868246,-10.764940586662805,0.0076923597071592,1,-0.06,3.0,0.57,3.0,0.49,6.0,0.0038005856878970956,0.007931448838375266,0.005474140055663712
2022-05-25,486.6212768554687,22176476,28.3700008392334,42.10527984669125,-8.28684704080797,-10.269321877491835,-0.0190840034552465,0,0.0,0.0,1.84,1.0,0.7,8.0,-0.007505118220247797,-0.030382663073037497,-0.02462708586924378
2022-05-26,477.3345947265625,28327403,27.5,43.63634136643247,-8.559376880707077,-9.927332878134886,0.0311283588959996,1,0.0,0.0,0.73,6.0,1.24,4.0,0.0014140509828020065,0.019048652319308745,0.019766145574841687
2022-05-27,492.1932373046875,27866643,25.719999313354492,54.23728577551359,-7.490049833020237,-9.439876269111956,0.0320755189609645,1,0.0,0.0,0.79,2.0,0.79,7.0,-0.004121005100007014,0.0065261279956945195,0.0387384287614978
2022-05-31,520.05322265625,72405873,26.190000534057617,63.636340656136056,-2.5740017492492484,-7.405522965161452,-0.0196429175011196,0,0.0,0.0,0.97,5.0,1.54,2.0,-0.0005799542361255572,0.0065261279956945195,0.0387384287614978
2022-06-01,509.8378601074219,29155176,25.690000534057617,65.94202570692619,-1.2179305993064418,-6.16800449199045,-0.0163933906156856,0,1.02,3.0,0.95,5.0,0.62,5.0,-0.015872479522662797,0.0065261279956945195,0.0387384287614978
2022-06-02,501.4798889160156,21420890,24.719999313354492,60.28369703433283,-0.80833488628042,-5.096070570848444,0.0,0,1.75,1.0,0.82,3.0,0.87,9.0,0.005566975948988917,-0.005771171645938877,-0.016026099109108793
2022-06-06,501.4798889160156,17615003,25.06999969482422,57.57575380374763,-0.4782147705332136,-4.172499410785398,-0.0092590941617927,0,0.78,2.0,1.1,2.0,0.86,3.0,-0.0009372287861050266,-0.026676397887241077,-0.03020598394166074
2022-06-07,496.8366394042969,19497532,24.020000457763672,51.96853653595013,-0.5845255836828187,-3.4549046453648824,0.0168224956931188,1,0.0,0.0,1.04,4.0,0.9,3.0,0.008934408796311022,-0.007038475020836543,4.894626425611115e-05
2022-06-08,505.1946716308594,18835521,23.959999084472656,52.34380074478094,0.0055813424207258,-2.762807447807761,-0.0055149083143094,0,0.74,1.0,0.62,7.0,0.69,4.0,0.0006913903292402601,0.007840199872707343,0.009870240557520171
2022-06-09,502.4085693359375,16338602,26.09000015258789,58.26084943819325,0.2455990491186526,-2.161126148422478,-0.0203327185377275,0,1.09,1.0,0.94,3.0,0.56,4.0,0.0008066598187788099,-0.0039428024400280925,-0.02388315235730598
2022-06-10,492.1932373046875,21357130,27.75,50.0,-0.384050021335895,-1.805710923005162,-0.0264149946664807,0,0.05,1.0,1.06,2.0,0.0,0.0,0.0011494686050941283,-0.028030451397868972,-0.026931885649260745
2022-06-13,479.19195556640625,32854092,34.02000045776367,45.38461207900054,-1.910127465670712,-1.826594231538272,-0.0058140401302699,0,-0.17,1.0,1.47,3.0,1.05,3.0,0.00498995426452975,-0.023885548313405613,-0.036016889289854026
2022-06-14,476.4059143066406,36304444,32.689998626708984,47.19999894842553,-3.306252658271376,-2.122525916884893,-0.0077972597169317,0,1.13,1.0,0.76,4.0,0.15,4.0,0.0019029841677364878,-0.03529550706835649,-0.056137395590782235
2022-06-15,472.6912536621094,35680283,29.6200008392334,43.99999053582728,-4.658731049664482,-2.629766943440811,0.0034568720924399,1,0.0,0.0,1.55,4.0,1.38,6.0,0.0015754511710839303,0.01917010249415485,0.0063187027976523424
2022-06-16,474.3252868652344,26909199,32.95000076293945,48.61233579984785,-5.5349239378324455,-3.210798342319138,-0.0137797245020183,0,0.66,3.0,0.69,9.0,0.81,5.0,-0.003738798333152271,0.022250348672427478,0.017718255450345
2022-06-17,467.7892150878906,43566737,31.1299991607666,37.811167917501315,-6.679719830312422,-3.904582639917795,-0.0059877938615979,0,0.0,0.0,0.91,6.0,1.22,3.0,-0.005838823728256393,-0.046727667828483255,-0.06235135006182557
2022-06-21,471.5240783691406,33223685,30.190000534057617,20.258556680515554,-7.932695148410971,-5.321305702699846,-0.0207919913537728,0,0.0,0.0,1.27,3.0,1.5,3.0,0.00020206488993435023,-0.046727667828483255,-0.06235135006182557
2022-06-22,461.72015380859375,31034893,28.950000762939453,20.36123955175708,-8.78791155175901,-6.014626872511679,-0.0182001614578424,0,-0.61,1.0,1.3,6.0,1.04,9.0,3.3649272604296954e-05,-0.046727667828483255,-0.06235135006182557
2022-06-23,453.3167724609375,43548940,29.049999237060547,20.349855432415836,-10.02816096044296,-6.817333690097935,0.0020598098164812,1,1.46,1.0,0.83,9.0,1.03,7.0,0.0007070604458019325,-0.023461592113135032,-0.011195172791292118
2022-06-24,454.2505187988281,27911980,27.229999542236328,21.255156980990208,-10.811098413677598,-7.616086634813867,0.024665968105489,1,0.0,0.0,1.0,4.0,0.89,3.0,-0.001759568201539774,-0.009303865776377429,-0.00647780516017582
2022-06-27,465.4550476074219,37909718,26.950000762939453,32.31306557797744,-10.407498981609764,-8.174369104173048,-0.0020061590485883,0,0.92,2.0,0.0,0.0,0.48,1.0,-0.0019749280622988197,0.021397895197039496,0.04446467219275663
2022-06-28,464.5212707519531,15274062,28.36000061035156,24.98246802197241,-10.047173945165412,-8.54893007237152,-0.013065195635654,0,0.05,1.0,0.96,2.0,0.98,5.0,0.0027319055458230324,-0.0006982828375761141,-0.0018355877711182522
2022-06-29,458.45220947265625,30533789,28.15999984741211,24.012694494962616,-10.134511936668105,-8.866046445230838,-0.0305499820869435,0,0.06,2.0,1.31,4.0,0.69,4.0,-0.008890682858296861,-0.017703640926248987,-0.02631672708970534
2022-06-30,444.4465026855469,46311432,28.709999084472656,22.982659542466664,-11.204710483550286,-9.333779252894727,-0.0472689385052057,0,-0.51,2.0,0.97,9.0,1.34,4.0,0.008188896340560747,-0.008180691971184317,-0.021986581122996784
2022-07-01,423.43798828125,61744377,26.700000762939453,21.073073444581524,-13.591389007136344,-10.18530120374305,-0.029768473514214,0,0.62,2.0,-0.92,1.0,1.2,2.0,-0.0002021708586102955,-0.022713864278193774,-0.01073149973233134
2022-07-05,416.4351501464844,50084244,27.540000915527344,23.974069510157932,-17.81063306114976,-12.690630015357684,-0.0235426466575996,0,0.18,4.0,0.94,8.0,0.32,4.0,0.004730923233973838,-0.022713864278193774,-0.01073149973233134
2022-07-06,406.6311645507813,40549763,26.729999542236328,20.883491753214145,-19.563935785488297,-14.065291169383809,0.050516905337465,1,0.74,1.0,1.2,5.0,0.52,3.0,-0.0035574907572391012,-0.022713864278193774,-0.01073149973233134
2022-07-07,427.17291259765625,48151202,26.079999923706055,34.40864699414426,-19.075997212094137,-15.067432377925876,0.0207648424351543,1,0.96,1.0,1.73,5.0,0.56,4.0,0.0030549056215776194,-0.007226667339905735,0.00664754183732974
2022-07-08,436.0430908203125,37897895,24.63999938964844,39.38354056073067,-17.76872630962646,-15.607691164265994,-0.0107064821048888,0,0.16,2.0,0.28,3.0,1.19,6.0,0.0002451058252566085,0.06736417059377886,0.044817502171864865
2022-07-11,431.3746032714844,21941710,26.170000076293945,35.069483376692816,-16.914433568743448,-15.869039645161486,-0.0270563383838866,0,0.37,1.0,0.28,5.0,1.45,1.0,-0.001208516784162117,0.010663366916912498,0.004654888522985123
2022-07-12,419.70318603515625,23036423,27.290000915527344,34.5890616423207,-16.983412043385556,-16.0919141248063,0.0467185163436132,1,0.32,1.0,0.14,8.0,1.08,3.0,0.0,-0.02944439017917555,-0.024572034455457747
2022-07-13,439.31109619140625,44035695,26.81999969482422,45.25316364048583,-15.279748077511044,-15.92948091534725,0.0095642716750261,1,-0.21,1.0,0.93,2.0,-0.31,5.0,0.0037375108318897787,-0.0001263646588897105,0.0017543165268854022
2022-07-14,443.5127868652344,31936258,26.399999618530273,46.43961118992639,-13.435662830238355,-15.430717298325472,0.0368421527050077,1,1.1,2.0,0.95,6.0,1.4,2.0,6.0292840538211934e-05,0.02768648010166208,0.007501528879211294
2022-07-15,459.8527526855469,51846909,24.229999542236328,48.203584376421375,-10.53428067271784,-14.451429973203949,0.0060914008768648,1,0.0,0.0,0.66,4.0,1.19,6.0,-0.0033148844532467914,0.029277829497011743,0.01922890569711644
2022-07-18,462.6539001464844,39179575,25.299999237060547,49.40830038807139,-7.91761587238949,-13.144667153041055,-0.0090817145872925,0,0.0,0.0,0.74,2.0,0.89,4.0,0.005129964154072741,0.02342530572946977,0.025448091165464648
2022-07-19,458.45220947265625,19874865,24.5,50.0,-6.112470730757934,-11.738227868584431,0.0081464133747626,1,0.56,2.0,1.02,3.0,1.08,4.0,-0.00025736300774925613,-0.02394018740434145,-0.0052714044142291305
2022-07-20,462.18695068359375,35436652,23.8799991607666,56.08972566017362,-4.330597366718166,-10.25670176821118,0.0121212085196495,1,-0.18,2.0,0.76,4.0,0.6,3.0,-0.003042345806122171,0.030749047877218105,0.0461155413242873
2022-07-21,467.7892150878906,22285593,23.11000061035156,67.02508389531027,-2.438286916865934,-8.69301879794213,0.003992167017853,1,0.83,2.0,0.01,2.0,0.46,1.0,-0.0011401876953881507,0.004759080098774682,0.024907807328573783
2022-07-22,469.6567077636719,25216400,23.030000686645508,74.60939205626174,-0.778946984391041,-7.110204435231913,-0.0069582853115305,0,0.54,2.0,0.76,3.0,0.6,4.0,0.00317934136341691,0.014209990256980776,0.015263038208837676
2022-07-25,466.3887023925781,15245346,23.36000061035156,71.31474788386204,0.2692869728099367,-5.634306153623544,-0.0090091198337981,0,0.43,3.0,0.66,2.0,1.34,5.0,-1.3340914888027022e-05,-0.016744530628857057,-0.025507367634437172
2022-07-26,462.18695068359375,18024265,24.690000534057617,74.89538329918133,0.7523016237713591,-4.356984598144563,0.0141416190303007,1,0.47,1.0,1.4,5.0,1.02,4.0,-0.002653919986508213,-0.00023190149267915405,-0.006114488532585449
2022-07-27,468.7230224609375,17166365,23.239999771118164,71.29184747218405,1.6435547072042027,-3.15687673707481,-0.0019922370532262,0,0.57,2.0,0.77,9.0,-0.91,3.0,0.0009059601811458595,-0.02178444355111231,-0.016307815450316232
2022-07-28,467.7892150878906,33844011,22.329999923706055,67.70826843324286,2.2486081905942683,-2.0757797515409946,0.0159681461683476,1,0.0,0.0,0.73,5.0,0.93,5.0,0.0030944219450737,0.03802423127088783,0.04751419269025936
2022-07-29,475.2589416503906,29045617,21.329999923706055,73.73725568653396,3.292903401192234,-1.002043120994349,-0.0098231683296106,0,0.0,0.0,0.0,0.0,0.15,1.0,-0.002038713434828976,0.011183404070394865,0.011508072827207227
2022-08-01,470.59039306640625,24117969,22.84000015258789,79.78130599158143,3.70113761474812,-0.0614069738458552,-0.0238094496957453,0,0.5,2.0,1.26,4.0,0.8,2.0,0.0018654255451322488,-0.0014670775410960957,0.007688875047758614
2022-08-02,459.3858947753906,39838155,23.93000030517578,63.030269415826616,3.0849948971425647,0.5678734003518289,0.01829250834227,1,0.8,2.0,1.31,5.0,1.04,6.0,0.002908236353866167,-0.024525305509110695,0.0037679975282647327
2022-08-03,467.7892150878906,27603474,21.950000762939453,64.9424609406111,3.2374557000482014,1.1017898602911036,-0.0019960182710434,0,-0.48,2.0,1.09,1.0,1.08,5.0,0.005532912952061597,-0.0030124386502952127,-0.0011986852579419782
2022-08-04,466.8554992675781,26027618,21.440000534057617,55.31907101119512,3.2455265120998433,1.5305371906528515,0.0320002306195723,1,0.53,1.0,0.37,4.0,1.31,1.0,-0.006685899478526491,0.005345571128130722,0.026459353201949698
2022-08-05,481.79498291015625,32784279,21.149999618530273,62.27541441254192,4.406617421666738,2.105753236855629,-0.007751976283959,0,0.0,0.0,1.27,4.0,0.88,5.0,-0.0008108983206702725,0.02207851141225725,0.009153534524583673
2022-08-08,478.06011962890625,19333128,21.290000915527344,62.650543579274995,4.968148357761436,2.6782322610367904,-0.0039062056138388,0,0.85,1.0,0.81,3.0,1.09,4.0,0.00032398554970947124,0.015268147814515798,-0.00909324638086495
2022-08-09,476.1927185058594,21164373,21.770000457763672,59.259283170753854,5.202510701207814,3.183087949070995,-0.019608068068698,0,0.0,0.0,0.54,5.0,0.85,7.0,-0.00022371069755522388,-0.02038558068446017,-0.016064048946623388
2022-08-10,466.8554992675781,20861380,19.739999771118164,49.41176515825586,4.581990652692298,3.4628684897952557,0.0280001445948112,1,0.0,0.0,0.86,6.0,0.33,1.0,0.0018600869157348043,-0.03104390954118963,-0.045747212874083454
2022-08-11,479.9275207519531,23740033,20.200000762939453,55.670069397926824,5.086394144458552,3.7875736207279154,0.0058367323709729,1,-0.31,3.0,0.95,4.0,0.25,4.0,0.0009099748000620522,0.040605424319961836,0.04248842399212038
2022-08-12,482.7287292480469,19535923,19.530000686645508,59.06735137083085,5.647075687331778,4.159474034048688,0.0116053459164227,1,0.0,0.0,-0.55,1.0,0.62,4.0,-0.003916327686917409,0.009586243779950543,-0.0033492744014829157
2022-08-15,488.3309631347656,21273166,19.950000762939453,64.28570237462759,6.468903808040977,4.621359988847146,0.0038241106577336,1,0.0,0.0,1.07,3.0,1.3,3.0,0.0013005635116274394,0.014968867313622791,0.02992585294926431
2022-08-16,490.1983947753906,20720414,19.690000534057617,62.3655517189875,7.1880354430848,5.134695079694677,0.0038095425454844,1,0.0,0.0,0.94,4.0,1.24,1.0,-0.000210354578339067,0.007814145217051705,0.003093378390820911
2022-08-17,492.0658264160156,27143102,19.899999618530273,63.82981608599111,7.818511636253504,5.671458391006443,-0.0132828595461935,0,0.0,0.0,1.12,5.0,0.83,4.0,0.0013258375377005471,-0.017691491964220152,-0.01029794813762186
2022-08-18,485.52978515625,17831084,19.559999465942383,55.91397131463407,7.701981013184934,6.077562915442141,-0.0019230237387679,0,0.94,3.0,0.02,3.0,0.38,4.0,-0.0012974273469312791,-0.008337925704714921,-0.024796029095448202
2022-08-19,484.5960998535156,14022812,20.600000381469727,58.42696340375588,7.448428210127531,6.35173597437922,-0.0134874800407701,0,0.4,1.0,0.9,4.0,0.51,7.0,-0.00027052376956115953,0.000784767761369487,0.02280041480856032
2022-08-22,478.06011962890625,11494000,23.799999237060547,61.90471743666785,6.643504620468377,6.410089703597052,-0.0156250778004624,0,0.0,0.0,1.4,5.0,1.03,2.0,0.0012693909777732326,-0.02318816887158437,-0.027815815696432544
2022-08-23,470.59039306640625,19191108,24.11000061035156,51.80724789316192,5.3412814028383195,6.196328043445305,-0.0019840721708116,0,0.86,2.0,1.23,2.0,1.05,2.0,0.0042804096583544116,-0.022477013423801595,-0.037235796566073565
2022-08-24,469.6567077636719,14363212,22.81999969482422,51.80726829398914,4.1856697249574495,5.794196379747735,0.0099404075879008,1,0.85,2.0,0.28,2.0,1.55,5.0,0.0009866863868770448,0.00926803805222054,0.0073644796643508315
2022-08-25,474.3252868652344,9357138,21.780000686645508,44.44446461976902,3.6049982848625746,5.356356760770703,0.0078739904177469,1,0.0,0.0,1.07,2.0,1.21,5.0,0.0012710719903399337,-0.0054631084445262434,0.0006528179591678285
2022-08-26,478.06011962890625,12914846,25.559999465942383,50.0,3.4069090490143026,4.966467218419424,-0.0263671272794497,0,0.0,0.0,0.2,2.0,0.0,0.0,0.0011600877468875836,0.023492225876888595,0.036595796223690025
2022-08-29,465.4550476074219,26590824,26.209999084472656,43.11380081588813,2.2073529445816007,4.414644363651859,-0.0050150697962783,0,-0.56,2.0,1.06,2.0,0.69,2.0,-0.0005628272937328038,-0.03231682584575768,-0.05810368755404394
2022-08-30,463.1207580566406,24214535,26.209999084472656,47.368500273084216,1.05616363427049,3.7429482177755857,0.0181449873846342,1,0.0,0.0,1.23,6.0,0.94,4.0,0.0030807079910377677,-0.022303823664343803,-0.01927500412216976
2022-08-31,471.5240783691406,39357089,25.8700008392334,43.6619426544879,0.8125489729524134,3.156868368810951,-0.0287128239317564,0,0.0,0.0,0.78,6.0,1.22,5.0,0.0028730851951361824,-0.0007242556049809057,-0.013069818614501738
2022-09-01,457.98529052734375,39168672,25.559999465942383,33.93931830652238,-0.4675942957786105,2.431975835893039,-0.0112130380611733,0,-0.62,1.0,1.08,6.0,0.87,6.0,0.0022622757618622202,0.006764324502292363,-0.01153350276189713
2022-09-02,452.8498840332031,29982959,25.469999313354492,26.82921871225872,-1.87488889279814,1.570602890154803,0.0020617987011914,1,0.0,0.0,1.01,3.0,0.9,6.0,-0.003416930506516702,-0.020515950679153794,-0.019212719652391463
2022-09-06,456.5847778320313,16700285,26.90999984741211,26.829247877222272,-3.414075530223045,-0.1386887533277599,-0.0337424313415148,0,0.8,2.0,1.1,3.0,0.64,5.0,0.00212124646175349,-0.020515950679153794,-0.019212719652391463
2022-09-07,441.1784973144531,34678562,24.63999938964844,24.04370179305802,-5.02132428448067,-1.115215859558342,0.0052910320085646,1,0.58,1.0,0.4,4.0,1.1,5.0,0.0023846062832659776,-0.020515950679153794,-0.019212719652391463
2022-09-08,443.5127868652344,27931552,23.61000061035156,26.344075062539233,-6.037130560438129,-2.0995987997342995,0.0242106479262715,1,0.04,1.0,0.43,4.0,0.96,1.0,0.0036726685016230665,-0.0009998024506253644,0.0155669829914169
2022-09-12,454.2505187988281,21597212,23.8700008392334,36.92310374084383,-5.907619761309661,-2.861202992049372,0.0133605367755376,1,1.07,1.0,1.21,3.0,1.12,2.0,0.0003533638600961009,0.01607693519422182,0.02392241666326078
2022-09-13,460.3195495605469,16507036,27.270000457763672,44.2708171969281,-5.254688678307673,-3.339900129301032,-0.0263689714846128,0,0.83,3.0,1.4,5.0,1.0,8.0,-0.00028191133038779626,0.007604445522854109,0.0034242674041138343
2022-09-14,448.181396484375,22645714,26.15999984741211,39.35185983796496,-5.651536209914639,-3.802227345423754,-0.0015716319914846,0,0.18,1.0,1.58,7.0,0.97,9.0,0.0010696608845459643,-0.04065737439094075,-0.06181417050572813
2022-09-15,447.4770202636719,23104850,26.270000457763672,36.14303967177916,-5.954241225675162,-4.232630121474036,-0.0094438170496244,0,0.12,1.0,0.74,8.0,1.1,6.0,0.007632050374805743,0.010785175863888163,0.011411752083694937
2022-09-16,443.2511291503906,39087513,26.299999237060547,32.124948167065185,-6.460656797194588,-4.678235456618147,-0.0105933077135503,0,0.21,1.0,0.62,6.0,1.38,1.0,-0.0015971034548785124,-0.015552895079432139,-0.01619517985459018
2022-09-19,438.5556335449219,17182380,25.760000228881836,34.96533006203951,-7.15836486537745,-5.174261338370008,0.0203426567494684,1,0.16,1.0,1.34,3.0,1.24,1.0,0.004924518868563821,-0.001154097023757128,0.00533423806147626
2022-09-20,447.4770202636719,19842582,27.15999984741211,41.856041108234486,-6.911747860146079,-5.5217586427252225,-0.0115425794590671,0,0.0,0.0,1.0,3.0,1.26,1.0,0.0012491050330740716,0.004365028680304306,0.0057741869146432645
2022-09-21,442.3119812011719,24154633,27.989999771118164,34.26187040707745,-7.051788959493024,-5.827764706078783,-0.0138003608331604,0,1.49,1.0,1.02,2.0,1.46,2.0,0.001951339515686934,-0.0010226200715494072,-0.014911108202653178
2022-09-22,436.2079162597656,29702508,27.350000381469727,37.24560504827396,-7.568079457617841,-6.175827656386595,-0.0204521430863653,0,0.74,1.0,1.17,4.0,1.39,6.0,0.000542755829479491,-0.012923807430131884,-0.00966333493305771
2022-09-23,427.2865295410156,29757787,29.920000076293945,35.66401851084878,-8.598012213398022,-6.6602645677888805,-0.0186811605330209,0,0.0,0.0,1.24,6.0,0.46,1.0,0.0035419145010713304,-0.019574940389128437,-0.028115740224803232
2022-09-26,419.3043212890625,32342267,32.2599983215332,32.08061168039548,-9.943713894425514,-7.316954433116208,0.0033593007856611,1,-0.76,1.0,0.08,5.0,0.62,3.0,0.002807592860585073,-0.023270958359903005,-0.014462554017080853
2022-09-27,420.712890625,24961404,32.599998474121094,31.08300272107354,-10.772355391002748,-8.008034624693517,-0.0223214700215872,0,-0.44,2.0,1.14,2.0,0.64,3.0,0.00801250572114487,-0.011641981987625671,-0.014707930207541353
2022-09-28,411.3219604492187,34402652,30.18000030517578,33.18861304627097,-12.047948083072868,-8.816017316369388,-0.0068492835614968,0,0.6,2.0,0.96,6.0,0.11,5.0,0.0010065612168248528,0.00027374028948012885,0.01035196091067303
2022-09-29,408.5046997070313,41094780,31.84000015258789,30.394551228697793,-13.13478426189971,-9.679770705475454,-0.0298849937568551,0,0.86,2.0,0.12,5.0,0.49,6.0,-0.004650746861577515,-0.012323663013820818,0.012184938627858966
2022-09-30,396.2965393066406,48266800,31.6200008392334,18.070119982782742,-14.8104802828135,-10.705912620943064,-0.0118482855755632,0,-1.08,1.0,0.0,0.0,0.8,2.0,-0.00012627340739845838,-0.039512124569989426,-0.032917735233262135
2022-10-03,391.6011047363281,36044395,30.100000381469727,11.557558685446011,-16.329131714690334,-11.830556439692518,0.0287770754096112,1,0.78,1.0,0.73,6.0,0.3,3.0,-0.0012787324089980068,-0.010392554068464954,-0.0173216525753509
2022-10-04,402.8702392578125,40375000,29.06999969482422,24.40317707913114,-16.433909065988928,-12.7512269649518,0.0372959322343062,1,0.83,1.0,0.7,6.0,0.39,2.0,0.005453555861455461,0.010064255213717344,0.037551532067919835
2022-10-05,417.8956604003906,46496536,28.549999237060547,35.6164302253182,-15.130109474396306,-13.227003466840705,0.0134830820664098,1,0.99,2.0,0.35,7.0,0.89,5.0,-0.0006068155133903685,0.051407951249202055,0.044620040785311677
2022-10-06,423.5301818847656,30331834,30.520000457763672,40.54051522028841,-13.486713670555671,-13.278945507583698,-0.0288249148649067,0,0.19,1.0,1.44,2.0,0.69,2.0,-0.004898758765475852,0.02293621459780626,0.009399586014327
2022-10-07,411.3219604492187,31941781,31.36000061035156,37.81510103687148,-13.019333327128097,-13.227023071492578,-0.0833332467737898,0,0.0,0.0,-0.29,3.0,0.86,5.0,-0.0033040285834535776,-0.001745439288912909,-0.0058527343379278784
2022-10-11,377.045166015625,95793819,33.630001068115234,24.31503182810796,-15.2391148553034,-13.629441428254744,-0.0099626742693008,0,-0.48,1.0,0.56,4.0,0.11,4.0,0.005453593564254122,-0.03311825714894345,-0.03454329568659176
2022-10-12,373.2887878417969,53570085,33.56999969482422,24.56744167636704,-17.10424890001616,-14.324402922607028,-0.0062894423748605,0,-0.69,2.0,0.56,4.0,0.96,5.0,0.0025795610253211976,-0.05916371941397236,-0.02498531887993649
2022-10-13,370.9410095214844,38046284,31.940000534057617,25.266856667843182,-18.557903201055183,-15.17110297829666,0.043038191295019,1,0.89,1.0,1.43,3.0,1.28,4.0,0.0010222224035347782,0.010401866020941508,-0.00896550927237838
2022-10-14,386.9056396484375,54504366,32.02000045776367,35.47297868486203,-18.211788319080256,-15.77924004645338,-0.0364076735643222,0,0.0,0.0,1.02,2.0,0.51,1.0,-0.0016056337842464963,0.039151480664668226,0.029400477443366047
2022-10-17,372.8193054199219,41512192,31.3700008392334,33.98057966533419,-18.85677012129969,-16.39474606142264,0.025188713370059,1,0.0,0.0,0.69,6.0,0.91,2.0,0.002341520702051625,-0.040528480719885684,-0.04459090609500449
2022-10-18,382.2101440429687,40093216,30.5,37.423308235599976,-18.398079049162504,-16.795412658970616,-0.028255477248879,0,0.34,4.0,1.24,4.0,1.47,5.0,0.003560580503860322,0.015175342634901723,0.022818011298131102
2022-10-19,371.4106140136719,46385177,30.760000228881836,37.082071072487935,-18.690541954535547,-17.174438518083605,0.0050568663286931,1,1.42,2.0,0.81,4.0,0.44,4.0,0.0008134965474435596,-0.01818461361656265,0.004205008544579947
2022-10-20,373.2887878417969,52938069,29.979999542236328,38.53210826827485,-18.556856096905733,-17.45092203384803,-0.0201256106253741,0,0.2,3.0,1.79,1.0,0.75,7.0,0.000906509330880656,-0.0007849442057533684,0.007555304729488288
2022-10-21,365.776123046875,35923505,29.690000534057617,39.74764325362321,-18.839943216626523,-17.72872627040373,-0.006418621042718,0,0.24,1.0,0.26,3.0,0.36,3.0,0.004216576925899718,-0.0012566060466907558,0.006917685046656574
2022-10-24,363.4283447265625,46714078,29.850000381469727,40.38460536953491,-19.034322071399913,-17.989845430602966,-0.0413435588076736,0,0.0,0.0,0.89,8.0,0.35,6.0,-0.0018038895389356213,0.0026738615483188344,0.03704475008584174
2022-10-25,348.4029235839844,76416687,28.459999084472656,31.874978546935452,-20.16830693968842,-18.425537732420057,0.0134769364287568,1,0.55,4.0,0.99,1.0,0.99,5.0,0.00267958280093894,-0.0385883081667201,0.006359469075701174
2022-10-26,353.09832763671875,58850484,27.280000686645508,26.845603478264664,-20.45235622044061,-18.830901430024166,0.0252660123837478,1,0.62,2.0,1.34,5.0,1.12,4.0,0.004080113857687806,-0.0024474173899621254,0.02259781483477541
2022-10-27,362.0197143554687,45684455,27.38999938964844,28.524581220943205,-19.730149095654554,-19.010750963150244,-0.0155641288607902,0,-0.02,1.0,1.0,5.0,1.06,4.0,-0.0026089072376338507,-0.004906646082149857,-0.011793563399972173
2022-10-28,356.38519287109375,40184472,25.75,29.8969120518379,-19.388949796120983,-19.08639072974439,0.027667937143508,1,0.78,1.0,0.53,3.0,1.03,6.0,-0.008195023386873834,0.0018080607880519572,-0.015035781770242118
2022-10-31,366.2456359863281,38409054,25.8799991607666,45.18828793231495,-18.114083659987728,-18.89192931579306,0.0038462189040922,1,0.0,0.0,0.6,4.0,0.67,4.0,0.0025060024412564275,0.017391108813971767,0.03975895521251571
2022-11-01,367.654296875,41426496,25.809999465942383,47.43592058187886,-16.796456802553507,-18.472834813145152,0.0089396823984402,1,0.0,1.0,0.37,3.0,0.16,3.0,0.002215745939227798,-0.007418021189721569,-0.020220557807868578
2022-11-02,370.9410095214844,22535650,25.86000061035156,50.0,-15.310527551538712,-17.840373360823865,-0.0278477284441499,0,0.0,0.0,0.66,3.0,1.0,6.0,0.004163334716003719,0.0004874550562901092,0.007674746462651205
2022-11-03,360.6111450195313,39731333,25.299999237060547,37.499970984754235,-14.79589379603857,-17.231477447866805,-0.0052085616509651,0,0.63,1.0,1.16,4.0,1.74,1.0,-0.003835907343443412,-0.017213383944260197,-0.030914589240193524
2022-11-04,358.7328796386719,28397417,24.549999237060547,42.42418174715979,-14.373909672726311,-16.659963892838707,0.0209424805309828,1,0.31,1.0,0.93,3.0,1.3,2.0,0.003844503233182639,-0.003965742485703916,-0.015297544522817619
2022-11-07,366.2456359863281,35387706,24.350000381469727,41.237111329768034,-13.2801818939908,-15.984007493069129,0.0230768967973618,1,0.0,0.0,0.83,1.0,1.13,1.0,-0.0030234853325058486,0.03649655390830109,0.04596458036478457
2022-11-08,374.6974487304687,31838223,25.540000915527344,51.85186586193272,-11.597712880987444,-15.10674857065279,0.0451128131860292,1,0.89,1.0,0.7,6.0,0.44,2.0,-0.004696764211378102,0.004481279870924837,0.021841069770505372
2022-11-09,391.6011047363281,52260831,26.09000015258789,58.8235674705336,-8.798931689352344,-13.845185194392702,-0.0227819000723582,0,0.76,1.0,1.12,4.0,0.9,5.0,-0.00465640067779749,0.036010161554117515,0.021533233576482402
2022-11-10,382.6796875,32044942,23.530000686645508,58.035686306824715,-7.217561684110535,-12.51966049233627,0.0834355956403241,1,0.0,0.0,0.88,9.0,0.76,4.0,-0.0018901016272467874,-0.00030762699191888565,-0.03138537247101947
2022-11-11,414.6087951660156,80016195,22.520000457763672,68.9895617937147,-3.34929384130038,-10.685587162129092,0.007927630269056,1,0.0,0.0,0.9,1.0,1.14,3.0,0.0038440005829478707,0.08984628925016991,0.10214363320087672
2022-11-14,417.8956604003906,61933190,23.729999542236328,78.24428673916215,-0.0182309959997724,-8.552115928903229,0.0786518232415789,1,-0.37,1.0,0.32,7.0,0.9,2.0,-0.015981455828401714,0.042207545011787584,0.030832517247427527
2022-11-15,450.763916015625,113379796,24.540000915527344,82.29816184514674,5.213752946074976,-5.798942153907588,0.0145831268425073,1,1.21,2.0,0.86,4.0,1.05,5.0,-0.00972552207609323,-0.013950826497856395,-0.009746217455226747
2022-11-16,457.33746337890625,85726375,24.11000061035156,82.01893966886334,9.77785522088442,-2.683582678949187,-0.0041066235402908,0,0.13,1.0,0.51,4.0,1.13,5.0,-0.0066759595166066,0.10521984602621992,0.030263395874725596
2022-11-17,455.4593505859375,45144984,23.93000030517578,84.14243382610913,13.092469313436936,0.4716277195280375,0.0041235574383369,1,1.6,1.0,0.71,2.0,0.91,3.0,0.0061510743123134315,-0.012552865138186875,-0.042620653340061265
2022-11-18,457.33746337890625,35859717,23.1200008392334,83.2192118506199,15.690008220563245,3.5153038197350788,-0.0102668257659097,0,0.6,1.0,1.09,1.0,0.67,2.0,-0.0014157670755384766,0.025550610548144226,0.010509818040014052
2022-11-21,452.6420593261719,29710180,22.36000061035156,80.26761428884754,17.171751391790906,6.246593334146245,0.0186721097883486,1,0.0,0.0,1.19,3.0,0.62,3.0,-0.0003222242284840471,0.009695615650320732,0.0018130747172104833
2022-11-22,461.0938415527344,37343127,21.290000915527344,80.9678057796798,18.811188055221635,8.759512278361322,0.0020366503072348,1,1.22,1.0,1.32,7.0,0.93,12.0,0.0027816244093905595,-0.028442901352524586,-0.017694353826310905
2022-11-23,462.0329284667969,33475337,20.350000381469727,87.24136640430807,19.956187382333667,10.998847299155791,0.008130175275324,1,0.0,0.0,0.8,2.0,0.97,3.0,0.0006332427232416116,0.03265371045727461,0.030267239648911426
2022-11-25,467.66748046875,39949969,20.5,88.29791279612857,21.59629306196331,14.706601239401069,-0.0351405276560556,0,0.28,1.0,1.51,1.0,1.7,1.0,-0.000884044595383715,0.03265371045727461,0.030267239648911426
2022-11-28,451.2333984375,38926919,22.209999084472656,77.25756070628181,20.564748936087938,15.878230778738445,0.0135275113999606,1,0.0,0.0,0.69,7.0,1.09,5.0,-0.005363641239729655,0.03265371045727461,0.030267239648911426
2022-11-29,457.33746337890625,38182197,21.88999938964844,75.36234716707614,20.009136936085895,16.704412010207935,0.0061602022256188,1,0.0,0.0,0.82,6.0,1.24,8.0,0.0005013785441942975,-0.026781110591909907,-0.026347828355548164
2022-11-30,460.1547546386719,57111603,20.579999923706055,81.36889665192069,19.570545219642952,17.27763865209494,0.0173468570933252,1,0.0,0.0,1.23,1.0,0.75,6.0,0.0025090282774300476,0.0013885178609864823,-0.003035011036445212
2022-12-01,468.1369934082031,41746878,19.84000015258789,76.88686562606726,19.64065286251048,17.75024149417805,-0.0120359874270473,0,0.0,0.0,0.11,1.0,1.14,4.0,-0.0019383461963815574,0.04601040107016807,0.05848770936820258
2022-12-02,462.50250244140625,28319679,19.059999465942383,71.88948608242868,19.02228033620912,18.004649262584266,-0.0071065652226068,0,0.67,1.0,1.33,4.0,0.56,2.0,-0.005428787960220394,-0.0036152845966686,-0.007835628250235094
2022-12-05,459.2156982421875,28360444,20.75,55.84416571004119,18.05882710642038,18.01548483135149,-0.0224951121708606,0,0.0,0.0,0.26,2.0,-0.54,1.0,-0.006179764975580926,-0.014272177269552877,-0.011929960965528452
2022-12-06,448.8855895996094,40561068,22.170000076293945,44.444390951380825,16.274131982176016,17.667214261516396,-0.0062759860692879,0,0.0,0.0,1.01,6.0,1.38,3.0,-0.0016280663193990463,0.0014723353490069258,-0.011976566996437898
2022-12-07,446.0683898925781,36563503,22.68000030517578,43.90238682807918,14.46567249815098,17.026905908843315,-0.0073684546837949,0,0.0,0.0,1.4,2.0,1.33,5.0,0.0008186396765614834,-0.025238754586381584,-0.02356422212182141
2022-12-08,442.7815551757813,27238567,22.290000915527344,40.718545628900614,12.621739677154435,16.14587266250554,0.0212089461857847,1,0.68,2.0,0.62,4.0,1.32,4.0,0.002306691777625547,-0.004022099864041784,-0.00010474140698113477
2022-12-09,452.1724853515625,25915337,22.829999923706055,49.71749669797759,11.782359507465571,15.273170031497546,-0.013499484503659,0,0.55,1.0,0.54,1.0,0.0,0.0,0.00011425350804961099,0.019687173948763848,0.026738980816889635
2022-12-12,446.0683898925781,20973334,25.0,40.69767178229158,10.503517178275048,14.319239460853048,-0.0073684546837949,0,0.0,0.0,1.0,3.0,0.88,5.0,-0.005679400441186089,-0.0013616653925062616,-0.008638358274299485
2022-12-13,442.7815551757813,33272826,22.549999237060547,38.41807079780548,9.119679339782692,13.279327436638978,0.0190880653516911,1,1.06,1.0,1.14,4.0,0.29,2.0,0.0075731691396832,-0.00322201649994569,0.021385341154628534
2022-12-14,451.2333984375,30636639,21.13999938964844,41.71120950176091,8.605769050277274,12.344615759366638,0.005756182057425,1,0.59,2.0,1.04,4.0,-0.53,2.0,-0.0004463614642967739,0.0009947485017378632,0.015227373589687065
2022-12-15,453.8307800292969,24222008,22.829999923706055,42.184792197633655,8.312259872941752,11.538144582081662,-0.0197711982420699,0,0.83,1.0,0.6,8.0,1.4,4.0,-0.002574982797804437,-0.006086629552542688,-0.01568652798519199
2022-12-16,444.8580017089844,47601400,22.6200008392334,46.067623422176,7.271798744087619,10.684875414482851,-0.0095541591345936,0,0.86,1.0,1.57,1.0,0.79,5.0,-0.003813575353422971,-0.024619839017193224,-0.04171726429446354
2022-12-19,440.6077575683594,21075559,22.420000076293945,39.43952721667271,6.034702329988704,9.754840797584023,-0.019292573990491,0,1.5,1.0,-0.37,6.0,1.32,3.0,0.010684150398249992,-0.016879266724765696,-0.009509927177307698
2022-12-20,432.1072998046875,31139235,21.479999542236328,33.480554859550594,4.318596516370519,8.667591941341323,0.0032787656331969,1,0.6,1.0,0.81,3.0,0.63,9.0,-0.0012723086589110366,-0.0026213111577980674,-0.013747577440855085
2022-12-21,433.5240783691406,36182644,20.06999969482422,27.904802128253124,3.037873767066287,7.541648306486317,0.0196078100105752,1,0.0,0.0,0.78,4.0,0.85,4.0,0.0004842320542652878,-0.0063074072821663885,-0.006238879852591195
2022-12-22,442.0245361328125,14047382,21.969999313354492,37.38928872658168,2.677938058393579,6.56890625686777,-0.0277778084624275,0,0.0,0.0,1.18,3.0,0.79,2.0,-0.002004141984302543,0.02010053713946003,0.023555955919671412
2022-12-23,429.7460632324219,24927413,20.8700008392334,33.661459621685836,1.385940014719779,5.532313008438172,0.003296851799815,1,0.0,0.0,1.05,4.0,1.02,3.0,-0.0014646554788004806,-0.02411193137279044,-0.0420381629325014
2022-12-27,431.6350402832031,10264001,21.649999618530273,40.85641372643789,-0.2136795511779041,3.5732913678232414,-0.0131291998475375,0,0.0,0.0,1.07,4.0,1.14,7.0,0.0001659157541351597,-0.02411193137279044,-0.0420381629325014
2022-12-28,425.968017578125,32578949,22.13999938964844,39.660368945186704,-1.1996806024400255,2.618696973770588,-0.0110863783947982,0,0.27,2.0,0.29,4.0,-0.23,3.0,-0.0008489209231152817,-0.02411193137279044,-0.0420381629325014
2022-12-29,421.2455749511719,23020759,21.440000534057617,29.822675167554863,-2.3352360447249794,1.6279103700714748,0.0056055131444303,1,0.15,1.0,0.77,6.0,0.92,9.0,0.00010089656376099931,-0.016953613438888016,-0.01472989104816047
2022-12-30,423.60687255859375,21683478,21.670000076293945,34.59323635416723,-3.0099382368664465,0.7003406486838906,0.0100334636096752,1,0.0,0.0,0.17,4.0,1.11,5.0,0.00019208767641454294,0.040240985060339574,0.03320166834253868
2023-01-03,427.8571166992187,14885824,22.899999618530273,39.89658671708691,-3.165198960381929,-0.0727672731292733,-0.0077264500726176,0,0.35,1.0,1.02,8.0,1.52,3.0,-0.0010527684814520821,0.040240985060339574,0.03320166834253868
2023-01-04,424.5513000488281,19188422,22.010000228881836,30.58421090733698,-3.5144832035048807,-0.7611104592043949,0.0200223596014204,1,0.0,0.0,0.48,1.0,0.95,8.0,0.002359058602062758,0.040240985060339574,0.03320166834253868
2023-01-05,433.05181884765625,23549581,22.459999084472656,36.07597706504006,-3.069983795178985,-1.222885126399313,0.0,0,1.3,1.0,0.68,5.0,1.31,5.0,-0.002272171303189241,0.030933581039638725,0.0273771470379649
2023-01-06,433.05181884765625,20886011,21.1299991607666,41.00724274180014,-2.686743702670867,-1.515656841653624,0.0490730179231615,1,0.53,1.0,0.36,2.0,1.2,3.0,0.0012300256185848735,-0.00773046845088432,-0.019825154772080578
2023-01-09,454.302978515625,46666263,21.969999313354492,58.28570711138239,-0.6606170047975297,-1.3446488742824052,0.0103949860948773,1,1.36,1.0,0.84,5.0,1.08,5.0,-0.0021181091840254407,0.030898979585895825,0.04668617966629629
2023-01-10,459.02545166015625,32646014,20.579999923706055,67.06582516532714,1.311054100562103,-0.8135082793135036,-0.0030864923923696,0,0.88,1.0,1.23,4.0,0.82,4.0,-0.002008250125457245,0.028692267953319917,0.019213952607028295
2023-01-11,457.6086730957031,21051115,21.09000015258789,65.26937974747221,2.727850504456569,-0.105236522559489,0.0041281311185301,1,0.0,0.0,0.9,8.0,0.97,7.0,-0.0032557516594241553,0.011953521911828746,0.012855695194007533
2023-01-12,459.4977416992187,20963689,18.829999923706055,62.09146876113984,3.9574844929226742,0.7073076805369436,0.0277492156047272,1,0.0,0.0,1.41,3.0,0.71,5.0,-0.0009651326875864674,0.006275672690836398,0.012519822536487979
2023-01-13,472.2484436035156,77606949,18.350000381469727,79.22069638647443,5.892923416503265,1.744430827730208,0.0099999760899076,1,0.46,2.0,1.49,6.0,0.88,7.0,7.88445475705668e-05,0.06382975803470514,0.012444759880754441
2023-01-17,475.0819091796875,27770329,19.36000061035156,78.04869399243218,8.9107803806898,4.133609185968784,0.0795226768821475,1,0.0,0.0,0.93,9.0,0.94,3.0,-0.0015234636804044577,0.06382975803470514,0.012444759880754441
2023-01-30,512.8616943359375,124428936,19.940000534057617,89.65510902142546,12.756846892152566,5.858256727205541,-0.0386738184727194,0,1.01,2.0,1.42,4.0,1.16,5.0,-0.001282785825150401,-0.0016050349543328402,-0.0071900753127635
2023-01-31,493.0273742675781,72530854,19.399999618530273,78.78788027139215,14.042544730242582,7.495114327812949,0.0153255967418197,1,0.72,2.0,1.1,4.0,0.5,5.0,0.001562496941712288,-0.001822164417193961,-0.02668009303184582
2023-02-01,500.5833129882813,33710990,17.8700008392334,79.63635030609626,15.492581797859316,9.094607821822224,0.0188678198542058,1,0.76,2.0,1.14,2.0,1.01,4.0,-0.005321298343589742,-0.0042949432520024144,0.019266115833111996
2023-02-02,510.0282287597656,43077053,18.729999542236328,80.41955893055697,17.205537661120616,10.7167937896819,0.0037039109103578,1,0.82,2.0,1.72,1.0,1.08,2.0,-0.0021265717722409594,0.021675842712899573,0.051866598976085365
2023-02-03,511.9173278808594,31635865,18.329999923706055,82.6855539216134,18.50221996067336,12.273879023880191,-0.0295204502880471,0,0.53,1.0,1.17,7.0,1.12,5.0,-0.016582837368281922,0.020160289592515035,0.022245253032961543
2023-02-06,496.8052978515625,30870136,19.43000030517578,72.72725690311896,18.101769566696134,13.439457132443382,-0.0057033108762063,0,0.0,0.0,0.38,7.0,1.02,2.0,0.0003385474287380674,-0.020589588510977586,-0.01901114595200537
2023-02-07,493.9718627929687,23481767,18.65999984741211,71.28714053794437,17.355709400738476,14.222707586102402,0.0325046165099616,1,1.2,1.0,0.27,5.0,-0.1,5.0,0.014311345312556512,-0.029896580337103518,-0.016991643829138425
2023-02-08,510.0282287597656,35096191,19.6299991607666,70.205477860456,17.854253172331084,14.94901670334814,0.0,0,0.64,4.0,0.41,4.0,1.17,4.0,0.0010846105035744458,0.029619937587008982,0.031161060821615738
2023-02-09,510.0282287597656,18861972,20.709999084472656,69.14893592642997,18.041382871757374,15.567489937029988,0.009259418265435,1,0.0,0.0,1.25,4.0,0.9,6.0,0.0009600229505188906,-0.0028556208122189064,-0.02193237254071767
2023-02-10,514.7507934570312,28495684,20.530000686645508,70.93429203336996,18.359123462579703,16.12581664213993,-0.007339266135044,0,0.16,2.0,0.67,5.0,0.62,2.0,0.00047958285565607994,0.025562209692819415,0.0013058631208722193
2023-02-13,510.972900390625,22768977,20.34000015258789,68.60074635095256,18.097474353652217,16.52014818444239,0.00739352921362,1,0.48,2.0,0.86,4.0,0.82,2.0,-0.0012815549168979645,-0.01365192438913776,-0.015841906180269594
2023-02-14,514.7507934570312,21883297,18.90999984741211,66.42339846402356,17.987609976130045,16.813640542779922,-0.036697219967044,0,0.0,0.0,0.77,3.0,1.33,5.0,0.005926048172392839,0.007759294674070327,0.01533306793517264
2023-02-15,495.8608703613281,61796793,18.229999542236328,56.57896918506942,16.189658436520915,16.68884412152812,0.0057142966164789,1,0.0,0.0,0.9,8.0,1.34,3.0,0.001298833356684792,0.019248670434602655,0.021034701312000692
2023-02-16,498.6943664550781,29975138,20.170000076293945,58.169967353201855,14.822543289758528,16.315583955174205,-0.0189393482749785,0,0.47,1.0,-0.98,1.0,0.91,7.0,0.0009496980651897413,-0.05308286243877691,0.00366481164530863
2023-02-17,489.2494201660156,28121975,20.020000457763672,39.83743617588857,12.82908079798517,15.6182833237364,-0.0019305470871038,0,0.0,0.0,0.06,2.0,0.79,3.0,0.0017620875929991175,-0.02091410281362127,-0.024841473834562366
2023-02-21,487.3603210449219,13504100,22.8700008392334,42.7083105445775,9.44724446269771,13.652462957490409,-0.0174417086526256,0,0.54,2.0,0.52,4.0,0.94,3.0,0.003976474793814022,-0.02091410281362127,-0.024841473834562366
2023-02-22,478.85992431640625,24575245,22.290000915527344,32.63161868716156,7.409134414174616,12.40379724882725,0.0216963151895428,1,0.0,0.0,1.07,7.0,1.4,6.0,-0.0002897448229778332,-0.02091410281362127,-0.024841473834562366
2023-02-23,489.2494201660156,25376835,21.13999938964844,38.46153129194214,6.556681658586342,11.234374130779068,-0.013513704857088,0,1.05,2.0,0.64,6.0,1.02,6.0,0.003952011034348946,-0.009242592744706957,-0.004772497003328491
2023-02-24,482.6378479003906,41692491,21.670000076293945,42.10525420748478,5.286666678932136,10.044832640409682,0.0215265471043866,1,0.5,2.0,0.92,4.0,0.64,5.0,-0.0003018271428945063,0.037429743984990216,0.03333581211268899
2023-03-01,493.0273742675781,39560848,20.579999923706055,49.51456737065822,5.060187910158959,9.04790369435954,-0.0057471993629917,0,0.0,0.0,0.56,3.0,0.62,4.0,-0.0019245327814509938,-0.002634457517914801,0.0024328772725963344
2023-03-02,490.19384765625,16558784,19.59000015258789,38.20229450907228,4.599045009388476,8.158131957365326,-0.005780420592539,0,0.31,3.0,1.26,7.0,0.89,1.0,0.0015687512432163153,0.015504797389685354,-0.0008652728497845485
2023-03-03,487.3603210449219,23253895,18.489999771118164,36.956553805695,3.959303633700131,7.318366292632287,0.0096901512308558,1,0.38,2.0,0.0,0.0,1.71,3.0,-0.0027768952012560133,0.00689887774918807,0.009567542297564735
2023-03-06,492.0829162597656,21922085,18.61000061035156,36.95657594687531,3.7896927310406454,6.612631580313959,0.0057581059665889,1,0.0,0.0,0.84,5.0,1.1,2.0,0.0013350510728340481,0.008536327972488378,0.01482183259885228
2023-03-07,494.9163818359375,24861078,19.59000015258789,40.659325832483546,3.839650756616947,6.058035415574557,-0.0057251400037736,0,-0.15,3.0,1.5,2.0,1.89,1.0,-0.003362565654610128,-0.0023384641097721204,-0.011144719225874122
2023-03-08,492.0829162597656,24512408,19.11000061035156,36.66674445196368,3.609003514093274,5.568229035278301,0.0019193066383835,1,1.11,1.0,0.61,6.0,1.13,3.0,0.00250505783283983,-0.00814930874553288,-0.01074276113639494
2023-03-09,493.0273742675781,21557577,22.61000061035156,47.88732907134224,3.4625101194162653,5.147085252105894,-0.0172413504955983,0,0.05,1.0,1.27,3.0,1.18,3.0,0.004948438893666696,0.022284600585441572,0.026657250756382478
2023-03-10,484.52691650390625,24045605,24.799999237060547,40.25977895206376,2.630178092645224,4.64370382021376,0.0058477753134129,1,0.0,0.0,0.69,2.0,-0.13,3.0,-4.879129801615978e-05,-0.021468556063880317,-0.020115780548203288
2023-03-13,487.3603210449219,21466947,26.520000457763672,48.57135339928436,2.1741191394139037,4.149786884053789,-0.0116276805322137,0,0.32,1.0,0.95,7.0,0.62,2.0,0.002899933725023729,-0.018339404857995456,-0.018884585326052195
2023-03-14,481.6934509277344,20474770,23.729999542236328,45.333358033222495,1.339973692184515,3.5878242456799345,0.0019605767336827,1,0.98,1.0,1.16,2.0,1.15,4.0,0.0004802740985374587,0.005615935504120317,-0.0007592421005381267
2023-03-15,482.6378479003906,23208597,26.13999938964844,46.66666953875423,0.7465070895564736,3.0195608144552426,-0.0063947839141093,0,-0.84,1.0,1.17,3.0,0.17,3.0,-0.012121795567030746,0.017666024595803353,0.030269925005790732
2023-03-16,479.5514831542969,21965994,22.989999771118164,50.52852781412316,0.0268274400648351,2.4210141395771614,0.0257426159685063,1,0.33,5.0,0.85,4.0,1.14,6.0,-0.002495492162647772,-0.029006715211554512,-0.010883182176448236
2023-03-17,491.8963928222656,33118483,25.510000228881836,51.964254979935326,0.4474492558274505,2.0263011628272194,-0.0115829296605922,0,0.0,0.0,0.48,7.0,0.64,3.0,0.004641388756255305,0.035350322476131346,0.04053220442578742
2023-03-20,486.19879150390625,11837312,24.149999618530273,52.67882847370715,0.3173876187828455,1.6845184540183449,0.0097655865057486,1,0.71,5.0,0.87,5.0,0.8,8.0,0.0009501745798927708,0.0019037489126920715,-0.0046964879770553525
2023-03-21,490.9468078613281,18284799,21.3799991607666,48.28965655653395,0.5906296625019536,1.4657406957150665,0.0309475553610618,1,0.56,2.0,0.63,6.0,0.56,4.0,0.0022586744123582747,0.006370793328316138,0.010115044237978266
2023-03-22,506.1404113769531,42385987,22.260000228881836,60.89497157082898,2.0100027160924014,1.5745930997905335,0.0093809490130634,1,1.12,1.0,0.22,2.0,1.56,2.0,-0.0036579630154522924,0.02732129164762731,0.0006998827075279657
2023-03-23,510.8884887695313,26728246,22.61000061035156,65.66504158605267,3.477905125964753,1.9552555050253777,0.0018588126704146,1,0.19,4.0,1.14,3.0,1.41,2.0,-0.0008490095930143715,0.0012972220600862006,-0.008078543839672658
2023-03-24,511.838134765625,21926240,21.739999771118164,63.848784576553946,4.6640921063113865,2.4970228252825795,-0.0148422553135265,0,1.29,1.0,2.24,1.0,1.14,8.0,-0.004268366821229441,0.021269577240696558,0.02673282666505794
2023-03-27,504.2413024902344,16111177,20.600000381469727,56.12771256850984,4.9342737230040825,2.98447300482688,-0.0112994757180288,0,0.2,2.0,0.8,3.0,1.53,1.0,-0.006985169374756017,-0.019029239011710497,-0.016727811546049298
2023-03-28,498.5436401367187,17234120,19.969999313354492,54.091536150970065,4.635209061465673,3.3146202161546388,0.0095237115822832,1,0.55,1.0,0.51,4.0,1.05,8.0,0.006072023832427664,-0.022955059284511914,-0.012072025887857496
2023-03-29,503.2916259765625,17280749,19.1200008392334,56.20152794715429,4.726832951342374,3.597062763192186,0.0094341693417236,1,0.42,3.0,0.64,4.0,1.05,5.0,-0.005210878373039907,0.001654393378978103,-0.008532309175427022
2023-03-30,508.0397644042969,19201564,19.020000457763672,64.88088823066556,5.123519885494147,3.9023541876525782,-0.0037385912686792,0,0.0,0.0,0.77,2.0,1.62,2.0,0.006033856244355151,0.0214735235432153,0.03265661431695621
2023-03-31,506.1404113769531,23558838,18.700000762939453,62.0278088328421,5.224411459807982,4.16676564208366,-0.0056284488184622,0,0.78,1.0,-0.4,1.0,1.08,4.0,0.005635242649384864,-0.0031264097280142567,0.01620149459580289
2023-04-06,503.2916259765625,25423363,18.399999618530273,64.35068498039408,5.016666576292664,4.336745828925461,0.0018869308859037,1,0.0,0.0,1.36,6.0,0.96,7.0,-0.0030611598664394,-0.021373508284971865,-0.017985686406125745
2023-04-10,502.3420715332031,7435151,18.969999313354492,65.38459319931935,4.552500665919979,4.465616051224336,-0.0094518200725423,0,1.0,1.0,0.74,1.0,0.77,5.0,-0.0009953675874764256,-0.021373508284971865,-0.017985686406125745
2023-04-11,497.5940246582031,22675697,19.100000381469727,54.28569592172534,3.8711539298815296,4.346723626955775,-0.0076338405980781,0,0.62,2.0,1.11,7.0,1.27,3.0,-0.003847904979152328,-0.021373508284971865,-0.017985686406125745
2023-04-12,493.79547119140625,23816473,19.09000015258789,55.88218614068021,2.9902010375726604,4.075419109079152,-0.0192305148915157,0,0.0,0.0,0.98,5.0,1.27,5.0,0.004250978290440077,0.0024713608906288265,-0.0056124775717557585
2023-04-13,484.2995300292969,25536889,17.799999237060547,45.20547402453327,1.508408439070422,3.5620169750774062,0.0117647488800389,1,-0.07,2.0,0.61,1.0,1.09,8.0,-0.0013858526299423968,-0.02655771204225399,-0.01829920170751298
2023-04-14,489.9971923828125,18072504,17.06999969482422,36.50809925702612,0.784784358027764,3.006570451667478,0.0077516338208452,1,0.38,2.0,0.77,3.0,0.17,2.0,-0.0010957903902104604,0.0020723091103382885,0.007344725581338807
2023-04-17,493.79547119140625,14634287,16.950000762939453,35.483832510384914,0.5118956028191519,2.507635481897813,-0.0096150411385422,0,0.14,3.0,0.74,10.0,1.38,7.0,0.0001477816927988318,0.001723093363021455,-0.0014601879451088262
2023-04-18,489.047607421875,15168888,16.829999923706055,31.818199524565884,-0.086486663962944,1.9888110527256615,-0.0097088244999473,0,0.56,4.0,0.9,4.0,0.86,3.0,0.001806190430197363,0.009059579967589437,-0.001227839434351008
2023-04-19,484.2995300292969,21123233,16.459999084472656,33.333316329601686,-0.9330830847646894,1.4044322252275914,0.0058823429330943,1,1.12,3.0,0.78,2.0,1.31,3.0,-0.0012948662398797328,0.0017045950469671833,0.0035999971658580154
2023-04-20,487.1483459472656,17221961,17.170000076293945,39.999989287644425,-1.3584814827085552,0.8518494836403621,-0.0038986080015526,0,0.28,3.0,0.8,8.0,1.2,5.0,-0.0004791770225415215,-0.010324173361276556,-0.010182891292564555
2023-04-21,485.2491455078125,25016683,16.770000457763672,33.33338971411561,-1.827792724327935,0.3159210420467026,-0.0078278590477215,0,0.0,0.0,0.93,1.0,0.79,5.0,0.0028109870956032346,0.023615483299054718,-3.2777762283831e-05
2023-04-24,481.45068359375,16886512,16.889999389648438,24.999899571601137,-2.4776683771535204,-0.2427968417933419,-0.0177513866478162,0,0.0,0.0,0.6,7.0,1.75,3.0,0.0007138464920868337,-0.043901881775892826,-0.008154236528398973
2023-04-25,472.9042663574219,36898412,18.760000228881836,22.222199550487517,-3.640360153893141,-0.9223095042133018,-0.0130523581795631,0,0.82,3.0,0.6,6.0,0.89,4.0,0.0021499357690617504,-0.008550813926169076,-0.004610361917086969
2023-04-26,466.7317504882813,31269245,18.84000015258789,21.052570534945374,-5.002209847123197,-1.738289572795281,0.004069343879435,1,0.0,0.0,0.98,1.0,0.96,4.0,-0.0017305958027742374,-0.027764654536080124,-0.033655738592541895
2023-04-27,468.6310424804687,29537148,17.030000686645508,22.222174611676493,-5.860670389768586,-2.562765736189942,0.0172237720223531,1,0.0,0.0,1.04,8.0,0.7,5.0,0.003980776032341815,-0.0004862190763407215,0.005746140594165228
2023-04-28,476.70263671875,24824100,15.779999732971191,31.756673127392105,-5.822577309986627,-3.214728050949279,-0.0019919219450837,0,0.06,1.0,1.16,3.0,1.08,6.0,-0.0021307654530519082,0.017264374220005818,0.006363380551555942
2023-05-02,475.7530822753906,15325791,17.780000686645508,33.57137807013436,-5.802126079884317,-3.732207656736287,-0.009980129545077,0,0.37,1.0,0.78,5.0,1.32,2.0,0.0038920080033559845,-0.0037961562392595516,0.00805354224698207
2023-05-03,471.0050048828125,11369311,18.34000015258789,33.098580711509115,-6.09874594995415,-4.20551531537986,0.0040323594333819,1,1.38,1.0,1.14,2.0,0.74,4.0,-0.0005594376441980797,-0.012145805504913398,-0.007363139164979882
2023-05-04,472.9042663574219,13140291,20.09000015258789,40.476180759742654,-6.110131018843958,-4.58643845607268,0.0040160357488034,1,0.0,0.0,0.84,7.0,1.09,1.0,0.0008461435758913005,-0.0031339874065636764,-0.01317712166029239
2023-05-05,474.803466796875,7488897,17.190000534057617,36.44061703379306,-5.897916652931201,-4.848734095444384,0.0079999434387685,1,0.28,1.0,0.64,2.0,0.31,3.0,-0.003511702439530473,0.00955264141012524,-0.005322375540187441
2023-05-08,478.6018676757813,11243634,16.979999542236328,36.44075551614372,-5.361432773024944,-4.951273830960496,0.0119048059322981,1,0.79,2.0,1.0,3.0,-0.73,1.0,-0.0006167011944236966,0.01772657025439539,0.02245695795372793
2023-05-09,484.2995300292969,16197743,17.709999084472656,45.833304320765805,-4.4254973201339,-4.846118528795177,-0.0137254248346532,0,0.26,2.0,1.45,5.0,0.31,6.0,-0.0016292353143386729,0.006708378236374379,0.005559073916810542
2023-05-10,477.6523132324219,18859212,16.940000534057617,44.35486964283307,-4.172043848586668,-4.711303592753476,-0.0079524213039712,0,1.16,2.0,1.12,3.0,0.9,3.0,0.00032704000167660396,-0.0056113643296719085,-0.018704417014456687
2023-05-11,473.8538208007813,13382927,16.93000030517578,38.88888605493795,-4.228938173418896,-4.61483050888656,-0.0060120142392319,0,0.0,0.0,0.53,5.0,-0.06,2.0,0.0020204003000325876,-0.0018810723134151663,0.009997143038824374
2023-05-12,471.0050048828125,18465362,17.030000686645508,38.28124293864745,-4.452576442188956,-4.582379695547039,-0.0010081060564632,0,0.1,1.0,1.96,1.0,0.47,3.0,-0.0011549336057862236,-0.017314470438757112,-0.006268549229621834
2023-05-15,470.5301818847656,13315766,17.1200008392334,40.49586601259452,-4.6149276162298065,-4.588889279683593,0.019172630400446,1,1.22,1.0,0.12,3.0,0.96,2.0,0.0027274715849956443,0.0,-0.001970602508663988
2023-05-16,479.5514831542969,21140315,17.989999771118164,55.73765914380815,-3.9698860972823127,-4.465088643203337,0.0277226409692334,1,0.0,0.0,0.85,6.0,1.16,4.0,0.0036516729492317435,0.026729085705862854,0.026839494862112234
2023-05-17,492.8459167480469,41406763,16.8700008392334,70.07295811347612,-2.358746203479825,-4.0438201552586355,0.0211946754016747,1,0.0,0.0,0.81,1.0,0.27,2.0,-0.002174600343595179,0.0025681130923120854,-0.0012873878934033245
2023-05-18,503.2916259765625,43096277,16.049999237060547,73.54833787122452,-0.236300864425516,-3.2823162970920117,0.0037738617718074,1,0.0,0.0,1.02,5.0,0.72,5.0,0.0011319512009602128,0.05822086997090792,0.024918726830860605
2023-05-19,505.19097900390625,32099068,16.809999465942383,71.12679435149872,1.5807918890310475,-2.3096946598673997,-0.0018798366422622,0,-0.01,2.0,1.59,3.0,1.18,6.0,0.0004386347885725339,0.01947611240860203,0.0316224575813977
2023-05-22,504.2413024902344,17208135,17.209999084472656,71.12666557431365,2.9106676647051586,-1.265622194952888,-0.001883377083515,0,1.1,1.0,0.86,4.0,0.76,4.0,-0.003280141882412324,-0.000755416125310937,-0.006204455438233225
2023-05-23,503.2916259765625,19588873,18.530000686645508,75.3729796933278,3.843665457493614,-0.2437646644635875,-0.0094338661618519,0,1.25,1.0,1.59,2.0,0.54,2.0,-0.0022905982863488106,-0.009289356516711367,0.0036054580670876746
2023-05-24,498.5436401367187,19086681,20.030000686645508,69.28562804067067,4.152087473650965,0.6354057631593231,0.0342857779477063,1,0.68,2.0,-0.28,3.0,0.71,6.0,0.0013389437537105753,-0.013955433631935077,-0.011695063576008913
2023-05-25,515.6365966796875,63827245,19.13999938964844,74.99992526292503,5.709952111120458,1.6503150327515503,0.0423571202825694,1,0.51,2.0,1.29,1.0,0.95,5.0,0.004709616568235431,-0.0034277674204428177,-0.016790200444202208
2023-05-26,537.4774780273438,95808471,17.950000762939453,79.52372382519441,8.607723178339825,3.0417966618692054,0.003533601005947,1,1.11,1.0,0.89,1.0,0.69,1.0,9.733202517114847e-05,0.12004871231613201,0.06806138005964701
2023-05-30,537.4774780273438,40136130,17.459999084472656,82.81235197332633,12.47598599227581,6.1909820264576645,-0.0141342904652504,0,0.0,0.0,0.96,9.0,1.21,5.0,-0.0024317613065398813,0.12004871231613201,0.06806138005964701
2023-05-31,529.880615234375,81176782,17.940000534057617,79.49991644385027,12.937883999769952,7.540362421120123,-0.012544744241936,0,0.0,0.0,0.65,10.0,1.11,7.0,-0.00485579828710947,0.12004871231613201,0.06806138005964701
2023-06-01,523.2333984375,24477529,15.649999618530272,76.4422556955094,12.62206732099304,8.556703401094707,0.019963824513663,1,0.78,2.0,1.46,2.0,1.24,4.0,0.0008285623590460478,-0.03324180524913245,-0.027106055927718087
2023-06-02,533.6791381835938,30206141,14.600000381469728,79.03927532640091,13.064069762426072,9.45817667336098,-0.0124554555748593,0,0.54,3.0,0.96,2.0,1.06,3.0,0.002768221503654411,0.002535863593851495,0.015510358467855312
2023-06-05,527.0319213867188,16827391,14.729999542236328,72.32143087717668,12.731227375052583,10.112786813699302,0.0090087993004197,1,0.42,2.0,1.94,1.0,0.9,3.0,-0.00205902953817072,0.001011811976932897,-0.001522806910548291
2023-06-06,531.7798461914062,20228086,13.960000038146973,69.90290565414894,12.70412004885128,10.631053460729698,0.01428572904253,1,1.03,1.0,1.07,5.0,1.5,3.0,0.002753178441449622,-0.008995379467936382,-0.016359109714348397
2023-06-07,539.376708984375,27604813,13.9399995803833,68.99998585971034,13.144123363102892,11.133667441204338,-0.0158451572837752,0,1.05,1.0,1.3,3.0,1.44,4.0,-0.0006913027091105528,0.018051739840151848,0.012839264949689122
2023-06-08,530.8302001953125,23080195,13.649999618530272,62.61673709787385,12.65729194393782,11.438392341751037,0.0107336656884886,1,0.79,2.0,1.39,5.0,1.36,3.0,-0.00045683059769185963,0.00470866945333781,-0.003199274144382036
2023-06-09,536.5279541015625,19091713,13.829999923706056,65.17856861043163,12.58615035228206,11.66794394385724,0.0159291751502819,1,0.0,0.0,0.87,9.0,1.04,7.0,0.0026475905649385734,-0.003489743446403404,0.010681108671079409
2023-06-12,545.0744018554688,26392389,15.010000228881836,68.33336636309636,13.068748637167914,11.948104882519376,0.0331009499021275,1,0.0,0.0,0.88,9.0,1.12,3.0,-0.0021847668096783845,0.028617157766269496,0.003030430392392258
2023-06-13,563.1168823242188,56174363,14.609999656677246,75.37312573747374,14.737207289361436,12.505925363887789,-0.0050590135145842,0,0.7,4.0,1.2,5.0,1.05,6.0,0.000495978614851067,0.04143953272866008,0.03310381148664754
2023-06-14,560.26806640625,23583314,13.880000114440918,69.74788327381222,15.649202886206696,13.13458086835157,0.0063854713450679,1,0.46,4.0,1.56,1.0,1.28,7.0,0.0016405400768413347,-0.0024284289472603637,0.011533202169796253
2023-06-15,563.8456420898438,27392154,14.5,63.916086529082904,16.470781509363974,13.801820996554053,-0.0033841568461385,0,0.0,0.0,1.03,6.0,1.62,6.0,-0.004340447382571333,0.005711590231484154,0.015226728098931996
2023-06-16,561.9375,38128802,13.539999961853027,61.90558399962896,16.77455078803962,14.396366954851166,-0.0101867275261372,0,0.75,1.0,1.35,5.0,1.22,4.0,0.005013448997665648,-0.016660200821119076,-0.008473812796644165
2023-06-20,556.2131958007812,16221413,13.880000114440918,64.47211027749843,15.857177564744577,15.0034694102109,-0.0034304850533803,0,0.0,0.0,0.97,9.0,0.0,0.0,0.001784501265216898,-0.016660200821119076,-0.008473812796644165
2023-06-21,554.3051147460938,21703937,13.199999809265137,68.01512611108477,15.126591353724052,15.028093798913533,-0.0120481383788449,0,0.64,3.0,0.61,4.0,0.12,6.0,0.0027289097851679323,-0.016660200821119076,-0.008473812796644165
2023-06-26,547.6267700195312,27142262,14.25,58.456138117638005,13.849066493925534,14.792288337915933,-0.0034843842454518,0,-0.45,3.0,1.52,2.0,1.32,5.0,0.0022895214931535346,-0.011829634352205964,-0.01769256420448162
2023-06-27,545.7186279296875,21501718,13.739999771118164,62.020052593103856,12.538116120888615,14.34145389451047,0.0034965676306171,1,1.12,2.0,0.87,3.0,0.31,2.0,0.00010326359102408311,-0.017662612217803852,0.0025836350010901565
2023-06-28,547.6267700195312,18175426,13.43000030517578,60.579907157480214,11.520350199084987,13.777233155425376,-0.0017421363957603,0,0.5,1.0,0.59,3.0,0.79,11.0,0.00022582732332154798,0.019678346528309243,0.03602052804210709
2023-06-29,546.6727294921875,16937929,13.539999961853027,55.34516557144237,10.515563406897172,13.124899205719736,0.0052355301949851,1,-1.19,3.0,1.17,2.0,0.9,4.0,-0.0003386645052837478,-0.011363612493205166,-0.009040698997426877
2023-06-30,549.5348510742188,22654976,13.59000015258789,64.94831984625215,9.836819198400349,12.46728320425586,0.005208151114129,1,1.29,1.0,0.34,3.0,0.68,4.0,0.002032675426720365,-0.0027744418005825056,0.0013021131014181453
2023-07-03,552.3969116210938,14785585,13.56999969482422,63.28419826383744,9.421251566441128,11.858076876692913,0.0103627755947728,1,0.72,4.0,1.17,2.0,0.0,0.0,0.001957740034576938,0.0027821607436455675,0.016291421032377018
2023-07-05,555.2591552734375,14913592,14.18000030517578,40.5841937970549,9.12755475773372,10.925871227879782,-0.0292094437005172,0,-0.81,1.0,0.0,0.0,0.84,4.0,-0.0018686456158967246,0.0027821607436455675,0.016291421032377018
2023-07-06,539.0403442382812,28564891,15.4399995803833,30.735783989533587,7.481061794133325,10.236909341130492,0.0,0,1.15,1.0,0.81,6.0,0.0,0.0,-0.00031523483706941136,0.0027821607436455675,0.016291421032377018
2023-07-07,539.0403442382812,18796190,14.829999923706056,25.92591715022948,6.105820164028955,9.410691505710185,0.0,0,0.55,1.0,0.78,2.0,-0.42,5.0,0.004704298353081393,-0.015644804900570408,-0.012376067624886744
2023-07-10,539.0403442382812,18454982,15.06999969482422,26.923091118686926,4.958769654243156,8.520307135416779,0.0212386446589687,1,0.64,2.0,0.73,4.0,0.75,7.0,0.0032891535876820033,0.008248510001085618,6.708341184191724e-05
2023-07-11,550.4888305664062,17850636,14.84000015258789,44.82751013673004,4.916842726549135,7.799614253643251,0.0017330788099045,1,0.0,0.0,0.55,3.0,1.02,5.0,-0.002167456816167368,-0.004589660981225818,0.020647203000440317
2023-07-12,551.44287109375,15588228,13.539999961853027,45.76263099969096,4.904067395334323,7.220504881981466,0.0121107844743237,1,0.66,1.0,1.32,4.0,1.05,7.0,0.0032310640020125625,0.01493454866406796,0.0005285167019970505
2023-07-13,558.1212768554688,25442137,13.609999656677246,53.12497500979617,5.370921741951747,6.8505882539755225,0.0102564898916357,1,0.79,1.0,1.25,3.0,0.01,1.0,-0.0030134404822088623,0.026071680415565845,0.018595698095117408
2023-07-14,563.8456420898438,23121873,13.34000015258789,63.49209250560033,6.132128251679546,6.7068962535163275,0.0,0,0.65,2.0,1.49,1.0,0.74,2.0,-0.007410692182331924,0.016072886745524873,0.020330652324215936
2023-07-17,563.8456420898438,13807834,13.479999542236328,65.57384957928639,6.658633314837516,6.697243665780565,-0.0169204594867291,0,0.56,1.0,0.75,3.0,0.0,0.0,-0.0024489496393167443,-0.004073218174865723,-0.012304022286569793
2023-07-18,554.3051147460938,20932006,13.300000190734863,55.07246779930054,6.234187712228163,6.604632475070085,0.0,0,0.31,6.0,0.68,3.0,0.78,4.0,-0.00025192838579823906,-0.003328780045055546,0.023170839593770864
2023-07-19,554.3051147460938,22499123,13.760000228881836,55.88235017409637,5.8305999869674,6.4498259774495486,-0.0034425140130162,0,0.0,0.0,1.04,7.0,0.79,3.0,0.0,-0.015650356980048463,0.0013160387748223368
2023-07-20,552.3969116210938,15108109,13.989999771118164,52.23873471289655,5.29573186191169,6.219007154341977,-0.0328150877451571,0,1.4,2.0,-0.05,3.0,0.92,9.0,-0.0015186069095689536,-0.000872483381663014,-0.010592498926345728
2023-07-21,534.2699584960938,46711021,13.600000381469728,38.55423358316864,3.370300667216611,5.649265856916904,-0.0035714942595966,0,1.4,2.0,1.25,4.0,0.82,4.0,0.004540036607663556,-0.05045619205416152,-0.03624990599873523
2023-07-24,532.36181640625,25268835,13.90999984741211,32.91134320163452,1.671147505605063,4.853642186654536,0.0197133389037831,1,1.26,3.0,1.08,4.0,0.76,5.0,-0.0001771974418194322,-0.006233263326423488,0.009552792572597113
2023-07-25,542.8564453125,19590349,13.859999656677246,42.52871872780191,1.158036109335626,4.114520971190754,-0.0052724484380761,0,1.04,2.0,1.17,1.0,1.12,6.0,0.009156598400786198,0.010282793983982463,-0.0017654214484151831
2023-07-26,539.9942626953125,13314305,13.1899995803833,50.68483426651441,0.5145065033735818,3.39451807762732,0.0053003944947511,1,0.0,0.0,0.78,3.0,1.02,4.0,-0.0007024221354253735,0.021068647521272243,0.01704888796377979
2023-07-27,542.8564453125,12200358,14.40999984741211,52.631499200739405,0.2327755792372272,2.7621695779493014,-0.0035150031031597,0,0.0,0.0,0.82,5.0,1.36,6.0,-0.0042811141890044535,-0.009070706944363183,-0.014885721147351094
2023-07-28,540.9483032226562,18540078,13.329999923706056,51.281950336112125,-0.1428229534410547,2.1811710716712303,-0.0035270634421228,0,0.0,0.0,1.03,5.0,0.57,3.0,0.001540150649083527,-0.0006037248794487082,0.01862476588207196
2023-07-31,539.0403442382812,24208467,13.630000114440918,41.17660340720504,-0.5876695524018487,1.6274029468566145,0.0035395476512452,1,1.09,2.0,0.82,6.0,1.16,4.0,0.0026366433109039633,0.015198724449296819,0.022156052990268682
2023-08-01,540.9483032226562,16259643,13.93000030517578,42.028996257022136,-0.7772971448295038,1.1464629285193908,-0.0105819801358404,0,0.99,3.0,1.04,4.0,1.4,3.0,0.0018276753650217081,-0.01695411589382123,0.0025624319848203125
2023-08-02,535.2239990234375,25583234,16.09000015258789,32.352921806982835,-1.3736473354745158,0.6424408757206096,-0.012477549032912,0,0.34,4.0,1.13,5.0,1.67,1.0,0.0014479631182464647,-0.007564388979627745,-0.0008856161721302325
2023-08-04,528.5457153320312,26279173,17.100000381469727,23.188354735524555,-2.3579597469984037,0.0423607511768069,0.0072200019099983,1,0.73,1.0,0.7,5.0,0.71,3.0,0.0011109649518115106,-0.007523564041579611,-0.0009483832952458249
2023-08-07,532.36181640625,14369551,15.770000457763672,27.39710780992978,-2.7978550293429407,-0.5256824049271427,-0.0107526573522142,0,1.37,1.0,0.89,3.0,1.33,3.0,0.00032876483677957147,0.012423867927368049,-0.0023948045258006534
2023-08-08,526.6375122070312,19010690,15.989999771118164,28.985358092546647,-3.567257593746149,-1.133997442690944,0.0036233710678965,1,0.87,3.0,1.33,5.0,0.49,2.0,0.0003634997101045201,0.0019757082532523285,0.010869907403832535
2023-08-09,528.5457153320312,14389090,15.960000038146973,30.9858786893636,-3.977192030600577,-1.702636360272871,-0.0054153189957195,0,0.64,4.0,1.04,5.0,0.84,3.0,0.00042652007585042284,-0.019304672730802053,-0.01604263550784013
2023-08-10,525.6834716796875,17892615,15.850000381469728,30.555523469424926,-4.481368737945786,-2.258382835807454,-0.0090741707863112,0,0.77,1.0,0.95,6.0,0.25,6.0,0.004105387823833073,-0.005397224911098952,-0.018736633184047835
2023-08-11,520.913330078125,17608427,14.84000015258789,37.931072517799926,-5.205833365899821,-2.8478729418259277,-0.0091576168847815,0,0.6,1.0,0.29,5.0,1.14,6.0,-0.002720516060018996,0.008725180558421641,-0.0037280253623653836
2023-08-14,516.1430053710938,20939030,14.81999969482422,36.065585805543584,-6.094646844591239,-3.49722772237899,0.0018481669752463,1,0.0,0.0,1.11,5.0,0.12,2.0,0.0010249841079341682,-0.02964132143781051,-0.022927303783500275
2023-08-15,517.096923828125,14066307,16.459999084472656,23.52907233461785,-6.645459957026787,-4.12687416930855,0.0,0,0.0,0.0,0.01,1.0,0.32,6.0,0.00480438042102449,0.011740488835657592,0.028709194901746615
2023-08-16,517.096923828125,28269840,16.780000686645508,24.999666795505732,-7.001276954438936,-4.701754726334627,0.0036902233161113,1,0.93,3.0,0.64,4.0,0.92,2.0,0.0003135457817806664,-0.014935084384028907,-0.01700756228542022
2023-08-17,519.005126953125,22843138,17.889999389648438,23.40402362997848,-7.048042991392208,-5.171012379346144,-0.0091912862885111,0,1.34,1.0,0.58,2.0,-0.11,3.0,-0.001225512175489496,0.0010907869648533186,-0.02078804590499983
2023-08-18,514.2348022460938,17592345,17.299999237060547,21.999759453601413,-7.384902193652692,-5.613790342207454,-0.0037104062408793,0,0.31,1.0,0.0,0.0,0.12,2.0,0.0015031977294908128,-0.0015253685982954401,-0.009692300094118256
2023-08-21,512.3267822265625,16633821,17.1299991607666,21.99973130489856,-7.716871516712217,-6.034406577108407,0.0074488066541162,1,0.0,0.0,1.36,8.0,0.76,8.0,-0.0005138810643254832,-0.005892664332711073,0.004755724785265203
2023-08-22,516.1430053710938,14594304,16.969999313354492,25.0,-7.584591829326655,-6.344443627552057,0.020332556533227,1,0.32,2.0,0.9,3.0,0.0,0.0,0.00017556763480008897,0.016026340676186024,0.028301287499604255
2023-08-23,526.6375122070312,20636332,15.979999542236328,42.10522180757036,-6.55735116620815,-6.387025135283276,0.0217392992397573,1,0.29,1.0,1.12,2.0,0.87,5.0,0.0004451197536554652,-0.003457298366805306,-0.009281792245085962
2023-08-24,538.0862426757812,23280827,17.200000762939453,58.06451945757759,-4.764516293993324,-6.062523367025285,-0.0319147958740948,0,0.0,0.0,0.57,3.0,1.08,3.0,0.001904946196743973,0.021465893711388073,0.021067630544012284
2023-08-25,520.913330078125,24144537,15.68000030517578,42.10536948682292,-4.675496059518423,-5.785117905523913,0.0054941951884577,1,0.0,0.0,1.09,2.0,1.01,5.0,-0.0037901822213773917,-0.017936854221746734,-0.0335118338400604
2023-08-28,523.7753295898438,8991985,15.079999923706056,47.94518507093305,-4.324161201835295,-5.49292656478619,0.0054645235380383,1,1.09,1.0,0.7,4.0,0.64,2.0,-0.0013090351627094154,0.006160164799771994,0.004121981246762996
2023-08-29,526.6375122070312,10516678,14.449999809265137,48.64857621556385,-3.7712983985547903,-5.14860093153991,0.005434940705892,1,0.0,0.0,1.27,2.0,0.68,6.0,-6.600817961854855e-05,0.009667092874638072,0.012077930005359727
2023-08-30,529.499755859375,15117416,13.880000114440918,52.70276111648076,-3.066838892110354,-4.7322485236539995,-0.0108110083266054,0,1.65,1.0,0.49,7.0,1.39,2.0,0.0001886243790714115,0.011489357459781413,0.025919535803867744
2023-08-31,523.7753295898438,40431378,13.56999969482422,51.999887404773865,-2.9366115864301037,-4.373121136209221,-0.0018214690029231,0,1.24,1.0,0.38,4.0,1.64,2.0,-0.0016028849651440469,-0.0031552597449080455,0.00395359594810385
2023-09-01,522.8212890625,13669766,13.09000015258789,54.92951527957362,-2.877221784030666,-4.07394126577351,0.0164234854838438,1,0.93,3.0,0.52,2.0,1.56,2.0,0.0010010172886230073,-0.01276631436553699,0.00741234998153506
2023-09-05,526.6375122070312,12220686,14.010000228881836,55.952399992383995,-1.8705957091938217,-3.319511260676853,-0.0036230233800382,0,0.25,2.0,0.45,9.0,1.38,3.0,0.0017354415040899962,-0.01276631436553699,0.00741234998153506
2023-09-06,524.7294921875,14067008,14.449999809265137,53.571455771495074,-1.8116176061632816,-3.017932529774139,-0.014545720172038,0,0.0,0.0,1.03,6.0,1.28,1.0,-0.00016324073626783342,-0.01276631436553699,0.00741234998153506
2023-09-07,517.096923828125,20717005,14.399999618530272,51.72411257451742,-2.353630327828455,-2.885072089385002,-0.0055349808713667,0,-0.67,1.0,0.86,6.0,0.69,3.0,0.0014658741223405602,-0.02473565127468247,-0.007961929918368638
2023-09-08,514.2348022460938,15283568,13.84000015258789,51.13630993879534,-2.9797795627101777,-2.9040135840500376,-0.0055657873981496,0,0.0,0.0,1.23,3.0,1.13,6.0,0.0009215558948310054,-0.023954051440687185,-0.019797686741398812
2023-09-11,511.3726806640625,14631968,13.800000190734863,47.12640550857148,-3.664712114386816,-3.0561532901173933,0.014925408762844,1,0.51,4.0,1.16,6.0,0.34,2.0,0.0030531171425924875,-0.0045531606441893135,-0.0045001735580657565
2023-09-12,519.005126953125,16028336,14.229999542236328,45.23813331810133,-3.5507209666938024,-3.1550668254326752,-0.0055146306527521,0,1.02,2.0,0.98,7.0,0.51,1.0,0.0016733677994777985,-0.0004463506537114581,0.0009085808550355345
2023-09-13,516.1430053710938,16191392,13.479999542236328,34.66667576526304,-3.649264997504474,-3.2539064598470353,0.0223047702905474,1,0.72,3.0,0.56,4.0,1.24,4.0,-0.00556332326305542,0.009821706193164248,-0.007884023369777227
2023-09-14,527.6554565429688,17144287,12.81999969482422,55.11591782519653,-2.76651262049711,-3.15642769197705,0.0145453376112059,1,0.0,0.0,1.65,1.0,1.15,8.0,0.0017958901124717208,0.008178542685634449,0.005470031139030773
2023-09-15,535.3303833007812,42517441,13.789999961853027,58.17113468271561,-1.431125431386704,-2.8113672398589813,-0.0322579799250996,0,0.0,0.0,0.23,4.0,0.96,1.0,-0.002155596677621885,0.007945037270467026,0.006676109208370695
2023-09-18,518.0617065429688,36684692,14.0,44.96210806515921,-1.746131045312154,-2.598320000949616,-0.0037036151246895,0,0.0,0.0,0.95,2.0,0.59,4.0,-0.000815148181333325,-0.02427043622884273,-0.030087379570582606
2023-09-19,516.1430053710938,18901683,14.109999656677246,42.0655633331472,-2.1260901691319987,-2.503874034586093,-0.0055763108250506,0,0.95,1.0,1.07,4.0,0.96,6.0,0.00028554359396615325,-0.00470587339634565,0.004625510550277934
2023-09-20,513.2648315429688,24635567,15.140000343322754,43.53782647853497,-2.6291479057741753,-2.5289288088237094,-0.014953389276745,0,1.82,1.0,1.59,6.0,0.93,6.0,0.0006430824687451153,-0.007429857290883746,-0.009577734798716264
2023-09-21,505.58978271484375,32012694,17.540000915527344,40.21429210193016,-3.605574267999259,-2.7442579006588197,-0.0094876214797389,0,-0.64,1.0,1.09,2.0,0.96,1.0,0.0025549508158961842,-0.009980541443409985,-0.017406652924101707
2023-09-22,500.7929382324219,29049309,17.200000762939453,31.83190122762784,-4.7121457724086895,-3.137835475008794,0.005747233254294,1,0.0,0.0,1.0,3.0,0.98,8.0,0.0009036943995639479,-0.022110135952924992,-0.01764145683454532
2023-09-25,503.6711120605469,17116402,16.899999618530273,36.05771493128002,-5.295820169660715,-3.5694324139391784,-0.011428661448429,0,0.0,0.0,0.77,6.0,0.68,2.0,0.004033278269981899,0.003280001643841901,0.007918876449352963
2023-09-26,497.9148254394531,26392692,18.940000534057617,34.4481727293677,-6.151954653866653,-4.085936861924673,0.0057803315866897,1,0.59,3.0,1.42,2.0,1.02,5.0,-0.0002178097385048261,0.007005926068752055,0.007182121479708536
2023-09-27,500.7929382324219,16846401,18.219999313354492,39.9921773054189,-6.523014500983663,-4.573352389736471,0.0019157241052596,1,1.07,2.0,1.3,3.0,1.06,3.0,-0.0008777210926956824,-0.02261112462420989,-0.017654683766628376
2023-09-28,501.7523193359375,19733331,17.34000015258789,42.15465811060884,-6.6628627319090015,-4.991254458170977,0.0191204895927481,1,1.03,2.0,1.7,4.0,1.07,6.0,0.002710100200153054,0.013643214288157957,0.009547574138495829
2023-10-02,511.3460693359375,25427911,17.610000610351562,49.98457941776692,-5.931186984264627,-5.179240963389708,-0.007504690319548,0,0.88,1.0,0.86,4.0,1.18,8.0,-0.005120149624754378,0.005670552061863399,0.003887777767865863
2023-10-03,507.5085754394531,14490129,19.780000686645508,43.03156042629087,-5.596469749399432,-5.2626867205916525,-0.0170133675557384,0,1.17,1.0,1.46,3.0,0.66,3.0,0.005745343056007934,0.008630612302788832,0.004239612388045266
2023-10-04,498.8741455078125,28358964,18.579999923706055,40.21732365575634,-5.9592359018222965,-5.401996556837782,0.0153846172668583,1,1.01,1.0,1.46,4.0,0.49,6.0,0.0019166355232618226,-0.025556168811062818,-0.02095481609373595
2023-10-05,506.5491333007813,24945684,18.489999771118164,37.49995481554259,-5.563293138591121,-5.43425587318845,0.0075760597187641,1,0.0,0.0,1.08,1.0,1.38,2.0,0.0001516111518740093,0.014752341381595535,0.014316214226094415
2023-10-06,510.38677978515625,15336587,17.450000762939453,34.52394026124911,-4.883545178461702,-5.324113734243101,0.0225562075521721,1,0.0,0.0,-0.11,2.0,1.66,2.0,-0.0006344507962983137,0.004153600064759733,-0.005238061565079888
2023-10-11,521.899169921875,46639969,16.09000015258789,52.564072239196506,-3.3769588719728176,-4.934682761789044,0.0110294994758382,1,0.13,1.0,1.18,3.0,0.16,2.0,0.0006008641088628419,0.01820453536151856,0.01289744890005573
2023-10-12,527.6554565429688,34161176,16.690000534057617,57.31701829370951,-1.698910167804911,-4.2875282429922175,0.005454414849926,1,0.98,3.0,1.49,4.0,0.85,4.0,-0.003758872824822568,0.01534017639877483,0.007334708381162347
2023-10-13,530.5335083007812,31123496,19.31999969482422,60.97554447126295,-0.1352506705509313,-3.4570727285039604,-0.0144665467362289,0,0.27,1.0,1.03,4.0,1.12,2.0,0.0013337411367397856,0.004565122645054043,0.003049903139558996
2023-10-16,522.8585205078125,19875676,17.209999084472656,60.97559177910017,0.4791302588619146,-2.6698321310307858,0.0110091456104548,1,0.74,1.0,1.04,3.0,0.81,1.0,0.0034498526735733392,-0.02120737765817804,-0.02695418030831198
2023-10-17,528.61474609375,18364998,17.8799991607666,67.46981995257653,1.4142087516236188,-1.853023954499905,-0.0199635739047462,0,0.6,2.0,1.24,2.0,1.01,8.0,0.0007802568918739983,0.00840144499403861,0.01434708076896829
2023-10-18,518.0617065429688,26418940,19.219999313354492,58.241745949571914,1.2888658544187592,-1.224645992716172,0.0111111988174257,1,1.24,1.0,0.13,3.0,0.73,5.0,-0.0002609097479768785,-0.002411644003443403,-0.007951468397977113
2023-10-19,523.8179931640625,22881262,21.399999618530273,64.83519863867724,1.6351657553921086,-0.652683643094516,0.0183149282576076,1,0.16,2.0,1.4,3.0,0.7,8.0,0.004303052871834856,-0.015384873179416836,-0.017616101283518426
2023-10-20,533.4116821289062,45984177,21.709999084472656,67.34695467383017,2.653157495453911,0.0084845846151694,-0.0215827897902114,0,0.78,2.0,0.76,2.0,1.18,4.0,0.0021748199303619486,0.03694229065516508,-0.01338233526023802
2023-10-23,521.899169921875,22747367,20.3700008392334,59.633024845561565,2.5021169163608192,0.5072110509642994,0.0,0,0.51,1.0,0.95,7.0,0.73,3.0,-0.0014508549811510507,-0.017221059810511585,-0.015330656978860824
2023-10-24,521.899169921875,15007814,18.969999313354492,55.55554841528931,2.355266127426148,0.8768220662566693,0.0,0,0.8,5.0,0.85,7.0,0.0,0.0,-0.0005038966791286459,-0.002190266143337838,-0.0053073314412988015
2023-10-25,521.899169921875,16526355,20.190000534057617,57.89472803050266,2.2133714508827325,1.144131943181882,-0.0238970734420514,0,-0.22,1.0,0.88,4.0,0.96,5.0,-0.0029692153040949965,0.00581708035134354,0.013763635367801452
2023-10-26,509.42730712890625,28188348,20.68000030517578,55.5555841166389,1.0820703681018813,1.131719628165882,0.0037665083519868,1,0.12,2.0,0.54,11.0,1.14,8.0,-0.000992725378481718,-0.043649129208157667,-0.041298544811049775
2023-10-27,511.3460693359375,15679643,21.270000457763672,52.68821029286317,0.3364557315200045,0.9726668488367064,-0.0018760084574953,0,0.22,2.0,1.51,2.0,0.62,6.0,0.005474476980509069,-0.002167854718124307,-0.005433884890711171
2023-10-30,510.38677978515625,21404842,19.75,50.0,-0.3280740559671358,0.7125186678759381,-0.0056392611636897,0,0.0,0.0,0.76,2.0,0.52,2.0,-0.0006609096449337049,-0.016695327617526012,0.01212831652139612
2023-10-31,507.5085754394531,25667058,18.13999938964844,40.74073928624024,-1.0745786628469889,0.3550992017313527,-0.0018904944371453,0,0.41,1.0,0.93,3.0,1.09,3.0,0.0017028794282381021,0.0008140618433409852,-0.01298698056408909
2023-11-01,506.5491333007813,13603347,16.8700008392334,35.52623648497065,-1.7237377287254958,-0.0606681843600169,0.0359848377592282,1,-0.89,1.0,0.42,4.0,1.47,1.0,-0.005136671932754799,0.002904920186762361,0.009641515266511691
2023-11-02,524.7772216796875,29401438,15.65999984741211,46.739105630281905,-0.7586018814101863,-0.2002549237700508,0.0036562203781134,1,0.95,2.0,0.94,6.0,1.18,2.0,0.004818957001067936,0.017263421491156006,0.0233403695714145
2023-11-03,526.6959228515625,15426176,14.90999984741211,52.32552634304398,0.1592625013529414,-0.1283514387454524,0.0018217982136852,1,0.0,0.0,1.62,1.0,0.0,0.0,-0.0008054883399617463,0.030524031554646225,0.023576805798275924
2023-11-06,527.6554565429688,29215201,14.890000343322754,49.382771320249674,0.9531160586573152,0.087942060735101,0.0090906914165433,1,0.0,0.0,0.63,5.0,0.32,3.0,-0.006727043338677685,0.014478179866000529,0.02553926279612173
2023-11-07,532.4522094726562,14777790,14.8100004196167,59.99991517372421,1.946866332319132,0.4597269150519073,0.0018019883083972,1,1.06,1.0,0.81,3.0,0.7,2.0,-0.0021642199929325923,0.008824479273005004,-0.002802136181839665
2023-11-08,533.4116821289062,15314834,14.449999809265137,57.14280520844978,2.7797982249195456,0.923741177025435,0.0017985181391391,1,0.28,2.0,0.43,6.0,0.06,2.0,0.0003926512985428232,-0.0020517363139580524,0.007712893354478112
2023-11-09,534.3710327148438,13165684,15.289999961853027,50.8196499044663,3.4772309712775495,1.434439135875858,0.0,0,0.0,0.0,0.89,3.0,1.23,6.0,-0.0006791163810595524,-0.004436884579442801,0.00034854526657812634
2023-11-10,534.3710327148438,12994933,14.170000076293944,63.265269026477434,3.984026074876965,1.9443565236760791,0.0251347352153907,1,0.0,0.0,1.43,2.0,1.05,4.0,0.0042331222103415556,-0.00413023455531103,-0.0058542373567708195
2023-11-13,547.8023071289062,43866014,14.760000228881836,71.42854257614911,5.407126453179103,2.6369105095766843,0.0017511601143285,1,0.14,1.0,1.14,4.0,1.55,1.0,0.0011640889396631326,0.06352312435340268,0.040378380691029614
2023-11-14,548.7615966796875,21568576,14.15999984741211,71.87493165854522,6.536995984923351,3.416927604646018,0.0157344473473763,1,0.0,0.0,1.12,4.0,1.2,3.0,0.0028615993590586086,-0.010468005409589809,-0.009741793762775064
2023-11-15,557.3960571289062,50305088,14.18000030517578,91.6665783061501,8.036514588536193,4.340845001424054,0.0034421487417788,1,0.0,0.0,1.03,3.0,1.15,7.0,-0.0031317602473895922,0.02582455383612925,0.03621847708142978
2023-11-16,559.314697265625,28291435,14.31999969482422,91.66656063382192,9.272820803543368,5.327240161847917,-0.0051460025587605,0,1.12,1.0,0.1,2.0,1.29,6.0,-0.005194670295959769,-0.0011121521978245674,0.00719563569254178
2023-11-17,556.4364624023438,22031704,13.800000190734863,88.70928352131868,9.90616083129521,6.243024295737376,-0.0051724015003309,0,0.0,0.0,0.39,4.0,0.87,1.0,-0.002132410680105945,-0.002631577474279001,0.0032353766964878794
2023-11-20,553.558349609375,22010114,13.40999984741211,88.7094200612082,10.059883640706856,7.006396164731273,0.0138651524339821,1,0.0,0.0,0.93,4.0,0.94,5.0,-0.005361010585086534,0.010554244143686997,0.006592144153952928
2023-11-21,561.2335205078125,35921706,13.350000381469728,91.30422756236786,10.677943535811096,7.740705638947237,-0.0136755390011147,0,1.3,1.0,1.03,9.0,1.34,5.0,-0.0032132626900811534,0.003815920835768871,0.015248198081731168
2023-11-22,553.558349609375,21969125,12.850000381469728,75.86176637701635,10.42822818496836,8.278210148151462,0.0017335023981477,1,0.0,0.0,0.32,4.0,0.84,7.0,-0.008404013385645337,-0.015506168733344317,-0.01918645923129203
2023-11-24,551.6397705078125,10058969,12.460000038146973,71.1861720194739,9.658146241781765,8.860130289519065,-0.0121740646726855,0,1.15,2.0,1.58,2.0,0.16,2.0,0.004589758947224354,-0.015506168733344317,-0.01918645923129203
2023-11-27,544.924072265625,18528520,12.6899995803833,60.6555872491096,8.595434216738454,8.807191074962942,0.0123240990515718,1,0.0,0.0,1.17,5.0,1.43,3.0,0.003045899881200631,-0.015506168733344317,-0.01918645923129203
2023-11-28,551.6397705078125,26343906,12.6899995803833,64.17891173580087,8.200596629921847,8.685872185954723,-0.0017391995145864,0,0.0,0.0,0.92,6.0,1.15,7.0,0.0006958739453368779,-0.006337607588266292,-0.0022999024005504465
2023-11-29,550.6803588867188,24868842,12.979999542236328,62.68637017089748,7.721262589224239,8.492950266608627,0.005226245454758,1,0.29,4.0,0.98,4.0,1.01,6.0,-0.0035086629839250483,0.007921048137888409,-0.005605301675727481
2023-11-30,553.558349609375,47192647,12.920000076293944,64.28543514081173,7.487307685194651,8.291821750325832,0.0034664534979877,1,0.83,3.0,1.08,2.0,0.66,4.0,-0.00802538501065364,0.009185598882694102,0.009415468916628589
2023-12-01,555.4772338867188,28051165,12.630000114440918,56.89638908388908,7.371757629401827,8.10780892614103,-0.0086355924372198,0,0.85,1.0,0.0,0.0,0.78,5.0,-0.006491401865898361,-0.015877846834398524,-0.00766780390721522
2023-12-04,550.6803588867188,26847171,13.079999923706056,51.612889985685776,6.814561629798845,7.849159466872594,-0.0069685858901237,0,0.4,2.0,1.0,2.0,1.35,4.0,0.00981686899414469,0.01274278589325073,0.0036755664045600156
2023-12-05,546.8428955078125,22229723,12.850000381469728,40.350975098246465,5.994230800683795,7.478173733634835,0.0,0,0.38,1.0,0.95,10.0,0.66,5.0,-0.005896645950528856,-0.015626607169413664,-0.011992199036125584
2023-12-06,546.8428955078125,21518089,12.970000267028809,38.18207896581479,5.283211139118521,7.039181214731572,-0.0070177110843784,0,-0.05,1.0,0.72,3.0,0.53,1.0,0.007521885066418044,-0.0032985331744429525,-0.005696597046732865
2023-12-07,543.0053100585938,20840397,13.0600004196167,37.500284012160265,4.35980474577093,6.503305920939444,0.0070673074058975,1,0.1,1.0,1.12,3.0,1.34,6.0,0.002940513077498652,0.01199707108693615,-0.0072377286491625
2023-12-08,546.8428955078125,33507214,12.350000381469728,43.85990954993728,3.892785986296417,5.981201934010839,0.0070174878569879,1,0.3,1.0,1.0,2.0,0.97,5.0,-0.0008535741997394153,0.014716256781393433,0.027900436334176826
2023-12-11,550.6803588867188,27378610,12.630000114440918,39.62275248563475,3.788648299141755,5.542691207037023,0.0069688075619347,1,0.46,1.0,0.96,4.0,0.7,4.0,-0.0019720937647662584,0.010676001118797407,0.007105963521382819
2023-12-12,554.5179443359375,29403010,12.06999969482422,51.02062808681245,3.970015636503604,5.228156092930339,-0.0017305025677963,0,0.42,2.0,0.62,2.0,1.26,1.0,-0.0005568435956523343,0.005978869292275757,0.033973025422084246
2023-12-13,553.558349609375,22977731,12.1899995803833,48.97937191318754,3.990321342727953,4.980589142889862,0.0139374827719278,1,1.13,2.0,0.97,3.0,0.99,3.0,-0.002594788416349525,0.006438984532568526,0.0071212871669623645
2023-12-14,561.2735595703125,39409958,12.479999542236328,59.290586276961186,4.576214968787895,4.899714308069469,0.0051546851392347,1,1.02,2.0,1.21,6.0,1.46,4.0,0.004631688947277279,0.0051179514632127,0.015462401362851041
2023-12-15,564.166748046875,54323262,12.279999732971191,70.03421306145896,5.213893500511745,4.962550146557924,0.0,0,0.76,1.0,0.99,3.0,0.45,1.0,-0.010043531382914583,0.017798022723882534,0.02669045339458509
2023-12-18,564.166748046875,26122277,12.5600004196167,65.16258769156211,5.654081598010407,5.100856436848421,0.0,0,0.36,3.0,0.98,5.0,1.22,7.0,0.0008762037854230798,-0.008796454660859099,0.004766303141265027
2023-12-19,564.166748046875,28254292,12.529999732971191,66.71199618808474,5.93452433425,5.267590016328737,0.0,0,0.61,3.0,0.84,6.0,1.36,1.0,0.00524301763827939,0.003803266669631933,-0.0032086375850133297
2023-12-20,564.166748046875,38121456,13.670000076293944,64.1553136177948,6.0866145198023105,5.431394917023452,-0.0136754071161536,0,0.0,0.0,0.98,5.0,0.87,6.0,0.0008677068074613992,0.009132509746796025,0.005304857052633949
2023-12-21,556.4515380859375,24923414,13.649999618530272,51.12590086881205,5.520952024193889,5.449306338457539,0.0086656629631425,1,0.0,0.0,1.01,5.0,1.13,3.0,-0.0033465989557395215,-0.03687301787986863,-0.028577973610827256
2023-12-22,561.2735595703125,18690214,13.029999732971191,62.23433726531803,5.399515007593891,5.43934807228481,-0.0017182646277593,0,0.18,1.0,1.2,1.0,0.86,1.0,0.0012791495872452874,0.025090112025430544,0.027679477319281443
2023-12-26,565.1310424804688,16094308,12.989999771118164,70.21157761106036,5.308660513802238,5.369459765187141,0.0102392163736739,1,0.26,2.0,0.82,6.0,1.2,8.0,-0.0036226354270691985,0.025090112025430544,0.027679477319281443
2023-12-27,570.9175415039062,33401336,12.43000030517578,79.57388524157626,5.8216090369193125,5.459889619533576,0.0016889188513939,1,0.0,0.0,1.36,5.0,1.2,1.0,0.0012773344446850299,0.025090112025430544,0.027679477319281443
2023-12-28,571.8817749023438,25514849,12.470000267028809,78.24954034940332,6.234067563602366,5.614725208347334,0.0,0,0.0,0.0,1.13,5.0,1.0,4.0,-0.0056780331319218336,0.0019147046941434542,0.0016969062273046731
2023-12-29,571.8817749023438,18416318,12.449999809265137,76.18761138804201,6.486175325948352,5.789015231867538,0.0,0,0.59,3.0,1.75,3.0,0.0,0.0,-0.0031445393355279405,0.00047791168823207997,-0.001402192903186994
2024-01-02,571.8817749023438,26059058,13.199999809265137,73.6937138021844,6.609779124641705,5.953168010422371,-0.0252950171035157,0,0.38,2.0,0.91,4.0,1.39,4.0,-0.0005179379186538435,0.00047791168823207997,-0.001402192903186994
2024-01-03,557.416015625,37106763,14.039999961853027,53.84624746845304,5.477330886398022,5.858000585617502,0.0034602019292424,1,0.89,5.0,1.22,5.0,0.58,4.0,-0.00044000291677548375,0.00047791168823207997,-0.001402192903186994
2024-01-04,559.3447875976562,15309129,14.130000114440918,47.82609892037583,4.681527542158051,5.622705976925612,-0.0068966495549853,0,0.96,2.0,0.0,0.0,1.7,1.0,0.006860424901047546,-0.013395020625984966,-0.02034035886554808
2024-01-05,555.4871826171875,18158971,13.350000381469728,40.425488939280505,3.696954980084683,5.237555777557427,0.0121530337754702,1,0.51,1.0,0.0,0.0,0.0,0.0,0.005275459898703483,-0.010382317872954738,-0.008210641808474639
2024-01-08,562.238037109375,17761275,13.079999923706056,48.14822194146037,3.421965382622375,4.874437698570417,0.005145516987729,1,-0.67,1.0,1.1,3.0,0.59,3.0,0.0003898027981255048,0.00484223950225382,0.0063036166551639905
2024-01-09,565.1310424804688,22501510,12.760000228881836,50.87710532481044,3.3983019910497205,4.579210557066278,-0.003412856121006,0,1.11,1.0,1.13,1.0,1.16,2.0,-0.003284639253521182,0.02640288908528743,0.03279275924296665
2024-01-10,563.2023315429688,13037716,12.6899995803833,49.152518737268466,3.187177925817082,4.3008040308164395,0.0034245435955779,1,1.45,1.0,1.62,2.0,0.53,1.0,-0.007463136321570363,-0.003423238828344277,0.0005341372475513584
2024-01-11,565.1310424804688,23997409,12.4399995803833,58.49059082164774,3.139303500198139,4.06850392469278,-0.003412856121006,0,-0.11,1.0,0.07,3.0,0.0,0.0,0.011070581272880409,-0.010697755940974552,-0.003889588238339736
2024-01-12,563.2023315429688,16496053,12.699999809265137,52.00000506314373,2.9121622258505795,3.83723558492434,0.0034245435955779,1,1.34,2.0,0.0,0.0,0.0,0.0,0.0018254264271539977,0.004166538919747165,0.004707475237199388
2024-01-16,559.3447875976562,27223860,13.84000015258789,44.23080199897276,2.31587214978822,3.375784850200751,0.0017240805494798,1,-0.09,1.0,0.8,3.0,0.0,0.0,0.00587818268824547,0.004166538919747165,0.004707475237199388
2024-01-17,560.3091430664062,42592335,14.789999961853027,38.297585831708446,1.9441151393652945,3.08945090803366,0.0120483371377559,1,-0.23,4.0,0.94,5.0,1.32,4.0,0.0038422436149398997,0.004166538919747165,0.004707475237199388
2024-01-18,567.0599365234375,27209996,14.130000114440918,45.28308871382802,2.169222200257309,2.90540516647839,0.0646257390447015,1,0.64,2.0,1.17,7.0,1.08,10.0,0.008430854010390787,0.01258973566675392,-0.00876534745952684
2024-01-19,603.7066040039062,161106401,13.300000190734863,68.13196443002778,5.244248531873836,3.3731738395574795,0.0,0,0.92,5.0,0.78,3.0,1.19,7.0,0.002686100789593082,0.09791167957571956,0.0335557119861023
2024-01-22,603.7066040039062,65168775,13.1899995803833,68.13196443002778,7.59369368021305,4.2172778076885935,0.0031949841115206,1,1.19,3.0,1.54,4.0,1.14,9.0,0.0012079320549103212,0.010351305721363557,0.04020660356475547
2024-01-23,605.6354370117188,41072439,12.550000190734863,82.05141520418488,9.501756259390165,5.274173498028908,-0.0015925051278725,0,0.0,0.0,0.19,4.0,0.0,0.0,-0.0062316810741828155,-0.010245253965375012,0.002502530037111761
2024-01-24,604.6709594726562,26635005,13.140000343322754,80.51951361045766,10.811456581733182,6.381630114769763,0.0239234580161016,1,1.04,2.0,0.9,6.0,1.48,3.0,-0.0005034596135321534,0.009731904069064656,0.00653345810666961
2024-01-25,619.1367797851562,52243347,13.449999809265137,87.50009888934677,12.868336157423869,7.678971323300584,0.0031153584648642,1,0.23,1.0,1.34,2.0,0.78,4.0,0.000860763428329081,0.020941085536562598,0.01541705723182174
2024-01-26,621.0656127929688,41153025,13.260000228881836,86.74707706572704,14.487070809571946,9.040591220554855,0.0062110714724792,1,1.41,1.0,0.97,3.0,0.78,2.0,-0.00328079755907984,0.0003431110998330933,-0.002469216476835845
2024-01-29,624.923095703125,27825490,13.600000381469728,86.90486505465097,15.897934819790748,10.412059940402036,-0.0092592447898862,0,0.4,6.0,1.21,4.0,1.19,5.0,0.0007350350663963834,0.00600562309503383,-0.029103780815504576
2024-01-30,619.1367797851562,36161825,13.3100004196167,82.95458141428206,16.360553104200676,11.601758573161764,-0.0218067206056189,0,0.85,3.0,0.18,3.0,0.94,4.0,-0.0013380371723147322,-0.002387760822883833,0.010633085566111422
2024-01-31,605.6354370117188,41277950,14.350000381469728,71.00009493370463,15.459528084655515,12.373312475460516,0.0,0,1.06,4.0,1.12,4.0,0.82,4.0,-0.002817131452696353,-0.007864623579619479,-0.015559613435898734
2024-02-01,605.6354370117188,44946369,13.880000114440918,72.44902967483613,14.57741984330653,12.81413394902972,0.011146528108038,1,1.74,1.0,1.51,3.0,1.17,4.0,-0.000830523890604784,-0.02671039271185005,-0.013673714359344169
2024-02-02,612.3861694335938,26334815,13.850000381469728,73.78647875761773,14.258704920424066,13.10304814330859,0.0173227545975491,1,0.82,2.0,1.3,6.0,0.92,5.0,0.0027568595221623138,0.003806706840759899,0.004590571743282812
2024-02-05,622.994384765625,44017740,13.670000076293944,80.55556043896799,14.692746532454066,13.420987821137686,0.0789474818607367,1,0.14,4.0,0.52,2.0,0.81,3.0,-0.00035210710893140984,0.02081296570735014,0.013141049661874682
2024-02-15,672.17822265625,112945296,14.010000228881836,86.70887267498102,18.788865957285793,14.494563448367307,-0.0200863200546845,0,0.76,7.0,0.74,4.0,1.39,3.0,0.005762511191539366,0.013484773549294005,0.021760532620363593
2024-02-16,658.6766357421875,44232811,14.239999771118164,78.78780556098945,20.706908533940577,15.737032465481963,-0.007320494028869,0,0.0,0.0,0.4,3.0,1.26,6.0,-0.003927712441166409,-0.0018565921278181907,-0.001601183320570354
2024-02-20,662.5342407226562,30166461,15.420000076293944,71.63118593673974,22.726488950102976,18.071242440406817,-0.0087337024978717,0,0.0,0.0,0.3,4.0,1.33,1.0,0.002255126060222823,-0.0018565921278181907,-0.001601183320570354
2024-02-21,656.7478637695312,30564485,15.34000015258789,68.27580728373282,22.897082383063776,19.03641042893821,0.0161529241627236,1,0.39,4.0,1.12,11.0,0.83,2.0,0.0021989185165642855,-0.0018565921278181907,-0.001601183320570354
2024-02-22,667.3562622070312,33145643,14.539999961853027,70.96775774126164,23.61605680124603,19.952339703399776,0.0072254666994087,1,0.7,5.0,0.79,4.0,1.59,8.0,-0.0007738215560203487,7.974808389699106e-05,-0.0023582140896855064
2024-02-23,672.17822265625,46448923,13.75,68.96553981770161,24.294884808007396,20.8208487243213,0.0014347630902042,1,0.92,4.0,0.78,6.0,1.13,4.0,0.0015456807377836057,0.029759222654329065,0.049705885421328144
2024-02-26,673.1426391601562,28798079,13.739999771118164,68.75001648150248,24.626798838596414,21.582038747176327,0.0,0,0.64,2.0,0.0,0.0,1.29,3.0,0.0008814408362198822,0.0035639413891999094,-0.011214095029341675
2024-02-27,673.1426391601562,33006829,13.43000030517578,67.85717676193008,24.60619816354688,22.18687063045044,-0.0114614786110761,0,0.05,1.0,0.8,6.0,1.28,4.0,0.004705245996972307,0.008569380914090319,0.010496233381483977
2024-02-29,665.4274291992188,54368302,13.399999618530272,66.9013852242744,23.694187174375656,22.488333939235485,-0.0014491353846868,0,0.75,3.0,0.63,11.0,0.82,5.0,0.0008653250591499351,-0.009409776564054062,-0.011233356218232737
2024-03-01,664.463134765625,23390635,13.109999656677246,73.64337358145842,22.632705650557455,22.51720828149988,0.0522495435658119,1,0.88,8.0,1.34,2.0,1.01,5.0,0.002277027285789046,0.010127187433654594,0.027010781206487255
2024-03-04,699.1810302734375,88861397,13.489999771118164,79.3938915058968,24.312656740490524,22.87629797329801,0.0068964963368309,1,0.91,4.0,1.04,6.0,1.43,5.0,-0.0010426928511686473,0.04064673559004506,0.04287361740827045
2024-03-05,704.0029296875,64403889,14.460000038146973,79.14104855427455,25.73644336830648,23.448327052299703,0.0068494338319238,1,0.52,4.0,1.02,4.0,1.06,4.0,-0.0017586998206308158,0.03256144472177369,0.010627707814552245
2024-03-06,708.824951171875,43687122,14.5,78.34391104403295,26.9433155926331,24.147324760366384,0.0340134162399465,1,0.42,2.0,1.19,6.0,0.44,4.0,-0.001584294895698446,-0.023795553846731377,-0.020501956518010456
2024-03-07,732.9345092773438,71817344,14.4399995803833,74.04572555487758,29.50509401506156,25.21887861130542,0.0315791472285356,1,0.18,4.0,0.5,3.0,1.12,2.0,0.000990196821442746,0.04889962273578541,0.02420168238760234
2024-03-08,756.0799560546875,87139744,14.739999771118164,85.81563785417141,33.02230541071185,26.779563971186708,-0.022959304350297,0,0.62,6.0,0.8,3.0,0.75,4.0,-0.002425451004595569,0.05389554770741989,0.03359388715699785
2024-03-11,738.7208862304688,64759810,15.220000267028809,78.57136399091598,34.016863692999095,28.227023915549186,0.0052219234858739,1,1.2,1.0,1.64,2.0,0.58,5.0,-0.0009280926429229286,-0.018968084028711307,-0.04027431987160224
2024-03-12,742.5784301757812,58110339,13.84000015258789,77.85228969826919,34.71614375945421,29.524847884330192,0.0116883335710096,1,0.78,4.0,0.97,7.0,1.46,3.0,0.0005789736572445747,-0.05021465891233401,-0.013631018877862555
2024-03-13,751.2579345703125,36754557,13.75,82.23680457678671,35.560769304423616,30.73203216834888,0.0064185964134049,1,0.93,2.0,1.05,4.0,1.1,3.0,-0.0028868258741585606,0.03869912264506126,0.02092134600349671
2024-03-14,756.0799560546875,42010806,14.399999618530272,81.50680507577114,36.20192471528219,31.826010677735542,-0.0395409479178153,0,0.38,3.0,0.46,2.0,0.93,6.0,0.0011670135758301559,-0.015650716140479748,-0.02474898920844315
2024-03-15,726.183837890625,73316437,14.40999984741211,66.27900986718161,33.90682138346233,32.2421728188809,0.0193460200527895,1,0.47,4.0,0.02,3.0,1.48,2.0,0.0002484507667166458,-0.017729229888132747,-0.01751923711416714
2024-03-18,740.2326049804688,43589856,14.329999923706056,68.7444706299645,32.84296034850877,32.36233032480648,-0.0026178327768099,0,0.74,4.0,1.35,4.0,0.96,4.0,0.0038016886083072077,-0.01890859789243371,-0.005422625387685787
2024-03-19,738.2947998046875,30152375,13.81999969482422,68.0080666194528,31.480589491163755,32.185982158077934,-0.0052493249545189,0,0.17,3.0,1.16,4.0,1.5,3.0,0.0024646821955720544,0.0015688466370893384,-2.309163066938069e-05
2024-03-20,734.4192504882812,41280325,13.039999961853027,69.48288640461097,29.74529113049732,31.69784395256181,0.0343008753212592,1,0.86,4.0,1.0,5.0,1.61,2.0,0.0011802450064548609,-0.012953892054185734,-0.009414418644510536
2024-03-21,759.6104736328125,46026103,12.920000076293944,73.63504762505443,30.056305473350903,31.36953625671963,0.0012754854019836,1,1.01,3.0,0.37,2.0,1.02,4.0,0.002825426998389391,0.013939437509748576,0.015992606587244884
2024-03-22,760.579345703125,30660820,13.0600004196167,68.32398265874895,30.03474461967585,31.102577929310876,-0.0063694635533344,0,1.39,4.0,0.0,0.0,0.68,3.0,0.0010021719335595591,0.01974406515996252,0.022910521952810736
2024-03-25,755.73486328125,19877101,13.1899995803833,65.43702440925665,29.289121482776068,30.739886640003917,0.0025641336266633,1,0.33,2.0,0.41,4.0,0.86,6.0,0.003803263646266597,0.007816445458875165,0.002119260386300059
2024-03-26,757.6726684570312,40990702,13.239999771118164,64.83166327837318,28.525747398284125,30.29705879165996,-0.0038364037694132,0,0.97,3.0,1.03,6.0,1.61,2.0,0.0016309646746559547,-0.0022058068749263304,-0.003416594078301527
2024-03-27,754.7659301757812,18794479,12.779999732971191,57.608307226834704,27.37070598887271,29.711788231102513,-0.0128369649731503,0,1.23,1.0,0.17,3.0,0.93,3.0,-0.006294041552667218,-0.009912050753560275,-0.008097808574601184
2024-03-28,745.0770263671875,27190918,13.010000228881836,45.768572818141024,25.38093813079786,28.845618211041582,0.0091027186753676,1,0.13,3.0,1.73,4.0,0.23,2.0,0.004767770651749492,-0.015485408518497779,0.009907564420604587
2024-04-01,746.0458984375,21041261,13.649999618530272,51.42819505568128,22.311589720756615,26.775320648410535,0.0259739335376221,1,0.46,6.0,1.18,4.0,0.55,3.0,0.0012101572572218444,-0.015485408518497779,0.009907564420604587
2024-04-02,765.4236450195312,37974481,14.609999656677246,55.36207789615417,22.222485312842537,25.864753581296934,-0.0126580643298966,0,0.73,10.0,1.41,5.0,1.06,5.0,-0.0026266618358599114,-0.015485408518497779,0.009907564420604587
2024-04-03,755.73486328125,30890544,14.329999923706056,49.87401545327252,21.126532201447617,24.91710930532707,0.0038461600586658,1,0.7,4.0,0.78,1.0,0.78,5.0,0.0025364619011380984,-0.008975878778807567,-0.015146844031925233
2024-04-08,758.6415405273438,32202226,15.1899995803833,64.75766915260934,20.258992966265964,23.985486037514853,0.0459769245677832,1,0.73,2.0,1.37,6.0,1.18,5.0,0.0024805489664398994,0.01217243471237861,0.01325885887390399
2024-04-09,793.5215454101562,56857731,14.979999542236328,70.37036345734776,22.13087580153297,23.614563990318477,-0.0048839105928079,0,1.1,3.0,0.92,3.0,1.33,4.0,0.001971982305842168,0.01011604200396321,0.0012990423704033471
2024-04-10,789.6460571289062,27480849,15.800000190734863,69.34310966135838,23.036091199303087,23.4988694321154,0.006134850301382,1,0.75,5.0,0.0,0.0,0.46,1.0,-0.001195805343893186,0.018278452852004357,0.009412694225359619
2024-04-11,794.4904174804688,25200651,14.90999984741211,72.4637892862849,23.869230684867944,23.57294168266591,-0.0024389005365397,0,-0.13,1.0,0.7,8.0,0.73,1.0,-0.0033236826467953895,0.005639648137666375,-0.016518804874261384
2024-04-12,792.552734375,31508936,17.309999465942383,64.91232626609138,24.09538825990444,23.677430998113618,-0.0146699499983982,0,0.7,6.0,1.27,1.0,1.22,2.0,0.006782125595073074,0.006702200915194689,0.02421952825285456
2024-04-15,780.926025390625,38913470,19.229999542236328,58.40001572357155,23.0704991674055,23.556044631971996,-0.0223324641187142,0,0.52,4.0,-0.01,3.0,1.19,4.0,0.001289503566611172,-0.03179323490051722,-0.032879768270004495
2024-04-16,763.4860229492188,49508969,18.399999618530273,52.89857288737072,20.613386445279502,22.9675129946335,0.0203045738033273,1,1.42,2.0,1.34,2.0,1.2,1.0,0.0009155415847534876,-0.01669975954632308,-0.013898633259044058
2024-04-17,778.98828125,34472074,18.209999084472656,57.2368701891137,19.690035129200055,22.312017421546813,0.0,0,0.34,3.0,0.64,2.0,0.74,6.0,0.004179325060941874,-0.0024261489362154,0.008854199875046875
2024-04-18,778.98828125,43598591,18.0,58.38932076475217,18.742223868691212,21.598058710975693,-0.0671642843532025,0,0.48,6.0,0.37,5.0,1.39,5.0,0.0033683409634026606,-0.005507573515826314,-0.03245816328588813
2024-04-19,726.6680908203125,130968654,18.709999084472656,45.07770583216429,13.612359697335137,20.00091890824758,-0.010666628589763,0,0.03,4.0,0.61,2.0,0.18,7.0,-0.004920221304314132,-0.04862261864470563,-0.01655243385852523
2024-04-22,718.9169921875,46540798,16.940000534057617,41.23709900740614,8.81978748186225,17.764692622970514,0.0161724483849541,1,0.28,4.0,0.8,4.0,0.56,2.0,0.002408928500440055,-0.034550621475269216,-0.04115133108715252
2024-04-23,730.5436401367188,30423647,15.6899995803833,45.99998803094191,5.8918946995135,15.390133038279112,0.0384616316492285,1,0.86,3.0,0.57,2.0,0.76,2.0,0.0027178153354217027,0.01605328176637677,0.017425602037079546
2024-04-24,758.6415405273438,39457128,15.970000267028809,48.32538812752357,5.772245460178851,13.46655552265906,-0.0217114282916812,0,-0.67,1.0,0.88,8.0,0.06,1.0,0.002430425847365969,0.028362086886732918,0.022109003482438272
2024-04-25,742.1703491210938,28534926,15.369999885559082,46.759245892278074,4.298781408803507,11.633000699887951,0.0208878182135623,1,0.28,5.0,1.58,2.0,0.74,7.0,-0.0024398701951591217,-0.0034473950015472266,0.010583279604368778
2024-04-26,757.6726684570312,32571247,15.029999732971191,49.78166347290696,4.332021299523831,10.172804819815129,0.0166239598495501,1,1.21,5.0,1.13,3.0,1.2,6.0,0.003808770229507319,0.02714905848190874,0.019627908602453337
2024-04-29,770.2681884765625,26765837,14.670000076293944,44.1747589144691,5.313467012620322,9.200937258376166,-0.0062894242933916,0,-0.2,1.0,1.07,7.0,1.06,4.0,-0.0029515783315217092,0.012593273151175088,0.026056111969166684
2024-04-30,765.4236450195312,39051972,15.649999618530272,43.96131810825501,5.635394323885748,8.487828671478082,-0.0227847709629629,0,0.83,5.0,0.7,5.0,1.42,6.0,0.0008607137638918516,0.0014463333863012906,0.0064409993365557305
2024-05-02,747.983642578125,40527228,14.68000030517578,39.090909871836985,4.432170292384626,7.676696995659391,0.0103628211392543,1,0.32,1.0,0.5,5.0,1.29,5.0,0.005543625559814025,-0.017474924255255098,-0.035439547178233055
2024-05-03,755.73486328125,29901556,13.489999771118164,41.59292652075288,4.057295334706964,6.952816663468906,0.0076922393546741,1,0.87,6.0,0.0,0.0,1.4,2.0,-0.004225153435658102,0.009559920489543794,0.021667447127184936
2024-05-06,761.5481567382812,32599878,13.489999771118164,45.454537645271046,4.181091409056421,6.398471612586409,0.0178116012360138,1,0.57,4.0,1.02,3.0,1.12,5.0,-0.004002988704028487,0.03912512165013693,0.02406762600011847
2024-05-07,775.112548828125,33890214,13.229999542236328,52.77773646172641,5.312494637904138,6.181276217649955,0.0025001881972155,1,1.08,3.0,0.4,2.0,1.2,5.0,-0.0021362587285993495,0.008971549833324932,0.022106881868960926
2024-05-08,777.0504760742188,21757193,13.0,49.50494524599929,6.292972906485602,6.203615555417085,-0.0074813087066846,0,1.08,3.0,1.42,6.0,0.58,2.0,-0.00043067197592394635,-0.012042430573262375,-0.007379043669943797
2024-05-09,771.2371215820312,21923999,12.6899995803833,48.07691783512389,6.525695716892187,6.268031587712106,0.0075377005715993,1,1.33,4.0,1.05,7.0,1.37,2.0,0.0031243083104899316,0.017645660815639008,0.0011494541419432291
2024-05-10,777.0504760742188,25101318,12.550000190734863,66.24999557067954,7.0974048786457615,6.433906245898838,0.0211969104235698,1,0.75,6.0,0.39,1.0,0.25,2.0,-0.0009516764309563941,-0.005640528907301601,-0.0063898613533920345
2024-05-13,793.5215454101562,34812619,13.600000381469728,72.78102671091462,8.778374512189544,6.902799899156979,0.0073260197228579,1,-0.52,1.0,0.74,1.0,1.02,2.0,0.0001793319460277054,0.045311199040793726,0.010139096096443811
2024-05-14,799.3348999023438,28691846,13.420000076293944,71.77911170404357,10.45907843514408,7.614055606354399,0.0169697509289452,1,0.96,2.0,0.85,7.0,0.97,7.0,0.0026346452966479195,-0.019094291998013158,0.003132272316665796
2024-05-15,812.8994140625,39467772,12.449999809265137,68.91888613310371,12.738746986586648,8.638993882400849,0.0023837440488989,1,0.76,3.0,0.24,1.0,1.19,5.0,-0.0016192227613095467,0.03783898808737329,0.016761108469917296
2024-05-16,814.837158203125,43927195,12.420000076293944,78.19545916349522,14.534219065326964,9.818038918986073,-0.0071343008827072,0,0.49,5.0,1.76,3.0,0.83,4.0,-0.0017854125279843647,0.023889422701750096,0.02878301633266278
2024-05-17,809.0238647460938,26207289,11.989999771118164,71.54470587030227,15.311557323433476,10.916742599875557,0.0,0,0.93,5.0,1.6,5.0,1.28,3.0,-0.008739389928487662,-0.02153226673604236,-0.00545879126515969
2024-05-20,809.0238647460938,28808661,12.149999618530272,68.18182599109483,15.746092342480663,11.882612548396578,0.0071855648644625,1,0.67,4.0,1.48,3.0,0.35,3.0,0.0028877622974334827,-0.0036128924449368993,-0.00687986927109796
2024-05-21,814.837158203125,19705349,11.859999656677246,72.97302512362043,16.3708358685916,12.780257212435584,0.02734831567729,1,0.04,1.0,1.24,5.0,1.35,1.0,0.0012515050063168776,0.012328499330350073,0.02153916253683774
2024-05-22,837.12158203125,36628342,12.289999961853027,89.65520050309055,18.451419895354093,13.914489749019284,0.0127315280633448,1,0.85,5.0,0.87,3.0,1.22,4.0,0.0012995161060771476,0.0007817155079890004,-0.0031334181355903157
2024-05-23,847.7794189453125,37266618,12.770000457763672,89.91598907381527,20.721432320915483,15.275878263398525,-0.0091428247249211,0,1.01,3.0,1.76,2.0,1.09,6.0,0.0009004381018689056,0.01613838369691467,0.010328345668182859
2024-05-24,840.0283203125,34136382,11.93000030517578,83.47111525524147,21.64546914720313,16.549796440159447,0.0023068331494591,1,1.29,3.0,1.21,7.0,0.89,5.0,-0.00033810014699131585,0.0060197895691822545,-0.00016190927994463866
2024-05-28,838.0905151367188,25329216,12.920000076293944,78.37837377684805,22.20935783010202,18.598115745263396,-0.0092484492517992,0,0.62,6.0,1.5,3.0,1.12,4.0,-0.0009869189434805747,0.0060197895691822545,-0.00016190927994463866
2024-05-29,830.3394775390625,33436835,14.279999732971191,76.99121359041985,21.284680680030192,19.135428732216756,-0.022170372534177,0,0.85,8.0,0.9,4.0,0.6,3.0,-0.0036968990725814166,0.0060197895691822545,-0.00016190927994463866
2024-05-30,811.9305419921875,38065102,14.470000267028809,64.28573928372694,18.84913898686102,19.07817078314561,-0.0202863785991834,0,1.01,5.0,1.25,6.0,0.82,4.0,0.003236723675793307,-0.03180474855427606,-0.018531910482400216
2024-05-31,795.4594116210938,77438401,12.920000076293944,50.7936865050796,15.412209722018815,18.34497857092025,0.030450615895716,1,0.77,4.0,1.62,3.0,0.46,2.0,0.006315619238836723,-0.00894132829891181,-0.008824915917208465
2024-06-03,819.681640625,28345488,13.109999656677246,57.241402381036174,14.476078740223102,17.57119860478082,-0.0082742204123646,0,0.46,4.0,1.13,3.0,1.12,8.0,-0.000636234547158887,-0.012552312395540333,-0.009645736847649133
2024-06-04,812.8994140625,28223635,13.15999984741211,50.0,13.036640909155494,16.664287065655756,0.0178784557831546,1,0.79,3.0,0.9,3.0,0.44,2.0,0.003356387546574968,0.025887217893840964,0.0056896066490790265
2024-06-05,827.4328002929688,31975446,12.630000114440918,54.30466283718471,12.919668964064044,15.915363445337414,0.0468384577645568,1,1.24,2.0,0.52,3.0,0.72,6.0,-0.0046419102039185756,-0.01600507148224295,-0.007033416284918825
2024-06-06,866.1884765625,62925136,12.579999923706056,65.94597079419562,15.772412481985723,15.886773252667078,-0.0167785495001561,0,0.51,3.0,0.63,3.0,0.91,4.0,0.0004487073545036413,0.06853792311615181,0.04518329192800885
2024-06-07,851.6550903320312,41075399,12.220000267028809,61.00001259898074,16.668366906622055,16.043091983458073,0.0045506806635202,1,0.32,12.0,0.86,4.0,1.12,4.0,-0.0023756310030170757,-0.005217099526102831,-0.008557322031926606
2024-06-11,855.5307006835938,48228488,12.850000381469728,60.606093385761184,17.48953810033231,16.33238120683292,0.0294449281819275,1,0.0,0.0,1.09,3.0,1.4,2.0,0.00608832729111719,0.022933374089885827,0.014215292787360001
2024-06-12,880.7217407226562,48106925,12.039999961853027,61.19405090049785,19.943136524727493,17.054532270411837,0.0149086487668355,1,0.05,2.0,0.38,1.0,0.66,2.0,-0.002190993617724568,-0.014569487937144743,0.000555717686673729
2024-06-13,893.8521118164062,55857091,11.9399995803833,61.68055966044048,22.68563627183505,18.18075307069648,0.0032644871689908,1,0.55,1.0,1.02,6.0,0.6,3.0,-0.000562872544702997,0.043871850431232096,0.028980284298805836
2024-06-14,896.7700805664062,38408123,12.65999984741211,64.74682104617966,24.80856507630017,19.506315471817217,-0.0010847577783795,0,0.73,1.0,0.65,3.0,0.96,2.0,-0.003552426383712781,0.0027488329503537745,0.014771186960841565
2024-06-17,895.7973022460938,26292426,12.75,64.0609097239759,26.11150914454504,20.82735420636278,0.0238871117386194,1,0.56,4.0,1.19,4.0,0.21,1.0,0.003043370457556316,-0.002313432647123914,-0.0007335871531519711
2024-06-18,917.1953125,37876013,12.300000190734863,68.92968406539237,28.54173099439845,22.37022956396991,0.0402969842675957,1,0.74,4.0,0.86,9.0,1.0,4.0,0.0015480119319866148,0.027418973802427082,0.016038775652425175
2024-06-20,954.155517578125,48225374,13.279999732971191,82.36151239096006,36.23894093610227,26.855756147912068,-0.0112129662063634,0,0.44,6.0,0.87,8.0,1.13,6.0,0.0014396198742181454,0.027418973802427082,0.016038775652425175
2024-06-21,943.4566040039062,88376132,13.199999809265137,84.58334022684109,37.456151766682865,28.975835271666227,-0.0309279070810054,0,0.06,8.0,1.26,2.0,1.41,7.0,0.0010293992607994795,0.027418973802427082,0.016038775652425175
2024-06-24,914.2774658203124,66391994,13.329999923706056,71.60425299866627,35.655275704581186,30.31172335824922,0.0053191950984818,1,0.52,5.0,1.17,2.0,1.33,11.0,-0.0012290844763791497,-0.00809667360620625,-0.012739679527908554
2024-06-25,919.1406860351562,57368432,12.84000015258789,74.47846103782689,34.225954183553654,31.09456952331011,0.0158730864937655,1,0.0,0.0,1.06,7.0,1.5,3.0,0.0006802312668354737,-0.035353011754147956,-0.03015596499317197
2024-06-26,933.7302856445312,44967166,12.550000190734863,74.48507032938852,33.87991872499447,31.651639363646986,0.0,0,0.53,1.0,1.1,5.0,1.56,2.0,-0.0012823314551579923,0.02854413583138915,0.0178981249942618
2024-06-27,933.7302856445312,39729446,12.239999771118164,68.93940820179124,33.222712383103385,31.965853967538266,0.0062499358586221,1,0.77,3.0,1.56,2.0,1.03,5.0,0.004702765421042532,-0.0030705461159098446,-0.002805648411361994
2024-06-28,939.5660400390624,39138210,12.4399995803833,75.91521637981197,32.794730985651654,32.13162937116095,0.0020703072980443,1,1.27,1.0,0.06,1.0,1.47,7.0,0.0033503928761773327,-0.0025571260730578027,-0.005727833559951656
2024-07-01,941.51123046875,19935737,12.220000267028809,75.63794336631717,32.240860683057235,32.153475633540204,-0.0082643144047733,0,0.4,1.0,0.8,4.0,0.82,2.0,-0.0018506650194456409,0.012701774279919142,0.009439047008968915
2024-07-02,933.7302856445312,25427569,12.029999732971191,67.63752113069634,30.81879734680706,31.88653997619358,0.0197915616028174,1,1.41,1.0,0.91,6.0,1.28,5.0,-0.0005534020679501817,-0.008515143927978475,0.000893622914151182
2024-07-03,952.2102661132812,24070411,12.09000015258789,68.75000490252602,30.8276202706503,31.67475603508493,0.0265576344305333,1,1.1,3.0,1.27,6.0,1.31,9.0,0.0005445543450566248,0.019555576013032372,0.012386064511803907
2024-07-05,977.4987182617188,19998094,12.479999542236328,73.07696551305631,33.440843748115526,32.16009794455782,0.0298508198921045,1,0.76,2.0,0.65,1.0,0.64,8.0,0.0014950641568265421,0.019555576013032372,0.012386064511803907
2024-07-08,1006.6778564453124,40146763,12.369999885559082,74.21057464036261,36.12414249364076,32.95290685437441,0.0048309597590794,1,0.36,2.0,1.04,7.0,0.59,1.0,-0.003522176733286364,0.019555576013032372,0.012386064511803907
2024-07-09,1011.5410766601562,46373121,12.510000228881836,68.78985728817557,38.202720131989736,34.00286950989748,0.0048077337906047,1,0.81,5.0,0.85,6.0,1.12,3.0,-0.0034946094601715494,0.01434867449607613,0.019252816980620757
2024-07-10,1016.404296875,46206302,12.850000381469728,69.75314285005969,39.78382593265542,35.15906079444907,0.0334926902242318,1,1.03,3.0,0.76,2.0,0.0,0.0,0.0024079002019752327,-0.011305819187881871,-1.6938888723894152e-06
2024-07-11,1050.4464111328125,41724336,12.920000076293944,79.56990299352671,43.28481735906905,36.784212107373065,-0.0370369531090123,0,0.64,7.0,0.76,5.0,1.19,5.0,0.0011240498501070562,0.03538915820620292,0.024169124927056806
2024-07-12,1011.5410766601562,68983062,12.460000038146973,75.51027203516188,42.43092564281005,37.91355481446047,0.0,0,0.84,4.0,-1.14,1.0,0.87,1.0,0.002442485876554823,-0.03428426882173907,-0.03469870327867741
2024-07-15,1011.5410766601562,38393309,13.119999885559082,74.86917256080092,41.27837884924168,38.58651962141671,0.0144232013718141,1,0.69,3.0,1.31,4.0,1.08,4.0,-0.006140502852808205,0.01544722885150529,0.013251629585919744
2024-07-16,1026.1307373046875,32125609,13.1899995803833,74.86918081745767,41.0688250441666,39.08298070596669,-0.0236968245420001,0,0.18,5.0,0.79,1.0,1.34,4.0,0.004977382227690175,-0.011369300962139617,0.00043635266663399896
2024-07-17,1001.814697265625,54022399,14.479999542236328,66.20370303120276,38.4968828285937,38.9657611304921,-0.0242719327938338,0,0.83,5.0,0.3,3.0,0.86,3.0,0.0007988501995308539,0.004427096725243329,0.004555407660941091
2024-07-18,977.4987182617188,81990095,15.93000030517578,58.297851546071314,34.10338125393196,37.99328515518007,-0.0348257380003008,0,0.29,4.0,1.1,4.0,0.6,4.0,-0.0003284897586730562,-0.0797675833340048,-0.06811126731805828
2024-07-19,943.4566040039062,92507621,16.520000457763672,50.37315416126657,27.55692638992491,35.90601340212904,-0.0319589214181017,0,0.19,1.0,0.64,2.0,1.09,8.0,-0.002226498352794204,0.0039134168716086215,0.0051232107355774215
2024-07-22,913.3047485351562,83062356,14.90999984741211,46.39172100886727,19.70862226945019,32.666535175593275,0.04259861523826,1,0.68,5.0,1.19,1.0,1.97,2.0,0.0045613217759497005,-0.03549201447844519,-0.031134417145359694
2024-07-23,952.2102661132812,47213266,14.720000267028809,50.0,16.438640417538977,29.42095622398242,-0.0561797493534554,0,0.55,2.0,1.46,1.0,1.46,2.0,0.004350571135180781,0.021596366274839296,0.039996870348629754
2024-07-26,898.71533203125,82081735,16.389999389648438,38.123195757431766,9.42195174163396,25.42115532751273,0.0216450048870757,1,0.76,3.0,0.88,2.0,1.16,2.0,-0.001114429733563016,0.0030037157546844995,-0.019642952607553776
2024-07-29,918.1680297851562,40809258,16.600000381469727,41.551267387245815,5.368955571460106,21.410715376302207,-0.0042373115144883,0,1.59,1.0,0.0,0.0,1.44,2.0,-0.002194732292683632,0.010356920215444543,0.01953306499468299
2024-07-30,914.2774658203124,41761392,17.690000534057617,35.82090838317923,1.8219881637699016,17.492969933795745,-0.0063829139541301,0,-0.04,5.0,1.59,3.0,1.34,2.0,0.004748300459719967,-0.011917896003120987,-0.0030392653099498013
2024-07-31,908.4417114257812,39894991,16.360000610351562,34.22620259353732,-1.4432685679017825,13.70572223345624,0.0278373107494811,1,1.12,4.0,1.44,3.0,0.49,5.0,0.0015641212361443557,-0.03418551031423356,-0.03881386783903862
2024-08-01,933.7302856445312,47382270,18.59000015258789,38.095248139622974,-1.9677484790502149,10.57102809095495,-0.059375142377517,0,0.21,3.0,-0.12,2.0,1.24,4.0,-0.0026727836282015582,0.07286144756958257,0.07014718981786072
2024-08-02,878.2899169921875,76144485,23.38999938964844,26.64910928229969,-6.778834814991114,7.101055509765738,-0.0974527832086695,0,0.18,3.0,1.14,2.0,0.84,2.0,-0.005775112476597344,-0.04595890884426679,-0.07138877689711454
2024-08-05,792.6981201171875,144057989,38.56999969482422,23.65343113085612,-17.298788420756864,2.2210867236612173,0.0797545898900533,1,-0.2,5.0,-0.58,8.0,-0.07,7.0,0.004427055244088818,-0.052598442110421195,-0.05182126192169956
2024-08-06,855.91943359375,102930842,27.709999084472656,33.73985839668188,-20.300484462234976,-2.283227513518021,0.0454544352490098,1,0.72,6.0,0.93,4.0,-0.08,4.0,-0.003900105801548759,-0.012745107845784975,-0.01916540245246956
2024-08-07,894.8247680664062,59158704,27.850000381469727,36.943897131855465,-19.317336622699827,-5.690049335354383,-0.0260868960232685,0,0.47,1.0,1.94,1.0,1.31,6.0,0.002764724507885674,0.050287131897877924,0.010647230708761724
2024-08-08,871.4815673828125,38236391,23.790000915527344,37.01550882533716,-20.189059177621857,-8.589851303807878,0.0424107008412875,1,0.65,2.0,0.3,1.0,1.22,1.0,0.003029438503285631,-0.0022525104850363853,-0.030935444913897547
2024-08-09,908.4417114257812,49494621,20.3700008392334,43.2892358733679,-17.693570381866834,-10.41059511941967,0.0064239172652829,1,0.71,5.0,1.16,5.0,0.16,1.0,-0.003905008009258193,0.0613392066810976,0.06862205530920518
2024-08-12,914.2774658203124,38331663,20.709999084472656,46.999992846233816,-15.071248947658887,-11.342725885067514,0.0010639191290615,1,0.0,0.0,0.98,2.0,1.02,3.0,-0.007344664716750882,0.01561823739610757,-0.004346623227274304
2024-08-13,915.2501831054688,25764381,18.1200008392334,50.21278385422231,-12.767375801840672,-11.627655868422146,0.0074387186147486,1,2.06,1.0,0.65,3.0,0.92,2.0,0.0007652887976525857,0.0030518236335024262,0.007298013033550932
2024-08-14,922.0584716796876,36780856,16.190000534057617,46.453075936557774,-10.273738484503042,-11.356872391638326,-0.005274241633319,0,0.31,4.0,1.72,2.0,1.45,3.0,-0.0060429459505582095,0.028097487164946422,0.04184185777074467
2024-08-15,917.1953125,19476402,15.229999542236328,52.45476963549781,-8.590898714774767,-10.803677656265616,0.0275716348242349,1,0.54,1.0,1.65,4.0,1.38,3.0,0.0020472686912957894,-0.013751821926137553,-0.001812909516253458
2024-08-16,942.48388671875,44062316,14.800000190734863,53.18065930233728,-5.1572103681668295,-9.67438419864586,0.004127989899529,1,0.66,3.0,0.87,3.0,0.97,5.0,-0.009596021142668665,0.02347477144182397,0.0486545208438145
2024-08-19,946.3744506835938,21348863,14.649999618530272,54.1984773047966,-2.0978686935075075,-8.15908109761819,0.0,0,1.05,3.0,1.45,6.0,1.14,6.0,0.01398656718686797,0.0033340415389047084,-0.0006049976772242172
2024-08-20,946.3744506835938,24039959,15.880000114440918,55.03875566757655,0.3229587575049208,-6.462673126593568,-0.0154161785839886,0,0.59,3.0,1.16,4.0,0.96,4.0,-0.009462871123850913,0.005213734113068913,0.018629626075866712
2024-08-21,931.7849731445312,29758188,16.270000457763672,49.73403669412418,1.0521050335864857,-4.959717494557558,-0.0073069129422753,0,1.1,4.0,0.86,3.0,1.06,9.0,-0.007001673407422859,-0.019435833430637373,-0.013342654113899233
2024-08-22,924.9765014648438,24349754,17.549999237060547,57.36198462411784,1.0682577365973884,-3.754122448326569,-0.0021030279815359,0,0.32,4.0,1.32,4.0,1.21,2.0,-0.000485705808362491,-0.0034875161896082973,0.013784880354503981
2024-08-23,923.03125,27592153,15.859999656677246,77.9166930313966,0.9135623558738644,-2.820585487486482,0.0010536308274367,1,0.48,2.0,0.12,4.0,0.89,1.0,-0.006270599155635659,-0.02916458892047824,-0.03436459242944556
2024-08-26,924.0037841796876,25057581,16.149999618530273,69.88636809321596,0.8595323784059019,-2.0845619143080056,-0.008420967524806,0,0.88,5.0,0.76,5.0,1.14,1.0,0.010727248962346891,0.029079575511711253,0.027865694769163785
2024-08-27,916.2227783203124,18693037,15.43000030517578,57.63891945410547,0.1866989385774786,-1.6303097437309089,0.0233545265682852,1,0.1,7.0,0.69,5.0,0.79,3.0,-0.008756060974664415,-0.012902946431827322,-0.025111607611870257
2024-08-28,937.6207275390624,31059233,17.110000610351562,73.94370305162764,1.3643815209645709,-1.031371490791813,-0.0217843040785502,0,2.01,1.0,0.7,5.0,0.82,3.0,0.0017163104694757347,0.008753780247172438,0.011040988764363435
2024-08-29,917.1953125,43530708,15.649999618530272,53.59995943679394,0.6421409596506464,-0.6966690007033212,0.0010605345141865,1,0.81,1.0,1.31,3.0,0.88,5.0,-0.0035839014234928523,-0.007915533221124038,-0.018253119909226623
2024-08-30,918.1680297851562,63834981,15.0,51.66667799696383,0.1465608051903473,-0.5280230395245875,0.0042371785646266,1,0.19,1.0,0.91,3.0,0.95,3.0,0.00908661017777379,-0.00029568130870538667,-0.0059906510136722435
2024-09-03,914.2774658203124,19547575,20.719999313354492,46.77421966803946,-0.6168679788697773,-0.4505940709972698,-0.0542552692936396,0,0.13,3.0,0.68,9.0,1.08,3.0,0.004331737370221411,-0.00029568130870538667,-0.0059906510136722435
2024-09-04,864.673095703125,79709021,21.31999969482422,34.11765270437178,-5.102647857052034,-1.3810048282082226,0.0146231288299041,1,0.37,2.0,0.15,2.0,1.24,4.0,-0.00203152061097156,-0.00029568130870538667,-0.0059906510136722435
2024-09-05,877.3173217773438,30512026,19.899999618530273,28.662376848250503,-7.550341717433184,-2.614872206053215,0.0177383877394459,1,1.01,1.0,0.78,3.0,0.91,4.0,0.0015659122730726782,0.002367734135057642,0.002490039431865876
2024-09-06,892.8795166015625,24458336,22.3799991607666,33.72778274722896,-8.14057815520232,-3.720013395883037,-0.0206972645587807,0,0.71,5.0,1.13,1.0,0.6,2.0,-0.0008130132213054475,0.0175917205475129,-0.005959142542587226
2024-09-09,874.3993530273438,35885268,19.450000762939453,30.31910277379085,-9.984445072136282,-4.972899731133686,0.0055617838668411,1,0.21,4.0,0.95,3.0,1.15,1.0,0.0016272898106874933,-0.04202797165443373,-0.04516675253560476
2024-09-10,879.2625732421875,33498628,19.079999923706055,34.83142343943072,-10.927338108753588,-6.163787406657667,-0.0033185851458277,0,1.03,5.0,0.04,3.0,1.36,6.0,0.0005905528468521659,0.0380053260208828,0.02154479369017759
2024-09-11,876.3446655273438,18029342,17.690000534057617,35.6321511597294,-11.774311466731774,-7.285892218672489,0.0479377708545134,1,-0.18,1.0,1.06,2.0,0.84,4.0,0.002563547314850423,-0.0021503451660351836,0.011866137012161326
2024-09-12,918.3546752929688,39454846,17.06999969482422,48.88282272689761,-8.952488544052471,-7.619211483748486,0.0074468027836436,1,0.41,3.0,0.52,3.0,1.0,7.0,0.001557220455938646,0.04802074440171178,0.04903144289825634
2024-09-13,925.1934814453124,25347586,16.559999465942383,50.276455917960725,-6.094090167475201,-7.314187220493829,0.0,0,0.16,3.0,0.96,3.0,1.52,6.0,-0.0015859972927726451,0.010766419558037033,-0.002388915384881618
2024-09-16,925.1934814453124,13626239,17.139999389648438,52.16277813159608,-3.785155938903472,-6.608380964175758,-0.0063357735693218,0,0.93,1.0,0.0,0.0,1.0,6.0,-0.005730778859112329,0.0062414876841854205,0.016750290694631742
2024-09-18,919.3316650390624,28424324,18.229999542236328,45.23355649525914,-2.4006354909324727,-5.766831869527102,0.0201912984246128,1,0.46,3.0,0.6,3.0,1.36,1.0,-0.0023482640189050885,-0.010231710269278382,0.00033808706955174017
2024-09-19,937.8941650390624,32739630,16.329999923706055,55.447370940373034,0.1922296519613837,-4.575019565229405,0.0135415721697218,1,0.7,3.0,0.75,6.0,1.45,3.0,0.0024009018886061995,-0.00041842248865164855,-0.010751014340881992
2024-09-20,950.5947265625,60133709,16.149999618530273,58.03766186021813,3.234636256930685,-3.013088400797387,0.0041110031857112,1,0.53,2.0,1.0,4.0,1.25,4.0,-0.005025171841719578,0.05344341431336086,0.042672872294993835
2024-09-23,954.5026245117188,14497067,15.890000343322754,58.041292851521874,5.893167350711224,-1.231837250495665,0.0102354620508484,1,0.84,10.0,0.42,3.0,0.86,4.0,-0.0003461304571514834,-0.012143841434039016,-0.013142775805211393
2024-09-24,964.2723999023438,26785975,15.390000343322754,62.27029440006232,8.688258781834634,0.7521819559703949,0.0182370139605063,1,0.68,5.0,1.24,7.0,1.12,6.0,0.006956707184216482,0.0039061930976140857,0.005149938140391441
2024-09-25,981.8578491210938,39405222,15.40999984741211,84.12395532927367,12.181961592537164,3.038137883283749,0.009950357309387,1,0.52,5.0,0.91,8.0,1.37,3.0,-0.0017505941198043828,0.04125660887697524,0.013126187777370735
2024-09-26,991.627685546875,38321585,15.369999885559082,83.85366035299353,15.559727536967102,5.54245581402042,-0.0147783308840346,0,1.07,2.0,1.63,3.0,1.54,2.0,-0.007296520762731573,0.0020883441295660443,0.008001177602724896
2024-09-27,976.9730834960938,35783779,16.959999084472656,75.0393912860478,16.85977844052411,7.805920339321159,-0.0430001711155566,0,1.13,4.0,0.67,3.0,1.41,3.0,0.005141959081656822,0.02456793445479466,0.034676918899773757
2024-09-30,934.9630737304688,61603217,16.729999542236328,65.81691403475438,14.334976763254986,9.111731624107923,0.0156740554762937,1,1.16,4.0,1.26,4.0,0.78,1.0,-0.01264795450138878,-0.0474227262534348,-0.017563321632850015
2024-10-01,949.6177368164062,26760355,19.260000228881836,67.48007918284085,13.362527185204383,9.961890736327218,0.0051440569251466,1,0.6,3.0,1.6,2.0,1.05,5.0,0.0036554889324060813,-0.0241613621183262,-0.008466163469955323
2024-10-04,954.5026245117188,40934818,19.209999084472656,69.23075767869705,12.838034628976516,10.537119514857078,0.0286591402756684,1,0.0,0.0,1.1,4.0,0.96,2.0,0.0015742442471626816,0.020932855679169693,0.005100753967045568
2024-10-07,981.8578491210938,39667071,22.63999938964844,66.83933781805729,14.462988183346738,11.322293248555011,0.0049752097361563,1,0.0,0.0,0.0,0.0,1.3,3.0,0.006475584055064321,0.009360503960726518,0.015927129509747617
2024-10-08,986.7427978515624,30845902,21.420000076293945,66.49212210814153,15.960962084120297,12.250027015668069,0.0099009117082831,1,0.0,0.0,1.72,3.0,1.62,5.0,0.01005679869258036,0.018491833495609455,-0.001928240422941263
2024-10-09,996.512451171875,46975717,20.86000061035156,68.1591654762482,17.732042617866796,13.346430136107816,0.0245099180124042,1,0.0,3.0,0.98,4.0,1.29,1.0,-0.006747083567230305,0.008346476145427273,0.013335186186360648
2024-10-11,1020.9368896484376,43058754,20.459999084472656,73.63632852721834,20.86595502143541,14.850335113173337,0.0,0,0.0,0.0,0.6,3.0,1.24,5.0,0.0017874650250226942,-0.007267098218427415,-0.005253755510355673
2024-10-14,1020.9368896484376,36858874,19.700000762939453,71.14424319581471,23.083510835952893,16.49697025772925,0.0239234341063536,1,1.04,3.0,-0.74,1.0,1.71,3.0,-0.0009929871833751491,0.027074885542137883,0.007933599637483413
2024-10-15,1045.3612060546875,42850176,20.63999938964844,72.76992702613919,26.50623067932463,18.498822342048324,-0.0233644756135825,0,-0.09,2.0,1.82,3.0,0.92,1.0,-0.0020343946585824613,0.00733718862341548,0.018041810925232937
2024-10-16,1020.9368896484376,52652149,19.579999923706055,64.52990871109182,26.93740496660359,20.186538866959378,-0.0095694214693223,0,0.81,3.0,1.47,1.0,2.07,1.0,0.0006846983628858716,-0.026429450710936386,-0.05283300941307301
2024-10-17,1011.1671142578124,54173771,19.11000061035156,60.25639279994212,26.18888530334948,21.3870081542374,0.0483091589151951,1,0.69,7.0,1.68,5.0,1.11,5.0,0.0005909743352694452,0.0018703902213625945,0.0020698673960060088
2024-10-18,1060.0157470703125,85011961,18.030000686645508,65.03757694413332,29.20074647184435,22.949755817758792,0.0,0,0.78,8.0,0.97,3.0,1.11,11.0,-0.0011191169434519033,0.09793034671633993,0.009494089562269048
2024-10-21,1060.0157470703125,36491060,18.3700008392334,63.67184449529105,31.22769472098605,24.605343598404247,-0.0092167474756291,0,0.76,6.0,0.43,3.0,1.36,3.0,-0.002084877285687514,-0.02458226839167499,0.0007320264430128454
2024-10-22,1050.245849609375,41197877,18.200000762939453,64.94016348171601,31.680523384016738,26.02037955552675,-0.0139533224061423,0,0.99,3.0,1.12,8.0,1.24,6.0,-0.0008108075314693375,0.005827407301971954,0.001265180336007754
2024-10-23,1035.5914306640625,31423466,19.239999771118164,73.09418145887537,30.505258592930204,26.91735536300744,0.0,0,1.15,4.0,0.94,7.0,0.47,1.0,0.0002808461051442279,-0.01718257108651422,-0.0046977974393184185
2024-10-24,1035.5914306640625,38236996,19.079999923706055,71.15385019707749,29.23682881537877,27.381250053481708,0.0047171206915961,1,0.5,8.0,0.66,6.0,1.37,4.0,-0.0011543711676430535,0.011991077020270247,-0.011431932085699259
2024-10-25,1040.4764404296875,22009575,20.329999923706055,71.15386752519896,28.299548955975183,27.564909833980405,-0.0140848044771781,0,0.97,11.0,1.01,6.0,1.1,3.0,-0.0003123109124840706,-0.014587191300353242,0.005113594516571673
2024-10-28,1025.821533203125,40142324,19.799999237060547,61.53839992746661,26.073658473059027,27.266659561796132,-0.0095236168610095,0,-0.16,4.0,0.03,3.0,0.75,5.0,-0.0006311938616798685,0.02783823612519254,0.010706551349856985
2024-10-29,1016.052001953125,45415773,19.34000015258789,57.499992190794515,23.253255647719357,26.463978778980778,-0.0096154285133486,0,1.06,3.0,0.95,8.0,1.29,4.0,0.0025012638112038577,-0.04305953362782222,-0.00022255784911706655
2024-10-30,1006.2822265625,38201984,20.350000381469727,52.50000624736049,19.999188666246937,25.17102075643401,-0.0048543306551711,0,0.28,2.0,0.0,0.0,1.05,2.0,-0.0015593671303683054,0.011609014360933978,0.02312118798894458
2024-11-01,1001.3973999023438,54480255,21.8799991607666,44.44444444444444,16.83212222449697,23.503241050046604,0.0146341522878032,1,-0.39,1.0,0.0,0.0,0.74,1.0,-0.004296436667535208,-0.020259250572516208,-0.04011654722773972
2024-11-04,1016.052001953125,26747978,21.979999542236328,48.71794461054248,15.328011389860649,21.868195118009417,0.0096151882297563,1,0.57,3.0,0.44,3.0,0.6,4.0,-8.469656393517155e-05,0.012648256455744855,0.011053757675494102
2024-11-05,1025.821533203125,32385622,20.489999771118164,44.44438659841761,14.754234608993327,20.4454030162062,0.0095239738538448,1,0.01,3.0,0.38,2.0,1.52,3.0,0.0018830568818823945,-0.007203968713677011,-0.005484466406044608
2024-11-06,1035.5914306640625,55349259,16.270000457763672,54.545430450938504,14.915920009938532,19.339506414952663,0.0047171206915961,1,0.0,0.0,0.96,6.0,0.54,2.0,-0.0003382976410999383,0.021925306539454237,0.01685365462907118
2024-11-07,1040.4764404296875,43975446,15.199999809265137,59.37502196337329,15.262302000416184,18.52406553204537,0.0234740484136777,1,1.11,3.0,1.11,4.0,1.21,3.0,-0.0028108766924117567,-0.01297512435596837,0.031187237146611757
2024-11-08,1064.900634765625,37099479,14.9399995803833,51.85185699371376,17.308123313196575,18.280877088275613,-0.0045871769964599,0,1.09,4.0,0.66,6.0,0.22,4.0,0.016098729025626257,0.0412484320605464,0.022705172042057464
2024-11-11,1060.0157470703125,34690205,14.970000267028809,50.0,18.324053547649783,18.289512380150448,-0.0322582131083373,0,0.72,6.0,-0.23,3.0,1.36,3.0,-0.00929648605804334,4.96432682683956e-05,-0.00814966149799179
2024-11-12,1025.821533203125,51099848,14.710000038146973,42.42425733989521,16.183445604637768,17.868299025047914,-0.014285544289126,0,0.34,4.0,1.45,4.0,0.7,4.0,0.00627458984621776,-0.035536707170830684,-0.025352873123497655
2024-11-13,1011.1671142578124,42331232,14.020000457763672,42.42425733989521,13.152890911715758,16.925217402381485,0.0,0,-0.55,3.0,0.9,2.0,0.5,7.0,0.004336932611868294,-0.011749562025046068,-0.009260354382414016
2024-11-14,1011.1671142578124,44627940,14.3100004196167,42.42425733989521,10.628634204592233,15.665900762823634,0.0,0,0.27,3.0,0.76,3.0,0.75,5.0,0.001235439255507842,-0.026646499161174564,-0.02003470491503223
2024-11-15,1011.1671142578124,34791611,16.139999389648438,40.62496339432067,8.529816166765045,14.238683843611916,-0.0096618197108196,0,0.81,5.0,1.44,2.0,1.04,7.0,-0.00020971256315938103,0.009857483917506515,-0.00033961182816699687
2024-11-18,1001.3973999023438,31815076,15.579999923706056,41.93553587831549,6.008886745048017,12.592724423899137,0.0146341522878032,1,0.88,2.0,0.36,3.0,0.98,1.0,0.003986669276656585,-0.01320968115723864,-0.03416863426151773
2024-11-19,1016.052001953125,24349599,16.350000381469727,50.0,5.134350333280167,11.101049605775344,-0.0144230826991248,0,0.5,3.0,1.53,2.0,0.93,4.0,-0.0023173876056459264,0.007902973710058658,0.011415982233701438
2024-11-20,1001.3973999023438,40203197,17.15999984741211,48.48485995844927,3.2216330341601633,9.525166291452308,-0.0146341522878034,0,0.5,4.0,1.52,2.0,1.24,3.0,-0.0006007286302424086,0.011681101425242257,0.006216315473490885
2024-11-21,986.7427978515624,41429227,16.8700008392334,45.71428367432689,0.5173234990703577,7.723597732975918,0.0297029825455807,1,-0.21,1.0,1.43,4.0,1.22,4.0,-0.0036001887929690835,-0.006906706678347807,-0.007096771631971643
2024-11-22,1016.052001953125,25187973,15.239999771118164,50.0,0.7307232104600416,6.325022828472743,-0.0096154285133486,0,1.11,2.0,1.21,2.0,0.75,5.0,0.004516555234781006,0.015289940969152482,0.016133450312228126
2024-11-25,1006.2822265625,49566674,14.600000381469728,44.73689056128303,0.1102340846845209,5.0820650797150995,-0.0194174439289114,0,0.61,1.0,0.96,2.0,1.3,2.0,0.0010408579018676978,-0.006065636395998553,-0.0014607953345848745
2024-11-26,986.7427978515624,27312402,14.100000381469728,37.500007809215255,-1.9358612139857312,3.6784798209749336,-0.0099009735634659,0,0.2,5.0,0.57,9.0,1.63,5.0,0.00194435698150075,-0.026304764010921855,0.0064813185466288115
2024-11-27,976.9730834960938,31276090,14.100000381469728,34.14630504206009,-4.296216667636713,2.0835405232526045,0.0049998978554453,1,0.73,4.0,1.13,7.0,0.13,4.0,-0.007261611146034852,-0.006699821984756493,-0.012101209367162413
2024-11-29,973.0651245117188,40094983,13.510000228881836,26.45500284437516,-7.448461733930685,-1.0693256693056972,0.0391566697709089,1,0.6,9.0,0.82,2.0,1.15,7.0,0.0003024211586037939,-0.006699821984756493,-0.012101209367162413
2024-12-02,1011.1671142578124,31168404,13.34000015258789,46.11403123173126,-5.688598680786072,-1.993180271601772,0.0193236394216393,1,-0.09,1.0,0.82,3.0,1.21,3.0,0.0024526484448965657,-0.006699821984756493,-0.012101209367162413
2024-12-03,1030.70654296875,43414538,13.300000190734863,55.05049963241442,-2.6862603951901747,-2.131796296319453,0.0142180751503988,1,1.02,2.0,1.14,1.0,1.36,4.0,-0.00170188817196526,0.052745482060807314,0.026135835977558974
2024-12-04,1045.3612060546875,33466290,13.449999809265137,58.21597263121833,0.8656445521770593,-1.5323081266201504,0.0046726849307165,1,0.92,2.0,1.47,2.0,-0.04,2.0,0.004701136177487131,0.02309685837142883,-0.0038494025332032056
2024-12-05,1050.245849609375,31425359,13.539999961853027,59.1742795880855,4.028269343768329,-0.4201926325424545,-0.0093020212203848,0,0.89,3.0,0.78,4.0,0.4,1.0,-0.0039120209053116195,0.009050230334940235,0.017061618910701126
2024-12-06,1040.4764404296875,30765288,12.770000457763672,59.174364378182624,5.680876988444197,0.8000212916548759,0.0093893612580531,1,1.19,1.0,1.19,1.0,1.26,4.0,-0.004651336042930887,0.01798780601246741,-0.0186282253378528
2024-12-09,1050.245849609375,22247131,14.1899995803833,58.21594770720399,7.690241807143252,2.1780653947525512,-0.0093020212203848,0,0.85,2.0,2.16,2.0,0.58,2.0,0.0003032821885522452,-0.006265147435995599,0.006949286798550558
2024-12-10,1040.4764404296875,28506584,14.18000030517578,59.61547183423696,8.397566311081619,3.421965578018365,-0.0187794264454279,0,0.28,2.0,0.65,1.0,0.63,4.0,0.0020171769247800952,-0.018963749754978942,-0.008389141638710296
2024-12-11,1020.9368896484376,25264194,13.579999923706056,58.21601600744293,7.297328565964221,4.197038175607537,0.01825117788394,1,0.91,6.0,1.13,3.0,0.96,1.0,-0.0005310753893845721,-0.036300550294268485,-0.024734729997828442
2024-12-12,1039.5701904296875,22791260,13.920000076293944,55.956438398516,7.838575653439648,4.925345671173959,0.0047171500673015,1,0.57,3.0,0.91,7.0,1.59,2.0,0.00472647811741278,0.01385843117446317,0.027192596903578448
2024-12-13,1044.4739990234375,20423659,13.8100004196167,59.91724927538438,8.564488152205854,5.653174167380339,0.0187791940260375,1,0.7,3.0,1.18,5.0,1.37,5.0,-0.001168319802240636,-0.013011296405716744,-0.00907153527448068
2024-12-16,1064.08837890625,39722392,14.6899995803833,70.07649546705264,10.600301888019658,6.642599711508203,-0.0092165755880569,0,-0.24,3.0,1.34,4.0,1.42,2.0,-0.0006095614844506825,0.04977541154300846,0.033637786941277614
2024-12-17,1054.2811279296875,37880707,15.869999885559082,70.06284255401111,11.2921666813329,7.572513105473143,0.0093023110409091,1,0.44,10.0,1.17,4.0,1.66,4.0,0.0009948574552680611,0.006119623426307008,0.02063782877548337
2024-12-18,1064.08837890625,41863190,27.6200008392334,70.8086661936342,12.487885139394391,8.555587512257393,-0.0138248060229813,0,0.82,8.0,-0.25,3.0,1.06,3.0,-0.002501633362811728,-0.007714334422490143,-0.016413438691629256
2024-12-19,1049.3775634765625,42702851,24.09000015258789,68.74949576079162,12.108877171810718,9.266245444168058,-0.0327102852660634,0,0.83,4.0,0.71,7.0,1.04,8.0,0.0003948023999278405,-0.02541618241310606,-0.03845611854476838
2024-12-20,1015.0521240234376,52030520,18.36000061035156,50.97257144393824,8.935729010955129,9.200142157525471,0.0434782504121615,1,0.43,2.0,1.07,3.0,0.59,3.0,0.007653556048109023,-0.0047044898398086454,-0.015592451776015981
2024-12-23,1059.184814453125,30728473,16.780000686645508,56.34763169837934,9.868369101417102,9.3337875463038,0.0,0,0.71,8.0,1.28,5.0,1.96,1.0,-0.0014688883539788478,0.013204000424190454,0.014599034686988643
2024-12-24,1059.184814453125,26461906,14.270000457763672,53.29655710455608,10.486609980252751,9.564352033093591,0.0046295645351153,1,0.09,1.0,0.55,3.0,1.26,3.0,-0.00042905113412716744,0.051467944651014674,0.030985423483714136
2024-12-26,1064.08837890625,14374900,14.729999542236328,55.905439211488655,11.706865455430489,10.261382191475164,0.0046083451531326,1,0.06,5.0,1.17,2.0,0.76,6.0,0.00018390283940372676,0.051467944651014674,0.030985423483714136
2024-12-27,1068.9920654296875,24948385,15.949999809265137,54.80546155824763,12.328333706675949,10.674772494515322,0.0,0,0.1,3.0,0.37,2.0,1.39,9.0,0.0028792111504165607,0.051467944651014674,0.030985423483714136
2024-12-30,1068.9920654296875,23954634,17.399999618530273,57.69520657149558,12.674745200310554,11.07476703567437,-0.0137615029856061,0,0.38,3.0,1.21,5.0,1.17,3.0,0.00041578320025936755,-0.007042277723312229,-0.010113373528816583
2024-12-31,1054.2811279296875,28397820,17.350000381469727,59.23903043553555,11.6281865961746,11.185450947774417,-0.0093021952555562,0,1.23,1.0,0.91,6.0,1.34,6.0,0.0026587407296438936,-0.006149885253519782,-0.01882900840205104
2025-01-02,1044.4739990234375,43177098,17.93000030517578,51.42862426456363,9.893383257436652,10.927037409706864,0.0093895385767568,1,0.65,5.0,0.87,5.0,1.04,5.0,-0.0014782773801352844,-0.014471650002124359,-0.009266785904266217
2025-01-03,1054.2811279296875,30415096,16.1299991607666,52.777747044538,9.203796813540066,10.582389290473506,0.0465116709898987,1,0.74,5.0,0.85,5.0,1.38,6.0,0.001251537494249222,0.020709793393634435,0.008347471300082843
2025-01-06,1103.3175048828125,69289786,16.040000915527344,59.523839159392615,12.470369734798624,10.95998537933853,0.0044443819946877,1,0.47,3.0,0.61,3.0,1.66,2.0,0.0020975544231986998,0.03487453381094818,0.028308254972368774
2025-01-07,1108.2210693359375,48758688,17.81999969482422,63.41465339801699,15.278705572674426,11.82372941800571,-0.0221240249127971,0,0.83,4.0,0.56,9.0,1.12,4.0,0.0012929662335154912,0.05464734156727591,0.028369513260089407
2025-01-08,1083.7027587890625,45211419,17.700000762939453,54.545423685278045,15.348975765872863,12.52877868757914,-0.0045245989019895,0,0.77,5.0,0.66,7.0,1.91,2.0,-0.005362688493261603,-0.03904368698369198,-0.018434567487561337
2025-01-10,1078.7994384765625,22021522,19.540000915527344,68.5715017290603,14.268507882522044,13.246194432344195,-0.0227274038828744,0,0.77,2.0,1.11,3.0,0.75,3.0,0.005983308797275377,-0.03904368698369198,-0.018434567487561337
2025-01-13,1054.2811279296875,56690300,19.190000534057617,48.38707605086387,11.70387084894196,12.93772971566375,0.0139535244540403,1,0.47,3.0,0.46,5.0,1.16,4.0,-0.0027125588031043923,-0.03904368698369198,-0.018434567487561337
2025-01-14,1068.9920654296875,28695247,18.709999084472656,52.94117647058823,10.734684473927018,12.497120667316404,-0.0229356860533803,0,0.23,3.0,0.86,4.0,1.12,4.0,0.008080683673291622,-0.03364202150276108,-0.003460104980847145
2025-01-15,1044.4739990234375,35489482,16.1200008392334,44.736874860381306,7.897160683614175,11.57712867057596,0.0375583880520751,1,1.26,3.0,1.18,10.0,0.75,5.0,-0.0012629097569892833,0.0004469245001808009,0.005161344540757673
2025-01-16,1083.7027587890625,47542962,16.600000381469727,54.34780373419574,8.713393129104134,11.004381562281594,0.0135750357666117,1,1.14,3.0,1.09,6.0,1.28,14.0,-0.0030888493404357398,0.026557534319022524,0.021347758577277887
2025-01-17,1098.4140625,59214050,15.970000267028809,56.25004862085329,10.427144849615615,10.888934219748398,0.0,0,0.04,2.0,0.69,3.0,1.35,11.0,-0.004746202771525931,0.03863627705682249,0.0018026065315257522
2025-01-21,1098.4140625,21904213,15.0600004196167,60.00006638368776,12.477085873136502,11.328495068865044,0.0133927777619722,1,0.73,4.0,1.64,3.0,1.58,3.0,0.002040049502909147,0.03863627705682249,0.0018026065315257522
2025-01-22,1113.1248779296875,42960405,15.100000381469728,65.21741012769476,14.15562751032553,11.893921557157142,-0.0572687896183663,0,0.49,5.0,0.57,3.0,1.16,3.0,-0.018049163113836197,0.03863627705682249,0.0018026065315257522
2025-02-03,1049.3775634765625,97946226,18.6200008392334,49.122819276750626,10.224150688383132,11.55996738340234,0.0233645060938165,1,0.42,6.0,0.76,2.0,0.98,5.0,0.006893228711458477,0.005621013348472426,-0.0029181195871885723
2025-02-04,1073.895751953125,53308108,17.209999084472656,44.23077751644551,8.9832861543548,11.044631137592834,0.0136986643938621,1,0.73,3.0,0.85,3.0,1.28,2.0,-0.003354747105550504,-0.045480593893083454,-0.01815047046661944
2025-02-05,1088.606689453125,40385340,15.770000457763672,46.29632617573856,9.082247289753012,10.65215436802487,0.0045043287261772,1,1.24,4.0,-0.49,3.0,1.46,2.0,0.004843438559004598,0.02127121371860241,0.010514067454417741
2025-02-06,1093.5101318359375,29971252,15.5,52.0000238981223,9.4474373461469,10.411210963649276,0.0089687079811588,1,0.39,3.0,0.02,3.0,0.54,2.0,-0.002891986256126744,0.022151499248922013,0.023090140007079984
2025-02-07,1103.3175048828125,27883220,16.540000915527344,54.90193781422366,10.40824635308786,10.410618041536994,-0.0177779705360818,0,0.91,6.0,0.48,2.0,0.0,0.0,-0.0021221627178528157,0.009253399769904913,0.00021405160561727143
2025-02-10,1083.7027587890625,28527108,15.8100004196167,50.90903165769283,9.477695358419396,10.224033504913477,0.0045251621113728,1,0.06,1.0,0.9,1.0,0.37,4.0,-0.0007860262820782449,-0.02080756346662327,-0.016347281551089443
2025-02-11,1088.606689453125,18898928,16.020000457763672,56.86275658306744,9.031820012625303,9.98559080645584,-0.0090089938557049,0,0.08,4.0,1.23,4.0,0.83,3.0,0.0009726337705842081,0.008878332224206309,0.014638671044946427
2025-02-12,1078.7994384765625,24172954,15.890000343322754,52.00001792353818,7.7972159457087855,9.54791583430643,-0.0090910068146907,0,0.18,5.0,1.47,6.0,0.92,5.0,0.0011422745347031693,0.0037990224501180947,-0.0005311592278757216
2025-02-13,1068.9920654296875,33210403,15.100000381469728,55.31911174763853,5.958721850274742,8.830077037500093,-0.0275230059712123,0,0.72,4.0,0.98,10.0,1.49,4.0,-0.0018895087172872138,-0.011306014384204754,0.0021298991453009286
2025-02-14,1039.5701904296875,64486940,14.770000457763672,40.00007744716443,2.103356426783421,7.4847329153567586,0.0235849283697027,1,0.79,4.0,0.83,4.0,0.83,6.0,0.0016004999541816556,-0.022046663660955867,0.012886034810488889
2025-02-18,1078.7994384765625,21616188,15.350000381469728,45.99999502124683,1.3236756211376814,5.217311069133931,-0.0090910068146907,0,0.73,5.0,0.0,3.0,1.41,5.0,0.0015391983887540484,-0.022046663660955867,0.012886034810488889
2025-02-19,1068.9920654296875,26400293,15.270000457763672,44.23075173885299,0.7683364462100144,4.327516144549148,-0.0091742972597466,0,1.08,4.0,0.91,9.0,1.0,9.0,0.0012581943498035653,-0.022046663660955867,0.012886034810488889
2025-02-20,1059.184814453125,29643124,15.65999984741211,39.21571020160521,-0.4578591271053938,3.3704410902182396,0.0138889241039539,1,0.79,7.0,1.2,5.0,0.77,5.0,0.0004493902906270719,-0.008829227606468315,0.011781960596474628
2025-02-21,1073.895751953125,28972910,18.209999084472656,56.09753728139813,-0.2398138170010497,2.648390108774382,-0.0182649237486635,0,0.82,2.0,0.76,4.0,1.2,7.0,0.0007610438798688612,-0.004229788922659017,0.0001770237841800526
2025-02-24,1054.2811279296875,30822970,18.979999542236328,45.000003111714925,-1.6309470281391896,1.7925226813916677,-0.0186045062964653,0,0.66,4.0,0.95,5.0,1.1,3.0,-0.0016155224353523456,-0.009295400590620173,-0.03277201441316202
2025-02-25,1034.666748046875,45158522,19.43000030517578,36.58542805100182,-4.2669597964275,0.5806261858278342,0.004739151414761,1,-0.07,2.0,1.22,2.0,2.06,1.0,0.0024378228572174976,-0.0332424608129368,-0.025902361047843825
2025-02-26,1039.5701904296875,36768449,19.100000381469727,36.58542805100182,-5.892427845928296,-0.7139846205233918,-0.0188678957262306,0,1.12,6.0,1.12,4.0,1.55,4.0,-0.002236579215236012,-0.011896829036215473,-0.022915806679840944
2025-02-27,1019.9556884765624,55283596,21.1299991607666,30.232611993006586,-8.663482139137841,-2.3038841242462818,-0.0192307393102751,0,0.88,3.0,0.83,3.0,1.24,6.0,0.002403748003681816,0.027723528606328873,0.020851390062708086
2025-03-03,1000.3411865234376,65621663,22.780000686645508,30.232646997866084,-12.300496545871738,-4.303206608571373,-0.0196077510175666,0,0.44,5.0,0.77,6.0,0.0,0.0,0.004622788151135149,-0.0030923442855643746,0.017069397770310024
2025-03-04,980.7267456054688,64569262,23.510000228881836,26.086961227569503,-16.57451740447982,-6.757468767753063,0.0199999041586853,1,0.82,6.0,1.13,6.0,0.86,3.0,0.00010029005274558855,-0.041876658722124094,-0.040148923860596875
2025-03-05,1000.3411865234376,41994320,21.93000030517578,33.333307402238475,-18.169541110451977,-9.039883236292846,-0.0147059200382682,0,0.73,5.0,1.33,3.0,0.5,4.0,-0.0004892272620616867,0.04064293363305049,0.006368806826804185
2025-03-06,985.6302490234376,45187017,24.8700008392334,32.65304515390247,-20.385665340367837,-11.309039657107844,0.0,0,0.72,7.0,1.07,7.0,0.34,4.0,-0.0028611765666530786,0.023777757100493346,0.02090999440511143
2025-03-07,985.6302490234376,40822280,23.3700008392334,37.20929895972577,-21.88962973314676,-13.42515767231563,-0.0069651385763912,0,-0.03,5.0,0.31,2.0,0.24,2.0,0.00019216094991714172,-0.04574563152664324,-0.04529875608924616
2025-03-10,978.7651977539062,46849886,27.86000061035156,27.91876761407667,-23.36613436171808,-15.41335301019612,-0.0270541027802976,0,1.13,2.0,0.46,6.0,0.45,3.0,0.0017315585352613017,0.007108265167225403,0.03158299475460935
2025-03-11,952.2855834960938,50204233,26.920000076293945,19.138671207916744,-26.368993149834864,-17.60448103812387,0.0175077346230962,1,0.33,4.0,0.49,4.0,1.54,1.0,-0.0009403841713142569,-0.03642007513525902,-0.048492416731706234
2025-03-12,968.9579467773438,34184887,24.229999542236328,26.388836466344685,-27.091169851423956,-19.501818800783887,-0.0232794031674274,0,1.2,2.0,0.17,2.0,1.5,6.0,0.0012063354165599005,0.0018752232706165106,-0.00704185853899475
2025-03-13,946.4011840820312,37035693,24.65999984741211,24.89076988175671,-29.14764640128169,-21.43098432088345,-0.0062175940582891,0,0.82,6.0,0.93,2.0,1.18,1.0,6.697012528866786e-05,0.0362636192433361,0.024450957485938618
2025-03-14,940.516845703125,34333748,21.770000457763672,19.090823710990833,-30.896084977393116,-23.324004452185385,0.0114703154458426,1,1.36,3.0,1.0,2.0,0.93,1.0,0.0011408531144070366,-0.03149516493219984,-0.006199433395782106
2025-03-17,951.3048706054688,31491061,20.510000228881836,25.118430432867996,-31.053268941083843,-24.869857349965077,0.0056965212577118,1,1.23,1.0,0.55,5.0,0.65,3.0,0.0018871601352579148,0.014569569702105989,0.032684022650291134
2025-03-18,956.7239990234376,21575327,21.700000762939453,29.780081904812576,-30.390240218996837,-25.97393392377143,-0.0195673789659256,0,0.19,2.0,1.19,6.0,0.98,2.0,-0.0012860909638311435,0.012350073633661696,0.014173331512768339
2025-03-19,938.00341796875,35245036,19.899999618530273,25.41407225121978,-31.017825432903805,-26.982712225597908,0.0346638081321957,1,0.11,4.0,0.82,4.0,0.6,6.0,0.0009233778296404704,-0.013819017211868179,-0.016067947743103383
2025-03-20,970.5181884765624,28715956,19.799999237060547,38.73629903630877,-28.562272891234443,-27.298624358725217,-0.0131979998704481,0,0.78,1.0,1.22,3.0,0.78,8.0,0.000691720867479928,0.003638744198272592,0.009914949810780227
2025-03-21,957.7092895507812,39214916,19.280000686645508,39.976010656572655,-27.3347034593196,-27.305840178844093,0.0,0,0.58,3.0,1.21,3.0,0.78,1.0,0.0007308017918177256,0.02135146906368024,-0.0071549152785587156
2025-03-24,957.7092895507812,16121506,17.479999542236328,44.03800695864651,-26.061425944750113,-27.0569573320253,0.0185185126175593,1,0.07,3.0,1.0,3.0,0.54,2.0,-0.0004847648711218122,-0.004169776691850036,-0.009436302833543797
2025-03-25,975.4446411132812,26167428,17.149999618530273,43.48789248177702,-23.352061659748415,-26.315978197569923,-0.0101009374167992,0,0.45,3.0,1.14,2.0,1.04,6.0,-0.00037294347691796403,0.02506651599701093,0.02989721556663638
2025-03-26,965.5917358398438,21735917,18.329999923706055,44.62191335525995,-21.74920673849988,-25.402623905755917,-0.0224490060368811,0,0.45,5.0,0.24,2.0,1.28,1.0,0.001100854006351959,-0.0014352038422634772,-0.007004437284339082
2025-03-27,943.9151611328124,34563256,18.690000534057617,39.97109863910041,-21.97473996214535,-24.717047117033804,-0.0062630026590183,0,1.77,1.0,-0.48,1.0,0.95,11.0,0.0010299623953369252,-0.040906635054942075,-0.03273728466282244
2025-03-28,938.00341796875,33101234,21.649999618530273,40.15516094100151,-22.37260744148341,-24.248159181923725,-0.044117650886425,0,-0.42,1.0,1.15,1.0,0.6,5.0,0.001307340140583202,-0.030316909155225558,-0.02073533393257454
2025-03-31,896.6209106445312,51064611,22.280000686645508,37.458615259287534,-25.7305371626519,-24.54463477806936,0.0373625694398258,1,0.26,6.0,0.78,8.0,1.26,12.0,0.0006920720797163327,-0.01777237999325676,-0.029520376818979677
2025-04-01,930.1209716796876,32197752,21.770000457763672,41.86665821340914,-25.395798745803972,-24.714867571616285,-0.0021185631541805,0,0.97,1.0,0.97,4.0,1.22,2.0,0.0022469010496022346,0.004538702223947366,-0.0033792961674189437
2025-04-02,928.1504516601562,24849656,21.510000228881836,45.81722583399498,-25.001320970677057,-24.77215825142844,-0.0997877465086874,0,0.29,3.0,0.74,2.0,0.81,4.0,0.001606192017939545,0.015903579073027307,0.0028169961013468914
2025-04-07,835.5324096679688,23820773,46.97999954223633,32.78374174026172,-31.795675682183173,-26.176861737579387,-0.0377357953032584,0,0.03,5.0,-0.51,5.0,-0.41,6.0,-0.006956769059006995,-0.06722580196810446,-0.07602814650155743
2025-04-08,804.0029296875,116648736,52.33000183105469,27.38274078565479,-39.27171637274898,-28.795832664613307,-0.0379902987857387,0,0.17,11.0,0.4,2.0,0.39,2.0,0.0039779856690886906,-0.004291598451265699,0.02704258919388991
2025-04-09,773.4586181640625,107582838,33.619998931884766,23.8763858230093,-47.11805553819306,-32.46027723932926,0.0993631329195083,1,0.34,5.0,0.25,6.0,0.06,6.0,-0.005500181172965579,-0.03283844153417548,-0.03572714421307854
2025-04-10,850.3118896484375,19416428,40.720001220703125,39.2771015638434,-46.59776906178797,-35.287775603821004,0.0301273874834817,1,0.47,4.0,1.02,5.0,1.49,1.0,0.003050360677505859,0.12293980022245576,0.18734816328191917
2025-04-11,875.9295654296875,76103586,37.560001373291016,38.23528518657413,-43.61553322380064,-36.953327127816934,-0.0269965710256193,0,-0.47,2.0,1.66,1.0,0.66,4.0,-0.01489084234874749,-0.047999914368232144,-0.07969604437323252
2025-04-14,852.282470703125,66326054,30.88999938964844,37.23150170987038,-42.66835847736763,-38.09633339772708,0.0138728036416457,1,0.28,6.0,1.49,7.0,0.99,5.0,0.006081981557515048,0.03937000308485317,0.025068669840898172
2025-04-15,864.1060180664062,30562095,30.1200008392334,38.97911372756436,-40.496831937907814,-38.57643310576323,-0.0250854793493744,0,0.37,3.0,0.33,3.0,0.51,5.0,-0.012941415741642648,-0.007894120384475345,0.00308704018162409
2025-04-16,842.4295043945312,42128082,32.63999938964844,34.48275567439049,-40.063171700612656,-38.87378082473312,-0.0093567298068121,0,0.43,3.0,-1.41,2.0,1.16,2.0,-0.0001606647441906306,0.00956118658830829,0.0046637262033144555
2025-04-17,834.547119140625,33684502,29.649999618530273,34.642023345746836,-39.89564331044392,-39.07815332187528,0.0035418869878491,1,0.53,6.0,1.27,5.0,1.08,10.0,0.0045493231013253865,-0.03597545636869959,-0.040955862816407396
2025-04-21,822.7235717773438,18415705,33.81999969482422,36.1702034184492,-39.16385619036589,-39.09462002715292,-0.0227544739594627,0,0.45,5.0,1.17,3.0,0.24,5.0,-0.0038519004653240208,0.00046158981023181056,-0.00640364611156885
2025-04-22,804.0029296875,28888527,30.56999969482422,38.249993069797746,-40.28137486255059,-39.33197099423246,0.0698528875900492,1,-0.29,1.0,1.0,4.0,1.13,5.0,-0.0038519004653240208,-0.025570070691850466,-0.02102040177994402
2025-04-23,860.1648559570312,37863656,28.450000762939453,41.60756296921668,-36.21772301028193,-38.70912139744235,-0.0103092746929118,0,0.81,1.0,1.19,4.0,1.3,3.0,-0.0038519004653240208,0.02394154626539091,0.021359824355082768
2025-04-24,851.2971801757812,32238198,26.469999313354492,40.930223244474064,-33.328605547204916,-37.63301822739487,0.0277777200221427,1,1.09,1.0,1.08,4.0,1.19,7.0,0.004099782822633236,0.04233833631116268,0.039631495181885246
2025-04-25,874.9442749023438,34640282,24.84000015258789,55.555553643643535,-28.7988608837328,-35.86618675866246,0.0101351320713993,1,-0.16,1.0,1.12,2.0,1.05,4.0,-0.0012526095055448438,0.040364885028560504,0.05629380708678977
2025-04-28,883.8119506835938,21830091,25.149999618530273,62.01779815437848,-24.21433054793567,-33.535815516517104,0.0055742340926945,1,0.47,5.0,1.45,1.0,0.71,5.0,-0.002987707483269153,0.005603653044339962,0.010317956765157454
2025-04-29,888.738525390625,24362874,24.170000076293945,68.81031513556601,-19.953512153825045,-30.819354843978697,0.0066518362771144,1,-1.38,1.0,1.25,4.0,0.88,4.0,0.0025712712450653985,-0.010296863951881563,-0.003760868613991275
2025-04-30,894.6502685546875,35405654,24.700000762939453,59.41423461717899,-15.91628162508016,-27.838740200198988,0.0462555132197886,1,0.45,3.0,0.0,0.0,0.96,2.0,-0.002862987748134538,0.006609455060300196,-0.009176960188136518
2025-05-02,936.0327758789062,43873135,22.68000030517578,61.96080593884451,-9.27065847128165,-24.12512385441552,-0.0126314875213884,0,0.76,4.0,1.4,4.0,1.46,5.0,-0.008963004576923672,0.036175082472634124,0.00415364995756784
2025-05-05,924.2092895507812,52770209,23.63999938964844,65.02061169483935,-4.901509229138469,-20.280400929360113,-0.0191898229093506,0,0.55,8.0,1.21,5.0,1.0,4.0,0.00248493598366184,0.037980491370192215,0.035169868337439514
2025-05-06,906.473876953125,37538894,24.760000228881836,58.63455693591927,-2.8373196970259187,-16.791784682893276,0.0086956562724132,1,0.74,5.0,1.74,2.0,-0.3,2.0,-0.043825255887390946,-0.016064377452381873,-0.009294784167029557
2025-05-07,914.3562622070312,36907620,23.549999237060547,65.53193115828375,-0.558948793241143,-13.54521750496285,-0.0107758504161289,0,-0.19,3.0,0.85,4.0,0.37,3.0,-0.0502958895994855,-0.02335591943265669,-0.010325555567885392
2025-05-08,904.5032958984376,27985917,22.479999542236328,64.9789226945913,0.4464778081069198,-10.746878442348896,0.0337690195178179,1,0.67,4.0,0.96,8.0,0.98,6.0,0.028038417507629143,0.013118146438968248,0.01743358335585299
2025-05-09,935.0474853515624,36383573,21.899999618530273,68.6792632779973,3.6656906537643863,-7.86436462312624,0.0084298651589724,1,0.27,5.0,1.67,1.0,1.16,7.0,0.013780265518076762,0.003895930448007734,0.010049352880049822
2025-05-12,942.9298095703124,23402547,18.38999938964844,73.64341364458053,6.774881104094106,-4.93651547768217,0.0125392243181128,1,1.16,2.0,1.33,9.0,1.13,3.0,-0.004004524059058268,0.007419376566421665,0.00813915978337465
2025-05-13,954.75341796875,38047856,18.219999313354492,80.47809433552489,10.076843738226671,-1.9338436345004024,0.0309597204571083,1,0.9,6.0,1.56,5.0,0.82,7.0,-0.0007465812307537734,0.05925664100321981,0.07039744224364708
2025-05-14,984.3123168945312,40475123,18.6200008392334,78.12500691360975,14.906990517017109,1.4343231958030995,-0.0060059007973783,0,1.11,4.0,0.86,7.0,1.26,2.0,0.004850160725067942,0.037490725178860096,0.03146248038446209
2025-05-15,978.400634765625,24662270,17.829999923706055,79.18556462632704,18.049826136646516,4.757423783971783,0.0050352099760226,1,0.35,6.0,1.37,7.0,1.41,5.0,0.0010495309053717428,0.0039691681541225154,0.005957776720509678
2025-05-16,983.3270874023438,16878650,17.239999771118164,77.2277704417116,20.699459084451743,7.945830844067776,-0.0140280163077869,0,1.04,6.0,0.91,2.0,1.36,2.0,-0.002803567472373425,-0.0027725254506414387,-0.005700730591584824
2025-05-19,969.532958984375,19906139,18.13999938964844,71.01454653295511,21.4391047499945,10.64448562525312,-0.0060975794009227,0,0.43,3.0,0.68,5.0,1.07,7.0,-0.005692240792755765,0.0,-0.0020801535747894118
2025-05-20,963.6211547851562,20897857,18.09000015258789,68.26926141005187,21.30268201907188,12.776124904016871,0.0122698492757364,1,0.92,3.0,1.33,6.0,0.91,3.0,0.001180119416830605,-0.0037072434175551283,-0.004973392079574257
2025-05-21,975.4446411132812,26248757,20.8700008392334,69.15890339345474,21.89621660057469,14.600143243328436,-0.0080807499334394,0,1.09,2.0,1.14,1.0,0.79,4.0,-0.0018806606512049573,-0.00025842095456241054,-0.0014149828872110914
2025-05-22,967.5623168945312,18747545,20.280000686645508,58.88891489093709,21.482917641560448,15.97669812297484,0.0020367081845111,1,0.9,6.0,1.19,5.0,1.22,4.0,1.6576947628355043e-05,-0.008736119459192837,-0.018007317460100314
2025-05-23,969.532958984375,22213030,22.290000915527344,63.529428912391936,21.07149055956745,16.995656610293363,-0.0081301478366653,0,0.14,1.0,0.99,2.0,-0.23,3.0,-0.004119872627882826,0.023101903453644823,-0.005671744976336823
2025-05-27,950.812255859375,26355315,18.959999084472656,61.34970887268496,17.85573811935467,17.629202626209374,0.002072523826385,1,0.89,2.0,0.83,4.0,1.11,1.0,-0.0025093902970623194,0.023101903453644823,-0.005671744976336823
2025-05-28,952.7828369140624,26471533,19.309999465942383,65.80646940385536,16.223320842801627,17.348026269527825,0.0,0,0.11,2.0,1.11,3.0,1.0,3.0,-0.0018851068666331239,0.023101903453644823,-0.005671744976336823
2025-05-29,952.7828369140624,48602590,19.18000030517578,57.25807821387572,14.759480288889108,16.83031707340008,-0.0217166203492364,0,0.4,3.0,2.03,1.0,1.32,2.0,0.0016646820635146664,-0.007790312208737493,-0.005486407931606152
2025-06-02,932.0916137695312,33676511,18.36000061035156,45.985423242779106,11.793815555190008,15.823016769758068,0.004228299076135,1,0.0,0.0,0.92,7.0,0.18,5.0,-0.0033355992252407374,-0.01942682360950021,-0.02107197690075091
2025-06-03,936.0327758789062,26020787,17.690000534057617,42.63564625824207,9.650281296142907,14.588469675035036,0.0421052192294959,1,0.62,7.0,1.32,3.0,0.49,13.0,0.0007001895010041448,0.007862608436889795,0.01570597671077656
2025-06-04,975.4446411132812,37233567,17.610000610351562,46.7625835157548,11.004865854946388,13.871748911017306,0.0080808750766894,1,0.64,2.0,1.33,2.0,0.93,7.0,0.0038934277980975374,0.014216807060880354,0.027234809731778276
2025-06-05,983.3270874023438,24414444,18.479999542236328,51.77303873995739,12.569537610914836,13.611306650996813,-0.0030060522638466,0,0.95,3.0,-0.85,1.0,0.92,2.0,-0.0007136504799458709,0.024239587271300822,0.013886834334076337
2025-06-06,980.3711547851562,13670307,16.770000457763672,48.920848240467905,13.416376554408773,13.572320631679204,0.0100502409322242,1,0.23,3.0,1.41,1.0,0.5,1.0,-0.0007976061250243305,0.004644255380467088,-0.00445631147169645
2025-06-09,990.22412109375,21674308,17.15999984741211,57.777747187196006,14.712952793394038,13.800447064022173,0.0398012010972499,1,0.36,6.0,1.08,2.0,1.0,6.0,0.00011020349999935064,0.009048885145078067,0.005416198450961307
2025-06-10,1029.63623046875,44877640,16.950000762939453,69.82250863118354,18.70510583341502,14.781378817900745,0.0191387327233194,1,0.95,5.0,0.0,0.0,1.59,4.0,-0.0009216583404251244,0.00887031327488752,0.01957104451108349
2025-06-11,1049.3421630859375,37178498,17.260000228881836,71.18647270971027,23.19168069368095,16.463439193056786,-0.0146157417494754,0,0.97,1.0,0.62,3.0,1.18,7.0,-0.0001303752620813725,0.026376893229590026,0.020604797773358552
2025-06-12,1034.0052490234375,25221606,18.020000457763672,68.2683603901498,25.219053257921473,18.214562006029723,-0.0143541680956337,0,0.41,7.0,0.37,7.0,0.96,2.0,-0.0008323425859342315,0.007719089251587707,-0.0019018054065331746
2025-06-13,1019.1629638671876,28393455,20.81999969482422,62.74367156057624,25.33605399227895,19.63886040327957,-0.0048543636991476,0,0.98,4.0,1.01,1.0,0.0,0.0,-0.002723416236173337,0.009891194551069349,0.0031763062743852544
2025-06-16,1014.215576171875,28580673,19.11000061035156,63.70387413947615,24.744327868377127,20.659953896299083,0.019512294345013,1,0.0,0.0,1.18,4.0,1.45,5.0,-0.009470802353383045,-0.02009932635492051,-0.0260822553205462
2025-06-17,1034.0052490234375,26517379,21.600000381469727,70.72152905563266,25.577401498853533,21.643443416809973,0.0095692486374294,1,0.14,1.0,1.3,4.0,1.42,3.0,-0.0006841860324496851,0.021695814999878937,0.030331041422871907
2025-06-18,1043.89990234375,37931721,20.13999938964844,71.83338403397723,26.7279312292078,22.66034097928954,-0.0189573260202619,0,0.49,1.0,0.63,5.0,1.49,4.0,-0.01694628077349214,-0.008252949240451501,-0.008286959915382974
2025-06-20,1043.89990234375,57831332,20.6200008392334,74.56758843834012,26.262106201041547,23.87441514353824,-0.0331753790038574,0,0.02,6.0,0.56,4.0,1.22,5.0,-0.003555156620861588,-0.008252949240451501,-0.008286959915382974
2025-06-23,1009.2681274414062,32143872,19.829999923706055,64.17954013349865,23.604454175647906,23.82042294996017,0.0294116739938783,1,0.99,5.0,0.55,6.0,-0.48,2.0,0.001001978324495223,-0.008252949240451501,-0.008286959915382974
2025-06-24,1038.952392578125,28163537,17.479999542236328,62.77742561602995,23.621227110526092,23.780583782073357,0.0190477186374777,1,0.89,4.0,0.99,4.0,1.27,3.0,-0.001295159830334014,0.003866203939741686,0.006297601514684947
2025-06-25,1058.7420654296875,38783736,16.760000228881836,64.47934207766306,24.94384388686001,24.01323580303069,0.0046728923473013,1,0.03,3.0,1.39,5.0,1.04,3.0,0.004770922482972173,0.04645294839171954,0.0376733443658972
2025-06-26,1063.689453125,36056692,16.59000015258789,65.87534565925934,26.09048517863505,24.428685678151563,0.0046511579867392,1,0.13,6.0,0.6,1.0,1.59,5.0,-0.00727242575527054,0.012040601276188667,0.009450737778096796
2025-06-27,1068.6368408203125,32549027,16.31999969482422,65.22526558300268,27.086186802545058,24.960185903030265,-0.0185184994801966,0,0.88,4.0,0.72,2.0,1.31,5.0,-0.003944568587657682,0.00570170898556932,0.008767072244792562
2025-06-30,1048.8472900390625,32413717,16.729999542236328,54.037871222858406,25.97896679539417,25.16394208150305,0.0235848809559695,1,0.73,6.0,1.46,1.0,0.79,2.0,-0.017820919230510768,0.020356202452099792,0.0006370655860341579
2025-07-01,1073.584228515625,44299887,16.829999923706055,54.98978379638749,26.788747160624094,25.48890309732726,0.0,0,0.88,3.0,1.37,4.0,0.73,6.0,0.00957698278482022,-0.009100020565094291,0.00027949637817070716
2025-07-02,1073.584228515625,23822731,16.639999389648438,58.69561602629569,27.11790559878841,25.81470359761949,0.004608290215061,1,0.57,4.0,1.22,7.0,1.08,3.0,0.003835740796985343,-0.00799149617876449,-0.007038629269337959
2025-07-03,1078.5316162109375,36973556,16.3799991607666,63.63635598956304,27.461420708671085,26.144047019829813,-0.0045871512906533,0,0.16,6.0,1.07,8.0,1.18,7.0,0.0006608253165516498,0.03970085636954401,0.018801598672265163
2025-07-07,1068.6368408203125,18829372,17.790000915527344,58.53655527598726,25.976788114586498,26.251218501093465,0.0,0,0.34,2.0,0.83,4.0,1.47,1.0,-0.0017605120273233021,0.03970085636954401,0.018801598672265163
2025-07-08,1068.6368408203125,27461252,16.809999465942383,56.410252354754306,24.861119785528217,25.973198757980416,0.0092592497400982,1,1.72,1.0,1.75,4.0,0.0,0.0,-0.0005568275052999505,0.03970085636954401,0.018801598672265163
2025-07-09,1078.5316162109375,23618216,15.9399995803833,64.86485495213975,24.49302987471424,25.67716498132718,0.0091744157632578,1,1.21,1.0,1.56,6.0,0.0,0.0,0.0057887679791917,-0.0057162856044663535,0.018050244713385455
2025-07-10,1088.426513671875,22350503,15.779999732971191,62.857159977638624,24.714854045465245,25.484702794154796,0.0,0,0.84,4.0,0.69,8.0,0.48,5.0,0.0013347628020465852,0.017466844209953702,0.004390897463295795
2025-07-11,1088.426513671875,28249780,16.399999618530273,78.57145689578067,24.60699715308533,25.309161665940906,-0.0045455616006029,0,0.12,4.0,1.0,4.0,0.23,3.0,0.003384095530795994,-0.00897173518364136,0.007463752853770211
2025-07-14,1083.47900390625,25760632,17.200000762939453,69.56520806290698,23.847399126150098,25.016809157982745,0.0136987289119026,1,0.33,2.0,0.0,0.0,0.23,2.0,0.0012805520532523929,0.002785488823109805,-0.002100413179628613
2025-07-15,1098.3212890625,45416390,17.3799991607666,68.18181308396541,24.164507190147788,24.846348764415755,0.0180179979923196,1,0.71,4.0,1.04,3.0,1.28,3.0,-0.0010259100165578294,-0.007508566531692629,-0.008702124343884066
2025-07-16,1118.11083984375,31013743,17.15999984741211,71.99998420888487,25.716228303292382,25.02032467219108,0.0,0,1.02,7.0,1.66,4.0,1.18,6.0,0.004556208285113161,0.03620936098126504,0.012731221966429507
2025-07-17,1118.11083984375,30648595,16.520000457763672,70.83332048249252,26.638901787342547,25.344040095221377,0.0221237604759352,1,0.1,3.0,1.35,12.0,0.83,11.0,0.0014311890542244576,0.0025743652281933205,-0.003917018799897143
2025-07-18,1142.84765625,46645034,16.40999984741211,87.99992499212911,29.031524181471923,26.081536912471485,-0.0043287865426617,0,0.59,8.0,1.74,1.0,1.38,9.0,0.00043893272951911477,0.033844126419426024,0.007273288039830517
2025-07-21,1137.9005126953125,26749324,16.649999618530273,80.95249844614497,30.180598375569843,26.90134920509116,-0.0173913911020984,0,0.86,6.0,1.43,1.0,1.76,6.0,7.486413359902855e-05,-0.02117270927078274,-0.0008749275680647317
2025-07-22,1118.11083984375,50457506,16.5,68.00003158229259,29.158268375658057,27.352733039204537,0.0132743217908626,1,1.28,3.0,1.79,1.0,1.15,1.0,-0.0008570458320372731,-0.006447590923164714,0.001186160001621639
2025-07-23,1132.9530029296875,29747757,15.369999885559082,70.37039744709783,29.208999836991097,27.723986398761852,0.0,0,0.55,4.0,1.11,5.0,1.2,1.0,-0.0015113747849135883,-0.01779356472326521,-0.0175470626489026
2025-07-24,1132.9530029296875,15055463,15.390000343322754,73.07694862657829,28.91588061339735,27.962365241688953,0.0,0,0.64,2.0,0.0,0.0,0.32,3.0,0.0022295619800545285,0.02442458858085983,-0.00016314403141370892
2025-07-25,1132.9530029296875,22476546,14.93000030517578,76.00002368671946,28.356703095044395,28.041232812360043,0.0,0,-0.03,3.0,0.99,1.0,0.51,2.0,-0.005605654715466812,0.005284394950451299,0.001167137846462607
2025-07-28,1132.9530029296875,20606376,15.029999732971191,76.00002368671946,27.595447739126485,27.952075797713334,-0.0087337227893393,0,0.69,1.0,0.02,3.0,-0.62,2.0,0.005363622959012604,0.01655630784473283,0.0002639348701130029
2025-07-29,1123.05810546875,31763255,15.979999542236328,67.9999644699559,25.89520801621984,27.540702241414635,0.0176211281365448,1,-0.0,2.0,1.06,1.0,1.09,4.0,0.0027559243417745183,-0.011604286607228897,0.01616055597985966
2025-07-30,1142.84765625,34182363,15.479999542236328,70.37030606314266,25.84666290513951,27.20189437415961,0.0043290001674818,1,0.66,3.0,0.94,2.0,1.6,2.0,0.006277126261405197,-0.005849656986751106,0.0004688677834554511
2025-07-31,1147.7950439453125,33230751,16.719999313354492,71.42850848553903,25.908743527080105,26.943264204743713,-0.021551703509308,0,0.25,3.0,0.0,0.0,0.68,2.0,0.0010959038727660353,0.0065471109131165495,0.008280753273688157
2025-08-04,1123.05810546875,23939021,17.520000457763672,62.50000000000001,23.68880882503322,26.292373128801614,0.013216063491539,1,0.32,1.0,1.65,1.0,0.13,2.0,0.0026150269764380063,-0.0265292188772831,-0.014320828348579284
2025-08-05,1137.9005126953125,17012960,17.850000381469727,62.500028914458696,22.863595503041097,25.60661760364951,-0.0217392120584259,0,0.47,3.0,-0.08,2.0,0.91,5.0,-0.0030428543721531254,0.016113271376897442,0.017512142745777615
2025-08-06,1113.1634521484375,22023406,16.770000457763672,48.484850750565066,19.98318028688004,24.481930140295617,0.0488888352769782,1,-0.31,4.0,1.03,11.0,0.52,9.0,0.0023176060718361757,-0.02732216331306958,-0.011151429767982668
2025-08-07,1167.584716796875,61370031,16.56999969482422,61.36362361897584,21.840013633217495,23.95354683887999,-0.0042371791561063,0,0.7,4.0,0.39,6.0,0.88,10.0,0.001783585840453794,-0.004731791544018149,-0.0020479632699319517
2025-08-08,1162.637451171875,25958258,15.149999618530272,55.000055515735006,22.651254881678824,23.69308844743976,0.0042552092400029,1,0.73,3.0,1.05,6.0,1.14,7.0,-0.0007582910609321702,0.04862335001405316,0.015026285707046672
2025-08-11,1167.584716796875,35579367,16.25,57.49995527901883,23.423362463730427,23.639143250697895,0.0,0,0.54,6.0,0.47,3.0,1.05,3.0,-0.003563459079548914,-0.0032561184887859307,0.007866912097244105
2025-08-12,1167.584716796875,28917167,14.729999542236328,63.88886985057359,23.761357150936192,23.663586030745556,0.0169491348221311,1,1.78,1.0,1.18,5.0,0.72,1.0,0.001439209000700048,0.0010751709530090192,-0.0013472834399026468
2025-08-13,1187.374267578125,37809952,14.489999771118164,64.86484503942783,25.334036730004527,23.99767617059735,-0.0208332091082834,0,1.46,1.0,0.53,3.0,1.89,1.0,0.003249476487076741,0.009087462607636043,0.029930978587810575
2025-08-14,1162.637451171875,32991791,14.829999923706056,57.1428823200775,24.30417883242239,24.05897670296236,0.0042552092400029,1,0.49,4.0,0.51,5.0,0.25,3.0,-0.0023340628022624488,-0.011666389864556814,0.008993015678937955
2025-08-15,1167.584716796875,22231552,15.09000015258789,58.139534883720934,23.614993078391763,23.970179978048243,0.0,0,0.62,2.0,1.1,3.0,0.56,1.0,0.0020617018015440802,-0.001822449275438065,-0.0012082301512297278
2025-08-18,1167.584716796875,18219895,14.989999771118164,58.139534883720934,22.805915999554145,23.737327182349425,0.0042372837055326,1,-0.03,4.0,1.06,1.0,1.41,5.0,0.004652728781409321,-0.008796592973531636,-0.022555470269011058
2025-08-19,1172.5321044921875,17867547,15.56999969482422,61.904798271900695,22.306790628586217,23.451219871596784,-0.0421941530077457,0,0.42,8.0,-0.27,5.0,0.35,5.0,-0.002992125774545329,0.010591061733062901,0.004097147317362104
2025-08-20,1123.05810546875,66982023,15.6899995803833,45.833333333333336,17.714885750561052,22.30395304738964,0.013216063491539,1,0.05,7.0,1.53,3.0,0.21,5.0,0.0012037876283805815,-0.0360796455996133,-0.018143121111172444
2025-08-21,1137.9005126953125,23424804,16.600000381469727,48.00005132122547,15.099370131998512,20.863036464311417,-0.0130436774225592,0,1.35,1.0,1.03,6.0,0.93,4.0,0.002737679299698925,-0.01761926277307424,-0.0071744461506302315
2025-08-22,1123.05810546875,19205763,14.220000267028809,50.0,11.694094696168122,19.02924811068276,0.0308370829335185,1,0.57,4.0,0.3,2.0,0.73,6.0,0.005739473988298771,-0.005555616900106641,-0.00489450194716079
2025-08-25,1157.68994140625,25103514,14.789999961853027,53.84612464656176,11.65553139876647,17.554504768299502,0.004273605210403,1,1.58,1.0,0.97,1.0,1.26,3.0,0.007790624202977492,0.024897761262442808,0.02698432727322153
2025-08-26,1162.637451171875,35508897,14.619999885559082,60.416676304812135,11.887164564170916,16.421036727473787,0.012765837708621,1,0.71,3.0,1.38,4.0,1.08,2.0,-0.004872876866823028,0.011159182796613765,0.00031972483299713694
2025-08-27,1177.4794921875,21952558,14.850000381469728,52.4999969157925,13.117157756954612,15.760260933369953,-0.025210161568963,0,0.83,3.0,0.98,4.0,1.06,5.0,0.002525750082704059,0.013285858080824609,0.008967586633598312
2025-08-28,1147.7950439453125,19975237,14.43000030517578,46.66661914707077,11.563354184893116,14.920879583674584,0.0,0,0.56,5.0,0.74,4.0,0.92,4.0,0.0033701253722726587,0.002387706762813746,0.002873652121715642
2025-08-29,1147.7950439453125,19522740,15.359999656677246,45.45453016097855,10.214210597837564,13.979545786507185,0.0043104470538737,1,0.79,3.0,0.0,0.0,0.12,4.0,0.0009297408164834486,-0.004262523433941179,0.0048827204008181635
2025-09-02,1147.7950439453125,14037411,17.170000076293945,40.47620026729721,8.323130053758632,12.121209098479548,0.0,0,0.62,7.0,-0.67,1.0,0.01,8.0,0.002220177645487098,-0.004262523433941179,0.0048827204008181635
2025-09-03,1147.7950439453125,19511981,16.350000381469727,45.9459008883148,7.356795089924844,11.168326296768608,0.0,0,0.66,2.0,1.73,2.0,0.26,5.0,0.002120392800051274,-0.004262523433941179,0.0048827204008181635
2025-09-04,1147.7950439453125,24333323,15.300000190734863,44.44444444444443,6.515856926351944,10.237832422685274,0.0172414691594586,1,0.0,0.0,1.48,2.0,0.13,1.0,0.0038758813655075386,0.013135440133580367,-0.002254968692459669
2025-09-05,1167.584716796875,27133819,15.18000030517578,50.0,7.361410821382833,9.662548102424786,0.0,0,0.57,2.0,2.13,1.0,-0.3,1.0,-0.0007155659478953469,0.016508926922743417,0.01341721017679709
2025-09-08,1167.584716796875,27281959,15.109999656677246,48.71795682890676,7.939991100151928,9.318036701970216,0.0169491348221311,1,0.26,2.0,0.7,3.0,1.49,2.0,-0.0009113950204554522,0.034862421101475416,0.016503590653059508
2025-09-09,1187.374267578125,31329096,15.039999961853027,69.69687453737141,9.881464131878149,9.4307221879518,0.0208333119152213,1,1.07,2.0,0.97,4.0,1.22,3.0,-0.007004631226877445,0.015529409771012581,0.008367751198435025
2025-09-10,1212.1112060546875,39665156,15.350000381469728,71.42843043675036,13.263268988120217,10.197231547985483,0.0122449863363283,1,0.82,2.0,1.26,6.0,1.61,5.0,-0.004852509178164821,0.015089570997558255,0.0017591912510932506
2025-09-11,1226.9534912109375,30345708,14.710000038146973,79.99994360323181,16.945682788374143,11.546921796063216,0.0161291140970887,1,0.54,2.0,0.0,0.0,1.28,4.0,0.0006758799645232294,0.03794042461938063,0.023756667079452454
2025-09-12,1246.7431640625,26492972,14.760000228881836,78.12494699036343,21.216314992818752,13.480800435414324,-0.0039683472171634,0,1.4,5.0,1.68,4.0,1.3,6.0,-0.003782383940657219,-0.005874701480938271,0.006260444865207493
2025-09-15,1241.795654296875,24589707,15.6899995803833,74.99988434261111,23.925797393996845,15.56979982713083,0.024000003932058,1,0.69,4.0,1.39,5.0,1.02,5.0,0.0017595008979807147,0.0016221977140851163,0.0010591633757675023
2025-09-16,1271.5987548828125,40130070,16.360000610351562,77.15842605997203,28.153407898709705,18.086521441446603,-0.011718703876197,0,0.6,5.0,1.16,2.0,1.57,4.0,-0.000168380656651812,0.00790508016185254,0.009678833385238894
2025-09-17,1256.697265625,29283972,15.720000267028809,84.35504504414303,29.95607900407276,20.460432953971836,0.0158103108501481,1,-0.16,3.0,0.9,4.0,0.98,6.0,-0.0029982346654272574,0.0057644211812624135,0.003199782249463601
2025-09-18,1276.5660400390625,24191307,15.699999809265137,86.09780735553582,32.61202180051805,22.89075072328108,-0.0155642354495459,0,0.76,7.0,0.46,9.0,1.0,2.0,-0.0048651948491017505,0.0027857149381065316,-0.0031254008455898763
2025-09-19,1256.697265625,44913316,15.449999809265137,76.89152345627396,32.73626823421205,24.859854225467274,0.0237154177073151,1,-0.22,1.0,0.68,3.0,0.61,7.0,0.001304608418786879,0.022261060175707392,0.035962379860790206
2025-09-22,1286.5003662109375,28859955,16.100000381469727,81.79260328705492,34.83800473773135,26.85548432792009,0.0347489911529648,1,-0.46,3.0,0.86,4.0,1.35,6.0,0.0008010681923562579,-0.014033699749852246,-0.00731267682050063
2025-09-23,1331.2049560546875,33953781,16.639999389648438,84.88930583356168,39.65382819967408,29.415153102270892,0.0,0,0.44,9.0,0.98,5.0,1.16,5.0,0.0035037367829144905,0.029297451101016447,0.015703817591961267
2025-09-24,1331.2049560546875,44737182,16.18000030517578,84.88930583356168,42.97501378154175,32.12712523812507,-0.0149254059817715,0,0.65,5.0,1.26,3.0,1.65,5.0,5.624330335418648e-05,0.0369732385325241,-0.003461254422409743
2025-09-25,1311.336181640625,25861812,16.739999771118164,77.33701723124523,43.5023650530336,34.40217320110678,-0.0151515490018772,0,-0.18,2.0,0.17,5.0,1.2,3.0,0.0018631834557791827,-0.007074397532166765,-0.0017770430925596603
2025-09-26,1291.4674072265625,25793295,15.289999961853027,71.90339642318648,41.83480509820288,35.888699580526,0.0038461389409776,1,0.7,6.0,0.95,1.0,0.87,4.0,0.0029761291609058382,-0.014427678720176917,-0.0019580876806415404
2025-09-30,1296.4345703125,36642789,16.280000686645508,70.3492773838407,40.44780327038234,36.80052031849727,0.01532570549185,1,0.86,9.0,1.26,5.0,1.02,3.0,-0.0038447164917891907,-0.0004754024419183489,0.0015955557696420986
2025-10-01,1316.3033447265625,33837323,16.290000915527344,69.80065307622286,40.4851507571675,37.53744640623132,0.0301886543987071,1,0.67,5.0,1.5,3.0,1.73,2.0,0.00046643707979932003,0.0221791155375326,0.00866334270059288
2025-10-02,1356.040771484375,29593487,16.6299991607666,72.41114764298754,43.22297954650071,38.6745530342852,0.0256411064278889,1,0.91,6.0,0.79,5.0,1.28,1.0,-0.0005285909728485194,0.03286890388277075,0.02048094993856453
2025-10-03,1390.8111572265625,31032341,16.649999618530273,73.77527245154212,47.64913851989627,40.46947013140741,0.0249999890288563,1,0.73,7.0,0.0,0.0,1.42,2.0,0.0001609605957935134,-0.001247999339619832,0.019399180008252248
2025-10-07,1425.5814208984375,38395572,17.239999771118164,77.61192880190764,53.34761301111212,43.04509870734836,-0.0139372273322896,0,0.98,8.0,0.47,3.0,1.16,6.0,-0.0014377836443657532,0.03494291144789363,0.028907553676716047
2025-10-08,1405.7127685546875,23064494,16.299999237060547,70.76923891254424,55.61931605218001,45.55994217631469,0.0176677739473214,1,0.92,5.0,1.76,3.0,0.78,3.0,0.0029750124162626346,-0.027678557294484762,-0.02056378180350349
2025-10-09,1430.548583984375,39052134,16.43000030517578,76.11938929864124,58.74650666219782,48.19725507349132,-0.0173610429647307,0,0.9,1.0,0.36,2.0,1.26,2.0,0.000858699164537402,0.0356766736225369,0.03397868764676559
2025-10-13,1405.7127685546875,53850992,19.030000686645508,69.11765024766913,58.5459042663997,50.266984912073,0.0070670227401978,1,1.32,2.0,0.76,3.0,1.27,2.0,0.0019099105336322086,-0.06409236145398167,-0.06324377727317176
2025-10-14,1415.64697265625,39889256,20.809999465942383,74.24242649911716,58.51401947703698,51.9163918250658,0.0280702389760092,1,0.35,2.0,1.12,3.0,0.0,0.0,0.0026714343990570377,0.0792062526090258,0.04929616586138663
2025-10-15,1455.384521484375,41056405,20.63999938964844,75.00000903506582,60.99215899898741,53.73154525985013,0.0136519071906837,1,0.3,4.0,1.53,6.0,0.32,1.0,0.0008478417882813449,-0.022945596326046203,-0.02277694878169534
2025-10-16,1475.2532958984375,37737678,25.309999465942383,73.01588973381361,63.82362742102191,55.74996169208449,-0.0235690954488002,0,0.6,3.0,0.64,8.0,1.2,22.0,-0.0002313105345168598,0.029634245011887606,0.02994217613567618
2025-10-17,1440.48291015625,38077331,20.780000686645508,65.71427768967705,62.54097359080606,57.10816407182881,0.0206897440060689,1,0.88,6.0,1.18,3.0,1.12,6.0,-0.002414963299084749,-0.01598237802413205,0.004870647024278085
2025-10-20,1470.2861328125,33015553,18.229999542236328,72.22223359970292,63.200792783690304,58.32668981420111,0.0,0,0.24,1.0,1.58,6.0,1.32,9.0,6.860517943563238e-05,-0.015875169925897326,-0.0032411726729032475
2025-10-21,1470.2861328125,34601251,17.8700008392334,76.47060949425713,62.997508187987705,59.26085348895843,-0.0135135426844131,0,1.06,1.0,0.84,4.0,0.83,7.0,0.0003266778205262,0.008879111718613775,0.015793762300268188
2025-10-22,1450.4173583984375,27360948,18.600000381469727,71.83099907825105,60.535345851338434,59.51575196143443,-0.0068493721373806,0,0.29,3.0,0.66,2.0,0.28,1.0,-0.0008033787001248127,-0.010715529271239643,-0.0066462698133354925
2025-10-23,1440.48291015625,23570046,17.299999237060547,68.11593583481942,57.12394819673705,59.03739120849496,0.0206897440060689,1,0.41,4.0,1.29,3.0,1.43,3.0,0.002614607328592866,-0.019116480392036284,-0.02364290265638358
2025-10-27,1470.2861328125,32851952,15.789999961853027,67.16418895870243,56.17768063711492,58.465449094218954,-0.0033783649148861,0,-0.12,3.0,1.79,2.0,0.0,0.0,0.0009724995900872724,0.014549578623000547,0.01891958864630716
2025-10-28,1465.3189697265625,28381919,16.420000076293945,62.29508791126445,54.39986050078778,57.652331375532725,0.0203389017212998,1,0.89,4.0,0.82,1.0,1.35,1.0,0.001894395419437922,0.011154121526710803,0.027381637317633878
2025-10-29,1495.1219482421875,30631103,16.920000076293945,61.66665984017825,54.76448562598557,57.074762225623296,0.0,0,0.57,1.0,1.33,5.0,1.14,3.0,-0.007530777372024122,0.01099743532416797,0.0037290813508943366
2025-10-30,1495.1219482421875,27867757,16.90999984741211,66.07140192723415,54.42606387933438,56.54502255636552,-0.0033222461162966,0,0.14,1.0,-0.38,2.0,-0.39,1.0,-0.0018953750952860338,0.011806442847700271,0.01851641213711841
2025-10-31,1490.15478515625,31928423,17.440000534057617,61.53845426765005,53.14443766209024,55.86490557751046,0.0066666404529469,1,1.1,2.0,-0.34,1.0,0.0,0.0,0.003997594261948789,-0.006129392337233641,-0.01527445992200882
2025-11-03,1500.089111328125,29118770,17.170000076293945,69.38770801893203,52.32716180004468,55.157356822017306,-0.0033112453443113,0,0.0,0.0,1.7,1.0,1.58,3.0,0.002135980229634127,-0.009201201702040196,0.001754456243070912
2025-11-04,1495.1219482421875,33925673,19.0,66.66664960047184,50.69428409158604,54.264742275931056,-0.0299002966923929,0,1.11,2.0,-0.18,4.0,1.42,1.0,0.0016628250572858772,0.014745467957482328,0.005853098316866978
2025-11-05,1450.4173583984375,56305422,18.010000228881836,48.97959695446391,45.27107320321715,52.46600846138828,0.0034246439875915,1,0.28,3.0,1.01,3.0,-0.28,5.0,0.003940632008074152,-0.03545882629095698,-0.04007723618920944
2025-11-06,1455.384521484375,27411394,19.5,45.65216810601588,40.90245006729674,50.153296782569974,-0.0034129558289319,0,0.59,2.0,1.17,3.0,0.82,4.0,0.0005145621648123822,-0.0013943144404996444,0.03018813488782368
2025-11-07,1450.4173583984375,20329390,19.079999923706055,52.50001996747452,36.61737391614725,47.44611220928543,0.0102740161249721,1,0.16,2.0,1.54,5.0,1.14,3.0,-0.0008441462583944626,-0.014984440585273928,-0.02390451017077455
2025-11-10,1465.3189697265625,25281744,17.600000381469727,48.648654034045514,34.03156103853121,44.763201975134585,-0.0067797172134073,0,1.47,1.0,1.15,4.0,1.69,2.0,0.002780553192774038,-0.0094729982946693,-0.010120593477111584
2025-11-11,1455.384521484375,22444166,17.280000686645508,46.15383161221861,30.82532361323274,41.975626302754215,0.0068259955328198,1,1.62,1.0,1.08,6.0,0.76,8.0,-0.00038733360616827195,0.030610784743834163,0.030168342529511616
2025-11-12,1465.3189697265625,23642502,17.510000228881836,54.05406841510281,28.754520092922803,39.33140506078794,-0.0101695341669573,0,1.54,2.0,-0.11,2.0,0.97,6.0,0.0,-0.013885534393016874,-0.024766135736991934
2025-11-13,1450.4173583984375,21255597,20.0,52.63159937009504,25.615676316158215,36.588259311862,-0.0205480322499441,0,0.85,5.0,0.46,2.0,-0.21,2.0,-8.074886659015235e-05,-0.001888996877738136,0.014675370665460763
2025-11-14,1420.6141357421875,26861702,19.829999923706055,36.842067821492435,20.487086634534307,33.36802477639646,0.0104895558570095,1,0.06,3.0,1.92,1.0,-0.22,1.0,0.003223070095614844,-0.02897237905077865,-0.03719073962152486
2025-11-17,1435.5157470703125,26602730,22.3799991607666,42.49997542466184,17.42422227043994,30.179264275205156,-0.027681637654558,0,-0.33,3.0,0.52,1.0,0.79,3.0,0.001957261013469047,0.009284038693299301,-0.0011057818311495105
2025-11-18,1395.7783203125,42198432,24.690000534057617,26.19051380577649,11.65603840027893,26.47461910021991,-0.0071174097113435,0,-0.31,6.0,0.36,4.0,0.48,4.0,-0.018326170463155322,-0.009865865089369374,-0.015483315408946319
2025-11-19,1385.843994140625,35591948,23.65999984741211,25.00004188977627,6.211491817065507,22.421993643589033,0.0430107583709935,1,-0.13,3.0,0.88,8.0,0.2,7.0,0.020307929943259806,-0.014538426450643516,-0.02307134541622602
2025-11-20,1445.4501953125,25964403,26.420000076293945,41.81819969115502,6.629945820371859,19.2635840789456,-0.0481100280311133,0,0.08,4.0,-0.14,5.0,1.02,4.0,-0.0023030738201144096,0.016048331157736406,0.018165083033149676
2025-11-21,1375.9095458984375,54518246,23.43000030517578,31.3433060278156,1.334837227876278,15.677834708731735,-0.0072201884211713,0,0.86,2.0,0.93,4.0,0.17,3.0,0.002565641148130293,-0.017246947899663745,-0.0476699461890111
2025-11-24,1365.9752197265625,79134658,20.520000457763672,30.882377388957437,-3.6214458053439103,11.817978605916608,0.0290909734336759,1,0.44,4.0,1.5,3.0,-0.12,4.0,0.005422820276357987,-0.008792726786975735,0.008557895783078306
2025-11-25,1405.7127685546875,27427405,18.559999465942383,43.28360070307433,-4.293356585191987,8.59571156769489,0.0176677739473214,1,0.5,9.0,0.72,8.0,0.07,3.0,-0.00043059997457040033,0.03482881177092967,0.046323773363386334
2025-11-26,1430.548583984375,29213211,17.190000534057617,46.47887421445473,-2.7896506196254904,6.318639130230814,-0.0034722085929461,0,0.44,4.0,0.96,3.0,1.05,8.0,0.0027920716971145954,0.0001403647218822801,0.0016380206690571608
2025-11-28,1430.548583984375,23152513,16.350000381469727,44.92752590828128,-0.9197356666170436,3.5438245580536982,-0.0208332515576769,0,0.75,4.0,0.96,2.0,0.72,3.0,-0.0044348084794223475,0.0001403647218822801,0.0016380206690571608
2025-12-01,1400.74560546875,30559208,17.239999771118164,42.46576956534619,-2.4591553685861527,2.343228572725728,0.0141842531547964,1,0.68,3.0,0.3,1.0,-0.21,3.0,0.002105664976116417,0.0001403647218822801,0.0016380206690571608
2025-12-02,1420.6141357421875,23544477,16.59000015258789,43.99997247558519,-2.0522748811529254,1.4641278819499974,0.0139860458333973,1,0.41,3.0,1.97,1.0,1.24,4.0,0.0019863050869839416,-0.013138502184223855,-0.0006576538937566045
2025-12-03,1440.48291015625,20301540,16.079999923706055,48.68419903852092,-0.1251326670146682,1.1462757721570644,-0.0034482624201342,0,0.05,3.0,0.0,0.0,1.52,5.0,0.000608734112671927,0.015329548546699323,0.018366196516981237
2025-12-04,1435.5157470703125,20696944,15.779999732971191,52.11268678155947,0.9899216724434154,1.1150049522143348,0.0103806672678701,1,1.04,5.0,0.36,2.0,0.0,0.0,0.0001911236723253218,0.011503460482797268,0.01832856796985949
2025-12-05,1450.4173583984375,21072604,15.40999984741211,52.11268678155947,3.040991113607788,1.5002021844930256,0.0239725920753379,1,0.7,1.0,1.71,4.0,0.71,3.0,-0.002780117606670518,-0.008529398965176016,-0.008864702178681738
2025-12-08,1485.1876220703125,24257260,16.65999984741211,62.85715489406431,7.386995428930504,2.6775608333805216,-0.0100334052320205,0,0.57,3.0,1.09,4.0,1.83,7.0,0.0016062935130458644,0.006110629291527614,0.010929871736999441
2025-12-09,1470.2861328125,24235825,16.93000030517578,61.97184561121745,9.51907949097972,4.045864564900362,0.0168918245744311,1,0.91,7.0,0.85,5.0,1.19,2.0,-0.002901310503285237,0.024260330324236357,0.01101879860496413
2025-12-10,1495.1219482421875,23319221,15.770000457763672,57.81249820004446,13.06224083323309,5.849139818566909,-0.020000017962059,0,0.6,5.0,0.76,4.0,0.49,5.0,-0.003494935499670837,0.005101590117231991,-0.00036750756449210886
2025-12-11,1465.219482421875,28924982,14.850000381469728,66.04786544506177,13.303982607643093,7.340108376382146,0.0068027550933185,1,0.63,5.0,0.97,3.0,1.26,6.0,-0.00043961550810267536,0.022181214261101756,0.01288305770619047
2025-12-12,1475.18701171875,22107664,15.739999771118164,69.62163570544091,14.136899638539717,8.69946662881366,-0.020270288161955,0,1.14,2.0,0.0,0.0,0.99,2.0,-0.0023755066327988406,-0.014403332084012899,-0.007500545986443896
2025-12-15,1445.2845458984375,25889058,16.5,57.370165213271264,12.242983803706691,9.408170063792268,-0.010344794675505,0,0.95,3.0,0.2,6.0,0.44,1.0,0.0033175603858714986,-0.04202060463058077,-0.05098983701580462
2025-12-16,1430.3333740234375,32168064,16.479999542236328,49.95838532217503,9.426939352727004,9.411923921579216,-0.0034843378047024,0,0.95,2.0,1.41,3.0,0.67,3.0,0.00449008499969894,-0.014724063831976775,-0.006136239356029138
2025-12-17,1425.349609375,30535812,17.6200008392334,49.95517799222896,6.7156419407995145,8.872667525423275,0.0,0,0.53,4.0,0.5,5.0,0.68,5.0,0.0002745306503300071,-0.003023557006142541,-0.004573439058531692
2025-12-18,1425.349609375,30534136,16.8700008392334,48.975062665809304,4.514874544664735,8.001108929271567,0.0,0,0.54,2.0,1.69,3.0,0.6,2.0,0.004478345884427748,-0.034545325170532215,-0.037814493626185275
2025-12-19,1425.349609375,38763280,14.90999984741211,55.49635623290876,2.739175022967629,6.94872214801078,0.0244754747670186,1,1.32,1.0,-0.27,1.0,1.23,3.0,0.00518285581531619,0.027874046235084382,0.025139959575539494
2025-12-22,1460.2357177734375,22661665,14.079999923706056,58.29463457915552,4.0996792013083905,6.378913558670302,0.0170648484135635,1,0.86,5.0,0.94,2.0,0.31,1.0,-0.0037303888670811025,0.014999384015492279,0.029756883436626858
2025-12-23,1485.1544189453125,20739075,14.0,59.1581808216984,7.106697905157489,6.5244704279677395,0.0033557215228681,1,0.8,3.0,0.73,5.0,1.61,4.0,-0.00032362001212404845,0.014985210834182583,0.010993369394593389
2025-12-24,1490.13818359375,12987261,13.470000267028809,61.19747496460336,9.779201500867202,7.175416642547632,0.0100334949536389,1,0.48,2.0,0.66,1.0,0.77,3.0,0.0008982802507242482,0.012513780633703009,0.0054537588747178845
2025-12-26,1505.0894775390625,18823612,13.600000381469728,61.2053772921193,12.954295270911189,8.331192368220345,0.0132450175361218,1,0.87,2.0,0.66,3.0,1.71,6.0,-0.0013541653938790033,0.006229853767608873,0.002760104059158053
2025-12-29,1525.0244140625,21124648,14.199999809265137,58.6934527186969,16.88452840006994,10.041859574590264,-0.0065359801488833,0,-0.07,1.0,0.73,5.0,0.76,8.0,0.002562756491433227,0.013520777142285834,0.0004538938835816353
2025-12-30,1515.056884765625,20325400,14.329999923706056,59.98520033454431,18.97622405991592,11.828732471655396,0.0197368601278218,1,1.12,2.0,1.49,3.0,0.77,6.0,-0.00602469435943731,-0.006339903170881289,-0.004074858987184515
2025-12-31,1544.9593505859375,29695967,14.949999809265137,60.86955827210796,22.784145578966218,14.01981509311756,0.022580678550228,1,0.46,9.0,2.09,2.0,1.16,7.0,-0.001982110917127744,-0.004453138665939882,-0.0012774556891911315
2026-01-02,1579.8455810546875,37512761,14.510000228881836,74.46808288875536,28.290858651752387,16.874023804844526,0.0536277163782215,1,0.26,2.0,0.0,0.0,1.34,2.0,-0.0023692492856227654,0.014386989221531366,-0.011991772143320478
2026-01-05,1664.569091796875,66871820,14.899999618530272,80.64514854645627,39.04140270072821,21.307499584021265,0.0209581150104685,1,0.93,12.0,1.06,4.0,1.02,6.0,0.001917140625415037,0.05172908294635348,0.04014331753554501
2026-01-06,1699.455322265625,46751692,14.75,90.4761849220614,49.80222451209693,27.0064445696364,-0.0175953232947884,0,0.79,7.0,0.0,0.0,1.63,1.0,0.0017633995608958841,0.008260120694568274,0.010720094980448458
2026-01-07,1669.5528564453125,49857449,15.380000114440918,86.36361274711736,55.28013920471608,32.661183496652335,0.0059701789364712,1,1.03,3.0,0.8,5.0,0.65,1.0,0.003695945317161664,0.016074448397346286,0.02746006151998026
2026-01-08,1679.5203857421875,29215618,15.449999809265137,88.0596856690272,59.73711015618005,38.07636882855788,-0.0029673737161786,0,1.15,1.0,1.39,3.0,1.53,3.0,0.000556001467722611,-0.02672323727334258,-0.009941282542940355
2026-01-09,1674.53662109375,37387656,14.489999771118164,86.76468469403045,62.150708905101965,42.8912368438667,0.0059523375607348,1,0.98,1.0,1.3,2.0,1.49,4.0,-0.0013653985571981941,-0.0021024349563686373,-0.018319788641178003
2026-01-12,1684.5040283203125,29987449,15.119999885559082,87.14283364889391,64.12855569335511,47.138700613764385,0.0118343787005532,1,0.58,1.0,1.88,4.0,1.29,4.0,0.00304299038122946,0.01767242909938549,0.027256180637466265
2026-01-13,1704.4390869140625,30171800,15.979999542236328,86.5671467186859,66.53760208828726,51.01848090866896,0.0,0,0.98,4.0,1.42,3.0,1.26,2.0,0.0015374978232687297,0.025152176236015178,0.004720656912223342
2026-01-14,1704.4390869140625,29100816,16.75,85.4838531263432,67.6667683283249,54.34813839260016,-0.0116959642305803,0,0.36,6.0,1.14,8.0,1.15,9.0,-0.0007406428934867426,-0.0016879607323825319,0.009531194411121158
2026-01-15,1684.5040283203125,36391886,15.84000015258789,79.99996231740428,66.1900503855104,56.71652079118221,0.029585801818144,1,0.99,13.0,0.98,9.0,1.21,14.0,0.0014887274555150931,-0.012378826405095356,-0.006004140186555484
2026-01-16,1734.3414306640625,53551629,15.859999656677246,81.94440475558694,68.25440830519392,59.02409829398456,0.0114942399293342,1,0.75,9.0,1.32,3.0,1.59,6.0,-0.00335893987830016,0.04441938352764274,0.017636838948224876
2026-01-20,1769.2276611328125,29401234,20.09000015258789,84.93147973113307,72.97507158247868,63.67991019671262,-0.0197183388182009,0,-0.02,2.0,0.53,3.0,1.4,7.0,0.0013876592712758207,0.04441938352764274,0.017636838948224876
2026-01-21,1734.3414306640625,45192749,16.899999618530273,75.67564525984167,71.1553373231825,65.17499562200659,0.0114942399293342,1,1.48,2.0,1.33,2.0,1.27,2.0,-0.0018666165410358149,0.04441938352764274,0.017636838948224876
2026-01-22,1754.2763671875,32069478,15.640000343322754,74.64785136811093,70.50898391023952,66.24179327965318,0.0056818466481738,1,0.53,2.0,1.24,2.0,0.45,3.0,0.004225198331249791,-0.003178876165360278,0.031803161672472324
2026-01-23,1764.243896484375,27601167,16.09000015258789,67.8571178635912,69.9941910216703,66.99227282805661,-0.0084745492983103,0,0.28,1.0,0.85,2.0,0.27,4.0,-0.0013351674979606987,0.003832953603947642,0.0016289460229255148
2026-01-26,1749.292724609375,22960198,16.149999618530273,59.61537374540508,67.60052258593464,67.11392277963222,0.0142450150402582,1,0.15,8.0,0.77,8.0,0.76,2.0,-0.001769903822365304,0.022909815522274224,-0.01207171878890867
2026-01-27,1774.21142578125,28985200,16.350000381469727,70.5882183434678,66.94258162479923,67.07965454866563,0.0224718838282302,1,0.14,1.0,1.48,4.0,1.78,2.0,-0.006750241196508577,-0.006450264467240396,-0.003881679788138803
2026-01-28,1814.081298828125,29301156,16.350000381469727,73.6841833864818,68.84472508491626,67.43266865591576,-0.0082417319910955,0,1.05,1.0,0.86,2.0,0.79,3.0,0.002221819049822882,0.016921693361432233,0.023986271771277323
2026-01-29,1799.130126953125,32224002,16.8799991607666,71.18643364156657,68.35776707549326,67.61768833983126,-0.01662051308704,0,0.75,6.0,-0.37,2.0,1.38,2.0,-0.01050238363220013,0.011704142336177448,0.023352944555712796
2026-01-30,1769.2276611328125,40825139,17.440000534057617,63.49206287493829,64.81185948614257,67.05652256909353,-0.0056338308041673,0,0.89,2.0,0.0,0.0,0.64,2.0,0.005120485824171128,-0.008033906933492596,0.001643173336035808
2026-02-02,1759.2601318359375,28251381,16.34000015258789,59.01637303668915,60.49999952794178,65.74521796086319,0.0198300580098653,1,0.61,4.0,0.0,0.0,0.0,0.0,0.0029453572698179276,-0.026476168330012095,-0.03869042763570618
2026-02-03,1794.1463623046875,26744162,18.0,63.23527928582131,59.21525014477379,64.4392243976453,-0.0083333747231785,0,0.64,8.0,0.0,0.0,0.0,0.0,0.007056381660207167,0.0326718298465174,0.01700575433522533
2026-02-04,1779.195068359375,26952301,18.63999938964844,64.17909356484634,56.341166636457274,62.819612845407704,-0.011204469300727,0,0.1,9.0,0.0,0.0,0.0,0.0,-0.00018679128920895405,-0.01643426803800596,-0.020672488552433643
2026-02-05,1759.2601318359375,26299986,21.770000457763672,54.09835868096992,51.857075884351616,60.62710545319649,0.0084986260273569,1,1.04,3.0,0.0,0.0,-1.46,1.0,-0.0001235239417486378,-0.029813848254780728,-0.04357965568465527
2026-02-06,1774.21142578125,33263592,20.3700008392334,53.33334694094162,48.94563135472845,58.290810633502886,0.019662881149058,1,0.73,7.0,0.0,0.0,0.0,0.0,0.0026573312511892766,0.01531897838527696,-0.0005932438009643715
2026-02-09,1809.0975341796875,36529289,17.360000610351562,56.249990432145545,48.8897375202298,56.41059601084827,0.035812716044876,1,0.38,3.0,0.0,0.0,0.0,0.0,-0.0002622091433629459,0.05478791391692117,0.05699284177279029
2026-02-10,1873.88623046875,41859169,17.790000915527344,70.0000034991009,53.45712709722625,55.81990222812387,0.0186169831610911,1,0.37,5.0,0.0,0.0,0.0,0.0,-0.002331814588317105,0.01880463693428469,0.014158943928058276
2026-02-11,1908.7723388671875,40488310,17.649999618530273,71.23287579306775,59.209305617001974,56.4977829058995,-0.0078328732927224,0,0.46,5.0,0.0,0.0,0.0,0.0,-0.00043710449322398315,0.018288692040738352,-0.006793219151515761
2026-02-23,1893.8211669921875,69816209,21.010000228881836,67.56757204048878,61.84856219241601,57.5679387632028,0.034210502738043,1,0.82,3.0,0.95,12.0,1.26,17.0,0.001582666624481588,0.028163963262128888,0.010659111897196594
2026-02-24,1958.6097412109375,40961679,19.549999237060547,74.99999271020347,68.37984819695794,59.73032064995383,0.0254452948410934,1,1.08,1.0,1.21,23.0,1.38,18.0,-0.0021533548382927092,-0.0013493849966029758,-0.005684936284309439
2026-02-25,2008.4471435546875,40832607,17.93000030517578,76.40448757907136,76.69332832255986,63.12292218447504,-0.0099255470015283,0,0.09,3.0,0.84,23.0,1.26,29.0,-0.0024182185904723097,0.04245480258696266,0.014473788559009604
2026-02-26,1988.51220703125,58561388,18.6299991607666,70.58823529411765,80.74248928721522,66.64683560502309,-0.0100250511175887,0,0.46,5.0,1.0,8.0,1.2,12.0,-0.0018355200278042938,0.005132911132305962,0.016212714109510307
2026-03-02,1968.5772705078125,48884884,21.440000534057617,69.76743788636341,81.40451517175939,69.59837151837034,-0.0202532030184939,0,0.0,0.0,0.0,0.0,0.0,0.0,-0.0007131871425752889,-0.005918157441115679,-0.012063744625025907
2026-03-03,1928.707275390625,43090471,23.56999969482422,68.18180679527906,77.81499720674924,71.24169665604613,-0.0361757015994333,0,0.17,1.0,0.0,0.0,0.0,0.0,0.004102837192432096,-0.014603078429392458,0.004814517678193075
2026-03-04,1858.9349365234375,68160943,21.149999618530273,60.0,68.55003162986577,70.70336365081006,0.0187667840241863,1,0.27,1.0,0.0,0.0,0.0,0.0,0.005099596730266498,-0.043293223370182154,-0.04577405776897203
2026-03-05,1893.8211669921875,48120463,23.75,60.0,63.29290568389024,69.2212720574261,-0.0052631840168444,0,0.0,0.0,0.0,0.0,0.0,0.0,0.0063104298674527826,0.012205115761102725,0.0192662475033758
2026-03-06,1883.8536376953125,30082724,29.489999771118164,60.60606360498514,57.657657597875186,66.90854916551592,-0.0423280591275739,0,-0.21,2.0,0.0,0.0,0.0,0.0,-0.0032772450369655814,-0.010015682788651059,-0.011715263046032542
2026-03-09,1804.11376953125,76459172,25.5,54.054051668496335,46.2244947413526,62.77173828068326,0.0220994905036098,1,-0.06,1.0,0.0,0.0,0.0,0.0,0.00872272824550624,-0.042304814021427384,-0.03925197659474111
2026-03-10,1843.9837646484375,41375691,24.93000030517578,56.03448039225416,39.92062607688581,58.20151583992377,0.0486486253894584,1,0.52,3.0,0.0,0.0,0.0,0.0,-0.0032470342924506568,0.02894745991459824,0.039343963829421735
2026-03-11,1933.6910400390625,36167313,24.229999542236328,59.84251892573275,41.68289765495297,54.897792202929615,-0.0283505305951461,0,0.4,6.0,0.0,0.0,0.0,0.0,-9.416103239789919e-06,-0.004617215793161655,0.00700607081941218
2026-03-12,1878.869873046875,34040589,27.290000915527344,50.39999216201122,38.21537747708226,51.56130925776014,-0.0106100676845224,0,0.5,6.0,0.0,0.0,-0.22,1.0,-0.0008836226453298179,0.02152178105040381,0.0062872157442566134
2026-03-13,1858.9349365234375,31214304,27.190000534057617,45.90163967339039,33.472905165176144,47.94362843924335,-0.0107238484423342,0,0.51,6.0,0.0,0.0,1.34,1.0,0.0011834075149077528,-0.05034406575900929,-0.034291175436125476
2026-03-16,1839.0,31249086,23.510000228881836,45.528453827461114,27.785583999674373,43.91201955132956,0.0168569874932027,1,0.35,12.0,0.0,0.0,0.63,10.0,0.0026499563387061276,0.004751819867662377,0.0004540282211726865
2026-03-17,1870.0,23812211,22.3700008392334,42.35083092355351,25.48599523468397,40.22681468800044,0.018716577540107,1,0.56,14.0,1.99,1.0,1.29,33.0,0.008380462709563163,0.005675379064193464,0.019564160857770574
2026-03-18,1905.0,23068156,25.09000015258789,40.835233649691034,26.185907225250503,37.418633195450454,-0.0288713910761154,0,0.48,18.0,1.08,1.0,0.89,20.0,-0.006781109201310698,0.019765715350204216,0.005206335686146701
