Date,TSMC_Close,TSMC_Volume,UMC_Close,UMC_Volume,UMC_PTT_Score,UMC_PTT_Volume,UMC_News_Score,UMC_News_Volume,TSMC_Ret_5D,TSMC_Ret_10D,TSMC_Ret_42D,TSMC_Vol_42D,TSMC_Position,UMC_Ret_5D,UMC_Ret_10D,UMC_Ret_42D,UMC_Vol_42D,UMC_Position
2021-03-16,556.7168579101562,36949425.0,36.451507568359375,111422575.0,0.10124311894178391,20,0.06986953253331392,46,0.021739020493804606,0.008250887120913042,0.1399254906816334,0.022249485474934792,0.5267171068899744,0.0444687077762016,-0.11162361270882515,0.05707999773178529,0.0322283858497375,0.1694220106415109
2021-03-17,550.7894897460938,39517807.0,36.225101470947266,113513587.0,0.10124311894178391,20,0.06986953253331392,46,0.030251822544899998,0.006568171861222938,0.13099604664372655,0.022215040392270412,0.5161288224588392,0.04207110282687809,-0.08349160706424208,0.04207110282687809,0.032133272171422776,0.18181844765278113
2021-03-18,548.9656982421875,29415526.0,35.50814437866211,159629688.0,0.10124311894178391,20,0.06986953253331392,46,0.015868200277490807,-0.024962593871877825,0.10468739613872002,0.0222605556847728,0.3840130229594377,0.03114939548249329,-0.07514453738152604,0.022364192831021423,0.032102521540350246,0.1570251558901561
2021-03-19,538.9347534179688,70866028.0,34.753456115722656,185099020.0,0.10124311894178391,20,0.06986953253331392,46,-0.007446260261561588,0.005765825324186569,0.06985005274756584,0.0218771915330799,0.2630673364103387,-0.03288810101583539,-0.04077475066267022,0.018398185750112095,0.03215718075795143,0.07851257794507804
2021-03-22,540.758544921875,34089033.0,36.376041412353516,175207196.0,0.10124311894178391,20,0.06986953253331392,46,-0.033517802395543805,-0.012611974112493152,0.02313834946000215,0.02173533154452886,0.10584305111187797,-0.06211813403056721,-0.021253948246109045,-0.037617633009307094,0.031854405024910264,0.0
2021-03-23,541.67041015625,29374037.0,36.60245132446289,175421526.0,0.10124311894178391,20,0.06986953253331392,46,-0.02548559147070506,-0.004300602772178919,0.019568824844011345,0.021717950377549484,0.054004635548824065,0.0010384354435275522,0.04555332110201182,-0.03599997492890117,0.03191649223623789,0.17695500814569393
2021-03-24,525.2562255859375,107253959.0,35.5836181640625,117428779.0,0.10124311894178391,20,0.06986953253331392,46,-0.027027109993379206,0.002407093216099554,0.009191945093727005,0.02164533165292594,0.06624917222342427,0.00414094686812172,0.046386263896489366,0.0010321098524603833,0.031560331680346485,0.20164669487844694
2021-03-25,524.3443603515625,67833354.0,36.71565246582031,161223209.0,0.10124311894178391,20,0.06986953253331392,46,-0.046357573329742996,-0.03122498431022691,-0.04403517713202043,0.02183373238785813,0.0,-0.01770825424462208,0.012889539823101037,-0.05699995187966522,0.03145451928124631,0.09053535264447998
2021-03-26,538.0227661132812,36829858.0,37.545806884765625,222415849.0,0.10124311894178391,20,0.06986953253331392,46,-0.0448504122743254,-0.051962704693253925,-0.02473884853708974,0.021589499301097905,0.0,0.03400651057067994,0.0,-0.025050128721541554,0.031856327756137684,0.2139921222236829
2021-03-29,546.2300415039062,37884733.0,37.243927001953125,156745319.0,0.10124311894178391,20,0.06986953253331392,46,-0.001692203553219751,-0.03515328700445375,-0.014282835638306679,0.021844787908219407,0.15746996324410314,0.08034742673491091,0.01323826048141341,0.020512678012046592,0.031833674194502,0.3045266428258818
2021-03-30,544.40625,33099123.0,38.18729782104492,167739158.0,0.10124311894178391,20,0.06986953253331392,46,0.010118187929553102,-0.015625271545148256,-0.00913842615305116,0.021919206255184988,0.2519546112805681,0.02385871457978017,0.02492192575816432,-0.006042478461714684,0.031741099031637215,0.2716043938488778
2021-03-31,535.2871704101562,38790886.0,37.88542175292969,184149925.0,0.10124311894178391,20,0.06986953253331392,46,0.005050746344000601,-0.022112870726366585,-0.043947708172889066,0.02129570573536889,0.23095856933767012,0.043298916854861424,0.04761916223712648,-0.04528295588714959,0.030195722723206656,0.37448600588087483
2021-04-01,548.9656982421875,43091157.0,38.1118278503418,85652901.0,0.10124311894178391,20,0.06986953253331392,46,0.019097241185535685,-0.028145633902861622,-0.08902044725759695,0.020788111569359488,0.12597695431265207,0.06468717088449094,0.04583341977148114,-0.03646823628165052,0.030108428092118285,0.34156417292501134
2021-04-07,556.2609252929688,24603109.0,38.86651611328125,103137220.0,0.10124311894178391,20,0.06986953253331392,46,0.04695642740224559,0.0,-0.1018348155702733,0.02017741758337435,0.3165436915449667,0.03802670770514638,0.0733263739133696,-0.06481483388245002,0.029559249390207872,0.3662554436366238
2021-04-08,558.9967041015625,23976625.0,40.75324249267578,346491365.0,0.10124311894178391,20,0.06986953253331392,46,0.033898489670690646,0.032148922972801364,-0.05624361144584522,0.019612510540693687,0.4103346184056994,0.03517594474848029,0.11834966812690095,-0.08849559184709777,0.028794367243879612,0.44855981801571226
2021-04-09,556.2609252929688,27303862.0,39.99855041503906,212893788.0,0.10124311894178391,20,0.06986953253331392,46,0.023372318670914716,0.03372699211312957,-0.027629826720755424,0.01927757567650878,0.445507098762768,0.09422517369177053,0.12033197979689292,-0.05594409054975402,0.02975341216881081,0.6543213779951442
2021-04-12,551.7013549804688,22606128.0,40.45136260986328,135751176.0,0.10124311894178391,20,0.06986953253331392,46,0.02177542100769192,0.026936149479736216,-0.00729655811981722,0.018890945132363755,0.4103346184056994,0.047430760942607675,0.09278337837188566,-0.032846782655664986,0.029179582070044417,0.5720165875949152
2021-04-13,551.7013549804688,25971622.0,41.055118560791016,425653445.0,0.10124311894178391,20,0.06986953253331392,46,0.030664259256830917,0.05034710319717006,-0.012231767254492598,0.018927120567529796,0.3517146025077352,0.06772897695761215,0.13679734374839203,-0.02189791659595064,0.029235436715755417,0.6213991290181402
2021-04-14,558.0847778320312,30077913.0,39.77214813232422,347497699.0,0.10124311894178391,20,0.06986953253331392,46,0.004983292666629113,0.05217371768919943,0.01077785078587068,0.018585671520645594,0.3517146025077352,0.07722774992600678,0.11819117470431562,0.06249993829765099,0.027414520616672405,0.6872432109510077
2021-04-15,564.4679565429688,33530942.0,40.07402038574219,156028137.0,0.10124311894178391,20,0.06986953253331392,46,0.0032787716270057388,0.03728840670382705,0.039773729388399515,0.018463340078826843,0.4337829386437451,0.023301085602923433,0.059296668051151746,0.054000114033062374,0.027615743611363916,0.5473257329044433
2021-04-16,556.2609252929688,48507383.0,40.75324249267578,264973147.0,0.10124311894178391,20,0.06986953253331392,46,0.009787629159996314,0.03338870741867117,0.017241728253564625,0.017806147556035178,0.5158481359911549,-0.016666700988410055,0.07598804990785868,0.045275597210705065,0.02753931948001951,0.5802471498391663
2021-04-19,549.8775634765625,24231637.0,41.206050872802734,146204920.0,0.10124311894178391,20,0.06986953253331392,46,0.0,0.02177542100769192,-0.030857628852857033,0.01712758523388385,0.4103346184056994,0.01886798570962611,0.06719366957189554,0.026616036812510124,0.02712712390222908,0.6543213779951442
2021-04-20,548.9656982421875,34771635.0,40.82870864868164,117014470.0,0.10124311894178391,20,0.06986953253331392,46,-0.0033057586091497226,0.027257132008649876,-0.038937808592835355,0.01720573588194464,0.3282670669668395,0.01865668334137749,0.08764925837512316,0.04999988821431911,0.027098846801806957,0.7037035033972286
2021-04-21,539.8467407226562,38458220.0,40.30043029785156,127174848.0,0.10124311894178391,20,0.06986953253331392,46,-0.004958582598330041,0.0,-0.03594068962486463,0.017194968670832204,0.3165436915449667,-0.005514779156565508,0.07128707678384094,0.0423891912539045,0.027144193974866157,0.6625515242182547
2021-04-22,538.9347534179688,33868521.0,41.35699462890625,337740346.0,0.10124311894178391,20,0.06986953253331392,46,-0.03267968924044762,-0.029508066851302805,-0.05945514672909713,0.017309632980013437,0.19930601384048832,0.013282716431853636,0.03689330374739508,0.009451922279438252,0.027080337115609473,0.6049388365719193
2021-04-23,548.9656982421875,27754511.0,43.01730728149414,437383291.0,0.10124311894178391,20,0.06986953253331392,46,-0.04523410554848095,-0.03588921103897735,-0.10494711986080407,0.01537100677479012,0.19439050332754348,0.03201511180596506,0.014814824521974579,-0.04861105748338457,0.02360218233110432,0.7201650439068712
2021-04-26,556.2609252929688,30887664.0,46.63982009887695,510615530.0,0.10124311894178391,20,0.06986953253331392,46,-0.013114757336117111,-0.013114757336117111,-0.08414358642664588,0.015708322733009907,0.3631907805888179,0.05555545155027253,0.07547165672584111,-0.02061857192212635,0.024383160290081456,0.9820620992543593
2021-04-27,556.2609252929688,26317481.0,45.65871810913086,321034099.0,0.10124311894178391,20,0.06986953253331392,46,0.011608696627023463,0.008264562469058045,-0.06058604195326156,0.015796875391649985,0.4837655038813476,0.13186823563479777,0.1529851428911999,0.08041949761308875,0.027483628925315005,1.0
2021-04-28,548.9656982421875,24024054.0,45.281375885009766,292846745.0,0.10124311894178391,20,0.06986953253331392,46,0.013289039869232022,0.008264562469058045,-0.057695379669362334,0.015795899344758342,0.552173495258299,0.11829934426802358,0.11213217035345346,0.06514083049980335,0.027682984118006553,0.9174598732516908
2021-04-29,547.141845703125,31828333.0,42.79090118408203,455683240.0,0.0,0,0.06986953253331392,46,0.01689175247649799,-0.01633995398560817,-0.056996622205708,0.015782120121194704,0.4702977338279631,0.12359534502101188,0.1385197433730767,0.07526873246326193,0.027559921621520204,0.8857140656476266
2021-05-03,536.1990356445312,41762441.0,39.99855041503906,322671742.0,0.10124311894178391,20,0.06986953253331392,46,0.015228359709790862,-0.030694587069132973,-0.03606861349643642,0.01533689869232835,0.4354599147066847,0.0346714399351824,0.0677965617671461,0.03656309917209888,0.028753013706563878,0.6761903875525163
2021-05-04,538.9347534179688,40273595.0,41.206050872802734,346369551.0,0.10124311894178391,20,0.06986953253331392,46,-0.023255847566679755,-0.03606561010531417,-0.07022402462840016,0.015383348563637536,0.29237404223931596,-0.07017540281406076,-0.01851857745484553,-0.04847397908860274,0.030389303684883538,0.4412698708158279
2021-05-05,533.4631958007812,29254785.0,39.092926025390625,207929392.0,0.10124311894178391,20,0.06986953253331392,46,-0.03114756238877414,-0.019900448364193246,-0.020758801258632054,0.01374468140395007,0.35984555403350843,-0.11650493536541451,0.0,0.007379985703340974,0.03046634190248116,0.5428569044515955
2021-05-06,535.2871704101562,30725590.0,38.715576171875,171412143.0,0.10124311894178391,20,0.06986953253331392,46,-0.040983877269791136,-0.028239473779593016,-0.03547545556974219,0.013798560585145024,0.22489951980250183,-0.1438014985012731,-0.04251377721070937,-0.017077833077403404,0.03120989345780688,0.36507967582163836
2021-05-07,546.2300415039062,28075722.0,40.75324249267578,169832029.0,0.10124311894178391,20,0.06986953253331392,46,-0.02491690806152458,-0.00844604582848163,-0.052405639746355814,0.013368404915514297,0.27272754930520166,-0.14500000463343587,-0.03932598521314179,-0.011560750500669181,0.03115564516689119,0.33333322635648516
2021-05-10,537.1109619140625,20434079.0,39.6212043762207,117825384.0,0.10124311894178391,20,0.06986953253331392,46,-0.001666485951274721,0.013536495910998925,0.0007537998625022357,0.012749673670600358,0.5454566197890125,-0.047618971206996874,-0.014598549571793074,0.10091754653427754,0.030934500187968277,0.5047621278850453
2021-05-11,520.69677734375,59349193.0,36.979793548583984,283383118.0,0.10124311894178391,20,0.06986953253331392,46,0.0017007234420611805,-0.02159467588974029,-0.015953361694666435,0.013010353309123798,0.3181818873263004,-0.009433992854813056,-0.07894736142014236,0.11583427040558769,0.030551045905060133,0.40952374228121924
2021-05-12,510.66571044921875,131741482.0,34.97986602783203,354706491.0,0.10124311894178391,20,0.06986953253331392,46,-0.03384078677159341,-0.06393429114311422,-0.04124036095528738,0.013808912547509622,0.0,-0.10256399811922312,-0.207119721512939,0.06290691502396695,0.03221056950349225,0.18730180533059215
2021-05-13,498.8109130859375,66765627.0,35.88549041748047,324988395.0,0.10124311894178391,20,0.06986953253331392,46,-0.04273487942751364,-0.0819673156437083,-0.05496973654352888,0.014084547516207099,0.0,-0.10521238535297117,-0.23388418517959364,0.0,0.03334325732666806,0.01904786967909192
2021-05-14,507.9300537109375,37533726.0,35.31947326660156,235085819.0,0.10124311894178391,20,0.06986953253331392,46,-0.06814334312602588,-0.0913623297718743,-0.08000033771708881,0.014464254992577247,0.0,-0.07309940944261217,-0.20749999936816788,0.02148234920072345,0.03356822031074753,0.09523806467328147
2021-05-17,500.6348876953125,56270958.0,33.168609619140625,231540797.0,0.10124311894178391,20,0.06986953253331392,46,-0.07011695601274404,-0.07166659304187728,-0.0816404814533207,0.014399423653506032,0.13889051569871483,-0.133333420697771,-0.17460319158363036,-0.03802681160353871,0.03292780395440755,0.047619032336640735
2021-05-18,521.6085815429688,43689316.0,36.451507568359375,279930310.0,0.10124311894178391,20,0.06986953253331392,46,-0.06791161753385733,-0.06632639297172427,-0.10220169809317514,0.014433147241580744,0.027780334193218528,-0.16285710792155283,-0.17075470798387848,-0.10488794617644526,0.03418189875293317,0.0
2021-05-19,517.049072265625,28908777.0,36.451507568359375,211703899.0,0.10124311894178391,20,0.06986953253331392,46,0.0017511231851101705,-0.032148922972801364,-0.059996216241782196,0.015965217383337258,0.3472235004299426,-0.014285801231706419,-0.11538459046026917,0.003115201353283359,0.03744306195712361,0.24369732431669394
2021-05-20,517.049072265625,29709287.0,35.09306716918945,170017389.0,0.10124311894178391,20,0.06986953253331392,46,0.01250007918250673,-0.030768989621705822,-0.07125307071432874,0.015988015984039587,0.2777791721862,0.04207110282687809,-0.06756768360893894,0.0,0.03744135607706524,0.24369732431669394
2021-05-21,522.5206298828125,27376731.0,35.43267822265625,146104971.0,0.10124311894178391,20,0.06986953253331392,46,0.03656327217633537,-0.03407161455141272,-0.061258281264630954,0.015925910657849592,0.2777791721862,-0.022081995789167586,-0.09356722438027731,-0.031249996709207584,0.03788480001464056,0.14285706195027068
2021-05-24,517.9609375,15629736.0,36.75338363647461,159953560.0,0.10124311894178391,20,0.06986953253331392,46,0.028725561847101178,-0.04340554312211731,-0.04817253326401505,0.016028788652238158,0.3611145971321667,0.003205171130389761,-0.13055560599811777,-0.00212531962248097,0.03778319223464864,0.16806719833538966
2021-05-25,531.6395874023438,33039911.0,39.168392181396484,384540274.0,0.10124311894178391,20,0.06986953253331392,46,0.034608155025808385,-0.035653758295714155,-0.038917170928300826,0.015845244886050863,0.2916674800715796,0.10807730738479071,-0.07238095824939794,0.057546147758443356,0.03803439683395167,0.2661063029730161
2021-05-26,533.4631958007812,18703987.0,38.715576171875,241551225.0,0.10124311894178391,20,0.06986953253331392,46,0.019230906496404465,0.021015705367751103,-0.01686327031752899,0.016383482302485968,0.500002324014037,0.07453421804137994,0.05918363578577379,0.07676345915129379,0.0386866623280528,0.4453781322235931
2021-05-27,530.7276000976562,62169719.0,38.18729782104492,166932535.0,0.10124311894178391,20,0.06986953253331392,46,0.031745775044585756,0.04464267892885965,-0.015151675634453299,0.01639078019973275,0.5277770805735666,0.062111796042171985,0.10679601062710242,0.05773178492009423,0.03874206948600959,0.4117645226520836
2021-05-28,538.0227661132812,29086873.0,39.54573440551758,216667060.0,0.10124311894178391,20,0.06986953253331392,46,0.026454989604940415,0.06398554276662338,0.010416581936968594,0.015710507537191772,0.48611215691742776,0.08817213488173237,0.06414312238138464,0.07317073955149378,0.03853628706332781,0.3725491639710857
2021-05-31,544.40625,30657474.0,39.99855041503906,199540916.0,0.10124311894178391,20,0.06986953253331392,46,0.029667988867627004,0.05924578036382444,0.026086684240386626,0.015841046231346963,0.597222338422924,0.11608087192887862,0.11965810211876549,0.07708107440911949,0.03861056540912205,0.47338914316345626
2021-06-01,545.318115234375,17818326.0,39.394798278808594,153532972.0,0.10124311894178391,20,0.06986953253331392,46,0.05105657702227795,0.08743170598076033,0.011864709615976965,0.015432657864150498,0.6944470008598852,0.08829572837870359,0.20591580034024348,0.06532669647509026,0.03850700112446198,0.5070027527349658
2021-06-02,542.5824584960938,21872755.0,39.24386215209961,115535465.0,0.10124311894178391,20,0.06986953253331392,46,0.02572894900258693,0.04545464651151088,-0.001669491240394727,0.015255013262365415,0.7083353087452648,0.005780326554216897,0.08074537671533921,0.057750926123947055,0.0385682090952406,0.46218479542232155
2021-06-03,543.494384765625,21077164.0,41.507930755615234,379615152.0,0.10124311894178391,20,0.06986953253331392,46,0.017094455188466418,0.04938290696197489,-0.0033500561463176703,0.015266358882540323,0.6666694554835111,0.013645308489774743,0.0766046391497961,0.027667952207721225,0.038401185749796445,0.4509804476811868
2021-06-04,542.5824584960938,15756180.0,39.99855041503906,259766608.0,0.10124311894178391,20,0.06986953253331392,46,0.0240552491817263,0.05114662015371363,0.01533235767481611,0.015035288014533944,0.6805586929745056,0.08695647830678199,0.1827957515226204,0.09561749177057588,0.03933754667296691,0.6190476460165765
2021-06-07,539.8467407226562,17077625.0,39.47026824951172,183473659.0,0.10124311894178391,20,0.06986953253331392,46,0.008474906026286089,0.03839432831155509,-0.011627757010197803,0.0145051273541855,0.6666694554835111,0.011450438747151015,0.1288604875897672,0.04950490887254433,0.0397973097721785,0.5070027527349658
2021-06-08,537.1109619140625,13396324.0,39.394798278808594,107515690.0,0.10124311894178391,20,0.06986953253331392,46,-0.008375196422421238,0.042253771738638646,-0.029508066851302805,0.014365196576517551,0.6250026726161426,-0.01320753277420561,0.073922026878114,0.015533991636162092,0.039761445639154715,0.4677871108799152
2021-06-09,534.3751831054688,20023490.0,38.26276397705078,210399319.0,0.10124311894178391,20,0.06986953253331392,46,-0.015050212144126385,0.01029151071772616,-0.03915182688362262,0.014354058560892023,0.5833349601431592,0.0,0.005780326554216897,-0.03333340197682011,0.039049898411163096,0.46218479542232155
2021-06-10,546.2300415039062,28527745.0,38.86651611328125,120939964.0,0.10124311894178391,20,0.06986953253331392,46,-0.01512631907300055,0.001709559931905913,-0.0393443817323198,0.014355461714077717,0.5416672476701759,-0.02500004131209954,-0.011695866098285435,-0.04339623361289724,0.039199172021311096,0.37815119625462673
2021-06-11,548.9656982421875,24227710.0,39.092926025390625,98330893.0,0.10124311894178391,20,0.06986953253331392,46,0.005033459065931334,0.029209789359734506,-0.009917165196660083,0.014736875324167441,0.7222245462362593,-0.06363638452337572,0.01778649789307729,-0.039179063307884676,0.03923746096147421,0.422969153567271
2021-06-15,555.3489990234375,26012250.0,40.52683639526367,186110330.0,0.10124311894178391,20,0.06986953253331392,46,0.011764552366448688,0.020339161868481614,-0.004958582598330041,0.014758213797698894,0.763890399498013,-0.022641430258130812,-0.011450245821298388,-0.04779410227484637,0.0391769443719526,0.43977609994005207
2021-06-16,551.7013549804688,25856919.0,39.54573440551758,144817715.0,0.10124311894178391,20,0.06986953253331392,46,0.028716035740123935,0.020100336877906022,-0.004902084624528458,0.014759315897342863,0.8611122731181297,0.026768709527709378,0.013207628145093464,0.018975295486393096,0.03927531495142864,0.546218677764069
2021-06-17,554.9063110351562,22872361.0,40.22496032714844,103506215.0,0.10124311894178391,20,0.06986953253331392,46,0.027164578831926134,0.011705534013573438,-0.02261705277424042,0.014679948383491351,0.9206341280473748,0.0038313719908087407,0.0038313719908087407,-0.013182754690930998,0.03945510227845312,0.47338914316345626
2021-06-18,552.1591796875,32652017.0,39.394798278808594,128118524.0,0.10124311894178391,20,0.06986953253331392,46,0.0384208110308808,0.02271332651118363,-0.002435213757103427,0.014538367208592248,0.976420992689594,0.051282138197714655,0.02500004131209943,-0.012962948055539103,0.039457429814428784,0.5238096991077469
2021-06-21,533.8455200195312,44279632.0,38.640113830566406,122656928.0,0.10124311894178391,20,0.06986953253331392,46,0.0108546541440111,0.015942749667251066,0.004149316797928959,0.014446836208375804,0.9286032248228706,0.013592218144471646,-0.05090912599927122,-0.04395598596878947,0.03955207353046492,0.46218479542232155
2021-06-22,529.26708984375,27823974.0,38.48917007446289,86612509.0,0.10124311894178391,20,0.06986953253331392,46,-0.027543029138381026,-0.01610250818056147,-0.027543029138381026,0.015336426623201891,0.609827667352626,-0.011582970139664694,-0.03396214538719622,-0.05360431153841805,0.039636615873109626,0.40616277354259517
2021-06-23,544.8336791992188,34392376.0,39.99855041503906,153763312.0,0.10124311894178391,20,0.06986953253331392,46,-0.046964898155127055,-0.019597508108956996,-0.019597508108956996,0.015180516929833302,0.530133512383919,-0.05027943215027075,-0.02485663813701,-0.044943942533666514,0.039592243193469455,0.39495785945335515
2021-06-24,540.2551879882812,16524230.0,39.99855041503906,150026510.0,0.10124311894178391,20,0.06986953253331392,46,-0.01244817638973017,0.014378252973343386,0.010945528644865643,0.01585748419662519,0.801092364392023,0.011450438747151015,0.015325681628258092,-0.032846782655664986,0.039854804216049325,0.5070027527349658
2021-06-25,541.1709594726562,18841696.0,39.92308044433594,122914162.0,0.10124311894178391,20,0.06986953253331392,46,-0.026402876946099108,0.011003514138963943,-0.015867130281177255,0.01564646464717932,0.7213971470187334,-0.0056285925521862845,0.045364899384408464,-0.07017540281406076,0.039345999456131375,0.5070027527349658
2021-06-28,540.2551879882812,15028407.0,39.69667434692383,71762205.0,0.10124311894178391,20,0.06986953253331392,46,-0.019900457366411328,-0.009261815804420204,-0.027127495630517307,0.015503181536930364,0.7373374653788907,0.013409947216597828,0.027184436288943514,-0.14401298376154648,0.03697028079063352,0.5407856009103884
2021-06-29,544.8336791992188,28659610.0,39.99855041503906,105202254.0,0.10124311894178391,20,0.06986953253331392,46,0.01200659690562822,-0.015867130281177255,-0.02877379405403624,0.015503949046795414,0.7330328612142673,0.027343618111228984,0.015443927659471557,-0.13057843078197895,0.036863655504189206,0.5389408649102491
2021-06-30,544.8336791992188,24883853.0,40.07402038574219,92830842.0,0.10124311894178391,20,0.06986953253331392,46,0.029411595117437406,-0.01893461560695997,-0.007526916629216784,0.015435902557134902,0.8140135158476552,0.03921571542478208,-0.01303546062841332,-0.11666662875673717,0.03688619954350331,0.709803974427793
2021-07-01,543.0023193359375,18250994.0,39.31932830810547,93087890.0,0.10124311894178391,20,0.06986953253331392,46,0.0,-0.01244817638973017,-0.0042185888760528645,0.015427307508309089,0.8140135158476552,0.001886817645140093,0.013358861282164014,-0.06349202104092422,0.03593564039132989,0.8280543048520587
2021-07-02,538.4240112304688,18322419.0,39.69667434692383,65650006.0,0.10124311894178391,20,0.06986953253331392,46,0.005084877311193559,-0.02145225502483894,0.012687981960333827,0.015111195858609261,0.7816219017186286,-0.01698116806448602,-0.022514180540577078,-0.01698116806448602,0.03459803130858632,0.7375562816573602
2021-07-05,541.1709594726562,28836816.0,41.055118560791016,261103676.0,0.10124311894178391,20,0.06986953253331392,46,-0.005075934312632535,-0.024875378264660575,-0.0009476883505115108,0.015152967778240196,0.7006444857068832,-0.005671057816487468,0.007662840814129046,-0.03662997287796732,0.03430696032810632,0.7828052932547094
2021-07-06,542.0867309570312,12997112.0,40.30043029785156,144568255.0,0.10124311894178391,20,0.06986953253331392,46,0.0016950720784099094,0.013722021031209453,0.01444853877933383,0.015084158136508572,0.7492302875896019,0.03422060503092128,0.06249993829765099,0.050193033238953744,0.033741278516399326,0.9457015520311715
2021-07-07,543.9180297851562,16966158.0,40.45136260986328,105842538.0,0.10124311894178391,20,0.06986953253331392,46,-0.005041810642515521,0.024221496781645424,0.012702640606284232,0.015078226352048614,0.7654277139649365,0.0075472705805608165,0.04705895762066392,0.040935826937993136,0.03383976538143474,0.8552039862714611
2021-07-08,538.4240112304688,21140426.0,40.07402038574219,95910080.0,0.10124311894178391,20,0.06986953253331392,46,-0.0016806035475052106,-0.0016806035475052106,-0.0042326703825817935,0.014751656930997815,0.7978182485534157,0.009416130961877434,0.011320715129065517,-0.0074075058657419035,0.03286515198558309,0.8733028590144197
2021-07-09,534.7611694335938,29029415.0,39.394798278808594,111119847.0,0.10124311894178391,20,0.06986953253331392,46,-0.008431470626254045,-0.0033894663087478127,0.002444651868074077,0.01460394577570164,0.7006444857068832,0.019193920906353412,0.001886817645140093,0.01142862809574896,0.03260234665706558,0.8280543048520587
2021-07-12,543.0023193359375,31304547.0,40.14948654174805,149134257.0,0.10124311894178391,20,0.06986953253331392,46,-0.006802894596963149,-0.011844297863485731,0.0270107146842562,0.013824255169024547,0.6358590983677347,-0.007604568218411156,-0.013232500088862564,0.06530606308149833,0.03095451958152469,0.7466061754638277
2021-07-13,555.8221435546875,52540315.0,40.677772521972656,261564370.0,0.10124311894178391,20,0.06986953253331392,46,0.0033840689919242273,0.005084877311193559,0.0633224597325579,0.013635314463884605,0.7816219017186286,-0.022058930793294018,0.011406804279545657,0.1477884595041834,0.02975989931416374,0.8371037412235379
2021-07-14,561.3161010742188,38418875.0,40.75324249267578,119707585.0,0.10124311894178391,20,0.06986953253331392,46,0.02533803506573018,0.020168474848359708,0.11429427258526692,0.013474119845043514,1.0,0.009363230648711252,0.01698116806448602,0.13354372613388565,0.029592850969600057,0.9004525404338222
2021-07-15,562.2317504882812,22012834.0,41.583396911621094,181885879.0,0.10124311894178391,20,0.06986953253331392,46,0.03198656844659964,0.030252208158690452,0.10510511629158925,0.013297932976773315,1.0,0.007462786500519236,0.016949188037426177,0.15384627015976604,0.02943877738568426,0.9095024342402896
2021-07-16,539.339599609375,57970545.0,40.52683639526367,254563948.0,0.10124311894178391,20,0.06986953253331392,46,0.04421745457340265,0.035413165777745226,0.12303749560189803,0.013030523642808068,1.0,0.03766471423006812,0.05758156868231401,0.25369731770802195,0.027700192916121837,1.0
2021-07-19,532.9298095703125,40644341.0,39.69667434692383,142468073.0,0.10124311894178391,20,0.06986953253331392,46,0.00856163543181454,0.0017004969314311502,0.0339929569677635,0.013226449659360635,0.49334232100860087,0.028735725677367707,0.020912634672737296,0.11180137938771462,0.023876675056825655,0.8372100404313857
2021-07-20,532.0140991210938,15354333.0,39.54573440551758,110876067.0,0.10124311894178391,20,0.06986953253331392,46,-0.01854966250962453,-0.015228366855409847,0.03071417812452637,0.01329096452253643,0.35147844106160836,-0.011278156555087682,-0.03308830327345702,0.08902695649771486,0.02414302103077607,0.7093025101078464
2021-07-21,535.6767578125,25828732.0,38.338233947753906,200758258.0,0.10124311894178391,20,0.06986953253331392,46,-0.04283392576145406,-0.018581218208670536,0.028943146130974373,0.013296152932384363,0.3174362672041669,-0.02782940279838564,-0.018726745266891553,0.12688167765049108,0.023343881985503356,0.6687114776100334
2021-07-22,541.1709594726562,26058172.0,40.51999282836914,233158928.0,0.10124311894178391,20,0.06986953253331392,46,-0.045677191893572,-0.015151680071924578,0.025178198098394944,0.013241700347295415,0.40016930154839225,-0.059259298087898205,-0.05223875107717957,0.08200214804083861,0.02388629298222593,0.32812545659747316
2021-07-23,535.6767578125,15271451.0,41.06545639038086,207930876.0,0.10124311894178391,20,0.06986953253331392,46,-0.037459270127192856,0.005101830871007795,0.044810371385691994,0.01323683833365336,0.361110031050208,-0.025572804586216247,0.01112871726705067,0.10248333130766474,0.02476634338826496,0.6868748364254769
2021-07-26,531.0985107421875,21619179.0,41.84468460083008,137614648.0,0.10124311894178391,20,0.06986953253331392,46,-0.00679134593404207,0.0017121444697938415,0.007593810742880125,0.012726231034374848,0.19444058708407627,0.013290452525431595,0.042408089000698146,0.04843354815787948,0.022750336637019662,0.8474895733527132
2021-07-27,531.0985107421875,17785992.0,41.37714385986328,118407516.0,0.10124311894178391,20,0.06986953253331392,46,-0.003436285220377422,-0.021922205798877048,-0.004432705156058869,0.012787492182124365,0.05555709849970283,0.054110584557638175,0.04222216035862214,0.08082298491603557,0.022814645216585414,1.0
2021-07-28,530.182861328125,36158305.0,40.3641471862793,199661413.0,0.10124311894178391,20,0.06986953253331392,46,-0.0017209851776839313,-0.044481194387800516,0.0006988719721059411,0.01276204138637219,0.05555709849970283,0.04631117570268661,0.01719296054160413,0.08353159874696447,0.02277618381773298,0.8694720542205949
2021-07-29,533.8455200195312,23224896.0,42.54598617553711,436442070.0,0.10124311894178391,20,0.06986953253331392,46,-0.010255991891098604,-0.05546471887500204,-0.014571697108269888,0.012580451634343761,0.027780400782828143,0.05284315498951364,-0.009547591371813269,0.02069534914611504,0.022511098301114068,0.586663812502729
2021-07-30,531.0985107421875,18999281.0,45.039527893066406,688535227.0,0.10124311894178391,20,0.06986953253331392,46,-0.013536275967696576,-0.050488487076899236,-0.019398620020377733,0.012486727170747721,0.1388890431833036,0.04999984466308982,0.023148403819963193,0.0636882020489482,0.023921520164280802,1.0
2021-08-02,540.2551879882812,23482491.0,44.80575942993164,340356559.0,0.10124311894178391,20,0.06986953253331392,46,-0.008546659909248855,-0.015279962519266554,-0.0260757970346831,0.012503560970627004,0.05555709849970283,0.0967740736863314,0.1113506974437839,0.14328616621687962,0.025318476625410275,1.0
2021-08-03,543.9180297851562,22747702.0,46.28630065917969,261099677.0,0.10124311894178391,20,0.06986953253331392,46,0.017241014728694548,0.013745484464220636,-0.004289247599826851,0.012778384501920792,0.3333296302673799,0.07076346392255584,0.12870310087836678,0.14172655220007346,0.025328942613635264,0.9655044109501443
2021-08-04,545.7495727539062,20313271.0,47.14344787597656,311304901.0,0.10124311894178391,20,0.06986953253331392,46,0.024137742403107065,0.0223752165285247,0.0007794837102390595,0.012819117358086092,0.44444382726678555,0.11864416780294973,0.17044989440685776,0.11511944384069372,0.024306885288490954,1.0
2021-08-05,545.7495727539062,15116242.0,49.403221130371094,482353715.0,0.10124311894178391,20,0.06986953253331392,46,0.029361023452900925,0.01880390514335506,0.005837111407160034,0.012825695686107192,0.5000046288324418,0.16795352217924986,0.22967187117231624,0.17862890996797454,0.023610823584658176,1.0
2021-08-06,541.1709594726562,13687213.0,48.390220642089844,347972909.0,0.10124311894178391,20,0.06986953253331392,46,0.022298684334635777,0.008460567222069004,0.01093427372247957,0.01279881707779911,0.5000046288324418,0.16117231192014825,0.21923074714323665,0.2516565840918057,0.024384249147024483,1.0
2021-08-09,544.8336791992188,17390951.0,48.234375,208141642.0,0.10124311894178391,20,0.06986953253331392,46,0.018965311569774324,0.010256561592465685,0.007558954939451246,0.01284323292173809,0.361110031050208,0.07439449092314443,0.1783680225559292,0.2283403585320578,0.024691622747077122,0.9090701149566978
2021-08-10,541.1709594726562,17190865.0,46.59798812866211,314701732.0,0.10124311894178391,20,0.06986953253331392,46,0.00847468254397743,0.02586180939923355,0.019571447972137168,0.012853047179068405,0.47222052498366024,0.07652176000788713,0.15270016873405146,0.26060874820569646,0.024144072586233124,0.8943653425819308
2021-08-11,540.2551879882812,19969687.0,46.6759147644043,237048006.0,0.10124311894178391,20,0.06986953253331392,46,-0.00505052261934591,0.018965311569774324,-0.009261815804420204,0.012432994190337034,0.361110031050208,0.006733903229326321,0.12617700937698495,0.19892372120121427,0.02485131002476379,0.7464766153443056
2021-08-12,536.5924072265625,15444622.0,46.83176040649414,165790481.0,0.10124311894178391,20,0.06986953253331392,46,-0.010067593343041525,0.01899783526560017,-0.015867130281177255,0.012408213364841976,0.3333296302673799,-0.00991724476330702,0.15637064122763178,0.19397342460599054,0.02485468518653675,0.7535192476091318
2021-08-13,532.0140991210938,22524428.0,44.88368225097656,223682413.0,0.10124311894178391,20,0.06986953253331392,46,-0.01677906128471307,0.0051454720589034775,-0.033774422624075706,0.012301071358627989,0.22221728480095096,-0.052050466852982646,0.10073275098794743,0.1555740485079491,0.02432962827732888,0.7676038226310237
2021-08-16,534.7611694335938,19315705.0,44.49406814575195,142031104.0,0.10124311894178391,20,0.06986953253331392,46,-0.01692045774312312,0.001723952073649615,-0.035684624809507626,0.01232745865115501,0.08333194468360079,-0.07246378182585289,-0.0034601970620086187,0.1349816339411365,0.0249565924203813,0.5915459453496149
2021-08-17,534.7611694335938,0.0,44.49406814575195,0.0,0.10124311894178391,20,0.06986953253331392,46,-0.018487311174355647,-0.010169302723672669,-0.03630368082133095,0.012319427787094708,0.1666657409001783,-0.07754442457786681,-0.006956500417476863,0.10613081489411025,0.02492534636017761,0.5563345077948852
2021-08-18,525.604248046875,43716164.0,45.27329635620117,191337750.0,0.10124311894178391,20,0.06986953253331392,46,-0.011844297863485731,-0.0168350005885618,-0.03150904828522971,0.012302472438614565,0.1666657409001783,-0.04515044677682234,-0.038720582286851934,0.12944018220005393,0.024655929571888523,0.5563345077948852
2021-08-19,511.8689880371094,38868947.0,43.24729919433594,176436947.0,0.10124311894178391,20,0.06986953253331392,46,-0.027118554836948694,-0.03691312959784088,-0.015437559487910923,0.01149173377187854,0.0,-0.03005015360240526,-0.039669383637262245,0.17166570871713027,0.024493831885864355,0.6267573829043446
2021-08-20,505.459228515625,45614061.0,43.40314483642578,141868003.0,0.10124311894178391,20,0.06986953253331392,46,-0.0460748584148607,-0.062080826826546254,-0.03287206429513101,0.012102944486446957,0.0,-0.07653910895182037,-0.12460567945134948,0.12362254396932326,0.02560384164527535,0.44365756286587005
2021-08-23,518.2787475585938,33685159.0,45.66291427612305,162895991.0,0.10124311894178391,20,0.06986953253331392,46,-0.04991384748888861,-0.06598974008477931,-0.07226875317521708,0.011256366377503416,0.0,-0.032986095175347785,-0.10305957979712743,0.08511794517699878,0.02496009285641669,0.4577421378877619
2021-08-24,523.77294921875,24844800.0,45.50706481933594,177396116.0,0.10124311894178391,20,0.06986953253331392,46,-0.030822024516959257,-0.04873951933304621,-0.04067788874276246,0.01195183969464965,0.22580499504924417,0.026269706931320247,-0.053311786954365115,0.1416142285734996,0.026112022231457366,0.6619691652129545
2021-08-25,535.6767578125,27504657.0,46.75383377075195,224280323.0,0.10124311894178391,20,0.06986953253331392,46,-0.02054790220928382,-0.03214882459853308,-0.03214882459853308,0.012077671010961343,0.3225807145214646,0.02276700503684337,-0.02341138218916261,0.13986857509118455,0.02612074469672944,0.6478842454371824
2021-08-26,543.9180297851562,43822008.0,47.68891143798828,259611356.0,0.10124311894178391,20,0.06986953253331392,46,0.019163676479126757,-0.008474569569298707,-0.008474569569298707,0.01260528139759419,0.5322562438115552,0.03270222258397548,0.0016693621697818628,0.17777709442743284,0.026336551977292837,0.7605611903661976
2021-08-27,548.4966430664062,27105651.0,48.078529357910156,169766283.0,0.10124311894178391,20,0.06986953253331392,46,0.0626118059446168,0.013652117435759115,-0.0016806035475052106,0.012764351720863381,0.6774192854785355,0.1027026502555346,0.018302771966165032,0.19226599322103732,0.02644442079558488,0.845068985251429
2021-08-30,553.99072265625,36575609.0,48.9356803894043,205005185.0,0.10124311894178391,20,0.06986953253331392,46,0.085145175165104,0.030981404388609635,0.006723086341819506,0.012829632151778878,0.7580676893570037,0.10771994838403032,0.07118059273900323,0.19974309777553212,0.02644685293411025,0.8802807675600389
2021-08-31,562.2317504882812,52721470.0,49.16944885253906,180534243.0,0.10124311894178391,20,0.06986953253331392,46,0.0689049575462648,0.03595914273847467,0.020236383766740973,0.012903887264388963,0.8548412586638228,0.07167230049074136,0.09982481775104679,0.24457060929284657,0.02625608374818375,0.9577459301804442
2021-09-01,561.3161010742188,30092045.0,49.94868087768555,259293907.0,0.10124311894178391,20,0.06986953253331392,46,0.0734264748244362,0.051369812590887465,0.04421745457340265,0.013008570996669688,1.0,0.08047946066710465,0.1050787419903183,0.23862891946134268,0.02624852473612044,0.978872792713282
2021-09-02,555.8221435546875,24112463.0,49.87076187133789,419823016.0,0.10124311894178391,20,0.06986953253331392,46,0.04786346035698852,0.06794437670556808,0.037225097261673,0.01299969637143526,0.9838716093235472,0.06833337181714083,0.10327024753619418,0.21662493322789178,0.025908097438259545,1.0
2021-09-03,567.7258911132812,51562454.0,54.546138763427734,636849628.0,0.10124311894178391,20,0.06986953253331392,46,0.021885859849568368,0.08586797900401733,0.02533803506573018,0.013104052672125907,0.8871001901821297,0.04575173489096618,0.1531532095735917,0.23747467465617933,0.025666639955383593,0.9932888882901845
2021-09-06,577.7984619140625,55589014.0,54.468223571777344,582599522.0,0.10124311894178391,20,0.06986953253331392,46,0.03505809614325561,0.12318829904543227,0.04377104641581542,0.013484709259640595,1.0,0.13452178117535296,0.2567324088841201,0.3484376111010836,0.029058003288916178,1.0
2021-09-07,570.4729614257812,26526056.0,53.143524169921875,329592945.0,0.10124311894178391,20,0.06986953253331392,46,0.04297497825172991,0.11484112484998188,0.07312907645706712,0.013604013118753408,1.0,0.11305744884607694,0.19283283678323082,0.35919039436223943,0.028971540336706993,0.9951927659659598
2021-09-08,566.8102416992188,37817737.0,51.27337646484375,370835503.0,0.10124311894178391,20,0.06986953253331392,46,0.014658031906491953,0.08916079434168589,0.0667808248493671,0.01372402449978669,0.898734059733076,0.0808240769446329,0.16780821573315818,0.3489985097476447,0.02914652859097491,0.9134610790563464
2021-09-09,566.8102416992188,18735512.0,52.59806823730469,280162094.0,0.10124311894178391,20,0.06986953253331392,46,0.009787961924636823,0.058119908009180765,0.04384497361336703,0.013602338356521105,0.8481015114672048,0.026521132568087635,0.09666678279801544,0.2770618227341193,0.029817796741756854,0.7980761649452023
2021-09-10,569.5572509765625,16304725.0,53.143524169921875,212454512.0,0.10124311894178391,20,0.06986953253331392,46,0.019769090296148262,0.04208761368529146,0.019769090296148262,0.01312960884143215,0.8481015114672048,0.0546874814746765,0.10294126351992694,0.2930419975403795,0.029953129178869862,0.8798073811342249
2021-09-13,563.1475219726562,15198774.0,52.052608489990234,164440315.0,0.10124311894178391,20,0.06986953253331392,46,0.0032257818287801943,0.038396967741526344,0.014681834151153428,0.013065112291352873,0.8860755007990172,-0.025714278321131823,0.1053483723328239,0.3040318001560953,0.029949269095391008,0.9134610790563464
2021-09-14,561.3161010742188,14441901.0,51.42921829223633,157083603.0,0.10124311894178391,20,0.06986953253331392,46,-0.02535648830367654,0.016528795414662678,0.0016288149567855736,0.013186949079838894,0.7974689632013338,-0.04434907040072367,0.06369438568715236,0.2517642221634704,0.030160445093016106,0.8461534478518078
2021-09-15,555.8221435546875,23433501.0,51.11752700805664,104901582.0,0.10124311894178391,20,0.06986953253331392,46,-0.016051348566418988,-0.001628597839355872,0.04074705710606197,0.011518540969319755,0.7721518453332163,-0.03225803904543856,0.045958811669302824,0.26901635722661066,0.0298914993603457,0.8076913390941688
2021-09-16,551.9126586914062,22467022.0,51.58506393432617,140953678.0,0.10124311894178391,20,0.06986953253331392,46,-0.0193858496832916,-0.009787635717231624,0.04295562675098341,0.011465684500916201,0.6962047104047735,-0.0030395785792256547,0.023400940922411184,0.2877030091065509,0.029660389777931142,0.7884605200756448
2021-09-17,551.9126586914062,40717715.0,51.11752700805664,168231667.0,0.10124311894178391,20,0.06986953253331392,46,-0.026283193054436715,-0.007033697575052789,0.037402316222794996,0.01152634130894286,0.6421609407984772,-0.019259344248313104,0.03437489219456946,0.3044406611684727,0.029618380967363602,0.8173067486034309
2021-09-22,539.0345458984375,40642293.0,50.338294982910156,165283608.0,0.10124311894178391,20,0.06986953253331392,46,-0.030979488462139382,-0.027853639704305322,0.030309138192232687,0.011488623738235292,0.6421609407984772,-0.03812312400260254,-0.06285709370266035,0.33333024879857365,0.029140266027347057,0.7582418705638181
2021-09-23,540.8744506835938,21696296.0,50.80583190917969,118279945.0,0.10124311894178391,20,0.06986953253331392,46,-0.04281822281620473,-0.06708899135385804,-0.0039477609373211875,0.011971529806309293,0.4641370360933036,-0.03293424780834453,-0.07582271493442105,0.2423075985262011,0.028256557928046284,0.7032966944291723
2021-09-24,550.0729370117188,16736973.0,52.20845031738281,127879293.0,0.10124311894178391,20,0.06986953253331392,46,-0.036417359757727974,-0.05188416058880696,0.0097030397441904,0.01187421421973419,0.48957143315170526,-0.01212124943284909,-0.0439882807408033,0.23719145907460093,0.02823542968481736,0.7362636387208948
2021-09-27,553.752197265625,19464241.0,51.66299057006836,92868852.0,0.10124311894178391,20,0.06986953253331392,46,-0.010343608310026009,-0.02952893835743664,0.03572675480301246,0.012063092379851805,0.6167290749456212,0.02134147274288578,0.018237025080261926,0.24767221489219082,0.028367297807308026,0.8351650095596123
2021-09-28,546.3934936523438,16707080.0,50.88376235961914,80605472.0,0.10124311894178391,20,0.06986953253331392,46,0.0033330247916043554,-0.023037770796885293,0.042654396623669655,0.012094934214455623,0.6675902754457875,0.0015106433878107062,-0.017777794861544627,0.24858764406362455,0.028357011293558082,0.7967035745526027
2021-09-29,533.515625,49310524.0,49.09152603149414,217250781.0,0.10124311894178391,20,0.06986953253331392,46,-0.010000069670712985,-0.04066976108986797,0.030575549506844935,0.012290075688498247,0.5658653432399093,-0.004573082113316196,-0.04252186593943863,0.26061779838409915,0.0281494572862266,0.6948058470936191
2021-09-30,533.515625,30465107.0,49.87076187133789,120716424.0,0.10124311894178391,20,0.06986953253331392,46,-0.010238529126623597,-0.05261835632137446,-0.0006179597039966955,0.012808866847463053,0.38784481347546335,-0.024767802561435404,-0.056886341422553555,0.1538462366097546,0.027793739526799033,0.5172413327422759
2021-10-01,527.996337890625,36704493.0,48.77983474731445,142501064.0,0.10124311894178391,20,0.06986953253331392,46,-0.013605422985487947,-0.049527309159697386,0.0045511599240499745,0.012782389403861777,0.38784481347546335,-0.018404777615162904,-0.0303029381477824,0.10726653240553241,0.026489346730128392,0.5862073389483792
2021-10-04,526.1566772460938,20957803.0,47.377220153808594,131200706.0,0.10124311894178391,20,0.06986953253331392,46,-0.040133948855992196,-0.05006242731911725,-0.02269085123144099,0.012592084148007558,0.31154752844653166,-0.06567165945790965,-0.04573171664532483,0.08869563573847183,0.026735542213221115,0.48965520035463445
2021-10-05,526.1566772460938,33824024.0,47.61098861694336,189918094.0,0.10124311894178391,20,0.06986953253331392,46,-0.04983369845897723,-0.04666677061979396,-0.032654465501130936,0.01254749287708912,0.2861165063288576,-0.08295629751528133,-0.08157097150978931,0.023568949756034296,0.026706678403804324,0.36551726699174825
2021-10-06,525.2369384765625,32508846.0,46.6759147644043,131848168.0,0.10124311894178391,20,0.06986953253331392,46,-0.037037074272202375,-0.04666677061979396,-0.03590089023605614,0.012531530874917672,0.2861165063288576,-0.06431862721835646,-0.06859757496798735,0.009917406596920753,0.026569979638117497,0.3862068662824793
2021-10-07,533.515625,27933054.0,48.7019157409668,151354156.0,0.10124311894178391,20,0.06986953253331392,46,-0.015517233489529936,-0.02559688896910639,-0.03758616644230239,0.012531734002879021,0.2734022608727934,-0.04920627779100073,-0.07275534897932556,-0.055205031242186786,0.02566264428774541,0.3034484691195551
2021-10-08,528.9163208007812,18279079.0,47.61098861694336,115041097.0,0.10124311894178391,20,0.06986953253331392,46,0.0,-0.013605422985487947,-0.014145870798603077,0.012729185831038397,0.38784481347546335,-0.02343750298795544,-0.04141091857277024,0.00644128286131096,0.0263651982319857,0.482759004876224
2021-10-12,528.9163208007812,26522907.0,45.58498764038086,162345809.0,0.10124311894178391,20,0.06986953253331392,46,0.0017424039602842445,-0.038461474447136434,-0.02921507793320044,0.012743420333579699,0.3242651488433234,-0.023961666463731546,-0.08805972352159108,-0.012924110306324899,0.026596063609182017,0.3862068662824793
2021-10-13,525.2369384765625,18914374.0,43.9486083984375,228247159.0,0.10124311894178391,20,0.06986953253331392,46,0.00524490835910596,-0.044850163281483835,-0.02264467162801298,0.01270715052170693,0.3242651488433234,-0.037828992659537874,-0.11764713700505114,-0.021739146451650315,0.02689634223025719,0.20689633052581044
2021-10-14,527.076416015625,13916927.0,44.182373046875,118769240.0,0.10124311894178391,20,0.06986953253331392,46,-0.0017480321153485745,-0.03872036439226456,-0.027798436453042474,0.012745440852476435,0.2734022608727934,-0.07692300296412091,-0.13629404823031155,-0.058430699853078805,0.027452390001174363,0.06206913549069304
2021-10-15,551.9126586914062,53150216.0,46.05252456665039,212901390.0,0.10124311894178391,20,0.06986953253331392,46,0.0035021861645867514,-0.012069391565382892,-0.017734114539790014,0.012722410900632131,0.2988307517849218,-0.053422449889100165,-0.10000000777058193,-0.05657244862509481,0.02746184495324031,0.08275839716292423
2021-10-18,542.7139892578125,19158568.0,45.50706481933594,119794110.0,0.10124311894178391,20,0.06986953253331392,46,0.03448265210865431,0.03448265210865431,0.037402316222794996,0.014607625631605003,0.6421609407984772,-0.05440014286928363,-0.07656264234619492,0.026041586987850085,0.027490818292351282,0.24827552910727255
2021-10-19,551.9126586914062,17386359.0,46.44214630126953,103789955.0,0.10124311894178391,20,0.06986953253331392,46,0.02608667555605315,0.027874533043136918,0.01487172270313164,0.014841580868646554,0.5150007677990155,-0.04418987840253952,-0.06709268173891658,0.02276700503684337,0.0275222388021766,0.1999997974289001
2021-10-20,550.0729370117188,16372520.0,45.740840911865234,150190445.0,0.10124311894178391,20,0.06986953253331392,46,0.04347821571436561,0.04895116333051108,0.03207317628536677,0.01505767607199259,0.6421609407984772,0.018803529522718687,-0.019736781717107466,0.043782873463854566,0.027687980127136545,0.28275886982882403
2021-10-21,548.2333374023438,16169014.0,45.195377349853516,131526430.0,0.10124311894178391,20,0.06986953253331392,46,0.04728532347171255,0.045454635092350815,0.0465534459734076,0.014804152366467331,0.6167290749456212,0.040780188013676666,-0.03927974947389756,0.010327159568535027,0.02768208832303573,0.22069007195663087
2021-10-22,551.9126586914062,13995403.0,45.42914581298828,103407443.0,0.10124311894178391,20,0.06986953253331392,46,0.04014014048788628,0.0437829048971341,0.07104229835193299,0.014182912888679499,0.5912988965631291,0.022927792988931994,-0.03171951577218701,0.04504508239378602,0.02682005853061669,0.1608394050260367
2021-10-25,545.4735717773438,16785568.0,46.28630065917969,122194078.0,0.10124311894178391,20,0.06986953253331392,46,0.0,0.03448265210865431,0.09190341684372916,0.01402099968478928,0.565088584463648,-0.013536255819372345,-0.06720002443816697,0.04667866773704832,0.026824302346179975,0.1397058902932566
2021-10-26,550.992919921875,19998808.0,46.59798812866211,179013620.0,0.10124311894178391,20,0.06986953253331392,46,0.005084782360788465,0.031304102984560433,0.05247142458928522,0.013688699004450576,0.40167360707854227,0.017123403650341595,-0.027823155877344075,0.013651918475615199,0.025764111825050857,0.2205883993939697
2021-10-27,550.992919921875,14961858.0,48.234375,205373116.0,0.10124311894178391,20,0.06986953253331392,46,-0.0016664571015855278,0.04173930403143866,0.051969027311788096,0.013680912457621198,0.4900158854021515,0.003355612085230497,0.022222238958860663,0.023972614222806055,0.02577273848228688,0.2499997300292756
2021-10-28,547.3132934570312,16570044.0,46.59798812866211,273608270.0,0.10124311894178391,20,0.06986953253331392,46,0.001672474408855873,0.049036881373989205,0.028592172212063893,0.013255488966347444,0.4900158854021515,0.05451439104364919,0.09751768617353695,0.03166673425130395,0.02599303158514317,0.4044118255816339
2021-10-29,542.7139892578125,25763960.0,45.195377349853516,228569205.0,0.10124311894178391,20,0.06986953253331392,46,-0.0016781977354238808,0.03839457965959592,0.006242234097693089,0.013097872711922006,0.4200098006428479,0.031034385838868195,0.05467372880185217,-0.02287582744984107,0.026364203752636425,0.2499997300292756
2021-11-01,542.7139892578125,16089351.0,44.88368225097656,133814105.0,0.10124311894178391,20,0.06986953253331392,46,-0.016666893372954905,-0.016666893372954905,-0.01054273327228672,0.013098615862921444,0.33250654924474665,-0.005145781611150868,-0.018612382814244044,-0.059967558212807304,0.026726120486209166,0.11764712234605279
2021-11-02,544.5538330078125,15192404.0,45.974605560302734,196050588.0,0.10124311894178391,20,0.06986953253331392,46,-0.005059058151139273,0.0,-0.020355455312262904,0.01299944630547043,0.33250654924474665,-0.03030310023112537,-0.013698588797897981,-0.08280252989606096,0.026570236709500535,0.08823507178881522
2021-11-03,544.5538330078125,10224009.0,46.13045120239258,93460973.0,0.10124311894178391,20,0.06986953253331392,46,-0.011686333310735653,-0.013333315639184051,-0.031442403359675075,0.012789196598887116,0.36751017223120225,-0.013377885900098252,-0.010067164810469098,-0.06497618677438866,0.02685598357372574,0.19117634883673215
2021-11-04,539.95458984375,17932145.0,45.66291427612305,76279150.0,0.10124311894178391,20,0.06986953253331392,46,-0.011686333310735653,-0.010033403995275414,-0.02986243942464406,0.012788723226762812,0.36751017223120225,-0.043618763539642,0.008517777171566543,-0.07644305331392154,0.026731018746321264,0.20588219413486802
2021-11-05,551.9126586914062,33270827.0,47.06553268432617,186857464.0,0.10124311894178391,20,0.06986953253331392,46,-0.013445139559466912,-0.015100773692129699,-0.028547897731203475,0.012766978828318428,0.28000808204670863,-0.020066828850147433,0.010344795279622732,-0.08437504135330265,0.02676383524862927,0.1617646582404604
2021-11-08,553.752197265625,19752355.0,48.7019157409668,207476998.0,0.10124311894178391,20,0.06986953253331392,46,0.016949386998800886,0.0,-0.027853639704305322,0.012798155152118634,0.5075142132545566,0.04137934992766956,0.036020639218579564,-0.1371427244657175,0.02274317452706599,0.2962964171719875
2021-11-09,562.031005859375,39538660.0,49.16944885253906,229429473.0,0.10124311894178391,20,0.06986953253331392,46,0.020338904517474887,0.015176950665651168,-0.041617045100431516,0.012483939238245364,0.6303661756709532,0.08506952412326108,0.052188553576014485,-0.10586553870646798,0.02348765244072219,0.5169495252224534
2021-11-10,562.9508056640625,16027674.0,49.16944885253906,126681412.0,0.10124311894178391,20,0.06986953253331392,46,0.032094481375749995,0.02003308125822212,-0.014798169479070977,0.012577692933067066,0.8301851974264057,0.0694914780301008,0.0551839430658867,-0.07478004854695086,0.023297647604132776,0.5677964414087003
2021-11-11,557.4317626953125,18463848.0,48.468143463134766,108353293.0,0.10124311894178391,20,0.06986953253331392,46,0.03378357022047829,0.02170243084771939,-0.006809044281885557,0.012543124813666474,0.8509386567953464,0.06587834219988875,0.019386046829446002,-0.041033529628135,0.022684277265349266,0.5677964414087003
2021-11-12,555.5919799804688,15821327.0,48.77983474731445,108567895.0,0.10124311894178391,20,0.06986953253331392,46,0.03236785681666299,0.018487526905055285,-0.01654606482725307,0.0126323790531019,0.7264123920324344,0.06143342428931575,0.04013382142827604,-0.0785185637528949,0.02238000042235209,0.49152544482391247
2021-11-15,559.2714233398438,15551452.0,49.403221130371094,74553814.0,0.10124311894178391,20,0.06986953253331392,46,0.006666491936942132,0.02372887188750661,-0.0245195210352408,0.012613646977618397,0.8007009838567636,0.03642372592458054,0.07931026595295276,-0.08211140474340572,0.02233638775733682,0.5849054251021121
2021-11-16,561.1112060546875,20917108.0,49.09152603149414,74721656.0,0.10124311894178391,20,0.06986953253331392,46,0.009966960133922953,0.03050858170189108,-0.006882918740785504,0.012543819634292536,0.9024395375333385,0.014399954883384192,0.10069447631597117,-0.05089826305493639,0.02224616237492778,0.6603773759183621
2021-11-17,561.1112060546875,19717852.0,49.55906677246094,111469217.0,0.10124311894178391,20,0.06986953253331392,46,-0.0016365641665642139,0.030405392531021702,-0.0003650260862625432,0.012544191308881576,0.9512221963282322,-0.001584781258757162,0.06779656797931821,-0.045454555569145794,0.022195104232342947,0.6226411695919396
2021-11-18,563.8707275390625,20030651.0,49.16944885253906,82944078.0,0.10124311894178391,20,0.06986953253331392,46,-0.0032677804008202083,0.030405392531021702,0.00951574628922569,0.01244718405882094,0.9512221963282322,0.007923983876458651,0.0743243449977471,-0.030487786221545354,0.022236389891857708,0.6792452481632759
2021-11-19,568.4701538085938,35554348.0,50.727909088134766,368830431.0,0.10124311894178391,20,0.06986953253331392,46,0.011551126567700631,0.044292868595178,0.02166659644301161,0.012411991549867907,1.0,0.014469408962150876,0.07679173859145405,-0.04682780048237356,0.022211366378286124,0.6320751057143965
2021-11-22,565.71044921875,20312168.0,50.416221618652344,151356281.0,0.10124311894178391,20,0.06986953253331392,46,0.023179193170818735,0.030000209012138956,0.030000209012138956,0.012466311506954382,1.0,0.03993605863799199,0.07781440461691069,-0.007622002524896532,0.022730382765605975,0.8207542900001293
2021-11-23,562.9508056640625,19431694.0,49.24737548828125,136256721.0,0.10124311894178391,20,0.06986953253331392,46,0.011513239565243305,0.021594951698925335,0.049488300004687735,0.01190813145391499,0.9361670287844841,0.02050474574538419,0.03519996804239711,0.0015480587049807593,0.022623976843080616,0.7830190073468966
2021-11-24,554.672119140625,20391940.0,49.16944885253906,93267750.0,0.10124311894178391,20,0.06986953253331392,46,0.0032784937985994578,0.001636564166564325,0.04081604326580246,0.01193955744296187,0.8723354693343385,0.0031746712597022775,0.0015848588414300036,-0.030674754498348333,0.022862440425635237,0.6415095036734483
2021-11-25,554.672119140625,11888265.0,49.09152603149414,67682737.0,0.10124311894178391,20,0.06986953253331392,46,-0.011475598499159023,-0.014705879164116031,0.008361040544716536,0.011906721617809668,0.6808464380453826,-0.007861687987603116,0.0,-0.05820899579223704,0.0224270997715463,0.6767671523068776
2021-11-26,548.2333374023438,26588102.0,48.7019157409668,181896349.0,0.10124311894178391,20,0.06986953253331392,46,-0.016313328479709455,-0.004950639234018506,0.0016612518732068704,0.011863384046842814,0.6808464380453826,-0.001584781258757162,0.012861696855245297,-0.04977382281203113,0.02237943378946411,0.7415722364410737
2021-11-29,545.4735717773438,23379558.0,48.62398910522461,111274094.0,0.10124311894178391,20,0.06986953253331392,46,-0.03559873156166404,-0.01324468826634917,0.0033672504731006025,0.011819853367238614,0.5319150738423877,-0.039938435933718486,-0.0015973610150851192,-0.042879034833002705,0.02229653411431997,0.7011500979375439
2021-11-30,548.2333374023438,62021697.0,49.63698959350586,277535104.0,0.10124311894178391,20,0.06986953253331392,46,-0.035772500701292564,-0.024671118506470968,0.022413489346903015,0.011244803050444967,0.46808069086150156,-0.03554872729226233,-0.01577289916157798,-0.00952378066164794,0.02162396631675865,0.6896553082373886
2021-12-01,551.9126586914062,21403404.0,52.20845031738281,271112474.0,0.10124311894178391,20,0.06986953253331392,46,-0.02614343582714629,-0.02295065312078015,0.027586281849465433,0.011265422694817489,0.5319150738423877,0.00791136789243363,0.011111155144408968,-0.00468756179091756,0.02172607740637947,0.8390808219663698
2021-12-02,565.71044921875,45125742.0,51.97467803955078,309629242.0,0.10124311894178391,20,0.06986953253331392,46,-0.004974939886097207,-0.016393447972565922,0.0452963762898968,0.011164182561441157,0.6170191138913477,0.06180670183954717,0.053459108846538816,0.07028756017376869,0.022852413072052772,1.0
2021-12-03,559.2714233398438,23045832.0,53.22145080566406,184103948.0,0.10124311894178391,20,0.06986953253331392,46,0.019900639850488844,0.003262665695941802,0.07517489311298076,0.01172884544921868,0.9361670287844841,0.05873013615846823,0.057052280480602846,0.09703941832840113,0.02236060573188049,0.9716977297960345
2021-12-06,551.9126586914062,23589363.0,52.442222595214844,134977704.0,0.10124311894178391,20,0.06986953253331392,46,0.02013391960036759,-0.01618155396043408,0.06293704427942015,0.011901523762214138,0.7872300175200082,0.0927999442308498,0.04915522366981473,0.11783964903270472,0.022604189924674965,1.0
2021-12-07,558.351806640625,18606530.0,51.81883239746094,155164688.0,0.10124311894178391,20,0.06986953253331392,46,0.011804580913208573,-0.024390199167080295,0.05078797445628269,0.012106450766551187,0.6170191138913477,0.07852571457531798,0.04018549807018745,0.12353925702186808,0.022495495464115067,0.9159666285451
2021-12-08,553.752197265625,20801543.0,51.81883239746094,145042808.0,0.10124311894178391,20,0.06986953253331392,46,0.01845650117926967,-0.008169451002050687,0.046551929272221404,0.01200278485249324,0.7659589486865641,0.0439559856837195,0.05221510554997155,0.06399987780916527,0.021677625927534083,0.8487391086135543
2021-12-09,559.2714233398438,11039070.0,49.87076187133789,283828545.0,0.10124311894178391,20,0.06986953253331392,46,0.0033330247916043554,-0.0016584966924698685,0.04695615447684087,0.011995322690834184,0.6595683103850872,-0.007462736732336106,0.053882717963088744,0.08837967668287683,0.02134303775321614,0.8487391086135543
2021-12-10,556.511962890625,10497451.0,49.481143951416016,150096505.0,0.10124311894178391,20,0.06986953253331392,46,-0.01138219364305293,0.008291933271036944,0.057391124730476806,0.012070120715570967,0.7872300175200082,-0.040479638307944654,0.015873123181052495,0.09401722919763467,0.021101529372870062,0.6386556799763043
2021-12-13,552.8324584960938,17711657.0,48.9356803894043,105402091.0,0.10124311894178391,20,0.06986953253331392,46,-0.004934027261289109,0.015100551030893694,0.05954460191770772,0.012039967337249866,0.7111111111111111,-0.07027818290609222,0.015999949870426855,0.12588647865298985,0.020289039917803165,0.5862070275243296
2021-12-14,550.992919921875,22579034.0,48.62398910522461,103901892.0,0.10124311894178391,20,0.06986953253331392,46,0.0016665676900189386,0.013490821736371617,0.04886586023933437,0.012098877674064078,0.45160841525773815,-0.06686486636686728,0.006410236797009139,0.10758379450298672,0.020400410380083823,0.4859811245479701
2021-12-15,551.9126586914062,21827730.0,48.857757568359375,93198092.0,0.10124311894178391,20,0.06986953253331392,46,-0.013179659546595612,0.0050335912307097885,-0.0016664571015855278,0.00969486118690257,0.38709843128945054,-0.06165409648236053,-0.020408177380962345,0.05583764544444492,0.01945136003662618,0.44859806670278024
2021-12-16,559.074462890625,21809022.0,49.09152603149414,137799524.0,0.10124311894178391,20,0.06986953253331392,46,-0.0033219526410951383,0.0,0.016949386998800886,0.009331796582455141,0.4193523530658242,-0.05714283190307179,-0.0641791267247751,0.07363016626815555,0.01934259276379856,0.4766353600866726
2021-12-17,560.9226684570312,24105733.0,48.54606246948242,87120133.0,0.10124311894178391,20,0.06986953253331392,46,-0.00035217327579972757,-0.011730358414431485,0.012976336176451442,0.009179276796323,0.6705065721459164,-0.01562510398084771,-0.055472243731123694,0.05704688394541724,0.01912310776246855,0.504672653470565
2021-12-20,552.605712890625,21381070.0,48.468143463134766,63987172.0,0.10124311894178391,20,0.06986953253331392,46,0.007925625791575408,0.0029524932765681022,0.019724168769788664,0.009171497707090954,0.7353204951209228,-0.01889773370744463,-0.0878478182275344,0.061328596101291044,0.019048405159482664,0.43925184472131534
2021-12-21,551.681640625,17001461.0,49.013607025146484,76514949.0,0.10124311894178391,20,0.06986953253331392,46,-0.0004101524828798997,0.0012557316602630486,0.007975391480201877,0.009455824938388367,0.443656771525624,-0.009554111081099048,-0.07578014308727443,0.07241373576653753,0.018935989774029317,0.42990653778018534
2021-12-22,554.453857421875,9831802.0,49.63698959350586,82654446.0,0.10124311894178391,20,0.06986953253331392,46,0.0012499628910342953,-0.011946170740910977,-0.00041857722008764586,0.0094040737449473,0.41125088024589096,0.008012874449250251,-0.05413524856750551,0.07890223661509821,0.01898528342265295,0.495327346529435
2021-12-23,559.9984130859375,16654439.0,49.7928352355957,70656246.0,0.10124311894178391,20,0.06986953253331392,46,0.0046043494209644376,0.0012671013491498684,0.016463282749465513,0.0092489934960792,0.5084685540850901,0.015948992829976305,-0.04210520968940212,0.0723905105097582,0.018875297878872748,0.5700934622198146
2021-12-24,558.1502075195312,11059689.0,50.104530334472656,75313292.0,0.10124311894178391,20,0.06986953253331392,46,0.0016526424593521494,0.0012998871670437673,0.016344117752618903,0.009245985647090473,0.7029081825945689,0.014285748698291467,-0.001562571591411266,0.06856191082997554,0.01886070290593191,0.5887849911424096
2021-12-27,559.9984130859375,16259872.0,50.104530334472656,45805295.0,0.10124311894178391,20,0.06986953253331392,46,-0.0049426794340945435,0.002943772529878652,0.012989799576138106,0.009263716572530247,0.6380942596195626,0.032102868609991564,0.012598463440310237,0.03877225183228061,0.018126973463122285,0.6261685065077669
2021-12-28,568.3152465820312,33892718.0,50.416221618652344,79937853.0,0.10124311894178391,20,0.06986953253331392,46,0.013377893175664068,0.01296225371668247,0.02317707203635133,0.009206957804659932,0.7029081825945689,0.03376211165551535,0.023885433609327045,0.07525093564401542,0.017265085322664308,0.6261685065077669
2021-12-29,569.2393188476562,24518766.0,50.64999008178711,52868829.0,0.10124311894178391,20,0.06986953253331392,46,0.030150733198565538,0.03143838338723559,0.04717265047696606,0.009351233142409243,0.9945676253587872,0.028616840886373618,0.03685901848878048,0.11551721824081085,0.0165179780749692,0.6635515643529567
2021-12-30,568.3152465820312,19681276.0,50.64999008178711,48028296.0,0.10124311894178391,20,0.06986953253331392,46,0.026666712167052742,0.031393844448742714,0.04887533786648546,0.00934976154492473,1.0,0.020408177380962345,0.03668266008566046,0.12847225409374885,0.016449624588965317,0.6597938352448364
2022-01-03,583.1006469726562,69089158.0,49.403221130371094,120134207.0,0.10124311894178391,20,0.06986953253331392,46,0.014851530471779117,0.01652871720097515,0.04363464571165343,0.009352851013491864,0.9684452512604184,0.017214421354714293,0.031746090950465655,0.10169493494298476,0.01610622069064086,0.6597938352448364
2022-01-04,606.202880859375,79434666.0,49.09152603149414,113554504.0,0.10124311894178391,20,0.06986953253331392,46,0.044702015903580694,0.039538388734817076,0.07078604837272495,0.010111674014780964,1.0,-0.013996922023217784,0.017656605238118184,0.07094597695608007,0.0166366550763971,0.4948453764336273
2022-01-05,600.6583862304688,69593809.0,49.16944885253906,83002873.0,0.10124311894178391,20,0.06986953253331392,46,0.08250821197657032,0.09698989119817192,0.12269233795159651,0.01155476694996856,1.0,-0.020217818552857536,0.012861696855245297,0.07508525922454967,0.01658027358332622,0.329113108269811
2022-01-06,595.1138916015625,53210211.0,48.857757568359375,80543215.0,0.10124311894178391,20,0.06986953253331392,46,0.05691056124739924,0.08877718959431569,0.08832145226500043,0.011284158570272899,0.908701503232699,-0.024729595477103627,0.0031795625103172576,0.04470184545289424,0.015940580315933647,0.14754050997912604
2022-01-07,585.8731079101562,38249908.0,48.77983474731445,99195601.0,0.10124311894178391,20,0.06986953253331392,46,0.04545464780311659,0.07333348597978984,0.07469350828796273,0.011415856964759014,0.8174030064653981,-0.03538465674985769,-0.01569861572041087,0.0031999116466272515,0.01506496099639025,0.08196694998840337
2022-01-10,594.1897583007812,38289770.0,48.390220642089844,95348594.0,0.10124311894178391,20,0.06986953253331392,46,0.03089458083998564,0.0462049431205227,0.042421328720691154,0.011526376363008715,0.6652395152107209,-0.03692311353768918,-0.020344302217140675,-0.007923906293785699,0.014993204038647127,0.06557355999072269
2022-01-11,601.58251953125,33196585.0,48.390220642089844,44217559.0,0.10124311894178391,20,0.06986953253331392,46,0.019017491038120893,0.06456962712853409,0.055491443164148224,0.011703400083881805,0.8021857528073175,-0.02050474574538419,-0.03421466444129784,-0.015847812587571397,0.015042730736673806,0.0
2022-01-12,609.8992309570312,38860063.0,48.234375,74002300.0,0.10124311894178391,20,0.06986953253331392,46,-0.007621806946174536,0.07425754336723633,0.07920387712113541,0.01168953992461761,0.9239187568907797,-0.01428567099247191,-0.03421466444129784,-0.0016077121069056899,0.014879250936582045,0.0
2022-01-13,610.8233032226562,38137411.0,49.32529830932617,115790076.0,0.10124311894178391,20,0.06986953253331392,46,0.015384526277165467,0.07317062954952358,0.09774664310034065,0.011802466068173915,1.0,-0.01901737510508572,-0.04327667858880424,-0.011182074521982277,0.014853106719571251,0.0
2022-01-14,620.9884033203125,95200777.0,48.857757568359375,92471313.0,0.10124311894178391,20,0.06986953253331392,46,0.026397319643836292,0.07305184831430966,0.09217685319045299,0.011783036788247261,1.0,0.00956942692903251,-0.026153840708001974,-0.0015772821946020699,0.01513700295208754,0.21875009561457992
2022-01-17,631.1534423828125,59614236.0,50.104530334472656,154911953.0,0.10124311894178391,20,0.06986953253331392,46,0.0599366909592669,0.09268299074337505,0.10671181865469492,0.011992275865665768,1.0,0.0015974392174260554,-0.03538465674985769,-0.00476189033082397,0.015177445743764329,0.1249996175416803
2022-01-18,611.7474975585938,43593330.0,49.714908599853516,96924393.0,0.10124311894178391,20,0.06986953253331392,46,0.06220855133507719,0.08240909294070731,0.12482772678986298,0.012174104925633743,1.0,0.03542677982525477,0.01419561696697591,0.011006332393547424,0.015616603668896167,0.3750003824583197
2022-01-19,604.3547973632812,40381333.0,48.9356803894043,75176729.0,0.10124311894178391,20,0.06986953253331392,46,0.016897063490581843,0.009146470388524897,0.08490735142163341,0.013226569077423337,0.7735063710170903,0.02737511712462526,0.012698374215530661,0.011093468811300022,0.015615508686332538,0.29687409166149076
2022-01-20,601.58251953125,46474584.0,49.481143951416016,61673388.0,0.10124311894178391,20,0.06986953253331392,46,-0.0090907371452984,0.006153932447376498,0.06312493859927426,0.01336581195679259,0.6872235586940679,0.014539535122084501,-0.004754343776271486,-0.035330230063625234,0.014997001032586983,0.14062456973439036
2022-01-21,592.341552734375,49577684.0,48.9356803894043,84065982.0,0.10124311894178391,20,0.06986953253331392,46,-0.015128407254033305,0.01086956298781594,0.06341065533090218,0.013362751882467067,0.6548673259822237,0.0031595478878305716,0.012759209879504407,-0.01854715877578539,0.015082311800188626,0.25
2022-01-24,603.4305419921875,47134502.0,48.77983474731445,104842422.0,0.10124311894178391,20,0.06986953253331392,46,-0.046131055640923346,0.011040692492768844,0.0522083755358389,0.013581883953530043,0.5470127420341806,0.0015948914752359489,0.003194878434852111,-0.006329171773856723,0.014745965933006908,0.14062456973439036
2022-01-25,592.341552734375,52318736.0,47.92268371582031,128470767.0,0.10124311894178391,20,0.06986953253331392,46,-0.04392418472116999,0.015551906713828778,0.08790494630793022,0.013600321528431585,0.6764362481558707,-0.026438638947719917,0.008051505036654527,-0.007923906293785699,0.014752109706010335,0.10937466534897027
2022-01-26,587.72119140625,29957189.0,44.6499137878418,399886476.0,0.10124311894178391,20,0.06986953253331392,46,-0.031722148274681006,-0.015361095937554081,0.06791297469956259,0.013960294226840888,0.5470127420341806,-0.03605004885875385,-0.009661806043985366,-0.02380945165411985,0.014996016213537904,0.0
2022-02-07,586.7970581054688,56836469.0,42.46806716918945,303067087.0,0.10124311894178391,20,0.06986953253331392,46,-0.02752291539605778,-0.03636344895201837,0.07202745858361848,0.013884174131860216,0.4930868747858459,-0.08757958543661049,-0.07431341677295922,-0.0832000526360519,0.01826510960538866,0.0
2022-02-08,580.328369140625,39718217.0,43.169376373291016,145754347.0,0.10124311894178391,20,0.06986953253331392,46,-0.024577611459358883,-0.03933419859790366,0.07575708240727153,0.013853154964368253,0.4650708137936923,-0.14173230896020683,-0.13902057108978882,-0.12660256900587585,0.0196496831713419,0.0
2022-02-09,584.9488525390625,30048791.0,43.63691329956055,104196446.0,0.10124311894178391,20,0.06986953253331392,46,-0.020280838881376106,-0.06547631801541809,0.058542648811462206,0.013983481947631342,0.3659588076293448,-0.11783434848004726,-0.11642739000269209,-0.13029825686812035,0.019532707875296176,0.0652175378290028
2022-02-10,599.7342529296875,34587133.0,43.4810676574707,113911457.0,0.10124311894178391,20,0.06986953253331392,46,-0.030627699738413727,-0.07320658771868915,0.05985764835687157,0.013996282943280687,0.42359919290364334,-0.10543130115948263,-0.12908248000205869,-0.16417911211144243,0.017654974983050593,0.10869565988573698
2022-02-11,600.6583862304688,26723278.0,43.169376373291016,84581234.0,0.10124311894178391,20,0.06986953253331392,46,0.012480468677549705,-0.01963758687505801,0.06014349524199991,0.01400767366855428,0.6080465983934215,-0.09268295750480549,-0.12539178121713734,-0.16341823946685652,0.01765506285766907,0.09420295253349226
2022-02-14,588.645263671875,27826382.0,41.29922103881836,159459899.0,0.10124311894178391,20,0.06986953253331392,46,0.022012469540640067,-0.006116293192243161,0.07400156911910738,0.013859244158424537,0.6195751322952754,-0.03315879671315136,-0.11783434848004726,-0.18887261208037687,0.017092370255139804,0.07031264043386055
2022-02-15,584.9488525390625,21970460.0,41.68883514404297,100424261.0,0.10124311894178391,20,0.06986953253331392,46,0.0031496503618702043,-0.021505371980315546,0.06655510505514095,0.014077778633659895,0.46971180568774507,-0.027522941548399182,-0.16535436045357454,-0.2124814892459047,0.018040669019314226,0.0
2022-02-16,596.9620361328125,25191741.0,42.156375885009766,90558141.0,0.10124311894178391,20,0.06986953253331392,46,0.007961843060127594,-0.012480468677549705,0.04763492404271252,0.014038057967660991,0.42359919290364334,-0.03429609954161994,-0.14808918947677363,-0.19548872069750312,0.018156411092968155,0.03703692959193923
2022-02-17,596.0380249023438,18135080.0,42.3901481628418,67766598.0,0.10124311894178391,20,0.06986953253331392,46,0.020537152165706285,-0.010719553302720897,0.07803100209905,0.014266313299047137,0.5734632809228309,-0.033928555037500585,-0.1357827244929184,-0.18646611792288514,0.01831354270050694,0.09166677545478874
2022-02-18,588.645263671875,20804191.0,41.84468460083008,81812084.0,0.10124311894178391,20,0.06986953253331392,46,-0.006163109759510621,0.006240440419729154,0.06574017557152856,0.014217859713311494,0.5619362698442913,-0.025089528693793883,-0.11544711447685696,-0.1499999885262513,0.017622325509557148,0.11666710181915498
2022-02-21,584.0247192382812,23797502.0,41.922603607177734,77093640.0,0.10124311894178391,20,0.06986953253331392,46,-0.019999924805818692,0.0015722969992182367,0.057740539150935355,0.0143478945728516,0.46971180568774507,-0.030685914037908768,-0.0628272027655199,-0.1543306953065583,0.01766825503816314,0.05833355090957749
2022-02-22,579.404296875,34086593.0,41.143375396728516,111986147.0,0.10124311894178391,20,0.06986953253331392,46,-0.007849454873333328,-0.004724527549845314,0.05642262906747897,0.014366090055553558,0.4120706590017893,0.015094293613272747,-0.012844087295958984,-0.1433121339362241,0.01765211387638345,0.0666664490904225
2022-02-23,577.55615234375,31953054.0,41.76675796508789,56264257.0,0.10124311894178391,20,0.06986953253331392,46,-0.009478701667667955,-0.0015923265426320832,0.05156396012702569,0.014420253267397022,0.3488363877099932,-0.01308407264030731,-0.0469314395242455,-0.15384615384615385,0.017800262366285773,0.0
2022-02-24,558.1502075195312,73663161.0,40.3641471862793,105770914.0,0.10124311894178391,20,0.06986953253331392,46,-0.03250773518995609,-0.012638199328408484,0.046462956137199196,0.014436691445522733,0.3255810381347797,-0.009242206231974026,-0.04285718656666515,-0.1451355927121728,0.017992935673640523,0.06557355999072269
2022-02-25,558.1502075195312,89012516.0,40.5979118347168,107149479.0,0.10124311894178391,20,0.06986953253331392,46,-0.06356610786538341,-0.06933745272513481,-0.0016531883182697715,0.015273354960552333,0.08139449152347115,-0.047794147092376615,-0.07168454316130102,-0.17777770525234615,0.018524755524001107,0.0
2022-03-01,558.1502075195312,66720867.0,42.156375885009766,117258341.0,0.10124311894178391,20,0.06986953253331392,46,-0.05180548971399257,-0.07076930862100272,-0.0049426794340945435,0.015264810841622702,0.08139449152347115,-0.029795248261676455,-0.05956686787268928,-0.16372389912698027,0.018560714879588668,0.022726834427890513
2022-03-02,555.3779296875,40693457.0,41.76675796508789,57767223.0,0.10124311894178391,20,0.06986953253331392,46,-0.04430379548402852,-0.05180548971399257,0.010033364656879096,0.015084026478001902,0.08139449152347115,0.005576282428031432,0.020754746085543285,-0.13022507418559937,0.019682539337056285,0.17424227814263016
2022-03-03,556.3019409179688,33792420.0,42.23429870605469,46574496.0,0.10124311894178391,20,0.06986953253331392,46,-0.041467361075997355,-0.050553005999080525,0.006700040005522823,0.015103346674381726,0.012047943494030936,0.015151468792931055,0.001869153234329568,-0.14785382060007524,0.019571136130804294,0.13636323177959125
2022-03-04,549.8333740234375,55917115.0,41.61091995239258,45291882.0,0.10124311894178391,20,0.06986953253331392,46,-0.036800251091656855,-0.06811169346420154,0.0033331601383153053,0.015086432602988309,0.012194061083877161,0.011194087445274281,0.0018484231485522695,-0.1491365803622322,0.01954150195471521,0.18181801324149635
2022-03-07,532.2758178710938,86496560.0,40.20829772949219,106963655.0,0.10124311894178391,20,0.06986953253331392,46,-0.014900708418714936,-0.07751963624548375,-0.018151906907172055,0.015112512196636793,0.0,0.030888123570639747,-0.018382295043079644,-0.16431912833423212,0.019584994278894558,0.12121250331927494
2022-03-08,520.2625732421875,79029914.0,38.727760314941406,178913624.0,0.10124311894178391,20,0.06986953253331392,46,-0.046357395016344394,-0.0957613171796502,-0.046357395016344394,0.015876489684656714,0.0,-0.009596900126558672,-0.0391062063664217,-0.197511732749877,0.02003641727653771,0.0
2022-03-09,524.8829956054688,52155415.0,40.3641471862793,97926742.0,0.10124311894178391,20,0.06986953253331392,46,-0.06788071341175295,-0.10917713565147724,-0.07095705794018403,0.01620369685050663,0.0,-0.08133089000393723,-0.07620813158869089,-0.22706070576025073,0.020608549911474577,0.0
2022-03-10,542.4407348632812,45630467.0,41.143375396728516,96899292.0,0.10124311894178391,20,0.06986953253331392,46,-0.05490843703348125,-0.09409889012489259,-0.07642281504459592,0.0160813693027036,0.04166639146296088,-0.033581988335819934,-0.018939335991163708,-0.1993817487634597,0.021838843037191805,0.13725510272319086
2022-03-11,531.3516845703125,38943098.0,40.90960693359375,46824536.0,0.10124311894178391,20,0.06986953253331392,46,-0.024916695476227768,-0.06080000591798518,-0.04707788639517185,0.016970247168136218,0.1999998899185177,-0.025830269301234443,-0.014925328149253292,-0.18769233063437485,0.022113008535219934,0.20261437071986704
2022-03-14,528.5794067382812,33919577.0,40.90960693359375,59505595.0,0.10124311894178391,20,0.06986953253331392,46,-0.03361325508105151,-0.04801310218679977,-0.06504059539846141,0.017233329818896026,0.10000022016296463,-0.016854061856868552,0.013513471368469032,-0.1923077009978693,0.02210095876182101,0.19178084947719115
2022-03-15,515.6421508789062,74092231.0,39.273223876953125,117655236.0,0.10124311894178391,20,0.06986953253331392,46,-0.006944540797657828,-0.05298000499303812,-0.09350228046811226,0.01668410806199192,0.07500016512222347,0.01744190238591381,0.007677614064140359,-0.17192429972052603,0.02188886927968434,0.19178084947719115
2022-03-16,518.1959228515625,43438327.0,39.58491516113281,82159391.0,0.10124311894178391,20,0.06986953253331392,46,-0.008880943202367209,-0.07615881185377416,-0.14939013462305983,0.01566600802047544,0.0,0.01408456253539847,-0.06839183747485866,-0.1999999378353443,0.02257301360138915,0.04794538002221066
2022-03-17,540.4838256835938,60959900.0,40.98752975463867,106432004.0,0.10124311894178391,20,0.06986953253331392,46,-0.012740120769567875,-0.06694901768397432,-0.13728679274156663,0.015698030440384862,0.02210841848798729,-0.01930505360488244,-0.052238739855720695,-0.1949286379058388,0.022639687771001924,0.07534254843157347
2022-03-18,539.5552978515625,46242430.0,41.143375396728516,66178749.0,0.10124311894178391,20,0.06986953253331392,46,-0.003607599971600095,-0.02843440597793545,-0.09179766543669321,0.017219815915177624,0.21505841101125103,-0.003787867198232764,-0.02952029486965957,-0.1610845074645325,0.023476793041482015,0.19863014157953185
2022-03-21,544.1986083984375,21400273.0,41.68883514404297,50926506.0,0.10124311894178391,20,0.06986953253331392,46,0.01543914044026029,-0.018693074406641697,-0.07905775061738551,0.017089407335860545,0.20701999485346917,0.005714268130569744,-0.011236102354838184,-0.15654951252179794,0.023504479133538373,0.21232872578421327
2022-03-22,541.41259765625,20246949.0,41.68883514404297,47683407.0,0.10124311894178391,20,0.06986953253331392,46,0.029549394965153963,0.022399647188614535,-0.08413330792725993,0.01698310643896706,0.2472178879461802,0.019047560435232036,0.03682168851094714,-0.1384863596223822,0.023639775715586994,0.2602737705005982
2022-03-23,547.913330078125,25902069.0,41.922603607177734,63371218.0,0.10124311894178391,20,0.06986953253331392,46,0.04997738593212042,0.0406525964038873,-0.10001939870507559,0.016835683905378842,0.2230989407340517,0.061507842459233686,0.07645871604816667,-0.1384863596223822,0.023639775715586994,0.2602737705005982
2022-03-24,548.8419189453125,20060758.0,41.4550666809082,49965271.0,0.10124311894178391,20,0.06986953253331392,46,0.05734782138584116,0.043877082445946014,-0.10163302023129339,0.0167953303339739,0.2793768364898546,0.059055032365971094,0.03860991819562565,-0.13085629061892612,0.023679410217708963,0.2808216468076203
2022-03-25,555.3425903320312,26122381.0,41.53299331665039,42172838.0,0.10124311894178391,20,0.06986953253331392,46,0.015464095065467642,0.011800706824948604,-0.10147187238982991,0.016796377506142615,0.2874157810388912,0.011406809072620927,0.007575734396465528,-0.15955770969822813,0.023357530438914097,0.23972589419357607
2022-03-28,542.3412475585938,26391576.0,41.76675796508789,40335325.0,0.10124311894178391,20,0.06986953253331392,46,0.029259822938133784,0.04515070989399317,-0.10571181786533368,0.016679586880345345,0.3436931484034394,0.009469760712750297,0.01523814159516479,-0.14992018906026405,0.02335665194383259,0.2465755216017425
2022-03-29,546.9845581054688,14892032.0,41.84468460083008,39470682.0,0.10124311894178391,20,0.06986953253331392,46,-0.0034130201936934945,0.026035522089733032,-0.14071410985088417,0.01671018162121928,0.27781073168253323,0.001869153234329568,0.020952316478755284,-0.1664075546407877,0.02295016509490701,0.2765956708092972
2022-03-30,557.199951171875,41230239.0,42.46806716918945,67529942.0,0.10124311894178391,20,0.06986953253331392,46,0.010291523457968133,0.060783252829776924,-0.10586547507196287,0.016239253920281103,0.3533025838890158,0.003738397972709473,0.06547618122549848,-0.1583071199500632,0.02296034581976306,0.28985521127659913
2022-03-31,554.4138793945312,22700114.0,42.078453063964844,48328440.0,0.10124311894178391,20,0.06986953253331392,46,0.01694906946765795,0.07526888306198654,-0.07802510445376876,0.016489658622979585,0.47338605669789513,0.01301120434033165,0.07283461379974154,-0.13216559305498554,0.023060218847382324,0.34782604068557804
2022-04-01,546.9845581054688,29732696.0,41.22129821777344,83819843.0,0.10124311894178391,20,0.06986953253331392,46,0.010152213701034585,0.025773303564299965,-0.07840759763676697,0.016491484113801927,0.4416498357464412,0.015037640340926917,0.026615980905819514,-0.14960630042667655,0.0229668727207364,0.328244414589986
2022-04-06,536.7693481445312,37645873.0,39.81868362426758,130463959.0,0.10124311894178391,20,0.06986953253331392,46,-0.0150502273228591,0.01376922862862906,-0.07657236676969337,0.016454921346014572,0.35702223071976086,-0.0075047588431820245,0.001893933599116382,-0.15764330055787268,0.023085634354772077,0.24806202138749667
2022-04-07,525.6251831054688,42904743.0,38.96152877807617,113474739.0,0.10124311894178391,20,0.06986953253331392,46,-0.010273788761494762,-0.01365174430667948,-0.11047036768735397,0.016330796126646306,0.2485077959316709,-0.04664174179975078,-0.04485976912796086,-0.1837060574203816,0.023551002275355132,0.11864408889169156
2022-04-08,526.5540161132812,28024587.0,38.96152877807617,91544578.0,0.10124311894178391,20,0.06986953253331392,46,-0.03904931991861005,-0.029159673452602064,-0.1126315878413886,0.01639083763445209,0.11742500929710978,-0.06890136346485243,-0.06542054620963689,-0.18699192622190042,0.02361217193848596,0.03947355707758733
2022-04-11,518.1959228515625,36820094.0,37.55891418457031,172822222.0,0.10124311894178391,20,0.06986953253331392,46,-0.054999888270163666,-0.03898301572951002,-0.10407515704276893,0.016384855211256415,0.12835036965882837,-0.08256882464519766,-0.07063194015446561,-0.12739968629714526,0.021366656727352086,0.04761889960797417
2022-04-12,517.2671508789062,30671407.0,36.85760498046875,149437106.0,0.10124311894178391,20,0.06986953253331392,46,-0.06532656899304534,-0.05583756458078348,-0.11690776957095128,0.016513568604499203,0.030038638644675233,-0.1074074389693992,-0.09398495306563415,-0.11559633653826207,0.020777382954344715,0.0
2022-04-13,532.1259155273438,35865970.0,37.792686462402344,91562763.0,0.10124311894178391,20,0.06986953253331392,46,-0.054329517691489304,-0.06856207342275022,-0.10866471745143613,0.016463112559190574,0.01911399620649204,-0.10586016030478118,-0.11257046417377525,-0.14620946427957604,0.02069259949625816,0.0
2022-04-14,532.1259155273438,19056590.0,37.597877502441406,63462591.0,0.10124311894178391,20,0.06986953253331392,46,-0.00865070375802679,-0.018835617016473294,-0.09030351420031424,0.017088007491245876,0.19388960920550274,-0.05088056604238134,-0.09514914961815812,-0.13392851132797834,0.02105739965372468,0.14117713460972492
2022-04-15,521.9105834960938,28253360.0,36.66279602050781,88548089.0,0.10124311894178391,20,0.06986953253331392,46,0.012367619799850127,-0.027164647260956132,-0.1127304920005463,0.016536202014096342,0.19388960920550274,-0.034999942723040633,-0.10148976241308383,-0.13530463882292632,0.021059497130363026,0.11728443188143549
2022-04-18,520.98193359375,15800959.0,36.00045394897461,70630379.0,0.10124311894178391,20,0.06986953253331392,46,-0.00881853043579961,-0.0633334005172872,-0.13110247778037343,0.016714807673853763,0.07708363824685048,-0.059000065697161985,-0.13669732426375547,-0.15072212988485134,0.021315662430405627,0.0
2022-04-19,524.6965942382812,16614705.0,36.351112365722656,69983560.0,0.10124311894178391,20,0.06986953253331392,46,0.0053763656164187434,-0.06030142289599938,-0.11494754864084356,0.016503372480843586,0.0656639233832078,-0.0414937510689789,-0.14444445250282534,-0.12830186518199171,0.020510527595051918,0.0
2022-04-20,529.33984375,27606307.0,37.130340576171875,63624569.0,0.10124311894178391,20,0.06986953253331392,46,0.014362874864084052,-0.04074697089143409,-0.10300431916268726,0.016563435436090772,0.11134353339412839,-0.01374187538811844,-0.11814731856142502,-0.12803722531170392,0.0205151340275975,0.05421759230314619
2022-04-21,524.6965942382812,18383650.0,37.44203186035156,57340757.0,0.10124311894178391,20,0.06986953253331392,46,-0.0052357378132630306,-0.0138411487545127,-0.11327720740983249,0.01626325158994799,0.1703780577980969,-0.01752576882538892,-0.06751461382960655,-0.1192236097938647,0.020747796162874903,0.17469916470356472
2022-04-22,518.1959228515625,29283846.0,37.130340576171875,44600819.0,0.10124311894178391,20,0.06986953253331392,46,-0.013961585166736179,-0.0017666369440315632,-0.1196927506021973,0.016288628780681436,0.12402818199071469,-0.004145064893084083,-0.03899993058228346,-0.1167279784793872,0.020780405260435356,0.22289179366373213
2022-04-25,507.9806823730469,43389591.0,35.45499038696289,109358305.0,0.10124311894178391,20,0.06986953253331392,46,-0.007117427318005465,-0.015873192504376687,-0.11968046830252366,0.016288432874543117,0.03734536496545815,0.012752561354091307,-0.046999906300769,-0.11266291213877822,0.02073818153165231,0.17469916470356472
2022-04-26,507.0519104003906,35825421.0,35.649803161621094,51558629.0,0.10124311894178391,20,0.06986953253331392,46,-0.02495528228977173,-0.019713085395003715,-0.1302068805656298,0.016478098377430053,0.0,-0.015151574554721825,-0.05601662996082413,-0.15427508464926298,0.021733161372789966,0.0
2022-04-27,488.478515625,55941533.0,34.59783935546875,104597756.0,0.10124311894178391,20,0.06986953253331392,46,-0.03362835595208313,-0.019748480956423675,-0.12487374854629119,0.016462257131475866,0.0,-0.01929264769247785,-0.03276940592009936,-0.1335226432477934,0.021649684560020466,0.027778503031924962
2022-04-28,493.1219177246094,45380836.0,37.792686462402344,235761700.0,0.10124311894178391,20,0.06986953253331392,46,-0.07719299540258728,-0.08202457093090199,-0.15423199347330774,0.01725912137900075,0.0,-0.06820570943882853,-0.08453612076802097,-0.17164173038308395,0.021823567625750807,0.0
2022-04-29,499.62255859375,36664644.0,37.247222900390625,187382650.0,0.10124311894178391,20,0.06986953253331392,46,-0.06017701822423649,-0.07329843682595483,-0.11650679139565912,0.016719166536139952,0.06664689737459713,0.009365266376531789,0.005181381846576016,-0.06370655403692149,0.025953378201566644,0.4059408676028157
2022-05-03,493.1219177246094,26317509.0,36.81864547729492,84508425.0,0.10124311894178391,20,0.06986953253331392,46,-0.035842358920166295,-0.04270468085365153,-0.10486003254551013,0.016895986824239453,0.1599508016199723,0.003147892596863544,0.015940597644432453,-0.08253352901419109,0.026007264162262803,0.33663365376832227
2022-05-04,495.90789794921875,16569622.0,37.636837005615234,63133086.0,0.10124311894178391,20,0.06986953253331392,46,-0.02925064901882557,-0.05347597310517338,-0.11650679139565912,0.016968252226768715,0.06756846772273992,0.038461583981516334,0.02272725586960589,-0.12661739287728635,0.02525914738626064,0.28217812424114197
2022-05-05,503.33721923828125,20374772.0,38.26021957397461,103997181.0,0.10124311894178391,20,0.06986953253331392,46,-0.021978050417701955,-0.05486732066720568,-0.10708029354307225,0.01701427100311923,0.10810866020328048,0.05573758247656446,0.03536960924213561,-0.0988805729888057,0.02553192934286526,0.38613846029315607
2022-05-06,490.33587646484375,32467268.0,37.831642150878906,82849111.0,0.10124311894178391,20,0.06986953253331392,46,0.030418335992259182,-0.049122741880732956,-0.0952085868913004,0.01721763063677057,0.21621643225345757,0.10585574957087496,0.03043007363438588,-0.09409601328387529,0.025613743007722473,0.4653461507328902
2022-05-09,482.9065856933594,23709774.0,37.32514953613281,63852606.0,0.10124311894178391,20,0.06986953253331392,46,-0.005649802127273396,-0.06548683210593365,-0.10821005120736371,0.017543002472713398,0.027027387089095967,0.0010307732030458983,0.010405693045198117,-0.09082418283079485,0.025576481779037943,0.41089062120570996
2022-05-10,481.0493469238281,41679907.0,38.10437774658203,85028280.0,0.10124311894178391,20,0.06986953253331392,46,-0.03345720206757641,-0.06810037594277207,-0.09275122130325786,0.017041960365685636,0.0,0.002092146197062439,0.0052466246454512255,-0.0717053035360069,0.025149711957953874,0.3465350997730151
2022-05-11,483.8351745605469,27157254.0,37.909568786621094,78480733.0,0.10124311894178391,20,0.06986953253331392,46,-0.02448191890656004,-0.05301645590814241,-0.0753719916348955,0.01673758127198238,0.0,0.03492068359983502,0.07472537238631838,-0.016096530325789837,0.02474392272050132,0.44554471282268276
2022-05-12,468.97662353515625,32532963.0,37.247222900390625,70288246.0,0.10124311894178391,20,0.06986953253331392,46,-0.024344688678275772,-0.04578769030080332,-0.07820375471979601,0.01669655627931982,0.0365831323891327,0.007246405455516136,0.06338788505381587,-0.06081085742578429,0.02382934959772868,0.4207920672104028
2022-05-13,474.548583984375,29074177.0,38.06541442871094,73860423.0,0.10124311894178391,20,0.06986953253331392,46,-0.06826555714501736,-0.03992374580669411,-0.13543251198979578,0.01632354026475536,0.0,-0.026476499216775196,0.07657656068349539,-0.09469695810732359,0.023732247085228926,0.33663365376832227
2022-05-16,482.9065856933594,21163106.0,38.532958984375,112735101.0,0.10124311894178391,20,0.06986953253331392,46,-0.032196894492587,-0.037664790536864556,-0.10690302154941389,0.01625884400221438,0.06315745051198553,0.0061792791573707095,0.007216421795786188,-0.06952382870604523,0.024012152891316925,0.4405939898203364
2022-05-17,492.1932373046875,24496974.0,39.039451599121094,89761593.0,0.10124311894178391,20,0.06986953253331392,46,0.0,-0.03345720206757641,-0.0864067356062097,0.016546883456630336,0.15789431810556012,0.03235913220047415,0.034518978432910075,-0.05809510595094758,0.02410470127550201,0.5000007270495892
2022-05-18,499.62255859375,30568176.0,39.662837982177734,95535126.0,0.10124311894178391,20,0.06986953253331392,46,0.023165794636498926,-0.0018832673757578355,-0.045475168262040566,0.016474113773150355,0.2631573121468663,0.024539801141955087,0.06031743137307122,-0.005952459583263736,0.023399872271393018,0.5643562484822839
2022-05-19,484.7639465332031,29019751.0,39.58491516113281,86986838.0,0.10124311894178391,20,0.06986953253331392,46,0.03262967403629213,0.0074906261019291875,-0.035842358920166295,0.016636641249794883,0.3473677073799112,0.04624872431087623,0.053830266774549385,0.001968497866617458,0.02349791684320721,0.6435644236217443
2022-05-20,492.1932373046875,22651205.0,39.50699234008789,54871546.0,0.10124311894178391,20,0.06986953253331392,46,0.03366334739467747,-0.036900256915603724,-0.10309259315931829,0.015733826974721893,0.17894726282661952,0.06276151827463283,0.034623313768415764,-0.034220520287566725,0.022833764016659742,0.6336634623167774
2022-05-23,490.33587646484375,17054170.0,39.19529724121094,51203951.0,0.10124311894178391,20,0.06986953253331392,46,0.03718197444014182,0.0037879358394794505,-0.08777980817807629,0.015971575150753013,0.2631573121468663,0.037871068344119685,0.04428436340477648,-0.039772698298612186,0.022824119694606303,0.6237625010118106
2022-05-24,482.9065856933594,17802308.0,38.18230056762695,70613038.0,0.10124311894178391,20,0.06986953253331392,46,0.015384529827476623,0.015384529827476623,-0.09897623974473291,0.015883931700949823,0.2421043674258069,0.01718887607630948,0.0501042253901145,-0.05981308650664807,0.022741446284355395,0.5841581710922176
2022-05-25,486.62127685546875,22176476.0,38.45502471923828,55450045.0,0.10124311894178391,20,0.06986953253331392,46,-0.018867897621233087,0.003860807173750036,-0.10806178544082723,0.01600151532206296,0.15789431810556012,-0.021956021316483776,0.0020449834284963497,-0.08411207855293301,0.02305514166383877,0.4554456741276495
2022-05-26,477.3345947265625,28327403.0,38.493988037109375,38717807.0,0.10124311894178391,20,0.06986953253331392,46,-0.026022207193516222,0.005758370704346705,-0.11186450458125707,0.015919132375393597,0.19999986163488073,-0.030452013128313582,0.01438834442268,-0.08271382475266287,0.02306844224133668,0.4900983116454441
2022-05-27,492.1932373046875,27866643.0,39.11737823486328,44272926.0,0.10124311894178391,20,0.06986953253331392,46,-0.015325710296262285,0.017821722388642103,-0.13028765068849468,0.016101180392824606,0.09473652168077645,-0.027559162867540676,0.033472700503147435,-0.07142863058431714,0.023024460923104437,0.49504903464779054
2022-05-30,507.9806823730469,34476433.0,39.740760803222656,56426824.0,0.10124311894178391,20,0.06986953253331392,46,0.0,0.03718197444014182,-0.11371242567509121,0.0168001665317918,0.2631573121468663,-0.009861902467054318,0.027635685094732576,-0.05816135291213653,0.02318125836013969,0.5742576944869768
2022-05-31,520.0532836914062,72405873.0,40.052452087402344,90647218.0,0.10124311894178391,20,0.06986953253331392,46,0.03598514152261556,0.051923285833192834,-0.06335598728701641,0.017308310685908015,0.4421059586246784,0.013916556332125518,0.031344642370636944,-0.048507407818407455,0.023309179046166816,0.653465384926711
2022-06-01,509.837890625,29155176.0,39.896610260009766,53236364.0,0.10124311894178391,20,0.06986953253331392,46,0.07692315470229394,0.056603878873435765,-0.049235895264285734,0.017677042240330055,0.5789473320091791,0.04897954004796157,0.025948122906113147,-0.04283058960831987,0.02334483880517891,0.6930692301465781
2022-06-02,501.47991943359375,21420890.0,39.50699234008789,49193727.0,0.10124311894178391,20,0.06986953253331392,46,0.047709820498512245,0.020446098470818352,-0.08500011611139857,0.01762296275905874,0.47826052790247775,0.03748757285417348,0.005893987665155809,-0.06055036361638977,0.02321675376294101,0.708333715791653
2022-06-06,501.47991943359375,17615003.0,40.51999282836914,90265356.0,0.10124311894178391,20,0.06986953253331392,46,0.05058364713930419,0.034482706521256734,-0.09547733548580362,0.017758053881880356,0.4166665362629315,0.026315909435051132,-0.001968497866617458,-0.06111110406002784,0.023221869873648063,0.74117663998157
2022-06-07,496.8365478515625,19497532.0,40.28622055053711,60602619.0,0.10124311894178391,20,0.06986953253331392,46,0.018867959624478514,0.018867959624478514,-0.08319181592526947,0.01767268171321243,0.47945109280860276,0.035856559329832116,0.02564104297186276,-0.01701318055776113,0.02338220193885454,1.0
2022-06-08,505.1944885253906,18835521.0,40.83168029785156,70914419.0,0.10124311894178391,20,0.06986953253331392,46,-0.02193810691663356,0.013257588723848635,-0.07439471056051505,0.017513863322827904,0.4411755609208245,0.013725448035967647,0.027833015338869505,0.011741646978620679,0.022782401758087028,0.9605257987821885
2022-06-09,502.4086608886719,16338602.0,40.3641471862793,39439506.0,0.10124311894178391,20,0.06986953253331392,46,-0.028571678387541266,0.04615365267804372,-0.038869322164837405,0.017475718552193875,0.5735276492840974,0.019455193623321376,0.06938764010649745,0.04799995222024589,0.0225962801136293,1.0
2022-06-10,492.1932373046875,21357130.0,39.896610260009766,42745053.0,0.10124311894178391,20,0.06986953253331392,46,-0.014571748928312811,0.03244285604448027,-0.04585541936008097,0.017485804428243764,0.5294127028003998,0.011718713024052807,0.04964559198647245,0.03600008655184972,0.02268202017839496,0.9250007955137918
2022-06-13,479.19195556640625,32854092.0,38.96152877807617,80943487.0,0.10124311894178391,20,0.06986953253331392,46,-0.018518552326871385,0.03112835889599963,-0.05017925537465773,0.017591747225302098,0.36764646185429106,0.009861999024575852,0.03643743593280635,0.06224077895201274,0.02201120899564215,0.8500009790938976
2022-06-14,476.40594482421875,36304444.0,38.649837493896484,66117883.0,0.10124311894178391,20,0.06986953253331392,46,-0.044444379532406986,-0.026414994666480784,-0.07360837673106657,0.018021314925597373,0.1617647911636727,-0.03846160725877146,-0.0039841488315340845,0.05708248809770233,0.02213058501723239,0.7000001223867371
2022-06-15,472.6912841796875,35680283.0,38.68880081176758,59657666.0,0.10124311894178391,20,0.06986953253331392,46,-0.041121377071977605,-0.06215735882184692,-0.10471200345111131,0.017377481131227616,0.11764694511510305,-0.040618927123924675,-0.02745099206147328,0.022680341402743887,0.021852067048584573,0.6500002447734744
2022-06-16,474.32525634765625,26909199.0,38.26021957397461,65327274.0,0.10124311894178391,20,0.06986953253331392,46,-0.06433800265829615,-0.09107143632578774,-0.11169279603447946,0.017391958553797562,0.061538477094331495,-0.052480805846158995,-0.0340466364620825,0.029015555712030183,0.021832047838527366,0.6562505354419752
2022-06-17,467.7893371582031,43566737.0,37.130340576171875,151877009.0,0.10124311894178391,20,0.06986953253331392,46,-0.05589753268054942,-0.06965475679692912,-0.0911752485065167,0.017217240999288928,0.08860747974450728,-0.0521236730853033,-0.04101578242789683,0.043570696369509276,0.021536543367845065,0.5874997858232099
2022-06-20,464.9881896972656,34209693.0,37.44203186035156,122064321.0,0.10124311894178391,20,0.06986953253331392,46,-0.04958194931755511,-0.067182315721521,-0.10210065456324491,0.017310618790082007,0.0,-0.06933595776207213,-0.06015774988531375,0.03138534388479419,0.021857471428161124,0.4062505354419752
2022-06-21,471.524169921875,33223685.0,38.41606521606445,130353483.0,0.10124311894178391,20,0.06986953253331392,46,-0.029641077451627362,-0.07276807768802473,-0.11379605889703981,0.017252455053078788,0.0,-0.03899993058228346,-0.07596153782787973,0.03001062205891647,0.021845274763102145,0.45625041305523806
2022-06-22,461.72015380859375,31034893.0,36.59068298339844,199757207.0,0.10124311894178391,20,0.06986953253331392,46,-0.010247090649015744,-0.050947093242524444,-0.10922222181225139,0.01735606347894253,0.10946499533611888,-0.0060484672896476965,-0.0464217121615228,0.03462733225554304,0.02196119741951088,0.6124997246298413
2022-06-23,453.3167724609375,43548940.0,34.848270416259766,204802598.0,0.10124311894178391,20,0.06986953253331392,46,-0.02320992736333849,-0.08605464965323328,-0.12002448866875604,0.017558202454920874,0.0,-0.05423062447908644,-0.10386536345104258,-0.022737785174918423,0.023166105769229367,0.3196815007551262
2022-06-24,454.2504577636719,27911980.0,34.51637649536133,98110599.0,0.10124311894178391,20,0.06986953253331392,46,-0.044291303500230694,-0.09771306159591187,-0.12520197000702704,0.017657500700394076,0.0,-0.08917745887782935,-0.1366528752500067,-0.061461061883623325,0.024265878128082088,0.040172834550265456
2022-06-27,465.4549865722656,37909718.0,35.59502029418945,89426186.0,0.10124311894178391,20,0.06986953253331392,46,-0.028942257377603475,-0.07708919315672658,-0.10577218086005291,0.01747433973207665,0.01399062200764397,-0.07039967962179261,-0.1348544081711447,-0.026473392923177852,0.023297666075631534,0.0
2022-06-28,464.52130126953125,15274062.0,34.723812103271484,56708799.0,0.10124311894178391,20,0.06986953253331392,46,0.001003889744606079,-0.028666944080694146,-0.08203681511677618,0.01797067449061642,0.18188265894526395,-0.04932989676016919,-0.08640596479317486,-0.0015366948081950715,0.02378977023984821,0.17079840219290748
2022-06-29,458.4521789550781,30533789.0,33.935577392578125,68428072.0,0.10124311894178391,20,0.06986953253331392,46,-0.014851558200089765,-0.024946463585950096,-0.0490445609973571,0.017111196458730445,0.16789203693761998,-0.09611221482540011,-0.10157935052754075,0.003641058232233929,0.02364855605331281,0.032846497080371774
2022-06-30,444.44647216796875,46311432.0,32.48356628417969,119517641.0,0.10124311894178391,20,0.06986953253331392,46,-0.0070778258790721305,-0.03012347741786703,-0.07030662707004853,0.017125904705559504,0.07695047882269339,-0.07256234031009923,-0.12285786376050489,-0.10205966896958818,0.018924906288305187,0.0
2022-07-01,423.4380798339844,61744377.0,31.570873260498047,135667180.0,0.10124311894178391,20,0.06986953253331392,46,-0.019567553710431285,-0.06299218475051616,-0.1104355387416478,0.017530447240157773,0.0,-0.06785714481189109,-0.1509832759486911,-0.12789293389604572,0.019848419168263375,0.0
2022-07-04,410.83294677734375,52445919.0,31.65384864807129,113656903.0,0.10124311894178391,20,0.06986953253331392,46,-0.06783125344855001,-0.09481032123060018,-0.14131158114440345,0.018777724582981836,0.0,-0.08533639778958635,-0.1497284223469142,-0.14253028998671435,0.02018291166289577,0.0
2022-07-05,416.4351501464844,50084244.0,32.27613830566406,84341341.0,0.10124311894178391,20,0.06986953253331392,46,-0.11735192740585532,-0.11646584605768184,-0.17155393476025405,0.019150785628727653,0.0,-0.11072255651337615,-0.15459052099171855,-0.158966290303601,0.01979771750049839,0.008959844130059132
2022-07-06,406.63116455078125,40549763.0,30.824125289916992,101611371.0,0.10124311894178391,20,0.06986953253331392,46,-0.10351764492097126,-0.1168318047927811,-0.17265178447027818,0.019118869128806667,0.05129267613913872,-0.0704897777446738,-0.1598270639084831,-0.15640478112627043,0.019881435654982103,0.07615589465597601
2022-07-07,427.1728515625,48151202.0,33.064369201660156,169918818.0,0.10124311894178391,20,0.06986953253331392,46,-0.11303472157643424,-0.119312507377899,-0.1707089281688814,0.019059269455518193,0.0,-0.09168702411238838,-0.15759633937682416,-0.18522898987611391,0.020846357703841457,0.0
2022-07-08,436.0431213378906,37897895.0,32.93991470336914,111431250.0,0.10124311894178391,20,0.06986953253331392,46,-0.038865469043346534,-0.05767252060079098,-0.11541307528626188,0.02076220923168072,0.1811082985167152,0.017879900020809414,-0.05119052375601585,-0.11415306803655223,0.023963658737408095,0.22385526834146488
2022-07-11,431.37457275390625,21941710.0,32.027217864990234,78579255.0,0.10124311894178391,20,0.06986953253331392,46,0.029768322936019942,-0.04008215317034147,-0.09355843818048881,0.021074188627631104,0.25931411800411985,0.043364066352388875,-0.04567286465321896,-0.1355346379767649,0.0236747154792941,0.211419213961315
2022-07-12,419.703125,23036423.0,30.49223518371582,121975329.0,0.10124311894178391,20,0.06986953253331392,46,0.049999948002454886,-0.07321956967168108,-0.10842659766167073,0.021076899727983142,0.218153287829574,0.011795381379057002,-0.10023318991565877,-0.15516797235918012,0.023974334029969763,0.12021843238626823
2022-07-13,439.3111267089844,44035695.0,31.570873260498047,113163223.0,0.10124311894178391,20,0.06986953253331392,46,0.007847500030595533,-0.09648249961206024,-0.10506600129390564,0.020964924876287736,0.11525053973829957,-0.05527002967499339,-0.12186383531193534,-0.18135547272180563,0.02484499062225592,0.0
2022-07-14,443.5128173828125,31936258.0,32.19316101074219,106195225.0,0.10124311894178391,20,0.06986953253331392,46,0.08036757879663692,-0.041751469672847374,-0.07425468848633388,0.022197674917192135,0.28812688746967674,0.02422608796056669,-0.06968215406281109,-0.17061527545893118,0.025275128561634063,0.10432262707285411
2022-07-15,459.85272216796875,51846909.0,32.317623138427734,93282900.0,0.10124311894178391,20,0.06986953253331392,46,0.03825141452820491,-0.0021007136823518735,-0.08157637414280683,0.02206213755479417,0.32517160772057163,-0.026348852615468155,-0.008940067445086353,-0.16452922746482002,0.02541837735185709,0.16450842460597026
2022-07-18,462.6539001464844,39179575.0,33.18882751464844,94635836.0,0.10124311894178391,20,0.06986953253331392,46,0.05460377578489073,0.08599756155200144,-0.06570694736445282,0.022631370323732216,0.46923437880050023,-0.018891717557415477,0.023653127101302962,-0.17218040175658333,0.025306206797639456,0.17654602684783394
2022-07-19,458.4521789550781,19874865.0,33.10585403442383,50097902.0,0.10124311894178391,20,0.06986953253331392,46,0.07251082787028929,0.12613631349587373,-0.07399317306912345,0.022513975006534844,0.49393130740437,0.03626945226884626,0.048492645669823586,-0.16322610274227867,0.02557495875746903,0.26080629097261
2022-07-20,462.18701171875,35436652.0,33.811119079589844,74999094.0,0.10124311894178391,20,0.06986953253331392,46,0.09232491169818702,0.10089693147615875,-0.05427748446701541,0.02210578097680722,0.4568863180915112,0.08571424282152318,0.025706784402214522,-0.16367500347886488,0.0255740963378838,0.2527813457933788
2022-07-21,467.7893371582031,22285593.0,35.512046813964844,137515298.0,0.10124311894178391,20,0.06986953253331392,46,0.05207217304313683,0.13662466630992998,-0.06096431911631983,0.02200326866965406,0.4898149284187551,0.07095926047426837,0.09690441372070135,-0.14417380122147194,0.02586799580870144,0.32099245745175986
2022-07-22,469.65673828125,25216400.0,35.22164535522461,110057629.0,0.10124311894178391,20,0.06986953253331392,46,0.05473690685795152,0.09508208550037156,-0.0459818267208868,0.02209550700784537,0.5392085165645307,0.1030928836753624,0.07402765186222848,-0.09397174371657602,0.027147217428077082,0.4855010665307469
2022-07-25,466.38873291015625,15245346.0,33.60368728637695,102999108.0,0.10124311894178391,20,0.06986953253331392,46,0.0213199044838972,0.07708782755298205,-0.027437702869769653,0.02199119509400472,0.5556726871971708,0.08985878089975641,0.06926947663352911,-0.07753999021506186,0.026904327311624752,0.45741431182248826
2022-07-26,462.18701171875,18024265.0,32.027217864990234,161723851.0,0.10124311894178391,20,0.06986953253331392,46,0.008072627859593062,0.08116880865907028,-0.04157759824242491,0.02197545039514602,0.5268599177316139,0.01249998275912012,0.049222802556009526,-0.1261561387174015,0.02771951558787439,0.30093027897669866
2022-07-27,468.7230224609375,17166365.0,32.73248291015625,109141607.0,0.10124311894178391,20,0.06986953253331392,46,0.008146613616679677,0.10122366069766575,-0.03173367942562322,0.0218252039315212,0.4898149284187551,-0.03258143312998407,0.05034011682076245,-0.16799428954685025,0.02853198032478526,0.14845890319354152
2022-07-28,467.7893371582031,33844011.0,32.19316101074219,148493712.0,0.10124311894178391,20,0.06986953253331392,46,0.014141485105524376,0.06695003600816296,-0.04768496002154732,0.021376898395882006,0.5474404673498688,-0.031901818064481446,0.03679371299214673,-0.16322400970667572,0.028646356347798572,0.21667001485192258
2022-07-29,475.25897216796875,29045617.0,33.31328582763672,109251171.0,0.10124311894178391,20,0.06986953253331392,46,0.0,0.05473690685795152,-0.07911982996496769,0.02073011294171974,0.5392085165645307,-0.09345802624695598,0.0,-0.18992086814473919,0.028537163404976897,0.16450842460597026
2022-08-01,470.5904235839844,24117969.0,33.437747955322266,43204752.0,0.10124311894178391,20,0.06986953253331392,46,0.011928358373437975,0.03350257431850667,-0.08613408073396178,0.020529949972204194,0.6649547973049293,-0.05418144179073148,0.030808660802318588,-0.16825851873087416,0.029120938622281035,0.27284352426844
2022-08-02,459.3858642578125,39838155.0,32.44207763671875,71694172.0,0.10124311894178391,20,0.06986953253331392,46,0.009008988376735694,0.01715434244688563,-0.07698028679842317,0.020378751556178794,0.6489154023425538,-0.004938128653576679,0.007500127582511507,-0.16189000174687818,0.029145173247735745,0.2848811265103037
2022-08-03,467.7893371582031,27603474.0,32.60802459716797,44604528.0,0.10124311894178391,20,0.06986953253331392,46,-0.006060636473796177,0.0020366034792602683,-0.08393966247606721,0.020540625707259726,0.5352366131708509,0.01295335028716349,-0.020050121559011203,-0.1788269439129221,0.02940776432498093,0.1885828911976302
2022-08-04,466.8555908203125,26027618.0,33.18882751464844,73337609.0,0.10124311894178391,20,0.06986953253331392,46,-0.0019919766215711343,0.01212133897622869,-0.067182315721521,0.020774078810727636,0.6204962468917613,-0.003802287572558849,-0.03558280575067174,-0.19526084974185354,0.02906734679540694,0.20463278155609263
2022-08-05,481.79498291015625,32784279.0,34.97272872924805,156027274.0,0.10124311894178391,20,0.06986953253331392,46,-0.0019960829880456554,-0.0019960829880456554,-0.06034370289563973,0.020737637660301376,0.6110226790347036,0.03092788880141395,-0.06542059688890756,-0.17617420892052493,0.029274125041769156,0.26080629097261
2022-08-08,478.0600891113281,19333128.0,34.060035705566406,70316154.0,0.10124311894178391,20,0.06986953253331392,46,0.013752524675909816,0.02584492809222172,-0.04631781649783051,0.021187987131176117,0.784775351552381,0.049813245988321375,-0.007067149290333696,-0.14349033705849712,0.030499826004677787,0.453862792169213
2022-08-09,476.19268798828125,21164373.0,34.060035705566406,57553957.0,0.10124311894178391,20,0.06986953253331392,46,0.01587296543447536,0.02502495317231479,-0.04846367842121879,0.02120265489601765,0.8348199413774237,0.018610336768959623,0.013580307878131581,-0.1561809655390367,0.03067933973278439,0.3793766723366989
2022-08-10,466.8555908203125,20861380.0,33.437747955322266,59867589.0,0.10124311894178391,20,0.06986953253331392,46,0.036585417702440504,0.03030305031170788,-0.032508673634012664,0.020987056969882192,0.9254655358900319,0.049872208770513904,0.06347157124747627,-0.14629249242995535,0.0306576702022207,0.4212630583767177
2022-08-11,479.9275207519531,23740033.0,34.5993537902832,82326023.0,0.10124311894178391,20,0.06986953253331392,46,-0.0019960829880456554,-0.003984083458969945,-0.025744098169411367,0.020808138448356286,0.8012422410684995,0.025445373290915674,0.021546335091713553,-0.1417752587229627,0.030585173434547204,0.3593593835844836
2022-08-12,482.72869873046875,19535923.0,35.138668060302734,71258030.0,0.10124311894178391,20,0.06986953253331392,46,0.027999942998801597,0.025947969800869997,0.007391964701518816,0.02124356296453469,0.9751547726158034,0.04250003333236774,0.07474235843874166,-0.10479950153096829,0.03112702749951067,0.5010779871646809
2022-08-15,488.3309020996094,21273166.0,36.09285354614258,86310145.0,0.10124311894178391,20,0.06986953253331392,46,0.0019379940709898236,0.01571717105818249,0.02123460890166462,0.021219484964888596,1.0,0.0047448208099332145,0.054794421724430276,-0.09176125072310426,0.031244299156388596,0.5863872467756235
2022-08-16,490.1982727050781,20720414.0,35.71947479248047,54160486.0,0.10124311894178391,20,0.06986953253331392,46,0.021484355674563416,0.03769834154404328,0.029527514220511364,0.0212822826781933,1.0,0.059683373738916856,0.07940443819266552,-0.0566480289963186,0.03152350681836218,0.7068069783882943
2022-08-17,492.06573486328125,27143102.0,35.553531646728516,46303780.0,0.10124311894178391,20,0.06986953253331392,46,0.029411591295037898,0.06707304435030093,0.04790390410138068,0.02115885020285535,1.0,0.0487210025632141,0.10102303534506918,-0.037997652641969526,0.031236234337043978,0.6596859835994348
2022-08-18,485.52978515625,17831084.0,35.26313018798828,35280239.0,0.10124311894178391,20,0.06986953253331392,46,0.053999876061614716,0.05189600483960577,0.0582327589516729,0.021130162860392574,1.0,0.06327530473144449,0.09033074177134814,-0.05043797357650437,0.031211013146496182,0.6387436936872964
2022-08-19,484.5960998535156,14022812.0,35.6779899597168,34107416.0,0.10124311894178391,20,0.06986953253331392,46,0.011673146802498868,0.03999993724638706,0.029702857515650827,0.021157079957424937,0.9234975995885009,0.019184647254640197,0.06250002873479987,-0.08207334640710962,0.03094039353631885,0.7823130017642774
2022-08-22,478.0600891113281,11494000.0,34.806785583496094,33625000.0,0.10124311894178391,20,0.06986953253331392,46,0.003868427810399533,0.005813918871549806,0.04954504553510364,0.020883466011719625,0.9125689403897811,0.015348387664794627,0.020166033823918683,-0.02494331751325163,0.030134982902675033,0.9259253961653584
2022-08-23,470.5904235839844,19191108.0,33.852603912353516,60939728.0,0.10124311894178391,20,0.06986953253331392,46,-0.021032486259053518,0.0,0.054582839536392314,0.020788228098583293,0.8360658255700977,-0.03563220516777155,0.021924518352975486,-0.0011904416565912124,0.029448620871423654,0.7703703628023623
2022-08-24,469.65673828125,14363212.0,33.935577392578125,36198142.0,0.10124311894178391,20,0.06986953253331392,46,-0.03999983315504374,-0.01176470060463164,0.03597126990417587,0.020954558013573998,0.7486344087557867,-0.05226479087312785,-0.006090181320009269,-0.019230656586939787,0.029723654771466393,0.5999995913275622
2022-08-25,474.32525634765625,9357138.0,34.350440979003906,36753597.0,0.10124311894178391,20,0.06986953253331392,46,-0.045540656449605255,0.006000029807966101,0.009027192382075944,0.020623035872601694,0.7377057495570669,-0.04550755379878746,0.014888246598456112,-0.04662008584055266,0.029313743293817543,0.6148146483186364
2022-08-26,478.0600891113281,12914846.0,34.26746368408203,41925852.0,0.10124311894178391,20,0.06986953253331392,46,-0.02307691340704876,-0.011673146802498868,0.021105501623565726,0.02067107643991472,0.7923501171629422,-0.02588225163559832,-0.0071941462487429275,-0.010752596032864714,0.029134751741857295,0.688889252153278
2022-08-29,465.4549865722656,26590824.0,33.147342681884766,77947283.0,0.10124311894178391,20,0.06986953253331392,46,-0.01348754301605648,-0.009671290792154341,0.042769804695750535,0.02058317839724107,0.8360658255700977,-0.03953491430507605,-0.02479332383133015,0.009779892284269565,0.028913928446758618,0.6740735140414741
2022-08-30,463.1207275390625,24214535.0,33.52071762084961,36127846.0,0.10124311894178391,20,0.06986953253331392,46,-0.02636719279891009,-0.046845111437730624,0.04726894175089136,0.02043538159852312,0.6885248185403212,-0.04767584463180552,-0.08160925432210986,0.020434221781503004,0.028584078480129227,0.4740739908259849
2022-08-31,471.524169921875,39357089.0,34.10152053833008,47051905.0,0.10124311894178391,20,0.06986953253331392,46,-0.015873030284027423,-0.05523794487604505,0.0937153496460128,0.01897364967864298,0.6612026347373835,-0.009803863016362935,-0.061556257039191764,0.06176086243364187,0.028254246165590923,0.5407407256047245
2022-09-01,457.98529052734375,39168672.0,33.56220245361328,40264410.0,0.10124311894178391,20,0.06986953253331392,46,0.003976162776795356,-0.04174557073581575,0.14772725415672094,0.01843055602205572,0.7595637823626907,0.004889946142134782,-0.04084013714378909,0.07732620186164718,0.028355400900237082,0.6444440811800553
2022-09-02,452.84991455078125,29982959.0,33.60368728637695,49625651.0,0.10124311894178391,20,0.06986953253331392,46,-0.034448863098987315,-0.05673080307532952,0.09977577629132361,0.019009055445603638,0.601093044521918,-0.022946969614521695,-0.04823530200828252,0.039845663560176714,0.028349954170641272,0.5481479135398968
2022-09-05,453.78369140625,15903415.0,33.022884368896484,88728180.0,0.10124311894178391,20,0.06986953253331392,46,-0.05273432176153914,-0.06551060834441436,0.11366258671063578,0.018690517385517594,0.458065147365571,-0.01937045600528109,-0.05813956099213802,0.09017488640202198,0.02738932398936171,0.5555551014750691
2022-09-06,456.58477783203125,16700285.0,33.147342681884766,38130526.0,0.10124311894178391,20,0.06986953253331392,46,-0.025075024444288663,-0.05078105923923881,0.06229525061439101,0.017096744396962585,0.47096928193497073,-0.0037546995601640543,-0.05125153571910013,-0.0012546688101217063,0.025190412037533996,0.45185174589973837
2022-09-07,441.1784973144531,34678562.0,32.52505111694336,56935811.0,0.10124311894178391,20,0.06986953253331392,46,-0.014112842113031876,-0.029761858826805487,0.04710923183724036,0.01684379583337308,0.5096783117927038,-0.011138632030139095,-0.020833293423888843,0.0062971619806413415,0.025187734257260216,0.4740739908259849
2022-09-08,443.5128173828125,27931552.0,32.60802459716797,44441885.0,0.10124311894178391,20,0.06986953253331392,46,-0.06435655803699247,-0.06063628741070659,0.022727173041188653,0.017600167451018767,0.29677443026208916,-0.04622871345618651,-0.041564823233072645,0.015544067987788512,0.024980923820470687,0.36296276619475215
2022-09-12,454.2504577636719,21597212.0,33.31328582763672,68900843.0,0.10124311894178391,20,0.06986953253331392,46,-0.03160030124082591,-0.06496056988848131,0.05672984298797523,0.01705591053998789,0.07964594602880955,-0.028430132312207257,-0.0507247165444239,0.0693878097392504,0.023770688331349616,0.22935777494706472
2022-09-13,460.3196105957031,16507036.0,33.811119079589844,38459201.0,0.10124311894178391,20,0.06986953253331392,46,0.003092731538394844,-0.049804683323212084,0.034006266052496015,0.015914445333200633,0.25688092101041515,-0.008641952184156976,-0.027845009634855145,0.05519050907339973,0.023389774036957946,0.31632641572103865
2022-09-14,448.1813659667969,22645714.0,33.31328582763672,54221462.0,0.10124311894178391,20,0.06986953253331392,46,0.014403160169107698,-0.011033023868496472,0.037894718155087936,0.015975407189192516,0.3761476197815497,0.02386934774951932,0.02002502595985889,0.05025781930229778,0.023310916621888205,0.4387754719070129
2022-09-15,447.4769592285156,23104850.0,33.52071762084961,43284742.0,0.10124311894178391,20,0.06986953253331392,46,-0.018404932168645027,-0.03225802837987968,-0.025380639579879904,0.015487498559134201,0.13761542165900137,0.00500622771920245,-0.006188166839359965,0.030808660802318588,0.023439726749864026,0.31632641572103865
2022-09-16,443.2511291503906,39087513.0,33.147342681884766,58273261.0,0.10124311894178391,20,0.06986953253331392,46,0.014276448087118032,-0.05099889300975524,-0.03280409159668485,0.015453117996695888,0.12377291866195135,0.030612296359699753,-0.017031584173135217,0.010000055170815703,0.023095319907494475,0.3673471685579227
2022-09-19,438.5556640625,17182380.0,33.147342681884766,31821296.0,0.10124311894178391,20,0.06986953253331392,46,-0.0005900353319349128,-0.032171691278529035,-0.03315732916644509,0.01545801893248621,0.040729894876858574,0.016539428296543868,-0.01236092215050244,0.0012532118161880934,0.023161033174792768,0.27551037641844206
2022-09-20,447.4769592285156,19842582.0,33.31328582763672,37794410.0,0.10124311894178391,20,0.06986953253331392,46,-0.0345509694771452,-0.03156509481173442,-0.05112940661913312,0.015467317445524853,0.0,-0.004981290245895997,-0.013580194357932562,-0.019631896718430908,0.022921679497501467,0.27551037641844206
2022-09-21,442.3120422363281,24154633.0,32.85694122314453,50581171.0,0.10124311894178391,20,0.06986953253331392,46,-0.027899422643688165,-0.013898102327543294,-0.04342206270259208,0.015689551633729495,0.1667217970843233,-0.01472395074476085,0.00879394590418503,-0.06191591821915143,0.02150858848428246,0.31632641572103865
2022-09-22,436.2079162597656,29702508.0,32.15167999267578,55656445.0,0.10124311894178391,20,0.06986953253331392,46,-0.013095867379063653,-0.031259770996907355,-0.058222726975007744,0.015753515722756083,0.07019946185108171,-0.013698576803660822,-0.008760927279366504,-0.06713780995268892,0.02156846827999561,0.2040820730693519
2022-09-23,427.2865905761719,29757787.0,31.778301239013672,45731995.0,0.10124311894178391,20,0.06986953253331392,46,-0.025183515567323678,-0.01126659863285373,-0.06471171904619011,0.015848485016334166,0.0,-0.04084153697599535,-0.011479493849990474,-0.04320976092078499,0.020647601935357366,0.03061320232467803
2022-09-26,419.30426025390625,32342267.0,30.575206756591797,67912112.0,0.10124311894178391,20,0.06986953253331392,46,-0.03601691574890975,-0.036585699828005525,-0.07551147102293676,0.016077966207436088,0.0,-0.04130169516180504,-0.025445373290915563,-0.007772033993894256,0.01940776753948334,0.0
2022-09-27,420.7129211425781,24961404.0,30.94858169555664,46286821.0,0.10124311894178391,20,0.06986953253331392,46,-0.04389728690369887,-0.07693156256090494,-0.10543276058335649,0.01608483153341779,0.0,-0.07759704752135854,-0.08219180435132611,-0.06590627907713942,0.0199424666538649,0.0
2022-09-28,411.322021484375,34402652.0,30.035888671875,72870615.0,0.10124311894178391,20,0.06986953253331392,46,-0.05981098587082723,-0.08604171654096959,-0.10063593219463252,0.016110315038462896,0.01935998268636484,-0.07098381541571974,-0.08466260395862435,-0.03865974250774118,0.019905755222156825,0.06766923531095437
2022-09-29,408.50469970703125,41094780.0,30.3262939453125,46575551.0,0.10124311894178391,20,0.06986953253331392,46,-0.07006370569353637,-0.08224202807475167,-0.13453075991797747,0.016129172436183763,0.0,-0.0858586480132354,-0.09838108353282848,-0.09838108353282848,0.019575140055600147,0.0
2022-09-30,396.2964782714844,48266800.0,29.662513732910156,81730648.0,0.10124311894178391,20,0.06986953253331392,46,-0.06350920173635011,-0.08709333233307814,-0.13193154974151944,0.016106381472581217,0.0,-0.056774204264881556,-0.0952969954781101,-0.0930521401790313,0.019640875135224074,0.04794567567516502
2022-10-03,391.60113525390625,36044395.0,29.330625534057617,57761522.0,0.10124311894178391,20,0.06986953253331392,46,-0.07252769683902105,-0.1059323886414173,-0.13733419091650945,0.016321510046592054,0.0,-0.06657962897985248,-0.10513147260154554,-0.0856777403387573,0.019406403341052366,0.0
2022-10-04,402.87017822265625,40375000.0,31.280467987060547,76720137.0,0.10124311894178391,20,0.06986953253331392,46,-0.06606926670199964,-0.10706629204976381,-0.16286861596105717,0.016004854594241096,0.0,-0.040705570119026535,-0.11514398558147498,-0.10050897297823425,0.019424746589715484,0.0
2022-10-05,417.8957214355469,46496536.0,31.778301239013672,94638164.0,0.10124311894178391,20,0.06986953253331392,46,-0.04241073193441336,-0.09968509011673998,-0.1370561129732374,0.0167886386797177,0.11216929159690209,0.010723796481812764,-0.06102123492392775,-0.05750005861899177,0.021944018247352447,0.2883431983539025
2022-10-06,423.53021240234375,30331834.0,32.317623138427734,57663694.0,0.10124311894178391,20,0.06986953253331392,46,0.015981881853659896,-0.05520157370650014,-0.1326274945592888,0.017078146405464765,0.2617298658819012,0.05801102095474975,-0.03282837488752799,-0.09134052749972699,0.020353130373139187,0.36196290639442313
2022-10-07,411.322021484375,31941781.0,31.570873260498047,46871723.0,0.10124311894178391,20,0.06986953253331392,46,0.03678173765464243,-0.02906344287862994,-0.11406490094237032,0.017254720333096815,0.3178142079158597,0.06566345352670533,0.005161258938561009,-0.05115709749106079,0.02019779329894519,0.44171796618392234
2022-10-11,377.0451965332031,95793819.0,29.372114181518555,97394246.0,0.10124311894178391,20,0.06986953253331392,46,0.037914904715850906,-0.0373626728380817,-0.13622776691082383,0.017718190934674843,0.19629686782356387,0.06433573178494956,-0.006527346347292129,-0.07308161584403616,0.02048114669873808,0.3312884041231414
2022-10-12,373.28875732421875,53570085.0,30.45075035095215,84105734.0,0.10124311894178391,20,0.06986953253331392,46,-0.03717031798507264,-0.1007837690347183,-0.19237296511605106,0.021476307071039438,0.0,0.0014145162847878368,-0.039348632526053584,-0.12158814580563237,0.022893048301586102,0.006135351748978593
2022-10-13,370.9410400390625,38046284.0,30.20183753967285,70601673.0,0.10124311894178391,20,0.06986953253331392,46,-0.07342668307925382,-0.11272333564075987,-0.22219764197029623,0.02084999308896214,0.0,-0.02652510302760236,-0.016085756352316682,-0.11990407290485694,0.022974344119669275,0.1656443430911714
2022-10-14,386.9056091308594,54504366.0,32.11019515991211,116583617.0,0.10124311894178391,20,0.06986953253331392,46,-0.1123598041042072,-0.09817364336484102,-0.23157450341236663,0.020769456550340744,0.0,-0.049608180358156506,0.005525019406309228,-0.1404956645527261,0.022802986176850202,0.1288350531893139
2022-10-17,372.81927490234375,41512192.0,31.32195472717285,75058345.0,0.10124311894178391,20,0.06986953253331392,46,-0.08647459425324744,-0.05287354243821962,-0.20769787972185583,0.021953269289810562,0.13180276008096722,-0.006418416899879653,0.05882358120700548,-0.11034479114096296,0.024586467108198885,0.435065770598672
2022-10-18,382.2101745605469,40093216.0,31.73681640625,63553154.0,0.10124311894178391,20,0.06986953253331392,46,-0.0936073066136428,-0.05924151400875555,-0.23945208365381987,0.022418731786157584,0.01550662204769245,-0.007884436115254578,0.055944044702508355,-0.12311267427239347,0.024793997658779737,0.31372536057096373
2022-10-19,371.41064453125,46385177.0,31.69533348083496,70711372.0,0.10124311894178391,20,0.06986953253331392,46,0.01369856472071218,-0.023980933270968396,-0.22325383077782757,0.022890390931129854,0.09834416556320316,0.08050841046434987,0.08203680720680184,-0.10735122683177134,0.024915327349677295,0.37908503606085253
2022-10-20,373.28875732421875,52938069.0,32.77396774291992,115651235.0,0.10124311894178391,20,0.06986953253331392,46,-0.005031259999447313,-0.07808851434523245,-0.23504045295238674,0.023126140248479275,0.004131839734668654,0.040872002020925446,0.013262764928773763,-0.10117640402690686,0.02489906131471441,0.37254957935265653
2022-10-21,365.77606201171875,35923505.0,32.40059280395508,92001219.0,0.10124311894178391,20,0.06986953253331392,46,0.006329084764816084,-0.10674185406372483,-0.22969095822880747,0.02318185691379073,0.021916898119329006,0.08516469237569879,0.03133164659802157,-0.08139534262091952,0.025435683916103374,0.6287877231081629
2022-10-24,363.4283752441406,46714078.0,32.69099426269531,102938085.0,0.10124311894178391,20,0.06986953253331392,46,-0.05461163296806637,-0.1363637084188929,-0.23487429646832803,0.023257160111941434,0.0,0.009043783215790357,0.0025673195448796537,-0.06912999115557317,0.025230559567252005,0.611569748642484
2022-10-25,348.4028625488281,76416687.0,32.73248291015625,91594231.0,0.10124311894178391,20,0.06986953253331392,46,-0.025188879144360188,-0.11643832262468279,-0.22771829380569397,0.02320839786403444,0.0,0.04370862378952278,0.03547956982231404,-0.03431374592825065,0.02493826400910585,0.669420771638279
2022-10-26,353.0983581542969,58850484.0,31.61236000061035,103443365.0,0.10124311894178391,20,0.06986953253331392,46,-0.08845215083713909,-0.07596525362935558,-0.2581755266115441,0.02383401139567549,0.0,0.03137260181239143,0.11440677058078763,-0.03545230624792606,0.024935486695473356,0.6776857463003866
2022-10-27,362.0197448730469,45684455.0,32.5665397644043,90613946.0,0.10124311894178391,20,0.06986953253331392,46,-0.04930468915360431,-0.05408788444272794,-0.2555775737661885,0.023900772088689765,0.03621468490385557,-0.0026178453138782087,0.03814716012808805,-0.07971021332934725,0.025380736720494047,0.4621853901654545
2022-10-28,356.38519287109375,40184472.0,31.778301239013672,53649029.0,0.10124311894178391,20,0.06986953253331392,46,-0.030188459282700086,-0.0240504398356034,-0.24273171277273975,0.024306998469818118,0.11059728502525382,-0.006329046886928591,0.07829663415761368,-0.049636703065008225,0.025851243931830345,0.6782614640332336
2022-10-31,366.24560546875,38409054.0,32.44207763671875,51260076.0,0.10124311894178391,20,0.06986953253331392,46,-0.02567382099576576,-0.07888336467472357,-0.23432941282763098,0.024146158994105743,0.06483305361662427,-0.01920617837786731,-0.01033609167573013,-0.04130169516180504,0.025628886993413216,0.5130432974869699
2022-11-01,367.6542663574219,41426496.0,32.40059280395508,34377166.0,0.10124311894178391,20,0.06986953253331392,46,0.007751816909499221,-0.017632321814143426,-0.20917898143986968,0.024700554323349843,0.14492002481633753,-0.0076142262292893115,0.03576159021052905,-0.03217830824301782,0.025780884797811616,0.6521736696939979
2022-11-02,370.9410400390625,22535650.0,32.649505615234375,39919536.0,0.10124311894178391,20,0.06986953253331392,46,0.05525615853944288,-0.038083518367507896,-0.22028542795942552,0.024467382211138252,0.17201539666369262,-0.010139472374037117,0.020915027808975806,-0.049878354616567866,0.025627281814410163,0.6851850669350283
2022-11-03,360.611083984375,39731333.0,32.359107971191406,36155621.0,0.10124311894178391,20,0.06986953253331392,46,0.05053176111617241,-0.0012643808116490352,-0.19005905274393153,0.024289424684443443,0.20138342011862717,0.0328082311666702,0.0301044989785757,-0.0271941878558285,0.025550056370357524,0.7407398420395485
2022-11-04,358.73291015625,28397417.0,32.27613830566406,30410548.0,0.10124311894178391,20,0.06986953253331392,46,-0.0038911161852950293,-0.033962108665471,-0.2036852113749551,0.02453239057450515,0.10908306083405503,-0.006369475993259099,-0.012658210167981188,-0.03703698658361532,0.025582625268873792,0.6759260796511298
2022-11-07,366.24560546875,35387706.0,33.23031234741211,75828073.0,0.10124311894178391,20,0.06986953253331392,46,0.006587583693482557,-0.019255365746824404,-0.2094627529593296,0.02450618288054399,0.09230117732776918,0.015665943339954413,-0.0038411179401576234,-0.022612987251221628,0.025448681190687952,0.657408105083333
2022-11-08,374.6974792480469,31838223.0,33.31328582763672,63627343.0,0.10124311894178391,20,0.06986953253331392,46,0.0,0.007751816909499221,-0.19785848488473978,0.024779037101321986,0.15942871135291256,0.024296677898372865,0.01649745126694513,0.0025030563180765686,0.02585550666576197,0.8703699210197742
2022-11-09,391.60113525390625,52260831.0,34.39192581176758,100630117.0,0.10124311894178391,20,0.06986953253331392,46,0.01915716349603791,0.0754718732987838,-0.15068961536224057,0.024718716467109273,0.2349480051743959,0.0281690223757336,0.017743930977514033,0.024234695523129846,0.025678805862678462,0.8888887469887007
2022-11-10,382.6797180175781,32044942.0,34.557865142822266,63600346.0,0.10124311894178391,20,0.06986953253331392,46,0.05569643955456671,0.10904263984933182,-0.11704663336504961,0.025807010040570167,0.38598577477416557,0.05336742972672104,0.0879265518646366,0.054707429739688784,0.026134251513832453,1.0
2022-11-11,414.6088562011719,80016195.0,36.50770950317383,191455331.0,0.10124311894178391,20,0.06986953253331392,46,0.061197880523715,0.057068636275008355,-0.15755788139090687,0.025633010327962374,0.30627101007611074,0.06794863361463377,0.06114636043079158,0.03735984860890085,0.02594814247737724,1.0
2022-11-14,417.8957214355469,61933190.0,37.25446319580078,126709347.0,0.10124311894178391,20,0.06986953253331392,46,0.15575918590960747,0.16337284627629822,-0.09930220947001722,0.028852320042214285,0.6635296319790356,0.13110525049296795,0.14882508125871574,0.07975454516120362,0.027241069901653994,1.0
2022-11-15,450.7638244628906,113379796.0,38.66498565673828,194213856.0,0.10124311894178391,20,0.06986953253331392,46,0.14102589954817613,0.14102589954817613,-0.06757452859718782,0.028632653975137395,0.7014230885333563,0.12109879697540848,0.14833777333777332,0.11830647353598667,0.027249183348508482,1.0
2022-11-16,457.3374328613281,85726375.0,37.544864654541016,129929141.0,0.10124311894178391,20,0.06986953253331392,46,0.20300735774229328,0.22605356638149887,0.007345328438902898,0.0311746658062647,1.0,0.1606476123907834,0.19334192095456104,0.15346533132360451,0.027772010509627743,1.0
2022-11-17,455.45928955078125,45144984.0,37.83526611328125,94490785.0,0.10124311894178391,20,0.06986953253331392,46,0.16786544187314423,0.23291138886429907,0.03177951004419932,0.031205449403323978,1.0,0.09167671679771483,0.14993669726571435,0.13266589768173254,0.028139495140097802,0.8800002370301108
2022-11-18,457.3374328613281,35859717.0,37.83526611328125,74623478.0,0.10124311894178391,20,0.06986953253331392,46,0.19018403146690943,0.2630207716258548,0.038543854004066125,0.031161591283239913,0.98275897811724,0.09483806238938652,0.16923081275803842,0.14142682496109904,0.02814231157189086,0.9111112564169261
2022-11-21,452.64202880859375,29710180.0,37.87675476074219,41236956.0,0.10124311894178391,20,0.06986953253331392,46,0.10305755900067881,0.2748689064020635,0.0220357125198416,0.031020945616393562,1.0,0.0363637332545339,0.17223646010469684,0.13574104665151632,0.02814654868117898,0.9111112564169261
2022-11-22,461.0938720703125,37343127.0,38.2501220703125,65457989.0,0.10124311894178391,20,0.06986953253331392,46,0.08314587967947373,0.23589750170317214,0.023354522567455405,0.03100900394972141,0.9568970250741826,0.016703812417609765,0.13982542098169382,0.1527778713029344,0.028019371577187827,0.9155559796669033
2022-11-23,462.0329284667969,33475337.0,38.2501220703125,45884654.0,0.10124311894178391,20,0.06986953253331392,46,0.02291676271877119,0.23057639190860924,0.05705067442133971,0.03103538284816801,1.0,-0.010729697150514306,0.14819421501136287,0.18967724482907133,0.027746787754228612,0.9555552195358583
2022-11-24,465.7892761230469,27396552.0,38.33309555053711,38914337.0,0.10124311894178391,20,0.06986953253331392,46,0.010267026637402976,0.17985594747375822,0.08131857787479713,0.030835654779572303,1.0,0.018784390948288765,0.11218319903518736,0.20365534276430997,0.02763977338930404,0.9555552195358583
2022-11-25,467.66748046875,39949969.0,38.0012092590332,33819940.0,0.10124311894178391,20,0.06986953253331392,46,0.02268037299767034,0.21717784923645,0.11086225511038683,0.0306672430052901,1.0,0.013157815139064333,0.10924373922151753,0.2537313600429789,0.02681083126093043,0.9644442573632076
2022-11-28,451.2333984375,38926919.0,36.839599609375,78357139.0,0.10124311894178391,20,0.06986953253331392,46,0.022587365181966357,0.1279727229025558,0.11160712439887033,0.030667630860024584,1.0,0.004385938379688037,0.04090916072753181,0.22788209271926418,0.02688141028792606,0.92888892339902
2022-11-29,457.3374328613281,38182197.0,37.04703140258789,58090600.0,0.10124311894178391,20,0.06986953253331392,46,-0.0031120185078734597,0.07977510965518442,0.09703194788621627,0.03098769394017111,0.8622048825722615,-0.027382365725855617,-0.011135943208880894,0.226519381924293,0.02691585348917929,0.8044444371791537
2022-11-30,460.1547546386719,57111603.0,38.0012092590332,61750227.0,0.10124311894178391,20,0.06986953253331392,46,-0.00814679924527717,0.014583265208272467,0.11954019914414316,0.030994470762911383,0.9133854802238347,-0.03145325041088898,-0.04184546371009512,0.22161420282329636,0.026906804937902155,0.8266668274112245
2022-12-01,468.13702392578125,41746878.0,37.83526611328125,73822944.0,0.10124311894178391,20,0.06986953253331392,46,-0.004065021587005724,0.006160269365481863,0.1611376327281948,0.030553073587107737,0.9370079243860705,-0.006507503709968221,0.012154647744534897,0.28111897734652813,0.026743826534760897,0.92888892339902
2022-12-02,462.50244140625,28319679.0,37.752288818359375,54160843.0,0.10124311894178391,20,0.06986953253331392,46,0.005040364652178386,0.027835055000204445,0.19544348006614087,0.0305154026866859,1.0,-0.012986935443278669,0.0,0.2899576952202525,0.026655816768632795,0.9107144066643391
2022-12-05,459.2156982421875,28360444.0,37.66931915283203,37425551.0,0.10124311894178391,20,0.06986953253331392,46,-0.011044255327146146,0.011293649226583158,0.14801855884859383,0.030379925977807285,0.952940894605741,-0.006550329463914539,-0.0021931204256218084,0.20689654751891684,0.024932875280405036,0.9017852726347616
2022-12-06,448.8856506347656,40561068.0,36.92257308959961,40478376.0,0.10124311894178391,20,0.06986953253331392,46,0.01768995786288885,0.014522887878742452,0.09887628584638075,0.029953326046747917,0.9254905569054166,0.022522490804864237,-0.005476594001267432,0.1853786289427597,0.024892381804926568,0.8928569595994862
2022-12-07,446.0683898925781,36563503.0,36.217308044433594,74981916.0,0.10124311894178391,20,0.06986953253331392,46,-0.01848040772364512,-0.02647665079722694,0.0598668937656206,0.03015074793594812,0.8392157002678001,-0.003359467905425406,-0.03470705213103764,0.1424903660596344,0.02508444096183132,0.8125000897962518
2022-12-08,442.78155517578125,27238567.0,35.26313018798828,76670517.0,0.10124311894178391,20,0.06986953253331392,46,-0.030612233393426114,-0.0345528155908611,0.0844748556928967,0.02979024257627941,0.815686402448458,-0.0469432749479034,-0.05314529512199018,0.1471747311389462,0.02498831430291403,0.7366069660135042
2022-12-09,452.1724853515625,25915337.0,36.09285354614258,55417849.0,0.10124311894178391,20,0.06986953253331392,46,-0.054162494000944195,-0.049395128069001926,0.17434609762171926,0.026595042394094326,0.7882353001147715,-0.06798249859249905,-0.08008654971528417,0.20056492937700954,0.0226802495453855,0.5980390013628187
2022-12-12,446.0683898925781,20973334.0,36.09285354614258,25747200.0,0.10124311894178391,20,0.06986953253331392,46,-0.022334922218527176,-0.03313250496197995,0.2113209317976581,0.026625888054691873,0.8666668026014867,-0.043955885170326225,-0.050218289104497216,0.18528617949192872,0.02231300951983159,0.6960785661532789
2022-12-13,442.78155517578125,33272826.0,36.341766357421875,54778212.0,0.10124311894178391,20,0.06986953253331392,46,-0.028629919229537282,-0.01144642343143687,0.202531781993182,0.02672295411870154,0.815686402448458,-0.04185012211910211,-0.02027020030484772,0.19505488693300022,0.02223710834749648,0.6497179250274621
2022-12-14,451.2333984375,30636639.0,36.88108444213867,49166432.0,0.10124311894178391,20,0.06986953253331392,46,-0.01359833055557158,-0.031827435586188835,0.14441751353887322,0.02608543019450017,0.7882353001147715,-0.01573039697878853,-0.019037019120423992,0.13178279286177186,0.020217786667959876,0.6836157546385416
2022-12-15,453.83074951171875,24222008.0,36.71514129638672,38456812.0,0.10124311894178391,20,0.06986953253331392,46,0.011578961123350773,-0.01938773013043671,0.2103274396306254,0.025409203890183023,0.8588237033283725,0.018327601733699073,-0.02947603086152495,0.17748348605277453,0.019811092196693747,0.7470585705836235
2022-12-16,444.8580322265625,47601400.0,36.75662612915039,95239295.0,0.10124311894178391,20,0.06986953253331392,46,0.024954052865980403,-0.030560014873616592,0.18738531760311972,0.025206192907981373,0.8805163518118879,0.04117646677018594,-0.029605310916561378,0.15686276866624604,0.019800248922675085,0.7235292988140708
2022-12-19,440.6078186035156,21075559.0,35.636505126953125,83378719.0,0.10124311894178391,20,0.06986953253331392,46,-0.016176245485863716,-0.038149872519676276,0.197752511342288,0.024970989068581778,0.8055776945233645,0.01839069283228656,-0.026373571520378447,0.15968573580006074,0.019788889413139728,0.7294114815338677
2022-12-20,432.1073303222656,31139235.0,34.723812103271484,80512928.0,0.10124311894178391,20,0.06986953253331392,46,-0.012241556256379238,-0.04052100071905251,0.18034044679472383,0.025066111226676284,0.7700806101978132,-0.012643733436206062,-0.05396471376696166,0.08734180147143134,0.019882230443579185,0.5705882209764315
2022-12-21,433.5240478515625,36182644.0,34.848270416259766,56823850.0,0.10124311894178391,20,0.06986953253331392,46,-0.024107203041188185,-0.037377715881035445,0.18134392924931686,0.025046670106218704,0.6990859317911358,-0.04452051774913146,-0.05955058931002499,0.07170298745376091,0.02023699036001029,0.44117641490834475
2022-12-22,442.0245361328125,14047382.0,35.553531646728516,52209660.0,0.10124311894178391,20,0.06986953253331392,46,-0.03924654213819323,-0.028122015200486516,0.19287341710820916,0.02499032132648957,0.7109181233144614,-0.05511806544268272,-0.03780064566074903,0.06598992175732588,0.020207872504139492,0.45882350395810045
2022-12-23,429.74609375,24927413.0,34.806785583496094,33933570.0,0.10124311894178391,20,0.06986953253331392,46,-0.02601457347614433,-0.0017096896519734894,0.26871671747778314,0.024013484692112164,0.7730112078591103,-0.03163843604144112,0.008235271718423753,0.08618499074193209,0.020408507521541382,0.5588233146464727
2022-12-26,431.1628112792969,8793306.0,34.76530075073242,23114661.0,0.10124311894178391,20,0.06986953253331392,46,-0.033970249791659635,-0.04959698417767733,0.21707191162358686,0.024536452180120693,0.6564626296190704,-0.05304732101371912,-0.03563220516777155,0.10104989259973207,0.01992994045291708,0.4397594198868556
2022-12-27,431.6350402832031,10264001.0,34.723812103271484,23355763.0,0.10124311894178391,20,0.06986953253331392,46,-0.021436313486570047,-0.03341545590547401,0.1909925284061429,0.024326611147667588,0.6691399836805316,-0.02444696451341355,-0.03678159704698769,0.06751595355953044,0.019448685764921696,0.43373550035644987
2022-12-28,425.9681091308594,32578949.0,33.852603912353516,51433985.0,0.10124311894178391,20,0.06986953253331392,46,-0.0010929924255398404,-0.025173846476403083,0.21114751375017882,0.024127280617389814,0.6663563883943838,0.0,-0.04452051774913146,0.09268937449185177,0.019019377237772552,0.3831166504856108
2022-12-29,421.24560546875,23020759.0,33.811119079589844,33299648.0,0.10124311894178391,20,0.06986953253331392,46,-0.01742911092971311,-0.055991620731372094,0.16306681300836856,0.02400711855708834,0.6145582342200206,-0.028571475485385522,-0.0821147364724707,0.043478296656262794,0.01924455604186859,0.24675274271882341
2022-12-30,423.60687255859375,21683478.0,33.76963424682617,31353411.0,0.10124311894178391,20,0.06986953253331392,46,-0.04700854582836822,-0.07180021203505371,0.14576558472254564,0.024117911462561523,0.5713925478541705,-0.04900814311365331,-0.07909603815368327,0.043533965078027315,0.019244390859880896,0.24025942233033476
2023-01-03,427.8570556640625,14885824.0,34.350440979003906,34737355.0,0.10124311894178391,20,0.06986953253331392,46,-0.014285693996273219,-0.04777065519443224,0.1419789854311757,0.024105126307306487,0.5929755305088992,-0.02979738919533248,-0.08126403853903608,0.03430767512354427,0.01922022208686152,0.23376610194184613
2023-01-04,424.5513000488281,19188422.0,34.060035705566406,23573244.0,0.10124311894178391,20,0.06986953253331392,46,-0.007667070370531048,-0.02893903013311483,0.18647782795994483,0.023609384054358133,0.631824006667868,-0.011933156416596646,-0.03608839147856069,0.061538563102089716,0.019314663026221656,0.3246755728153485
2023-01-05,433.05181884765625,23549581.0,34.22597885131836,29326997.0,0.10124311894178391,20,0.06986953253331392,46,-0.016411411431581757,-0.017486466308734516,0.18347463538795528,0.02363741370779085,0.5722336136155204,-0.019115884964788776,-0.019115884964788776,0.05526985239090054,0.01936697674498726,0.15267216830318944
2023-01-06,433.05181884765625,20886011.0,35.18016052246094,54893830.0,0.10124311894178391,20,0.06986953253331392,46,0.016629671482333297,-0.0010892798363700829,0.1824082320207021,0.023622022473987887,0.6245143830791223,0.01102943040752602,-0.01785717217836591,0.02996259841005644,0.018861372818151843,0.17054264118450427
2023-01-09,454.3030090332031,46666263.0,36.92257308959961,119293217.0,0.10124311894178391,20,0.06986953253331392,46,0.028026911677259347,-0.020299138513117043,0.1557372088990736,0.023441416722645048,0.5894417135521103,0.040490864548092365,-0.010501660650129363,0.05603994467803175,0.019315739620206083,0.2881358573725129
2023-01-10,459.0255126953125,32646014.0,37.337432861328125,91619765.0,0.10124311894178391,20,0.06986953253331392,46,0.0724637357491491,0.05714284699813654,0.16011668030186432,0.02361929763210171,0.8381178209919419,0.09336609392119088,0.0607866388876408,0.0735825987670089,0.020148179045133285,0.6440679286862565
2023-01-11,457.6087341308594,21051115.0,37.461891174316406,67893495.0,0.10124311894178391,20,0.06986953253331392,46,0.07284782760652275,0.06462222781539206,0.19950311208870364,0.023260413705471605,0.8297809990929361,0.08695643482859405,0.07398561367375822,0.080432275171465,0.02019519912738554,0.7288135857372513
2023-01-12,459.4976806640625,20963689.0,37.461891174316406,58099046.0,0.10124311894178391,20,0.06986953253331392,46,0.07786440432105435,0.060175128114284826,0.10371191373882183,0.019660678436098256,0.7904455244374227,0.09987821205349001,0.07885306667659786,0.02613644307265095,0.018278933989689144,0.7542373607774411
2023-01-13,472.2484436035156,77606949.0,37.66931915283203,68861927.0,0.10124311894178391,20,0.06986953253331392,46,0.061068585017789,0.07871380700685893,0.09955105327617475,0.019644004514650575,0.8157585429061956,0.09454550115440741,0.10661771458726066,0.005567869208728871,0.01801241214931599,0.7542373607774411
2023-01-16,476.970947265625,34373918.0,37.25446319580078,67899354.0,0.10124311894178391,20,0.06986953253331392,46,0.09051255080780152,0.12107624975223463,0.047662696016533834,0.01607356672727307,1.0,0.07075461263975402,0.1141103926243956,-0.02575111530482954,0.017031774241498442,0.8545454089497143
2023-01-17,475.0819396972656,27770329.0,38.125667572021484,123681267.0,0.10124311894178391,20,0.06986953253331392,46,0.04989607768757964,0.12597546962520045,0.04293004025815228,0.01599610429730415,1.0,0.008988813033040222,0.10319415731611392,-0.0077347850741316115,0.016516744575322914,0.7636372299554286
2023-01-30,512.8616943359375,124428936.0,40.49037170410156,259934552.0,0.10124311894178391,20,0.06986953253331392,46,0.03497937817807295,0.1103753774958951,0.04308321423378625,0.015994953247587994,0.9661014628632514,0.021111111565191854,0.10990329339076377,0.007675417370417215,0.01686948389995028,0.9545459105028572
2023-01-31,493.0273742675781,72530854.0,40.49037170410156,137164342.0,0.10124311894178391,20,0.06986953253331392,46,0.12074280074662602,0.2080087713238723,0.12140764670677018,0.020055158414336055,1.0,0.08084163492155616,0.18879416493049206,0.07017541737041721,0.019370190672375737,1.0
2023-02-01,500.5833435058594,33710990.0,40.86374282836914,114483826.0,0.10124311894178391,20,0.06986953253331392,46,0.07297032175452722,0.13849510107015783,0.08922137779667372,0.020969068098325452,0.7835061470795542,0.08084163492155616,0.1830303489637639,0.06900319100379448,0.019371897106957543,1.0
2023-02-02,510.0282897949219,43077053.0,41.81792449951172,113657528.0,0.10124311894178391,20,0.06986953253331392,46,0.059999985783188325,0.15594328835265814,0.08564301940999353,0.020911414442488306,0.8659804082241755,0.0848017364629472,0.16155646311731564,0.06832973639279394,0.019365667719895854,1.0
2023-02-03,511.9172668457031,31635865.0,41.569007873535156,62951018.0,0.10124311894178391,20,0.06986953253331392,46,0.06930682616794104,0.12266104263827593,0.10387865966045329,0.021069506880192462,0.969073068103539,0.12249435134057496,0.13258424319541895,0.09327558282404369,0.01964715681385961,1.0
2023-02-06,496.8052673339844,30870136.0,40.69779968261719,63272202.0,0.10124311894178391,20,0.06986953253331392,46,0.07753468206328762,0.11522617520716882,0.09903188649296135,0.021052075759802287,0.9896914668382812,0.09031554122977692,0.11333331426194126,0.0844156277108361,0.019688519855459278,0.969072111198586
2023-02-07,493.9718322753906,23481767.0,40.7807731628418,54845672.0,0.10124311894178391,20,0.06986953253331392,46,-0.03130751853624647,0.08565512473788628,0.06230449642559943,0.02162005849346627,0.8247422783433864,0.005122896377229624,0.08637867461745485,0.07096064773104516,0.01994256926179631,0.8608245003936371
2023-02-08,510.0282897949219,35096191.0,41.90089797973633,91987834.0,0.10124311894178391,20,0.06986953253331392,46,0.0019156299570901592,0.07502573584594896,0.09471469529046894,0.020861638504500887,0.7938150133440992,0.0071721114555938215,0.08859355159305982,0.10698198664634351,0.019274237517654447,0.8711339546528102
2023-02-09,510.0282897949219,18861972.0,41.90089797973633,54489972.0,0.10124311894178391,20,0.06986953253331392,46,0.01886787966797776,0.07999993796300364,0.115212211263648,0.021309983704789412,0.969073068103539,0.025380816332055467,0.11233489009280806,0.13101904237351047,0.01964879662208546,1.0
2023-02-10,514.7507934570312,28495684.0,42.149810791015625,62316230.0,0.10124311894178391,20,0.06986953253331392,46,0.0,0.06930682616794104,0.10838426562692427,0.021307615232465296,0.969073068103539,0.0019841606492350117,0.1247215604614933,0.10262012174720825,0.019324409199763304,1.0
2023-02-13,510.9728698730469,22768977.0,41.278602600097656,58610023.0,0.10124311894178391,20,0.06986953253331392,46,0.005535126073764829,0.08349897237736226,0.09957291807502955,0.021208061651237165,1.0,0.013972017789008584,0.10554944936747179,0.1140350028150019,0.019300397271384676,1.0
2023-02-14,514.7507934570312,21883297.0,41.81792449951172,38055955.0,0.10124311894178391,20,0.06986953253331392,46,0.028517416119781425,-0.0036829119502409524,0.10480037320326652,0.021141940193486378,0.9595966420124427,0.014271113475663899,0.019467119288417045,0.0934066222767238,0.01962376319458618,0.8960393988928507
2023-02-15,495.8608093261719,61796793.0,41.4030647277832,54088246.0,0.10124311894178391,20,0.06986953253331392,46,0.04206507299399265,0.04406128406505738,0.12093466191905944,0.021098081024063256,1.0,0.025432360797292164,0.032786875979103014,0.11013220944737445,0.019679417070606095,0.9603962649529113
2023-02-16,498.69427490234375,29975138.0,41.569007873535156,56240350.0,0.10124311894178391,20,0.06986953253331392,46,-0.027777832626591392,-0.009434061762049417,0.10464838567456769,0.021622897333766555,0.7979792935850062,-0.011881207228395918,0.013198054365192613,0.12134830439121447,0.01946136074673271,0.91089136854161
2023-02-17,489.2494201660156,28121975.0,41.48603439331055,37735264.0,0.10124311894178391,20,0.06986953253331392,46,-0.022222325936342546,-0.022222325936342546,0.11797716718380102,0.02158200076288587,0.8282820568554996,-0.007920835165911688,-0.00595239072612197,0.1477663613909619,0.019147925653742834,0.9306932360651544
2023-02-20,488.3049011230469,20065156.0,41.90089797973633,46850801.0,0.10124311894178391,20,0.06986953253331392,46,-0.0495412024909182,-0.04428029321878646,0.10494534934226651,0.02178890631851122,0.7272731723269553,-0.015748027932940722,-0.0019960418703529603,0.17647055641821563,0.018583657622063505,0.9207920747009418
2023-02-21,487.3603820800781,13504100.0,41.98386764526367,28793861.0,0.10124311894178391,20,0.06986953253331392,46,-0.0443623724203438,-0.017110056534934026,0.07990847948961677,0.021598799473727635,0.7171719248636903,0.015075495303641828,0.029561752883485948,0.16091951350337297,0.018353482222115313,0.9702974263171239
2023-02-22,478.8598937988281,24575245.0,41.11266326904297,51599954.0,0.10124311894178391,20,0.06986953253331392,46,-0.05321101341680501,-0.01338426558627459,0.09256874758026212,0.021468974387371793,0.7070706774004252,0.003968230076887069,0.02950151233322118,0.16321829726180503,0.018346231674426294,0.9801981324764557
2023-02-23,489.2494201660156,25376835.0,41.651981353759766,69814349.0,0.10124311894178391,20,0.06986953253331392,46,-0.0342856608297929,-0.06111111210836229,0.08148112359541271,0.021635605580552768,0.6161614084696431,-0.007014008761176638,-0.018811881097979266,0.13127861933564944,0.018723383801832156,0.8762379865741873
2023-02-24,482.6378479003906,41692491.0,41.444549560546875,63799414.0,0.10124311894178391,20,0.06986953253331392,46,-0.0189391681670652,-0.04074062173543602,0.08424913107087129,0.021689258340586295,0.7272731723269553,0.0019960418703530713,-0.0059406036141980145,0.1293589107745996,0.018698939137947363,0.940594397429367
2023-03-01,493.0273742675781,39560848.0,42.56467056274414,93569096.0,0.10124311894178391,20,0.06986953253331392,46,-0.013513704857088027,-0.06238542215927878,0.06347542210320856,0.021814650893606447,0.656565092830301,-0.0009999710353217894,-0.016732251396466058,0.12881356566168511,0.018703831258346813,0.9158417216212759
2023-03-02,490.19384765625,16558784.0,42.06684112548828,40170733.0,0.10124311894178391,20,0.06986953253331392,46,0.009671156553354487,-0.03512025131574481,0.10828025696180621,0.02175412508404012,0.7676768566876133,0.01584148824993714,0.03115580183529376,0.15801353511571592,0.019062161309929916,1.0
2023-03-03,487.3603820800781,23253895.0,42.56467056274414,37277893.0,0.10124311894178391,20,0.06986953253331392,46,0.00581390215609745,-0.04770647488633961,0.11254005707364612,0.021709800069460418,0.7373734406709187,0.0019763181640548577,0.005952390726122081,0.18044238557140857,0.018452142758257645,0.9433965455770947
2023-03-06,492.082763671875,21922085.0,43.06250762939453,53372856.0,0.10124311894178391,20,0.06986953253331392,46,0.017751514360108578,-0.017142768870250125,0.127868813788937,0.021473726703956184,0.7070706774004252,0.035317762904319094,0.02805603504470655,0.22580638428042676,0.017876145168897548,1.0
2023-03-07,494.9163513183594,24861078.0,42.8135871887207,43382441.0,0.10124311894178391,20,0.06986953253331392,46,0.005791204627075386,-0.013257644138311875,0.13507604966902065,0.021497867596838003,0.7575746301050464,0.03386456609722455,0.03592820305942901,0.23571434435673178,0.017904130936231485,1.0
2023-03-08,492.082763671875,24512408.0,43.22844696044922,49154325.0,0.10124311894178391,20,0.06986953253331392,46,0.02544040727718233,0.011582908264706315,0.11965809782481118,0.021346418380099902,0.7878786988679423,0.033032995718141,0.031999992643891195,0.20420068571894534,0.01782126820739593,0.9732138349005427
2023-03-09,493.0273742675781,21557577.0,43.56033706665039,101691322.0,0.10124311894178391,20,0.06986953253331392,46,-0.001915939448811299,0.0077366877541868995,0.14505465163841302,0.020838253664229388,0.7575746301050464,0.015594538591027218,0.03168306754081751,0.2419545854572196,0.01736990891719585,1.0
2023-03-10,484.5268859863281,24045605.0,43.145477294921875,45381129.0,0.10124311894178391,20,0.06986953253331392,46,0.005780420592538915,0.011627929548382543,0.14348306804272792,0.020839565882211187,0.7676768566876133,0.03550292584857773,0.03754940908986426,0.2529831793770021,0.017342735622725227,1.0
2023-03-13,487.3603820800781,21466947.0,43.56033706665039,50745174.0,0.10124311894178391,20,0.06986953253331392,46,-0.0058139647741912714,0.011834342906739126,0.12253835014975101,0.021079845530446246,0.6767675877568311,0.013645277280404988,0.04944496085247718,0.24253285228602395,0.01746866665866836,0.9576271714745026
2023-03-14,481.6933898925781,20474770.0,42.06684112548828,65128554.0,0.10124311894178391,20,0.06986953253331392,46,-0.009596722219162745,-0.0038610941742076577,0.14412410608503734,0.020929213748725053,0.7070706774004252,0.01156062349039888,0.04581668508593917,0.28676473985371387,0.01680275892913222,1.0
2023-03-15,482.6378479003906,23208597.0,42.89656066894531,54147135.0,0.10124311894178391,20,0.06986953253331392,46,-0.026717568313428863,-0.00195686685559604,0.14349772113720594,0.02093853192129434,0.6373054479268092,-0.017441800892338044,0.015015039891609794,0.24417180710478226,0.01789583649582182,0.847457739383318
2023-03-16,479.551513671875,21965994.0,43.145477294921875,38251084.0,0.10124311894178391,20,0.06986953253331392,46,-0.019193754524152173,-0.021072919901499954,0.1393532049781172,0.020936756410284706,0.6439786484020305,-0.007677497454571025,0.0077973141061185025,0.2702702183686496,0.017999177190462356,0.9301310166407878
2023-03-17,491.8963928222656,33118483.0,44.14113998413086,93086342.0,0.10124311894178391,20,0.06986953253331392,46,-0.02733288514805554,-0.021710460127679854,0.12082179625991984,0.020961747461004317,0.6097618905035327,-0.009523796179394806,0.025641007039628905,0.25603852717040154,0.017909875902654623,0.9563319355922852
2023-03-20,486.19879150390625,11837312.0,44.14113998413086,63520680.0,0.10124311894178391,20,0.06986953253331392,46,0.01520969640505232,0.009307302991735877,0.15862651407660766,0.021181763016461245,0.7202608631988501,0.023076872748517996,0.037037040356341144,0.2959804377690922,0.017967283094403694,1.0
2023-03-21,490.94677734375,18284799.0,43.80925369262695,45323603.0,0.10124311894178391,20,0.06986953253331392,46,-0.00238343250473938,-0.011957281584226043,0.12272658915894463,0.021150123707206144,0.6505219056953911,0.013333297136608468,0.025048061855089232,0.2896969338958899,0.01799275187427793,1.0
2023-03-22,506.1404113769531,42385987.0,44.39005661010742,52511993.0,0.10124311894178391,20,0.06986953253331392,46,0.01921011922799165,-0.008020696758220258,0.1336906023167188,0.02117029236016362,0.6062053168668683,0.041420095270308765,0.02325585332332447,0.24528293907745913,0.017781836495708823,0.9540232436225892
2023-03-23,510.8884582519531,26728246.0,44.224117279052734,54121683.0,0.10124311894178391,20,0.06986953253331392,46,0.048696063888908014,0.028567649068179657,0.11410314550648604,0.020382598199263018,0.8493162097828972,0.03481621644887056,0.026871417581135537,0.20224710510793908,0.016414038200824994,1.0
2023-03-24,511.838134765625,21926240.0,44.05816650390625,43187989.0,0.10124311894178391,20,0.06986953253331392,46,0.06534635734987981,0.03622736772153612,0.11298488672690765,0.020373950449285846,0.9324081902083441,0.02500007073181254,0.015238178974297467,0.18444450756167075,0.016427341625198284,0.9767448449736522
2023-03-27,504.2412109375,16111177.0,43.975196838378906,33610473.0,0.10124311894178391,20,0.06986953253331392,46,0.04054053299505456,0.056366838599060776,0.11850604367891715,0.020353668191408235,0.9472851655920298,-0.0018797312496786622,0.021153763179989182,0.176079613783946,0.01647245459314383,0.9534880861435094
2023-03-28,498.5436096191406,17234120.0,43.31142044067383,49512832.0,0.10124311894178391,20,0.06986953253331392,46,0.037109140847070066,0.03463726120981292,0.097374877298128,0.02053473943250001,0.7527293771814374,-0.0037593760789053077,0.009523796179394806,0.17386483863708335,0.016486165435018223,0.9418605086303355
2023-03-29,503.29168701171875,17280749.0,42.730613708496094,62141441.0,0.10124311894178391,20,0.06986953253331392,46,0.015473840803056138,0.03498121435778945,0.0556807891519524,0.020241739771705677,0.5914380602968453,-0.011363655163952435,0.029585756426846466,0.14977975218906003,0.016743245472580867,0.8488372155186193
2023-03-30,508.0396423339844,19201564.0,43.22844696044922,39528238.0,0.10124311894178391,20,0.06986953253331392,46,-0.005628328229086543,0.04279365822879022,0.055183108944024895,0.020236988866305237,0.7111308908820811,-0.03738321210506135,-0.003868537660394633,0.1469931396921207,0.01679779019544135,0.7350990030276975
2023-03-31,506.1404113769531,23558838.0,43.8922233581543,38616672.0,0.10124311894178391,20,0.06986953253331392,46,-0.005576199407041238,0.059405773623731895,0.0693726700234496,0.02025474980804739,0.8130124575600324,-0.022514193156663143,0.0019230211537630826,0.13384105022655146,0.01655319604963498,0.7021273057550825
2023-04-06,503.29168701171875,25423363.0,43.80925369262695,27062741.0,0.10124311894178391,20,0.06986953253331392,46,-0.01113188526150144,0.028957355171812083,-0.013105449350603648,0.01611279215337475,0.7600956743331408,-0.003766456003956531,-0.00563910732858397,0.08401631081366778,0.013848664670039413,0.8723401341512445
2023-04-07,504.2412109375,8557482.0,43.47736358642578,17914131.0,0.10124311894178391,20,0.06986953253331392,46,-0.0018830748165463707,0.035156186741930995,0.02081895099514286,0.014952669127223997,0.680723900642222,-0.0037735623188189793,-0.007518752157810615,0.0819671899477572,0.01385844566647516,0.8426970471214574
2023-04-10,502.3420104980469,7435151.0,43.22844696044922,17618359.0,0.10124311894178391,20,0.06986953253331392,46,0.01142849132638979,0.027079174784849558,0.007307209636706169,0.01477256914951305,0.707179741393604,0.0038313946775136998,-0.0075757991343511355,0.06395940697439406,0.013886461113840221,0.7528089075041611
2023-04-11,497.59405517578125,22675697.0,42.8135871887207,42370862.0,0.10124311894178391,20,0.06986953253331392,46,-0.0018869306570719058,-0.007504638621074977,-0.015070299923883756,0.014488044800770518,0.6542638084540671,0.011650505545024226,-0.026168239879957977,0.033730092485914076,0.013493427563481781,0.685393061081534
2023-04-12,493.7955627441406,23816473.0,43.22844696044922,36090701.0,0.10124311894178391,20,0.06986953253331392,46,-0.020560574978391588,-0.026022124519429868,-0.02797954395673674,0.014542386434649992,0.5219752515362567,-0.009596915940748074,-0.031895042278212826,0.029940077448370017,0.013550031604677172,0.5730336614309491
2023-04-13,484.29949951171875,25536889.0,42.8135871887207,38971908.0,0.10124311894178391,20,0.06986953253331392,46,-0.024390165960525456,-0.035250542693045395,-0.006058117310218547,0.013855689997419348,0.416140834795119,-0.015122870224384743,-0.018832366602987594,0.06218142743753585,0.013170048520449451,0.6781605915328616
2023-04-14,489.9971618652344,18072504.0,42.56467056274414,44076038.0,0.10124311894178391,20,0.06986953253331392,46,-0.037735945158891115,-0.039547960367430135,-0.019580737466583953,0.01414449749564755,0.1515594695227252,-0.02272731032790498,-0.026415109724862496,0.04984736355442965,0.01328083010038798,0.5189868113679932
2023-04-17,493.7955627441406,14634287.0,43.145477294921875,30938868.0,0.10124311894178391,20,0.06986953253331392,46,-0.0282484825978081,-0.017142828809771027,-0.03927454286455723,0.013305841780536424,0.3103089689160452,-0.02099237277502708,-0.01724140816283215,0.01584148824993714,0.012656304980050787,0.4430372380111017
2023-04-18,489.04754638671875,15168888.0,43.22844696044922,40526179.0,0.10124311894178391,20,0.06986953253331392,46,-0.017013205296990574,-0.018868033215412527,-0.03182711111438208,0.013371763094698185,0.416140834795119,-0.0019193302411084634,0.009708814136299093,0.029702927030046844,0.012818500878573539,0.6202532971580017
2023-04-19,484.29949951171875,21123233.0,42.48170471191406,43488184.0,0.10124311894178391,20,0.06986953253331392,46,-0.0171756649826601,-0.03738309841337195,-0.04993338018517901,0.013346636376936758,0.28385057730259944,0.009689909184666723,0.0,0.02559053407811529,0.0127939999396527,0.6455690456486594
2023-04-20,487.1483154296875,17221961.0,42.06684112548828,38302825.0,0.10124311894178391,20,0.06986953253331392,46,-0.019230758534260595,-0.04315188310258855,-0.05220114791604347,0.01337848443566964,0.1515594695227252,-0.017274325150250514,-0.03213595799717417,0.029145902138982827,0.012665895141081173,0.4177226534629034
2023-04-21,485.2491455078125,25016683.0,41.569007873535156,40257727.0,0.10124311894178391,20,0.06986953253331392,46,0.00588234330376336,-0.03207557763944424,-0.05362299267567394,0.013356854897610763,0.25133000996639926,-0.017441800892338044,-0.03977270599868532,0.005952390726122081,0.012614838005742224,0.29113925523977796
2023-04-24,481.45074462890625,16886512.0,41.15414810180664,46150409.0,0.10124311894178391,20,0.06986953253331392,46,-0.009689885425760325,-0.037664643463744096,-0.021400489046068394,0.012135242794573774,0.1937414344026777,-0.023391763075936156,-0.04389308724060814,0.004007991844154457,0.01265574567949438,0.13924010852599492
2023-04-25,472.90423583984375,36898412.0,40.241455078125,59541021.0,0.10124311894178391,20,0.06986953253331392,46,-0.02499985631023338,-0.04158773391942272,-0.03457735759411751,0.012147543812808595,0.07856243250471252,-0.04615383391180172,-0.04798457970374015,-0.009980025816123339,0.012736175169903321,0.012657874245328807
2023-04-26,466.7318115234375,31269245.0,40.158485412597656,67991794.0,0.10124311894178391,20,0.06986953253331392,46,-0.033009695409267126,-0.049618396922398,-0.03340869432328708,0.012105519052267168,0.0,-0.06909783007141324,-0.06007747258499596,-0.0299999586218882,0.013180116326201977,0.0
2023-04-27,468.6310119628906,29537148.0,40.531856536865234,62993007.0,0.10124311894178391,20,0.06986953253331392,46,-0.03627442936858982,-0.05480760311069499,-0.044179547553165444,0.012252993387830665,0.0,-0.05468752525519194,-0.0710171603125217,-0.04158413425844287,0.013073599761740797,0.0
2023-04-28,476.70269775390625,24824100.0,40.73928451538086,58892831.0,0.10124311894178391,20,0.06986953253331392,46,-0.03801163399377405,-0.032352888170699035,-0.038430227006244544,0.012276849790047083,0.042104971164593205,-0.03648918120673916,-0.053294545065744825,-0.03458497727429466,0.013161747619100262,0.08823463126115023
2023-05-02,475.7530822753906,15325791.0,41.361576080322266,31537756.0,0.10124311894178391,20,0.06986953253331392,46,-0.017612494185770045,-0.027131716560808483,-0.004504858462479944,0.012300086378270627,0.2210529591811881,-0.019960143400067465,-0.04288500353062752,-0.009081843013153956,0.01280349622493117,0.1372537706856964
2023-05-03,471.0049743652344,11369311.0,41.444549560546875,28657181.0,0.10124311894178391,20,0.06986953253331392,46,-0.011834361909456192,-0.0365383608724299,-0.027585802525929015,0.011812809907307126,0.200000135313969,0.0050402690392834515,-0.04134619261262806,-0.0069721838913501255,0.0128621512207389,0.2843129919290063
2023-05-04,472.90423583984375,13140291.0,41.19563293457031,26487301.0,0.10124311894178391,20,0.06986953253331392,46,-0.004016165072483258,-0.03689328809599435,-0.02410269643328322,0.011730879040859782,0.09473533940802845,0.029896893143803505,-0.041266747369723356,0.0,0.012842470264698813,0.30392118858972617
2023-05-05,474.8034362792969,7488897.0,41.15414810180664,21031387.0,0.10124311894178391,20,0.06986953253331392,46,0.013224777407520483,-0.023529373215053773,-0.04081545869056158,0.011229051894083644,0.13684166371231168,0.025826360514266344,-0.030273544483799153,-0.032163707837365774,0.012144506265298474,0.2450975000924022
2023-05-08,478.60186767578125,11243634.0,41.48603439331055,27807248.0,0.10124311894178391,20,0.06986953253331392,46,0.013171181929579667,-0.025341110210966966,-0.03139658208796148,0.011227961555381563,0.17894663487690488,0.01535314732932136,-0.021696257652411233,-0.021696257652411233,0.012019944670327609,0.23529385250446008
2023-05-09,484.29949951171875,16197743.0,41.444549560546875,21745836.0,0.10124311894178391,20,0.06986953253331392,46,0.003983971416195775,-0.013698690442978334,-0.01797133030574849,0.011277059106379604,0.2631572537759363,0.018329970366753878,-0.0019960418703529603,-0.025341114007768173,0.011939774049780819,0.3137248361776682
2023-05-10,477.65228271484375,18859212.0,41.029693603515625,27619316.0,0.10124311894178391,20,0.06986953253331392,46,0.017963976597803688,0.005917022487956114,-0.01581698188751479,0.01133030525284704,0.38947284383956093,0.0020060521887144134,0.007056432270735824,-0.03757231424542573,0.011782076896815648,0.30392118858972617
2023-05-11,473.8538513183594,13382927.0,40.82225799560547,25318853.0,0.10124311894178391,20,0.06986953253331392,46,0.014113032157606842,0.010040186818305319,-0.0348828010178438,0.011473449823324731,0.2421051064785622,-0.010009903869872772,0.019587724247553506,-0.041666529303927335,0.01184321862366936,0.2058829097406338
2023-05-12,471.0049743652344,18465362.0,40.40739822387695,36653057.0,0.10124311894178391,20,0.06986953253331392,46,0.002008050270112749,0.015259383695478412,-0.03704440329812242,0.011501966444081947,0.15789448757953078,-0.009063459215637337,0.01652882513341969,-0.05566216540337965,0.011738388348406749,0.15686196734641628
2023-05-15,470.5302734375,13315766.0,39.90956497192383,45110414.0,0.10124311894178391,20,0.06986953253331392,46,-0.00800007250121948,0.005065739017996895,-0.04466770214343441,0.011520752257085843,0.09473533940802845,-0.018145191004376726,-0.0030706294658642275,-0.07238095605066641,0.011728557003379768,0.05882278701248827
2023-05-16,479.551513671875,21140315.0,40.49037170410156,36777132.0,0.10124311894178391,20,0.06986953253331392,46,-0.016864945131700115,-0.012948163174844707,-0.02888717417679698,0.011232055261315932,0.08421129546887643,-0.03800000275854076,-0.020366571316287496,-0.07500003536590627,0.011781758350871151,0.0
2023-05-17,492.8460388183594,41406763.0,40.86374282836914,45756475.0,0.10124311894178391,20,0.06986953253331392,46,-0.009803821487799902,0.007984039490227968,-0.016022780462528585,0.011601764733763347,0.2842107542130004,-0.023022999804867994,-0.021063132955302932,-0.07047616178569882,0.011922107163982294,0.1296301341638471
2023-05-18,503.29168701171875,43096277.0,41.651981353759766,40947582.0,0.10124311894178391,20,0.06986953253331392,46,0.03180924001275254,0.04637119699756864,0.023153003881303702,0.012237717446161155,0.5789482586445329,-0.004044650607195055,-0.014014067913302508,-0.028599682432303708,0.01086197726504944,0.2129627579959371
2023-05-19,505.1908874511719,32099068.0,41.48603439331055,54028480.0,0.10124311894178391,20,0.06986953253331392,46,0.06212429341126424,0.06425709238554211,0.04279365822879022,0.012642380548983938,0.810526614904563,0.020325268588611944,0.011077592130074976,-0.029013498886090283,0.010842309331468899,0.38888955109004936
2023-05-22,504.2412109375,17208135.0,40.57334518432617,75372804.0,0.10124311894178391,20,0.06986953253331392,46,0.0725807898993196,0.06400006581670992,0.053465317173078786,0.012593096637220014,0.8526315860691562,0.026694026758600442,0.008064467540012998,-0.0384615724672176,0.010805496058663325,0.3518518833852404
2023-05-23,503.29168701171875,19588873.0,40.57334518432617,39877300.0,0.10124311894178391,20,0.06986953253331392,46,0.07164456657320217,0.05357133975726058,0.02509637861828118,0.011993415817072847,0.8315774090622471,0.016632108439901705,-0.02199991448523564,-0.08082697458849819,0.010605065969925852,0.14814896801625155
2023-05-24,498.5436096191406,19086681.0,40.7807731628418,27082718.0,0.10124311894178391,20,0.06986953253331392,46,0.04950494923489601,0.03921579006203468,0.035156186741930995,0.011844373956992693,0.810526614904563,0.002049215078363975,-0.0210209638048533,-0.08082697458849819,0.010605065969925852,0.14814896801625155
2023-05-25,515.6365966796875,63827245.0,40.57334518432617,43294146.0,0.10124311894178391,20,0.06986953253331392,46,0.011560549039699497,0.04373752133153497,0.015473840803056138,0.011864000691952965,0.7052624955684675,-0.002030398093386232,-0.006066836449699964,-0.06912878614717977,0.010622371963010123,0.19444477554502468
2023-05-26,537.4774780273438,95808471.0,41.81792449951172,126838659.0,0.10124311894178391,20,0.06986953253331392,46,0.024528340098892487,0.08817643930735164,0.01876195832081473,0.012082577479098026,1.0,-0.025896395186401633,-0.006097477785430017,-0.08598122456352542,0.010368602671005917,0.1538468339590145
2023-05-29,539.3765869140625,54657853.0,42.48170471191406,81036102.0,0.10124311894178391,20,0.06986953253331392,46,0.0639096851866563,0.1411290905190401,0.052044667179147464,0.013643459360045901,1.0,0.008000044136652562,0.03490762428750682,-0.054409062918271855,0.011529551543766853,0.4600006804403737
2023-05-30,537.4774780273438,40136130.0,42.8135871887207,55459727.0,0.10124311894178391,20,0.06986953253331392,46,0.06967969934713936,0.14631643777901848,0.053803048811608356,0.013647582418094691,1.0,0.04703480866362253,0.06444920514166763,-0.03578137532918935,0.011820367734623104,0.6326543633260492
2023-05-31,529.8805541992188,81176782.0,42.97953414916992,102913532.0,0.10124311894178391,20,0.06986953253331392,46,0.06792441023336226,0.12079195394867126,0.06591342867047678,0.01343026818511448,0.9738575984782543,0.05521462413850853,0.0573769858572033,-0.026415109724862496,0.011893131298117606,0.729166786395027
2023-06-01,523.2333374023438,24477529.0,42.149810791015625,56041081.0,0.10124311894178391,20,0.06986953253331392,46,0.06285697775570287,0.07514418796923428,0.06285697775570287,0.013503647812618355,0.869281270899638,0.053916608631921825,0.05177673835916763,-0.0076627893550272885,0.011686439008661228,0.7708341714318554
2023-06-02,533.6790771484375,30206141.0,42.64764404296875,46344413.0,0.10124311894178391,20,0.06986953253331392,46,0.014732741569496,0.03962245136419407,0.03962245136419407,0.013614335364197988,0.7777782445480301,0.038854711129375996,0.011952118988714622,-0.01359219695374958,0.01188372778597714,0.5625001197283603
2023-06-05,527.0318603515625,16827391.0,42.232784271240234,28104311.0,0.10124311894178391,20,0.06986953253331392,46,-0.007067088453356574,0.0563909413350594,0.050467390097085785,0.013867750290514853,0.9215702748754003,0.01984124160601808,0.028000016551244622,-0.013435664668033476,0.011887676336447217,0.6875003591850809
2023-06-06,531.7799072265625,20228086.0,41.90089797973633,34947009.0,0.10124311894178391,20,0.06986953253331392,46,-0.022887027101283652,0.045197911078488584,0.04127599477341537,0.014008984191825636,0.8300672485237924,-0.005859473916168367,0.040899735512937685,-0.03780713210568709,0.011713198253941749,0.5957448057283719
2023-06-07,539.3765869140625,27604813.0,42.56467056274414,41388320.0,0.10124311894178391,20,0.06986953253331392,46,-0.01060057590076624,0.05660379646640257,0.05660379646640257,0.014020646351201696,0.8954270331672005,-0.021317746746173705,0.03271982601826484,-0.04356056202828673,0.011762221442943555,0.5581405294901938
2023-06-08,530.8302612304688,23080195.0,42.730613708496094,38370270.0,0.10124311894178391,20,0.06986953253331392,46,0.01792108172226592,0.08190452451314334,0.06967969934713936,0.014160824602640619,1.0,-0.009652584529788233,0.04374358947975465,-0.02099237277502708,0.011995252175206738,0.8
2023-06-09,536.5277099609375,19091713.0,43.39439392089844,52654500.0,0.10124311894178391,20,0.06986953253331392,46,0.014519189212676809,0.029465838244641773,0.05671086657509927,0.01439529108126519,0.8823545721266464,0.01377949050258298,0.05316959975494684,-0.011516334426925012,0.011983643373414425,0.8499997126519353
2023-06-12,545.0743408203125,26392389.0,43.643310546875,43177215.0,0.10124311894178391,20,0.06986953253331392,46,0.005337726237500062,-0.0017670843993168317,0.0782438101504297,0.014360571310827703,0.9607834570647918,0.017509756862004178,0.03769841378438388,0.013565944138657748,0.01212981359535927,1.0
2023-06-13,563.1168823242188,56174363.0,44.14113998413086,62367279.0,0.10124311894178391,20,0.06986953253331392,46,0.034234136161549245,0.010563591458147226,0.10384617024746712,0.014439290532051027,1.0,0.03339884641693658,0.02734367283135808,0.00959700418581666,0.012071099072389789,1.0
2023-06-14,560.26806640625,23583314.0,44.39005661010742,50927695.0,0.10124311894178391,20,0.06986953253331392,46,0.058928467720961164,0.04770321612540318,0.16274512546877573,0.014776227311961926,1.0,0.05346525044589567,0.031007745030995792,0.031007745030995792,0.012086216305085159,1.0
2023-06-15,563.8455200195312,27392154.0,45.21977996826172,76451940.0,0.10124311894178391,20,0.06986953253331392,46,0.03873264060591497,0.05734785314579871,0.14341083991899217,0.014780361277088509,0.9704433903061919,0.04288500353062763,0.03281846787919962,0.04288500353062763,0.012062564896001514,1.0
2023-06-16,561.9375,38128802.0,45.21977996826172,83561199.0,0.10124311894178391,20,0.06986953253331392,46,0.06219550994047118,0.07761772753015261,0.14186024047301315,0.014771826622417194,1.0,0.05825252772512157,0.0728347083802443,0.048076943480330536,0.012215035218094408,1.0
2023-06-19,556.2131958007812,14346885.0,44.638973236083984,43027089.0,0.10124311894178391,20,0.06986953253331392,46,0.04735969749057789,0.052950216827973406,0.1490447179457739,0.014670206111974747,0.9803527220916706,0.04206501998139878,0.06031132511567261,0.04606533770770027,0.012215829947352992,1.0
2023-06-20,556.2131958007812,16221413.0,44.55600357055664,66672660.0,0.10124311894178391,20,0.06986953253331392,46,0.020435478514188032,0.05536920562971859,0.14849013133725597,0.014680818270114374,0.9214083744000261,0.022813638029122396,0.056974433638805166,0.050781119514841766,0.01207116796067968,0.8906246295906515
2023-06-21,554.3050537109375,21703937.0,44.721946716308594,82193112.0,0.10124311894178391,20,0.06986953253331392,46,-0.012259775439413367,0.045946242500300105,0.14177382571912478,0.01468467524724417,0.9214083744000261,0.009398569827941294,0.06336631716352104,0.059171603535502326,0.011956271476025201,0.8750000897962057
2023-06-26,547.6265258789062,27142262.0,44.224117279052734,89410193.0,0.10124311894178391,20,0.06986953253331392,46,-0.010643142190061461,0.027677261414488452,0.14231021083171225,0.014679283356856886,0.9017598395083687,0.007476676795352466,0.05068231763674613,0.07584830632392237,0.011774628216757819,0.9062498877547429
2023-06-27,545.7185668945312,21501718.0,43.64613723754883,124170409.0,0.10124311894178391,20,0.06986953253331392,46,-0.02876496055171851,0.0316414979988211,0.137450781805327,0.014771319081980653,0.8329896531417356,-0.022018300175449923,0.03495160590824109,0.07459683455606081,0.011804057180179798,0.8125004938791315
2023-06-28,547.6265258789062,18175426.0,43.69062423706055,33377861.0,0.10124311894178391,20,0.06986953253331392,46,-0.02886252137554224,0.01713025583387462,0.15397267678386206,0.014438598493281198,0.8133430037250701,-0.034799875890979104,0.005801286615715329,0.08460633823538344,0.01143090891017018,0.7036574353772626
2023-06-29,546.6725463867188,16937929.0,43.15673065185547,49730094.0,0.10124311894178391,20,0.06986953253331392,46,-0.015437731407132005,0.004682269678577766,0.17332162144985164,0.014199250391079065,0.8296583737955486,-0.02124486587108232,0.0010840994780798585,0.08795498107493027,0.011414085456532809,0.7120350621856684
2023-06-30,549.5347900390625,22654976.0,43.15673065185547,43790426.0,0.10124311894178391,20,0.06986953253331392,46,-0.017152864200438156,-0.02920234937661137,0.16653087916001597,0.014225951719558321,0.815968191031718,-0.03140481206949708,-0.022301402560724437,0.06476076694396693,0.011563807250240548,0.6114942016794046
2023-07-03,552.3968505859375,14785585.0,42.93427276611328,52501250.0,0.10124311894178391,20,0.06986953253331392,46,-0.008605845535665346,-0.019157394488025004,0.15278305037567708,0.01406886179696733,0.8466410312929032,-0.03499883568087936,-0.02778383386812644,0.059339435270688634,0.01155236543303817,0.6114942016794046
2023-07-04,558.1212768554688,17219541.0,43.42367935180664,29983726.0,0.10124311894178391,20,0.06986953253331392,46,0.00871090877012426,-0.0203046207287364,0.16109988808476383,0.014044323583395862,0.8773119093295275,-0.02916608837663337,-0.05054220086326289,0.03802313245358224,0.011384439473634635,0.5696017574195013
2023-07-05,555.2591552734375,14913592.0,43.02325439453125,28232553.0,0.10124311894178391,20,0.06986953253331392,46,0.02272730068818518,-0.0067911878892781274,0.18495834912919884,0.013912681957940178,0.9386569357770442,-0.0050968516304532585,-0.039719357717257875,0.04775368081557807,0.011497350192505092,0.6617649911173593
2023-07-06,539.0401611328125,28564891.0,42.84529113769531,40600085.0,0.10124311894178391,20,0.06986953253331392,46,0.01393765464936414,-0.0017152425266901972,0.1741471384525397,0.013986056605024774,0.9079854036655663,-0.015274898314755592,-0.03619525101994647,0.04436444666024886,0.011556886443344905,0.5863584477756043
2023-07-07,539.0401611328125,18796190.0,43.02325439453125,39653420.0,0.10124311894178391,20,0.06986953253331392,46,-0.013961530178080439,-0.03087491414734367,0.1352911961987764,0.014891118926064864,0.73417678465959,-0.007216476073512945,-0.03839465606811732,0.04109289376383507,0.011580859417887432,0.5528450670633983
2023-07-10,539.0401611328125,18454982.0,42.80079650878906,34272882.0,0.10124311894178391,20,0.06986953253331392,46,-0.01909729665250859,-0.0275387938030337,0.1262809394174238,0.014878505374240288,0.73417678465959,-0.003092825969626123,-0.037983416342604936,0.03705391521992696,0.011538520007768971,0.5863584477756043
2023-07-11,550.4888305664062,17850636.0,43.15673065185547,31498332.0,0.10124311894178391,20,0.06986953253331392,46,-0.024179517748802004,-0.01567923455189313,0.11303059713314689,0.014816874098580055,0.73417678465959,-0.0031088510116693557,-0.032184266364946645,0.032724374196921424,0.011573441292871063,0.5444660035157011
2023-07-12,551.44287109375,15588228.0,42.489356994628906,62341021.0,0.10124311894178391,20,0.06986953253331392,46,-0.013675246950026199,0.008741252288740453,0.15248864181613375,0.014856042843020138,0.8568648753300625,-0.006147537563282679,-0.011213056106883168,0.051841407076888,0.01149993489544391,0.6114942016794046
2023-07-13,558.1212768554688,25442137.0,42.26689910888672,52464102.0,0.10124311894178391,20,0.06986953253331392,46,-0.006872978398362761,0.006968883051672314,0.16374040130627177,0.014748855956266706,0.8670887193672219,-0.01240950754227943,-0.027494851891190608,0.04083799086280093,0.011748988569965459,0.4858168688996948
2023-07-14,563.8455200195312,23121873.0,42.93427276611328,55574528.0,0.10124311894178391,20,0.06986953253331392,46,0.035398319269118295,0.02094257438830871,0.18495834912919884,0.014722200005265472,0.9386569357770442,-0.01349954717193469,-0.020618604086278136,0.04601882246184741,0.011658855984589154,0.4439244246397915
2023-07-17,563.8455200195312,13807834.0,43.112239837646484,47745522.0,0.10124311894178391,20,0.06986953253331392,46,0.04601764520585894,0.026041535931604187,0.19831932576900657,0.01472847681096364,1.0,-0.002068221701733486,-0.005154651021569534,0.07578904446383516,0.011674250245719376,0.516745631907442
2023-07-18,554.3050537109375,20932006.0,42.8897819519043,26231387.0,0.10124311894178391,20,0.06986953253331392,46,0.04601764520585894,0.020725442988043685,0.17577674961804624,0.014556257205096903,1.0,0.007276577873812862,0.004145105065659127,0.06475287884994474,0.011506354188516425,0.5464177958761448
2023-07-19,554.3050537109375,22499123.0,42.26689910888672,49206010.0,0.10124311894178391,20,0.06986953253331392,46,0.0069324261140859544,-0.006837623475013155,0.12470226004033913,0.014408344119013124,0.8539021867798728,-0.006185563547541184,-0.012295075126565247,0.04958036105612451,0.011486755190846496,0.4985406823285045
2023-07-20,552.3968505859375,15108109.0,41.02113723754883,86599321.0,0.10124311894178391,20,0.06986953253331392,46,0.005190352015088218,-0.0017182995605541374,0.1013594462529459,0.014120339968982766,0.8539021867798728,-0.005235614315611037,-0.017580150462552457,0.014763229386480337,0.011373568569555858,0.3644846001962177
2023-07-21,534.2700805664062,46711021.0,40.22029495239258,96826103.0,0.10124311894178391,20,0.06986953253331392,46,-0.010256599249868104,0.024778653644387916,0.09344183418060603,0.0141470683081584,0.8246809417458442,-0.02947369922095766,-0.04257536479992763,-0.011206112190773276,0.012259431209730989,0.0963732569261146
2023-07-24,532.3617553710938,25268835.0,40.08681869506836,51546603.0,0.10124311894178391,20,0.06986953253331392,46,-0.05245308937118187,-0.008849211821957303,0.05955258907354222,0.015136721839579571,0.5470968724837171,-0.06321238579037403,-0.06514987026399754,-0.008701531272062302,0.01215750082127262,0.0
2023-07-25,542.8563842773438,19590349.0,40.62071990966797,36297797.0,0.10124311894178391,20,0.06986953253331392,46,-0.055837571694011046,-0.01238944005152387,0.05775988181322389,0.015148137722622192,0.5178737581274625,-0.07017545722447638,-0.06340951652998783,-0.011991283613601578,0.012167376240201441,0.0
2023-07-26,539.9942016601562,13314305.0,40.131309509277344,38761656.0,0.10124311894178391,20,0.06986953253331392,46,-0.020654095352275248,-0.013864852228172131,0.08888445023306102,0.015304240903733389,0.5646213545524178,-0.05290449004335829,-0.05876280950578605,-0.003924723362519811,0.012319942098214406,0.10401426899280977
2023-07-27,542.8563842773438,12200358.0,41.06563186645508,61221132.0,0.10124311894178391,20,0.06986953253331392,46,-0.025817646718126697,-0.02076129737770671,0.047237929071197504,0.014472513187710574,0.4127053307083064,-0.050526289948731096,-0.055497368097371824,-0.010894730839684175,0.012436064298966397,0.008667669955223603
2023-07-28,540.9483032226562,18540078.0,41.86647415161133,49489870.0,0.10124311894178391,20,0.06986953253331392,46,-0.017271036752787405,-0.027350493900052508,0.0100076867773915,0.012951985633110544,0.4831812921745142,0.0010846756551039505,-0.028420992969864445,-0.01798971713829134,0.012034435344585972,0.19069171172175464
2023-07-31,539.0401611328125,24208467.0,41.821983337402344,53098015.0,0.10124311894178391,20,0.06986953253331392,46,0.012499712971331123,-0.040609024961450135,0.0029139498204511227,0.012954984036500715,0.43619831978238327,0.04092906830164411,-0.024870541544253943,-0.014482247463346032,0.012166122110147842,0.34671125726919716
2023-08-01,540.9483032226562,16259643.0,41.821983337402344,24111536.0,0.10124311894178391,20,0.06986953253331392,46,0.01254486389065157,-0.04399318254024531,0.002907439231136122,0.0129550287978086,0.38921384451224095,0.04328516701544727,-0.02992784659537595,-0.023160961657975654,0.012099119331461298,0.3380435873139736
2023-08-02,535.2240600585938,25583234.0,41.51054763793945,34780532.0,0.10124311894178391,20,0.06986953253331392,46,-0.003514891065023673,-0.024096389522089035,0.02088725267558389,0.012765343546144748,0.43619831978238327,0.02957267695909227,-0.02489634047800382,-0.026932604893995404,0.012079801121478911,0.3380435873139736
2023-08-04,528.545654296875,26279173.0,41.377071380615234,33157960.0,0.10124311894178391,20,0.06986953253331392,46,-0.008833690411669592,-0.034423272031530505,0.022916587684912004,0.012719662246694251,0.22253152174814103,0.034368131653996103,-0.017894652479681028,-0.015166453682217584,0.011765934282209409,0.2773698976274084
2023-08-07,532.3617553710938,14369551.0,41.288089752197266,28307075.0,0.10124311894178391,20,0.06986953253331392,46,-0.026361907854356992,-0.04317764712771821,-0.009618932184846885,0.012499370689388051,0.041120441677512415,0.007583945503942369,0.008676847280104205,-0.029792329467798417,0.01161631145581522,0.2513661445850287
2023-08-08,526.6375732421875,19010690.0,40.531734466552734,54378052.0,0.10124311894178391,20,0.06986953253331392,46,-0.015873139448647544,-0.0035718361643785057,0.010113041393694733,0.012395345505391921,0.10810525751573866,-0.013814977524010175,0.026548656618968103,-0.02236874824486268,0.01153047718524473,0.2340308046745815
2023-08-09,528.545654296875,14389090.0,40.57622528076172,26030497.0,0.10124311894178391,20,0.06986953253331392,46,-0.02300865275893449,-0.010752429285450948,-0.009670041899842108,0.012432275520698406,0.0,-0.03085097281112703,0.01109880469360136,-0.032676233188265624,0.011803620795374444,0.08667818590565372
2023-08-10,525.6834106445312,17892615.0,40.175804138183594,38550690.0,0.10124311894178391,20,0.06986953253331392,46,-0.02292760482266687,-0.026361907854356992,-0.02008046489217219,0.01223753347786339,0.05128154654987164,-0.02978715874353366,-0.0010953678074931972,-0.04671586213856105,0.011514690487964746,0.09534585586087732
2023-08-11,520.9131469726562,17608427.0,40.353763580322266,15803575.0,0.10124311894178391,20,0.06986953253331392,46,-0.017825524160887007,-0.02650174941069361,-0.009695849995452477,0.01202058086012813,0.0,-0.03215432162923193,0.0011087260657658415,-0.059788740403804,0.011565531803717785,0.01733608308715605
2023-08-14,516.1429443359375,20939030.0,40.042327880859375,33004389.0,0.10124311894178391,20,0.06986953253331392,46,-0.014440582875233865,-0.04042180941447082,-0.02910299449289966,0.011971186450412395,0.0,-0.024731276674462288,-0.01733489182506187,-0.07006965798666964,0.01129264273290073,0.05200601973134162
2023-08-15,517.0969848632812,14066307.0,40.4427490234375,18484617.0,0.10124311894178391,20,0.06986953253331392,46,-0.03046577044936405,-0.045855322475258364,-0.05307789106497751,0.01174842728653717,0.0,-0.030172426935096808,-0.043570573059153794,-0.08250938393291674,0.011268345474130916,0.0
2023-08-16,517.0969848632812,28269840.0,38.93003845214844,77053857.0,0.10124311894178391,20,0.06986953253331392,46,-0.018116041968237573,-0.04070786900815859,-0.08172352651015213,0.010437537965184611,0.019999769691091778,-0.0021954511517059405,-0.03297869215904359,-0.08378557875992698,0.011229587301751127,0.07733942020485722
2023-08-17,519.0050659179688,22843138.0,38.796566009521484,55366447.0,0.10124311894178391,20,0.06986953253331392,46,-0.021660701096528623,-0.04409167792427238,-0.07705433190201749,0.010430260725224735,0.019999769691091778,-0.040570230898086534,-0.06914891773359721,-0.12300092802124885,0.012415090727832655,0.0
2023-08-18,514.23486328125,17592345.0,38.97452926635742,36290056.0,0.10124311894178391,20,0.06986953253331392,46,-0.012704119230953714,-0.03030318580754654,-0.07952613350551985,0.010386531927098956,0.05999930907327534,-0.03433006901164337,-0.06538053056032123,-0.14204434349854156,0.01193023500459458,0.0
2023-08-21,512.3267822265625,16633821.0,38.84105682373047,22831740.0,0.10124311894178391,20,0.06986953253331392,46,-0.012820340070543113,-0.02707578976249969,-0.08488957707707712,0.010445008378139999,0.0,-0.03417857943335434,-0.05806457620351013,-0.13810882552475123,0.011984597578960001,0.0300340628969364
2023-08-22,516.1429443359375,14594304.0,38.796566009521484,19710187.0,0.10124311894178391,20,0.06986953253331392,46,-0.007393614794608538,-0.03763413307284902,-0.07890214382820493,0.010369586063221716,0.0,-0.03000003048531863,-0.059267283692546524,-0.12988462753589414,0.011892525044899214,0.0075085157242341
2023-08-23,526.6375732421875,20636332.0,38.61860275268555,37634066.0,0.10124311894178391,20,0.06986953253331392,46,-0.0018449934060165152,-0.01992761139627952,-0.07204117372144425,0.01046615920614005,0.07407328426232965,-0.04070403357007246,-0.04281012100439796,-0.129262884897538,0.011895051110019565,0.0
2023-08-24,538.0860595703125,23280827.0,39.46393585205078,37530135.0,0.10124311894178391,20,0.06986953253331392,46,0.018450288162923156,-0.003610059110647379,-0.049913816017954304,0.011000380345872201,0.2777783701365861,-0.007999881629854988,-0.048245555483060976,-0.13647312811178147,0.011845725878349287,0.0
2023-08-25,520.9131469726562,24144537.0,38.707584381103516,37143328.0,0.10124311894178391,20,0.06986953253331392,46,0.03676456147609075,0.023593380872671155,-0.017421483178306385,0.011412331557685075,0.49999822292357504,0.017201776115069345,-0.017718831057727202,-0.1076376809731524,0.012403977748514237,0.16666591456077015
2023-08-28,523.775390625,8991985.0,39.86436080932617,83882599.0,0.10124311894178391,20,0.06986953253331392,46,0.012986835720925738,0.0,-0.04545460137637036,0.012402698437227215,0.16666488959024173,-0.00684921383987902,-0.04079369687395096,-0.11314982651423888,0.012563729052608372,0.017543622141997593
2023-08-29,526.6375732421875,10516678.0,40.30927276611328,37744602.0,0.10124311894178391,20,0.06986953253331392,46,0.022346300829096055,0.014787466094072554,-0.04355365221877572,0.012424306793917737,0.2222222222222222,0.026345935699939593,-0.004444473659541481,-0.08757630486059176,0.013528944227147226,0.25925872999995236
2023-08-30,529.4996337890625,15117416.0,41.288089752197266,46530186.0,0.10124311894178391,20,0.06986953253331392,46,0.020332795442456808,0.018450288162923156,-0.03664894693716414,0.012463282845678136,0.2777783701365861,0.038990738412790105,-0.0033003754825584597,-0.06597946236272101,0.013582886700860854,0.35185079333323804
2023-08-31,523.775390625,40431378.0,40.487239837646484,64338362.0,0.10124311894178391,20,0.06986953253331392,46,0.005434592388186443,0.023985150346719664,-0.03645839465154854,0.012465673791965228,0.3333321486157167,0.06912438071898097,0.06057151222563695,-0.04329894483278851,0.014154525918390283,0.5555555555555556
2023-09-01,522.8213500976562,13669766.0,40.887664794921875,30045096.0,0.10124311894178391,20,0.06986953253331392,46,-0.02659550213350681,0.009191287369409329,-0.05181322074986161,0.012522055780565087,0.2222222222222222,0.02593010462595635,0.04357792459544152,-0.05699486146643584,0.01442557889584935,0.38888809499992855
2023-09-04,531.4077758789062,9531157.0,40.93215560913086,22559935.0,0.10124311894178391,20,0.06986953253331392,46,0.003663188644958737,0.0166975975950312,-0.06324777108784863,0.012388327359399352,0.2037039011566398,0.05632178935151133,0.049086815532519035,-0.05840165077534487,0.014395043492300771,0.4999995797058445
2023-09-05,526.6375732421875,12220686.0,41.42156219482422,31890313.0,0.10124311894178391,20,0.06986953253331392,46,0.014571866854605098,0.0372437950040756,-0.04295540049724278,0.012676477268830122,0.3703699754644982,0.02678569976104761,0.05383732978456979,-0.04860391931825114,0.014345017464696035,0.5098033611764201
2023-09-06,524.7293090820312,14067008.0,41.55503845214844,38689842.0,0.10124311894178391,20,0.06986953253331392,46,0.0,0.020332795442456808,-0.02300865275893449,0.011940017769371163,0.2777783701365861,0.027593884790846568,0.06766052914730913,-0.03322953129891315,0.014475853295214742,0.617646638529374
2023-09-07,517.0969848632812,20717005.0,40.70970153808594,36498925.0,0.10124311894178391,20,0.06986953253331392,46,-0.009009118047722087,-0.003623486543901988,-0.026548767759171144,0.011949520845134164,0.24073817385257137,0.00646551345807822,0.07603681879087887,-0.03412610140829886,0.014468946486042631,0.6470588235294118
2023-09-08,514.23486328125,15283568.0,40.66521072387695,27359189.0,0.10124311894178391,20,0.06986953253331392,46,-0.012750514593191653,-0.03900691038863191,-0.04070786900815859,0.012141809106333275,0.09259160532791207,0.00549461265651896,0.031567193163537954,-0.04885644990914417,0.014768954987156163,0.460784453823542
2023-09-11,511.3726501464844,14631968.0,40.976646423339844,25717189.0,0.10124311894178391,20,0.06986953253331392,46,-0.016423366824637964,-0.012820340070543113,-0.06585777089764744,0.011642798935907582,0.037036642131164824,-0.0054406157006196,0.05057474843945897,-0.05773189697981429,0.014694043568875643,0.4554457630859607
2023-09-12,519.0050659179688,16028336.0,41.644020080566406,36282046.0,0.10124311894178391,20,0.06986953253331392,46,-0.037701980742162355,-0.02367950213108705,-0.07266431945668106,0.01164700729696981,0.0,0.0010869404151063744,0.02790175463577116,-0.03560210552210252,0.014583524365875308,0.5247516935771406
2023-09-13,516.1429443359375,16191392.0,41.91096878051758,43371603.0,0.10124311894178391,20,0.06986953253331392,46,-0.014492903112153677,-0.014492903112153677,-0.07008550392109414,0.011736328610390824,0.14545451373157747,0.005370581744258418,0.03311266174901584,-0.01473680448418202,0.014798912242864224,0.673266948505068
2023-09-14,527.6554565429688,17144287.0,42.133426666259766,27067874.0,0.10124311894178391,20,0.06986953253331392,46,-0.016363417475411923,-0.025225115563433875,-0.08460220750169545,0.011597206826617136,0.09090972536845038,0.00856527491314929,0.015086167271450623,-0.02383419864056402,0.014620724172214147,0.7326728806940696
2023-09-15,535.330322265625,42517441.0,42.35588073730469,41287933.0,0.10124311894178391,20,0.06986953253331392,46,0.02041874539740185,0.007407881293045815,-0.0641843593530882,0.012188375155299172,0.37926612638958096,0.03497262505945575,0.04065939874425806,-0.022703834805910428,0.014630772763993601,0.8229165178124866
2023-09-18,518.0616455078125,36684692.0,41.377071380615234,42531234.0,0.10124311894178391,20,0.06986953253331392,46,0.04102300425484229,0.02392590158307839,-0.03423156855287768,0.01218480572360938,0.5580323981436002,0.04157534126424789,0.035908530109187264,-0.01244821470993518,0.0146373411617573,1.0
2023-09-19,516.1429443359375,18901683.0,41.11012268066406,22089298.0,0.10124311894178391,20,0.06986953253331392,46,0.013080471471073052,-0.025114668954590136,-0.06538531077875653,0.013116976314704596,0.1630499873166399,0.00977202851444936,0.010869590542285756,-0.021052590727773435,0.01489996459011608,0.7380956512419555
2023-09-20,513.2647094726562,24635567.0,40.84317398071289,26391390.0,0.10124311894178391,20,0.06986953253331392,46,-0.005514631301274497,-0.01992761139627952,-0.06563018274189081,0.013117969426806826,0.1515161502007931,-0.012820505774164936,-0.007518777604169413,0.0021692583167534085,0.014211800601157487,0.6666670069051398
2023-09-21,505.58978271484375,32012694.0,40.62071990966797,31005292.0,0.10124311894178391,20,0.06986953253331392,46,-0.0055764297368907645,-0.02184859776449566,-0.03931601610833446,0.012172869663980042,0.060096407824678504,-0.025477693092626708,-0.01713064162496869,0.01548668474603665,0.013910915653183803,0.5952383625683242
2023-09-22,500.79296875,29049309.0,40.353763580322266,30256022.0,0.10124311894178391,20,0.06986953253331392,46,-0.04181833723978201,-0.022253469823421912,-0.050289060748903824,0.012359460059164782,0.0,-0.035902770704457465,-0.0021857597834442632,0.013318622728854645,0.013928879008181762,0.5357153428838273
2023-09-25,503.6710510253906,17116402.0,40.62071990966797,34914011.0,0.10124311894178391,20,0.06986953253331392,46,-0.06451596720592256,-0.02613960174827401,-0.07748534740608981,0.011972289303015466,0.0,-0.04726892988956477,-0.007658810516671388,-0.006571925114556287,0.013816967982491471,0.4642846571161727
2023-09-26,497.9148254394531,26392692.0,39.81986618041992,49961526.0,0.10124311894178391,20,0.06986953253331392,46,-0.027777764687281548,-0.015060639474730575,-0.06726581604597581,0.01201608364242934,0.06842245783677976,-0.018279482953005965,-0.008686082067202672,0.012195226280305782,0.013721922219315341,0.5357153428838273
2023-09-27,500.79296875,16846401.0,39.50843048095703,38076984.0,0.10124311894178391,20,0.06986953253331392,46,-0.03531602843072168,-0.04063590485617541,-0.08278719775529086,0.01205943621774896,0.0,-0.031385372168957426,-0.043803501598005945,-0.0303359678011621,0.013574835054190318,0.3214273684425414
2023-09-28,501.7523193359375,19733331.0,40.22029495239258,28071106.0,0.10124311894178391,20,0.06986953253331392,46,-0.024298847149398006,-0.02973977607247269,-0.07423137152558579,0.012115822119118422,0.06688149456677832,-0.03267972024863097,-0.05732480945841012,-0.05632295812910104,0.013236378504534059,0.23809514088424577
2023-10-02,511.3460693359375,25427911.0,40.70970153808594,25354804.0,0.10124311894178391,20,0.06986953253331392,46,-0.007590073039649647,-0.049091006045384966,-0.0691745151576707,0.012125594647330104,0.0891746169300365,-0.009857652896498426,-0.04540650654932876,-0.03829776249701056,0.013567793886746018,0.42857186602089403
2023-10-03,507.5086669921875,14490129.0,40.26478576660156,22645603.0,0.10124311894178391,20,0.06986953253331392,46,0.021072781058165457,-0.04480271699944316,-0.054722851907226255,0.012519652667849018,0.3343497949983705,0.008820440181624978,-0.03886542247648006,-0.02659562532802373,0.013715265730544646,0.559524550757626
2023-10-04,498.8742370605469,28358964.0,39.24148178100586,55574211.0,0.10124311894178391,20,0.06986953253331392,46,0.007619290326462247,-0.020370121214591697,-0.05178278619121135,0.012472697401792344,0.23882366973048572,-0.008762378999139564,-0.02688169019460296,-0.030010730819636344,0.013768400117883276,0.44047646995779344
2023-10-05,506.5491638183594,24945684.0,40.175804138183594,45328957.0,0.10124311894178391,20,0.06986953253331392,46,0.0019268589165766237,-0.03345721851842476,-0.056137851092163515,0.012591885795990614,0.023883050691657342,-0.014525021173940167,-0.04545452014759155,-0.05161287467555953,0.014286323793392943,0.1666664965474301
2023-10-06,510.3866882324219,15336587.0,40.22029495239258,17740500.0,0.10124311894178391,20,0.06986953253331392,46,0.011494161115574553,-0.013083980897881431,-0.0484869382375922,0.012788071483753759,0.21493833997679915,0.016891930383016174,-0.016339813424991023,-0.02693962400995986,0.014794992764391748,0.4166672620839947
2023-10-11,521.8991088867188,46639969.0,41.73300552368164,79919349.0,0.10124311894178391,20,0.06986953253331392,46,0.01720842846907389,0.009487742200446458,-0.03085781538472232,0.01276344373623736,0.3104675039940562,0.0,-0.009857652896498426,-0.007683843740197149,0.01452694171827832,0.42857186602089403
2023-10-12,527.6554565429688,34161176.0,41.821983337402344,41438827.0,0.10124311894178391,20,0.06986953253331392,46,0.020637764096800515,0.042145440239307996,-0.012575158562221356,0.013243938282104697,0.597051197609112,0.025136612329087038,0.03417876849612944,0.028508818524042967,0.015648418885858658,0.8333345241679894
2023-10-13,530.533447265625,31123496.0,41.821983337402344,42106719.0,0.10124311894178391,20,0.06986953253331392,46,0.039697429543782414,0.04761918611115301,0.003751394581806622,0.013329275479585762,0.7403464630096838,0.038673931604335854,0.02957267695909227,0.0409743932830009,0.015558378792502119,0.8571427113263687
2023-10-16,522.8585815429688,19875676.0,41.95546340942383,61976252.0,0.10124311894178391,20,0.06986953253331392,46,0.06346130518108062,0.06551044507940307,0.018468146463336943,0.013271752333323448,0.8119895375859112,0.06575953402568846,0.05027935422763674,0.036383713111607374,0.015550094015082441,0.8571427113263687
2023-10-17,528.6146850585938,18364998.0,42.8897819519043,106064588.0,0.10124311894178391,20,0.06986953253331392,46,0.03219710719028579,0.04406134704336084,0.013011196376367273,0.013390935923554542,0.6209357676754554,0.04429679279396992,0.061936981517052736,0.04777782985686385,0.015492457310018994,0.8928585645679057
2023-10-18,518.0616455078125,26418940.0,43.112239837646484,128648280.0,0.10124311894178391,20,0.06986953253331392,46,0.035714091386864544,0.05353710324290728,0.022273771714909074,0.013489415769577167,0.7642249555772826,0.06637164154742026,0.06637164154742026,0.06050609781863958,0.015774976954918817,1.0
2023-10-19,523.8179321289062,22881262.0,43.86859130859375,101821663.0,0.10124311894178391,20,0.06986953253331392,46,-0.007352883562288692,0.013133133458121948,0.0018655313660091988,0.013858250982294982,0.501523552966541,0.033049005137724574,0.05901635749682055,0.10742864769164506,0.014531670147450448,1.0
2023-10-20,533.4115600585938,45984177.0,43.33469772338867,96533782.0,0.10124311894178391,20,0.06986953253331392,46,-0.007272784477971195,0.03213593421640981,0.00927325478495078,0.013951635726111926,0.6448172989924267,0.0489361768111336,0.08950266277044094,0.13073387211196685,0.014681302653569492,1.0
2023-10-23,521.8991088867188,22747367.0,43.24571228027344,46402001.0,0.10124311894178391,20,0.06986953253331392,46,0.005424941269589256,0.06923052030416876,0.0372917088020448,0.014138845447969955,0.8836356509115109,0.03617031678728333,0.10430839399046499,0.11187225449814275,0.014864638591765596,0.8983057620946149
2023-10-24,521.8991088867188,15007814.0,42.978763580322266,71294293.0,0.10124311894178391,20,0.06986953253331392,46,-0.0018350519435266222,0.030302971882633756,0.018684025493563183,0.014546221231835046,0.597051197609112,0.030752821349121273,0.0764118654982231,0.11340204970560652,0.014852505032078828,0.881356116934895
2023-10-25,521.8991088867188,16526355.0,43.64613723754883,54317686.0,0.10124311894178391,20,0.06986953253331392,46,-0.012704104448272413,0.02255627139133831,0.011152268211642502,0.014505340755924684,0.597051197609112,0.002074657980722483,0.06858399798397286,0.1077981378499937,0.01490415818346792,0.8305086346769089
2023-10-26,509.4272766113281,28188348.0,41.644020080566406,98752211.0,0.10124311894178391,20,0.06986953253331392,46,0.007407348936524061,0.0,-0.008997581251745657,0.014157875618303867,0.597051197609112,0.01238389380632765,0.04584217431408266,0.13018426681720552,0.014992199881122244,0.9568971570528195
2023-10-27,511.3460693359375,15679643.0,41.4660530090332,42618202.0,0.10124311894178391,20,0.06986953253331392,46,-0.027472628627071782,-0.03454561059799488,-0.053260593634166575,0.014190761236365604,0.307692056726135,-0.0507098851745339,-0.004255256270373486,0.055242443041887634,0.01648460371565087,0.5689656574227582
2023-10-30,510.3866882324219,21404842.0,41.288089752197266,34448531.0,0.10124311894178391,20,0.06986953253331392,46,-0.04136672763565985,-0.036166198434009145,-0.018365974620373593,0.013350524450890331,0.358975425580593,-0.04312121262004143,-0.008510603753476786,0.07126429282619684,0.016188653656000373,0.48076908808056923
2023-10-31,507.5086669921875,25667058.0,41.11012268066406,44334958.0,0.10124311894178391,20,0.06986953253331392,46,-0.022058709160961087,-0.023853282227370154,-0.02556191572231359,0.013320177840764886,0.33333414897339464,-0.04526743635042729,-0.015906716384323394,0.035714330142677664,0.01558873938894403,0.4423080886650854
2023-11-01,506.5491638183594,13603347.0,41.821983337402344,32799748.0,0.10124311894178391,20,0.06986953253331392,46,-0.027573225647439803,-0.039927036957111306,-0.03632271456104996,0.013308491834516998,0.2564135817120448,-0.04347823771537618,-0.04149378220751754,0.019867634903699694,0.015524353684491026,0.40384626482622393
2023-11-02,524.77734375,29401438.0,42.93427276611328,52121795.0,0.10124311894178391,20,0.06986953253331392,46,-0.029411709671439912,-0.0222222235312719,-0.04334369375569003,0.013272826796052357,0.23076904254460123,-0.04179416588960272,-0.02992784659537595,0.012930934523960769,0.01530059664223039,0.5576919113349146
2023-11-03,526.6961059570312,15426176.0,43.957576751708984,81214463.0,0.10124311894178391,20,0.06986953253331392,46,0.030132008715315406,0.0018315746030199698,0.0019129442561331977,0.014347110617484431,0.7179516668012472,0.030982904221318996,-0.021298120468651538,0.0604396085848129,0.015492316019176998,0.7980772797985769
2023-11-06,527.6554565429688,29215201.0,43.957576751708984,60462667.0,0.10124311894178391,20,0.06986953253331392,46,0.030018880639931744,-0.012589629855087603,0.007411242594915546,0.014353686890350574,0.769234220015644,0.0600858669170421,0.014373678854211258,0.07508161623278586,0.015822059054521446,1.0
2023-11-07,532.4521484375,14777790.0,43.957576751708984,32520528.0,0.10124311894178391,20,0.06986953253331392,46,0.033834676155744425,0.011029617713908424,-0.007061092265222224,0.0141281143647551,0.794874680982781,0.06465513458078198,0.016460926040990698,0.07391306657456465,0.015824223930475712,1.0
2023-11-08,533.4115600585938,15314834.0,43.15673065185547,57104782.0,0.10124311894178391,20,0.06986953253331392,46,0.04914887777807442,0.020220459033341243,0.011040942558495637,0.014125409961213758,0.9230753545383437,0.0692640616318132,0.022774344579676642,0.061224502952272664,0.015744802949862108,1.0
2023-11-09,534.3710327148438,13165684.0,43.24571228027344,34493053.0,0.10124311894178391,20,0.06986953253331392,46,0.05303018573310059,0.022058767635056098,0.016546152132708825,0.01411290577983486,0.9487174467856033,0.03191496930418003,-0.011213056106883168,0.038543874807176914,0.01603377230367424,0.8301887250302517
2023-11-10,534.3710327148438,12994933.0,43.20121765136719,22010914.0,0.10124311894178391,20,0.06986953253331392,46,0.01828144655843622,0.048964311980778996,0.03340581816799748,0.013912179487578297,0.9743611703129855,0.007253867227628108,0.03846151732249492,0.062294997171987054,0.015674145374180482,0.8490563748487417
2023-11-13,547.80224609375,43866014.0,43.55715560913086,51951251.0,0.10124311894178391,20,0.06986953253331392,46,0.014571831215396625,0.04502814191728843,0.03915753456525306,0.013876127201419024,0.9743611703129855,-0.01720656952074573,0.041845425749974074,0.06236305880006654,0.015673884274916082,0.8396217410717175
2023-11-14,548.7615356445312,21568576.0,43.20121765136719,41645659.0,0.10124311894178391,20,0.06986953253331392,46,0.038181713656060046,0.07330825572842858,0.071238843017573,0.014322763171949412,1.0,-0.009109263343606844,0.05495691058976249,0.06297511902587494,0.015679647081237476,0.9150947669490155
2023-11-15,557.3959350585938,50305088.0,43.69062423706055,72702902.0,0.10124311894178391,20,0.06986953253331392,46,0.03063070973587334,0.08128505252301199,0.05733367876464168,0.01417040392757783,1.0,-0.01720656952074573,0.0508656952193105,0.0373930655058794,0.015573780304315868,0.8396217410717175
2023-11-16,559.3147583007812,28291435.0,43.42367935180664,30674199.0,0.10124311894178391,20,0.06986953253331392,46,0.04496410800951778,0.10037874874168629,0.07992551516078894,0.01429532712506443,1.0,0.012371038703371307,0.0446808293280303,0.042462761141666805,0.015633881154212787,0.9433954328089713
2023-11-17,556.4365234375,22031704.0,44.26901626586914,101492378.0,0.10124311894178391,20,0.06986953253331392,46,0.04667866343580074,0.06581346348525785,0.05999995141760528,0.013931340294633837,1.0,0.004115253562707144,0.011398972293287235,0.030623018055640383,0.0156583593769782,0.8867924833535011
2023-11-20,553.5585327148438,22010114.0,44.7584228515625,94733226.0,0.10124311894178391,20,0.06986953253331392,46,0.04129245294332984,0.056465990813486355,0.03942650041295881,0.013811856733563374,0.953123159437621,0.024716863842104253,0.007085001885324571,0.04516812058353614,0.015907559446733062,1.0
2023-11-21,561.2333984375,35921706.0,44.7584228515625,66428114.0,0.10124311894178391,20,0.06986953253331392,46,0.010507964620701138,0.04909089037301673,0.0685186550960295,0.012816937344422082,0.9062502951112675,0.02757910211611292,0.01821861346855025,0.08172041563413779,0.015503814706377626,1.0
2023-11-22,553.5585327148438,21969125.0,44.49147415161133,62504761.0,0.10124311894178391,20,0.06986953253331392,46,0.022727290421914015,0.05405415319378393,0.0873604000526933,0.012923882761827802,1.0,0.036045400682034545,0.01821861346855025,0.08874457026649529,0.015450008196654319,1.0
2023-11-23,554.5178833007812,14486134.0,44.9363899230957,60047248.0,0.10124311894178391,20,0.06986953253331392,46,-0.006884517992307604,0.0377700338066107,0.07850495562725635,0.01310007587956334,0.8787896606120137,0.01833001767622866,0.030927817737706143,0.08932459981247409,0.015443005927864526,0.9516129143782502
2023-11-24,551.6396484375,10058969.0,44.7584228515625,86401652.0,0.10124311894178391,20,0.06986953253331392,46,-0.008576342620697286,0.03770198860440188,0.09677430648066188,0.012827159462523463,0.8939408325433061,0.03483607547470813,0.039094688321123394,0.10624307060595894,0.015441470538263004,1.0
2023-11-27,544.9241943359375,18528520.0,44.04656219482422,71685813.0,0.10124311894178391,20,0.06986953253331392,46,-0.008620704784736866,0.03231577811193098,0.10153233543676832,0.01274788790460544,0.8484844249364886,0.011055284869085469,0.036045400682034545,0.10915113933482234,0.015409176308355216,0.9687497906739028
2023-11-28,551.6396484375,26343906.0,43.64613723754883,80672376.0,0.10124311894178391,20,0.06986953253331392,46,-0.015597877855048958,-0.005253815183006716,0.08190493225005158,0.012931176037774604,0.7424262214174414,-0.01590450716056524,0.011235962928459964,0.0843373109283787,0.015655379704679416,0.8437502930565361
2023-11-29,550.6802978515625,24868842.0,43.77960968017578,61999972.0,0.10124311894178391,20,0.06986953253331392,46,-0.017094046838105892,0.005244742216832687,0.10789962510280748,0.012850612262947972,0.8461533191248835,-0.024850867013399336,0.010298774209841266,0.0960895006475524,0.015378506907154747,0.7734374895336952
2023-11-30,553.5585327148438,47192647.0,43.512664794921875,87291668.0,0.10124311894178391,20,0.06986953253331392,46,-0.005199513137599698,-0.012048234988160211,0.09961667238676153,0.012856502748425164,0.8307690425446013,-0.01600001989167099,0.0020367171371231674,0.10810804547848196,0.01529522677158106,0.7968746441456347
2023-12-01,555.4772338867188,28051165.0,44.224525451660156,52316739.0,0.10124311894178391,20,0.06986953253331392,46,-0.0017300624827948363,-0.010291567494884468,0.10325057081444311,0.012863961597078706,0.8769248085896686,-0.0316831220890329,0.0020492377533072315,0.08185842113854136,0.015152823972233415,0.7500003349217556
2023-12-04,550.6802978515625,26847171.0,44.66944122314453,43958233.0,0.10124311894178391,20,0.06986953253331392,46,0.006956688954625756,-0.001723987391868298,0.08630390883436823,0.01259227664964002,0.9076933617502331,-0.011928422984718856,-0.0010050102297683994,0.08633872960935185,0.015235094791447763,0.8749998325391222
2023-12-05,546.8428344726562,22229723.0,43.77960968017578,56578688.0,0.10124311894178391,20,0.06986953253331392,46,0.010563127083464519,-0.005199513137599698,0.08506580018669818,0.012614401303181465,0.8307690425446013,0.014141376699621455,-0.0019880420879231364,0.1093922486530774,0.015141684716333108,0.9531250209326098
2023-12-06,546.8428344726562,21518089.0,43.512664794921875,36927692.0,0.10124311894178391,20,0.06986953253331392,46,-0.00869555692458035,-0.025640961505334015,0.09615368733961605,0.012336845695024256,0.7368425458439761,0.003058058537930064,-0.021868803881514576,0.11564619105098428,0.014915929049240639,0.7570088440405494
2023-12-07,543.0054321289062,20840397.0,43.112239837646484,36067025.0,0.10124311894178391,20,0.06986953253331392,46,-0.006968586662493337,-0.012131866542190894,0.07954542921473573,0.012164922666044731,0.7368425458439761,-0.006097470653667836,-0.021999930893591313,0.08305647461992893,0.014594877705800154,0.6981135585652627
2023-12-08,546.8428344726562,33507214.0,43.20121765136719,33680342.0,0.10124311894178391,20,0.06986953253331392,46,-0.019064109687157105,-0.020761190069014335,0.06390986412566924,0.012207071796815556,0.6666687129198005,-0.009202492174694932,-0.04059405058063359,0.0719026274838861,0.014696700706684135,0.5232559646591887
2023-12-11,550.6802978515625,27378610.0,43.64613723754883,28661262.0,0.10124311894178391,20,0.06986953253331392,46,-0.015544110338504669,-0.00869555692458035,0.04779415247354191,0.011783548738186732,0.7368425458439761,-0.0231389209910573,-0.03479133313878491,0.0351810781241817,0.013561482205713323,0.5465104338541205
2023-12-12,554.5178833007812,29403010.0,44.40249252319336,48600982.0,0.10124311894178391,20,0.06986953253331392,46,0.0,0.010563127083464519,0.04363612850598608,0.011717829783972919,0.8070174949062249,-0.022908367724678413,-0.009090946882625128,0.043617106473166745,0.013637708609880662,0.6627907556381495
2023-12-13,553.5585327148438,22977731.0,44.66944122314453,47899791.0,0.10124311894178391,20,0.06986953253331392,46,0.01403520050788698,0.005217599698342568,0.045208150699587835,0.011733925256394702,0.8771946762446196,0.014227692927550883,0.017329260583313078,0.0617022192604435,0.013863632988928435,0.8604652090210392
2023-12-14,561.2734985351562,39409958.0,44.847408294677734,51468459.0,0.10124311894178391,20,0.06986953253331392,46,0.012280856251254857,0.005226689377685112,0.05871559204647392,0.011483185040695306,0.8596512180135756,0.02658482153815722,0.020325250715327536,0.06468711326666221,0.013878745558406288,0.9302326045105196
2023-12-15,564.166748046875,54323262.0,45.114356994628906,83947122.0,0.10124311894178391,20,0.06986953253331392,46,0.033642511336632985,0.013937037123202822,0.06178188839559473,0.011551485245587936,1.0,0.04024769911202952,0.030674827801206783,0.045643187110829375,0.013495679759516013,0.9767445338288969
2023-12-18,564.166748046875,26122277.0,45.02537155151367,54942293.0,0.10124311894178391,20,0.06986953253331392,46,0.031679876707034094,0.015643330869484995,0.08899539840257731,0.011052975107605318,1.0,0.04428438472963214,0.020120770859178183,0.04643964601519346,0.013501777509591797,1.0
2023-12-19,564.166748046875,28254292.0,44.49147415161133,54201661.0,0.10124311894178391,20,0.06986953253331392,46,0.02449052607825064,0.02449052607825064,0.07702832118400882,0.010964437171058281,1.0,0.03160037522812642,0.007968094487484256,0.02636921333494735,0.013258185163619218,0.9777771638375666
2023-12-20,564.166748046875,38121456.0,44.35799789428711,55229209.0,0.10124311894178391,20,0.06986953253331392,46,0.01740045729212314,0.031679876707034094,0.057657520554865505,0.010652457164479441,1.0,0.002003978230985304,0.01626018314544031,0.02669400016602208,0.013250866186460805,0.8444439575263459
2023-12-21,556.4515991210938,24923414.0,43.957576751708984,55517081.0,0.10124311894178391,20,0.06986953253331392,46,0.01916367412856035,0.031679876707034094,0.080988142038255,0.010018928733500238,1.0,-0.006972178749709901,0.01942728866065413,0.025720136294784535,0.013256491292929102,0.8111101796156184
2023-12-22,561.2734985351562,18690214.0,44.49147415161133,33742229.0,0.10124311894178391,20,0.06986953253331392,46,-0.008590997840886794,0.02476249075349113,0.06620530605633745,0.010300589840246469,0.8660973203044683,-0.019841314733773596,0.019607817112863968,0.022774344579676642,0.013299781494245952,0.7111107512151252
2023-12-25,560.3091430664062,9548143.0,44.66944122314453,34041265.0,0.10124311894178391,20,0.06986953253331392,46,-0.005128358808340061,0.026389052123936274,0.07544444697832198,0.010354833328500134,0.9497853033850933,-0.013806754313083425,0.029866206796680617,0.0193679662752666,0.013217316279626813,0.8444439575263459
2023-12-26,565.131103515625,16094308.0,45.20333480834961,55148904.0,0.10124311894178391,20,0.06986953253331392,46,-0.00683770355807678,0.017485363562869338,0.0998805301387482,0.009547196380788577,0.9330481304948641,-0.007905105857081485,0.023445465059743098,0.07264959378861624,0.011000056608291965,0.8888886771853678
2023-12-27,570.9175415039062,33401336.0,47.60587692260742,220103922.0,0.10124311894178391,20,0.06986953253331392,46,0.0017093447497367187,0.01913954542217522,0.10518323578694111,0.009594248791387651,1.0,0.01599993415170986,0.018035975902432444,0.09012870837989473,0.011068775840285051,1.0
2023-12-28,571.8818359375,25514849.0,46.71604919433594,154010012.0,0.10124311894178391,20,0.06986953253331392,46,0.011965954180040317,0.03135893995514416,0.11859802511918094,0.009643667004609448,1.0,0.07321969391090599,0.06573701436725021,0.15301718263858244,0.013532257017952257,1.0
2023-12-29,571.8818359375,18416318.0,46.805030822753906,49054932.0,0.10124311894178391,20,0.06986953253331392,46,0.027729701632231984,0.018900477984494124,0.12684151647464081,0.00955468154991879,1.0,0.06275305980145296,0.041666641857651454,0.13636365323493904,0.013910936928041847,0.8461542012896605
2024-01-02,571.8818359375,26059058.0,46.182151794433594,64217881.0,0.10124311894178391,20,0.06986953253331392,46,0.018900477984494124,0.013675190743400512,0.12897597466485577,0.009536037633281749,1.0,0.05200000034295993,0.03747529480086098,0.11914899982505389,0.013730013855280259,0.8285714985632431
2024-01-03,557.4160766601562,37106763.0,45.02537155151367,75978300.0,0.10124311894178391,20,0.06986953253331392,46,0.020654121058528263,0.013675190743400512,0.0897609105051993,0.00798468789215536,1.0,0.0338645510189477,0.025691742301258813,0.07564770098735107,0.013418533105848222,0.6831686446289411
2024-01-04,559.3447875976562,15309129.0,45.20333480834961,56554331.0,0.10124311894178391,20,0.06986953253331392,46,-0.013651747014939208,-0.011965737807287158,0.05832579803738125,0.009026923333594587,0.672915588493041,-0.003936949731484507,0.011999993483762905,0.02429148462473374,0.013581884875797215,0.42574237253603625
2024-01-05,555.4872436523438,18158971.0,45.20333480834961,77391673.0,0.10124311894178391,20,0.06986953253331392,46,-0.020270447244912337,-0.00854704830781361,0.06005686222275797,0.009032371307054327,0.6820403829007331,-0.05046734289053456,0.01905714762142985,0.028340007541298062,0.013590885316436511,0.46534576138813905
2024-01-08,562.2379150390625,17761275.0,44.9363899230957,63869803.0,0.10124311894178391,20,0.06986953253331392,46,-0.02866779683302967,-0.0017330446534311594,0.04326228240874053,0.009038503159618261,0.5738374131560201,-0.032381042748146904,0.028340007541298062,0.028340007541298062,0.013590885316436511,0.46534576138813905
2024-01-09,565.131103515625,22501510.0,44.5804557800293,50477153.0,0.0,0,0.06986953253331392,46,-0.01686348523839365,0.0017182648146103485,0.05404148904703576,0.009199224624306704,0.7429028421174239,-0.039923932680112184,0.010000023149789428,0.04123711978084521,0.01330134408264019,0.4059406781099849
2024-01-10,563.202392578125,13037716.0,44.5804557800293,40588805.0,0.10124311894178391,20,0.06986953253331392,46,-0.011804418321502252,0.008605892851988095,0.05756313294997728,0.009218171392871781,0.8200323149092791,-0.03468214347252119,-0.0019920876706451818,0.030864181195709106,0.013371790337323398,0.32673220258408464
2024-01-11,565.131103515625,23997409.0,44.5804557800293,26875440.0,0.10124311894178391,20,0.06986953253331392,46,0.010380604651086367,-0.00341285575241157,0.05395382252815062,0.00924558843474098,0.6994278298327454,-0.009881445863813565,-0.013779492839657959,0.031925908658235747,0.013369280936460864,0.32673220258408464
2024-01-12,563.202392578125,16496053.0,44.5804557800293,30183922.0,0.10124311894178391,20,0.06986953253331392,46,0.01034481065394477,-0.010135330529586928,0.03163341798147612,0.008453090763795572,0.7662197666086816,-0.013779492839657959,-0.06355142134019576,0.0234932735296407,0.013318337319833154,0.32673220258408464
2024-01-15,565.131103515625,21143076.0,45.20333480834961,30013792.0,0.10124311894178391,20,0.06986953253331392,46,0.013888975874682519,-0.015176987296941502,0.026315359214513334,0.00847609688502776,0.6994278298327454,-0.013779492839657959,-0.04571434124111606,0.031925908658235747,0.013245981593914574,0.32673220258408464
2024-01-16,559.3447875976562,27223860.0,45.20333480834961,49658808.0,0.10124311894178391,20,0.06986953253331392,46,0.005145843777471848,-0.011804418321502252,0.013877332019326838,0.008148409383933434,0.7662197666086816,0.005940505806335539,-0.03422059522767462,0.03462323090375774,0.013303224570523261,0.46534576138813905
2024-01-17,560.3091430664062,42592335.0,43.24571228027344,141437685.0,0.10124311894178391,20,0.06986953253331392,46,-0.010238891262527638,-0.021922445428418702,5.3689441283921724e-05,0.008294366757322213,0.5658376152742168,0.013972020191846957,-0.021194702889568706,0.04098352518967108,0.013258073111375687,0.46534576138813905
2024-01-18,567.0599365234375,27209996.0,42.80079650878906,91151420.0,0.10124311894178391,20,0.06986953253331392,46,-0.005137139951544856,0.00519013808066715,0.006959679075310143,0.008257360656606955,0.5992335836621849,-0.029940104388833655,-0.03952569873197209,-0.023115579967939337,0.014600632428062974,0.029702541639077065
2024-01-19,603.7067260742188,161106401.0,43.77960968017578,70235426.0,0.10124311894178391,20,0.06986953253331392,46,0.003413071755940189,0.013793189990948473,0.024390200874292667,0.008410296501642473,0.8330159307223887,-0.03992016770805351,-0.05314958088262034,-0.04373760776302904,0.014561693836237328,0.0
2024-01-22,603.7067260742188,65168775.0,44.7584228515625,73159697.0,0.10124311894178391,20,0.06986953253331392,46,0.07191790026082878,0.08680574211719172,0.07567854613600411,0.01284163495604541,1.0,-0.017964062633300193,-0.031496019800531405,-0.021868803881514576,0.015018900653255451,0.2037038066151539
2024-01-23,605.6353149414062,41072439.0,44.66944122314453,50692732.0,0.10124311894178391,20,0.06986953253331392,46,0.06825959908881063,0.07375669609950641,0.09059239519519435,0.012610539323446709,1.0,-0.00984245871844236,-0.0039604220952723646,0.005999996741881564,0.015394853422962021,0.4074076132303078
2024-01-24,604.6710815429688,26635005.0,45.02537155151367,60980878.0,0.10124311894178391,20,0.06986953253331392,46,0.08275848523155882,0.07167223883769358,0.09218355833061187,0.012611397687222603,1.0,-0.011810933584184613,0.0019960640051395195,-0.005940590697384174,0.01532077347338224,0.3888893740428684
2024-01-25,619.1369018554688,52243347.0,46.538082122802734,174170705.0,0.10124311894178391,20,0.06986953253331392,46,0.07917403994834471,0.0736301718730561,0.09613419422566594,0.01257228365630628,0.9846042598974007,0.04115227099755803,0.009980063319219967,0.0059642114923594836,0.015356614549427978,0.46296312468095613
2024-01-26,621.0656127929688,41153025.0,44.313507080078125,181978031.0,0.10124311894178391,20,0.06986953253331392,46,0.09183679180600834,0.09556330912221789,0.1361890484785122,0.01279317069661783,1.0,0.0873181323447152,0.043912210149506636,0.05656559340450151,0.015973249290896763,0.7777779541974067
2024-01-29,624.9231567382812,27825490.0,44.002071380615234,59567525.0,0.10124311894178391,20,0.06986953253331392,46,0.028753840182684787,0.10273965625388781,0.1258538332988126,0.012710277370019275,1.0,0.012195115575553084,-0.005988020877766731,0.015290467490789883,0.017626648907343594,0.31481482951645057
2024-01-30,619.1369018554688,36161825.0,44.13554382324219,38754522.0,0.10124311894178391,20,0.06986953253331392,46,0.03514360491231994,0.10580209238298122,0.134820256283676,0.012698646359054289,1.0,-0.016898528204526753,-0.0265746638567137,0.005081399812940424,0.017659806897914156,0.2500009923604126
2024-01-31,605.6353149414062,41277950.0,43.601646423339844,54713914.0,0.10124311894178391,20,0.06986953253331392,46,0.022293262266862346,0.10689670411449637,0.11846691048010016,0.01283525926437434,0.9293650438851386,-0.01195218443040913,-0.023621951558100207,0.014314890417674642,0.017635655840767685,0.27777835114157173
2024-02-01,605.6353149414062,44946369.0,43.64613723754883,64281001.0,0.10124311894178391,20,0.06986953253331392,46,0.001594641165866495,0.08089493529758096,0.09029727591845194,0.013381567128832744,0.7645461725304364,-0.03162050815160822,0.008230507125414288,-0.014084470595420062,0.017557563824196182,0.16666732824027505
2024-02-02,612.3861694335938,26334815.0,43.20121765136719,61988932.0,0.10124311894178391,20,0.06986953253331392,46,-0.0218071106302985,0.06802698609686453,0.09979477621452326,0.01327780389925013,0.7645461725304364,-0.06214147109936252,0.019750584047803388,-0.022908367724678413,0.017484133120713355,0.17592644783399478
2024-02-05,622.9943237304688,44017740.0,42.80079650878906,59043982.0,0.10124311894178391,20,0.06986953253331392,46,-0.013975082794139948,0.014376920091342393,0.11985771931005318,0.013261879027774922,0.8469563532865424,-0.02510046037883984,-0.013211447818606281,-0.013211447818606281,0.01728255707070642,0.08333287023180745
2024-02-15,672.1781616210938,112945296.0,43.77960968017578,64345314.0,0.10124311894178391,20,0.06986953253331392,46,-0.00308651229677559,0.03194862144682942,0.13925662815212458,0.013441368989068031,0.9764540211900398,-0.02730041641529135,-0.04373760776302904,-0.016360025052197913,0.017315977407180386,0.0
2024-02-16,658.6767578125,44232811.0,43.468170166015625,37546293.0,0.10124311894178391,20,0.06986953253331392,46,0.08566967920449842,0.1098727980981844,0.23788478318854578,0.01771426617987357,1.0,-0.008064569103122032,-0.019920364316258876,0.015479823016445016,0.017615942536606095,0.2037038066151539
2024-02-19,653.8547973632812,34408673.0,43.7351188659668,27779765.0,0.10124311894178391,20,0.06986953253331392,46,0.08757983816750414,0.08931413774861263,0.2045083455243406,0.01813650286196528,0.8888753810996669,-0.003061266449167155,-0.034584975800065254,0.006179282186042467,0.017653173595922955,0.13888917557078587
2024-02-20,662.5342407226562,30166461.0,43.824100494384766,33519790.0,0.10124311894178391,20,0.06986953253331392,46,0.07961801637432608,0.056074666852787614,0.18735825471556944,0.018224536755970983,0.8455283967184368,0.002038705691953302,-0.06022945357824583,0.002038705691953302,0.017607329057783817,0.1944446870214342
2024-02-21,656.7479858398438,30564485.0,43.15673065185547,64118827.0,0.10124311894178391,20,0.06986953253331392,46,0.081889620948568,0.06677012392169113,0.19479328020749298,0.018273349466455018,0.9186987770290574,0.014418177932951526,-0.011044185349829427,-0.013026116236751206,0.017401373065408135,0.2129629262088736
2024-02-22,667.3562622070312,33145643.0,43.24571228027344,44502835.0,0.10124311894178391,20,0.06986953253331392,46,0.05417972656196812,0.05092598787292313,0.18641109661687083,0.01836243108624413,0.8677688371139369,0.008316063533848395,-0.0192113848788531,-0.0338645510189477,0.017525699820230323,0.07407454452641782
2024-02-23,672.1781616210938,46448923.0,42.84529113769531,54152256.0,0.10124311894178391,20,0.06986953253331392,46,-0.007173543696262774,0.07788158032101733,0.18900369240439097,0.018394132012598534,0.9586780231229837,-0.012195115575552973,-0.020161336326395385,-0.03571434950889629,0.01751575633668303,0.09259278371385724
2024-02-26,673.142578125,28798079.0,42.71181869506836,42630523.0,0.10124311894178391,20,0.06986953253331392,46,0.020497768667946614,0.1098727980981844,0.19145299496673696,0.01839927905678953,1.0,-0.014329543340365736,-0.017346943239273105,-0.05029587049647499,0.01753177348145391,0.009259913482049787
2024-02-27,673.142578125,33006829.0,42.84529113769531,36863720.0,0.10124311894178391,20,0.06986953253331392,46,0.029498568855804264,0.11146520276831096,0.19316244790285042,0.018392355694184306,1.0,-0.023397676682542112,-0.021406671967219904,-0.05138331515595307,0.01753408215152957,0.0
2024-02-29,665.4273681640625,54368302.0,43.468170166015625,66602301.0,0.10124311894178391,20,0.06986953253331392,46,0.016011757204839272,0.09921257488163215,0.19316244790285042,0.018392355694184306,1.0,-0.02233495600930513,-0.00823880744622052,-0.036999965618275565,0.01746225090044901,0.027272344631271105
2024-03-01,664.4630737304688,23390635.0,42.978763580322266,48011892.0,0.10124311894178391,20,0.06986953253331392,46,0.013215696905594099,0.06811144631223298,0.17948704078669664,0.018543245576380863,0.9344253280523327,0.007216476073512945,0.01559255228087908,-0.020060141812353605,0.017616107782183855,0.15454484515350583
2024-03-04,699.1809692382812,88861397.0,43.468170166015625,52620867.0,0.10124311894178391,20,0.06986953253331392,46,-0.0043352983112713295,-0.011477742555661918,0.19410758236651193,0.018352362167827343,0.9262294018929638,-0.006172836239141777,-0.018292673363329515,-0.022267223166451355,0.01764632115331041,0.05454468926254221
2024-03-05,704.0030517578125,64403889.0,43.379188537597656,43833522.0,0.10124311894178391,20,0.06986953253331392,46,0.04017209894481666,0.061493306003840065,0.24570458263759787,0.01977681473257288,1.0,0.014537864296884306,0.0,-0.023000001800539183,0.017633567601301556,0.15454484515350583
2024-03-06,708.8248901367188,43687122.0,43.77960968017578,50119208.0,0.10124311894178391,20,0.06986953253331392,46,0.04584537456948956,0.07669631636375218,0.25645469196703097,0.019745520559743435,1.0,0.015624945575224425,-0.008138318532069033,-0.028884459939882978,0.0176214306239565,0.13636328206599177
2024-03-07,732.9345703125,71817344.0,44.66944122314453,114381033.0,0.10124311894178391,20,0.06986953253331392,46,0.053008550003046606,0.06986906724031527,0.2542662856940432,0.019740933920754444,1.0,0.02180679644532635,-0.001015213403289028,-0.031496019800531405,0.017579306392857926,0.2181810954146232
2024-03-08,756.0798950195312,87139744.0,46.182151794433594,284309520.0,0.10124311894178391,20,0.06986953253331392,46,0.1014493923426869,0.11600581366873852,0.2837835887505047,0.020212626875256805,1.0,0.02763564816602493,0.035051556233303804,-0.06168221003966878,0.015767197497804378,0.4782607074857574
2024-03-11,738.720947265625,64759810.0,45.915199279785156,100314710.0,0.10124311894178391,20,0.06986953253331392,46,0.13788098227144774,0.1329479287705786,0.3220911165679372,0.020574357453155584,1.0,0.07453421055551246,0.06790128684039765,-0.01142856489600319,0.016432279445507524,0.8478263503356442
2024-03-12,742.57861328125,58110339.0,46.71604919433594,85918981.0,0.10124311894178391,20,0.06986953253331392,46,0.05655185104711924,0.09899575654771331,0.29173703524718797,0.021060622502855824,0.9134616964500336,0.05629473484675618,0.0716510043594718,-0.019011450848915312,0.016451720166864078,0.8372085835746018
2024-03-13,751.2579956054688,36754557.0,47.16096115112305,125263530.0,0.10124311894178391,20,0.06986953253331392,46,0.054794594181259315,0.10315204744537199,0.2984826001055316,0.021037777914969847,0.932693039120526,0.07692307692307687,0.0937499413887033,0.011560686957135191,0.016543776452448537,1.0
2024-03-14,756.0798950195312,42010806.0,46.805030822753906,75331524.0,0.10124311894178391,20,0.06986953253331392,46,0.05986401727592483,0.11604587203212535,0.3477508580426063,0.020442271139579235,0.975961734484301,0.07723576102320528,0.10072682198746463,0.047430804589053466,0.016100425930780878,1.0
2024-03-15,726.183837890625,73316437.0,46.182151794433594,85406325.0,0.10124311894178391,20,0.06986953253331392,46,0.03157897804869925,0.13623203852522958,0.3517242169482575,0.020433709587232337,1.0,0.04780873772163652,0.0767656113425983,0.035433138311477874,0.016150721653030005,0.9200002400721589
2024-03-18,740.2326049804688,43589856.0,46.093170166015625,69309594.0,0.10124311894178391,20,0.06986953253331392,46,-0.03954087038398757,0.09288817783904801,0.30729165464889263,0.02157948945896142,0.8480390331919878,0.0,0.07453421055551246,0.021653645471820138,0.01629981744849744,0.780000445848295
2024-03-19,738.2947998046875,30152375.0,47.16096115112305,138908497.0,0.10124311894178391,20,0.06986953253331392,46,0.0020463176527472093,0.05871389175095976,0.3165825092550718,0.02165287365846205,0.9194485913229514,0.003876077835271996,0.060389015456010275,0.025742616282697472,0.0162723843182625,0.7600007202164765
2024-03-20,734.419189453125,41280325.0,47.07197952270508,128826380.0,0.10124311894178391,20,0.06986953253331392,46,-0.00576883497577918,0.0487096582340838,0.30641331756795576,0.021700370390401354,0.9095987724412312,0.009523749641933588,0.08717942269131318,0.057884230341353815,0.016573270136747024,1.0
2024-03-21,759.6103515625,46026103.0,47.427913665771484,69351708.0,0.10124311894178391,20,0.06986953253331392,46,-0.022414145674113817,0.03610807079795064,0.3040058052509951,0.02172289566599533,0.8898991346777907,-0.001886764524006046,0.07520327080531608,0.0558882519050401,0.01657992280623248,0.9800002743681815
2024-03-22,760.579345703125,30660820.0,46.6270637512207,91129106.0,0.10124311894178391,20,0.06986953253331392,46,0.004669422591745409,0.03639585623396946,0.34413120572737665,0.022132618412747114,1.0,0.013308031894613492,0.06175300982269083,0.06387233678794657,0.016605044843987622,1.0
2024-03-25,755.7348022460938,19877101.0,46.093170166015625,67294638.0,0.10124311894178391,20,0.06986953253331392,46,0.047364738813810536,0.005951025431614632,0.3504547489961536,0.022089047836747318,1.0,0.009633850730202065,0.009633850730202065,0.04590818858582035,0.016847635032551298,0.8301879161624725
2024-03-26,757.672607421875,40990702.0,46.00418472290039,79676002.0,0.10124311894178391,20,0.06986953253331392,46,0.020942332398387276,0.023031504715610884,0.33727341769855146,0.02218366268744042,0.975925887170472,0.0,0.003876077835271996,0.019685170606077662,0.016834565843890155,0.7169812083837528
2024-03-27,754.7659301757812,18794479.0,45.82621765136719,51078804.0,0.10124311894178391,20,0.06986953253331392,46,0.02624670744303459,0.020326459543358988,0.35457167783045196,0.02202588947655228,0.9854859173108108,-0.02452826235911243,-0.01523811374703865,0.017716611350604428,0.01683888821900206,0.6981127496974835
2024-03-28,745.0770263671875,27190918.0,46.27113342285156,80341420.0,0.10124311894178391,20,0.06986953253331392,46,0.027704533071646997,0.004669413957431923,0.3470526753234304,0.022078000675308795,0.9699595221379275,-0.026465041070495077,-0.028301872293882924,0.05967077971498336,0.015368601134527428,0.6603766411927241
2024-03-29,751.8593139648438,9802000.0,45.915199279785156,60111000.0,0.10124311894178391,20,0.06986953253331392,46,-0.019132605506780975,-0.01455252113542782,0.3139299364634134,0.022281846963400877,0.9011789350327075,-0.024390283137307067,-0.011406837908603529,0.08108112925772004,0.015304233364273397,0.7547165080207329
2024-04-01,746.0459594726562,21041261.0,46.00418472290039,52090342.0,0.10124311894178391,20,0.06986953253331392,46,-0.011464986247056053,0.0353567164876587,0.24540489859046444,0.02032610087464988,0.9444132968588838,-0.015267194932833572,-0.005780426079683321,0.04878046230221211,0.015010161227570165,0.6792442910112142
2024-04-02,765.4237060546875,37974481.0,46.36011505126953,52845773.0,0.10124311894178391,20,0.06986953253331392,46,-0.012820426880754465,0.007853415876406755,0.23577546389791015,0.02041137651737751,0.9067824511499957,-0.0019305559325759614,-0.0019305559325759614,0.02783301537387395,0.014635654338532618,0.6981127496974835
2024-04-03,755.7348022460938,30890544.0,45.915199279785156,41363165.0,0.10124311894178391,20,0.06986953253331392,46,0.010230142355531546,0.036745357352072405,0.2638359870555771,0.020656532543628103,1.0,0.0077369119899208805,-0.016981123376329732,0.03784855556350708,0.014668033074933955,0.773584157839223
2024-04-08,758.6414794921875,32202226.0,46.36011505126953,35041836.0,0.10124311894178391,20,0.06986953253331392,46,0.0012836722374138798,0.029023768849015363,0.24982792350123373,0.02082295775659029,0.9393641569259882,0.0019417188015584674,-0.024574709936767136,0.019762807004344962,0.014714558127591882,0.6792442910112142
2024-04-09,793.5215454101562,56857731.0,46.6270637512207,60645946.0,0.10124311894178391,20,0.06986953253331392,46,0.01820543735073521,-0.001275485606955673,0.2253210513194135,0.02061989979861403,0.9575549480456826,0.0019230483853680536,-0.022514138446544818,-0.003824117011603345,0.013842432890877141,0.773584157839223
2024-04-10,789.64599609375,27480849.0,47.33892822265625,102945209.0,0.10124311894178391,20,0.06986953253331392,46,0.05541227018338235,0.043311983020755784,0.27767747733068493,0.02156082828848214,1.0,0.015503895934280587,0.0,0.05220883706996582,0.011619733014333347,0.8301879161624725
2024-04-11,794.4905395507812,25200651.0,46.71604919433594,56020149.0,0.10124311894178391,20,0.06986953253331392,46,0.05844148884863953,0.044871817133298464,0.26358895102434965,0.021626973870856145,0.9793728933369024,0.02901352361302556,0.027026955450313528,0.07583408547241799,0.01173967872842846,0.9811315413137307
2024-04-12,792.5526733398438,31508936.0,46.89401626586914,39562643.0,0.10124311894178391,20,0.06986953253331392,46,0.03797482788443585,0.048593458135151923,0.2832227204836306,0.02149541096200173,1.0,0.00767759404118773,0.015473906900499657,0.05846773705629138,0.011962217564736026,0.8490563748487417
2024-04-15,780.926025390625,38913470.0,45.915199279785156,57663496.0,0.10124311894178391,20,0.06986953253331392,46,0.04871797750259077,0.0500641876551875,0.30863021654627465,0.021084260413348835,0.9897388795308907,0.021317929605827235,0.02330104183211157,0.07551021836567395,0.011774051713270782,0.8867924833535011
2024-04-16,763.4859619140625,49508969.0,44.5804557800293,85553804.0,0.10124311894178391,20,0.06986953253331392,46,0.029374278233974316,0.04811448716682132,0.2894327760034563,0.02131712156088627,0.9255124182279248,-0.009596951409467924,-0.007692358426012236,0.05198769434936956,0.012283132882377507,0.6792442910112142
2024-04-17,778.9882202148438,34472074.0,44.7584228515625,50186684.0,0.10124311894178391,20,0.06986953253331392,46,-0.0378509993456686,0.015463861035260651,0.24673939422933655,0.021752516547101423,0.8192113016114349,-0.04389313429880781,-0.029069752950925287,0.031925908658235747,0.013035497773129325,0.3962254993949669
2024-04-18,778.9882202148438,43598591.0,44.66944122314453,37669436.0,0.10124311894178391,20,0.06986953253331392,46,-0.013496903589239384,0.044155806118798324,0.2503937685182891,0.021796897130897316,0.8897697050919722,-0.05451127577194981,-0.027079316345709814,0.04573808205581975,0.01294518030524225,0.43396160789972626
2024-04-19,726.6681518554688,130968654.0,43.69062423706055,125240375.0,0.10124311894178391,20,0.06986953253331392,46,-0.019512276816666452,0.017721575714022997,0.1589014113998526,0.01846314049976002,0.8897697050919722,-0.04380952598704657,-0.03646828370152422,0.020325250715327536,0.012488000064676673,0.4150939580812362
2024-04-22,718.9169311523438,46540798.0,43.512664794921875,83258570.0,0.10124311894178391,20,0.06986953253331392,46,-0.08312951769720922,-0.0384614421675924,0.10322421921910796,0.021171710903825892,0.5177443042545361,-0.06831131738955187,-0.048449643639116524,0.005117631365555875,0.012911256834259704,0.20754576573894926
2024-04-23,730.5437622070312,30423647.0,43.33469772338867,48839318.0,0.10124311894178391,20,0.06986953253331392,46,-0.07940456870708568,-0.052362742367361936,0.09950547744152138,0.021216053284745413,0.45134160531803363,-0.05232547223030415,-0.06142025862530043,-0.005086394568325492,0.012892858517326581,0.16981127496974835
2024-04-24,758.6414794921875,39457128.0,44.66944122314453,46851297.0,0.10124311894178391,20,0.06986953253331392,46,-0.04314709287443219,-0.07936493163594316,0.10265057608221717,0.021256690182297595,0.5357514753360327,-0.027944040383694024,-0.07061062316508915,-0.011167434481828109,0.012903449042377377,0.13207516646498896
2024-04-25,742.1703491210938,28534926.0,44.04656219482422,65600848.0,0.10124311894178391,20,0.06986953253331392,46,-0.02611944596164062,-0.03926381790693145,0.1551485438086928,0.021883804390198044,0.7242962490083882,-0.0019880420879231364,-0.05639094714937187,0.035051556233303804,0.013534005257866619,0.4150939580812362
2024-04-26,757.672607421875,32571247.0,44.313507080078125,44383158.0,0.10124311894178391,20,0.06986953253331392,46,-0.047263707124602816,-0.06585376140447219,0.11210516953365035,0.022135681647937416,0.5976220093223243,-0.013944186702688821,-0.05714282448001573,0.01851859692726321,0.013724780025935131,0.28301879161624727
2024-04-29,770.2681274414062,26765837.0,44.847408294677734,41636808.0,0.10124311894178391,20,0.06986953253331392,46,0.04266659476851942,-0.04400977637357906,0.12719015683966006,0.022302469049362363,0.7168449612039223,0.014256670713558295,-0.05502853863402579,0.03426784842386277,0.013661736479665997,0.33962174107171744
2024-04-30,765.4237060546875,39051972.0,45.114356994628906,49586424.0,0.10124311894178391,20,0.06986953253331392,46,0.07142855323597996,-0.01364776893417985,0.14428674172854117,0.022397786172999135,0.8137131108680652,0.030674827801206783,-0.02325571927937886,0.04999996874064183,0.013753272407967811,0.4368933170288694
2024-05-02,747.9837646484375,40527228.0,44.7584228515625,60117129.0,0.10124311894178391,20,0.06986953253331392,46,0.04774518057930055,0.002538021964106685,0.13709001767015128,0.022442460653273953,0.7764562024437069,0.04106776704893722,0.011976127324359487,0.05295951542589172,0.013769561777922082,0.48000030866367493
2024-05-03,755.7348022460938,29901556.0,45.73723602294922,58495124.0,0.10124311894178391,20,0.06986953253331392,46,-0.014048420936440209,-0.03980092992658513,0.12406522549884147,0.022690875723100738,0.6423311443552059,0.0019920022722796915,0.0,0.0296827007122471,0.013679111122226636,0.3999998285201806
2024-05-06,761.5482177734375,32599878.0,46.00418472290039,42853986.0,0.10124311894178391,20,0.06986953253331392,46,0.018276738138438997,-0.02985079538473223,0.13736162643802263,0.02270706647920453,0.5933699294035677,0.03838378624526717,0.02390436886081826,0.06418221960880044,0.013920504536919643,0.5869561570606853
2024-05-07,775.1126098632812,33890214.0,45.915199279785156,40079427.0,0.10124311894178391,20,0.06986953253331392,46,0.0051151517338734465,0.04799999260860166,0.0892004377680673,0.021366682297925946,0.6359461116578429,0.038152648125256095,0.0529532485799864,0.05834187515138334,0.013851269103758975,0.6521735078452058
2024-05-08,777.0504150390625,21757193.0,46.182151794433594,36416598.0,0.10124311894178391,20,0.06986953253331392,46,0.00628934555291405,0.07816713764253969,0.1010074571806423,0.021490462524248306,0.7737958000664032,0.0238094245734628,0.05521460237350628,0.05846146107572947,0.013850586762005271,0.6304337696130146
2024-05-09,771.2371826171875,21923999.0,46.182151794433594,29014704.0,0.10124311894178391,20,0.06986953253331392,46,0.015189899257633366,0.06366032431997093,0.09625159309682862,0.02147957227725207,0.7692299616054944,0.023668625043948177,0.06570840967255864,0.05487810722409736,0.01381374002520878,0.6956520523535618
2024-05-10,777.0504150390625,25101318.0,46.449100494384766,52178902.0,0.10124311894178391,20,0.06986953253331392,46,0.0310881319458578,0.016602971845714576,0.052259251857033506,0.02093829127195485,0.6923084999329671,0.031809184778310184,0.0338645510189477,0.0338645510189477,0.013485457640559789,0.6956520523535618
2024-05-13,793.5215454101562,34812619.0,46.6270637512207,36249820.0,0.10124311894178391,20,0.06986953253331392,46,0.02820514912058747,0.04699738538365894,0.027735851935316358,0.020416057074303308,0.7692299616054944,0.015564221481996876,0.05454542147770303,0.0057803434785674845,0.01246802043264896,0.7608694031380824
2024-05-14,799.3348999023438,28691846.0,46.36011505126953,44237062.0,0.10124311894178391,20,0.06986953253331392,46,0.041984639830423554,0.047314549367521774,0.07418308408252883,0.02029630538390039,0.9871781411373626,0.013539616712525904,0.05220883706996582,0.015503895934280587,0.012443514173248071,0.8043470156904117
2024-05-15,812.8994140625,39467772.0,46.093170166015625,44199438.0,0.10124311894178391,20,0.06986953253331392,46,0.031250027068111974,0.037735914839795326,0.07643135097885922,0.020307277738051455,1.0,0.009689945344095507,0.033730081940349654,-0.0076190977020711426,0.012182291865626313,0.739129664905891
2024-05-16,814.8372192382812,43927195.0,46.36011505126953,41857613.0,0.10124311894178391,20,0.06986953253331392,46,0.04613471446590167,0.062025395388551674,0.08205093166076982,0.0203852036475559,1.0,-0.0019267536258172901,0.02169626780900935,-0.022641416948348092,0.01211558097961696,0.6739132460773971
2024-05-17,809.0238037109375,26207289.0,46.98299789428711,61246860.0,0.10124311894178391,20,0.06986953253331392,46,0.05653259153447099,0.0893782161451937,0.07771311551305327,0.020373782605062864,1.0,0.0038535072516345803,0.03578526895415646,-0.0095057254244576,0.012100449867510193,0.739129664905891
2024-05-20,809.0238037109375,28808661.0,47.249942779541016,55815584.0,0.10124311894178391,20,0.06986953253331392,46,0.04114712257153563,0.0705128324201365,0.11407574982795143,0.01935062296181667,0.9393932645183951,0.011494246265692176,0.0272373667423369,0.017341030435702676,0.012095136056519878,0.8913041047071235
2024-05-21,814.8372192382812,19705349.0,47.96181106567383,101866213.0,0.10124311894178391,20,0.06986953253331392,46,0.01953602695534684,0.06234087984120795,0.0929318679934179,0.01917563134890942,0.9393932645183951,0.013358744433140668,0.027079233425051807,0.025096399517737566,0.012115158402317123,0.9565205235356175
2024-05-22,837.1217041015625,36628342.0,48.94062423706055,152843001.0,0.10124311894178391,20,0.06986953253331392,46,0.01939402287805958,0.051250113686070575,0.10367460187155952,0.019173990876782784,1.0,0.03454900861727772,0.04457373196656733,0.016981204263088134,0.01180878769995298,1.0
2024-05-23,847.7793579101562,37266618.0,49.83045196533203,134041206.0,0.10124311894178391,20,0.06986953253331392,46,0.029797401277497082,0.07730681034316178,0.13984181802890183,0.019508164735577923,1.0,0.06177605187035584,0.05973027101260864,0.03969760212557305,0.012195087649077393,1.0
2024-05-24,840.0283813476562,34136382.0,48.584686279296875,72951290.0,0.10124311894178391,20,0.06986953253331392,46,0.04042787675146897,0.0992459609289369,0.1160713596994758,0.01894825498745085,1.0,0.07485608933939569,0.07899805507412871,0.05065663053389691,0.012442063290154938,1.0
2024-05-27,841.9661254882812,26726954.0,50.364349365234375,139490635.0,0.10124311894178391,20,0.06986953253331392,46,0.038323443011816005,0.08104746499032212,0.10445857633838829,0.019036615548936566,0.9398507636592365,0.034090808522129645,0.04597690293637191,0.04198468379911491,0.01278875925796091,0.8082184701522119
2024-05-28,838.0905151367188,25329216.0,50.18638610839844,78617613.0,0.10124311894178391,20,0.06986953253331392,46,0.04071860633301472,0.06105011307926733,0.11410262301789231,0.018984504178125104,0.9548880727444273,0.06591344671515409,0.08015271203766994,0.09266403642524645,0.013756921248215107,1.0
2024-05-29,830.33935546875,33436835.0,49.74147033691406,75822062.0,0.10124311894178391,20,0.06986953253331392,46,0.028537351202703842,0.04848482812286803,0.10613806930209724,0.019018427806343777,0.9248125072823052,0.04638221521031616,0.08253368338058364,0.09090915121502396,0.013770889060397612,0.9746839152346373
2024-05-30,811.9304809570312,38065102.0,49.65248489379883,74110267.0,0.10124311894178391,20,0.06986953253331392,46,-0.008101986365401492,0.021453996773220796,0.10012829444403781,0.01908121424948477,0.8646618500039313,0.016363626585029767,0.07915055870008958,0.08543695915148408,0.013845677637623574,0.9113926180050695
2024-05-31,795.4592895507812,77438401.0,48.94062423706055,166673076.0,0.10124311894178391,20,0.06986953253331392,46,-0.04228562139268799,-0.0035672625312418438,0.0897269036945143,0.01931653340498911,0.721805045465267,-0.0035714520843000974,0.07101729231880194,0.07307691039349695,0.013804104003068893,0.8987340329643078
2024-06-03,819.6815795898438,28345488.0,48.94062423706055,72529904.0,0.10124311894178391,20,0.06986953253331392,46,-0.05305664997338888,-0.01676652046322591,0.057989539766446496,0.019591903388807837,0.5939850763659237,0.007326134735490708,0.04166669711409532,0.06589157849103322,0.013952510785427084,0.7974686085866959
2024-06-04,812.8994140625,28223635.0,48.31774139404297,69360942.0,0.10124311894178391,20,0.06986953253331392,46,-0.02646727133530935,0.01317362459549365,0.09870118480265866,0.020032486133024406,0.7819552290977709,-0.02826851028788635,0.03578166148069051,0.06382983486931404,0.013954621980965984,0.7974686085866959
2024-06-05,827.4328002929688,31975446.0,47.60587692260742,67524397.0,0.10124311894178391,20,0.06986953253331392,46,-0.030057733167531797,-0.0023781500525869026,0.062025395388551674,0.019746197511056315,0.7293241736537327,-0.0372340959223354,0.00742111943774959,0.042226520374431864,0.014090619112796092,0.7088606839336851
2024-06-06,866.1884155273438,62925136.0,48.228759765625,41626871.0,0.10124311894178391,20,0.06986953253331392,46,-0.0035004425077990176,-0.011574068335729382,0.09487190193409623,0.019769609672786178,0.8421063600220151,-0.042933861822773256,-0.027272788920464586,0.036821742458746476,0.014207359974332716,0.6075947168979927
2024-06-07,851.6549682617188,41075399.0,49.02960205078125,52887635.0,0.10124311894178391,20,0.06986953253331392,46,0.06682583773226258,0.021714444265978905,0.14176253071100864,0.020927916258326927,1.0,-0.028673794095482208,-0.03214283909809523,0.04030716300615178,0.014267756306469833,0.6962026415510036
2024-06-11,855.5305786132812,48228488.0,49.02960205078125,65133110.0,0.10124311894178391,20,0.06986953253331392,46,0.07064557476306899,0.013840707257307239,0.0732600433949333,0.020033328379256227,0.90131526597085,0.0018180768044500084,0.009157531015569598,0.05152669085875372,0.014452211733423637,0.8101261083112969
2024-06-12,880.7217407226562,48106925.0,48.85164260864258,45546856.0,0.10124311894178391,20,0.06986953253331392,46,0.0437352746677262,0.01611044995086175,0.0834355937286475,0.02000849070216829,0.9276313608211875,0.0018180768044500084,-0.02650182780628707,0.035714239667045344,0.014283319244007142,0.8101261083112969
2024-06-13,893.8521118164062,55857091.0,50.18638610839844,98989445.0,0.10124311894178391,20,0.06986953253331392,46,0.08343261846039618,0.05086708990971345,0.10853647322299342,0.020441559685675233,1.0,0.01104979660049743,-0.02659572850838321,0.04571434124111606,0.014128852436412943,0.7848105662040145
2024-06-14,896.77001953125,38408123.0,50.0974006652832,49230772.0,0.10124311894178391,20,0.06986953253331392,46,0.08027154773163514,0.07649011928598948,0.12781414016267623,0.020511125769945276,1.0,0.05420568536078285,0.008944564132721267,0.07020874100147356,0.014690957576644447,0.9746839152346373
2024-06-17,895.7974243164062,26292426.0,50.453330993652344,47878261.0,0.10124311894178391,20,0.06986953253331392,46,0.03530594897795747,0.10449113632760465,0.1483418280017994,0.02031847997663008,1.0,0.038745364980131036,0.008960594267054312,0.09108533668804797,0.014263885329685462,0.9620253301938755
2024-06-18,917.1953735351562,37876013.0,50.54231262207031,47601340.0,0.10124311894178391,20,0.06986953253331392,46,0.05183138442177482,0.1261386171280856,0.17329914235834587,0.019920171160155358,0.9945314685074701,0.029038150083219083,0.030909020474779503,0.1317365448796941,0.013396929992954595,1.0
2024-06-19,954.1555786132812,72228052.0,50.54231262207031,53101867.0,0.10124311894178391,20,0.06986953253331392,46,0.0720778385523364,0.11896545728660501,0.17741879752969192,0.019999168957759588,1.0,0.030853005286934687,0.03272717522464452,0.12922461074398428,0.013397471899848046,1.0
2024-06-20,954.1555786132812,48225374.0,51.16519546508789,58585544.0,0.10124311894178391,20,0.06986953253331392,46,0.08337915881396385,0.17376831881923427,0.22486522113277485,0.020750526128519096,1.0,0.034608253134330136,0.04604046389266059,0.13147402873450043,0.01338297771862943,1.0
2024-06-21,943.45654296875,88376132.0,51.343162536621094,78368326.0,0.10124311894178391,20,0.06986953253331392,46,0.06746470249349379,0.15315174631153594,0.31305545203398255,0.017360494760914478,1.0,0.01950348356574838,0.07476636862013541,0.17107952469324172,0.012858953257235729,1.0
2024-06-24,914.2774658203125,66391994.0,50.54231262207031,68248302.0,0.10124311894178391,20,0.06986953253331392,46,0.05206075406256727,0.08920475736721167,0.31233039880768176,0.01737398611754039,0.9521535318818143,0.0248667965761582,0.0645756346655193,0.1799590482128568,0.012798154615646606,1.0
2024-06-25,919.1406860351562,57368432.0,50.18638610839844,69308998.0,0.10124311894178391,20,0.06986953253331392,46,0.02062971047054374,0.07353036134622704,0.25150266571054836,0.01824199057563837,0.8118825878175705,0.0017636422940867647,0.030853005286934687,0.16632433770944566,0.01309590173159657,0.8902434178882871
2024-06-26,933.730224609375,44967166.0,50.364349365234375,40739678.0,0.10124311894178391,20,0.06986953253331392,46,0.0021209357963747344,0.0743516468166221,0.2115613381045316,0.01748318856980533,0.8348239041842515,-0.007042149343923221,0.02359358447207205,0.12350601964538166,0.012476784088816717,0.8414636441581798
2024-06-27,933.730224609375,39729446.0,50.18638610839844,63763167.0,0.10124311894178391,20,0.06986953253331392,46,-0.02140673330610443,0.060187550091841624,0.25810769146885715,0.017053488440432356,0.9009304249154583,-0.0035210746719616104,0.030965320218816483,0.14343428534707625,0.012191117067852461,0.8607594387181989
2024-06-28,939.5660400390625,39138210.0,49.56350326538086,86163793.0,0.10124311894178391,20,0.06986953253331392,46,-0.02140673330610443,0.044613770293535415,0.23236634855596727,0.0169013568908832,0.9009304249154583,-0.019130374618764767,0.0,0.13253022419795246,0.012227357294173301,0.8243246531297975
2024-07-01,941.5112915039062,19935737.0,50.63129806518555,145350617.0,0.10124311894178391,20,0.06986953253331392,46,-0.004123669456406964,0.047722403264754965,0.21979088393545743,0.016804745101168545,0.9292360177967559,-0.034662050082537754,-0.010657187654694589,0.10515869589866145,0.012369512530989571,0.7297297453871332
2024-07-02,933.730224609375,25427569.0,49.504180908203125,237140005.0,0.10124311894178391,20,0.06986953253331392,46,0.029787265574962918,0.05103147871002722,0.23005243247148366,0.01671853113491264,0.9386711167437704,0.0017606128113016872,0.003527360196606155,0.1222879242457886,0.01270632726174664,0.8918917822900675
2024-07-03,952.210205078125,24070411.0,49.504180908203125,111388367.0,0.10124311894178391,20,0.06986953253331392,46,0.015873020089180123,0.018027621542058503,0.24832953432918536,0.016272500875794533,0.8970604067887119,-0.013593431468083894,-0.020539853837512556,0.10603050228958089,0.013186464729418307,0.67195759274885
2024-07-04,977.4986572265625,41893299.0,50.725345611572266,110272226.0,0.10124311894178391,20,0.06986953253331392,46,0.01979156289653261,-0.0020388431182087885,0.2599792972985939,0.016406795411880486,0.9898997965255655,-0.01707891530164407,-0.020539853837512556,0.08236057122830509,0.012829399886035818,0.6612022702802992
2024-07-05,977.4986572265625,19998094.0,50.25566482543945,55145519.0,0.10124311894178391,20,0.06986953253331392,46,0.046874816155274335,0.024464646160961223,0.2835676512834684,0.016719398244657426,1.0,0.010739157468117266,-0.008596661256102367,0.10262459637333232,0.013288799822110845,0.8861788675023262
2024-07-08,1006.6777954101562,40146763.0,51.946510314941406,120367805.0,0.10124311894178391,20,0.06986953253331392,46,0.04037248641502944,0.036082334169513564,0.2611053475171552,0.016640718872703197,1.0,0.013965146013842356,-0.021180964659237134,0.09453221621027019,0.013394910109434029,0.7928572777990109
2024-07-09,1011.5409545898438,46373121.0,51.946510314941406,83403492.0,0.10124311894178391,20,0.06986953253331392,46,0.06921478743197795,0.1010637722618919,0.2955115600312115,0.01704381135252214,1.0,0.025976269620079373,0.027782616584463904,0.12481788519006609,0.014237885780040236,1.0
2024-07-10,1016.4041748046875,46206302.0,51.382896423339844,56944184.0,0.10124311894178391,20,0.06986953253331392,46,0.08333320259930632,0.10052897228744073,0.31158219207894944,0.01690590063300507,1.0,0.04933582097373068,0.03507174640431865,0.12481788519006609,0.014237885780040236,1.0
2024-07-11,1050.446533203125,41724336.0,51.382896423339844,60341856.0,0.10124311894178391,20,0.06986953253331392,46,0.06741575482411011,0.08854158087246145,0.3080286106707666,0.016907523349690506,1.0,0.03795064337334386,0.020223572247883626,0.1062194074038425,0.014386377790808771,0.9037107228929796
2024-07-12,1011.5409545898438,68983062.0,49.785987854003906,96626512.0,0.10124311894178391,20,0.06986953253331392,46,0.07462708561005704,0.1250000326835068,0.32377821280223595,0.017269860846635527,1.0,0.012962963659286952,0.02384133243539477,0.10199725844831109,0.014389920650478942,0.9037107228929796
2024-07-15,1011.5409545898438,38393309.0,50.1617317199707,46152642.0,0.10124311894178391,20,0.06986953253331392,46,0.03482592749525493,0.07660442319497718,0.26547828039714716,0.0185490272444949,0.8474214707527639,-0.00934575182851416,0.00448887939643372,0.07389698664349109,0.015246067090168621,0.6308906699478238
2024-07-16,1026.1307373046875,32125609.0,49.785987854003906,52856418.0,0.10124311894178391,20,0.06986953253331392,46,0.004830899421702339,0.07438005653025881,0.24436177107647805,0.018484244528701968,0.8474214707527639,-0.03435800757644636,-0.009274230824781515,0.08826820848514383,0.01522315209305772,0.6805133702985442
2024-07-17,1001.8146362304688,54022399.0,49.785987854003906,73601733.0,0.10124311894178391,20,0.06986953253331392,46,0.014423323789949372,0.09895846815279885,0.2593076421618612,0.018529870859179138,0.904639167237753,-0.04159129165440911,0.005692588800193299,0.07389698664349109,0.01528304880266244,0.5647190380853934
2024-07-18,977.4986572265625,81990095.0,49.504180908203125,80358251.0,0.10124311894178391,20,0.06986953253331392,46,-0.014354071870102514,0.05209399236408507,0.23830056870417504,0.01897981753115677,0.809277137647865,-0.03107860164555787,0.005692588800193299,0.05965966595029948,0.015174047932980956,0.5399784109027378
2024-07-19,943.45654296875,92507621.0,48.75269317626953,50035050.0,0.10124311894178391,20,0.06986953253331392,46,-0.06944463489647845,0.0,0.2082446186908744,0.019506619453129218,0.7139155867890336,-0.03656305202529109,-0.024074053880680735,0.047708801239822574,0.015198582473200618,0.43733340598363085
2024-07-22,913.3048095703125,83062356.0,47.155784606933594,86789525.0,0.10124311894178391,20,0.06986953253331392,46,-0.06730761746438674,-0.03482574017482487,0.15784664800989767,0.020431228645433036,0.5804104209218877,-0.020754728835842062,-0.02990651211938833,0.01648982999229842,0.015243151826618942,0.2642048175935585
2024-07-23,952.210205078125,47213266.0,48.1890754699707,53903192.0,0.10124311894178391,20,0.06986953253331392,46,-0.09711534127588906,-0.09275359630019486,0.09100600915671309,0.020802938227455495,0.4621624138194337,-0.05992510645003035,-0.09222420676504717,-0.0364694904887497,0.015748818469810567,0.0
2024-07-26,898.71533203125,82081735.0,47.62546157836914,89137435.0,0.10124311894178391,20,0.06986953253331392,46,-0.0720381229595829,-0.05865382834229982,0.12318163469490351,0.021661453853180104,0.6147402249700853,-0.03207553877842306,-0.07233276734452654,-0.03293922552625583,0.015868339536251,0.21568566559966876
2024-07-29,918.1679077148438,40809258.0,47.155784606933594,53032472.0,0.10124311894178391,20,0.06986953253331392,46,-0.10291255534771471,-0.11578941300202017,0.06986305699510109,0.023446810801401225,0.4049459141620854,-0.043396272099098465,-0.07312617829118617,-0.019743354838466565,0.015499407968254178,0.09803879413310401
2024-07-30,914.2774658203125,41761392.0,46.96791076660156,55622666.0,0.10124311894178391,20,0.06986953253331392,46,-0.06069650231546786,-0.12592609076915529,0.09050457010057356,0.02364447838670536,0.4812343410063549,-0.04743834274572123,-0.08226690417720695,-0.06370706260956083,0.014415650378897873,0.0
2024-07-31,908.441650390625,39894991.0,47.34365463256836,48317966.0,0.10124311894178391,20,0.06986953253331392,46,-0.03092784438869911,-0.09615378233397309,0.09090539662194508,0.023641925910690392,0.4659769428761348,-0.03660889877847229,-0.05660381984718832,-0.06413044634943899,0.014417395076985402,0.0
2024-08-01,933.730224609375,47382270.0,50.63140869140625,176556343.0,0.10124311894178391,20,0.06986953253331392,46,-0.005324793134479977,-0.10192301530789039,0.09406069266436745,0.02361176126601735,0.44309024726698426,0.003984029259628485,-0.056179820567885064,-0.048205565458852906,0.014441401988930149,0.07547179931193539
2024-08-02,878.2899780273438,76144485.0,49.69205093383789,91788925.0,0.10124311894178391,20,0.06986953253331392,46,-0.019407458952021783,-0.09004750499728587,0.15001252756119854,0.023602611419752697,0.5422660878169888,0.05068230086625136,0.01698109998101316,0.0197155046661055,0.018079931059568663,0.7358490855176958
2024-08-05,792.6980590820312,144057989.0,46.92094421386719,114534832.0,0.10124311894178391,20,0.06986953253331392,46,-0.022727278901252812,-0.12330091190113934,0.10412938734217225,0.02527882960735281,0.2752740769974707,0.0433925317882351,-0.0018868144274144516,0.015353843733940886,0.018176455923245596,0.5471699703473271
2024-08-06,855.9193115234375,102930842.0,48.564823150634766,90813027.0,0.10124311894178391,20,0.06986953253331392,46,-0.13665240047986926,-0.18905458005319653,-0.032919515552996326,0.02924432570527864,0.0,-0.004980097246263915,-0.05218219243190991,-0.041267966125858035,0.020145608783578108,0.0
2024-08-07,894.8247680664062,59158704.0,49.785987854003906,66218876.0,0.10124311894178391,20,0.06986953253331392,46,-0.06382980711934605,-0.09278353316609733,0.05292155058390757,0.03171420749073997,0.2452827418551624,0.03400007277242478,-0.0038535312286339662,0.005113685976684712,0.0207938923118444,0.32710323647244394
2024-08-08,871.4814453125,38236391.0,49.598114013671875,41796886.0,0.10124311894178391,20,0.06986953253331392,46,-0.014989275666041468,-0.020234254008363983,0.08144705860050028,0.03233612313861853,0.39622624084437635,0.05158734027591172,0.055776895008625926,0.04579499575106394,0.02099870152047229,0.5700937133279996
2024-08-09,908.441650390625,49494621.0,50.63140869140625,91761372.0,0.10124311894178391,20,0.06986953253331392,46,-0.06666677125388831,-0.08478039757933653,0.006110714124401895,0.03184496528177382,0.3056599520098623,-0.02040817556612362,0.02923979200595417,0.02839289782074972,0.02092857724518652,0.532710095929778
2024-08-12,914.2774658203125,38331663.0,51.382896423339844,60391286.0,0.10124311894178391,20,0.06986953253331392,46,0.03432997428822149,0.010822468486647363,0.06667803775607806,0.03236055553528694,0.4490563589300468,0.018903581959598625,0.06311638802892716,0.0326701946094925,0.021016055408135163,0.7383177144453333
2024-08-13,915.2500610351562,25764381.0,51.476829528808594,40170440.0,0.10124311894178391,20,0.06986953253331392,46,0.15337416983091123,-0.004237179127959179,0.0686671974977835,0.03236536932530425,0.47169787193836726,0.09509510697685308,0.0896414268502006,0.04799741939820823,0.021123688814599688,0.8878506659217775
2024-08-14,922.05859375,36780856.0,52.3222541809082,95516407.0,0.10124311894178391,20,0.06986953253331392,46,0.06931815734606683,0.0010637856134527723,0.03920457360819607,0.03207549897652514,0.4754712995722659,0.05996122685635208,0.09599998570541657,0.053737945747224014,0.02110919601733076,0.906541715562667
2024-08-15,917.1953735351562,19476402.0,51.382896423339844,36115991.0,0.10124311894178391,20,0.06986953253331392,46,0.030434814340736693,0.01498934285269704,0.03155609475070209,0.03201956805532963,0.5018867138169494,0.050943376564944964,0.10515875014251641,0.04255871438713421,0.020848938088136995,1.0
2024-08-16,942.4839477539062,44062316.0,52.41618728637695,67870375.0,0.10124311894178391,20,0.06986953253331392,46,0.05245542342701737,-0.01770838154150578,0.02277657990237314,0.03203354690017738,0.4830186284425275,0.03598488461024929,0.014842323201272878,0.025659929277477955,0.021053766621117905,0.826087048641838
2024-08-19,946.3744506835938,21348863.0,52.604061126708984,42620464.0,0.10124311894178391,20,0.06986953253331392,46,0.03747328994508692,0.07308972131361835,0.052117278047687066,0.032291265467312216,0.581132009346071,0.0352504234248896,0.05482036465281115,0.03890439449818617,0.021243253400379494,1.0
2024-08-20,946.3744506835938,24039959.0,52.604061126708984,47491724.0,0.10124311894178391,20,0.06986953253331392,46,0.03510639391564019,0.19386497776911993,0.03181337149136754,0.03210390736486595,0.59622619348413,0.023765976392378763,0.12112111143667459,0.04079252407889156,0.021246439149808925,1.0
2024-08-21,931.784912109375,29758188.0,52.604061126708984,34792241.0,0.10124311894178391,20,0.06986953253331392,46,0.03400643274826498,0.10568185335035452,-0.008154988666519314,0.031505216053612485,0.59622619348413,0.021897844296520752,0.08317209276240156,0.04079252407889156,0.021246439149808925,1.0
2024-08-22,924.9765014648438,24349754.0,52.510128021240234,29967598.0,0.10124311894178391,20,0.06986953253331392,46,0.010548481870136017,0.04130433729816674,-0.023445512456593876,0.031598408387110706,0.5396224109633287,0.005385986330527892,0.05660374322528261,0.0281219615901378,0.021173635241484204,1.0
2024-08-23,923.0311889648438,27592153.0,52.22831726074219,31061518.0,0.10124311894178391,20,0.06986953253331392,46,0.008483610094648153,0.06138404488137006,-0.01958759165075652,0.03157055145942042,0.5132074703211096,0.021937875759536984,0.058712192297587285,0.0227287418025095,0.021173447732366756,0.9834715514550659
2024-08-26,924.0038452148438,25057581.0,51.758636474609375,27550397.0,0.10124311894178391,20,0.06986953253331392,46,-0.020639883401114223,0.016059962208849976,0.00957447106790199,0.0311923861071724,0.505660141450848,-0.0035841986104089285,0.031539880295824885,0.03335828044274436,0.021039174211998107,0.9338841921203924
2024-08-27,916.2227172851562,18693037.0,50.725345611572266,38731939.0,0.10124311894178391,20,0.06986953253331392,46,-0.023638217887846702,0.010638323439159159,0.005290984561531431,0.031183948268846996,0.5094338058859788,-0.016071471175261753,0.007312551012575108,0.031328224407611405,0.021059495628450366,0.8512392644625603
2024-08-28,937.6207275390625,31059233.0,51.85257339477539,29669537.0,0.10124311894178391,20,0.06986953253331392,46,-0.0318602571917046,0.0010627218630283597,-0.018750070269539565,0.03111910464679423,0.47924496400739675,-0.03571426758499496,-0.014598488759214767,0.007167694031347427,0.021299875222429123,0.6694216318352525
2024-08-29,917.1953735351562,43530708.0,51.28895950317383,23179361.0,0.10124311894178391,20,0.06986953253331392,46,0.006263049931208187,0.016877597469995287,0.004166624178107758,0.03132656514589847,0.5622639239716493,-0.01428573604086314,-0.008976692489372828,0.03319998540596503,0.021553406008879034,0.8677683842407848
2024-08-30,918.1679077148438,63834981.0,52.13438034057617,57216020.0,0.10124311894178391,20,0.06986953253331392,46,-0.008412243897401583,0.0,-0.023809573303624543,0.031501069038786966,0.4830186284425275,-0.023255866326824526,-0.001828174873445776,0.03481304032433408,0.021531301943539402,0.7685950080380186
2024-09-02,922.05859375,18646835.0,52.04044723510742,35025097.0,0.10124311894178391,20,0.06986953253331392,46,-0.0052688157324933815,-0.02579995139122704,-0.024793525048197096,0.03149976998982864,0.48679181927519405,-0.00179858216945894,-0.005376334304155406,0.029686820856448692,0.021427674569882215,0.9173550723421678
2024-09-03,914.2774658203125,19547575.0,51.758636474609375,27823655.0,0.10124311894178391,20,0.06986953253331392,46,-0.002105241742139552,-0.025693695466978972,-0.012500003268350657,0.0314798748684287,0.5018867138169494,0.005444709901434308,-0.010714265772065912,0.051233376259822494,0.021118158949073006,0.9008266237972339
2024-09-04,864.6730346679688,79709021.0,50.06779479980469,85540468.0,0.10124311894178391,20,0.06986953253331392,46,-0.0021231207523512152,-0.03391573477083687,-0.03983651829765911,0.03135226286963347,0.47169787193836726,0.020370307004894617,-0.016071471175261753,0.045540710401546614,0.021143472650125204,0.8512392644625603
2024-09-05,877.3173217773438,30512026.0,50.63140869140625,37686250.0,0.10124311894178391,20,0.06986953253331392,46,-0.07780085350988009,-0.07202507420889481,-0.11542279032762215,0.03212264552294459,0.2792450113676431,-0.03442025107186941,-0.0482142684914596,-0.012962963659286841,0.021445243557228422,0.5537191358542618
2024-09-06,892.8794555664062,24458336.0,51.19502258300781,24238268.0,0.10124311894178391,20,0.06986953253331392,46,-0.04347825218972712,-0.051524746425476,-0.10248744047737235,0.03222843852410455,0.3283017018194149,-0.012820513774058684,-0.03577822794631247,0.00747664700630124,0.021464881178741783,0.652892512057028
2024-09-09,874.3993530273438,35885268.0,50.537471771240234,46344513.0,0.10124311894178391,20,0.06986953253331392,46,-0.02754229584366108,-0.032665996294504285,-0.11304345875373611,0.03198924593534853,0.3886789119741148,-0.01801800944850318,-0.019784184747438927,-0.014466568155925619,0.020887805226512457,0.7520658882597941
2024-09-10,879.2625122070312,33498628.0,50.06779479980469,34164771.0,0.10124311894178391,20,0.06986953253331392,46,-0.051687865658110455,-0.05368429194790447,-0.13557691454826737,0.032091902794038105,0.31698070851402255,-0.028880909825333978,-0.023593448099588077,-0.02712479693358516,0.020979602544655918,0.6363633922788035
2024-09-11,876.3446655273438,18029342.0,50.725345611572266,24058349.0,0.10124311894178391,20,0.06986953253331392,46,-0.038297951029412025,-0.04033976060716016,-0.13492827557896392,0.03209656129663969,0.33584855708721223,-0.03266781719866485,-0.012962963659286841,-0.02559415126582454,0.020962136784181646,0.5537191358542618
2024-09-12,918.3546142578125,39454846.0,51.85257339477539,35093409.0,0.10124311894178391,20,0.06986953253331392,46,0.013498317157371265,-0.06535271694829925,-0.16574081799755447,0.03157590258781248,0.3583328910167729,0.01313320896989345,-0.021739090452098986,-0.012797075632912325,0.02106600291405794,0.6694216318352525
2024-09-13,925.1934814453125,25347586.0,51.28895950317383,28598424.0,0.10124311894178391,20,0.06986953253331392,46,0.046775883094764215,0.001263897263445779,-0.09212315122704662,0.03211294520917902,0.538298905416857,0.024118718695188335,0.010988990555885314,0.041509381049778415,0.020756918737378248,0.8677683842407848
2024-09-16,925.1934814453125,13626239.0,51.19502258300781,24412438.0,0.10124311894178391,20,0.06986953253331392,46,0.03619080456768664,0.007651730877802132,-0.08536231059427857,0.03214361136086793,0.5675958626362607,0.0018348838505481968,-0.016216186552511003,0.022471867388787592,0.020813540111306237,0.7685950080380186
2024-09-18,919.33154296875,28424324.0,50.537471771240234,57624338.0,0.10124311894178391,20,0.06986953253331392,46,0.05809030878409205,0.003399879049511334,-0.09836685735046236,0.03204500826601942,0.6335959787120647,0.013011153679076015,-0.01624553010238683,0.02830183330168845,0.02077724639022165,0.7520658882597941
2024-09-19,937.8941650390625,32739630.0,50.443538665771484,44892168.0,0.10124311894178391,20,0.06986953253331392,46,0.0455711806262975,0.00552794675290702,-0.08233368756926751,0.03186921392988516,0.6852439069903853,0.009380820012416136,-0.023593448099588077,0.015094285553598707,0.0208846742555326,0.6363633922788035
2024-09-20,950.5947875976562,60133709.0,50.537471771240234,71046769.0,0.10124311894178391,20,0.06986953253331392,46,0.07023435177149295,0.08468071448441816,-0.04051616019593218,0.03183424221442456,0.9102510974969074,-0.005555545110696891,0.007504701724316165,0.01897532168667193,0.02086524852086424,0.6198349437338694
2024-09-23,954.5026245117188,14497067.0,50.725345611572266,30850375.0,0.10124311894178391,20,0.06986953253331392,46,0.0351064532581451,0.0835244717063841,0.007566055566740282,0.031433949376666506,0.9898727619117587,-0.02536232123954074,-0.001855309235785918,0.03660882053259473,0.02071487616155114,0.6363633922788035
2024-09-24,964.2723388671875,26785975.0,50.63140869140625,39787466.0,0.10124311894178391,20,0.06986953253331392,46,0.03167893381676268,0.06901622448712441,0.04510850540772782,0.031010699229138156,1.0,-0.010988990555885314,-0.009174270226641856,0.07569720309804406,0.020015185510363628,0.6694216318352525
2024-09-25,981.8577880859375,39405222.0,51.19502258300781,49877625.0,0.10124311894178391,20,0.06986953253331392,46,0.04223857842235024,0.10278253926959757,0.01266751156912127,0.030360520932154668,1.0,-0.011009154077190164,0.0018587578063109511,0.05068230086625136,0.019771025702775353,0.652892512057028
2024-09-26,991.6276245117188,38321585.0,51.570770263671875,47416602.0,0.10124311894178391,20,0.06986953253331392,46,0.06801272685072313,0.11668332773722212,0.0925125599746599,0.02910211570084356,1.0,0.013011153679076015,0.022514028982309364,0.07495068575377162,0.019716847092234473,0.7520658882597941
2024-09-27,976.9729614257812,35783779.0,51.664703369140625,39870008.0,0.10124311894178391,20,0.06986953253331392,46,0.057291602267744546,0.1315497925864626,0.08000684425978588,0.02897039570080674,1.0,0.02234640209064631,0.01666671053507307,0.09362553700546683,0.019644860425955188,0.8181823673726922
2024-09-30,934.9631958007812,61603217.0,50.537471771240234,41080330.0,0.10124311894178391,20,0.06986953253331392,46,0.027749125255344564,0.06382975188222084,0.06857381697493414,0.029073440495802585,0.926332402856843,0.022304867228080782,-0.003623157219303952,0.10000003248768952,0.019619826252744617,0.8347108159176263
2024-10-01,949.6177978515625,26760355.0,50.443538665771484,24924409.0,0.10124311894178391,20,0.06986953253331392,46,-0.020470796212774145,0.01055964460558756,0.029194550248496487,0.029869042078273376,0.7151533077119913,-0.003703746875786118,-0.014652036992232054,0.06746029987458568,0.019951119630472202,0.6363633922788035
2024-10-04,954.5026245117188,40934818.0,49.410240173339844,62671266.0,0.10124311894178391,20,0.06986953253331392,46,-0.015197512595706009,0.02639914449904568,0.017015164362740975,0.029661994108549843,0.7888205980372244,-0.003710543129064714,-0.014678847265236938,-0.003710543129064714,0.01684157831711986,0.6198349437338694
2024-10-07,981.8577880859375,39667071.0,49.69205093383789,43226644.0,0.10124311894178391,20,0.06986953253331392,46,-0.027860616788043968,0.038257233543181446,0.08677389972677374,0.028097016170076598,0.8133761569336863,-0.03486242059516853,-0.02230486722808067,-0.0056711436779548485,0.01689616320885199,0.43801596863998066
2024-10-08,986.74267578125,30845902.0,49.410240173339844,39630364.0,0.10124311894178391,20,0.06986953253331392,46,-0.009852323779898642,0.046874823072434735,0.23862771812884098,0.02353728400297812,0.9280085632880507,-0.03642992571622328,-0.01489760139376417,0.05905905702451153,0.014429674178967861,0.27906941603343965
2024-10-09,996.512451171875,46975717.0,48.75269317626953,42242680.0,0.10124311894178391,20,0.06986953253331392,46,0.009999984381564575,0.03802660045606476,0.152845440564908,0.020391886346773625,0.9615220785914008,-0.04363642968571413,-0.02230486722808067,0.01740801196954478,0.013454215323924483,0.0
2024-10-11,1020.936767578125,43058754.0,48.658756256103516,32068791.0,0.10124311894178391,20,0.06986953253331392,46,0.06583067188904446,0.04401226940747982,0.11363977253915514,0.01932170820866418,1.0,-0.035315945424606365,-0.038888890977860635,-0.020754728835842062,0.013038108063046096,0.0
2024-10-14,1020.936767578125,36858874.0,49.316307067871094,27022971.0,0.10124311894178391,20,0.06986953253331392,46,0.07510281493029747,0.05876392635871519,0.17149570202499564,0.019055462303650843,1.0,-0.03538178440441242,-0.038961041896461324,-0.018939384616709853,0.0130296199467817,0.0
2024-10-15,1045.3612060546875,42850176.0,49.410240173339844,25228714.0,0.10124311894178391,20,0.06986953253331392,46,0.0696007966456782,0.03980105873414641,0.12383306857311926,0.01806585964665576,1.0,-0.001901085789893231,-0.036697229932667,-0.025974027930974253,0.012785733045185304,0.16666666666666666
2024-10-16,1020.936767578125,52652149.0,48.564823150634766,58352616.0,0.10124311894178391,20,0.06986953253331392,46,0.06467679814664962,0.05418725761036303,0.14337413436823954,0.018347681081349664,1.0,-0.0056711436779548485,-0.04189447005126423,-0.03839130113934086,0.01255979143245554,0.19047549983659467
2024-10-17,1011.1670532226562,54173771.0,48.564823150634766,32312054.0,0.10124311894178391,20,0.06986953253331392,46,0.03465350454190297,0.04500002342765308,0.11547303960126065,0.01880378746166418,0.8648254709253326,-0.017110158131982467,-0.05999996160545884,-0.05656926436279741,0.012798813367168638,0.0
2024-10-18,1060.015869140625,85011961.0,47.437591552734375,78495841.0,0.10124311894178391,20,0.06986953253331392,46,0.014705889558678242,0.08150466003809664,0.09664077757819411,0.018883954209027904,0.8107559970882264,-0.0038535312286339662,-0.039033385554677835,-0.07181324828402524,0.012491135178859171,0.0
2024-10-21,1060.015869140625,36491060.0,47.81333541870117,54363083.0,0.10124311894178391,20,0.06986953253331392,46,0.038277690454036506,0.11625526768646255,0.1557143654737312,0.020123983217228063,1.0,-0.025096504664891883,-0.0595903299519468,-0.07678245379747373,0.012682899522016814,0.0
2024-10-22,1050.24609375,41197877.0,47.62546157836914,50216365.0,0.10124311894178391,20,0.06986953253331392,46,0.038277690454036506,0.11054264484907228,0.1247044277696363,0.01977120548618812,1.0,-0.03047615968287065,-0.032319307678660314,-0.08781355733731644,0.012302579670763515,0.07272739354927313
2024-10-23,1035.5914306640625,31423466.0,47.155784606933594,44712063.0,0.10124311894178391,20,0.06986953253331392,46,0.00467291847738327,0.06965194602915026,0.10975744642237206,0.019859553225265884,0.9499865177189668,-0.03612163366762411,-0.04158792637116737,-0.0946428743656833,0.012272322696695162,0.036363327596302016
2024-10-24,1035.5914306640625,38236996.0,46.87397766113281,49698655.0,0.10124311894178391,20,0.06986953253331392,46,0.014354133920263745,0.04950505950716755,0.09427238860476916,0.020021456136692158,0.8749662942974169,-0.029013562745420107,-0.04562729423085621,-0.1035714050033506,0.012321670434137292,0.0
2024-10-25,1040.4764404296875,22009575.0,46.7800407409668,41806000.0,0.10124311894178391,20,0.06986953253331392,46,0.02415464127669531,0.039215746322317946,0.11140609512520472,0.019828311440823285,0.8749662942974169,-0.03481625958479073,-0.03853562526985044,-0.10892853788938361,0.012326299515218072,0.0
2024-10-28,1025.82177734375,40142324.0,46.26339340209961,49172879.0,0.10124311894178391,20,0.06986953253331392,46,-0.01843314735163204,0.019138964793985025,0.12486797100459501,0.01976686117376184,0.8999736603408783,-0.013861386934802655,-0.03861001923782348,-0.10912346810420326,0.012325964405419559,0.0
2024-10-29,1016.0518798828125,45415773.0,45.46493911743164,81420494.0,0.10124311894178391,20,0.06986953253331392,46,-0.03225809423456727,0.00478483087372128,0.1113619882056025,0.019928054891748617,0.8249534369193284,-0.03241652152121843,-0.06190475011784524,-0.11420861654155112,0.012387206411474472,0.0
2024-10-30,1006.2821655273438,38201984.0,45.230098724365234,54094334.0,0.10124311894178391,20,0.06986953253331392,46,-0.03255828712020625,-0.028037510864298953,0.09961867057659957,0.02001616004084345,0.7749393297353505,-0.04536486134380646,-0.07984784210858697,-0.1215970470988964,0.012552430756547623,0.0
2024-11-01,1001.3973388671875,54480255.0,43.77409362792969,140986463.0,0.10124311894178391,20,0.06986953253331392,46,-0.028301957962248214,-0.01435407413678036,0.0982942755545737,0.020032835356646666,0.7249261599057897,-0.040836684165471704,-0.06866542921254193,-0.10833335526753651,0.012269296349904415,0.0
2024-11-04,1016.0518798828125,26747978.0,43.210479736328125,59867354.0,0.10124311894178391,20,0.06986953253331392,46,-0.033018901841383896,-0.009661820294017742,0.06801962611845958,0.01978557572612962,0.6999197312167454,-0.06613230171361162,-0.09864608191500146,-0.1557970846565483,0.01245012280354838,0.0
2024-11-05,1025.82177734375,32385622.0,42.59989547729492,84205496.0,0.10124311894178391,20,0.06986953253331392,46,-0.02347440037833859,-0.04147484064880547,0.10778129633017275,0.019524909563962783,0.7749393297353505,-0.07630521367871945,-0.0891089045215786,-0.1575091373484735,0.012481131113807697,0.0
2024-11-06,1035.5914306640625,55349259.0,43.06957244873047,78477326.0,0.10124311894178391,20,0.06986953253331392,46,0.0,-0.03225809423456727,0.11724856502209668,0.019552778555932335,0.8249534369193284,-0.07918783416865449,-0.10903736155932608,-0.18288286541425647,0.012145369869349745,0.0
2024-11-07,1040.4764404296875,43975446.0,44.290740966796875,92748740.0,0.10124311894178391,20,0.06986953253331392,46,0.019230859337127093,-0.013953551622945537,0.12312974216999151,0.01957905480392132,0.8749662942974169,-0.05268601949546581,-0.09566078687010349,-0.17238273810077942,0.012379680469761196,0.05076119320529005
2024-11-08,1064.9005126953125,37099479.0,43.82106399536133,62605606.0,0.10124311894178391,20,0.06986953253331392,46,0.0339808018801806,0.004717120691596133,0.13803137376479713,0.019497373776343096,0.8999736603408783,-0.02076842156133374,-0.06075699225488984,-0.14428308039907378,0.013370365131930859,0.18274120255580834
2024-11-11,1060.015869140625,34690205.0,43.72712326049805,46286282.0,0.10124311894178391,20,0.06986953253331392,46,0.06341456219562347,0.028301781149787875,0.2315643832980525,0.017489607674456956,1.0,0.0010730174753788013,-0.06513024535365841,-0.1247654471186681,0.012613047511799943,0.1319800093505183
2024-11-12,1025.82177734375,51099848.0,43.304412841796875,70044482.0,0.10124311894178391,20,0.06986953253331392,46,0.04326943350853618,0.018779309123874377,0.20824682566754182,0.01748620976776761,0.9743589825741685,0.01195644036637633,-0.06526111204933627,-0.13636368430886814,0.012409110980421727,0.12182719351697399
2024-11-13,1011.1670532226562,42331232.0,43.022605895996094,52919260.0,0.10124311894178391,20,0.06986953253331392,46,0.0,0.0,0.14889167955265648,0.01825905572730217,0.794863530386512,0.01653800688026208,-0.06395943623470657,-0.15412845513286122,0.012228366464493903,0.07614199594810875
2024-11-14,1011.1670532226562,44627940.0,42.271121978759766,78360986.0,0.10124311894178391,20,0.06986953253331392,46,-0.02358495514562564,-0.004807654763376523,0.15641331357553678,0.018077965944563377,0.7150262891354965,-0.0010904810534231313,-0.053719047442848944,-0.14869888840621992,0.012154246581487279,0.04568519756886525
2024-11-15,1011.1670532226562,34791611.0,42.271121978759766,52740993.0,0.10124311894178391,20,0.06986953253331392,46,-0.028169198328918732,0.0048543916037233625,0.1500172464814089,0.01808380139465962,0.7150262891354965,-0.04559912396929966,-0.06542052370121143,-0.1557223131599823,0.012309559268433976,0.0
2024-11-18,1001.3973388671875,31815076.0,42.365055084228516,69203736.0,0.10124311894178391,20,0.06986953253331392,46,-0.05045866616840511,0.009756081803173666,0.15384630385600917,0.018060551638348608,0.6333335832283774,-0.03536979423333109,-0.03433472916526503,-0.16666665413283632,0.012028669160306819,0.0
2024-11-19,1016.0518798828125,24349599.0,42.45899200439453,60137722.0,0.10124311894178391,20,0.06986953253331392,46,-0.05529967237279254,-0.01442302436103482,0.0904255538330232,0.016748707996858632,0.5637588563867032,-0.031149274745452704,-0.019565268825026294,-0.1829710212898098,0.011330295932862278,0.009999711671731363
2024-11-20,1001.3973388671875,40203197.0,42.17718505859375,61462099.0,0.10124311894178391,20,0.06986953253331392,46,-0.009523971587184987,-0.009523971587184987,0.09820475420510255,0.016840090431300258,0.6644296315055501,-0.019522741030825297,-0.0033076013760524603,-0.17216117434070555,0.011337480411408004,0.019999829439615736
2024-11-21,986.74267578125,41429227.0,41.7075080871582,66276938.0,0.10124311894178391,20,0.06986953253331392,46,-0.009661820294017742,-0.033018901841383896,0.08236532028179822,0.017035546758210306,0.5637588563867032,-0.019650619012853032,-0.020719671438554577,-0.17614676328724155,0.01133491318142711,0.0
2024-11-22,1016.0518798828125,25187973.0,41.75447463989258,50700692.0,0.10124311894178391,20,0.06986953253331392,46,-0.0241546412766952,-0.051643422724926835,0.07332624810719834,0.017182403748043387,0.3984958379777659,-0.013333308065131666,-0.058324444867048575,-0.17472112028182163,0.011307420543844645,0.0
2024-11-25,1006.2821655273438,49566674.0,42.17718505859375,76975045.0,0.10124311894178391,20,0.06986953253331392,46,0.004830879966458479,-0.0458715459614738,0.08333319233358782,0.017490233172080746,0.6240600161680272,-0.012222229140896435,-0.047159725644441375,-0.17225326088740245,0.011333769351290154,0.00471684559801304
2024-11-26,986.74267578125,27312402.0,42.64686584472656,41939444.0,0.10124311894178391,20,0.06986953253331392,46,0.004878010426592638,-0.05069141432462154,0.058581615064838166,0.01748434966026374,0.5488721133471716,-0.00443455166672746,-0.03544569334394043,-0.16542748221536752,0.011515832789388685,0.047169605308979824
2024-11-27,976.9729614257812,31276090.0,41.7075080871582,88688066.0,0.10124311894178391,20,0.06986953253331392,46,-0.02884616886388014,-0.03809541035840647,0.03377680735663113,0.017773366767234337,0.3984958379777659,0.004424830441395855,-0.015184295408241955,-0.15925923558424637,0.011696204166920889,0.09433959372757611
2024-11-28,981.8577880859375,33689956.0,41.23782730102539,83899732.0,0.10124311894178391,20,0.06986953253331392,46,-0.024390295932916972,-0.03381646157071294,0.013171198681810381,0.01778823152943044,0.3233079351569102,-0.011135806497827194,-0.03056760001979053,-0.1762522678094618,0.012013493867556825,0.0
2024-11-29,973.0651245117188,40094983.0,40.90904998779297,66068692.0,0.10124311894178391,20,0.06986953253331392,46,-0.00495051832175486,-0.02898558160425435,0.0,0.017581749942929662,0.360901651703491,-0.011261300606866698,-0.02444445828179298,-0.1944953782535751,0.011796173816563343,0.0
2024-12-02,1011.1670532226562,31168404.0,41.8953742980957,38672952.0,0.10124311894178391,20,0.06986953253331392,46,-0.04230763824387751,-0.037681141399439566,-0.018719224375319587,0.017566736830964158,0.29323314981072324,-0.02024752219710324,-0.03222228148217132,-0.2067395972828695,0.01163891449561999,0.0
2024-12-03,1030.7066650390625,43414538.0,42.083248138427734,50530088.0,0.10124311894178391,20,0.06986953253331392,46,0.0048543916037233625,0.009756081803173666,0.035000039046088505,0.01843254023105645,0.5864662996214465,-0.0066815924321774744,-0.011086514232048317,-0.18909097379779305,0.012457121955107805,0.1024388349914601
2024-12-04,1045.3612060546875,33466290.0,41.75447463989258,51615273.0,0.10124311894178391,20,0.06986953253331392,46,0.04455466489579374,0.014423264644656042,0.10240346322539295,0.017277728672836112,0.7033913739575348,-0.013215923260361251,-0.00884957103851891,-0.16728624002167858,0.01224531582255755,0.12315271330142445
2024-12-05,1050.24609375,31425359.0,40.956016540527344,57277792.0,0.10124311894178391,20,0.06986953253331392,46,0.0700001405659183,0.043902520489252916,0.10082309790290056,0.01725202731040776,0.823010141207314,0.00112609347545356,-0.010022252981414681,-0.17225326088740245,0.012251110569293209,0.09625692372039571
2024-12-06,1040.4764404296875,30765288.0,40.862083435058594,43696126.0,0.10124311894178391,20,0.06986953253331392,46,0.06965194602915026,0.06435661447243213,0.1003071827982236,0.017250375379599857,0.8404273207185018,-0.006833792635118741,-0.01801813584883638,-0.17110266218406534,0.012209289262587337,0.005347437968286288
2024-12-09,1050.24609375,22247131.0,41.37873077392578,33159157.0,0.10124311894178391,20,0.06986953253331392,46,0.06927729112868519,0.02403869431321959,0.05970177459000747,0.01683158842563865,0.7340450914543167,-0.0011480724374774987,-0.021372349012419023,-0.17769376254032843,0.01211007071035403,0.0
2024-12-10,1040.4764404296875,28506584.0,41.049957275390625,32858676.0,0.10124311894178391,20,0.06986953253331392,46,0.038647462259372656,0.0436894637793932,0.06435661447243213,0.016867443854862503,0.8404273207185018,-0.012331755780336962,-0.01893095244641707,-0.16254746731119118,0.012396031989164252,0.060439619286984214
2024-12-11,1020.936767578125,25264194.0,40.39240264892578,44150960.0,0.10124311894178391,20,0.06986953253331392,46,0.00947871564433389,0.05445570153930346,0.04411785242232735,0.016897844440906955,0.7340450914543167,-0.02455349595730405,-0.037444922099320044,-0.1579961105539135,0.01232671904442637,0.02197828679142896
2024-12-12,1039.5703125,22791260.0,39.922725677490234,71174029.0,0.10124311894178391,20,0.06986953253331392,46,-0.023364592386915795,0.04500002342765308,0.0,0.016758941506898526,0.5212766452372708,-0.032620982606387794,-0.0315316234066102,-0.16988419440212965,0.012459640070554265,0.0
2024-12-13,1044.4739990234375,20423659.0,38.9364013671875,115254375.0,0.10124311894178391,20,0.06986953253331392,46,-0.010165028285781252,0.05877890374182293,0.018251419200111307,0.01699036303123983,0.7241782204407592,-0.025229281319745334,-0.03189066227799198,-0.19047617205913314,0.012181442175684658,0.0
2024-12-16,1064.0885009765625,39722392.0,38.9364013671875,85569382.0,0.10124311894178391,20,0.06986953253331392,46,0.003842046238066832,0.07338550392251642,-0.000848708586191349,0.01660047965686031,0.7775747010396569,-0.047126379909911975,-0.04822034784953688,-0.2119770875310112,0.012504189975022386,0.0
2024-12-17,1054.28125,37880707.0,39.96969223022461,102163693.0,0.10124311894178391,20,0.06986953253331392,46,0.013180155878644406,0.05233699771490974,0.04226680316431586,0.016419460887193957,0.9911579649761304,-0.05902378736752556,-0.07062767621681565,-0.19825917523847536,0.012397633684350732,0.0
2024-12-18,1064.0885009765625,41863190.0,41.049957275390625,88411619.0,0.10124311894178391,20,0.06986953253331392,46,0.01326777717774319,0.022872254309177276,0.042638055344006665,0.01641395025559707,0.8843663330078936,-0.026315862838026227,-0.050223212363523784,-0.1769826463436388,0.013310337097308446,0.1164017730717415
2024-12-19,1049.3775634765625,42702851.0,40.39240264892578,65229584.0,0.10124311894178391,20,0.06986953253331392,46,0.04226680316431586,0.017914664149967896,0.003842047986733599,0.014692294780974837,0.9911579649761304,0.016279165965442433,-0.01687285903075042,-0.13465342712947148,0.013838437229698883,0.23809525855863792
2024-12-20,1015.0521240234375,52030520.0,39.78181838989258,67542850.0,0.10124311894178391,20,0.06986953253331392,46,0.009433946755345035,-0.0008269778660507932,-0.01003598717129317,0.014850809257843812,0.830969852408996,0.011764651923562575,-0.013761443109191251,-0.15520633950320162,0.01385612839521252,0.1675671760065151
2024-12-23,1059.1849365234375,30728473.0,40.29846954345703,35330418.0,0.10124311894178391,20,0.06986953253331392,46,-0.028169083220366264,-0.024435263902516158,-0.03351021245020702,0.015623650302901011,0.4571984759053881,0.021712767308216918,-0.02643685672275775,-0.16469432376145288,0.013963533386865661,0.102856503711487
2024-12-24,1059.1849365234375,26461906.0,41.331764221191406,133324087.0,0.10124311894178391,20,0.06986953253331392,46,-0.0046082299062764065,0.008511188783878687,0.022782639138145377,0.01689616123924901,0.9377628136067913,0.03498187116535556,-0.026106678727552013,-0.14541832185882642,0.014180210552722986,0.17159749095054375
2024-12-25,1064.0885009765625,15481622.0,41.37873077392578,52528974.0,0.10124311894178391,20,0.06986953253331392,46,0.004651212874588806,0.01798070130835816,0.022782639138145377,0.01689616123924901,0.9377628136067913,0.03407762019085081,0.006864975374035964,-0.118236465443745,0.014875185375581667,0.3053892128201898
2024-12-26,1064.0885009765625,14374900.0,41.049957275390625,26686974.0,0.10124311894178391,20,0.06986953253331392,46,0.0,0.04226680316431586,0.022693508117419547,0.016895655758834633,0.9911579649761304,0.008009106960319645,0.024418654507204263,-0.11546184829016004,0.0148876026443914,0.3333331597879345
2024-12-27,1068.991943359375,24948385.0,40.956016540527344,22648295.0,0.10124311894178391,20,0.06986953253331392,46,0.01401872692156969,0.02358492560027048,0.03730348144089879,0.01673460955867166,0.9911579649761304,0.016279165965442433,0.028235336610194395,-0.11269030962333992,0.01485343492448872,0.3237410870641112
2024-12-30,1068.991943359375,23954634.0,40.4863395690918,25586120.0,0.10124311894178391,20,0.06986953253331392,46,0.05313995021470652,0.02347396331441587,0.05210370112465945,0.01665958009563753,1.0,0.029515949701612865,0.05186958995758184,-0.0991736195941707,0.014674960148068215,0.32089486651857285
2024-12-31,1054.28125,28397820.0,40.43937301635742,43445308.0,0.10124311894178391,20,0.06986953253331392,46,0.00925901275383234,0.004608115188081019,0.062318284056210205,0.0165711229152809,1.0,0.004661964282096864,0.03980691968134642,-0.10488058370560216,0.01473624460566482,0.289473271739688
2025-01-02,1044.4739990234375,43177098.0,41.049957275390625,65305876.0,0.10124311894178391,20,0.06986953253331392,46,-0.0046296792508520035,0.0,0.05281011750304465,0.016711790359780865,0.8466467090633182,-0.02159092943766583,0.011750923260240853,-0.0761802320778282,0.013970816712301548,0.28070159189745286
2025-01-03,1054.28125,30415096.0,40.4863395690918,42345224.0,0.10124311894178391,20,0.06986953253331392,46,-0.01843314906149618,-0.01843314906149618,0.02797309832634043,0.016656182948683877,0.7444099092363831,-0.007945470834555657,0.0,-0.049999964687295395,0.014095702705963558,0.3947369920946589
2025-01-06,1103.317626953125,69289786.0,40.768150329589844,30917178.0,0.10124311894178391,20,0.06986953253331392,46,-0.00921657453074809,0.004672947749322587,0.027743096593194405,0.016653300408891365,0.8466467090633182,-0.013730043676238313,0.0023256086294860534,-0.049614110187890414,0.014086823566454127,0.289473271739688
2025-01-07,1108.2210693359375,48758688.0,39.78181838989258,58823388.0,0.10124311894178391,20,0.06986953253331392,46,0.0321103295557863,0.086956621084465,0.06539856770119634,0.018046357324866136,1.0,-0.004587023514642796,0.024793535831631575,-0.05343498874710706,0.014015168353464627,0.3421054881419884
2025-01-08,1083.7030029296875,45211419.0,40.110595703125,37912494.0,0.10124311894178391,20,0.06986953253331392,46,0.036697307421496905,0.04629610101277626,0.06510923868518681,0.01804528166052989,1.0,-0.01740145408791327,-0.01282061476323082,-0.10180282556763887,0.013652311107300138,0.17307582673752522
2025-01-09,1078.79931640625,27263215.0,39.077301025390625,46690991.0,0.10124311894178391,20,0.06986953253331392,46,0.027906929891513776,0.02314805050638813,0.01765656980179786,0.018072545371804666,0.81859424357443,-0.008130128849906604,-0.029545521249254914,-0.0846731675120691,0.013688257304917685,0.24509757862944806
2025-01-10,1078.79931640625,22021522.0,38.795494079589844,40822034.0,0.10124311894178391,20,0.06986953253331392,46,0.03286373563622069,0.013824804437024385,0.017719967985812435,0.018072115899193525,0.782312550380578,-0.048055013474584185,-0.0556186646011233,-0.1063372545092156,0.014170372357207419,0.032257163018493545
2025-01-13,1054.28125,56690300.0,38.41975402832031,48487516.0,0.10124311894178391,20,0.06986953253331392,46,0.02325571701692497,0.013824804437024385,0.051643999213663916,0.01731213276652533,0.782312550380578,-0.04176335790042085,-0.05491998884862004,-0.10412146167826752,0.01414544369802811,0.0
2025-01-14,1068.991943359375,28695247.0,39.68788528442383,37074886.0,0.10124311894178391,20,0.06986953253331392,46,-0.04444447886556635,-0.013761276173088532,0.042638055344006665,0.01754544535014166,0.600906793955008,-0.05760370000316273,-0.06192649399136063,-0.10698682173745655,0.014175773215194941,0.0
2025-01-15,1044.4739990234375,35489482.0,38.9364013671875,35977056.0,0.10124311894178391,20,0.06986953253331392,46,-0.03539828565077652,0.0,0.05718628781705948,0.017655025410813565,0.7097491639928739,-0.002361206934990534,-0.01972157258883256,-0.061111145704482395,0.014999585641194108,0.2999994585384871
2025-01-16,1083.7030029296875,47542962.0,39.03033447265625,37293479.0,0.10124311894178391,20,0.06986953253331392,46,-0.036199035898394794,-0.009302309963837962,0.03293911297310359,0.01805202836782527,0.528344310748534,-0.02927391915662869,-0.03716604727185013,-0.07888885971013226,0.015239401040476401,0.12222230243874266
2025-01-17,1098.413818359375,59214050.0,38.701560974121094,44131855.0,0.10124311894178391,20,0.06986953253331392,46,0.004545503921686622,0.037558621797123104,0.0821908156412785,0.01882999705404795,0.81859424357443,-0.0012018883469935293,-0.04919914506086798,-0.0787139448996893,0.015240667103761596,0.14444388292880142
2025-01-20,1098.413818359375,29834528.0,40.15756607055664,47283878.0,0.10124311894178391,20,0.06986953253331392,46,0.018181789379016156,0.041860336944600895,0.08106076087971203,0.018813434831379365,0.927437516793526,-0.0024212375095944427,-0.04408347640134014,-0.08849553069664351,0.015260056461232996,0.06666654634188601
2025-01-21,1098.413818359375,21904213.0,40.345436096191406,42221204.0,0.10124311894178391,20,0.06986953253331392,46,0.041860336944600895,-0.0044446027816053,0.09688110376040715,0.01863661640044757,0.927437516793526,0.04523225320379032,-0.014976991943390527,-0.04788415787424882,0.016422292077908032,0.4111109707322004
2025-01-22,1113.124755859375,42960405.0,37.762203216552734,147906733.0,0.10124311894178391,20,0.06986953253331392,46,0.0275230091141192,-0.008849543875247834,0.11317149376326485,0.018446743094071755,0.927437516793526,0.01656804858851091,0.014167721062293914,-0.03265771688206376,0.016366289826812045,0.4555550341481727
2025-02-03,1049.3775634765625,97946226.0,38.044010162353516,112180567.0,0.10124311894178391,20,0.06986953253331392,46,0.06572758814496549,0.027149276923796206,0.0955392907572381,0.018031874261525832,1.0,-0.030156822649365034,-0.05854793341773534,-0.09561302010792383,0.019059137466263074,0.0
2025-02-04,1073.895751953125,53308108.0,37.66826248168945,58040732.0,0.10124311894178391,20,0.06986953253331392,46,-0.03167421273202109,-0.027272684068524122,0.04282635569381732,0.020173963514471288,0.5448567744364605,-0.025270711194999684,-0.0264422269686877,-0.09799551322589006,0.01902151757672686,0.05769220256387228
2025-02-05,1088.6065673828125,40385340.0,37.66826248168945,33884048.0,0.10124311894178391,20,0.06986953253331392,46,-0.02232133827565186,-0.0045453907678213445,0.08832401629216236,0.02018774828758253,0.7199121293638443,-0.026699142526126707,-0.029055735070362743,-0.1167401933160519,0.0189363326661428,0.0
2025-02-06,1093.51025390625,29971252.0,37.66826248168945,32609083.0,0.10124311894178391,20,0.06986953253331392,46,-0.008928557536913462,0.032558026980763044,0.11426478558231001,0.0201706802656375,0.8249446450726161,-0.06198840797506233,-0.019560030136499873,-0.09684696570765494,0.018693620001095937,0.0
2025-02-07,1103.317626953125,27883220.0,37.715232849121094,23131801.0,0.10124311894178391,20,0.06986953253331392,46,-0.004464223201824935,0.02293591705642295,0.11371551682445902,0.020169494093682863,0.8599560646819222,-0.06635629388461806,-0.050887639597340995,-0.08656044833009857,0.01864191634295947,0.0
2025-02-10,1083.7030029296875,28527108.0,37.762203216552734,30946715.0,0.10124311894178391,20,0.06986953253331392,46,-0.008810449012679245,0.05633804956820865,0.1338579496482999,0.02010495432854988,0.9038117900597136,-0.0012438460532158135,-0.03136315825775082,-0.07807116370643885,0.018623933074973075,0.010638849383339007
2025-02-11,1088.6065673828125,18898928.0,37.9500732421875,29858425.0,0.10124311894178391,20,0.06986953253331392,46,0.032710285266063455,0.0,0.07173488245671611,0.019532212668033653,0.7000003734078821,-0.007407393295243203,-0.03249091439357099,-0.09865459256037334,0.018178027040451038,0.021277698766678014
2025-02-12,1078.79931640625,24172954.0,37.66826248168945,27984906.0,0.10124311894178391,20,0.06986953253331392,46,0.013698550723319824,-0.008928557536913462,0.05617495676284934,0.019341624395982967,0.7499996888267649,0.007481384644036471,-0.019417504436994082,-0.09821425576858178,0.01818265602806381,0.06896625764580237
2025-02-13,1068.991943359375,33210403.0,38.88943099975586,63852185.0,0.10124311894178391,20,0.06986953253331392,46,-0.009008994865923659,-0.017857115073826924,0.031987135315420634,0.019300696549168734,0.6499998132960589,0.0,-0.06198840797506233,-0.09786285645896076,0.018179892596737815,0.0
2025-02-14,1039.5703125,64486940.0,38.88943099975586,28541805.0,0.10124311894178391,20,0.06986953253331392,46,-0.022421655818306574,-0.026785783744004088,0.017849006743211326,0.019352412597719294,0.5499986930724124,0.03241902964491694,-0.03608847089827327,-0.05045865578080644,0.018746457113100353,0.32911439254757746
2025-02-17,1064.0885009765625,35491271.0,39.45304489135742,32974664.0,0.10124311894178391,20,0.06986953253331392,46,-0.05777784465310032,-0.06607924491140094,-0.0008708778925482497,0.019779419292172817,0.2500003111732351,0.031133260010142827,0.029850688974339734,-0.048275865288118225,0.018746114785550785,0.32911439254757746
2025-02-18,1078.79931640625,21616188.0,39.40607833862305,35961690.0,0.10124311894178391,20,0.06986953253331392,46,-0.018099517949197397,0.01401872692156969,0.013180155878644406,0.020060084381786,0.5000006223464702,0.04477603346150949,0.037036966476216016,-0.04653806065462507,0.01878108812423554,0.48101271028306414
2025-02-19,1068.991943359375,26400293.0,39.96969223022461,54652494.0,0.10124311894178391,20,0.06986953253331392,46,-0.009008994865923659,0.004566145684259171,0.036832045866157515,0.020101584900405763,0.6499998132960589,0.038366331657483155,0.04613474958603003,-0.040045813586097934,0.018748710220523053,0.46835485983527936
2025-02-20,1059.1849365234375,29643124.0,40.39240264892578,40006471.0,0.10124311894178391,20,0.06986953253331392,46,-0.009091007843373355,-0.01801810186630992,0.04706968865000993,0.019923168538255005,0.5499986930724124,0.061097316332386686,0.061097316332386686,-0.010465097171247661,0.018732178114776968,0.620253177570766
2025-02-21,1073.895751953125,28972910.0,40.956016540527344,34296687.0,0.10124311894178391,20,0.06986953253331392,46,-0.009174069923406858,-0.03139002790343781,0.01886801093450563,0.019802765336281385,0.4500013069275875,0.038647303664056,0.07231924139215429,0.011764651923562575,0.018711570328074724,0.7341769158723811
2025-02-24,1054.28125,30822970.0,40.90904998779297,30194703.0,0.10124311894178391,20,0.06986953253331392,46,0.033018872355615736,-0.026666731575068048,0.028168966347842384,0.01989919290786375,0.6000004978771762,0.053140030276721095,0.08592771266641597,0.05186958995758184,0.018392021853808473,0.8860752336078678
2025-02-25,1034.666748046875,45158522.0,40.67420959472656,35619504.0,0.10124311894178391,20,0.06986953253331392,46,-0.00921657453074809,-0.027149276923796095,-0.00921657453074809,0.019906320678988773,0.4000007468157643,0.03690475856667019,0.08333324073264992,0.050663352321713484,0.018394958036736676,0.873417383160083
2025-02-26,1039.5703125,36768449.0,40.956016540527344,35139939.0,0.10124311894178391,20,0.06986953253331392,46,-0.040908969525853656,-0.04954941569534865,-0.018604619927675814,0.020064111774590616,0.20000099575435237,0.03218110782824546,0.07178211054177241,0.017626289450615396,0.017986441956172248,0.8101260747401244
2025-02-27,1019.9556274414062,55283596.0,41.049957275390625,69299467.0,0.10124311894178391,20,0.06986953253331392,46,-0.027522780730148133,-0.0363635787580322,-0.023041493685967862,0.02002343740005008,0.2500003111732351,0.024676805230861687,0.08728180813851094,-0.0022884490289006854,0.01752701270057732,0.8860752336078678
2025-03-03,1000.3411865234375,65621663.0,40.956016540527344,53120564.0,0.10124311894178391,20,0.06986953253331392,46,-0.03703726113287975,-0.04587154863288212,-0.028037512006338416,0.020121042199995217,0.0499986930724125,0.016279165965442433,0.055555615499962574,0.016279165965442433,0.017343154874740016,0.9113929906844718
2025-03-04,980.7266235351562,64569262.0,40.956016540527344,44284021.0,0.10124311894178391,20,0.06986953253331392,46,-0.06849320829876804,-0.03773590444519592,-0.014492790224101215,0.019697438887252578,0.0,0.0,0.053140030276721095,0.029515949701612865,0.0171729598903288,0.8860752336078678
2025-03-05,1000.3411865234375,41994320.0,41.331764221191406,46383229.0,0.10124311894178391,20,0.06986953253331392,46,-0.06976755629946352,-0.07834111294774937,-0.07407423414253322,0.018667144591896976,0.0,0.0011480724374774987,0.03809520034026992,0.01631692231788673,0.017065457744921377,0.8860752336078678
2025-03-06,985.6301879882812,45187017.0,41.331764221191406,30376684.0,0.10124311894178391,20,0.06986953253331392,46,-0.03317547566714918,-0.07272727066992968,-0.055555690013061154,0.018963273253418324,0.14814833596178517,0.01616637749120753,0.04886773725668969,0.0,0.016658768121367365,0.9873421495522152
2025-03-07,985.6301879882812,40822280.0,41.4726676940918,31779134.0,0.10124311894178391,20,0.06986953253331392,46,-0.051886942002029035,-0.07798164980469746,-0.07373288304147307,0.019053188544180512,0.037036507744059935,0.009174419594548455,0.03407762019085081,-0.0011350409221341229,0.016658028171467013,1.0
2025-03-10,978.7651977539062,46849886.0,42.31808853149414,58815717.0,0.10124311894178391,20,0.06986953253331392,46,-0.03365385564784962,-0.06944467014097178,-0.07373288304147307,0.019053188544180512,0.037036507744059935,0.010297463061053724,0.026744263136690316,0.010297463061053724,0.016616192668105125,1.0
2025-03-11,952.2855834960938,50204233.0,42.13021469116211,68052418.0,0.10124311894178391,20,0.06986953253331392,46,-0.02156862984369956,-0.08858453348586404,-0.0844035786854721,0.019044244589157294,0.0,0.033256945035633034,0.033256945035633034,0.033256945035633034,0.0168933825160359,1.0
2025-03-12,968.9578857421875,34184887.0,42.083248138427734,43316994.0,0.10124311894178391,20,0.06986953253331392,46,-0.02899996732682053,-0.09674426677312742,-0.10917421837298802,0.019431325451569104,0.0,0.028669735238358918,0.02985072260865329,0.04060320442812482,0.016802243200328946,0.9595955121073997
2025-03-13,946.4011840820312,37035693.0,41.049957275390625,57573005.0,0.10124311894178391,20,0.06986953253331392,46,-0.03137259687399141,-0.06350727171693216,-0.08093036299167089,0.019590219164308073,0.1036582195812141,0.01818175273657996,0.034642063305978965,0.04065036125573407,0.016802096978782495,0.9494948003320962
2025-03-14,940.516845703125,34333748.0,42.17718505859375,68441495.0,0.10124311894178391,20,0.06986953253331392,46,-0.03980093587263012,-0.08962272902340962,-0.09389684667411768,0.01983758809304268,0.0,-0.006818168813038317,0.0022936980399528295,0.0,0.017106921784088628,0.7272733985055672
2025-03-17,951.3048095703125,31491061.0,41.425697326660156,44201092.0,0.10124311894178391,20,0.06986953253331392,46,-0.045771063868523254,-0.07788454674009315,-0.10790707346533479,0.019762145064628023,0.0,0.016987510176547316,0.027459901496143413,0.04176335790042085,0.01746896825627519,0.9696970442783963
2025-03-18,956.7239990234375,21575327.0,41.80144119262695,42180476.0,0.10124311894178391,20,0.06986953253331392,46,-0.02805615508868775,-0.04901965210844206,-0.13777792873898387,0.018329207782986353,0.06249982319710552,-0.02108770116518488,0.011467931351869742,0.01612893868753873,0.0176841573422684,0.8080807334993815
2025-03-19,938.0033569335938,35245036.0,41.61356735229492,37314811.0,0.10124311894178391,20,0.06986953253331392,46,0.004660803024077342,-0.02447432743815825,-0.1367029327490401,0.018343223229031154,0.09389577398649508,-0.007803746098738129,0.02064225780510265,0.0507674833498184,0.01729013129901028,0.8888888888888888
2025-03-20,970.5181884765625,28715956.0,42.412025451660156,43291329.0,0.10124311894178391,20,0.06986953253331392,46,-0.03194620660410197,-0.06231656801664964,-0.13444610340859875,0.01828347972067377,0.0,-0.011160754145874252,0.006818076518471772,0.03747068879988791,0.017277351795520677,0.8484844009962885
2025-03-21,957.7093505859375,39214916.0,42.271121978759766,39145180.0,0.10124311894178391,20,0.06986953253331392,46,0.025482855262827897,-0.015332322097969642,-0.10037189149359027,0.01919498971147404,0.18567023643266442,0.033180745283895474,0.026136344548169266,0.08533661073733789,0.01696711430522647,1.0
2025-03-24,957.7093505859375,16121506.0,42.13021469116211,36059208.0,0.10124311894178391,20,0.06986953253331392,46,0.018279847895716905,-0.028327904058348174,-0.1122451265761768,0.01926374821773319,0.1125276166888971,0.0022271974773924175,0.019252542193752165,0.08958844272068278,0.01692565365790576,0.9702971093217879
2025-03-25,975.4447021484375,26167428.0,42.13021469116211,36461286.0,0.10124311894178391,20,0.06986953253331392,46,0.006732375313563077,-0.02151266434103727,-0.09159975045943625,0.019003428620342693,0.1125276166888971,0.01700677139956186,-0.004439563478681463,0.09657689791836543,0.0168451808459359,0.9405934144935182
2025-03-26,965.5916748046875,21735917.0,41.84840774536133,28156495.0,0.10124311894178391,20,0.06986953253331392,46,0.019567506557909065,0.024319509875724954,-0.08750977197915955,0.019110289507362602,0.21380222773752444,0.007865123525768514,0.0,0.06153841126165549,0.01613438068808252,0.9405934144935182
2025-03-27,943.9151611328125,34563256.0,42.083248138427734,43278476.0,0.10124311894178391,20,0.06986953253331392,46,0.02941174748167441,-0.003474052884064771,-0.07552349248760948,0.018868419259669235,0.1575382451278044,0.005643361240296407,-0.005580377072937126,0.07478879084670198,0.01586351200370242,0.8811876331370939
2025-03-28,938.0033569335938,33101234.0,41.84840774536133,37954776.0,0.10124311894178391,20,0.06986953253331392,46,-0.027411157935647967,-0.0026268172430807812,-0.12899091487148406,0.0180791343464405,0.033758319859723426,-0.007751983304998045,0.025171545395409334,0.07821899830016288,0.01587399008285196,0.9306927189841333
2025-03-31,896.620849609375,51064611.0,41.94234848022461,61875919.0,0.10124311894178391,20,0.06986953253331392,46,-0.020576173387351182,-0.0026724548114310798,-0.14603827696320804,0.01789043832121691,0.0,-0.010000071292426083,-0.007795145948589877,0.08131059037500998,0.015834821628939316,0.8811876331370939
2025-04-01,930.1209106445312,32197752.0,43.16351318359375,143290199.0,0.10124311894178391,20,0.06986953253331392,46,-0.06378605465132803,-0.05748311099744918,-0.18371306458198444,0.018938705230500674,0.0,-0.004459180004532715,0.012471755140062601,0.04444448666366174,0.014800183936567752,0.9009906324559788
2025-04-02,928.150390625,24849656.0,42.505958557128906,50515462.0,0.10124311894178391,20,0.06986953253331392,46,-0.04646474721127669,-0.027806439899136004,-0.153214485198494,0.0200094256504053,0.15473190121786198,0.024526304933556453,0.03258433087725798,0.06984872045213475,0.01541025623560128,1.0
2025-04-07,835.5324096679688,23820773.0,38.278846740722656,13988062.0,0.10124311894178391,20,0.06986953253331392,46,-0.038775483630035246,-0.010504190881367226,-0.1661757716380745,0.019827521726771352,0.15254007063298017,0.015712684118560416,0.021444717711392558,0.12562178412558267,0.011732642675237662,0.8803412870249981
2025-04-08,804.0029296875,116648736.0,39.17123794555664,120858432.0,0.10124311894178391,20,0.06986953253331392,46,-0.1148225560173981,-0.1390862947354784,-0.20378285304683852,0.023375227784722754,0.0,-0.09040180038363388,-0.09745299044131628,0.006172760898942364,0.01964526620712651,0.11111126537350048
2025-04-09,773.4586791992188,107582838.0,37.48039627075195,84824195.0,0.10124311894178391,20,0.06986953253331392,46,-0.14285708708351708,-0.16049380827742588,-0.2513212495484438,0.023459320836954345,0.0,-0.06397303849873326,-0.07333337484537894,0.03990031301809549,0.01989016128091281,0.27350443963300053
2025-04-10,850.3118896484375,19416428.0,41.19085693359375,49531081.0,0.10124311894178391,20,0.06986953253331392,46,-0.137362599212157,-0.1923868356030899,-0.28949658914998155,0.023723250724524,0.0,-0.10638298452878525,-0.11036778365588473,-0.004987387220974693,0.021032529491331005,0.0
2025-04-11,875.9296264648438,76103586.0,41.425697326660156,69373050.0,0.10124311894178391,20,0.06986953253331392,46,-0.08580499597712488,-0.12828283574085986,-0.22240153980180477,0.028880326929200277,0.23298810286194105,-0.04570193908010711,-0.022296533840484134,0.0935162447064457,0.02598468358066562,0.6528918408237375
2025-04-14,852.2824096679688,66326054.0,41.61356735229492,56357316.0,0.10124311894178391,20,0.06986953253331392,46,-0.05626325721308134,-0.09285710583407825,-0.20609477718236613,0.02932118864967473,0.32515194011368126,-0.02541434817937005,-0.010100991685831229,0.09838105712836742,0.02598869183048058,0.6942143046526535
2025-04-15,864.1060791015625,30562095.0,41.989315032958984,31216544.0,0.10124311894178391,20,0.06986953253331392,46,0.020047097881764175,-0.09707731715514911,-0.21354614007352135,0.029452925728149993,0.25011663864563216,0.0871165381276926,-0.011160754145874252,0.10198992134161222,0.025989564630018825,0.7272718729758121
2025-04-16,842.4295043945312,42128082.0,42.224151611328125,35850779.0,0.10124311894178391,20,0.06986953253331392,46,0.07475488856417889,-0.07878146414486964,-0.20622738738476076,0.029563936008995814,0.29687302918963177,0.07194250769707966,0.0033670883837455534,0.10643567839761725,0.02600594816759081,0.7933883520887102
2025-04-17,834.5470581054688,33684502.0,41.425697326660156,20580050.0,0.10124311894178391,20,0.06986953253331392,46,0.08917195843832237,-0.06043953276176095,-0.21910452520411827,0.029720015586588024,0.22588157877114784,0.1265663069917431,0.006718820984389584,0.12094768458867167,0.025959329059021177,0.8347101446843358
2025-04-18,837.5029907226562,20101219.0,41.61356735229492,16088207.0,0.10124311894178391,20,0.06986953253331392,46,-0.018540057753969275,-0.10275422415009916,-0.2193139870794052,0.029720840331589473,0.20006632417168246,0.005701274762139663,-0.04026122362982565,0.06521736784784071,0.025750516953573548,0.6942143046526535
2025-04-21,822.7235107421875,18415705.0,41.002986907958984,14669270.0,0.10124311894178391,20,0.06986953253331392,46,-0.043869546800549775,-0.0976645604181704,-0.19437581022432648,0.02954404976119945,0.20974709461948654,0.004535108344787098,-0.020994496657088524,0.07004824402177978,0.025752159824607358,0.7272718729758121
2025-04-22,804.0029296875,28888527.0,41.61356735229492,27738319.0,0.10124311894178391,20,0.06986953253331392,46,-0.034682047394708926,-0.015330223911806606,-0.22682792832820142,0.029264759286877662,0.16134384205652108,-0.014672629221302858,0.07116568024339864,0.03928573880342223,0.025798574695243975,0.619834272500579
2025-04-23,860.1648559570312,37863656.0,42.365055084228516,33676880.0,0.10124311894178391,20,0.06986953253331392,46,-0.06955529056866905,0.0,-0.25472428702881034,0.02921414590979594,0.10166605009262832,-0.008948649921274643,0.06235006945996524,0.05601899774706198,0.025880760062643213,0.7272718729758121
2025-04-24,851.2971801757812,32238198.0,40.768150329589844,42017291.0,0.10124311894178391,20,0.06986953253331392,46,0.021052623952489302,0.11210188609892069,-0.19534954280954764,0.031497620799522265,0.28860012502130583,0.0033370350267165616,0.13032569821809314,0.05992947957183814,0.025932064627471857,0.8595034887350274
2025-04-25,874.9443359375,34640282.0,41.94234848022461,54399065.0,0.10124311894178391,20,0.06986953253331392,46,0.020070913806031987,0.001158740150924098,-0.19627144342706215,0.031502058577994624,0.25908420776127555,-0.015872925249399206,-0.010262146395385141,0.009302434517943992,0.026591130106694588,0.5785124799049534
2025-04-28,883.81201171875,21830091.0,42.17718505859375,22973317.0,0.10124311894178391,20,0.06986953253331392,46,0.044705924193221946,-0.0011248512409841593,-0.18526138654872815,0.0317737491779877,0.3613871080550585,0.007900815739882772,0.012471755140062601,0.02408271172371612,0.026870672788849866,0.7851241278162432
2025-04-29,888.7384643554688,24362874.0,42.224151611328125,27807473.0,0.10124311894178391,20,0.06986953253331392,46,0.07425155617766888,0.036994312792475004,-0.1616923740996532,0.03177315654073613,0.41468811848146764,0.028636893045634215,0.013544085310622789,0.030998888294379467,0.026878170043558074,0.8264459204118687
2025-04-30,894.6502685546875,35405654.0,42.45899200439453,30303702.0,0.10124311894178391,20,0.06986953253331392,46,0.10539207201757805,0.028506205256092265,-0.14103892288688402,0.031715500997020224,0.4332008478034153,0.01467272089085947,0.005592769926940022,0.038106260257913194,0.026856535906685616,0.8347101446843358
2025-05-02,936.0327758789062,43873135.0,42.88170623779297,31142562.0,0.10124311894178391,20,0.06986953253331392,46,0.040091631689936014,0.06198828968803527,-0.13940379231954303,0.03172843723067173,0.491655536588615,0.0022173208551070633,0.0055617551591824466,0.03669730581293096,0.02685030926604699,0.8760326085132518
2025-05-05,924.2091674804688,52770209.0,42.31808853149414,35331097.0,0.10124311894178391,20,0.06986953253331392,46,0.09953703321985419,0.12160574624015008,-0.08228088487831908,0.032519404335715124,0.716556329516257,0.05184331128874131,0.035147481034574435,0.0446224328593996,0.026883843300799345,0.9504133118986169
2025-05-06,906.4738159179688,37538894.0,42.64686584472656,43359102.0,0.10124311894178391,20,0.06986953253331392,46,0.05630624660274153,0.10352939358819047,-0.07610605268344117,0.03244764774863943,0.664442975613916,0.008958488613165949,0.016930083720889222,0.033256945035633034,0.02697215223826461,0.8512392644625603
2025-05-07,914.356201171875,36907620.0,42.97563934326172,31781212.0,0.10124311894178391,20,0.06986953253331392,46,0.025640977830962308,0.10179641651449733,-0.07571203415436367,0.03244197966168468,0.5862732137769847,0.011135896942394696,0.04009168747773573,0.041284515610205075,0.026990802838716185,0.9090908480697009
2025-05-08,904.5032348632812,27985917.0,42.55292892456055,20575779.0,0.10124311894178391,20,0.06986953253331392,46,0.028824831875578605,0.1372548126500821,-0.08595565843928987,0.032307052273926044,0.6640737145944242,0.017797580371798016,0.03273144019198537,0.0397726821742459,0.026981350458262315,0.966941760443551
2025-05-09,935.0474853515625,36383573.0,42.78776550292969,16829589.0,0.10124311894178391,20,0.06986953253331392,46,0.01101320443854692,0.05154637346455937,-0.08230972844955575,0.03227392932767826,0.6176350274925221,0.0022124152206979275,0.004434641710213905,0.02954542895468837,0.027035423068249905,0.8925617282914764
2025-05-12,942.9298706054688,23402547.0,43.6331901550293,33950716.0,0.10124311894178391,20,0.06986953253331392,46,-0.0010526239601157394,0.09837963419365248,-0.05132016374210335,0.03273054240866151,0.787061254995181,-0.0021906948931170733,0.0495390435183416,0.031709988335890005,0.027041867286961,0.9338835208871019
2025-05-13,954.7534790039062,38047856.0,43.72712326049805,31348875.0,0.10124311894178391,20,0.06986953253331392,46,0.020255915850775796,0.07770269704657551,-0.036612792558085694,0.032745239509405576,0.8390243489711994,0.031076583777086775,0.04031347161215604,0.031076583777086775,0.027031142903619253,1.0
2025-05-14,984.3123168945312,40475123.0,44.149837493896484,27429275.0,0.10124311894178391,20,0.06986953253331392,46,0.05326095717066637,0.08026759802369776,0.00259154979407783,0.03252736975439823,0.8975611141681163,0.02533028850712271,0.036748260931853904,0.037904116583363345,0.027017401448589135,1.0
2025-05-15,978.4005737304688,24662270.0,44.61951446533203,41621426.0,0.10124311894178391,20,0.06986953253331392,46,0.07650860313846808,0.10753878263654837,0.015846334890584846,0.03276351736950058,1.0,0.027322412617437175,0.045606265823745495,0.04910717320751856,0.027045644254847533,1.0
2025-05-16,983.3270263671875,16878650.0,44.90132141113281,28845625.0,0.10124311894178391,20,0.06986953253331392,46,0.08169936382632992,0.09361234006119545,0.033811654282190684,0.03256041761119298,0.971962811603919,0.04856505986779913,0.05088492116614263,0.08695641668989862,0.026762405927641304,1.0
2025-05-19,969.5328979492188,19906139.0,44.85435485839844,36863531.0,0.10124311894178391,20,0.06986953253331392,46,0.05163325047334122,0.05052627611663851,0.04551771811387151,0.03254327057364075,0.9953271352673199,0.04939626744608594,0.047097360402135635,0.06458791284327337,0.026475669006096627,1.0
2025-05-20,963.6211547851562,20897857.0,44.94829177856445,28130117.0,0.10124311894178391,20,0.06986953253331392,46,0.02821315579563488,0.04904055495609194,0.019161143931501368,0.03259199967278939,0.9299067395428623,0.027987059828317173,0.059933385814832985,0.08276644095334795,0.026297899920993958,0.9936710650160305
2025-05-21,975.4447021484375,26248757.0,46.54520034790039,93231386.0,0.10124311894178391,20,0.06986953253331392,46,0.009287921936143917,0.0630435627192556,0.007209138444064234,0.0326010843031679,0.9018695511467811,0.02792702622560994,0.05396471436417327,0.07528091128333037,0.02627569729180241,1.0
2025-05-22,967.5623168945312,18747545.0,46.45126724243164,70843171.0,0.10124311894178391,20,0.06986953253331392,46,-0.009008944207942848,0.06681039719342308,0.03991600343227164,0.032488552168158456,0.9579442174058784,0.05425530398237721,0.08306010240190531,0.11851021936799899,0.02675323799981226,1.0
2025-05-23,969.5328979492188,22213030.0,45.13616180419922,71578900.0,0.10124311894178391,20,0.06986953253331392,46,-0.011077525020874779,0.06971681205847946,-0.0030456632519902938,0.0320896715817911,0.9205610100775019,0.041052727692113766,0.09161151573801685,0.09523812521935038,0.026640579051638302,0.989637602239463
2025-05-26,961.6505126953125,19329052.0,44.243770599365234,78899680.0,0.10124311894178391,20,0.06986953253331392,46,-0.014028017178506658,0.036880921170212355,0.012345653048127181,0.03201790551121983,0.9299067395428623,0.005230144362927014,0.05488476141874554,0.06777770949347084,0.027050077359874584,0.8445594045156218
2025-05-27,950.8121948242188,26355315.0,43.210479736328125,99624798.0,0.10124311894178391,20,0.06986953253331392,46,-0.008130085395327225,0.019853695034417473,0.004115196439257618,0.03204737085294052,0.8925235322144858,-0.013612597059098674,0.013993486200906569,0.050167223777440206,0.027246174333365698,0.7461136800146784
2025-05-28,952.7828369140625,26471533.0,44.19680404663086,98074934.0,0.10124311894178391,20,0.06986953253331392,46,-0.01329252673348924,-0.00412806474798022,-0.025252592248402372,0.031970635653352925,0.8411214412211336,-0.03866247133033607,-0.011815172955515374,0.02564109993468966,0.027515166027153502,0.6321243588729293
2025-05-29,952.7828369140625,48602590.0,43.91499710083008,149032843.0,0.10124311894178391,20,0.06986953253331392,46,-0.023232342319827848,-0.032031987651991445,-0.01326527374339248,0.03193301964913036,0.850467460153429,-0.0504541023288444,0.0010637989945232462,0.05611674201702077,0.027691008335958056,0.7409324811344099
2025-06-02,932.0916137695312,33676511.0,44.10287094116211,77681104.0,0.10124311894178391,20,0.06986953253331392,46,-0.01527496443630083,-0.02618328065643949,0.009394568650224588,0.031732285085230974,0.850467460153429,-0.05460066629322802,-0.015789444886257997,0.043526796134581325,0.027711241653158237,0.7098444462025583
2025-06-03,936.0327758789062,26020787.0,44.38467788696289,77951822.0,0.10124311894178391,20,0.06986953253331392,46,-0.03861785841293708,-0.05210414361022986,-0.006302475487282355,0.03190427529528407,0.7523367218332752,-0.022892749886876285,-0.017782337910722035,0.05387213796803714,0.027692488931834118,0.7305700833738729
2025-06-04,975.4447021484375,37233567.0,43.16351318359375,85197919.0,0.10124311894178391,20,0.06986953253331392,46,-0.026639341921219306,-0.0345528471918517,0.04395606714555167,0.03112354622668025,0.7710281807639958,0.003184793829477117,-0.010471156544738625,0.058230630740427225,0.027702129608735738,0.7616581183057244
2025-06-05,983.3270263671875,24414444.0,42.55292892456055,74581058.0,0.10124311894178391,20,0.06986953253331392,46,0.025906806263431115,0.012269912615105794,0.04872892436371412,0.03126513110858222,0.9579442174058784,-0.001086925047371956,-0.03970737316922579,0.0,0.027714600490147265,0.6269431599926608
2025-06-06,980.3711547851562,13670307.0,42.271121978759766,55682096.0,0.10124311894178391,20,0.06986953253331392,46,0.032057871185057873,0.008080749427813894,0.05944794755193983,0.031275079214976784,0.9953271352673199,-0.03719443424768687,-0.085771924784935,0.0011050301893207326,0.02770015511665169,0.5595854704235689
2025-06-09,990.2240600585938,21674308.0,42.88170623779297,39208994.0,0.10124311894178391,20,0.06986953253331392,46,0.028955515152276012,0.013238256251789648,0.17334904480215774,0.026857032537166984,0.9813085410692792,-0.03743311466686261,-0.08998990795784911,0.10429455372776308,0.022810631504708197,0.5284974354917173
2025-06-10,1029.635986328125,44877640.0,43.58622360229492,47063212.0,0.10124311894178391,20,0.06986953253331392,46,0.062367738782634685,0.021341371863854652,0.23161747736848937,0.026038772749161457,1.0,-0.027689007026284185,-0.049947879400691675,0.09472430504732676,0.022654859209019263,0.5958551250608092
2025-06-11,1049.3421630859375,37178498.0,44.38467788696289,56558714.0,0.10124311894178391,20,0.06986953253331392,46,0.0999999282731614,0.07069665407057601,0.33121007497664,0.02564858033375268,1.0,-0.017989412623460765,-0.014861911364302816,0.1629072245510832,0.021571645470809617,0.48780489415412776
2025-06-12,1034.0052490234375,25221606.0,44.431644439697266,32543331.0,0.10124311894178391,20,0.06986953253331392,46,0.0757577141735859,0.1036271608610726,0.23406737675959022,0.02121808534611161,1.0,0.02829159661251346,0.027173920720153122,0.07753713302245901,0.015676163458969918,0.6260163138470926
2025-06-13,1019.1629638671875,28393455.0,44.572547912597656,44771416.0,0.10124311894178391,20,0.06986953253331392,46,0.051537506137176115,0.08524756005517853,0.18046612168670406,0.021060511159616258,0.937486908025051,0.04415008702379519,0.005313515267272084,0.07256237811361088,0.01566507032575198,0.6341461643045947
2025-06-16,1014.215576171875,28580673.0,45.089195251464844,41131108.0,0.10124311894178391,20,0.06986953253331392,46,0.03956849290464115,0.06966973415277034,0.19580429245774522,0.02069128719183463,0.8769899179975909,0.05444440142833917,0.01497326323984094,0.07110614995471076,0.01566065280865255,0.6585363759963392
2025-06-17,1034.0052490234375,26517379.0,44.61951446533203,71150250.0,0.10124311894178391,20,0.06986953253331392,46,0.02422837121515875,0.08810717872486906,0.17371651548428635,0.02068553893399241,0.8568244205075184,0.05147857227113661,0.022364174695533867,0.0738254533581375,0.015694619233560442,0.747967372305815
2025-06-18,1043.89990234375,37931721.0,45.371002197265625,41498670.0,0.10124311894178391,20,0.06986953253331392,46,0.0042435023186147,0.1046677805192644,0.22740863612866336,0.020295704227317163,0.937486908025051,0.02370682242319111,0.005290937989168576,0.056729685798145635,0.015794795949451195,0.6666662264538413
2025-06-19,1024.1103515625,24002557.0,44.85435485839844,51252856.0,0.10124311894178391,20,0.06986953253331392,46,-0.005186354778867086,0.07017845301177861,0.2508580459363665,0.02017692885632644,0.9778174054479533,0.022222180204048536,0.05114247777474534,0.09523810400812271,0.01563408102665959,0.796747795689304
2025-06-20,1043.89990234375,57831332.0,44.76042175292969,65459193.0,0.10124311894178391,20,0.06986953253331392,46,-0.009569484749021084,0.04147483400917262,0.22281396354038785,0.020526872114656678,0.8971554154876633,0.009513724374412336,0.05408384315725834,0.07787814677524385,0.01577071133064466,0.7073167993798282
2025-06-23,1009.2681274414062,32143872.0,44.149837493896484,74736166.0,0.10124311894178391,20,0.06986953253331392,46,0.024271818495737785,0.06480071067831017,0.26883441242858974,0.020323589747855836,0.9778174054479533,0.004215012359186421,0.058888897612434654,0.09163807635295362,0.015566254324124574,0.6910570984648238
2025-06-24,1038.952392578125,28163537.0,45.349998474121094,132396029.0,0.10124311894178391,20,0.06986953253331392,46,-0.004878103676086987,0.019232079032381444,0.2553040420309025,0.02074105820903799,0.7976518513336388,-0.02083332275791372,0.029572779801981586,0.06094815472391102,0.015621758306505446,0.5853657409211057
2025-06-25,1058.7420654296875,38783736.0,43.79999923706055,95756039.0,0.10124311894178391,20,0.06986953253331392,46,0.004784447235021139,0.00904825236657092,0.2078526405524581,0.018505303329877557,0.9475383301553978,0.016371402009688563,0.04046633835314206,0.0704576775353658,0.015917904547060605,0.7931120779652131
2025-06-26,1063.689453125,36056692.0,43.25,81421425.0,0.10124311894178391,20,0.06986953253331392,46,0.014217994515196342,0.00895790017252951,0.24368092610276437,0.018480047375467927,1.0,-0.03462570549741473,-0.013172983960622164,0.07436807613197405,0.01571339367721168,0.40358690877748404
2025-06-27,1068.6368408203125,32549027.0,44.29999923706055,49281090.0,0.10124311894178391,20,0.06986953253331392,46,0.038647301535536194,0.02870798202388003,0.21572242877058034,0.018137490144965143,1.0,-0.035768095728124005,-0.026594659157866518,0.031177355755172664,0.01527162230438054,0.24560695655819095
2025-06-30,1048.8472900390625,32413717.0,44.20000076293945,27543017.0,0.10124311894178391,20,0.06986953253331392,46,0.023696657525327236,0.04854363699147557,0.2091223321825344,0.018118028984824317,1.0,-0.010286375727436181,-0.00611472056907203,0.05033086431723044,0.015679940410596328,0.48040365945493085
2025-07-01,1073.584228515625,44299887.0,43.95000076293945,48470565.0,0.10124311894178391,20,0.06986953253331392,46,0.03921570643273298,0.03414630447493594,0.18015291573962422,0.018467393256383764,0.8862581719752641,0.0011362050664378565,-0.019720788618344254,0.04679428896047333,0.015689489602009946,0.451297008989454
2025-07-02,1073.584228515625,23822731.0,44.45000076293945,41467173.0,0.10124311894178391,20,0.06986953253331392,46,0.03333341949534585,0.03827734871710531,0.20000436623129425,0.01870736525928386,1.0,-0.030870953876228846,-0.015004952662870608,0.0351164426699202,0.01570906764458285,0.39280486672902404
2025-07-03,1078.5316162109375,36973556.0,44.400001525878906,37104217.0,0.10124311894178391,20,0.06986953253331392,46,0.014018677041904404,0.028435989030392905,0.14695153437075126,0.017513901282445274,1.0,0.014840217744317208,-0.020299340762229834,0.036572577510087356,0.015730464672305253,0.509789151249884
2025-07-04,1073.584228515625,20363322.0,43.75,44258347.0,0.10124311894178391,20,0.06986953253331392,46,0.0139534739602174,0.05314003961136238,0.16697783809175437,0.01732961548167329,1.0,0.026589630656159713,-0.010129525526649252,0.0491967635266739,0.01557589565819093,0.49809090130165007
2025-07-07,1068.6368408203125,18829372.0,43.45000076293945,39017710.0,0.10124311894178391,20,0.06986953253331392,46,0.004629624870049254,0.028435989030392905,0.18435216733582838,0.016999878071519488,0.9715713744103089,-0.01241533287884189,-0.022573999827505076,0.02586671103311211,0.01573061448150768,0.34601097441682793
2025-07-08,1068.6368408203125,27461252.0,43.70000076293945,29366672.0,0.10124311894178391,20,0.06986953253331392,46,0.01886790476477551,0.05882352941176472,0.16873144125965944,0.01703752686425856,0.9431427488206178,-0.016968325498963654,-0.01585139992992679,0.011037914198060994,0.01573354213291274,0.2758205822081641
2025-07-09,1078.5316162109375,23618216.0,43.900001525878906,23882092.0,0.10124311894178391,20,0.06986953253331392,46,-0.0046082902150611504,0.02857151920938983,0.18146270751794558,0.016892269002584046,0.9324311989506822,-0.005688282040049675,-0.03638363322378524,0.026956354529966253,0.01567036210648671,0.33431272446859406
2025-07-10,1088.426513671875,22350503.0,43.70000076293945,31645312.0,0.10124311894178391,20,0.06986953253331392,46,0.004608290215061039,0.018691569389205798,0.153451170242362,0.016254205058257438,1.0,-0.012373435941965494,0.0022831573187276355,0.02599425349456652,0.01566404815524684,0.3811066167807901
2025-07-11,1088.426513671875,28249780.0,43.25,20013050.0,0.10124311894178391,20,0.06986953253331392,46,0.009174415763257837,0.023255904694927887,0.1543027192181119,0.01626008058437587,1.0,-0.01576578240726978,0.010404641917675317,0.0015311877878463331,0.015390594608617355,0.33431272446859406
2025-07-14,1083.47900390625,25760632.0,43.150001525878906,23205753.0,0.10124311894178391,20,0.06986953253331392,46,0.013824984348709712,0.01851861371012764,0.14000790529449514,0.016206042050491632,1.0,-0.011428571428571455,-0.023702014788797965,-0.01091138005250547,0.015470812431952223,0.22902668989596794
2025-07-15,1098.3212890625,45416390.0,43.54999923706055,21138204.0,0.10124311894178391,20,0.06986953253331392,46,0.013888874610147539,0.0330188333383572,0.10074717679505008,0.015641678840807353,0.9683531331218076,-0.00690447023688967,-0.023755638437475857,-0.02264642464778721,0.015395759820049072,0.2056301899995002
2025-07-16,1118.11083984375,31013743.0,43.45000076293945,28319729.0,0.10124311894178391,20,0.06986953253331392,46,0.027777863450225926,0.02304156477883179,0.12256811632355724,0.015678662152194114,1.0,-0.003432529136386586,-0.009101285982597851,-0.023969674280128306,0.015373199294640072,0.2992170821046318
2025-07-17,1118.11083984375,30648595.0,43.54999923706055,24082595.0,0.10124311894178391,20,0.06986953253331392,46,0.03669732350717814,0.04147472563907639,0.1370691640343793,0.015849325725824124,1.0,-0.010250586498822267,-0.02249718746537699,-0.0323224484844119,0.015337983733699333,0.2758205822081641
2025-07-18,1142.84765625,46645034.0,43.45000076293945,25754314.0,0.10124311894178391,20,0.06986953253331392,46,0.027272696685542108,0.03669732350717814,0.1532469318047971,0.015623947539739448,1.0,-0.003432529136386586,-0.019144195036185474,-0.02907979895052859,0.015344662995193811,0.2992170821046318
2025-07-21,1137.9005126953125,26749324.0,43.5,16417888.0,0.10124311894178391,20,0.06986953253331392,46,0.04999983177048106,0.06451606301085566,0.18599270115111066,0.015806076565316917,1.0,0.004624295096866016,-0.006857125418526788,-0.033333658662853205,0.015340902644074061,0.2758205822081641
2025-07-22,1118.11083984375,50457506.0,43.0,26349840.0,0.10124311894178391,20,0.06986953253331392,46,0.0502284849017447,0.06481497664055036,0.16654538200788083,0.015806659616315406,0.9765266822414074,0.008111204211920686,0.0011507304069644508,-0.06542458352610259,0.014238789363719773,0.2939797408286184
2025-07-23,1132.9530029296875,29747757.0,43.900001525878906,24567877.0,0.10124311894178391,20,0.06986953253331392,46,0.018017997992319623,0.04629636293042272,0.15559568652117028,0.0160408379540157,0.8826281983894131,-0.012629144585437846,-0.016018323815067292,-0.0742986671261151,0.014321864318317461,0.23513102760840005
2025-07-24,1132.9530029296875,15055463.0,43.5,14994808.0,0.10124311894178391,20,0.06986953253331392,46,0.013274321790862631,0.05045877737913829,0.168555502681899,0.0161081503338465,0.9530516268769401,0.010356749252885544,0.0,-0.027387359246069276,0.014107193611167908,0.5254653187548839
2025-07-25,1132.9530029296875,22476546.0,43.5,17661776.0,0.10124311894178391,20,0.06986953253331392,46,0.013274321790862631,0.04090904502831294,0.17813383133779936,0.016009323164211237,0.9530516268769401,-0.0011480881271289656,-0.004576676417568093,-0.016810741699666676,0.013846693321318755,0.3964275825575457
2025-07-28,1132.9530029296875,20606376.0,43.5,35776877.0,0.10124311894178391,20,0.06986953253331392,46,-0.008657893522553639,0.04090904502831294,0.19156339085358698,0.015840076407517327,0.9530516268769401,0.0011507304069644508,0.005780346820809301,0.006700232569472497,0.013359041726393734,0.3964275825575457
2025-07-29,1123.05810546875,31763255.0,42.79999923706055,35741812.0,0.10124311894178391,20,0.06986953253331392,46,-0.004347928233115916,0.04566216682101798,0.18909887860613894,0.015850421108081388,0.9530516268769401,0.0,0.008111204211920686,-0.01576593741700605,0.012873519595152188,0.3964275825575457
2025-07-30,1142.84765625,34182363.0,42.54999923706055,45900200.0,0.10124311894178391,20,0.06986953253331392,46,0.004424664754785201,0.02252238634777326,0.17871361863127855,0.015964473694794867,0.906102095349964,-0.004651180533475685,-0.017221584687463265,-0.02538991090468401,0.013071192217553982,0.17061215950973094
2025-07-31,1147.7950439453125,33230751.0,41.54999923706055,42952609.0,0.10124311894178391,20,0.06986953253331392,46,0.008733507298825272,0.022123760475935228,0.2261108665361089,0.015565087680159056,1.0,-0.030751759496466913,-0.0207134985057712,-0.03521021808700975,0.013073691669248128,0.08996388203515811
2025-08-04,1123.05810546875,23939021.0,41.20000076293945,35962931.0,0.10124311894178391,20,0.06986953253331392,46,0.013100314820866599,0.026548534406222846,0.22623381736560222,0.015564976370470161,1.0,-0.04482760374573458,-0.04592422583323541,-0.06386615347579161,0.013481694861308213,0.0
2025-08-05,1137.9005126953125,17012960.0,41.400001525878906,27774547.0,0.10124311894178391,20,0.06986953253331392,46,-0.008733722789339371,-0.017316000669927445,0.15132934034619372,0.01494937717563972,0.8522496484781849,-0.052873545679552825,-0.051783658469325755,-0.04549009744185095,0.012891533989218317,0.0
2025-08-06,1113.1634521484375,22023406.0,40.70000076293945,42323182.0,0.10124311894178391,20,0.06986953253331392,46,0.004366915267298266,0.0,0.15719438415028897,0.015008893251125716,0.9409013176098485,-0.04827582699128952,-0.04827582699128952,-0.02709396104615014,0.012752560756106106,0.04795029828892
2025-08-07,1167.584716796875,61370031.0,40.400001525878906,52613355.0,0.10124311894178391,20,0.06986953253331392,46,-0.008810455373707171,-0.004424773930287507,0.13545104495896965,0.015480686916533037,0.7802159322570936,-0.04906538578399566,-0.05348835435024524,-0.0371677197640925,0.012968475757568624,0.0
2025-08-08,1162.637451171875,25958258.0,40.5,34741791.0,0.10124311894178391,20,0.06986953253331392,46,0.021645107649819417,0.03056765265428818,0.1791116413872902,0.016989634352649118,1.0,-0.05052873677396019,-0.07972664870949409,-0.05787327346892879,0.01277769320341376,0.0
2025-08-11,1167.584716796875,35579367.0,40.400001525878906,24697504.0,0.10124311894178391,20,0.06986953253331392,46,0.012931234809609116,0.026200952877504013,0.12917328707406406,0.016064453457296964,0.9687508071949941,-0.02527074022480369,-0.06896551724137934,-0.07080731816675268,0.012482431034340942,0.020116367051947713
2025-08-12,1167.584716796875,28917167.0,40.650001525878906,24073607.0,0.10124311894178391,20,0.06986953253331392,46,0.0396476470017908,0.03056765265428818,0.11268255281309414,0.015863152612994154,1.0,-0.019417456850636006,-0.07126433273841593,-0.08977594410467493,0.012075985462003556,0.0
2025-08-13,1187.374267578125,37809952.0,40.75,29479379.0,0.10124311894178391,20,0.06986953253331392,46,0.026086818461176664,0.03056765265428818,0.12918645035854137,0.0156334054970424,1.0,-0.01811594136128669,-0.06551720630163438,-0.08511147767557459,0.01213518844379082,0.050291685020082605
2025-08-14,1162.637451171875,32991791.0,40.79999923706055,25526067.0,0.10124311894178391,20,0.06986953253331392,46,0.06666659355951587,0.057268775138335615,0.16504848554608387,0.015530958764521804,1.0,0.0012284824600317101,-0.04789717928979431,-0.08576013918013603,0.012128227715659077,0.07040805207203031
2025-08-15,1167.584716796875,22231552.0,41.20000076293945,33021625.0,0.10124311894178391,20,0.06986953253331392,46,-0.00423717915610633,0.01731621429474761,0.14634154561125334,0.015937537137561308,0.8611119392781102,0.00990093307113904,-0.04112808534378942,-0.09512691434130116,0.011947781365716802,0.08046623559800417
2025-08-18,1167.584716796875,18219895.0,40.400001525878906,50417766.0,0.10124311894178391,20,0.06986953253331392,46,0.0042552092400029995,0.017241469159458678,0.12918645035854137,0.015733448578780066,0.8888890031188198,0.01728396945529509,-0.00842354947166668,-0.0766371786732335,0.012020226624669032,0.16093323858622166
2025-08-19,1172.5321044921875,17867547.0,41.04999923706055,32207923.0,0.10124311894178391,20,0.06986953253331392,46,0.0,0.0396476470017908,0.11848340456343509,0.015705516144234977,0.8888890031188198,0.0,-0.019417456850636006,-0.10956338697949908,0.011948646039804316,0.0
2025-08-20,1123.05810546875,66982023.0,41.900001525878906,109360639.0,0.10124311894178391,20,0.06986953253331392,46,0.004237283705532668,0.030434639417504128,0.14492749995470544,0.015325380271063392,0.9166667523391149,0.009840041726123738,-0.008454161254066062,-0.08481574717433638,0.012210127884382147,0.1313127498820911
2025-08-21,1137.9005126953125,23424804.0,41.400001525878906,46125182.0,0.10124311894178391,20,0.06986953253331392,46,-0.054166713786513165,0.008888769480542624,0.0758293040810476,0.016643713641088836,0.6388885747565789,0.028220896340586554,0.029484047676779035,-0.06390512231631418,0.01270430806498781,0.30303048985366965
2025-08-22,1123.05810546875,19205763.0,40.599998474121094,24604317.0,0.10124311894178391,20,0.06986953253331392,46,-0.021276571171545355,-0.025423597683770227,0.12745115173705313,0.01577757534636142,0.6666680374249921,0.014705938726424117,0.024752474312641715,-0.06228416963930461,0.012667150266279147,0.20202032656911312
2025-08-25,1157.68994140625,25103514.0,40.54999923706055,21425973.0,0.10124311894178391,20,0.06986953253331392,46,-0.038135657899221465,-0.034042723863084934,0.08095242235490652,0.01539840516670427,0.5357138136415427,-0.0145631620802803,0.0024690981264468004,-0.10474090760357091,0.012124006495052542,0.04938197183151656
2025-08-26,1162.637451171875,35508897.0,41.79999923706055,64111108.0,0.10124311894178391,20,0.06986953253331392,46,-0.008474567411065559,-0.008474567411065559,0.09345796224352787,0.015819007335537993,0.785714474543383,0.0037128144929785556,0.0037128144929785556,-0.07420091453449329,0.011046205943964212,0.037036478873637424
2025-08-27,1177.4794921875,21952558.0,40.95000076293945,30264987.0,0.10124311894178391,20,0.06986953253331392,46,-0.008438705671600988,-0.00423717915610633,0.09302338925724696,0.015817636496021702,0.821429609988606,0.018270402288409482,0.02829022553540428,-0.03352602920091219,0.012000496137142703,0.3456785123243002
2025-08-28,1147.7950439453125,19975237.0,40.599998474121094,23816343.0,0.10124311894178391,20,0.06986953253331392,46,0.04845821107006332,-0.008333324766088501,0.10185186137101265,0.015897141852668446,0.928571491514461,-0.02267304840914386,0.004907994182563158,-0.07562073435248617,0.011702670366884703,0.13580230633814425
2025-08-29,1147.7950439453125,19522740.0,40.5,23815284.0,0.10124311894178391,20,0.06986953253331392,46,0.008695427359078245,-0.012766152691539578,0.094339523823878,0.016143884052396876,0.6666659812870812,-0.0193237444993265,-0.004901979575474669,-0.08144801417824565,0.01174876971523066,0.04938197183151656
2025-09-01,1152.7425537109375,22018940.0,40.75,20806971.0,0.10124311894178391,20,0.06986953253331392,46,0.022026410170680855,-0.016949239371557567,0.06912435322591692,0.01579092139789452,0.6666659812870812,-0.0024630166965359246,-0.016990309465458098,-0.07849830951194525,0.011734548338658123,0.02469098591575828
2025-09-02,1147.7950439453125,14037411.0,40.900001525878906,20379773.0,0.10124311894178391,20,0.06986953253331392,46,-0.004273499767392774,-0.012711851116598338,0.07373275714450411,0.015793515690572253,0.708333633186902,0.004932201398333502,0.00866332824014604,-0.08323961078588682,0.011618087329335364,0.08749961853027344
2025-09-03,1147.7950439453125,19511981.0,40.900001525878906,11803934.0,0.10124311894178391,20,0.06986953253331392,46,-0.012766152691539578,-0.02109712855801793,0.06422011806914751,0.015814843105863556,0.6666659812870812,-0.021531046115036534,-0.003654024700838976,-0.07882882611974673,0.011650551405601948,0.14285714285714285
2025-09-04,1147.7950439453125,24333323.0,42.0,67960253.0,0.10124311894178391,20,0.06986953253331392,46,-0.025210161568963052,0.022026410170680855,0.06912435322591692,0.015786852089483206,0.6666659812870812,-0.001220982567253004,-0.023866347579542757,-0.06514282226562496,0.01147741626201741,0.14285714285714285
2025-09-05,1167.584716796875,27133819.0,41.20000076293945,36383751.0,0.10124311894178391,20,0.06986953253331392,46,0.0,0.008695427359078245,0.07407399792078673,0.015757825829615362,0.6666659812870812,0.034482797499888695,0.014492716232052283,-0.03337170857258598,0.012251439000492402,0.45714242117745535
2025-09-08,1167.584716796875,27281959.0,41.599998474121094,16875937.0,0.10124311894178391,20,0.06986953253331392,46,0.017241469159458678,0.0396476470017908,0.09259261163091437,0.015932762693712122,0.8181820220963866,0.01728396945529509,0.014778382053408423,-0.05720823698749611,0.012525703096024247,0.22857121058872767
2025-09-09,1187.374267578125,31329096.0,41.45000076293945,17589011.0,0.10124311894178391,20,0.06986953253331392,46,0.012875522846065968,0.008546999534785549,0.08256883641371227,0.01589720980950172,0.8095240333211923,0.02085885826064038,0.025893939748854677,-0.05239186723950262,0.012609433814144139,0.3428562709263393
2025-09-10,1212.1112060546875,39665156.0,41.25,22594413.0,0.10124311894178391,20,0.06986953253331392,46,0.03448283196690505,0.021276466177239106,0.09090898895180666,0.016027355518780442,1.0,0.013447413607369674,-0.008373169390174962,-0.05148741328874651,0.012604123301691271,0.2999997820172991
2025-09-11,1226.9534912109375,30345708.0,40.900001525878906,22260883.0,0.10124311894178391,20,0.06986953253331392,46,0.05603453547621284,0.029411734214452645,0.11363623618975849,0.01627806209767324,1.0,0.008557419585904835,0.007325988558516849,-0.046242774566473965,0.01253567663549893,0.24285670689174108
2025-09-12,1246.7431640625,26492972.0,41.150001525878906,25369434.0,0.10124311894178391,20,0.06986953253331392,46,0.06896566393380987,0.06896566393380987,0.132420182382327,0.016302064258624557,1.0,-0.026190439860026005,0.0073892380057363205,-0.052143682976478645,0.012586912691841968,0.14285714285714285
2025-09-15,1241.795654296875,24589707.0,41.099998474121094,27414854.0,0.10124311894178391,20,0.06986953253331392,46,0.06779674838737737,0.08620713309326855,0.1351352072276495,0.01634487944332362,1.0,-0.0012135736925888985,0.0160494203920718,-0.055109018443776914,0.012532181703607682,0.21428571428571427
2025-09-16,1271.5987548828125,40130070.0,41.04999923706055,20338285.0,0.10124311894178391,20,0.06986953253331392,46,0.06355936013241803,0.07725324297195035,0.11061945743268997,0.016208686048439388,0.9629621168160032,-0.012019231210093517,0.008588919610333479,-0.05408520707835718,0.012531137627370062,0.19999912806919642
2025-09-17,1256.697265625,29283972.0,41.45000076293945,21981283.0,0.10124311894178391,20,0.06986953253331392,46,0.07093339446919233,0.10786221075842062,0.13727432877809465,0.01653353181899985,1.0,-0.009650217575787101,0.0036674255644399967,-0.05740528229154429,0.012518594577506951,0.18571363176618302
2025-09-18,1276.5660400390625,24191307.0,41.79999923706055,38555370.0,0.10124311894178391,20,0.06986953253331392,46,0.03678380279597948,0.09487950157491376,0.099619235120604,0.01641303665431203,0.905945903465747,0.0048485033439866765,0.013447413607369674,-0.04602991863940065,0.012633275009130833,0.2999997820172991
2025-09-19,1256.697265625,44913316.0,43.25,107771839.0,0.10124311894178391,20,0.06986953253331392,46,0.040435557813328415,0.11218988683826847,0.12186085320877216,0.016505732873510055,1.0,0.02200483319327451,-0.004761922927129847,-0.03908047730895292,0.012714037130887331,0.3999993460518973
2025-09-22,1286.5003662109375,28859955.0,43.04999923706055,64904449.0,0.10124311894178391,20,0.06986953253331392,46,0.007984083530135244,0.07632212681970896,0.1239469476931434,0.01645334088877424,0.8784059991304309,0.05103276783113664,0.04975726211404785,0.005813953488372103,0.013729353888054489,0.8142852783203125
2025-09-23,1331.2049560546875,33953781.0,43.900001525878906,84234256.0,0.10124311894178391,20,0.06986953253331392,46,0.03600005504881154,0.10184755564486392,0.13552844900379268,0.016690800277698706,1.0,0.04744527579890989,0.03485578884916274,-0.019362238252253472,0.013350615186885795,0.8548383921166166
2025-09-24,1331.2049560546875,44737182.0,44.849998474121094,86102820.0,0.10124311894178391,20,0.06986953253331392,46,0.04687500749980544,0.12113340536672768,0.17498691703216562,0.017377146173177392,1.0,0.06942758445279917,0.05910737558128121,0.009195437376526616,0.013629825897965108,1.0
2025-09-25,1311.336181640625,25861812.0,44.29999923706055,58873725.0,0.10124311894178391,20,0.06986953253331392,46,0.059288495700380306,0.09825315483027297,0.17498691703216562,0.017377146173177392,1.0,0.08202648126900858,0.08727269028172358,0.031034447680944766,0.014021289943042196,1.0
2025-09-26,1291.4674072265625,25793295.0,44.849998474121094,47396933.0,0.10124311894178391,20,0.06986953253331392,46,0.02723724469475819,0.0687741556906174,0.1574497602721905,0.01761184244584784,0.908876181561262,0.05980861353182654,0.08312952528939,0.0183907870588631,0.01416579379429215,0.8764045810688017
2025-09-30,1296.4345703125,36642789.0,45.54999923706055,132135580.0,0.10124311894178391,20,0.06986953253331392,46,0.02766787400008397,0.03587286014733704,0.14995600043999557,0.01774911184531214,0.8177523631225241,0.036994184372742156,0.08991486782607505,0.0478971792897942,0.01403218954733922,1.0
2025-10-01,1316.3033447265625,33837323.0,44.25,80189193.0,0.10124311894178391,20,0.06986953253331392,46,0.007721882062747598,0.04399992529089847,0.13438966534390184,0.017608251066213065,0.8405331777699647,0.05807201032068354,0.10827252866545556,0.0705052891607818,0.01415903191478514,1.0
2025-10-02,1356.040771484375,29593487.0,43.79999923706055,61988144.0,0.10124311894178391,20,0.06986953253331392,46,-0.011194077411106673,0.03515620762609961,0.1468104446609535,0.017707570407181027,0.9316569962087028,0.007972630112889068,0.07795373501616165,0.0649819690136404,0.014397275811160229,0.7475728514911769
2025-10-03,1390.8111572265625,31032341.0,43.849998474121094,40817851.0,0.10124311894178391,20,0.06986953253331392,46,0.018656642853324135,0.07905126284329733,0.20745379502726702,0.017727727268023734,1.0,-0.023411355023042146,0.05669477517168664,0.06310675791200149,0.01442941110583386,0.6601940237370568
2025-10-07,1425.5814208984375,38395572.0,44.29999923706055,29753422.0,0.10124311894178391,20,0.06986953253331392,46,0.06060610291901325,0.08949409086897231,0.2222607703481807,0.017976069859980234,1.0,-0.010158030941070373,0.049043044843957384,0.05917866806624894,0.014420102304755088,0.6699026177723492
2025-10-08,1405.7127685546875,23064494.0,44.95000076293945,39893979.0,0.10124311894178391,20,0.06986953253331392,46,0.10384622400954435,0.13438730225090878,0.2806577669676671,0.017728737035443178,1.0,-0.012263082625920352,0.024277439007180268,0.08845204930313355,0.014182975108533485,0.7572814455264691
2025-10-09,1430.548583984375,39052134.0,45.650001525878906,71854411.0,0.10124311894178391,20,0.06986953253331392,46,0.08429133312593362,0.09266410292199145,0.20394927094548443,0.01664423084643492,0.9343235667124378,-0.013172304811652324,0.04413476328806176,0.11262373923788016,0.014231057885608927,0.8834953901400031
2025-10-13,1405.7127685546875,53850992.0,45.45000076293945,59392456.0,0.10124311894178391,20,0.06986953253331392,46,0.08679248572565523,0.07462684651063323,0.23043394356724045,0.016704797079619374,1.0,0.031638452562235075,0.03986332435474704,0.12716053150318296,0.014370124109079159,1.0
2025-10-14,1415.64697265625,39889256.0,44.849998474121094,46400125.0,0.10124311894178391,20,0.06986953253331392,46,0.036630164899791096,0.05597020365730909,0.20394927094548443,0.017060227178043633,0.9192306195964846,0.03767126837031509,0.013377977909287297,0.1249999763942009,0.01439073990137448,0.9619046165829613
2025-10-15,1455.384521484375,41056405.0,44.5,35642582.0,0.10124311894178391,20,0.06986953253331392,46,0.017857072328361978,0.07954542281074017,0.21245760782130074,0.01704888999998428,0.9515379747689723,0.02280501789732492,0.01241533287884189,0.10332095425798093,0.014592574029490473,0.8476184663318452
2025-10-16,1475.2532958984375,37737678.0,44.900001525878906,31492824.0,0.10124311894178391,20,0.06986953253331392,46,0.020905926626874072,0.12692315217603967,0.2257167442687702,0.017327235503043364,1.0,0.004514689986092391,-0.007803756656157845,0.09202453987730053,0.014678048952954088,0.7809520903087798
2025-10-17,1440.48291015625,38077331.0,45.75,45710984.0,0.10124311894178391,20,0.06986953253331392,46,0.04946994072996125,0.13793116110968406,0.26888506336301377,0.016884438566579976,1.0,-0.0011123300603316233,-0.014269982921378155,0.10049025405603773,0.014714278294126623,0.8571428571428571
2025-10-20,1470.2861328125,33015553.0,46.099998474121094,32982073.0,0.10124311894178391,20,0.06986953253331392,46,0.006944417185892338,0.0943396261410272,0.23372881593383443,0.017482802754409398,0.9012752397334935,0.002190547005007426,0.03389830508474567,0.11043687264087132,0.01489278823447431,1.0
2025-10-21,1470.2861328125,34601251.0,45.45000076293945,25934845.0,0.10124311894178391,20,0.06986953253331392,46,0.04593638594049687,0.08424920823218884,0.25925434930841607,0.017624695157088595,0.9858965618472034,0.014301379543906645,0.052511399021085925,0.14108902804350043,0.014496941840186779,1.0
2025-10-22,1450.4173583984375,27360948.0,45.5,23685066.0,0.10124311894178391,20,0.06986953253331392,46,0.03859660014934918,0.057142894758206886,0.25394104534925876,0.01764512636183307,0.9858965618472034,0.013377977909287297,0.0364880808322634,0.1071863972632312,0.014592901820362866,0.8839289485192839
2025-10-23,1440.48291015625,23570046.0,45.400001525878906,15560798.0,0.10124311894178391,20,0.06986953253331392,46,-0.003412955828931974,0.017421619793801524,0.29148915032588807,0.016252160633838837,0.929482462637552,0.022471910112359605,0.02708805380600454,0.08591881486919783,0.014308110776661461,0.8928573861414736
2025-10-27,1470.2861328125,32851952.0,45.599998474121094,44433603.0,0.10124311894178391,20,0.06986953253331392,46,-0.02356909544880026,0.024734883526249973,0.26591287558542276,0.01633671292887264,0.9012752397334935,0.011135857082584133,0.010011140273672003,0.09661835392686213,0.014153848226741147,0.8750005108970944
2025-10-28,1465.3189697265625,28381919.0,46.0,44730201.0,0.10124311894178391,20,0.06986953253331392,46,0.020689744006068933,0.027777839405808802,0.3091808212352658,0.01621852827927989,0.9848311561662872,-0.003278721877134516,-0.0010953570665154233,0.12315271398808192,0.013737278992853545,0.9107142613858527
2025-10-29,1495.1219482421875,30631103.0,45.599998474121094,28686171.0,0.10124311894178391,20,0.06986953253331392,46,-0.0033783649148861894,0.042402831151032716,0.2657266141110586,0.015824015749363807,0.9696623123325746,-0.0021691643694354834,0.012101193131530685,0.13440199421652377,0.013751309180698768,0.9821431247556209
2025-10-30,1495.1219482421875,27867757.0,45.849998474121094,55662596.0,0.10124311894178391,20,0.06986953253331392,46,0.01689182457443117,0.0561403917226726,0.28597435661064097,0.015980895305866123,1.0,0.0033002796185639394,0.016722408595682747,0.09090907431623596,0.013146609005448702,0.9107142613858527
2025-10-31,1490.15478515625,31928423.0,46.400001525878906,50233207.0,0.10124311894178391,20,0.06986953253331392,46,0.03082188005052089,0.027303730506411883,0.26976474593589495,0.01597301718135714,1.0,0.007692274156507528,0.030337044362271692,0.11965806153577008,0.012663968338135875,0.9553571306929263
2025-11-03,1500.089111328125,29118770.0,47.599998474121094,96165770.0,0.10124311894178391,20,0.06986953253331392,46,0.03448279368660612,0.010100969982064889,0.29827602324727365,0.015277624670587513,0.9856988818761594,0.02202643097776069,0.03340757124775262,0.1428572233926264,0.012612711443354171,1.0
2025-11-04,1495.1219482421875,33925673.0,47.400001525878906,65151205.0,0.10124311894178391,20,0.06986953253331392,46,0.02027018948931736,0.04137931852687471,0.30693116270294496,0.015244660708678793,1.0,0.04385965059044983,0.04043712511740094,0.17530860429928619,0.013048870696263148,1.0
2025-11-05,1450.4173583984375,56305422.0,47.099998474121094,48037302.0,0.10124311894178391,20,0.06986953253331392,46,0.020338901721299818,0.01689182457443117,0.2970128875949394,0.015316633896654512,0.985900520202232,0.03043481577997631,0.028199633292560478,0.1631902214939609,0.013103576832109349,0.970149695621181
2025-11-06,1455.384521484375,27411394.0,45.79999923706055,60365518.0,0.10124311894178391,20,0.06986953253331392,46,-0.029900296692392914,-0.013513542684413182,0.2636553590725763,0.016231942054148005,0.8590048555211326,0.03289473794283748,0.036303579394592056,0.15158916178326365,0.01319445036953178,0.9253731003368322
2025-11-07,1450.4173583984375,20329390.0,45.0,33263691.0,0.10124311894178391,20,0.06986953253331392,46,-0.0265780505760963,0.003424643987591569,0.2679829288004121,0.01621111961849004,0.8731043353189006,-0.00109049593728483,0.006593389825506613,0.11980434054705924,0.01403131886260714,0.731343275084208
2025-11-10,1465.3189697265625,25281744.0,45.20000076293945,22981297.0,0.10124311894178391,20,0.06986953253331392,46,-0.026666643729661876,0.0068966095829001706,0.2636553590725763,0.016249395113052036,0.85061324377468,-0.03017244568619415,-0.00881060600077066,0.0714285714285714,0.013841239512433766,0.6119403494947516
2025-11-11,1455.384521484375,22444166.0,45.25,28811087.0,0.10124311894178391,20,0.06986953253331392,46,-0.02317871741017985,-0.0033783649148861894,0.2550001285957946,0.016164199271327753,0.895429527629011,-0.05042012159908904,-0.008771879924703185,0.09708737684291768,0.013449949289254153,0.6417912232316308
2025-11-12,1465.3189697265625,23642502.0,45.0,32938632.0,0.10124311894178391,20,0.06986953253331392,46,-0.0265780505760963,-0.00677971721340731,0.24649158262112514,0.016254572806704785,0.857043595028418,-0.04535868052040193,-0.016304347826086918,0.08774042451346564,0.013399732167271267,0.6492537993263355
2025-11-13,1450.4173583984375,21255597.0,44.45000076293945,39585981.0,0.10124311894178391,20,0.06986953253331392,46,0.01027401612497214,-0.019933476697779895,0.23408348128965129,0.016153706427339622,0.8792610788367672,-0.0445859563089992,-0.013157861714877095,0.08564533586775247,0.01342288768287323,0.6119403494947516
2025-11-14,1420.6141357421875,26861702.0,44.150001525878906,32870053.0,0.10124311894178391,20,0.06986953253331392,46,-0.003412955828931974,-0.029900296692392914,0.19660419865221357,0.016127768339824697,0.8181425296767368,-0.029475949707630122,-0.030534302241511213,0.07757577607125943,0.013563042528430677,0.5298508737368791
2025-11-17,1435.5157470703125,26602730.0,43.849998474121094,24761430.0,0.10124311894178391,20,0.06986953253331392,46,-0.02054803224994417,-0.046666728924251166,0.1578386189195462,0.01652799358150872,0.69230743782905,-0.018888854980468772,-0.04849137771569034,0.07946209972495,0.013533333973420915,0.4732828473136666
2025-11-18,1395.7783203125,42198432.0,44.20000076293945,36974090.0,0.10124311894178391,20,0.06986953253331392,46,-0.020339068333914634,-0.043046352226796425,0.1514125671182338,0.016446667209911375,0.75,-0.02986730677060645,-0.07878151513048426,0.06561353215367882,0.013582076585461617,0.4274808493439011
2025-11-19,1385.843994140625,35591948.0,44.349998474121094,36173559.0,0.10124311894178391,20,0.06986953253331392,46,-0.04095563769709565,-0.06644516726310223,0.1240000039320579,0.017103028250341865,0.5714285714285714,-0.023204403028962317,-0.06751056244570697,0.0754258492435298,0.013609624833263625,0.4809163195097618
2025-11-20,1445.4501953125,25964403.0,44.650001525878906,33997431.0,0.10124311894178391,20,0.06986953253331392,46,-0.054237321175721886,-0.04452054016308449,0.08984378037421181,0.016839975088918272,0.5306123881945928,-0.014444478352864554,-0.05838641378111675,0.08038975148338756,0.013603100826765196,0.47154451877421016
2025-11-21,1375.9095458984375,54518246.0,45.0,35889116.0,0.10124311894178391,20,0.06986953253331392,46,-0.003424643987591458,-0.006825911657863948,0.15019761310105695,0.017826189651413134,0.7755104906749,0.004499454657067359,-0.02510912074974625,0.07720146451241039,0.013569094632221591,0.49137976960540897
2025-11-24,1365.9752197265625,79134658.0,46.54999923706055,96809729.0,0.10124311894178391,20,0.06986953253331392,46,-0.03146849571533683,-0.05136991230046506,0.0778208903758204,0.01940731588704727,0.4897957034223965,0.01925251290473584,0.0,0.07655504357287835,0.013562254596949062,0.42857166811289826
2025-11-25,1405.7127685546875,27427405.0,45.099998474121094,48603850.0,0.10124311894178391,20,0.06986953253331392,46,-0.048442887154440895,-0.06779667229622921,0.08695646683627878,0.019265637763055895,0.3720928903441067,0.06157356572162498,0.02986722237465078,0.07630056039446353,0.013547853722452704,0.7692308982146375
2025-11-26,1430.548583984375,29213211.0,45.45000076293945,37353483.0,0.10124311894178391,20,0.06986953253331392,46,0.00711749716814869,-0.03412964216427583,0.09266410292199145,0.019429434163214666,0.5476197302678889,0.020361938815536496,-0.003314950848152587,0.047619030740789325,0.014445156416572954,0.3421051310700128
2025-11-27,1425.5814208984375,22039774.0,45.95000076293945,31875985.0,0.10124311894178391,20,0.06986953253331392,46,0.03225802473637862,-0.02372888528746464,0.07462684651063323,0.01890527198026585,0.6666668617091928,0.02480275821114697,0.010000016954210045,0.035307498478031496,0.014186157454515621,0.4342110150409528
2025-11-28,1430.548583984375,23152513.0,45.79999923706055,24598918.0,0.10124311894178391,20,0.06986953253331392,46,-0.013745734359091433,-0.017123304100155057,0.0708955179399684,0.018921322249991476,0.642857435420932,0.02911532346324952,0.03374578119806548,0.02452625030640898,0.013899330144526998,0.5657899888269502
2025-12-01,1400.74560546875,30559208.0,46.5,40046416.0,0.10124311894178391,20,0.06986953253331392,46,0.039711213755886376,0.006993065880621652,0.09090910783427186,0.018736583773715027,0.6666668617091928,0.017777760823567634,0.037372540297976764,0.03386004572986834,0.013763779452722072,0.5263158951439898
2025-12-02,1420.6141357421875,23544477.0,47.20000076293945,45599924.0,0.10124311894178391,20,0.06986953253331392,46,0.02545462409570476,-0.02422135854136298,0.08461552930465621,0.01888517543377649,0.5121959698814029,-0.001074097483996117,0.06043333222560676,0.036789332932329444,0.013829347464812626,0.7105266592179669
2025-12-03,1440.48291015625,20301540.0,47.5,48477991.0,0.10124311894178391,20,0.06986953253331392,46,0.010600577529662258,0.017793524278358896,0.09578544746747575,0.018975510894913873,0.5675672982977246,0.0465632452298943,0.06787330199585484,0.03622396385325133,0.013815291559979709,0.8947374232919438
2025-12-04,1435.5157470703125,20696944.0,48.0,45884116.0,0.10124311894178391,20,0.06986953253331392,46,0.006944417185892338,0.039426455103633185,0.0943396261410272,0.01895429238672208,0.5862069549948985,0.0451044929075588,0.07102596695052843,0.07344632768361592,0.01302582580526061,0.9736846067899617
2025-12-05,1450.4173583984375,21072604.0,48.900001525878906,82641984.0,0.10124311894178391,20,0.06986953253331392,46,0.006968613666144874,-0.006872909405252647,0.05860810180429987,0.01845220431571787,0.5185184510963801,0.04461369321051145,0.07502795878247515,0.09589043004790065,0.01295433735856531,1.0
2025-12-08,1485.1876220703125,24257260.0,49.29999923706055,66401289.0,0.10124311894178391,20,0.06986953253331392,46,0.013888919702904401,0.05415167931795106,0.042857149126367844,0.018112845713511405,0.6296300678735297,0.06768564062136262,0.08666670057508674,0.11516540997688218,0.013199721730199848,1.0
2025-12-09,1470.2861328125,24235825.0,49.599998474121094,43073174.0,0.10124311894178391,20,0.06986953253331392,46,0.06028362057456138,0.08727274157111986,0.04181185325374792,0.01808052906409273,0.8888892934217197,0.060215037356140755,0.05907626305202163,0.11286681909956098,0.013174447985183208,1.0
2025-12-10,1495.1219482421875,23319221.0,49.349998474121094,42078886.0,0.10124311894178391,20,0.06986953253331392,46,0.03496515754741658,0.04593638594049687,0.04593638594049687,0.01801105350355583,0.7777785868434394,0.05084740831330814,0.09977827388579974,0.10344822318702795,0.013049096768917828,1.0
2025-12-11,1465.219482421875,28924982.0,48.650001525878906,41866258.0,0.10124311894178391,20,0.06986953253331392,46,0.037931056106740524,0.045138882370539424,0.045138882370539424,0.017994169671011105,0.9629630978072399,0.038947336297286084,0.08580852905863434,0.08105140908143604,0.012929807864268929,0.9565217391304348
2025-12-12,1475.18701171875,22107664.0,48.79999923706055,41253059.0,0.10124311894178391,20,0.06986953253331392,46,0.020692030311881826,0.027804838743238136,0.04233205758554104,0.018065066655632137,0.7399998725721583,0.013541698455810547,0.058759536846778815,0.07040705630853972,0.01313355828512135,0.8347831394361414
2025-12-15,1445.2845458984375,25889058.0,48.849998474121094,43233765.0,0.10124311894178391,20,0.06986953253331392,46,0.017077604026790816,0.031203713200741223,0.04205853592918163,0.018063000425208302,0.814321251050142,-0.002045036517339116,0.0655021844972532,0.08807136894817602,0.012921407756936194,0.8608696979025136
2025-12-16,1430.3333740234375,32168064.0,49.20000076293945,82993384.0,0.10124311894178391,20,0.06986953253331392,46,-0.02686736381242605,0.03179659479622843,-0.006939729972967101,0.017844021795356102,0.5913580258150604,-0.009127804663355277,0.050537601594002,0.09775277469935051,0.012827951575051724,0.8695652173913043
2025-12-17,1425.349609375,30535812.0,50.400001525878906,121255998.0,0.10124311894178391,20,0.06986953253331392,46,-0.027173458211591228,0.006841575088348817,-0.030448955443711512,0.0177799734612182,0.4798768682969542,-0.008064470231593623,0.04237288067101819,0.09576835391825478,0.012807838584379835,0.9304351806640625
2025-12-18,1425.349609375,30534136.0,50.29999923706055,62599569.0,0.10124311894178391,20,0.06986953253331392,46,-0.046666654147655806,-0.010505713517703907,-0.010505713517703907,0.017412926228054855,0.4427161790579624,0.021276658241609292,0.06105266370271378,0.10163937761483943,0.013007304721302222,1.0
2025-12-19,1425.349609375,38763280.0,50.70000076293945,68014965.0,0.10124311894178391,20,0.06986953253331392,46,-0.02721085374934662,-0.00708187124805848,-0.030563114508562528,0.0171001971715735,0.4427161790579624,0.033915676452835,0.04791665077209473,0.09110631023767146,0.012997224677980078,0.984732482102963
2025-12-22,1460.2357177734375,22661665.0,50.900001525878906,65719784.0,0.10124311894178391,20,0.06986953253331392,46,-0.033783786020244344,-0.017283128113633084,-0.030563114508562528,0.0171001971715735,0.4427161790579624,0.03893445810622009,0.03680979920027094,0.11551154921609852,0.012767727495819364,1.0
2025-12-23,1485.1544189453125,20739075.0,50.0,45790969.0,0.10124311894178391,20,0.06986953253331392,46,0.010344794675505087,-0.01680050649903253,0.00676933388734513,0.01740228402547874,0.7028391833331664,0.0419652633734231,0.03245440798334909,0.11868135221711884,0.012766656573628417,1.0
2025-12-24,1490.13818359375,12987261.0,49.650001525878906,47697812.0,0.10124311894178391,20,0.06986953253331392,46,0.03832745981985086,0.01011251198048857,0.031011481270692087,0.01755293643272347,0.8886417193292563,0.016260146842582035,0.00806454714081517,0.10132154888803258,0.013131474489228238,0.8723402643557007
2025-12-26,1505.0894775390625,18823612.0,49.95000076293945,40760795.0,0.10124311894178391,20,0.06986953253331392,46,0.04545451431186698,-0.003333349934630303,0.01350216827745987,0.01727737474424301,0.925802408568248,-0.014880951930425934,0.006079089382649672,0.08881585937017666,0.013206385149807416,0.8226951122115711
2025-12-29,1525.0244140625,21124648.0,49.650001525878906,21458772.0,0.10124311894178391,20,0.06986953253331392,46,0.055944076905474205,0.027210937061310503,0.02714119494400702,0.017328465346741338,1.0,-0.006958220266993886,0.026721463438578175,0.0858695818030315,0.013179505349378838,0.8652481770624788
2025-12-30,1515.056884765625,20325400.0,49.5,26366450.0,0.10124311894178391,20,0.06986953253331392,46,0.06993007472125123,0.033783786020244344,0.02000001796205897,0.01716704162590062,1.0,-0.020710043811835055,0.017418079961215138,0.08881585937017666,0.013132477624737413,0.8226951122115711
2025-12-31,1544.9593505859375,29695967.0,49.25,25770824.0,0.10124311894178391,20,0.06986953253331392,46,0.03754268322910126,0.04827584925417905,0.013333318092798363,0.017202348740483306,0.9373305263287158,-0.02750494074478782,0.013306070546210025,0.07960745141439984,0.013144795776607725,0.8014183092403291
2026-01-02,1579.8455810546875,37512761.0,48.70000076293945,29250355.0,0.10124311894178391,20,0.06986953253331392,46,0.04026849388705034,0.08013934278836299,0.03677776696461832,0.01744494624721087,1.0,-0.015000000000000013,0.00101624463994332,0.061422378887887596,0.013088825474292146,0.7659573316826433
2026-01-05,1664.569091796875,66871820.0,48.5,44471888.0,0.10124311894178391,20,0.06986953253331392,46,0.06020072396547227,0.10839163294641252,0.053167821247598335,0.01774113386495528,1.0,-0.019133952341255922,-0.033730172846652695,0.023109292522696334,0.012647769432879053,0.6879432892740499
2026-01-06,1699.455322265625,46751692.0,49.20000076293945,48390300.0,0.10124311894178391,20,0.06986953253331392,46,0.10596022139399586,0.16783214507405675,0.11333332625737058,0.019465009927488952,1.0,-0.02902904385970073,-0.035785273645378646,0.0232067181162543,0.012646895768786196,0.659574399009586
2026-01-07,1669.5528564453125,49857449.0,54.099998474121094,230965277.0,0.10124311894178391,20,0.06986953253331392,46,0.11437909229168342,0.19230770548344078,0.17170089865869853,0.018960086669353886,1.0,-0.009063459196570256,-0.029585798371357552,0.04458603730045119,0.012773602512939861,0.7588652443894215
2026-01-08,1679.5203857421875,29215618.0,52.79999923706055,644884888.0,0.10124311894178391,20,0.06986953253331392,46,0.10197371018421375,0.14334476011245711,0.14715584218423805,0.019249635763842664,0.9103320840054923,0.09292926210345653,0.06286830751105632,0.18122269378433375,0.01923982088380219,1.0
2026-01-09,1674.53662109375,37387656.0,55.099998474121094,306881896.0,0.10124311894178391,20,0.06986953253331392,46,0.08709681268003377,0.1308725640360715,0.15795662263496868,0.019222421535962694,0.9402215113535825,0.07208120278295516,0.05599998474121093,0.1733333163791233,0.019445182758808015,0.8731708061404344
2026-01-12,1684.5040283203125,29987449.0,55.29999923706055,187151237.0,0.10124311894178391,20,0.06986953253331392,46,0.059936895842597426,0.12374586433003709,0.14277959658587425,0.01922018324760226,0.9252767976795373,0.13141678872522777,0.1097683138116623,0.21902649433800203,0.020381625736938018,1.0
2026-01-13,1704.4390869140625,30171800.0,54.900001525878906,128953631.0,0.10124311894178391,20,0.06986953253331392,46,0.011976034291203863,0.1192052389301177,0.15742884677806934,0.019156618269587183,0.9551658589778647,0.14020616983629997,0.10710707492302074,0.22209943065327176,0.020373819521087355,1.0
2026-01-14,1704.4390869140625,29100816.0,54.0,154811585.0,0.10124311894178391,20,0.06986953253331392,46,0.002932565853978053,0.11764708236612509,0.163186392947688,0.019192325965188797,1.0,0.11585367224695364,0.10574017801920021,0.22000003390842005,0.02039700066531842,0.9650657044079574
2026-01-15,1684.5040283203125,36391886.0,54.70000076293945,98309216.0,0.10124311894178391,20,0.06986953253331392,46,0.020895553162076697,0.1250000604285788,0.17513698870518057,0.01907577830147032,1.0,-0.0018484006828378696,0.09090909090909083,0.2148481231303585,0.020492544158025577,0.8864629562935671
2026-01-16,1734.3414306640625,53551629.0,58.5,304570619.0,0.10124311894178391,20,0.06986953253331392,46,0.002967301034528802,0.09032255617693208,0.18575761421679648,0.01884514029351262,0.9411013684875659,0.035984877904037704,0.11065991396831376,0.23895807185593343,0.020446268839440666,0.9475983900312805
2026-01-19,1754.2763671875,29580038.0,62.5,338651958.0,0.10124311894178391,20,0.06986953253331392,46,0.03571424405830559,0.09779174082712272,0.20816607843112234,0.019226168403867056,1.0,0.06170601851242874,0.20123201403557922,0.33409354699350513,0.022616226893600044,1.0
2026-01-20,1769.2276611328125,29401234.0,67.80000305175781,469623641.0,0.10124311894178391,20,0.06986953253331392,46,0.04142010805207774,0.05389219097765863,0.2568445444794816,0.01855585519345318,1.0,0.1301989306016882,0.2886597938144331,0.4140271249136407,0.02451233825982009,1.0
2026-01-21,1734.3414306640625,45192749.0,68.4000015258789,438361845.0,0.10124311894178391,20,0.06986953253331392,46,0.038011668892228734,0.04105570646845291,0.2766427307930337,0.018450532539167622,1.0,0.23497269885863425,0.37804882114613814,0.5287487121633196,0.027168043979025815,1.0
2026-01-22,1754.2763671875,32069478.0,67.5999984741211,268253929.0,0.10124311894178391,20,0.06986953253331392,46,0.017543803107765488,0.03880594374034563,0.199862462427566,0.017912355500668817,0.9134878629696765,0.26666669492368356,0.26432538733985855,0.5319148754392455,0.027162948868732745,1.0
2026-01-23,1764.243896484375,27601167.0,64.80000305175781,268830260.0,0.10124311894178391,20,0.06986953253331392,46,0.04142010805207774,0.044510315016079716,0.27499396484090655,0.015889088756548354,0.9629232401094131,0.23583176473960288,0.2803030199036891,0.502222188313802,0.027376969839495138,0.9656651095718437
2026-01-26,1749.292724609375,22960198.0,69.30000305175781,223044536.0,0.10124311894178391,20,0.06986953253331392,46,0.01724139508612388,0.05357140253644088,0.291563617704234,0.015752921260510994,0.9864748782964317,0.10769235985910797,0.1760436451226497,0.3920516458390748,0.02822051608076559,0.8454936479568615
2026-01-27,1774.21142578125,28985200.0,76.19999694824219,499434330.0,0.10124311894178391,20,0.06986953253331392,46,-0.0028408537396618083,0.038461585843558854,0.2444168991990776,0.015487495789853797,0.9458998444645789,0.1088000488281251,0.2531646294366465,0.536585485507787,0.02904889696132013,1.0
2026-01-28,1814.081298828125,29301156.0,75.9000015258789,525499756.0,0.10124311894178391,20,0.06986953253331392,46,0.0028169154020836196,0.040935659949873804,0.2402315067410732,0.015429921970861371,1.0,0.1238937097107784,0.3879780479117625,0.676567561476846,0.03211625322949829,1.0
2026-01-29,1799.130126953125,32224002.0,68.4000015258789,277417422.0,0.10124311894178391,20,0.06986953253331392,46,0.04597703010158205,0.06432744517292965,0.27252030100451585,0.015590523473058612,1.0,0.1096491203609462,0.4055555838125724,0.6517954355964961,0.03221992303618469,0.9901317287845407
2026-01-30,1769.2276611328125,40825139.0,62.400001525878906,369865203.0,0.10124311894178391,20,0.06986953253331392,46,0.025568240332357384,0.06804738766170293,0.2576504895361007,0.015738617922994986,0.9638280165124751,0.011834364938100972,0.2504570488456286,0.493449839853509,0.03645559461118296,0.7373738645173521
2026-02-02,1759.2601318359375,28251381.0,60.70000076293945,192416866.0,0.10124311894178391,20,0.06986953253331392,46,0.0028248728298669867,0.02011497266451867,0.2630613683351535,0.015578705660838094,0.8860041144386018,-0.03703705884028974,0.06666669275006676,0.341935516685568,0.03944920125439571,0.5241380262885292
2026-02-03,1794.1463623046875,26744162.0,60.79999923706055,183445997.0,0.10124311894178391,20,0.06986953253331392,46,0.005697964146502921,0.002840923324086919,0.23837999888465666,0.0156153414658669,0.8589742784558909,-0.12409815166090699,-0.028799987792968773,0.28601694452937254,0.039797339107576934,0.45993038907789585
2026-02-04,1779.195068359375,26952301.0,61.79999923706055,102061867.0,0.10124311894178391,20,0.06986953253331392,46,0.011235941914115033,0.014084508014033492,0.2455172842766149,0.015721024368233565,0.9487180050808763,-0.20209971558977724,-0.10324488937490961,0.27999998393811687,0.039805173101728424,0.45390073128566133
2026-02-05,1759.2601318359375,26299986.0,61.5,92170463.0,0.10124311894178391,20,0.06986953253331392,46,-0.01923079769979774,0.02586205743706338,0.23941173894501966,0.015805629792448418,0.9102562733750145,-0.18577077740915215,-0.09649125937988867,0.287499984105428,0.039829675575373716,0.48014442968754734
2026-02-06,1774.21142578125,33263592.0,61.900001525878906,120535637.0,0.10124311894178391,20,0.06986953253331392,46,-0.022160706732596624,0.002840923324086919,0.21293372672988875,0.015984458726796245,0.8589742784558909,-0.10087721304024111,-0.09023666585519707,0.25766867241206337,0.039823500511390046,0.4693141311275475
2026-02-09,1809.0975341796875,36529289.0,62.400001525878906,139921949.0,0.10124311894178391,20,0.06986953253331392,46,0.0028169154020836196,0.0056497456597341955,0.19460423680884564,0.015706029520228256,0.8974360101617528,-0.008012820316881553,-0.04475310785961817,0.2555781436878095,0.039822348604906146,0.4837546210173592
2026-02-10,1873.88623046875,41859169.0,62.400001525878906,91242137.0,0.10124311894178391,20,0.06986953253331392,46,0.028328614649921313,0.03418799422701957,0.23043909196033674,0.015710608899788096,0.9871794227647127,0.028006602002835335,-0.09956711720092615,0.2580645855954258,0.0398233954483267,0.5018051645222649
2026-02-11,1908.7723388671875,40488310.0,62.79999923706055,87219731.0,0.10124311894178391,20,0.06986953253331392,46,0.044444461075980435,0.05617977837314947,0.2533333703460612,0.016317451011484192,1.0,0.02631582744894323,-0.18110230938377514,0.2644377599849608,0.03979613608490875,0.5018051645222649
2026-02-23,1893.8211669921875,69816209.0,63.900001525878906,140691976.0,0.10124311894178391,20,0.06986953253331392,46,0.07282915336950535,0.05219779295461113,0.3027211020373275,0.015927751043951114,1.0,0.01618122997322491,-0.17259554710748948,0.29085297569116597,0.03966339099443108,0.5162455166973587
2026-02-24,1958.6097412109375,40961679.0,67.5,182119009.0,0.10124311894178391,20,0.06986953253331392,46,0.076487287309708,0.052631568234269066,0.28378378602024434,0.016078977676770946,0.9690722612676788,0.039024415054941475,-0.06578947221656772,0.3094262812477844,0.039692404010085225,0.5559567950369819
2026-02-25,2008.4471435546875,40832607.0,65.5,148725670.0,0.10124311894178391,20,0.06986953253331392,46,0.1039325487087821,0.10704223330810136,0.35517241000691646,0.016098064474735392,1.0,0.09046847069591535,0.08173074277900438,0.38178100529028636,0.040393912113578415,0.6859206531864156
2026-02-26,1988.51220703125,58561388.0,65.4000015258789,174910983.0,0.10124311894178391,20,0.06986953253331392,46,0.11019284787505534,0.14164307324960634,0.404181137090476,0.016083774210672596,1.0,0.049679461511478396,0.07907741642058097,0.3313007923637825,0.04082072129156894,0.6137184791667929
2026-03-02,1968.5772705078125,48884884.0,64.5,96568472.0,0.10124311894178391,20,0.06986953253331392,46,0.06117018989665479,0.10833332709650745,0.39510488791812315,0.016228351661138184,0.9658120033872509,0.048076921901289094,0.0756579333312628,0.29761903860851957,0.04075721000206586,0.610108425551699
2026-03-03,1928.707275390625,43090471.0,62.599998474121094,114479134.0,0.10124311894178391,20,0.06986953253331392,46,0.03133162107541754,0.10644262988153952,0.3811188901023461,0.016422750973937132,0.9316240067745019,0.027070076171851642,0.04368933327300595,0.28230618247161,0.0408610878143915,0.5776173921569816
2026-03-04,1858.9349365234375,68160943.0,60.0,114266906.0,0.10124311894178391,20,0.06986953253331392,46,0.018421015144658215,0.09631727593227213,0.3531468088284262,0.016947756156660426,0.8545454100114275,-0.020344335222454157,0.01788615405074956,0.2347139552684241,0.04124009858710021,0.5090252717524528
2026-03-05,1893.8211669921875,48120463.0,62.099998474121094,75570495.0,0.10124311894178391,20,0.06986953253331392,46,-0.05089058968218685,0.04775277033563263,0.27303757461701816,0.01800527018900785,0.7142857142857143,-0.11111111111111116,-0.0306946927147419,0.17878189000631783,0.04188347821264003,0.4151625006128305
2026-03-06,1883.8536376953125,30082724.0,62.0,54687401.0,0.10124311894178391,20,0.06986953253331392,46,-0.05707194084262879,0.04683198733722049,0.2751678497762482,0.01803285514611432,0.7788462376356781,-0.051908420242426034,-0.004807741096502949,0.24199996948242197,0.041983396480756316,0.4909747282475472
2026-03-09,1804.11376953125,76459172.0,59.70000076293945,111723835.0,0.10124311894178391,20,0.06986953253331392,46,-0.052631595102042406,0.005319110127656623,0.2642140564118982,0.01811210369292151,0.7524751995025593,-0.05198778970262741,-0.006410280706692251,0.2487411499410317,0.04195083654494887,0.4873646746324532
2026-03-10,1843.9837646484375,41375691.0,60.400001525878906,75467464.0,0.10124311894178391,20,0.06986953253331392,46,-0.08354434618364648,-0.054830304905848504,0.19867542525186965,0.01955514658711604,0.5858585158836801,-0.07441859282264418,-0.04936303362710348,0.19519519221377157,0.04247842103393665,0.40433220205283066
2026-03-11,1933.6910400390625,36167313.0,62.20000076293945,55747854.0,0.10124311894178391,20,0.06986953253331392,46,-0.04392761505243359,-0.026315791169924996,0.20915032418154156,0.019698815785753578,0.6666667491370913,-0.03514372207455674,-0.05477308163416139,0.21651560261074332,0.04245318444100616,0.42960299050264217
2026-03-12,1878.869873046875,34040589.0,60.599998474121094,64444916.0,0.10124311894178391,20,0.06986953253331392,46,0.04021448090885471,-0.01272264742054674,0.2763158000751893,0.02074244252091952,0.8387096604275286,0.03666667938232426,-0.07851850721571185,0.2565656719785747,0.042593448519194305,0.49458491957735906
2026-03-13,1858.9349365234375,31214304.0,59.5,64162838.0,0.10124311894178391,20,0.06986953253331392,46,-0.00789477602526667,-0.06451614667761574,0.2161290019276556,0.021287662248382844,0.6976742927580613,-0.024154589965490803,-0.0748091836012047,0.23045682180956528,0.04284686987885424,0.4368230977328301
2026-03-16,1839.0,31249086.0,60.5,58677753.0,0.10124311894178391,20,0.06986953253331392,46,-0.013227514427479825,-0.0651629243459686,0.1766560977956042,0.021230900495549692,0.5652173604363999,-0.040322580645161255,-0.09021408850494084,0.22176589461738394,0.04292795651869814,0.3971119571079248
2026-03-17,1870.0,23812211.0,60.70000076293945,46464259.0,0.10124311894178391,20,0.06986953253331392,46,0.019337045732883196,-0.06582280129364027,0.10479042838337804,0.019846294325075575,0.5,0.013400322057569802,-0.06201550387596899,0.24742268041237114,0.04293305613540969,0.4185185493919301
2026-03-18,1905.0,23068156.0,61.099998474121094,65532503.0,0.10124311894178391,20,0.06986953253331392,46,0.014108711719879263,-0.030438665389870945,0.10035255149103528,0.019763519290140148,0.5914739527314459,0.004966874660293108,-0.030351401876904216,0.23373983377379393,0.04291514946764348,0.3376069358376008
2026-03-19,1850.0,31040569.0,58.70000076293945,84931746.0,0.10124311894178391,20,0.06986953253331392,46,-0.014837447888512156,0.02478035275549395,0.14102407279035423,0.019658316049484054,0.6901950175386005,-0.017684924040608285,0.01833330790201826,0.1293900221337061,0.040281652901090606,0.35470085679087093
2026-03-20,1840.0,46312322.0,57.79999923706055,80718669.0,0.10124311894178391,20,0.06986953253331392,46,-0.015365552165705898,-0.023139020598119786,0.10150493897248936,0.020269994325632843,0.525480232288207,-0.031353098333707474,-0.054750367064799854,0.11174245475628086,0.04060505256795619,0.2117117751816449
2026-03-23,1810.0,34902948.0,56.70000076293945,62921550.0,0.10124311894178391,20,0.06986953253331392,46,-0.010185905999942846,-0.02327868620885143,0.09881144241454387,0.020289528863637406,0.48001011402012705,-0.02857144139394041,-0.06774194778934606,0.04900183008548664,0.04019660981361817,0.17117116033484112
2026-03-24,1810.0,27001025.0,56.5,52694700.0,0.10124311894178391,20,0.06986953253331392,46,-0.015769439912996175,0.003262671439107301,0.0745002502634704,0.02048543873165184,0.3874012620669229,-0.06280990474480241,-0.050251255639218284,0.02531648363822514,0.040325050096119586,0.12162167270717761
2026-03-25,1845.0,40964040.0,59.099998474121094,53911720.0,0.10124311894178391,20,0.06986953253331392,46,-0.03208556149732622,-0.01842953571498318,0.06193293377063935,0.020427003477017716,0.3874012620669229,-0.06919276293491872,-0.06456956005552283,0.029143869392551425,0.04030978284659789,0.11261262809308413
2026-03-26,1840.0,20958470.0,58.20000076293945,34931899.0,0.10124311894178391,20,0.06986953253331392,46,-0.03149606299212604,-0.045866189687299164,0.0824675485120605,0.020606385005594925,0.4954449226789944,-0.03273322504004805,-0.04983926448221898,0.0944444161874276,0.04078264726473933,0.2046510926448188
2026-03-27,1820.0,28974140.0,57.79999923706055,41464196.0,0.10124311894178391,20,0.06986953253331392,46,-0.00540540540540535,-0.02068790053237779,0.09230964667667729,0.020506105732658812,0.38546649838742286,-0.008517887453174944,-0.039603923623967474,0.06398537387903169,0.040845939043159626,0.08629446833955691
2026-03-30,1780.0,39889700.0,57.0,60495316.0,0.10124311894178391,20,0.06986953253331392,46,-0.010869565217391353,-0.020944754847769587,0.049389680613891374,0.02014049792723428,0.3125019483636862,0.0,-0.02857144139394041,-0.011965825007511977,0.0394584882184676,0.06598981921043112
