Date,Close,Volume,VIX_Close,ADR_Ret,SOX_Ret,FX_Ret,RSI_14,MACD,MACD_Signal,Ret_5D,Ret_10D,Ret_20D,Ret_42D,Vol_42D,Position_42D,Next_Day_Return,Target_Binary,PTT_Score,PTT_Volume,News_Score,News_Volume
2016-03-03,116.5204849243164,28822000.0,16.700000762939453,-0.0024371502308141446,0.0009016136731045954,0.035256439854321364,71.05270839204297,2.1064631455590472,1.9715537136532262,0.0337835904381798,0.0337835904381798,0.04794521683254138,0.09677439873800187,0.013567872570769975,1.0,-0.009740271007380397,0,-0.015998870134353638,20,0.049956995932782286,61
2016-03-04,115.38554382324219,32794000.0,16.860000610351562,0.003664757778560679,0.010452065283889533,-0.04694661241898612,69.2308487847356,2.0818717468218892,1.993617320286959,0.023255887185581026,0.01986757310741094,0.05479456312203057,0.11594187967189962,0.013423993131979537,1.0,-0.003278736435134655,0,-0.015998870134353638,20,0.049956995932782286,61
2016-03-07,115.0072250366211,23906000.0,17.350000381469727,0.002028385713652492,0.0031662069626721134,-0.0007234977477315052,62.857149442268664,2.008700670852093,1.996633990399986,0.02348993788197773,0.00993378655370547,0.044520578220110574,0.12546147539068286,0.013166916372013424,0.9333332735796589,0.0,0,-0.015998870134353638,20,0.049956995932782286,61
2016-03-08,115.0072250366211,35683000.0,18.670000076293945,-0.0020242796936414953,-0.022476532258961957,0.038623750201208784,61.76466924685262,1.9284817290426872,1.9830035381285263,0.020134184131650468,0.006622479850658225,0.041095870543052415,0.14285702371881626,0.0127689491035383,0.911110732671173,0.0065789774825602,1,-0.015998870134353638,20,0.049956995932782286,61
2016-03-09,115.76385498046875,24004000.0,18.34000015258789,0.0036507719028180396,0.008244400064439938,-0.03294432553502591,56.666686833608615,1.9040130752363496,1.967205445550091,0.0,0.016722451563252916,0.041095870543052415,0.13432837280960874,0.012760537109443196,0.911110732671173,0.009804065008501617,1,-0.015998870134353638,20,0.049956995932782286,61
2016-03-10,116.89881134033203,28302000.0,18.049999237060547,0.0,0.005145580328779653,0.04074210851562876,60.60614394039395,1.953682152098125,1.9645007868596978,0.0,0.0337835904381798,0.04794521683254138,0.15037585434364797,0.012661026824509812,0.9555553663355865,0.003236423373961461,1,-0.015998870134353638,20,0.049956995932782286,61
2016-03-11,117.27714538574219,29566000.0,16.5,0.024656913554000015,0.01942527951161299,-0.0040954464636281385,61.76485067911951,2.0005129805883826,1.9717032256054348,0.0032468661305464774,0.026578262068566394,0.05821933986371608,0.16165421400384394,0.012686812842824538,1.0,0.0064512498576934085,1,-0.015998870134353638,20,0.049956995932782286,61
2016-03-14,118.03372955322266,32751000.0,16.920000076293945,-0.005128429185778716,-0.004232847347294011,-0.041908497552258894,69.69706784653556,2.0747602244685055,1.992314625378049,0.016393748296560595,0.0402687743076775,0.06164418567002916,0.16104899748752532,0.012686961559112597,1.0,-0.009615202511913168,0,-0.015998870134353638,20,0.04821036291904137,61
2016-03-15,116.89881134033203,28689000.0,16.84000015258789,-0.01348126677884065,-0.0014321664910051934,0.0035662109279768206,69.69702525329379,2.018752364662859,1.997602173235011,0.02631577725345391,0.04697980808989288,0.07586206944510998,0.18631175529227018,0.012346173253967838,1.0,0.009708552207485566,1,-0.015998870134353638,20,0.04821036291904137,61
2016-03-16,118.03372955322266,30962000.0,14.989999771118164,0.03617372129840324,0.008818952310328143,0.034938207758066664,67.74199843998936,2.042400624080912,2.0065618634041913,0.016447543213990334,0.016447543213990334,0.04745770289648199,0.12773715536186203,0.010995104068614495,0.9302338233418128,0.016025876164935893,1,-0.015998870134353638,20,0.04821036291904137,61
2016-03-17,119.92532348632812,48193000.0,14.4399995803833,-0.0003880108874236843,0.007199155686034242,-0.0397751449810998,78.7879824927002,2.188549623997133,2.04295941552278,0.019607800492968064,0.019607800492968064,0.05405381283239552,0.138685850411014,0.011034092666466207,1.0,0.006309175759145802,1,-0.015998870134353638,20,0.04821036291904137,61
2016-03-18,120.68195343017578,55975000.0,14.020000457763672,0.010477180382541418,0.013634682668976383,0.03471415573069203,80.00010371537275,2.338471033993443,2.1020617392169125,0.02589001642783928,0.02922094397584485,0.049669066323963396,0.1485507548180911,0.011194999485360494,1.0,0.003134462108891567,1,-0.015998870134353638,20,0.04821036291904137,61
2016-03-21,121.06022644042969,26100000.0,13.789999961853027,-0.004224360702573704,0.0013777056359254303,-0.03706654020230793,76.66671372286454,2.459457210347068,2.1735408334429436,0.029032153138061734,0.04590184724567492,0.05629161295233964,0.18587376034667225,0.010238652658808764,1.0,-0.009374697103016083,0,-0.015998870134353638,20,0.04821036291904137,61
2016-03-22,119.92532348632812,25809000.0,14.170000076293945,-0.004627760760829491,-0.0009764396683716869,0.03334813043972362,67.74215373245795,2.4356853782701933,2.2259697424083935,0.025640949402029545,0.05263148816851437,0.05960251898907876,0.18518470383614116,0.010239604475322106,1.0,0.006309175759145802,1,-0.015998870134353638,20,0.04821036291904137,61
2016-03-23,120.68195343017578,27478000.0,14.9399995803833,-0.0050370289120899026,-0.013090427928487691,-0.0005531639441691549,67.74215373245795,2.4496615694197885,2.270708107810673,0.02589001642783928,0.04276338680583747,0.06020094703363177,0.14440455238355665,0.009845972387419431,0.9333354844665772,-0.006269619626976142,0,-0.015998870134353638,20,0.04821036291904137,61
2016-03-24,119.92532348632812,24853000.0,14.739999771118164,0.0019473199522013207,-0.00048015982004678825,0.0029213789734618967,70.0002285594436,2.372337261330699,2.291033938514678,0.022436161993500514,0.04248388627466482,0.07770273492697011,0.14336963756295096,0.00983804561822055,0.9777801380489759,-0.0031545560706341957,0,-0.015998870134353638,20,0.04821036291904137,61
2016-03-25,119.54701232910156,10175000.0,14.739999771118164,0.0,0.0,0.0031276237522079864,70.00027561598492,2.2545416881906135,2.283735488449865,0.0,0.02589001642783928,0.053156390137984344,0.15272761726413409,0.009561326048883143,0.9268316676815682,0.006328694656150491,1,-0.015998870134353638,20,0.04821036291904137,61
2016-03-28,120.3035888671875,15268000.0,15.239999771118164,-0.003886587956239085,-0.001396091895593532,0.0012838091608937674,71.87515558600228,2.196912610413179,2.266370912842528,-0.00940439783095548,0.019354725389106653,0.06040289076526517,0.13261693462347357,0.009449054729694407,0.9000024704441606,0.0,0,-0.015998870134353638,20,0.04821036291904137,61
2016-03-29,120.3035888671875,18977000.0,13.819999694824219,0.013265706445473313,0.013424320711975524,-0.0014653459028017846,70.00013444745457,2.126725582406209,2.2384418467552645,-0.006250092168913146,0.019230598936055276,0.06711385687341775,0.13571403722962794,0.009462582926574009,0.942856220941656,0.01572356718791057,1,-0.015998870134353638,20,0.04821036291904137,61
2016-03-30,122.1951904296875,43616000.0,13.5600004196167,0.018867989480245928,0.009864365316416102,-0.0007949181220339163,71.87519103573669,2.198396547416067,2.230432786887425,0.0031541743633696218,0.02912585241729282,0.04605244434756095,0.1118877627721857,0.009016186856819134,0.942856220941656,0.0030958953990067872,1,-0.015998870134353638,20,0.04821036291904137,61
2016-03-31,122.57349395751953,49433000.0,13.949999809265137,-0.009826115014452408,-0.005728585180126755,-0.008291770020537714,71.8751201361785,2.259674119972587,2.2362810535044573,0.012539049596899776,0.035256539738400816,0.05555564342863173,0.12152787576255109,0.009219059432582903,1.0,-0.021604756344052567,0,-0.015998870134353638,20,0.04821036291904137,61
2016-04-01,119.92532348632812,31564000.0,13.100000381469727,-0.0030533795463379976,0.0069435389876040254,-0.004350205040574373,56.756918800332485,2.0706822760403867,2.203161298011643,0.022081828876561627,0.022081828876561627,0.05194802473689264,0.13684204790954824,0.008980127691573334,1.0,0.0,0,-0.015998870134353638,20,0.0451931034932371,61
2016-04-04,119.92532348632812,31564000.0,14.119999885559082,-0.010336979346862618,-0.009096395138930014,0.0029128868112613393,61.7648297456758,1.899014224229802,2.142331883255275,0.003164538785671356,-0.006269619626976142,0.03934444049629282,0.08561665595704504,0.009113253622295285,0.794119461378678,0.0,0,-0.015998870134353638,20,0.0451931034932371,61
2016-04-05,119.92532348632812,31564000.0,15.420000076293945,-0.013152997817920786,-0.006011337850037823,0.0,58.06469450539728,1.7428752750992231,2.0624405616240646,-0.0031442568290873663,-0.009374697103016083,0.04276338680583747,0.08561665595704504,0.009113253622295285,0.794119461378678,-0.03154600603148372,0,-0.015998870134353638,20,0.0451931034932371,61
2016-04-06,116.14215850830078,58134000.0,14.09000015258789,0.004312224651163099,0.010248320062667071,0.0,36.11090726263868,1.2988914246830632,1.9097307342358645,-0.0031442568290873663,0.0,0.04276338680583747,0.08561665595704504,0.009113253622295285,0.794119461378678,0.006514885221262423,1,-0.015998870134353638,20,0.0451931034932371,61
2016-04-07,116.89881134033203,35238000.0,16.15999984741211,-0.009757945378187527,-0.015850547251915148,0.0014520954078542925,36.111014633370274,0.9965984182263696,1.7271042710339657,-0.04953576241504942,-0.037617844199892225,0.0032678898598863526,0.05136978638034506,0.01047952544378574,0.4999994068569707,0.01941736547475248,1,-0.015998870134353638,20,0.0451931034932371,61
2016-04-08,119.1686782836914,41032000.0,15.359999656677246,-0.0035476526105830963,0.005768099150806005,-0.027798318647281883,43.90248461289118,0.9294739280997675,1.567578202447126,-0.046296164317174315,-0.025236639418705686,0.0,0.05821933986371608,0.01050878994807211,0.5588249599331884,0.006349363050208945,1,-0.015998870134353638,20,0.0451931034932371,61
2016-04-11,119.92532348632812,21758000.0,16.260000228881836,0.009098010492928799,-0.0010576663169600264,0.029481735158849887,50.0,0.9266503815943992,1.4393926382765807,-0.006309302994900623,-0.003164730243267244,0.016128742661050355,0.07876717153830137,0.010866620025487378,0.7352945014454896,0.0,0,-0.015998870134353638,20,0.0451931034932371,61
2016-04-12,119.92532348632812,14859000.0,14.850000381469727,0.002351927840984702,-0.0012824118444250132,-0.0018494932531949448,47.36841267305673,0.9138780829751596,1.3342897272162966,0.0,-0.0031442568290873663,0.016025876164935893,0.08561665595704504,0.010884198660041193,0.794119461378678,0.018927336423804952,1,-0.015998870134353638,20,0.0451931034932371,61
2016-04-13,122.1951904296875,39611000.0,13.84000015258789,0.023465257992359323,0.02300898020781883,-0.0002780322807258706,57.1428159859869,1.0745287381371895,1.2823375294004753,0.0,-0.0031442568290873663,0.02589001642783928,0.08561665595704504,0.010884198660041193,0.794119461378678,0.0,0,-0.015998870134353638,20,0.0451931034932371,61
2016-04-14,122.1951904296875,31338000.0,13.720000267028809,-0.03324439970560422,-0.008567459546115486,-0.0008958428859857648,58.536534978687065,1.1881492943110032,1.263499882382581,0.05211743951662573,0.0,0.035256539738400816,0.11379324324953943,0.011096788067540796,0.9655181046466588,-0.012383768904410841,0,-0.015998870134353638,20,0.0451931034932371,61
2016-04-15,120.68195343017578,48779000.0,13.619999885559082,0.006324193697204272,-0.008523788147420275,0.0026281332929005696,51.16294557537584,1.142914023040987,1.2393827105142623,0.04530738190259198,-0.003086340411925792,0.018927336423804952,0.09491526906842451,0.010859427345532975,0.964286563147997,-0.00940439783095548,0,-0.015998870134353638,20,0.0451931034932371,61
2016-04-18,119.54701232910156,20279000.0,13.350000381469727,0.0015713562530907943,0.0006979045644281978,-0.002682887434367398,47.82623563442635,1.003912010159226,1.192288570443255,0.012698598056797294,0.006309175759145802,0.0,0.07770273492697011,0.011088292616084702,0.8214306549996291,-0.003164730243267244,0,-0.015998870134353638,20,0.0451931034932371,61
2016-04-19,119.1686782836914,26577000.0,13.239999771118164,-0.013333528105644477,-0.012389513248357797,0.0015460493761483285,40.476187046456225,0.853386212852655,1.124508098925135,-0.0031545560706341957,-0.0031545560706341957,-0.012499680165993565,0.04635782639863417,0.010827884266221001,0.7142874634564788,-0.02222222649034289,0,-0.015998870134353638,20,0.0451931034932371,61
2016-04-20,116.5204849243164,40996000.0,13.279999732971191,-0.0015897964030152645,0.00982563243705803,-0.004013617491971377,33.33337534756271,0.5144758049517577,1.0025016401304596,-0.006309302994900623,-0.006309302994900623,-0.006309302994900623,0.043046386140151105,0.010846983670614504,0.6785711456173343,0.01948060749161251,1,-0.015998870134353638,20,0.0451931034932371,61
2016-04-21,118.79037475585938,29723000.0,13.949999809265137,0.0015923278801515117,-0.006650348249526483,-0.0008368448218674107,46.808497857171055,0.4241585681729845,0.8868330257389646,-0.046439679707659054,0.0032574426106313226,-0.034482939557877845,0.01986757310741094,0.011426529979578506,0.4285706054322453,-0.003184823827630523,0,-0.015998870134353638,20,0.0451931034932371,61
2016-04-22,118.41204833984375,28990000.0,13.220000267028809,-0.003577362688948149,0.002021981541911133,-0.024540136866591955,45.83329131920987,0.31838359941146166,0.7731431404734641,-0.027863745388467587,0.016181203160572366,-0.009463795447657408,0.05016742213749281,0.011668257624535123,0.6428577087653313,0.006389805382608804,1,-0.015998870134353638,20,0.0451931034932371,61
2016-04-25,119.1686782836914,14306000.0,14.079999923706055,-0.0023929094517991523,-0.005545374363173705,0.02798801528426753,47.99995966644148,0.2922411140002765,0.6769627351788267,-0.01880898531896369,-0.0063492350065881276,-0.009493871633808548,0.057432240007521784,0.011554276931746588,0.5769230470904244,0.003174777557820141,1,-0.015998870134353638,20,0.0451931034932371,61
2016-04-26,119.54701232910156,18119000.0,13.960000038146973,0.0,0.013677591964407876,0.0009282406811834676,60.975668540865016,0.2986092203461652,0.6012920322122944,-0.003164730243267244,-0.006309302994900623,-0.00943372175495949,0.04651170737158794,0.01132205663911616,0.6538464820053318,-0.009493871633808548,0,-0.015998870134353638,20,0.0451931034932371,61
2016-04-27,118.41204833984375,28845000.0,13.770000457763672,0.00959608622109731,0.010142088059066134,6.17860192151376e-05,54.761832737693105,0.20965708548722262,0.5229650428672801,0.003174777557820141,-0.0031545560706341957,-0.006288894165253689,0.06040289076526517,0.01118826042257609,0.6923101385852007,-0.022364222192784444,0,-0.015998870134353638,20,0.0451931034932371,61
2016-04-28,115.76385498046875,48915000.0,15.220000267028809,-0.04316805091560283,-0.027258325834518593,-0.0004944934254422773,39.534926257644024,-0.07367590451464423,0.4036368533908952,0.016233741361066034,-0.030959828095857955,-0.030959828095857955,0.050335561840220144,0.011313653628732056,0.45000030250290907,-0.019607602778546673,0,-0.015998870134353638,20,0.0451931034932371,61
2016-04-29,113.49400329589844,66445000.0,15.699999809265137,-0.023592923572232416,-0.026181133745821872,-0.002041000975202545,31.91494748043388,-0.47589161904575406,0.22773115890356538,-0.025477819912689048,-0.05263165781405621,-0.055555559013523825,0.0065789774825602,0.011481152768461894,0.1000004033372121,0.0,0,-0.015998870134353638,20,0.0451931034932371,61
2016-05-02,113.49400329589844,66445000.0,14.680000305175781,0.0042389546319108184,0.0076393722233587535,-0.03135842682032941,31.91494748043388,-0.7855946248003818,0.02506600216277594,-0.04153331618612388,-0.05956110197069486,-0.053627707672290525,-0.019607602778546673,0.011833090586007223,0.0,-0.016666839205409345,0,-0.015998870134353638,20,0.0451931034932371,61
2016-05-03,111.6024169921875,68550000.0,15.600000381469727,-0.015618463064740129,-0.01176438123285628,0.03243755675597715,19.565335570969992,-1.1701825580973377,-0.2139837098892468,-0.047618846407643356,-0.05063287584753495,-0.053627707672290525,-0.02597381593789072,0.011782483064706216,0.0,-0.0033898115060809753,0,-0.015998870134353638,20,0.0451931034932371,61
2016-05-04,111.22410583496094,52973000.0,16.049999237060547,0.004288034247195371,-0.012013274970874788,-0.0024167788062906537,19.14905576504229,-1.4883411444979515,-0.4688551968109878,-0.06645582505268599,-0.06349202995682945,-0.06940074249697115,-0.03278683538424898,0.0119612556553923,0.0,0.0034013414123366115,1,-0.015998870134353638,20,0.0451931034932371,61
2016-05-05,111.6024169921875,38269000.0,15.90999984741211,0.0034159288638513363,0.0030083053568850104,0.004348347414711906,22.727353977689134,-1.6904708717909216,-0.7131783318069747,-0.060702796764847355,-0.04545448890635517,-0.042345111684731984,-0.03289462205922733,0.011961846725323065,0.0,0.003389948230620332,1,-0.015998870134353638,20,0.0451931034932371,61
2016-05-06,111.98074340820312,36510000.0,14.720000267028809,-0.0038294280311004236,0.0010835295363633701,0.0010514719900036607,26.190606519814324,-1.7993901078876888,-0.9304206870231175,-0.035947645221242386,-0.06050959750269935,-0.045307512432482544,-0.029605166487143952,0.011978383422722038,0.033333176479762194,-0.0033784953064341927,0,-0.015998870134353638,20,0.0451931034932371,61
2016-05-09,111.6024169921875,38478000.0,14.569999694824219,-0.0017090646088161465,-0.0015059168198529038,0.0009886158917913335,26.190619095520816,-1.894399706587123,-1.1232164909359188,-0.013333390696863345,-0.05431292695134127,-0.06031731642081972,-0.032679557646934754,0.011941526172215269,0.0666676974187056,-0.0033898115060809753,0,-0.015998870134353638,20,0.0451931034932371,61
2016-05-10,111.22410583496094,29785000.0,13.630000114440918,0.0008560483867110502,0.012190922854010688,0.00018518976358583572,30.555700270626517,-1.977427493533952,-1.2940586914555254,-0.016666839205409345,-0.06349202995682945,-0.06940074249697115,-0.045307512432482544,0.011830875561891963,0.033333176479762194,0.0,0,-0.015998870134353638,20,0.0451931034932371,61
2016-05-11,111.22410583496094,40057000.0,14.6899995803833,-0.007268276570780885,-0.003119679968503819,0.003641077112841229,16.66686833405261,-2.0199429677112875,-1.439235546706678,-0.0033898115060809753,-0.06962036383835724,-0.07255529856760534,-0.0516131214728317,0.011816702747408602,0.0,-0.00680282001425947,0,-0.015998870134353638,20,0.0451931034932371,61
2016-05-12,110.46746826171875,23749000.0,14.40999984741211,-0.009905049912403707,-0.017935759376901395,-0.0002152115007149069,16.129233715677515,-2.0905920719241067,-1.5695068517501638,0.0,-0.060702796764847355,-0.08978327670792774,-0.05769218463262393,0.011756697878495323,0.0,-0.013698623514350805,0,-0.015998870134353638,20,0.0451931034932371,61
2016-05-13,108.95421600341797,60038000.0,15.039999961853027,-0.007394736427086435,0.0039475405572151345,0.00036892962664447637,9.091114647423908,-2.2428348029875025,-1.7041724419976316,-0.010169571242782283,-0.04575164432493706,-0.09597531725045283,-0.05501632569974957,0.011716391423891932,0.0,0.0034721329904312537,1,-0.015998870134353638,20,0.0451931034932371,61
2016-05-16,109.33251953125,31133000.0,14.680000305175781,0.012708494573199447,0.015901852586500453,0.0026129815804909473,9.090892424123908,-2.3063758658113898,-1.8246131267603833,-0.027027213007084328,-0.04000023931347685,-0.09717888295156951,-0.07692304211831791,0.01173767941609626,0.0,0.017301223019654977,1,-0.015998870134353638,20,0.0451931034932371,61
2016-05-17,111.22410583496094,30277000.0,15.569999694824219,-0.006923498405166817,-0.006901593775292758,0.0024220800508625295,22.85724657221681,-2.178979490624542,-1.8954863995332152,-0.020339142485564676,-0.036666992473591176,-0.08544331304350827,-0.08832833339228585,0.011427464559456516,0.02777706197839232,0.0,0,-0.015998870134353638,20,0.0451931034932371,61
2016-05-18,111.22410583496094,31057000.0,15.949999809265137,0.02483661035978879,0.01637208392317069,-0.0026608957532309185,28.571541752495648,-2.054335840656222,-1.9272562877578165,0.0,-0.0033898115060809753,-0.06666661544921837,-0.07837002407064098,0.011746984616145055,0.16666741358776455,0.0,0,-0.015998870134353638,20,0.0451931034932371,61
2016-05-19,111.22410583496094,35132000.0,16.329999923706055,-0.011479779303074755,-0.007099384807711329,0.002667995009822288,36.36362803027942,-1.9332693246906558,-1.9284588951443846,0.0,0.0,-0.04545448890635517,-0.08124981172333112,0.011724326733355292,0.16666741358776455,0.010204092831803013,1,-0.015998870134353638,20,0.0451931034932371,61
2016-05-20,112.35904693603516,36306000.0,15.199999809265137,0.028386853659364997,0.031547642714196744,0.0029056804278901893,43.99995159982738,-1.7258484699346184,-1.8879368101024314,0.006849415354116539,-0.0033898115060809753,-0.06369429287893735,-0.07255529856760534,0.011668598652365556,0.16666741358776455,0.037036964105349846,1,-0.015998870134353638,20,0.0451931034932371,61
2016-05-23,116.5204849243164,50127000.0,15.819999694824219,0.01505692174908324,0.006585681076358041,-0.0017078302621472696,70.96766219158602,-1.2117049012465202,-1.7526904283312492,0.03125010722403232,0.0033782909125099625,-0.0511181209063829,-0.06896562623968538,0.011749206731162882,0.2500008402862351,-0.019480542014760682,0,-0.015998870134353638,20,0.0451931034932371,61
2016-05-24,114.25060272216797,24470000.0,14.420000076293945,0.008240578731415926,0.024168721274953286,-0.0025661279041121476,61.1110457556981,-0.976150487189372,-1.5973824401028738,0.06574407526583981,0.04406775466586166,-0.02222222649034289,-0.028391322725094703,0.013149191112090692,0.5555558045292548,0.023178946588176208,1,-0.015998870134353638,20,0.0451931034932371,61
2016-05-25,116.89881134033203,30719000.0,13.899999618530273,0.006129919960510044,0.005585957605831027,0.001255753883455002,66.66663465587519,-0.5692219768672402,-1.391750347455747,0.02721079989348607,0.02721079989348607,-0.04430398973378846,-0.04430398973378846,0.013464057753161495,0.3888889511323137,0.003236423373961461,1,-0.015998870134353638,20,0.0451931034932371,61
2016-05-26,117.27714538574219,17196000.0,13.430000305175781,0.006904653784865378,0.00306038910522366,-0.0017131188191020774,66.66665066127861,-0.21373598963778306,-1.1561474758921544,0.051020464159014844,0.051020464159014844,-0.012779417472525423,-0.028301545771957537,0.013930424321131979,0.5833345470801173,0.00967710247694642,1,-0.015998870134353638,20,0.0451931034932371,61
2016-05-27,118.41204833984375,22992000.0,13.119999885559082,0.00040340632413293775,0.005971839527971756,-0.0020835600507722596,70.45450587084596,0.15774797948328967,-0.8933683848170656,0.05442201135573077,0.06164418567002916,0.013072218487616416,-0.025156718182251736,0.013942706070702646,0.6111138498218033,0.0031949993376503283,1,-0.015998870134353638,20,0.0451931034932371,61
2016-05-30,118.79037475585938,36339000.0,13.119999885559082,0.0,0.0,-0.0014432057933450038,72.72724356036301,0.4771788605055036,-0.6192589357525518,0.05387195396250122,0.08680556552422969,0.04333308281604209,-0.030959828095857955,0.013801483895030083,0.6944444755661568,-0.003184823827630523,0,-0.015998870134353638,20,0.0451931034932371,61
2016-05-31,118.41204833984375,69656000.0,14.1899995803833,-0.00322554868473679,0.005246386085623556,0.003997572764000257,71.11103044383137,0.6918273995102027,-0.35704166870000087,0.01948060749161251,0.08650541728260519,0.04666653132458798,-0.030864088796973332,0.013802149381295656,0.7428576202765624,0.015974223517483788,1,-0.015998870134353638,20,0.0451931034932371,61
2016-06-01,120.3035888671875,26926000.0,14.199999809265137,0.02144016870688925,0.005619413117846195,-0.0009189155464620624,77.08325805771253,1.0030073806893398,-0.08503185882213274,0.03642383951177486,0.06462576121356811,0.061016880558536046,-0.012618478754046425,0.013407166669549506,0.714285220403556,0.0,0,-0.015998870134353638,20,0.0451931034932371,61
2016-06-02,120.3035888671875,21977000.0,13.630000114440918,-0.0027723007539147693,0.00019908523199818617,-0.00036778734804510105,84.09082054838282,1.2353790767050157,0.17905032828329695,0.02912585241729282,0.08163233108566481,0.08163233108566481,0.0031541743633696218,0.01363799873445139,0.8571403054183729,0.009434165679884865,1,-0.015998870134353638,20,0.0451931034932371,61
2016-06-03,121.43855285644531,31853000.0,13.470000267028809,0.01389984161017166,0.003084859805169593,-0.00018401982594273836,84.7825534179697,1.493896717151486,0.4420196060569348,0.025805910192398418,0.08163233108566481,0.07796580136440157,0.0031541743633696218,0.01363799873445139,0.8571403054183729,0.003115310399559146,1,-0.015998870134353638,20,0.0451931034932371,61
2016-06-06,121.8168716430664,28757000.0,13.649999618530273,-0.002350182549877511,-0.002692691956697524,-0.011011629549171453,83.33326130891417,1.7095938404550992,0.6955344529365677,0.025559092668640204,0.08080796489470954,0.08445924862068166,0.045602685675641075,0.012750977899791764,0.9428563526456897,0.006211145502653226,1,-0.015998870134353638,20,0.0451931034932371,61
2016-06-07,122.57349395751953,47046000.0,14.050000190734863,0.02316455312369925,0.009734226896563225,0.004559109232755265,84.09083513192553,1.9194620978663721,0.9403199819225286,0.025477627235600098,0.045454554383207,0.09152538920007403,0.042071089058521194,0.012726802580655054,0.9714281763228448,0.021605067561196067,1,-0.015998870134353638,20,0.0451931034932371,61
2016-06-08,125.2217025756836,45214000.0,14.079999923706055,0.010360876318623147,-0.0005066291714121984,-0.0018523482471236585,86.27445475413272,2.273267692468167,1.2069095240316563,0.035143768527104546,0.0728476790235495,0.10204072253365015,0.02857139747512072,0.012421688726228433,1.0,0.0,0,-0.015998870134353638,20,0.0451931034932371,61
2016-06-09,125.2217025756836,45214000.0,14.640000343322754,-0.0037980213581050304,0.0010278664388974068,-0.003402431305954967,85.41660889710127,2.5245596233673666,1.4704395438987985,0.04088085613078074,0.07119739833043126,0.12585038679917893,0.04416397584251053,0.01280662337915861,1.0,0.0,0,-0.015998870134353638,20,0.0451931034932371,61
2016-06-10,125.2217025756836,45214000.0,17.030000686645508,-0.01410575310037332,-0.016710748281658416,0.0,81.08102804930294,2.692670855571947,1.7148858062334285,0.04088085613078074,0.06774173402507855,0.1335618037249593,0.04416397584251053,0.01280662337915861,1.0,-0.02114816013273335,0,-0.015998870134353638,20,0.0451931034932371,61
2016-06-13,122.57349395751953,48750000.0,20.969999313354492,-0.008894337441482714,-0.00517852373394001,0.0,78.94725110731598,2.5824431180374177,1.8883972685942265,0.031152789869872688,0.05750811958168378,0.1493057099484365,0.0247678499894608,0.01249352031173996,1.0,0.0,0,-0.015998870134353638,20,0.0451931034932371,61
2016-06-14,122.57349395751953,27509000.0,20.5,-0.002341206503754023,7.188144459058243e-05,0.006083151399195907,74.19339309644934,2.4666528038090973,2.004048375637201,0.006211145502653226,0.0318470179880761,0.12110737485094658,0.0030958953990067872,0.012938939203348878,0.8372084952152975,0.0061728675541377065,1,-0.015998870134353638,20,0.0451931034932371,61
2016-06-15,123.33012390136719,29270000.0,20.139999389648438,0.010559521487903067,-0.0008770836660938475,-3.0832017284709856e-05,74.99981093596779,2.4081818374264827,2.0848750679950574,0.0,0.035143768527104546,0.10204072253365015,0.015673764581861427,0.012786437541166524,0.8372084952152975,-0.015337461644282846,0,-0.015998870134353638,20,0.0451931034932371,61
2016-06-16,121.43855285644531,24408000.0,19.3700008392334,0.0007742200112998976,-0.00011506786456705331,0.0004627298850776729,61.764639590211296,2.184033027276243,2.1047066598512947,-0.015105837370108732,0.025157479196409538,0.10884347395311655,0.03164538785671267,0.012719372248445058,0.8837202867257102,0.015576363522364467,1,-0.015998870134353638,20,0.0451931034932371,61
2016-06-17,123.33012390136719,30633000.0,19.40999984741211,-0.00038690655961703957,-0.008189645933209366,-0.0015109400529094152,65.78937592276333,2.1344231536505873,2.1106499586111536,-0.030211613813122873,0.009434165679884865,0.09183662970184714,0.019047576976143565,0.012949015133824265,0.7674410424479366,0.0,0,-0.015998870134353638,20,0.0451931034932371,61
2016-06-20,123.33012390136719,24911000.0,18.3700008392334,0.020115880568005284,0.011594987480570307,-0.03437203458567695,67.56752337441912,2.0712311084606796,2.1027661885810587,-0.015105837370108732,0.015576363522364467,0.09764302265377656,0.05844156056743022,0.012638881819062323,0.8837202867257102,0.015337523505848383,1,-0.015998870134353638,20,0.0451931034932371,61
2016-06-21,125.2217025756836,27970000.0,18.479999542236328,0.008343087323711362,0.0033281793586685815,0.031469849794158566,67.56761176059558,2.149013062933008,2.1120155634514486,0.0061728675541377065,0.012422353635338279,0.05844156056743022,0.038216472966248416,0.012313601749194082,0.8837202867257102,0.0030208262822915,1,-0.015998870134353638,20,0.0451931034932371,61
2016-06-22,125.5999755859375,30359000.0,21.170000076293945,-0.0018808621089638766,-0.0016443013639096948,-6.197759628168154e-05,68.42100235420988,2.215638788047727,2.1327402083707043,0.021605067561196067,0.021605067561196067,0.0960266256117257,0.05750811958168378,0.012491673034231428,1.0,-0.012047885393837166,0,-0.015998870134353638,20,0.0451931034932371,61
2016-06-23,124.08676147460938,22494000.0,17.25,0.010173586402780543,0.026380211829797773,-0.0010232851486797756,58.9744252692281,2.121876748552495,2.1305675164070625,0.01840468178225141,0.0030208262822915,0.07443329958483003,0.053968017392421075,0.012469700980921709,1.0,-0.030488124296772723,0,-0.015998870134353638,20,0.0451931034932371,61
2016-06-24,120.3035888671875,86547000.0,25.760000228881836,-0.042148639225662476,-0.057585722131838546,-0.001241608986000009,45.83325455655395,1.722443982560435,2.048942809637737,0.02180698432148276,-0.009063453680389522,0.05806430627612347,0.03797459306645257,0.012634848113286983,0.9090931174497305,0.01634017890935513,1,-0.015998870134353638,20,0.0451931034932371,61
2016-06-27,122.26937103271484,42874000.0,23.850000381469727,0.006020281254620619,-0.04009478251549781,0.008484403154614961,49.214891496594625,1.54668362374764,1.9484909724597177,-0.0245401118432359,-0.03927525027479639,0.015974223517483788,0.015974223517483788,0.013447868025095632,0.6818176609788371,0.009646145151678054,1,-0.015998870134353638,20,0.0451931034932371,61
2016-06-28,123.44879913330078,1327000.0,18.75,0.01445775859466969,0.026884860067359684,0.0018489231797576,45.04759785756362,1.4854390472459187,1.855880587416958,-0.008600922751854867,-0.002481147554707741,0.02928685328256253,0.056196435868032246,0.013168499884856187,0.7999127323261189,0.012738833427344609,1,-0.015998870134353638,20,0.0451931034932371,61
2016-06-29,125.02139282226562,31514000.0,16.639999389648438,0.021377755710406232,0.020458122594348538,-0.003045186974738434,49.485647296861536,1.545976393582265,1.7938997486500194,-0.01415811641205944,0.0071410640875146925,0.04253579651794803,0.08771208652714879,0.012799429475785478,0.8707673001059221,0.02201271217987344,1,-0.015998870134353638,20,0.0451931034932371,61
2016-06-30,127.77345275878906,42398000.0,15.630000114440918,0.01666661873462938,0.018104991214466404,-0.002406563101397974,55.74095720668531,1.795325518627351,1.794184902645486,-0.004606551561596395,0.013713348105050427,0.03921582057112594,0.10156826961432741,0.012899393624058054,0.9652414321615296,0.021538111727812614,1,-0.015998870134353638,20,0.0451931034932371,61
2016-07-01,130.52545166015625,36212000.0,14.770000457763672,0.01143728927329013,-0.00962883066937481,-0.0017628802220696072,67.80724393391694,2.1897576455537546,1.8732994512271397,0.02971059313957558,0.05216547589983511,0.06209177932212917,0.14489861601952203,0.012886625384824022,1.0,0.0,0,-0.015998870134353638,20,0.0451931034932371,61
2016-07-04,130.52545166015625,25724000.0,14.770000457763672,0.0,0.0,-0.03290371305383788,67.80724393391694,2.473831162142204,1.9934057934101528,0.08496723073036061,0.058342013541991644,0.07482713347591297,0.1735356349264383,0.013142145446310373,1.0,-0.012048001219529869,0,-0.015998870134353638,20,0.0451931034932371,61
2016-07-05,128.952880859375,16346000.0,15.579999923706055,-0.010177332625294744,-0.018247908529507306,0.031460191629444134,62.14742941006215,2.5427568316333122,2.103276001054785,0.0675237024424733,0.058342013541991644,0.07148911230134614,0.1695575703283685,0.013155775000756301,1.0,-0.015243952945052097,0,-0.015998870134353638,20,0.0451931034932371,61
2016-07-06,126.98712921142578,34803000.0,14.960000038146973,-0.004188915934113746,0.0015464127109516834,0.0019257136384553952,61.94887075537201,2.410969041436573,2.1648146091311427,0.044585947896754075,0.029796578444030386,0.05204540309560213,0.15156300033929382,0.01338182119900642,0.9270987148902607,0.018575613491025766,1,-0.015998870134353638,20,0.0451931034932371,61
2016-07-07,129.3459930419922,23769000.0,14.760000228881836,0.006118507397959716,0.012278256523095665,0.0039059908533827237,62.699590720243464,2.4684125422514143,2.225534195755197,0.01572320020426199,0.011044218910211345,0.014098407859254092,0.1378528586913601,0.013652079478784001,0.8359703400845657,0.0,0,-0.015998870134353638,20,0.0451931034932371,61
2016-07-08,129.3459930419922,0.0,13.199999809265137,0.01596355751120071,0.028233257741359097,-0.002902604946879439,62.699590720243464,2.485288076596362,2.27748497192343,0.012307253574588506,0.04238350251778433,0.032935907925512264,0.16293129147669916,0.013814404440271969,0.9453226214328788,0.033435065677348996,1,-0.015998870134353638,20,0.0451931034932371,61
2016-07-11,133.67068481445312,50643000.0,13.539999961853027,0.017583568468312105,0.011168666478442946,-0.026881387609381635,66.17438674109968,2.8151769349079956,2.385023364520343,-0.009036234720221192,0.07516321216973254,0.032935907925512264,0.16293129147669916,0.013814404440271969,0.9453226214328788,0.005882485894796119,1,-0.015998870134353638,20,0.0451931034932371,61
2016-07-12,134.45700073242188,41961000.0,13.550000190734863,-0.008456039549925243,0.013344562860354126,0.02498249078042014,66.69470909788505,3.104281134335878,2.5288749184834503,0.024096703855781332,0.09324750495925671,0.0905349965856368,0.21004569868263356,0.014449406410727656,1.0,-0.014619984579722578,0,-0.015998870134353638,20,0.0451931034932371,61
2016-07-13,132.49124145507812,50653000.0,13.039999961853027,-0.0029661060570616016,0.0007517666260818956,-0.00018631100886046248,65.57597301050001,3.1385981444204987,2.65081956367086,0.04268318657455361,0.08917220480398824,0.09695005332083317,0.23406881958752157,0.014155807779534737,1.0,0.002967310864308015,1,-0.015998870134353638,20,0.0451931034932371,61
2016-07-14,132.88438415527344,34790000.0,12.819999694824219,0.008181369080203504,0.007414043502129042,-0.0006521508123334963,76.66670332215125,3.1610790014035786,2.7528714512174037,0.04334385915983918,0.059748563539296695,0.07428126449493799,0.21181915520760297,0.01447869267846934,0.915388965257249,0.00295853198022078,1,-0.015998870134353638,20,0.0451931034932371,61
2016-07-15,133.27752685546875,41546000.0,12.670000076293945,-0.0036886180894584175,-0.0008146111542228773,-0.0038533420801882823,74.99999133665982,3.174030326959695,2.837103226365862,0.02735601644909491,0.03999994745491309,0.09425203964970197,0.19474445901550275,0.014342395385110047,0.9323107781406825,0.0,0,-0.015998870134353638,20,0.0451931034932371,61
2016-07-18,133.27752685546875,24749000.0,12.4399995803833,0.02332444370401121,0.015062687466504743,-0.022991000665453787,73.58491878645236,3.1480060911195125,2.899283799316592,0.030395482078831693,0.021084586648111747,0.08065671742985492,0.19827914870569163,0.014327789874110961,0.9492325910241162,0.005899953242758826,1,-0.015998870134353638,20,0.0451931034932371,61
2016-07-19,134.06385803222656,42456000.0,11.970000267028809,-0.013386250341404282,-0.003757383958706728,0.021488563825381668,72.54908153341076,3.1544692926257767,2.950320897978429,-0.0029412429473980595,0.021084586648111747,0.08065671742985492,0.19827914870569163,0.014327789874110961,0.9466251994270174,-0.002932730890669477,0,-0.015998870134353638,20,0.0451931034932371,61
2016-07-20,133.67068481445312,38053000.0,11.770000457763672,0.010267954591953066,0.016343655823720216,-0.00037512619967949856,66.66662354262294,3.0922204411900225,2.978700806620748,-0.0029239288252286277,0.03963445514974695,0.07061200474573326,0.1931736846125771,0.014300747974365932,0.980543652560154,0.011764629333299137,1,-0.015998870134353638,20,0.0451931034932371,61
2016-07-21,135.24327087402344,33130000.0,12.739999771118164,-0.002541116011168132,-0.007314387437593495,0.0018762155769191935,64.28574728873578,3.133659454746663,3.009692536245931,0.008902047761209175,0.05263175602544434,0.06425725157082951,0.1471861355647146,0.013369617998006351,0.9610857948274736,-0.00581374686163838,0,-0.015998870134353638,20,0.0451931034932371,61
2016-07-22,134.45700073242188,28504000.0,12.020000457763672,0.009461505604714926,0.005512674240162774,0.0003120574671506837,61.363778699651846,3.0676922950436563,3.0212924880054763,0.017751421536436274,0.04559304616507687,0.08990894166979202,0.18374229677286658,0.012929641518371183,1.0,0.0029239288252285167,1,-0.015998870134353638,20,0.0451931034932371,61
2016-07-25,134.8501434326172,27145000.0,12.869999885559082,0.004325746466078861,0.005482451272261102,0.00021840778936210725,68.29269793427781,3.0124109773996963,3.0195161858843207,0.008849758130882623,0.039514232874383604,0.11764746171337781,0.15019989673780354,0.012657591312013347,0.9562359651715434,0.008746100017210656,1,-0.015998870134353638,20,0.0451931034932371,61
2016-07-26,136.02955627441406,32685000.0,13.050000190734863,0.016870206644266528,0.03815441344997539,0.0024956119735111137,79.48713865965402,3.0288541492191428,3.0213837785512854,0.01179956301900642,0.008823614690096404,0.1028938997039266,0.1498416250589556,0.01265779098289208,0.9766429657377582,0.011560956890611429,1,-0.015998870134353638,20,0.0451931034932371,61
2016-07-27,137.60218811035156,34117000.0,12.829999923706055,-0.008118669408092583,1.2917160282066575e-05,-0.0012446996992826476,78.37843507887123,3.13267223201035,3.0436414692430986,0.014662402462824797,0.011695601816387846,0.10191072922085298,0.14878137977993489,0.01264735555362323,1.0,0.00857151063047179,1,-0.015998870134353638,20,0.0451931034932371,61
2016-07-28,138.78164672851562,31071000.0,12.720000267028809,0.0014235846052863543,-0.005690801990130612,-0.0010593013863976486,80.00005821721425,3.2723990842842454,3.0893929922513284,0.029411858713492167,0.038575732245714756,0.10062914037416926,0.15836142779374707,0.012710000512678435,1.0,-0.02266306798953377,0,-0.015998870134353638,20,0.0451931034932371,61
2016-07-29,135.6364288330078,29795000.0,11.869999885559082,-0.012793197465805983,-0.00485385212528322,-0.003805000831040739,56.75671990139774,3.0936788192243228,3.0902501576459276,0.026163045537312746,0.04437889832375874,0.08615399937972912,0.17202302193279295,0.01268670408335079,1.0,0.026086871414767954,1,-0.015998870134353638,20,0.0451931034932371,61
2016-08-01,139.1747589111328,34188000.0,12.4399995803833,0.030237400300593187,0.0016171394493829094,-0.034438507936358165,63.63624335240689,3.2006601697061683,3.112332160057976,0.008771786475685772,0.017699172795254015,0.03915693918576735,0.12745122660261976,0.013178522129674639,0.8297863379846703,-0.0056497360967714405,0,-0.015998870134353638,20,0.0451931034932371,61
2016-08-02,138.38845825195312,15250000.0,13.369999885559082,-0.016072644949731707,-0.016002237897393634,0.025258624752204195,68.29259057312493,3.1852778684145733,3.1269213017292956,0.032069787754260615,0.04424776025487964,0.06626529263807046,0.15686290177742457,0.013642901058096802,1.0,-0.01988626402597038,0,-0.015998870134353638,20,0.0451931034932371,61
2016-08-03,135.6364288330078,21627000.0,12.859999656677246,0.0,0.0010586437600752507,0.0017710232249548152,57.44680323970087,2.917391634627336,3.0850153683089037,0.01734109881811574,0.03225776345095932,0.07317073747943459,0.13957598305329455,0.01368313988254282,0.9583332322612415,0.011594352569431088,1,-0.015998870134353638,20,0.0451931034932371,61
2016-08-04,137.20904541015625,13612000.0,12.420000076293945,0.00852279898877617,0.009305616108704617,0.00195732647725122,60.00004657394312,2.7997135244568483,3.0279549995384927,-0.014285814087253379,0.014705872280697196,0.06811162418816075,0.11344534630994185,0.014139596518773797,0.8125007580406892,0.01432641335781093,1,-0.015998870134353638,20,0.0451931034932371,61
2016-08-05,139.1747589111328,25759000.0,11.390000343322754,0.013732593221934541,0.01337142878154074,-0.0015754345906782152,63.6363443909,2.8324190618717466,2.9888478120051434,-0.011331479020678437,0.014535100515011168,0.06079084618888286,0.11940225394659132,0.014196860343771243,0.8958351020949414,0.00564995537200752,1,-0.015998870134353638,20,0.0451931034932371,61
2016-08-08,139.96109008789062,16200000.0,11.5,0.01042012030896311,-0.0017317930222190414,-0.004354976315241732,63.6363443909,2.8884920518740955,2.968776659978934,0.026086871414767954,0.03508748635632286,0.075988174337567,0.1114268217764891,0.014004676477865895,1.0,0.002808506741353689,1,-0.015998870134353638,20,0.0451931034932371,61
2016-08-09,140.3541717529297,16413000.0,11.65999984741211,0.010656424738439751,0.008207791977927315,-0.0014263099011769809,65.45449028398278,2.9308635352480223,2.9611940350327517,0.00564995537200752,0.03790093599586952,0.04705897394158742,0.11770633371877848,0.014006088169642831,1.0,0.005602695555926962,1,-0.015998870134353638,20,0.0451931034932371,61
2016-08-10,141.14053344726562,19279000.0,12.050000190734863,-0.006122337993567761,-0.007653023637544054,-0.0019678898257765587,64.1510083357316,2.993390119943882,2.967633252014978,0.014204316789177218,0.031791734068377986,0.04385915934748219,0.12084541949188154,0.013999347368451856,1.0,-0.016713035306978985,0,-0.015998870134353638,20,0.0451931034932371,61
2016-08-11,138.78164672851562,28180000.0,11.680000305175781,-0.0027380374891444736,0.004451233675117683,-0.007537493657943095,59.64912877988329,2.820092177455507,2.938125037103084,0.04057984025098693,0.02571431011021752,0.06528199069762719,0.1514767907014294,0.013481438713507094,1.0,0.005665519613985204,1,-0.015998870134353638,20,0.0451931034932371,61
2016-08-12,139.5679168701172,22947000.0,11.550000190734863,0.0034319847209614007,0.004611878809684722,0.0035890989333065004,60.34479528156564,2.714902038055868,2.893480437293641,0.01146135310291263,0.0,0.04437889832375874,0.13223211844326954,0.013828035512133454,0.886793060773157,0.008450895473712361,1,-0.015998870134353638,20,0.0451931034932371,61
2016-08-15,140.7473907470703,12020000.0,11.8100004196167,0.0051298376580082294,0.013592500026806231,0.0022031526612136254,60.34490142518928,2.695638140812463,2.853911977997406,0.0028249228671948234,0.028985487681555844,0.04719767963184052,0.13166120697110562,0.013825466446910378,0.9245274866905395,-0.019553294598960713,0,-0.015998870134353638,20,0.0451931034932371,61
2016-08-16,137.9953155517578,34260000.0,12.640000343322754,-0.010547730974712288,-0.007375660482562552,-0.0011151065212341438,50.81962519421719,2.430287058835404,2.769186994165006,0.005617994677562965,0.011299691468779072,0.05604743776272336,0.15900088922708355,0.01353841536460618,0.9811324208938392,0.008546981139607057,1,-0.015998870134353638,20,0.0451931034932371,61
2016-08-17,139.1747589111328,21487000.0,12.1899995803833,-0.003438900440782766,0.0,-0.003540446018570842,50.81959390288052,2.2887819827199394,2.6731059918759925,-0.016806455922979247,-0.0028408633578353992,0.029325260194930314,0.11891005365501028,0.013862322163178713,0.8490557056760181,-0.0056497360967714405,0,-0.015998870134353638,20,0.0451931034932371,61
2016-08-18,138.38845825195312,27253000.0,11.430000305175781,0.006211232449452542,0.007073562529900768,0.004961450994094285,56.36359915574,2.089108357877592,2.5563064650763128,-0.013927781680570739,0.026086871414767954,0.04117637389469375,0.1284733567805163,0.01388334784970045,0.9056591752894396,-0.008522479812945183,0,-0.015998870134353638,20,0.0451931034932371,61
2016-08-19,137.20904541015625,23470000.0,11.34000015258789,-0.017832550517748347,0.008732439820512639,0.0005096428757587201,44.89804000776235,1.8147771902608838,2.408000610113227,-0.0028331446256121273,0.008595736806354726,0.02325577721984673,0.10514755354257854,0.013805045762853456,0.8679232847821788,-0.011461464311244507,0,-0.015998870134353638,20,0.0451931034932371,61
2016-08-22,135.6364288330078,21337000.0,12.270000457763672,-0.00837995760044985,0.00028853595645794705,0.006048599985366332,43.13729369873147,1.4537132471959353,2.217143137529769,-0.01690124430356099,-0.014124066147883418,0.020467842230179834,0.09242891784063789,0.013908459802234263,0.8113212797586355,0.014492856338498505,1,-0.015998870134353638,20,0.0451931034932371,61
2016-08-23,137.60218811035156,20888000.0,12.380000114440918,0.003521156139339787,0.005042104682158932,0.005980668554621094,55.102066679973504,1.311074564671685,2.0359294229581524,-0.03631301359786587,-0.03089902523742194,0.0058308087805891695,0.0930773534674103,0.013894093200562525,0.7358487664491751,-0.00857151063047179,0,-0.015998870134353638,20,0.0451931034932371,61
2016-08-24,136.4227294921875,12092000.0,13.449999809265137,-0.0038595972302810644,-0.00869822007008636,0.00047181244615313034,47.91662286879559,1.0902917234709548,1.846801883060713,-0.002848846280284034,-0.01960742319382236,0.011560956890611429,0.1437912152584353,0.0130177335074571,0.812499873659834,0.017291233250564808,1,-0.015998870134353638,20,0.0451931034932371,61
2016-08-25,138.78164672851562,23892000.0,13.630000114440918,0.007396863263246178,0.0039403073518109455,-0.0017606664242352243,48.979692058128606,1.0930644710296349,1.6960544006544973,-0.019773911882272843,-0.033426286835176566,-0.00857151063047179,0.11575555136932647,0.012975916416424892,0.7333328733433352,0.00283259488472698,1,-0.015998870134353638,20,0.0451931034932371,61
2016-08-26,139.1747589111328,15076000.0,13.649999618530273,0.0013986967925294636,0.0049281526017492805,-0.002866129236897108,47.91658075538856,1.1141396528182383,1.5796714510872456,0.0028411941395187768,0.0,0.0,0.12420410488285372,0.013128554728314874,0.8536592754150006,-0.0056497360967714405,0,-0.015998870134353638,20,0.0451931034932371,61
2016-08-29,138.38845825195312,16975000.0,12.9399995803833,0.0020948222555936535,0.0027701155920829557,0.0027164610830154867,44.89806425448967,1.0552299602927917,1.4747831529283548,0.01432641335781093,-0.0028169651579040833,0.026086871414767954,0.11320755407826932,0.013035685669708778,0.8611094190926168,-0.011363563691902834,0,-0.015998870134353638,20,0.0451931034932371,61
2016-08-30,136.8158721923828,19471000.0,13.119999885559082,-0.0027874799251657034,-0.0019287571269834825,-0.0018585608347463367,39.21563852463819,0.8716017695416838,1.3541468762510207,0.020289751378912646,-0.016760044236672877,-0.0056497360967714405,0.08307676801379937,0.012728172121280358,0.8055538335898313,0.014368029853792486,1,-0.015998870134353638,20,0.0451931034932371,61
2016-08-31,138.78164672851562,38524000.0,13.420000076293945,0.004192907533325796,-0.000735630119666375,0.0009152094887070472,50.0,0.8746146683365623,1.258240434668129,-0.005714414347380514,-0.008546981139607057,-0.011363563691902834,0.048193057003201645,0.01250567816830868,0.6944437406845397,-0.014164513698113557,0,-0.015998870134353638,20,0.0451931034932371,61
2016-09-01,136.8158721923828,22692000.0,13.479999542236328,0.007654984134460863,0.008584125680579868,-3.1513500828750374e-05,43.396256812153716,0.7101941597426276,1.1486311796830289,0.017291233250564808,-0.0028245939543405374,0.023188592641141703,0.06325352613876167,0.012667595160130558,0.8333343215919229,0.0,0,-0.015998870134353638,20,0.0451931034932371,61
2016-09-02,136.8158721923828,16999000.0,11.979999542236328,0.006215190388142,-0.001744239163345096,0.00012611811800744555,39.99996895075279,0.5732812922146593,1.033561202189355,-0.014164513698113557,-0.011363563691902834,-0.002865505088226028,0.06097569345180065,0.012727036730895461,0.6944437406845397,0.017241323546387077,1,-0.015998870134353638,20,0.0451931034932371,61
2016-09-05,139.1747589111328,22381000.0,11.979999542236328,0.0,0.0,-0.0015764280143676368,53.06120832501655,0.6476535554225222,0.9563796728359885,-0.016949098652696226,-0.002865505088226028,-0.016949098652696226,0.07739952105376591,0.012452606872188682,0.6333336352004678,0.00564995537200752,1,-0.015998870134353638,20,0.0451931034932371,61
2016-09-06,139.96109008789062,26024000.0,12.020000457763672,0.012011166209484836,-0.0022926285310211902,-0.005904963105800687,52.083412506215915,0.761269028669517,0.9173575440026942,0.005681836976231924,0.026086871414767954,-0.0056182127208642685,0.075988174337567,0.01241053254387632,0.8333318239976609,0.03932574469964001,1,-0.015998870134353638,20,0.0451931034932371,61
2016-09-07,145.4651641845703,49761000.0,11.9399995803833,0.011190165199245206,-0.007328236936800736,-0.011467235815621035,65.00000970290355,1.280680007972279,0.9900220367966113,0.022988691626985913,0.017142910370344655,-0.0028006411218828298,0.08206745950338212,0.0124209367175233,0.8636370051513654,-0.010810949727819708,0,-0.015998870134353638,20,0.0451931034932371,61
2016-09-08,143.89254760742188,30204000.0,12.510000228881836,-0.0010060446960278302,-0.0020395456180126725,0.003245495804292897,63.93429272035721,1.5475803929187464,1.1015337080210383,0.048158510967440504,0.0662824642641433,0.03064060076633135,0.08823534783628117,0.01281217028049948,1.0,-0.01366119407321753,0,-0.015998870134353638,20,0.0451931034932371,61
2016-09-09,141.9268035888672,29793000.0,17.5,-0.040281992264760924,-0.0366112215089367,0.0021779854792007836,62.90315512982468,1.582242648671098,1.1976754961510503,0.05172408216707658,0.03682692199858528,0.03682692199858528,0.07017519968169861,0.012950004260568342,0.8787863462780164,-0.027700814347218605,0,-0.015998870134353638,20,0.0451931034932371,61
2016-09-12,137.9953155517578,43036000.0,15.15999984741211,0.013991107930554803,0.020276711986219054,0.01083450115691198,50.746225427043456,1.2777454540789392,1.2136894877366282,0.03735627536911568,0.01977402151989094,0.016901353632333693,0.07121649725795831,0.012921351248634041,0.7187487113308284,0.0,0,-0.015998870134353638,20,0.0451931034932371,61
2016-09-13,137.9953155517578,36834000.0,17.850000381469727,-0.017247303937393266,-0.009209811372991594,0.0011698702360081192,53.12497157352587,1.0246180742237812,1.1758752050340588,-0.008474549326348058,-0.0028408633578353992,-0.019553294598960713,0.03846148988064946,0.013692687976569272,0.38709624916586227,-0.008546981139607057,0,-0.015998870134353638,20,0.0451931034932371,61
2016-09-14,136.8158721923828,52877000.0,18.139999389648438,0.004562790094349234,0.008999253807811858,0.0033475127066218135,45.901585105997164,0.7205356929714526,1.0848073026215377,-0.014045150226383418,0.008620661773193428,0.0,0.035398231101671174,0.013689925165703335,0.38709624916586227,0.0,0,-0.015998870134353638,20,0.0451931034932371,61
2016-09-15,136.8158721923828,52877000.0,16.299999237060547,0.019566818191511848,0.023031247770719965,-0.0029272107347989573,45.00003234299095,0.4740832781102995,0.9626624977192901,-0.059459541675648486,-0.014164513698113557,-0.016949098652696226,0.026548701948462705,0.013767238717385511,0.2666660629292735,0.0,0,-0.015998870134353638,20,0.0451931034932371,61
2016-09-16,136.8158721923828,52877000.0,15.369999885559082,-0.009252908343998056,-0.0002744324842800516,3.161051986055874e-05,46.55175759619753,0.2755911208474231,0.8252482223449168,-0.04918027745499487,0.0,-0.011363563691902834,0.02052763660952306,0.013743136480045371,0.2666660629292735,0.05172408216707658,1,-0.015998870134353638,20,0.0451931034932371,61
2016-09-19,143.89254760742188,57055000.0,15.529999732971191,0.03528187323306864,0.0018838622526622384,0.00012625745683636502,62.49995283311277,0.6814577985979042,0.7964901375955143,-0.0360110371490483,0.0,-0.002865505088226028,0.023529372818696048,0.013732321156065408,0.21428383310392818,0.0027326205692341787,1,-0.015998870134353638,20,0.0451931034932371,61
2016-09-20,144.28575134277344,23641000.0,15.920000076293945,-0.0010022672367693275,-0.004918701241550805,-0.00890071932380776,60.294111771605344,1.0230452908395762,0.8418011682443267,0.042735016272724025,0.03389830694301055,0.060869479132179105,0.06395347197314583,0.015756528444507773,0.8571408769515033,0.0027244334258222924,1,-0.015998870134353638,20,0.0451931034932371,61
2016-09-21,144.67884826660156,25008000.0,13.300000190734863,0.02006681654252973,0.014441114832801194,-0.0021018434666914,65.62497725877932,1.310370342321903,0.935515003059842,0.04558441542645175,0.03089902523742194,0.0485716348279428,0.07309958244503312,0.01571361483851184,0.888892083269845,0.005434905844148075,1,-0.015998870134353638,20,0.0451931034932371,61
2016-09-22,145.4651641845703,20980000.0,12.020000457763672,0.005245867212941402,0.0035280148836480674,-0.005999672278112711,66.66666666666666,1.5832756229243898,1.0650671270327516,0.057471227191844276,-0.005405527312168368,0.06051864528107731,0.07288612814042472,0.015713297143609504,0.9199982612367574,0.010811159520853764,1,-0.015998870134353638,20,0.0451931034932371,61
2016-09-23,147.03781127929688,23213000.0,12.289999961853027,-0.0176123606908547,-0.010964810270406078,0.007223822072727648,65.625081489127,1.9045006039110888,1.232953822408419,0.06321848374452754,0.010929103718692712,0.048158510967440504,0.06936439527246341,0.01568585787787404,1.0,-0.01871668186964459,0,-0.015998870134353638,20,0.0451931034932371,61
2016-09-26,144.28575134277344,24225000.0,14.5,-0.009296225565859961,-0.009880823701111208,-0.0014025444974553603,57.9710307967234,1.9149313421818874,1.369349326363113,0.07471310837780964,0.0360115747074472,0.05649768988056847,0.06857175237197755,0.01567480384591963,1.0,0.0,0,-0.015998870134353638,20,0.0451931034932371,61
2016-09-27,144.28575134277344,0.0,13.100000381469727,0.018766752161377687,0.017824879425994977,0.003128239366415375,47.2728183676004,1.90128099362272,1.4757356598150344,0.0027326205692341787,0.04558441542645175,0.04261405297314291,0.039660176572374306,0.015946194359249988,0.7586205050582105,0.0,0,-0.015998870134353638,20,0.0451931034932371,61
2016-09-28,144.28575134277344,0.0,12.390000343322754,-0.0023027295300989126,0.0020101916452957003,-0.0011137226102380104,50.98052496078889,1.8689192562202663,1.5543723790960808,0.0,0.04558441542645175,0.054598045027165476,0.06376843289212841,0.015501467646876417,0.7586205050582105,0.019073677829666513,1,-0.015998870134353638,20,0.0451931034932371,61
2016-09-29,147.03781127929688,54272000.0,14.020000457763672,0.0023080443319387633,0.0125174397972041,-0.0007645556775839335,62.264265623295124,2.041803938306032,1.651858690938071,-0.002717031055595398,0.054598045027165476,0.039660176572374306,0.036723558723059435,0.015010803566043033,0.7586205050582105,-0.016043240797528502,0,-0.015998870134353638,20,0.0451931034932371,61
2016-09-30,144.67884826660156,42592000.0,13.289999961853027,0.006250052161189679,0.015754109582231557,0.0003506768056267262,67.34679006048239,1.965807093476684,1.7146483714457936,0.010811159520853764,0.07471310837780964,0.07471310837780964,0.06250053752023566,0.015228155211666532,1.0,0.010869600755056608,1,-0.015998870134353638,20,0.0451931034932371,61
2016-10-03,146.25144958496094,17742000.0,13.569999694824219,0.004249633579429091,-0.007312093741120629,-0.002262765385604104,69.81117153322623,2.009312723710508,1.7735812418987367,-0.016043240797528502,0.057471227191844276,0.057471227191844276,0.06666659916803441,0.015107236005006002,0.7930985103071329,0.005376778805047833,1,-0.015998870134353638,20,0.0451931034932371,61
2016-10-04,147.03781127929688,16859000.0,13.630000114440918,-0.010741966237175049,-0.0025919099738609397,0.00015974281285280334,74.99986938514738,2.0832298885563034,1.8355109712302502,0.013623647684501305,0.016393496513626094,0.05084751523332476,0.065902391112586,0.015096007667575892,0.9310292678944487,-0.0053480236647582835,0,-0.015998870134353638,20,0.0451931034932371,61
2016-10-05,146.25144958496094,19148000.0,12.989999771118164,0.004606737520002957,0.007699367745325203,0.005461149893893458,72.22191077455597,2.0546719778353975,1.8793431725512797,0.019073677829666513,0.019073677829666513,0.05056206111971773,0.05649768988056847,0.014975112870906608,1.0,0.008064907376155839,1,-0.015998870134353638,20,0.0451931034932371,61
2016-10-06,147.4309539794922,15524000.0,12.84000015258789,0.007861106522615069,0.005865293068819222,-0.002477499459444199,73.68396325337793,2.1029739997364914,1.9240693379883222,0.013623647684501305,0.010869600755056608,0.005405317519134423,0.04494363035555238,0.014995444725033872,0.9310292678944487,0.002666105018249265,1,-0.015998870134353638,20,0.0451931034932371,61
2016-10-07,147.8240203857422,15380000.0,13.479999542236328,0.013324543389651167,-0.0018840401868406298,-0.0006050312582275286,62.499721045763046,2.148207673237522,1.9688970050381622,0.0026737523958959564,0.013513818280420864,0.02459061592073586,0.05042088979741899,0.015031465892412237,1.0,0.0,0,-0.015998870134353638,20,0.0451931034932371,61
2016-10-10,147.8240203857422,15380000.0,13.380000114440918,0.0032072109278535876,-0.0049103322391506055,0.002198440223191378,61.53805582037804,2.1591661618979856,2.006950836410127,0.021738990576873896,0.005346985918825542,0.04155111400914824,0.04735341985209174,0.015017696789148107,1.0,-0.0026590158028736433,0,-0.015998870134353638,20,0.0451931034932371,61
2016-10-11,147.4309539794922,30294000.0,15.359999656677246,-0.017583343376432525,-0.02113070578263254,0.0005086869406922823,58.97444828354882,2.1117902654850127,2.0279187222251043,0.010752514284432468,0.024522650435267357,0.07122491654651797,0.06515539965392714,0.014750214079240221,1.0,0.010666283034578061,1,-0.015998870134353638,20,0.0451931034932371,61
2016-10-12,149.0034942626953,22604000.0,15.90999984741211,0.020175819019784047,-0.0032993615305360047,0.003940092126797579,60.97549200579331,2.176051220909983,2.05754522196208,0.0026737523958959564,0.021798428517358026,0.06837651256498889,0.05633842852790005,0.01475030596826828,0.9677486397087361,-0.005276857066287,0,-0.015998870134353638,20,0.0451931034932371,61
2016-10-13,148.21722412109375,37642000.0,16.690000534057617,-0.026156063417402398,-0.011776731291036846,0.0004114729724256083,53.84603136376031,2.138877414338424,2.073811660437349,0.0188172129954558,0.03269721976021134,0.08908046906410783,0.058659016496168004,0.014780026588398668,1.0,-0.002652888270463838,0,-0.015998870134353638,20,0.0451931034932371,61
2016-10-14,147.8240203857422,33248000.0,16.1200008392334,0.004257906636512487,0.007894934252963726,0.0041761569954068545,63.63600011290611,2.0540112859783903,2.0698515855455573,0.005333141517289031,0.008021153413094506,0.08333354709517171,0.0740743157002457,0.01444526128332043,0.9411785521857848,-0.00797849252590499,0,-0.015998870134353638,20,0.0451931034932371,61
2016-10-17,146.6446075439453,37340000.0,16.209999084472656,-0.0029355235588197637,-0.005423855704896896,-0.001197230847055697,58.33317161837858,1.8700289782483708,2.02988706408612,0.0,0.021738990576873896,0.08045958423508304,0.06214676815163145,0.01442109440367574,0.9117626914331114,0.0026813378407639643,1,-0.015998870134353638,20,0.0451931034932371,61
2016-10-18,147.03781127929688,38150000.0,15.279999732971191,0.009486662151072744,0.012099366750776497,0.002208052979794539,59.45945095439445,1.73593910375007,1.97109747201891,-0.00797849252590499,0.00268823290367437,0.019125798954034767,0.05965923312015553,0.01445383905492272,0.8235299489511703,0.013368554430293056,1,-0.015998870134353638,20,0.0451931034932371,61
2016-10-19,149.0034942626953,33272000.0,14.40999984741211,0.0038883284298445453,-0.004676335523309372,-0.0034621271944385024,57.142619520487564,1.7679067722205275,1.9304593320592336,-0.002666622507577321,0.0,0.019073677829666513,0.07163351249736993,0.014367838428287205,0.8529458097038437,0.005277164283023161,1,-0.015998870134353638,20,0.0451931034932371,61
2016-10-20,149.78981018066406,13226000.0,13.75,0.0025826421538686084,0.007139923396147774,-0.006000901083957344,70.96789136700195,1.8355316367322416,1.9114737929938352,0.0,0.0188172129954558,0.029891349343095897,0.09855070311637815,0.014321812920833848,1.0,-0.01049861841518851,0,-0.015998870134353638,20,0.0451931034932371,61
2016-10-21,148.21722412109375,21936000.0,13.34000015258789,0.0006436890805272544,-0.002681385890888177,0.001556932708022929,58.06466556073743,1.7421478803955779,1.8776086104741838,0.010610008849480934,0.015999735045463925,0.029729770837824132,0.08857142635361659,0.014201157482218887,1.0,0.013262485324645024,1,-0.015998870134353638,20,0.0451931034932371,61
2016-10-24,150.18295288085938,13459000.0,13.020000457763672,0.010617926756905982,0.01873466684051106,0.007011220203312574,61.76462530364742,1.805940703071542,1.8632750289936555,0.002659944806842063,0.002659944806842063,0.008021153413094506,0.08645549515692452,0.014239604827595499,0.8787888410603816,0.010471440371698337,1,-0.015998870134353638,20,0.0451931034932371,61
2016-10-25,151.75558471679688,18878000.0,13.460000038146973,0.004457139721968817,-0.0013497332419585284,-0.0021737837212586486,69.44482477939076,1.9607924262335246,1.8827785084416293,0.024128710875738868,0.01595770761045201,0.04087168333119884,0.0821528380812988,0.014147870577033555,1.0,-0.0077721942105407615,0,-0.015998870134353638,20,0.0451931034932371,61
2016-10-26,150.57611083984375,21043000.0,14.239999771118164,-0.010776634279562325,-0.0017498066020673608,-0.004041305150846886,61.11112907973,1.965680704324484,1.8993589476182002,0.03208544384912426,0.029333261574813196,0.05177110909779081,0.09039588718596092,0.014208095650783134,1.0,-0.015665743427647483,0,-0.015998870134353638,20,0.0451931034932371,61
2016-10-27,148.21722412109375,26231000.0,15.359999656677246,-0.01409793327606601,-0.0042068380745112766,0.0004121251624602529,51.219689977517454,1.7589363326227954,1.8712744246191193,0.010554226160467639,0.010554226160467639,0.04359653977284683,0.0880684180013156,0.014240288440699678,0.921051099542534,0.0053048500015031586,1,-0.015998870134353638,20,0.0451931034932371,61
2016-10-28,149.0034942626953,24348000.0,16.190000534057617,0.0,-0.005899902164734905,0.003580675593535254,53.48847914620761,1.6396346699914375,1.824946473693583,-0.01049861841518851,0.0,0.008021153413094506,0.08333354709517171,0.014354580351065481,0.7631573840580377,-0.005276857066287,0,-0.015998870134353638,20,0.0451931034932371,61
2016-10-31,148.21722412109375,25330000.0,17.059999465942383,0.01072435358909729,0.005666293743613382,-0.0019260180460681786,52.2726571065907,1.4647570065486093,1.7529085802645883,0.0053048500015031586,0.007978905416557547,0.029891349343095897,0.07365417384170136,0.014231824725529679,0.8157869202901882,0.0053048500015031586,1,-0.015998870134353638,20,0.0451931034932371,61
2016-11-01,149.0034942626953,14290000.0,18.559999465942383,-0.012540070133701064,-0.009034391714777157,-0.0018664983903691201,50.0,1.3737746090895655,1.677081786029584,-0.013088894059268164,0.010723998676031465,0.013441060185805931,0.08333354709517171,0.014053755511427641,0.7631573840580377,-0.01846966536826633,0,-0.015998870134353638,20,0.0451931034932371,61
2016-11-02,146.25144958496094,16488000.0,19.31999969482422,-0.010419757439463329,-0.006751800865402613,0.00015844698020073267,44.68076497163851,1.0673002252885624,1.5551254738813798,-0.018135019276143693,0.013368554430293056,0.013368554430293056,0.08908046906410783,0.014059153582298438,0.8157869202901882,-0.008064490045890715,0,-0.015998870134353638,20,0.0451931034932371,61
2016-11-03,145.07200622558594,25038000.0,22.079999923706055,-0.0036197201224430486,-0.003170617344580351,-0.00041198150531851496,42.857188118811884,0.7209353520437105,1.388287449513846,-0.028720766068148884,-0.01846966536826633,0.0,0.05084751523332476,0.01420204424627369,0.6315769046532032,0.0,0,-0.015998870134353638,20,0.0451931034932371,61
2016-11-04,145.07200622558594,14860000.0,22.510000228881836,-0.0013209358812142913,-0.006336627620281532,-0.002599588719438106,45.65214823414664,0.44135107412205343,1.1989001744354875,-0.02122032654543693,-0.03149616084957918,-0.016000356032657703,0.03651669285003312,0.014256649590792496,0.552630046910955,0.024390164375495793,1,-0.015998870134353638,20,0.0451931034932371,61
2016-11-07,148.61033630371094,21332000.0,18.709999084472656,0.03670609730692198,0.028634403764645544,-0.00028609319702632696,53.70355596284118,0.49953387031166585,1.059026913610723,-0.026385206981643705,-0.02122032654543693,-0.018616826635988848,-0.0027027636560841284,0.012901976918086061,0.552630046910955,-0.002645254646445272,0,-0.015998870134353638,20,0.0451931034932371,61
2016-11-08,148.21722412109375,15437000.0,18.739999771118164,-0.0003188292735663012,0.0021916252791540636,0.001875874853380033,48.00006209902465,0.5080666120712465,0.9488348533028278,0.0026522705775140487,-0.010471338770359662,0.005319270277705179,0.032786886984310426,0.013318128747338986,0.7894706201376994,-0.03448281187008184,0,-0.015998870134353638,20,0.0451931034932371,61
2016-11-09,143.1062774658203,55541000.0,14.380000114440918,-0.023931048593209714,-0.004941482041978751,-0.0012059314905253915,36.06551953191609,0.10125103141012914,0.7793180889242881,-0.005276857066287,-0.023316180437816136,0.005333141517289031,0.04432158248591733,0.013132473568315976,0.7631573840580377,0.019230882007819305,1,-0.015998870134353638,20,0.0451931034932371,61
2016-11-10,145.85833740234375,38234000.0,14.739999771118164,-0.03759398378579193,-0.021248436029290385,-0.0010167314347881984,45.31250189510862,0.000904562507571427,0.6236353836409448,-0.021505237233997554,-0.04960835641430883,-0.03957770806688676,0.03703721313746722,0.013531096532176035,0.42105263157894735,-0.021563511222754905,0,-0.015998870134353638,20,0.0451931034932371,61
2016-11-11,142.71311950683594,67603000.0,14.170000076293945,0.016643915859683833,0.038643280950170444,0.007792399712232445,35.820877365851786,-0.3286253471005409,0.4331832374926477,0.005420281949744865,-0.015915064748634022,-0.015915064748634022,0.05698035342103158,0.013820280394293609,0.6052636685735413,-0.005509766170664343,0,-0.015998870134353638,20,0.0451931034932371,61
2016-11-14,141.9268035888672,47989000.0,14.479999542236328,-0.03608401963141872,-0.006163075348427638,0.00984656817510099,30.76908838279647,-0.6457850891431463,0.2173895721654889,-0.016260109583663862,-0.042216290208398455,-0.034574224578451496,0.04310353192179894,0.014190074066600864,0.3947363314264587,-0.0027700384300499703,0,-0.015998870134353638,20,0.0451931034932371,61
2016-11-15,141.53366088867188,33505000.0,13.369999885559082,0.01213164948635792,0.019012603354600977,-0.0019375701255238686,31.74592906920583,-0.9182745031335173,-0.009743242894312344,-0.04497353872603316,-0.04244055014204884,-0.032171683869550605,0.03735627536911568,0.014225942024456739,0.3421037311214813,0.0,0,-0.015998870134353638,20,0.0451931034932371,61
2016-11-16,141.53366088867188,34833000.0,13.720000267028809,0.022602517004778555,0.011381015569111197,-0.0027555501299536544,35.08760581333274,-1.1212986935460947,-0.23205433302466882,-0.04509302661721282,-0.05013193422735451,-0.03743357128847569,0.034482758620689724,0.01423697376369643,0.0,0.008333414191072253,1,-0.015998870134353638,20,0.0451931034932371,61
2016-11-17,142.71311950683594,22434000.0,13.350000381469727,-0.013060981922666692,0.010833233274726295,-0.0006279973006776407,36.20689885920161,-1.1734970305280683,-0.42034287252534874,-0.010989151594164248,-0.032258064516129004,-0.05013193422735451,-0.016393390470684333,0.011754571311820923,0.0,-0.0027547761660166037,0,-0.015998870134353638,20,0.0451931034932371,61
2016-11-18,142.31997680664062,22474000.0,12.850000381469727,0.0,0.006679407789171199,0.0005341271470706843,36.84207300963893,-1.23238178879987,-0.582750655780253,-0.021563511222754905,-0.016260109583663862,-0.04724413940636418,-0.010899425766591975,0.011821692082446105,0.11538518951969237,0.0,0,-0.015998870134353638,20,0.0451931034932371,61
2016-11-21,142.31997680664062,15600000.0,12.420000076293945,0.00610812087039303,0.007311237118954317,0.005275590471007119,34.545504583660005,-1.264472334012254,-0.7190949914266532,-0.0027547761660166037,-0.01897009278734263,-0.03978786776923482,-0.016304190199345592,0.011818950790668983,0.0769244548472617,0.0165744227401452,1,-0.015998870134353638,20,0.0451931034932371,61
2016-11-22,144.67884826660156,27599000.0,12.40999984741211,0.00876904424376268,0.010534589666497673,-0.0006559806368339194,46.29628298637565,-1.0870324756602656,-0.7926824882733757,0.0027702534534095324,-0.04232787337359145,-0.052355982642427246,-0.021621584766088664,0.011784074129178142,0.0769244548472617,0.00815246423284166,1,-0.015998870134353638,20,0.0451931034932371,61
2016-11-23,145.85833740234375,22128000.0,12.430000305175781,-0.0006690783148125545,0.001170790417864831,-0.0019692336896713902,51.851926387246785,-0.841534507710918,-0.8024528921608842,0.022222186285449474,-0.023872905969425817,-0.04663246142408384,-0.016043240797528502,0.011950806780188972,0.3076903556330459,-0.013477390665021294,0,-0.015998870134353638,20,0.0451931034932371,61
2016-11-24,143.89254760742188,14980000.0,12.430000305175781,0.0,0.0,-0.002067085814616898,47.45761150927695,-0.7964177984257219,-0.8012458734138518,0.030555816097158628,0.019230882007819305,-0.031331486855294965,0.010899108504722532,0.011657283294058275,0.4230785306551387,-0.0054642867519916205,0,-0.015998870134353638,20,0.0451931034932371,61
2016-11-25,143.1062774658203,10116000.0,12.34000015258789,-0.007694707547301283,0.001866585497844797,0.0017888838146780106,36.538573494968674,-0.8147163674220508,-0.8039399722154916,0.008264328498049922,-0.013477390665021294,-0.029177961868578794,-0.002725173703517325,0.011850336776669133,0.23076739353698442,0.010988831717440473,1,-0.015998870134353638,20,0.0451931034932371,61
2016-11-28,144.67884826660156,19096000.0,13.149999618530273,0.0,-0.004175192010331563,-0.0028822356229264434,41.818131780117604,-0.6943210927281314,-0.7820161963180197,0.005524879056493681,0.002754883085332116,-0.03957770806688676,-0.008174569324943981,0.011880337139041018,0.1538474169433232,-0.010869389821817288,0,-0.015998870134353638,20,0.0451931034932371,61
2016-11-29,143.1062774658203,24408000.0,12.899999618530273,-0.003708568612433183,-0.0022541561003099897,-0.0020107822610579973,50.0,-0.7175290628424591,-0.7691187696229076,0.0165744227401452,0.019390591545388913,-0.023872905969425817,-0.016043240797528502,0.011624395663624274,0.3076903556330459,0.0054943092331456445,1,-0.015998870134353638,20,0.0451931034932371,61
2016-11-30,143.89254760742188,39671000.0,13.329999923706055,0.004737691184116599,-0.006529262125811952,0.001542620150834395,43.90230049357146,-0.664812571575311,-0.7482575300133884,-0.010869389821817288,0.011111254858202413,-0.03957770806688676,-0.010869389821817288,0.011480215282255957,0.1538474169433232,0.0,0,-0.015998870134353638,20,0.0451931034932371,61
2016-12-01,143.89254760742188,13908000.0,14.069999694824219,-0.03839692727841737,-0.048529221119010035,0.0018231718189400947,54.54539039372801,-0.6159342656357865,-0.721792877137868,-0.013477390665021294,0.016666612761507382,-0.016129084424347684,-0.016129084424347684,0.011383404080566878,0.23076739353698442,-0.027322176060551318,0,-0.015998870134353638,20,0.0451931034932371,61
2016-12-02,139.96109008789062,53836000.0,14.119999885559082,0.010858487965548225,0.013037959901726959,0.0003451312938209661,43.902508290127486,-0.8842406455530636,-0.7542824308209072,0.0,0.008264328498049922,-0.008130159972627782,-0.021390849363913667,0.01134791223257666,0.23076739353698442,0.005617994677562965,1,-0.015998870134353638,20,0.0451931034932371,61
2016-12-05,140.7473907470703,29191000.0,12.140000343322754,0.005543719322794516,0.012303872272723337,0.0006273275761501385,47.61912242651849,-1.0216505413878565,-0.8077560529342971,-0.021977983311604832,-0.016574529954813344,-0.03523020237100649,-0.04301057880056147,0.012063182562986647,0.0,0.01675971899890505,1,-0.015998870134353638,20,0.0451931034932371,61
2016-12-06,143.1062774658203,27309000.0,11.789999961853027,0.01688505040186139,0.013832397247091288,0.0021942102027068255,54.16673741747423,-0.9294918264705245,-0.8321032076415427,-0.02717368548778254,-0.011049650898319552,-0.05290981604786449,-0.04533351410960529,0.012024306047195631,0.06666675291475412,-0.00274731455493471,0,-0.015998870134353638,20,0.0451931034932371,61
2016-12-07,142.71311950683594,14110000.0,12.220000267028809,0.014232420255207767,0.021206910582794558,-0.0010634429062523765,50.0,-0.8780582337167289,-0.8412942128565799,0.0,-0.010869389821817288,-0.03448281187008184,-0.03191458943959902,0.012323001843300234,0.2666657179377047,0.022038743924710946,1,-0.015998870134353638,20,0.0451931034932371,61
2016-12-08,145.85833740234375,27257000.0,12.640000343322754,0.0036755130032037897,0.008160279025704487,-0.0014089822994843848,58.4906309773837,-0.5768543248381377,-0.7884062352528916,-0.008196589192400294,-0.021563511222754905,-0.00274731455493471,-0.034574224578451496,0.012326500175520744,0.23333169461967182,0.002695164291725005,1,-0.015998870134353638,20,0.0451931034932371,61
2016-12-09,146.25144958496094,24867000.0,11.75,0.0026629781341305225,-0.0035614629875307946,-0.004577804222050452,59.259253935271865,-0.3029351414926964,-0.6913120165008526,0.013661512202043147,0.013661512202043147,0.0,-0.010666800523906228,0.012813335216644205,0.5,-0.005376257142216234,0,-0.015998870134353638,20,0.0451931034932371,61
2016-12-12,145.4651641845703,18796000.0,12.640000343322754,-0.007304177230318509,-0.007899057395244324,0.00217344141822573,52.000052784129984,-0.1475974640709694,-0.582569106014876,0.04494363035555238,0.02197787668603013,0.024793306252096192,-0.01846966536826633,0.012707437401623934,0.5333301421540977,0.005405317519134423,1,-0.015998870134353638,20,0.0451931034932371,61
2016-12-13,146.25144958496094,23591000.0,12.720000267028809,0.015384503313930153,0.01139516812722241,0.001131484099603064,51.020319256204175,0.038511488516491,-0.4583529871086026,0.03351943799781032,0.005434905844148075,0.024930883428848416,-0.01856774712144793,0.012708383797538176,0.46666468296065533,0.008064907376155839,1,-0.015998870134353638,20,0.0451931034932371,61
2016-12-14,147.4309539794922,16571000.0,13.1899995803833,-0.016139478241646854,-0.0014180766159390679,-0.002291848419793463,59.5747035220613,0.27797598724683326,-0.31108719223751546,0.02197787668603013,0.02197787668603013,0.03333333333333344,-0.01063812766475758,0.01273383480528653,0.5333301421540977,-0.002666622507577321,0,-0.015998870134353638,20,0.0451931034932371,61
2016-12-15,147.03781127929688,22803000.0,12.789999961853027,0.00970865773319507,0.01754477444675384,0.0004720506408004699,60.869741301701055,0.431060994643957,-0.162657554861221,0.03305816934672401,0.02459061592073586,0.04166707095536104,0.0053622594701359105,0.012734676129694129,0.63333479955082,-0.010695528456550085,0,-0.015998870134353638,20,0.0451931034932371,61
2016-12-16,145.4651641845703,35985000.0,12.199999809265137,-0.02254652761349074,-0.010022303384517817,0.003774263368042652,52.17396440118528,0.42063368525163014,-0.04599930683865077,0.008086434399012798,0.021858419523269168,0.030303393180707516,0.0,0.012736066987802044,0.6000020699540988,-0.01351318890131914,0,-0.015998870134353638,20,0.0451931034932371,61
2016-12-19,143.4994659423828,20535000.0,11.710000038146973,-0.007123371309058268,0.009801873041180409,0.003634744106353116,51.063938720300726,0.2508627576016522,0.01337310604940983,-0.005376257142216234,0.03932574469964001,0.022099409011307136,-0.023746624840132124,0.012664736513251116,0.46666468296065533,0.0,0,-0.015998870134353638,20,0.0451931034932371,61
2016-12-20,143.4994659423828,24139000.0,11.449999809265137,0.0013665983476525145,0.009135077857599372,-0.0020605082706165456,48.88907863517223,0.11499251220519113,0.03369698728056609,-0.01351318890131914,0.019553294598960713,0.008287586621410714,-0.04199447366075404,0.012787211598656806,0.30000232869836113,-0.013699040904446513,0,-0.015998870134353638,20,0.0451931034932371,61
2016-12-21,141.53366088867188,29690000.0,11.270000457763672,-0.005800279871588376,0.0003704036635323593,0.0007195222534543966,44.00003415422495,-0.14958534829835912,-0.0029594798352189527,-0.018816795665190567,0.0027475278060840047,-0.008151725966504042,-0.031830026548443024,0.012698121679858752,0.30000232869836113,-0.005555357903304969,0,-0.015998870134353638,20,0.0451931034932371,61
2016-12-22,140.7473907470703,26269000.0,11.430000305175781,-0.013726706809298217,0.005150632540292133,0.0004376759051663015,52.38095238095237,-0.41789342297110466,-0.0859462684623961,-0.04000037259231626,-0.008264542336681058,-0.029649841008007938,-0.057591702828276414,0.012656957747916678,0.13333091838688477,-0.002793792425234032,0,-0.015998870134353638,20,0.0451931034932371,61
2016-12-23,140.3541717529297,22961000.0,11.4399995803833,0.010786451201922453,0.005265080671263744,0.0003125569951614171,48.7802800102235,-0.6547118807461914,-0.19969939091915517,-0.042780972305674236,-0.03504048343273736,-0.021857677222675953,-0.07253897107160723,0.012533384735993358,0.07407434027248709,0.005602695555926962,1,-0.015998870134353638,20,0.0451931034932371,61
2016-12-26,141.14053344726562,5675000.0,11.4399995803833,0.0,0.0,0.00468581749228858,43.24333679836951,-0.7700625956287013,-0.3137720318610644,-0.035135507943026556,-0.0403228675597187,-0.01923120188454308,-0.06788552998148789,0.012498188509865614,0.043470924041896515,0.002785361737017489,1,-0.015998870134353638,20,0.0451931034932371,61
2016-12-27,141.53366088867188,8252000.0,11.989999771118164,0.001721184718878721,0.012167039475852182,0.0017101553551241988,45.9459516159655,-0.8203008516138937,-0.4150777958116303,-0.016438615151810665,-0.029729665941307215,-0.024456338032328273,-0.047745400143551886,0.012344132509839807,0.13043470924041897,0.011111254858202413,1,-0.015998870134353638,20,0.0451931034932371,61
2016-12-28,143.1062774658203,21226000.0,12.949999809265137,0.0006872909329003196,-0.019292804264513075,0.0017382591429411232,39.394003544760544,-0.7248622556859914,-0.47703468778650254,-0.013699040904446513,-0.032258064516129004,-0.010989151594164248,-0.05013193422735451,0.01231839555678237,0.1739106956934069,-0.010989151594164248,0,-0.015998870134353638,20,0.0451931034932371,61
2016-12-29,141.53366088867188,30200000.0,13.369999885559082,0.0003432450548588317,0.00011940781938335476,0.0007437430488335117,33.33358488694641,-0.7672787834844144,-0.535083506926085,0.011111254858202413,-0.02933357206841003,-0.0054642867519916205,-0.03448281187008184,0.012443387480055058,0.34782645379790517,0.008333414191072253,1,-0.015998870134353638,20,0.0451931034932371,61
2016-12-30,142.71311950683594,36610000.0,14.039999961853027,-0.013044999055496165,-0.0159900578687745,-0.0008050834594918177,40.5406907952705,-0.6976793210970413,-0.5676026697602763,0.005586392311986321,-0.03743357128847569,-0.016393390470684333,-0.05013193422735451,0.012503568818925788,0.1818159365037921,0.0,0,-0.015998870134353638,20,0.0451931034932371,61
2017-01-02,142.71311950683594,36610000.0,14.039999961853027,0.0,0.0,0.00526799400476663,37.14313278022102,-0.635199066279597,-0.5811219490641405,0.016807108220899813,-0.018918926006521453,0.019662817838994595,-0.024193470137672035,0.012279886558591052,0.31818141723282,0.008264328498049922,1,-0.015998870134353638,20,0.0451931034932371,61
2017-01-03,143.89254760742188,22630000.0,12.850000381469727,0.0194784262742298,0.0009598289854753084,-0.005425360517717026,37.142784272805194,-0.48492313136131315,-0.561882185523575,0.01114198750111628,-0.005479786495251493,0.013966360224028085,-0.016260109583663862,0.012221778371568,0.31818141723282,0.0,0,-0.015998870134353638,20,0.0451931034932371,61
2017-01-04,143.89254760742188,24369000.0,11.850000381469727,-0.0003413466500991058,0.0026781499811077136,-0.0011467502122889384,38.235186681825866,-0.3616593859824775,-0.5218376256153555,0.016666612761507382,0.00273925524710239,0.0054943092331456445,-0.008130159972627782,0.012293325663192226,0.4545433696106641,0.0027326205692341787,1,-0.015998870134353638,20,0.0451931034932371,61
2017-01-05,144.28575134277344,20979000.0,11.670000076293945,0.017064828015275424,-0.008881384214009302,6.202567081525778e-05,45.16150436938178,-0.22959707227036574,-0.4633895149463576,0.0054943092331456445,0.016666612761507382,0.008264328498049922,-0.031746033375817495,0.011667390740133645,0.4761862517881103,0.0027244334258222924,1,-0.015998870134353638,20,0.0451931034932371,61
2017-01-06,144.67884826660156,22443000.0,11.319999694824219,-0.005704264640611245,0.0077188634162643766,-0.008873973666054358,55.555156264823665,-0.09215479754925582,-0.38914257146693726,0.019444776859593338,0.025139795323536163,-0.010781598690737915,-0.026525073598114957,0.01167504050254391,0.5789477984659225,0.0,0,-0.015998870134353638,20,0.0451931034932371,61
2017-01-09,144.67884826660156,18569000.0,11.5600004196167,0.013837277251388835,0.010928291871432627,0.0030679513608495856,55.555156264823665,0.016578093443598618,-0.3079984384848301,0.013773987749398753,0.030812596873035947,-0.010752722949565086,0.010988831717440473,0.010378922308005906,0.6315721741617216,0.0,0,-0.015998870134353638,20,0.0451931034932371,61
2017-01-10,144.67884826660156,20198000.0,11.489999771118164,0.0009983578487420264,0.004877071551091516,-0.0011860433109395219,68.18153752247079,0.10157875626200052,-0.22608299953546399,0.013773987749398753,0.02506944484985918,-0.005405527312168368,-0.008086539012772453,0.009938845245046497,0.6315721741617216,-0.010869389821817288,0,-0.015998870134353638,20,0.0451931034932371,61
2017-01-11,143.1062774658203,29107000.0,11.260000228881836,0.0033255221226540232,0.0037700479686630928,-0.002312205148548241,62.49979785826792,0.04156988112850968,-0.17255242340266927,0.0054644988378753645,0.022222186285449474,-0.010752722949565086,0.013773987749398753,0.009344624006337638,0.6315721741617216,0.013736146272375294,1,-0.015998870134353638,20,0.0451931034932371,61
2017-01-12,145.07200622558594,41130000.0,11.539999961853027,-0.029168136661568367,-0.009044407237185803,-0.00046983296049363243,71.42871004138979,0.15089092126299875,-0.10786375446953567,-0.0054642867519916205,0.0,-0.02933357206841003,0.008310437825189254,0.009462704318886636,0.421050158820946,-0.016260109583663862,0,-0.015998870134353638,20,0.0451931034932371,61
2017-01-13,142.71311950683594,52352000.0,11.229999542236328,0.0051214908700536466,0.007090278334971778,-0.00651752165161068,56.24997725869658,0.046648454673061224,-0.0769613126410163,0.005449289867470286,0.025000026952579635,-0.013369384627039294,0.025000026952579635,0.009674991985490749,0.6842047207100471,-0.011019211583382038,0,-0.015998870134353638,20,0.0451931034932371,61
2017-01-16,141.14053344726562,30756000.0,11.229999542236328,0.0,0.0,-0.003910888929996359,48.571504610839796,-0.16100306042349644,-0.09376966219751233,-0.013586842743891325,0.0,-0.018918926006521453,0.008333414191072253,0.010020142498387749,0.3684176122726205,0.008356517653489437,1,-0.015998870134353638,20,0.0451931034932371,61
2017-01-17,142.31997680664062,13159000.0,11.869999885559082,0.006114343740167616,-0.0164274851808206,0.003134665985105478,47.05880338485036,-0.22777155144160588,-0.12057004004633105,-0.024456338032328273,-0.011019211583382038,-0.016438615151810665,-0.011019211583382038,0.010083967474640522,0.1578935542187133,0.0,0,-0.015998870134353638,20,0.0451931034932371,61
2017-01-18,142.31997680664062,23693000.0,12.479999542236328,-0.004389204288340776,0.014161944363166867,-0.010416335540200938,53.33342820696597,-0.27748736005759156,-0.15195350404858315,-0.016304190199345592,-0.010928785589867096,-0.008219467076036158,0.0,0.010161143824970213,0.3157871084374266,-0.0027626003502488894,0,-0.015998870134353638,20,0.0451931034932371,61
2017-01-19,141.9268035888672,24627000.0,12.779999732971191,0.004747655168053422,-0.004694431809113109,0.007272515775886168,46.42847241859201,-0.3446404883391381,-0.19049090090669415,-0.005494522484294828,-0.010928785589867096,0.005555681334260543,0.0,0.010161143824970213,0.3157871084374266,0.0027702534534095324,1,-0.015998870134353638,20,0.0451931034932371,61
2017-01-20,142.31997680664062,23429000.0,11.539999961853027,0.014849449654479985,0.013049660780623418,0.0010766774191464101,48.275885143771035,-0.36196156590727924,-0.22478503390681118,-0.021680286352612987,-0.01634913864988785,0.008379642674274157,-0.01902174858803929,0.009826758792559356,0.26315251917596955,0.022099409011307136,1,-0.015998870134353638,20,0.0451931034932371,61
2017-01-23,145.4651641845703,36992000.0,11.770000457763672,0.008646484875596494,-0.006709594702047905,-0.0028469348088370205,55.882436876657344,-0.12050915418527097,-0.20392985796250315,-0.0027547761660166037,-0.016304190199345592,0.014006032233736532,-0.024258884741999442,0.009747147297361205,0.3157871084374266,0.0027028685526011564,1,-0.015998870134353638,20,0.0451931034932371,61
2017-01-24,145.85833740234375,55022000.0,11.069999694824219,0.016155836830017423,0.020178132239818458,-0.003521240316906815,57.14301555794587,0.10140053224762369,-0.1428637799204778,0.03064060076633135,0.005434905844148075,0.03064060076633135,0.010929103718692712,0.010133469499812673,0.7368372672583726,0.0,0,-0.015998870134353638,20,0.0451931034932371,61
2017-01-25,145.85833740234375,55022000.0,10.8100004196167,0.01589889791395005,0.014484168040493683,-0.0012416103409237378,55.882336154041965,0.27410583606547334,-0.05946985672328758,0.024862009361555915,0.00815246423284166,0.030555816097158628,0.019230882007819305,0.010098281645893437,0.7894718565198297,0.0,0,-0.015998870134353638,20,0.0451931034932371,61
2017-01-26,145.85833740234375,55022000.0,10.630000114440918,-0.006388093091068359,-0.00600379709331289,-0.0016893347090222166,54.545614924393625,0.406292546053038,0.033682623831977544,0.024862009361555915,0.019230882007819305,0.019230882007819305,0.00815246423284166,0.009961416104440993,0.7894718565198297,0.0,0,-0.015998870134353638,20,0.0451931034932371,61
2017-01-27,145.85833740234375,55022000.0,10.579999923706055,0.004500352679192465,0.012564191376992273,0.0004150858367792942,54.545614924393625,0.5052275177407068,0.12799160261372342,0.02770113688225795,0.005420281949744865,0.030555816097158628,0.019230882007819305,0.009805683830118383,0.7894718565198297,0.0,0,-0.015998870134353638,20,0.0451931034932371,61
2017-01-30,145.85833740234375,55022000.0,11.880000114440918,-0.0019200158821801594,-0.005632555499709868,0.0059681573282290845,54.545614924393625,0.576983093647101,0.21778990082039892,0.024862009361555915,0.022038743924710946,0.022038743924710946,0.013661512202043147,0.009774036919660695,0.7894718565198297,0.0,0,-0.015998870134353638,20,0.0451931034932371,61
2017-01-31,145.85833740234375,55022000.0,11.989999771118164,-0.008977233956310893,-0.013126538612593941,-0.004536790830300563,62.06900705166896,0.6266265437886318,0.2995572294140455,0.0027028685526011564,0.033426286835176455,0.022038743924710946,0.013661512202043147,0.009774036919660695,0.7894718565198297,0.0,0,-0.015998870134353638,20,0.0451931034932371,61
2017-02-01,145.85833740234375,55022000.0,11.8100004196167,0.005499728939497128,0.016764048336884496,-0.0012429953098932467,54.16682164324769,0.6583799415486169,0.37132177184095977,0.0,0.024862009361555915,0.013661512202043147,0.042134905570897274,0.008740599588865772,0.7777780173529056,-0.005391060879768261,0,-0.015998870134353638,20,0.0451931034932371,61
2017-02-02,145.07200622558594,94089000.0,11.930000305175781,-0.009652667689119432,-0.0010727607018289342,-0.0018188527581967096,64.99978653791669,0.6130277810602536,0.41966297368481853,0.0,0.024862009361555915,0.013661512202043147,0.036312905185276634,0.008711461939895632,0.7777780173529056,0.0,0,-0.015998870134353638,20,0.0451931034932371,61
2017-02-03,145.07200622558594,29518000.0,10.970000267028809,0.00617265902184605,0.005150771941214938,-0.006425632580180363,81.24937841568163,0.5705093900103009,0.449832256949915,-0.005391060879768261,0.022160737487118665,0.005449289867470286,0.013736146272375294,0.008391693693628126,0.666663791765132,0.0,0,-0.015998870134353638,20,0.0451931034932371,61
2017-02-06,145.07200622558594,24779000.0,11.369999885559082,-0.003228495713745727,0.0034957729600120224,-0.00733592797390048,76.92241093632914,0.5306957287602074,0.4660049513119735,-0.005391060879768261,0.01933691587572617,0.0027174529220739263,0.01652887083473087,0.008377584110776904,0.666663791765132,0.0,0,-0.015998870134353638,20,0.0451931034932371,61
2017-02-07,145.07200622558594,23616000.0,11.289999961853027,-0.011337962542621982,0.0033078821970207173,0.002268948651628966,76.92241093632914,0.493454874746476,0.47149493599887404,-0.005391060879768261,-0.0027027636560841284,0.0027174529220739263,-0.005391060879768261,0.007649301007341836,0.666663791765132,-0.005419756045765833,0,-0.015998870134353638,20,0.0451931034932371,61
2017-02-08,144.28575134277344,29168000.0,11.449999809265137,-0.006225478190239997,0.0015969541722888891,0.0034926524333713793,71.4289278605448,0.39593296286182067,0.4563825413714634,-0.005391060879768261,-0.005391060879768261,0.0027174529220739263,-0.008064490045890715,0.007636573262232429,0.666663791765132,0.0027244334258222924,1,-0.015998870134353638,20,0.0451931034932371,61
2017-02-09,144.67884826660156,18967000.0,10.880000114440918,-0.0039565910579005825,-0.008568742119782202,0.0026103568352322526,71.42853182446987,0.3463730091509092,0.43438063492735257,-0.010781598690737915,-0.010781598690737915,0.008241943664804241,-0.008107871382184717,0.007637300270449495,0.5555603470581133,0.00815246423284166,1,-0.015998870134353638,20,0.0451931034932371,61
2017-02-10,145.85833740234375,34747000.0,10.850000381469727,0.01655087338164729,-0.0007885472941245864,-0.002282123537286629,55.55589096507381,0.3976870162553894,0.42704191119296,-0.002710088384474507,-0.008086539012772453,-0.002710088384474507,-0.010752722949565086,0.007600721864299733,0.6111077570593207,0.010781807918257336,1,-0.015998870134353638,20,0.0451931034932371,61
2017-02-13,147.4309539794922,25124000.0,11.069999694824219,0.03191154472274671,0.0027516997535461662,-0.002835091772715792,66.66688228730372,0.5588091474487555,0.4533953584441191,0.005420281949744865,0.0,0.022038743924710946,-0.010666800523906228,0.007603063859053057,0.8235282031144767,0.0,0,-0.015998870134353638,20,0.0451931034932371,61
2017-02-14,147.4309539794922,45696000.0,10.739999771118164,-0.011360070199549543,-0.0031790486542528917,0.0018738874775214853,66.66688228730372,0.6786762400082296,0.4984515347569412,0.016260530306847043,0.010781807918257336,0.04456849055751122,0.0026737523958959564,0.007778972015630723,1.0,0.00799955702913513,1,-0.015998870134353638,20,0.0451931034932371,61
2017-02-15,148.61033630371094,39347000.0,11.970000267028809,0.013405717715273102,0.008217044040190968,-0.008223188204872445,73.33321258444875,0.8589367829482626,0.5705485843952055,0.016260530306847043,0.010781807918257336,0.03591187468921153,0.013513818280420864,0.007589947319192437,1.0,0.0,0,-0.015998870134353638,20,0.0451931034932371,61
2017-02-16,148.61033630371094,27018000.0,11.760000228881836,0.0179526799732741,0.0007212605589457244,-0.0002276042813668111,73.33321258444875,0.9903780996910427,0.654514487454373,0.029972363318563344,0.01886761463471176,0.04419871080794624,0.03561595388362093,0.007353951957097982,1.0,0.0026455626759425144,1,-0.015998870134353638,20,0.0451931034932371,61
2017-02-17,149.0034942626953,20389000.0,11.489999771118164,0.000618891162097901,0.005724638209400723,0.0010407667556593392,74.99993935615645,1.1134358562638624,0.7462987612162709,0.02717389642102197,0.024390164375495793,0.04709140589260774,0.03561595388362093,0.007353951957097982,1.0,0.0026386845470902642,1,-0.015998870134353638,20,0.0451931034932371,61
2017-02-20,149.39666748046875,13254000.0,11.489999771118164,0.0,0.0,0.00389860068901271,76.47062852446291,1.2285241460932639,0.8427438381916695,0.021563092767715952,0.02710025275997041,0.046961203943526986,0.05277778676197098,0.0069880881378718025,1.0,0.0,0,-0.015998870134353638,20,0.0451931034932371,61
2017-02-21,149.39666748046875,31159000.0,11.569999694824219,-0.00030914317014518744,0.013963979134824056,-0.0037863648520949367,76.47062852446291,1.3046927589671213,0.93513362234676,0.013333112537886604,0.029810446325240658,0.027027112078257032,0.06145248368363432,0.006907401270859649,1.0,-0.00789470996419106,0,-0.015998870134353638,20,0.0451931034932371,61
2017-02-22,148.21722412109375,25677000.0,11.739999771118164,-0.008041984807988456,-0.00037356641116625955,0.00016240004590084567,72.22261753055913,1.2554140793145052,0.9991897137403091,0.013333112537886604,0.029810446325240658,0.02425867551448002,0.06442626973323518,0.006878987328887618,1.0,0.0,0,-0.015998870134353638,20,0.0451931034932371,61
2017-02-23,148.21722412109375,35725000.0,11.710000038146973,-0.009978329299121902,-0.016362491629065445,-0.0006496186077135091,72.22261753055913,1.2024987140104315,1.0398515137943336,-0.002645254646445272,0.027247824138784793,0.016172450342986755,0.05013932214215555,0.006997420349025905,0.8571433851931529,0.0026522705775140487,1,-0.015998870134353638,20,0.0451931034932371,61
2017-02-24,148.61033630371094,22766000.0,11.470000267028809,0.0053542247406885846,-0.0004415298529959477,-0.001560073330761469,73.68446855798143,1.1786964940634732,1.0676205098481615,-0.002645254646445272,0.0244567598988068,0.016172450342986755,0.04722242885866601,0.006995124068244979,0.8571433851931529,0.0,0,-0.015998870134353638,20,0.0451931034932371,61
2017-02-27,148.61033630371094,22766000.0,12.09000015258789,-0.01221777371627597,0.009204493292020333,-0.0021484370513159545,73.68446855798143,1.1466155924632915,1.0834195263711874,-0.0026385821415115807,0.01886761463471176,0.01886761463471176,0.038461337513340244,0.006820114901992994,0.9047579443846867,0.0,0,-0.015998870134353638,20,0.0451931034932371,61
2017-02-28,148.61033630371094,22766000.0,12.920000076293945,-0.0019031169974386142,-0.01325327688078548,-6.520850169533521e-05,82.35283373819657,1.1084141385889268,1.0884184488147353,-0.005263378293632992,0.00799955702913513,0.01886761463471176,0.04999994609484082,0.0065577730840721184,0.9047579443846867,-0.015872965349659207,0,-0.015998870134353638,20,0.0451931034932371,61
2017-03-01,146.25144958496094,46186000.0,12.539999961853027,0.0034954977374601626,0.016381609691580312,-0.0003915254283693992,59.09095720470399,0.877679424928516,1.0462706440374914,-0.005263378293632992,0.00799955702913513,0.01886761463471176,0.04132217708682706,0.006461522570417166,0.9047579443846867,0.0,0,-0.015998870134353638,20,0.0451931034932371,61
2017-03-02,146.25144958496094,39980000.0,11.8100004196167,-0.02248261806584273,-0.011093510918383176,0.00381855685915955,52.6313531710446,0.6869023196398416,0.9743969791579614,-0.013262794171119863,-0.015872965349659207,0.002695164291725005,0.024793306252096192,0.006965104704578342,0.6190447147709925,-0.010752722949565086,0,-0.015998870134353638,20,0.0451931034932371,61
2017-03-03,144.67884826660156,28197000.0,10.960000038146973,-0.0006478835738641386,-0.00036953227387381826,0.0009103579008833407,31.578345296994314,0.40415545312416157,0.8603486739512015,-0.013262794171119863,-0.015872965349659207,0.008130054791831931,0.016393496513626094,0.006859436552448075,0.6190447147709925,-0.002717031055595398,0,-0.015998870134353638,20,0.0451931034932371,61
2017-03-06,144.28575134277344,12531000.0,11.239999771118164,0.0,0.00021563495690180012,0.00393049506307408,29.99961187657675,0.14666621104009891,0.7176121813689811,-0.026455010700431325,-0.029023789123155286,-0.002710088384474507,0.0054644988378753645,0.007072474579572625,0.4285679962445063,0.010899108504722532,1,-0.015998870134353638,20,0.0451931034932371,61
2017-03-07,145.85833740234375,18812000.0,11.449999809265137,0.014911060365087492,0.0027407490712496596,0.0020060918392126315,33.3334565462076,0.0687066761417725,0.5878310803235394,-0.029100162670377516,-0.03421037579947017,-0.005419756045765833,0.0,0.007074005790119773,0.3809552852290075,0.008086434399012798,1,-0.015998870134353638,20,0.0451931034932371,61
2017-03-08,147.03781127929688,31791000.0,11.859999656677246,-0.002874733625599868,0.002200977087369882,-0.004101033551609623,41.66700357554656,0.1009333705950155,0.4904515383778346,-0.01851821999610448,-0.02368412989257329,0.005420281949744865,0.00815246423284166,0.007260118053912644,0.5714301555794586,-0.013369384627039294,0,-0.015998870134353638,20,0.0451931034932371,61
2017-03-09,145.07200622558594,28489000.0,12.300000190734863,-0.007687520790836455,0.0015117267300817083,0.0009403468219246758,32.142876944743236,-0.031784390121913475,0.386004352677885,0.005376778805047833,-0.007957326476667026,0.019073677829666513,0.01630482299906366,0.0073606947924610856,0.7142904667383759,-0.005419756045765833,0,-0.015998870134353638,20,0.0451931034932371,61
2017-03-10,144.28575134277344,20053000.0,11.65999984741211,0.0025826421538686084,0.011677966338034862,0.004729507757632145,27.58617920671098,-0.19812451364163053,0.26917857941398193,-0.008064490045890715,-0.02122032654543693,0.0027174529220739263,0.0027174529220739263,0.007661851253365926,0.4761880999641454,0.0163485041261493,1,-0.015998870134353638,20,0.0451931034932371,61
2017-03-13,146.6446075439453,10487000.0,11.350000381469727,0.01416593754281692,0.007520714191262989,0.0003868690340393943,39.99986693029255,-0.13801927797365465,0.18773900793645462,-0.002717031055595398,-0.029100162670377516,-0.010781598690737915,0.008241943664804241,0.007516435952421043,0.3809552852290075,-0.0026810256822199507,0,-0.015998870134353638,20,0.0451931034932371,61
2017-03-14,146.25144958496094,22245000.0,12.300000190734863,-0.009206350171230948,-0.0030618652515456146,-0.0033518142310781096,42.424078480170024,-0.12071844017017952,0.1260475183151278,0.0163485041261493,-0.013227402673716582,-0.005333659006617086,0.01084014317630655,0.0076407658847157875,0.6666648184906316,0.00268823290367437,1,-0.015998870134353638,20,0.0451931034932371,61
2017-03-15,146.6446075439453,14131000.0,11.630000114440918,0.022428742853694006,0.008350654081988207,0.0007761016690102096,44.11753626348287,-0.07442491593027967,0.08595303146604633,0.002695164291725005,-0.015872965349659207,-0.00800038501206013,0.024793306252096192,0.0071980591530241686,0.6190447147709925,0.018766867616995198,1,-0.015998870134353638,20,0.0451931034932371,61
2017-03-16,149.39666748046875,31507000.0,11.210000038146973,0.01566874966762022,-0.0018315102879152834,-0.014314359380647845,52.50010915812404,0.18223063122741223,0.10520855141831952,-0.002674167494269075,0.00268823290367437,-0.013227402673716582,0.038997118419820787,0.006964967735610202,0.6315783023011163,0.00789470996419106,1,-0.015998870134353638,20,0.0451931034932371,61
2017-03-17,150.57611083984375,33764000.0,11.279999732971191,0.00555411094825331,0.0017849622876731086,0.004884450809568008,55.81405004553615,0.47532398452074176,0.179231638038804,0.029810446325240658,0.021505550231696535,0.005291228028384332,0.049723804293775986,0.007406754400962087,1.0,0.0,0,-0.015998870134353638,20,0.0451931034932371,61
2017-03-20,150.57611083984375,16215000.0,11.34000015258789,0.007977680356357597,0.0076547905915695935,-0.004436604767537933,55.81405004553615,0.6995387315793664,0.2832930567469165,0.04359653977284683,0.040761055564772164,0.010554226160467639,0.0580110692711826,0.007475860350694743,1.0,0.018276565550848556,1,-0.015998870134353638,20,0.0451931034932371,61
2017-03-21,153.328125,32246000.0,12.470000267028809,-0.011263123503964967,-0.023580195038286456,-0.00036043252152584415,70.45458354466669,1.0867674979588173,0.4439879449892967,0.02680973655795893,0.04359653977284683,0.00789470996419106,0.060942028089576494,0.007450717498939738,1.0,-0.007692283195760763,0,-0.015998870134353638,20,0.0451931034932371,61
2017-03-22,152.148681640625,27396000.0,12.8100004196167,0.006465350481907661,0.011047979739504221,-0.002327306702685772,65.95748370522497,1.2836803945400277,0.611926434899443,0.048387044607910434,0.051212619934444925,0.02631556369920518,0.07734787793224074,0.00788967375849819,1.0,0.0,0,-0.015998870134353638,20,0.0451931034932371,61
2017-03-23,152.148681640625,18472000.0,13.119999885559082,-0.003976565711886204,-0.0024916957217919755,0.0018070178846829599,72.0931051196443,1.4233280440604688,0.7742067567316482,0.03753342307544627,0.03475888492124035,0.026524970649290047,0.04594582829174443,0.007340780844359871,0.8695648505486828,-0.0051679755006811545,0,-0.015998870134353638,20,0.0451931034932371,61
2017-03-24,151.3623809814453,17541000.0,12.960000038146973,0.00767819702260919,0.007523699838174247,-0.0009838568778495205,70.45439710393957,1.4537934941597541,0.9101241042172694,0.01842085373501412,0.04878043393178744,0.026524970649290047,0.04312639476295144,0.007338200795739335,0.8695648505486828,0.00259776394109279,1,-0.015998870134353638,20,0.0451931034932371,61
2017-03-27,151.75558471679688,29251000.0,12.5,0.01097213695106114,0.00159310664607748,-0.004464714802198566,68.29265060309395,1.4924616690614982,1.0265916171861151,0.005221745582457249,0.04904593539427338,0.01851852802560172,0.03773554311070271,0.007399004087138849,0.7826075217557851,0.007771993113637743,1,-0.015998870134353638,20,0.0451931034932371,61
2017-03-28,152.93502807617188,38259000.0,11.529999732971191,0.005426708265777513,0.0030020959883165776,-0.00313276894684289,68.29259057312493,1.5998357872501856,1.1412404511989294,0.007833074385933836,0.03485281360461845,0.0211643987310417,0.040431335084986086,0.00740207760767171,0.8260920923184403,-0.01542430969544284,0,-0.015998870134353638,20,0.0451931034932371,61
2017-03-29,150.57611083984375,33374000.0,11.420000076293945,-0.01259373622476001,-0.0024579328828010505,-0.002216322740302923,66.66672827259143,1.4775533278077546,1.2085030265206944,-0.0025637626745134146,0.0456992290345013,0.029100881405871304,0.04851756025647935,0.007474013841895546,0.9565272417697573,0.0,0,-0.015998870134353638,20,0.0451931034932371,61
2017-03-30,150.57611083984375,28302000.0,11.539999961853027,0.004251405305654377,0.005285703162313471,0.0033153327293575785,69.99987386221291,1.3649097675288147,1.2397843747223185,-0.010335750424020462,0.02680973655795893,0.02957004027758714,0.03234490068597329,0.007899054945794936,0.6956535679150052,-0.013055022640501401,0,-0.015998870134353638,20,0.0451931034932371,61
2017-03-31,148.61033630371094,33635000.0,12.369999885559082,-0.00695485769581794,-0.0004051878766967443,0.001156522712467467,56.41015944541418,1.1042878155101903,1.2126850628798929,-0.010335750424020462,0.00789470996419106,0.02957004027758714,0.03234490068597329,0.007899054945794936,0.6956535679150052,0.0,0,-0.015998870134353638,20,0.0451931034932371,61
2017-04-03,148.61033630371094,33635000.0,12.380000114440918,0.0015226190300920983,-0.005536915647533225,0.0006601246795852056,57.89466158440677,0.8875123509313596,1.1476505204901863,-0.018181827346332113,-0.013055022640501401,0.02717389642102197,0.01886761463471176,0.008182617462031005,0.47825771471867246,0.0,0,-0.015998870134353638,20,0.0451931034932371,61
2017-04-04,148.61033630371094,33635000.0,11.789999961853027,-0.0009120660745405296,-0.005289329278967747,0.0017151541795457081,56.756660365918904,0.7075599231168326,1.0596324010155156,-0.020725750679657207,-0.013055022640501401,0.029972363318563344,0.024390164375495793,0.008130426609050518,0.47825771471867246,0.0211643987310417,1,-0.015998870134353638,20,0.0451931034932371,61
2017-04-05,151.75558471679688,43748000.0,12.890000343322754,0.0012170768652983721,-0.0069466169314240656,0.00306218314352269,57.89474759318309,0.8094112001109579,1.009588160834604,-0.028277967623656197,-0.03076923230026496,0.01886761463471176,0.024390164375495793,0.008130426609050518,0.47825771471867246,-0.0077721942105407615,0,-0.015998870134353638,20,0.0451931034932371,61
2017-04-06,150.57611083984375,16173000.0,12.390000343322754,-0.0012155973898376748,0.0011675270100814927,-0.002888728810932828,50.0,0.7858960656900535,0.9648497418056939,0.007833074385933836,-0.002583636739992401,0.03208544384912426,0.04607076627049622,0.008726000852402488,0.8260920923184403,-0.0026110247953112786,0,-0.015998870134353638,20,0.0451931034932371,61
2017-04-07,150.18295288085938,18911000.0,12.869999885559082,0.00030425100642483827,0.004684849684920556,0.005794258274659292,48.71793340777141,0.7271534187382542,0.917310477192206,0.0,-0.010335750424020462,0.03794050111707259,0.03794050111707259,0.008831886012848834,0.6956535679150052,-0.005235516983171817,0,-0.015998870134353638,20,0.0451931034932371,61
2017-04-10,149.39666748046875,17024000.0,14.050000190734863,-0.0106480220998032,-0.007735008413061517,0.0014729493442899866,35.29443995452242,0.6101197070640865,0.8558723231665821,0.010582148027271199,-0.0077920821074459745,0.04087168333119884,0.04087168333119884,0.008793221213920534,0.6521740597805269,0.005263071885411419,1,-0.015998870134353638,20,0.0451931034932371,61
2017-04-11,150.18295288085938,8441000.0,15.069999694824219,-0.0036902145208594916,-0.00834994080644802,0.0010785409194722373,42.42440636503699,0.5741973186660516,0.7995373222664761,0.005291228028384332,-0.015544187324178504,0.018766867616995198,0.03260890773178948,0.008840621944011338,0.565218418463688,0.0,0,-0.015998870134353638,20,0.0451931034932371,61
2017-04-12,150.18295288085938,17283000.0,15.770000457763672,-0.0037037348948473214,-0.01707449977012665,-6.52617253618093e-05,42.42440636503699,0.539509438084508,0.7475317454300825,0.010582148027271199,-0.017995061235688836,0.02688180737391277,0.029649422552969096,0.008793145302766397,0.6521740597805269,0.002617860092924529,1,-0.015998870134353638,20,0.0451931034932371,61
2017-04-13,150.57611083984375,14771000.0,15.960000038146973,-0.013940267542210782,-0.006766311220257948,-0.008358654521796183,46.87515539626806,0.5375470960312043,0.705534815550307,-0.010362925614054386,-0.0026110247953112786,0.024128710875738868,0.018666357553041468,0.00864883842868959,0.6521740597805269,-0.013055022640501401,0,-0.015998870134353638,20,0.0451931034932371,61
2017-04-14,148.61033630371094,30701000.0,15.960000038146973,0.0,0.0,-0.002074338175904966,38.888811026720504,0.37306983261098026,0.6390418189624416,0.0,0.0,0.00789470996419106,0.0213330835584844,0.008654749164384398,0.6956535679150052,-0.00793607196883317,0,-0.015998870134353638,20,0.0451931034932371,61
2017-04-17,147.4309539794922,17096000.0,14.65999984741211,0.006283055976761265,0.01307276764336307,0.0025075957571374374,30.555726254122376,0.14587259087556959,0.5404079733450672,-0.010471338770359662,0.0,-0.013055022640501401,0.0,0.008820268481732833,0.47825771471867246,0.002666105018249265,1,-0.015998870134353638,20,0.0451931034932371,61
2017-04-18,147.8240203857422,25063000.0,14.420000076293945,-0.007492740258944419,0.00422594530093745,-0.0017772792624115574,38.709471446439146,-0.002437587089502813,0.4318388612581532,-0.01315767971352877,-0.00793607196883317,-0.020887489010104843,-0.00793607196883317,0.008905692271323415,0.347829315171591,-0.00797849252590499,0,-0.015998870134353638,20,0.0451931034932371,61
2017-04-19,146.6446075439453,30477000.0,14.930000305175781,-0.005662280096782379,0.005508518718658539,0.0017474281765010868,35.29401692425182,-0.21269145649790744,0.3029327977069411,-0.01570705895620883,-0.005291125351885251,-0.03589755378706816,-0.007915746424534853,0.008905850172165507,0.39129869844971576,0.0026813378407639643,1,-0.015998870134353638,20,0.0451931034932371,61
2017-04-20,147.03781127929688,21488000.0,14.149999618530273,0.0056945240871819625,0.01578331061826521,0.000559529957169902,43.33362226554768,-0.3436297575562435,0.17362028665430418,-0.023560232829627714,-0.03367900550341896,-0.036175627927426346,-0.018421160143235582,0.008975159646043727,0.26086692395051647,0.016042514375375516,1,-0.015998870134353638,20,0.0451931034932371,61
2017-04-21,149.39666748046875,17373000.0,14.630000114440918,0.009122290493001284,-0.004621307611623382,-0.00032895490155659957,52.77790655176912,-0.2541298718810481,0.08807025494723374,-0.02349841246936102,-0.02349841246936102,-0.03359128916673759,-0.01578921565623448,0.00898762653902688,0.3043514945131716,0.0,0,-0.015998870134353638,20,0.0451931034932371,61
2017-04-24,149.39666748046875,19317000.0,10.84000015258789,0.019326770182479747,0.014965642752860386,-0.0015794780078116633,52.77790655176912,-0.18111281191465878,0.034233641574855235,0.005291228028384332,-0.005235516983171817,-0.012986803512409884,0.007957532374317067,0.009251924901681932,0.565218418463688,0.010525939498675196,1,-0.015998870134353638,20,0.0451931034932371,61
2017-04-25,150.96920776367188,31932000.0,10.760000228881836,0.011314858709377207,0.009932536105250911,-0.002933188231843409,46.87464371569058,0.0036030589346296438,0.02810752504681012,0.013333112537886604,0.0,-0.015544187324178504,0.007957532374317067,0.009251924901681932,0.565218418463688,-0.005208048014952227,0,-0.015998870134353638,20,0.0451931034932371,61
2017-04-26,150.18295288085938,29909000.0,10.850000381469727,-0.002116739876075968,-0.008498663242462956,-0.004131821602095909,48.38702811526558,0.08556122283511058,0.03959826460447022,0.021276564997504632,0.005235313780494355,-0.01285395724726246,0.015872862673160126,0.009381064543700307,0.7391263261452479,0.010471440371698337,1,-0.015998870134353638,20,0.0451931034932371,61
2017-04-27,151.75558471679688,27940000.0,10.359999656677246,0.0006062107663844518,0.014001749235835748,-0.0005642657401051521,55.8825812490725,0.2742505151072976,0.08652871470503569,0.024128710875738868,0.0,-0.0026110247953112786,0.010582148027271199,0.00942105814826298,0.6521740597805269,0.007771993113637743,1,-0.015998870134353638,20,0.0451931034932371,61
2017-04-28,152.93502807617188,34852000.0,10.819999694824219,0.001514101337219298,-0.017355734065436335,0.001162360842920096,62.857405830272704,0.5130452939589532,0.1718320305558192,0.03208544384912426,0.007833074385933836,0.007833074385933836,0.0211643987310417,0.009550757384888357,0.8260920923184403,0.0,0,-0.015998870134353638,20,0.0451931034932371,61
2017-05-01,152.93502807617188,34852000.0,10.109999656677246,0.009978627050351907,0.009845517379355462,0.0014263672695784546,60.606342164502976,0.6942885503930256,0.27632333452326047,0.023684334164721044,0.029100881405871304,0.029100881405871304,0.0456992290345013,0.00925169664305849,0.9565272417697573,0.010282507295901855,1,-0.015998870134353638,20,0.0451931034932371,61
2017-05-02,154.50758361816406,44119000.0,10.59000015258789,0.01586847159318916,-0.010645733961538895,0.00019876507875737914,64.86507466130986,0.9538221586368536,0.4118230993459791,0.023684334164721044,0.03733323259541077,0.029100881405871304,0.0456992290345013,0.00925169664305849,0.9565272417697573,0.007633365393323155,1,-0.015998870134353638,20,0.0451931034932371,61
2017-05-03,155.68699645996094,25723000.0,10.680000305175781,0.01061030972778676,0.003414219000669183,-0.005199522755405361,66.66679935869941,1.240374902804433,0.5775334600376699,0.023437732150195734,0.04521297157918802,0.03968261872714618,0.06793484651917447,0.009163003911478116,1.0,0.0,0,-0.015998870134353638,20,0.0451931034932371,61
2017-05-04,155.68699645996094,22088000.0,10.460000038146973,-0.004374558720725452,-0.001210228379443734,0.0001664278829758281,76.47111200405477,1.4507467120205604,0.752176110434248,0.036648923686218415,0.06166192584548913,0.025906208002168585,0.07901851022074968,0.00918303748978347,1.0,-0.002524918154800604,0,-0.015998870134353638,20,0.0451931034932371,61
2017-05-05,155.2938995361328,17036000.0,10.569999694824219,0.008201590989747709,0.004171520649703053,0.0025297145916141073,81.25059128608058,1.5676770448387174,0.9152762973151419,0.025906208002168585,0.05882286403349024,0.033942207642440936,0.0673849656636718,0.009074539708835407,1.0,0.02531623928096738,1,-0.015998870134353638,20,0.0451931034932371,61
2017-05-08,159.22535705566406,36538000.0,9.770000457763672,0.016269396500469657,-0.003827835019930337,0.0013944625524744403,85.36643549678804,1.955044406355853,1.1232299191232842,0.015424010376393626,0.03947365195702934,0.03403146999864881,0.05614942296137415,0.009037010140999478,0.9655215794601655,0.004938287931769647,1,-0.015998870134353638,20,0.0451931034932371,61
2017-05-09,160.01165771484375,48077000.0,9.960000038146973,0.01229277374195159,0.010266518856170803,-0.0004973107654753228,92.50050698474583,2.2989824839877997,1.3583804320961874,0.041130727594721916,0.06578921565623452,0.06578921565623452,0.0975608678635751,0.009462546445034817,1.0,0.009828137522023495,1,-0.015998870134353638,20,0.0451931034932371,61
2017-05-10,161.5842742919922,28312000.0,10.210000038146973,0.0,0.021051640241093406,0.002852797809529184,93.02371971401674,2.667701303284076,1.6202446063337652,0.03562332649174005,0.05989598862654821,0.06544487670169552,0.10899140230909543,0.00939216339917162,1.0,0.009732485317888173,1,-0.015998870134353638,20,0.0451931034932371,61
2017-05-11,163.15689086914062,43718000.0,10.600000381469727,0.004236262193482387,0.0033785177079610484,0.00039690163104433296,92.68343478137395,3.051633309704272,1.9065223470078667,0.03787906482959147,0.07591621547205496,0.07591621547205496,0.10187668676169959,0.009209946419189381,1.0,-0.007229077918009086,0,-0.015998870134353638,20,0.0451931034932371,61
2017-05-12,161.9774169921875,25009000.0,10.399999618530273,-0.0053431932995737785,0.0026955636144931905,-0.0017854433299113737,86.3639090103981,3.2235692070605637,2.169931719018406,0.04798020758978905,0.07512940082976605,0.08355096940097018,0.11559161520897554,0.009243554792085253,1.0,0.0,0,-0.015998870134353638,20,0.0451931034932371,61
2017-05-15,161.9774169921875,25666000.0,10.420000076293945,-0.008764765643466621,0.01512576895398432,-0.001656215419829965,85.00033960470013,3.321540987529886,2.400253572720702,0.04303786224712325,0.05912568905739435,0.0899471801285654,0.10455760839107131,0.009368362387790919,0.9285699104282312,-0.007281623821800753,0,-0.015998870134353638,20,0.0451931034932371,61
2017-05-16,160.79795837402344,33224000.0,10.649999618530273,-0.0008554785375310958,0.014890840234409897,-0.0033177994739919114,82.92686620994927,3.266359319069352,2.5734747219904324,0.01728405567689406,0.05912568905739435,0.09866627475474887,0.0842103757994701,0.009010034462726354,0.9285699104282312,-0.0024449483324958665,0,-0.015998870134353638,20,0.0451931034932371,61
2017-05-17,160.40481567382812,21567000.0,15.59000015258789,-0.017413450158659693,-0.04366441063962079,0.0019307142296585145,78.94737917228419,3.1545405392733414,2.6896878854470145,0.004914021080769881,0.04071240134985765,0.08776610157419729,0.06788492196515739,0.009070597549050556,0.857140744943626,-0.002451035882761965,0,-0.015998870134353638,20,0.0451931034932371,61
2017-05-18,160.01165771484375,22461000.0,14.65999984741211,0.013945425483489648,0.018896404103804443,0.0005980347299940902,74.99994609455015,2.9996210251635205,2.751674513390316,-0.007299340380318875,0.030303232261793323,0.09383371376788796,0.06527399850590121,0.009088976321846248,0.8333316391735334,-0.0024567721391759445,0,-0.015998870134353638,20,0.0451931034932371,61
2017-05-19,159.61854553222656,16492000.0,12.039999961853027,0.00859578436498043,0.010940712330602897,0.002722829543789995,72.97309488069502,2.8127022456930604,2.763880059850865,-0.019277354070319386,0.02777792206939389,0.08823476303590505,0.043589737465606904,0.008713400472365341,0.8095216093162771,0.009852055696521589,1,-0.015998870134353638,20,0.0451931034932371,61
2017-05-22,161.1911163330078,13726000.0,10.930000305175781,0.005682069695059466,0.01086949016712424,-0.00672227019332261,72.97312323117042,2.759649565022727,2.7630339608852377,-0.014562965034037534,0.027848138330041294,0.0684210580071618,0.049095817400806485,0.008622206424336892,0.7857143517205117,0.0,0,-0.015998870134353638,20,0.0451931034932371,61
2017-05-23,161.1911163330078,19991000.0,10.720000267028809,0.0,-0.004066126292393668,0.0013002019137837717,70.58845688454602,2.686635076577062,2.7477541840236026,-0.004854384480137863,0.012345767745124414,0.07894720177798487,0.05943156782482695,0.00872280715268813,0.8809507748008824,0.002439079571681546,1,-0.015998870134353638,20,0.0451931034932371,61
2017-05-24,161.5842742919922,13380000.0,10.020000457763672,0.0033894523326571946,0.0064704333191139,0.0033295724894715217,71.42880905225852,2.6301760971545605,2.7242385666497944,0.002445043226667609,0.007371079301396799,0.06770856600994679,0.06493512646822963,0.00866396861036304,0.8809507748008824,0.007299151515540725,1,-0.015998870134353638,20,0.0451931034932371,61
2017-05-25,162.76370239257812,22328000.0,9.989999771118164,0.0014076696093632268,0.005489160857863995,0.0007632179339125411,75.67561330467555,2.6500537697659183,2.709401607273019,0.007353012521534419,0.0,0.07591621547205496,0.06476657576416311,0.008663528692191962,0.9047608046581386,0.0,0,-0.015998870134353638,20,0.0451931034932371,61
2017-05-26,162.76370239257812,32514000.0,9.8100004196167,-0.0016868963234017986,0.0037936392190029977,-0.0031832995771982064,66.66666666666666,2.635427401928524,2.6946067662041204,0.017199026102453052,-0.0024098796837079828,0.07253846832934929,0.06426699259185353,0.008655525369036765,0.9761881219684165,0.0,0,-0.015998870134353638,20,0.0451931034932371,61
2017-05-29,162.76370239257812,32514000.0,9.8100004196167,0.0,0.0,0.0012640998559574346,63.99999379013128,2.5939346362219737,2.674472340207691,0.0197042069883826,0.004854290276949946,0.06426699259185353,0.08093974193354869,0.008236094087480592,0.9761881219684165,0.0,0,-0.015998870134353638,20,0.0451931034932371,61
2017-05-30,162.76370239257812,32514000.0,10.380000114440918,0.007603759273672406,0.00608376801812871,-0.00019935940108528616,57.14275153260281,2.531865550426545,2.645950982251462,0.009756034298574301,0.004854290276949946,0.06426699259185353,0.08093974193354869,0.008236094087480592,0.9761881219684165,-0.01932345365777932,0,-0.015998870134353638,20,0.0451931034932371,61
2017-05-31,159.61854553222656,67475000.0,10.40999984741211,-0.011738364921237587,-2.740137239498619e-05,0.00016612370644875085,31.999857171910676,2.2034870521778487,2.5574581962367393,0.009756034298574301,0.012224931450822707,0.0534350391163807,0.09523810012745226,0.007897795070090531,0.9761881219684165,0.0197042069883826,1,-0.015998870134353638,20,0.0451931034932371,61
2017-06-01,162.76370239257812,27589000.0,9.890000343322754,0.014988473112887757,0.001035352877273299,-0.0005648281814598644,53.333316083492676,2.1719951913879356,2.4803655952669788,-0.012165346958290302,-0.004901786385269058,0.0252529059051938,0.07407431745540527,0.008563758635993806,0.7857143517205117,0.009661961199158187,1,-0.015998870134353638,20,0.0451931034932371,61
2017-06-02,164.33631896972656,22573000.0,9.75,0.008080313630502545,0.00993087282141003,0.00036566868768317384,58.82363013503163,2.248020894172498,2.4338966550480827,0.0,0.017199026102453052,0.04545470137859042,0.09523810012745226,0.008995060676236732,0.9761881219684165,0.014353926598510869,1,-0.015998870134353638,20,0.0451931034932371,61
2017-06-05,166.6951904296875,21457000.0,10.069999694824219,0.005804426696512488,0.002555688079271201,3.3276554024519456e-05,70.27045738484082,2.470138801773544,2.4411450843931752,0.009661961199158187,0.0295565494709229,0.058227782679189044,0.082901293394952,0.00856882386317097,1.0,-0.0070753577085562736,0,-0.015998870134353638,20,0.0451931034932371,61
2017-06-06,165.51576232910156,14912000.0,10.449999809265137,0.0010992779612428727,0.003489347013966082,-0.0008307452958501438,66.66686570313115,2.521927640995159,2.457301595713572,0.024154574879519553,0.034146262039085995,0.046913591604709204,0.10704938187033108,0.008637427644724157,1.0,0.004750608933644873,1,-0.015998870134353638,20,0.0451931034932371,61
2017-06-07,166.30206298828125,29514000.0,10.390000343322754,0.0008231753728844549,0.007404955587750894,0.0001995015063156469,70.00027168481456,2.5964878651518575,2.485138849601229,0.01690831491339262,0.02682930731219324,0.034398147565389614,0.10209420679326864,0.00872835313707947,0.9411773658996907,0.007092175155145819,1,-0.015998870134353638,20,0.0451931034932371,61
2017-06-08,167.48150634765625,18437000.0,10.15999984741211,0.010148259768455903,0.01783953348904954,0.003025919811824762,73.80964922251208,2.719401039638967,2.531991287608777,0.04187181028225395,0.02919707822410822,0.02919707822410822,0.11315778184960257,0.008652241168455739,0.9803932163146339,-0.004694941758742743,0,-0.015998870134353638,20,0.0451931034932371,61
2017-06-09,166.6951904296875,31774000.0,10.699999809265137,-0.02823789134583421,-0.04234566323028777,-0.0026189448242912583,67.5000557921466,2.72198415394746,2.5699898608765137,0.028985602353152506,0.028985602353152506,0.02650587085521372,0.11518320245387548,0.008670597019719952,1.0,-0.02122616466273719,0,-0.015998870134353638,20,0.0451931034932371,61
2017-06-12,163.15689086914062,58256000.0,11.460000038146973,-0.015367082424481704,-0.005146651227534216,0.0028917068373623955,55.10215073778394,2.4107306842145135,2.538138025544114,0.014353926598510869,0.024154574879519553,0.0291261184744509,0.10994748226802642,0.00873542730350774,0.9622632942946043,0.002409505594964667,1,-0.015998870134353638,20,0.0451931034932371,61
2017-06-13,163.55001831054688,43566000.0,10.420000076293945,0.009080459871604996,0.006371984206637427,-0.000596548200298086,55.10207961219648,2.1707590074223617,2.4646622219197636,-0.02122616466273719,0.0024157012330312533,0.00728171802498867,0.08355096940097018,0.009472853319832204,0.792453976992707,-0.00480780085561161,0,-0.015998870134353638,20,0.0451931034932371,61
2017-06-14,162.76370239257812,36293000.0,10.640000343322754,0.0025308871075326866,-0.01056492376855056,0.0016580744792584756,50.0,1.8952829594148,2.350786369418771,-0.01187647623944188,0.004831027473632954,0.017115017904157925,0.10052922547933751,0.009170883957165492,0.8113208652523091,0.004831027473632954,1,-0.015998870134353638,20,0.0451931034932371,61
2017-06-15,163.55001831054688,17748000.0,10.899999618530273,-0.005890651730809493,-0.00839022890304364,-0.0002317487005496499,52.00005588916558,1.7205815368033655,2.22474540289569,-0.021276708972350233,0.0197042069883826,0.014705834789565442,0.10399951976990351,0.009097933317283393,0.7735841595469135,0.01682692980509981,1,-0.015998870134353638,20,0.0451931034932371,61
2017-06-16,166.30206298828125,32816000.0,10.380000114440918,0.01213321609818907,-0.003296751153087696,0.0010265625993806093,57.89481568436262,1.783635763615905,2.1365234750397333,-0.02347416214987008,0.004831027473632954,0.022113142543706665,0.1063832378781755,0.009105614217061906,0.8113208652523091,0.007092175155145819,1,-0.015998870134353638,20,0.0451931034932371,61
2017-06-19,167.48150634765625,15632000.0,10.369999885559082,0.009478751414119024,0.019386696265293324,0.0030765295479717736,60.000077623780825,1.9067975396315262,2.090578287958092,-0.00235836103245024,0.011961713824908182,0.04187181028225395,0.1340482665784022,0.009216468526096712,0.9423077210146604,0.01643202283367784,1,-0.015998870134353638,20,0.0451931034932371,61
2017-06-20,170.2335662841797,28630000.0,10.859999656677246,-0.00220948474836824,-0.01198621087558116,0.0011213111326393577,72.88140164562058,2.2010994668920034,2.1126825237448745,0.02650587085521372,0.004717088213174403,0.03902442118244909,0.13903699252926693,0.00923737725316831,1.0,-0.004619131196753279,0,-0.015998870134353638,20,0.0451931034932371,61
2017-06-21,169.44723510742188,44789000.0,10.75,0.01605327543155388,0.011666454865226772,0.0037553831105905378,66.03772203215073,2.3438668719628026,2.15891939338846,0.04086546759623211,0.028503653601869905,0.056097694196067804,0.1394736519570292,0.0092508264555881,1.0,0.011601191330597116,1,-0.015998870134353638,20,0.0451931034932371,61
2017-06-22,171.41302490234375,24139000.0,10.479999542236328,0.0,-0.002262311626045621,-0.0009189326734712067,66.66669062447218,2.585826083257473,2.2443007313622627,0.041062796044804895,0.018912405911418295,0.048661671130328266,0.13421027366339633,0.009316477552645919,0.9607826872454885,-0.004586991811442065,0,-0.015998870134353638,20,0.0451931034932371,61
2017-06-23,170.6267547607422,39621000.0,10.020000457763672,0.0005446195526308539,0.0032443773576753543,-0.000492720252500356,60.00017077125734,2.6832047579245852,2.3320815366747274,0.04807707558226437,0.0234743443644847,0.05314036472888706,0.13541713201989336,0.009338985593189514,1.0,0.023809278947469537,1,-0.015998870134353638,20,0.0451931034932371,61
2017-06-26,174.6892547607422,58686000.0,9.899999618530273,0.015715056988406806,-0.009701544091688219,-0.006014413655630713,70.34885846232581,3.0529948334281585,2.4762641960254137,0.02600503983384561,0.023585349528803867,0.0483096184995766,0.13612598159593348,0.0093260399789107,0.9600013972226319,-0.016279255636250767,0,-0.015998870134353638,20,0.0451931034932371,61
2017-06-27,171.84544372558594,43269000.0,11.0600004196167,-0.02878489092998615,-0.02714487955760614,0.002281452364906844,61.2679188540866,3.0810677178879757,2.597224900397926,0.04303608541783821,0.07068266519525102,0.07326911462974839,0.15112241231018708,0.009798778562590114,1.0,-0.014184346153986227,0,-0.015998870134353638,20,0.0451931034932371,61
2017-06-28,169.40792846679688,48568000.0,10.029999732971191,0.007409355880682478,0.017660651619795242,0.002210254215414764,53.72527010790153,2.873504598539853,2.652480840026312,0.00946862288436967,0.050721030182263815,0.05579709234619834,0.12364999625851181,0.010230514188992488,0.869275471089336,0.007194443538727668,1,-0.015998870134353638,20,0.0451931034932371,61
2017-06-29,170.62672424316406,26019000.0,11.4399995803833,-0.015275939747370626,-0.025075440336962407,0.0011850298366968826,57.477634455910575,2.7753633037346788,2.677057332767985,-0.0002319697963798495,0.04082130091998759,0.0613298592712328,0.10771175575565595,0.010555204157818996,0.7383107545141256,-0.007143053245459052,0,-0.015998870134353638,20,0.0451931034932371,61
2017-06-30,169.40792846679688,30867000.0,11.180000305175781,0.004309546039353629,-0.0052959473413553,-0.002071269219597438,63.039774897507066,2.5696180301602,2.6555694722464285,-0.004587169846793415,0.04326936802403791,0.0483094310033616,0.1043258864550971,0.010510279538504622,0.7905410614793241,0.0023979677036813918,1,-0.015998870134353638,20,0.0451931034932371,61
2017-07-03,169.8141632080078,19027000.0,11.220000267028809,-0.0022884779065907024,-0.013914276544314874,0.0021084958545818377,63.059975224263674,2.4115443845769846,2.6067644547125397,-0.007143230823644209,0.018676049008090168,0.030861160386612907,0.08813152234178179,0.010578579134383927,0.727701491785816,-0.009569374121041752,0,-0.015998870134353638,20,0.0451931034932371,61
2017-07-04,168.18914794921875,21132000.0,11.220000267028809,0.0,0.0,0.0,60.929177752750405,2.130584677113177,2.5115284991926674,-0.02790722050655836,0.01392784738578512,0.01871063448369803,0.09074082658971494,0.010573618138829856,0.7486464415692309,0.007246487258179668,1,-0.015998870134353638,20,0.0451931034932371,61
2017-07-05,169.40792846679688,23276000.0,11.069999694824219,-0.001720145761818448,0.02084253885577758,0.0030903725954816164,61.598266109005046,1.9834040395952002,2.405903607273174,-0.02127665242149679,-0.012009490135148071,0.01615184911997436,0.08303770110483666,0.010704235729946778,0.5796592207546164,-0.00479620562120453,0,-0.015998870134353638,20,0.0451931034932371,61
2017-07-06,168.5954132080078,15242000.0,12.539999961853027,-0.009190051870370253,-0.004540287139063737,-0.0008521211853730337,54.91842709292577,1.7806726472250887,2.280857415263557,0.0,-0.0002319697963798495,0.018676049008090168,0.06395068976088436,0.010087850389534277,0.649563519946865,-0.007228934854149216,0,-0.015998870134353638,20,0.0451931034932371,61
2017-07-07,167.37664794921875,20655000.0,11.1899995803833,0.0037681672774945163,0.01721226049418556,0.0030506315491787284,49.77549438931991,1.5043215055248425,2.1255502333158143,-0.011904999314535147,-0.016437558907446914,0.006650924538732728,0.053644563250892396,0.010119333098393388,0.5956499816741151,0.0,0,-0.015998870134353638,20,0.0451931034932371,61
2017-07-10,167.37664794921875,13292000.0,11.109999656677246,0.010684476380803165,0.011565030703882373,0.00032704000167660396,43.0661091832918,1.2706638132465855,1.9545729493019686,-0.011990469017370997,-0.01904804915314029,0.0040880454785447995,0.03584738479413785,0.010110787482067302,0.5147801805049035,0.029126382644635074,1,-0.015998870134353638,20,0.0451931034932371,61
2017-07-11,172.25172424316406,33265000.0,10.890000343322754,0.010856901976146638,0.007796896776055551,0.0,55.67943389521499,1.462013145443052,1.8560609885301853,-0.014354016253657953,-0.04186065606347067,0.025863186394392335,0.025863186394392335,0.010014224331321384,0.5147801805049035,-0.007075489456747408,0,-0.015998870134353638,20,0.0451931034932371,61
2017-07-12,171.032958984375,26426000.0,10.300000190734863,0.00876201667703258,0.01621686475385875,-0.0005884546042222993,49.20630570804745,1.4980461554891065,1.7844580219219697,0.02415480632063094,0.0023642204807414746,0.05320516636136663,0.06343049198933781,0.010852127216865135,0.8382603976615766,0.01900227463810622,1,-0.015998870134353638,20,0.0451931034932371,61
2017-07-13,174.28297424316406,50090000.0,9.899999618530273,0.012888806159951693,-0.0024980148466793306,-0.0034347250011292907,56.92293112952752,1.768465871690836,1.781259591875743,0.00959241124240906,0.00959241124240906,0.05080528686827135,0.05590620075528352,0.010930972783478857,0.7573905964923648,-0.006992850256907657,0,-0.015998870134353638,20,0.0451931034932371,61
2017-07-14,173.06423950195312,22335000.0,9.510000228881836,0.002766447374116021,0.013016742354298838,-0.00341375647568809,46.55173865263406,1.8629587084851664,1.7975994151976278,0.03373496898245465,0.021428354885307366,0.06562491428302741,0.08386310377009809,0.011174188594415236,0.9730417121438856,0.0,0,-0.015998870134353638,20,0.0451931034932371,61
2017-07-17,173.06423950195312,21372000.0,9.819999694824219,-0.009379549840692225,-0.004319307531269523,-0.0005599353884945257,52.941250116913544,1.9157612591532427,1.8212317839887509,0.03398079494613815,0.021582880259779946,0.04066201219733756,0.07892171924480773,0.01123995643238801,0.8921739359343265,0.004694612155347722,1,-0.015998870134353638,20,0.0451931034932371,61
2017-07-18,173.876708984375,18613000.0,9.890000343322754,-0.0011140005037466594,0.0034558924915353284,0.00174662195820674,61.70207665050802,2.000111122130221,1.857007651617045,0.03398079494613815,0.019139017809511216,0.03333343051446103,0.08157269272449108,0.011223315874803604,0.8921739359343265,0.002336513390218231,1,-0.015998870134353638,20,0.0451931034932371,61
2017-07-19,174.28297424316406,20637000.0,9.789999961853027,0.015054551131863603,0.008909301982609641,-0.0015132917046867256,59.999899840746785,2.075812532603834,1.900768627814403,0.009433779245756613,0.03381645667694033,0.021400848138924733,0.08932648399098309,0.011209377928804578,0.9460844367675975,0.004661958539142086,1,-0.015998870134353638,20,0.0451931034932371,61
2017-07-20,175.09547424316406,20770000.0,9.579999923706055,-0.008514402563851164,0.003090193176550793,0.0008566761130206491,65.90909672930903,2.1762815860221565,1.9558712194559538,0.01900227463810622,0.028776963513385212,0.02853831833063869,0.08121947541519314,0.011142402065567466,0.9730417121438856,-0.006960575446379069,0,-0.015998870134353638,20,0.0451931034932371,61
2017-07-21,173.876708984375,15032000.0,9.359999656677246,-0.006925057013734359,-0.008131643795017851,0.0015142879729042047,60.86959006789334,2.1329722871613512,1.9912914329970333,0.004661958539142086,0.03855419854831199,0.021482902731097875,0.08626007578129169,0.011146014858774766,1.0,0.002336513390218231,1,-0.015998870134353638,20,0.0451931034932371,61
2017-07-24,174.28297424316406,19972000.0,9.430000305175781,0.010321007415672101,-0.004090172036317119,0.00026293988356673736,67.44191124896602,2.107141748445457,2.014461496086718,0.004694612155347722,0.03883493375448843,0.019047154874333616,0.0760744493623784,0.011231688598420542,0.9212527703944411,-0.002331066821376515,0,-0.015998870134353638,20,0.0451931034932371,61
2017-07-25,173.876708984375,13344000.0,9.430000305175781,-0.003313461311763355,-0.0003808160774549929,-0.003023201823573518,63.41460286516782,2.0304825108763964,2.0176656990446538,0.007042094569728707,0.04126218548743221,-0.0023257327311549947,0.07077297752051637,0.011198573584896726,0.9475025041999574,-0.0046726757549505615,0,-0.015998870134353638,20,0.0451931034932371,61
2017-07-26,173.06423950195312,14684000.0,9.600000381469727,0.003324476837144985,0.01157276064645818,0.00013183394279558946,63.41477714638541,1.882470072463832,1.9906265737284896,0.0,0.009433779245756613,0.011820303260601461,0.06827693415939162,0.011212923280860569,0.9212527703944411,0.011736883061783665,1,-0.015998870134353638,20,0.0451931034932371,61
2017-07-27,175.09547424316406,23013000.0,10.109999656677246,-0.0011048497554085879,-0.016210119200647632,-0.003163848995921703,72.09314513769209,1.9070890807276442,1.9739190751283207,-0.006992850256907657,0.011876544320113647,0.021582880259779946,0.06328522242957213,0.011252651343510181,0.8687572464053885,-0.011600726689200758,0,-0.015998870134353638,20,0.0451931034932371,61
2017-07-28,173.06423950195312,19724000.0,10.289999961853027,-0.008844474029672478,-0.003900616275566704,-0.0004958967757818789,64.58352243739222,1.7426084488066351,1.9276569498639837,0.0,0.004661958539142086,0.026190211526486706,0.07576487674655064,0.011359123053309002,1.0,0.007042094569728707,1,-0.015998870134353638,20,0.0451931034932371,61
2017-07-31,174.28297424316406,19993000.0,10.260000228881836,0.0027886261337983775,-0.007172952991665871,0.00033078290439747526,56.410268757451846,1.691104076101226,1.8803463751114322,-0.0046726757549505615,0.0,0.021582880259779946,0.08423641454001296,0.011067561470973713,0.8352844371577938,-0.011654896347855215,0,-0.015998870134353638,20,0.0451931034932371,61
2017-08-01,172.25172424316406,19704000.0,10.09000015258789,-0.0033372260761815875,0.005510740758614352,-0.0013887909559309186,53.65859244526975,1.4694427689832992,1.7981656538858057,0.0,0.007042094569728707,0.026315891152626225,0.07077297752051637,0.010740809860318801,0.9341132799208093,0.018867824244250153,1,-0.015998870134353638,20,0.0451931034932371,61
2017-08-02,175.50173950195312,27320000.0,10.279999732971191,0.006417724403204872,-0.006571209583850268,0.0011920297081542408,53.65859244526975,1.5382911926662928,1.7461907616419032,-0.00934561477901541,-0.00934561477901541,0.02415480632063094,0.04816589128356741,0.010857714864209193,0.7693964797228323,-0.011573872412747988,0,-0.015998870134353638,20,0.0451931034932371,61
2017-08-03,173.4705047607422,25694000.0,10.4399995803833,-0.00776257732502017,-0.004760242347800592,-0.00013228304256296397,51.16283741938752,1.4126660615787046,1.6794858216292636,0.01408436547616465,0.006993025360518601,0.03597122690955179,0.052830252927904775,0.01101255243401344,1.0,-0.002341984646608397,0,-0.015998870134353638,20,0.0451931034932371,61
2017-08-04,173.06423950195312,21831000.0,10.029999732971191,0.006705765171795219,0.0006024307696834708,-0.0009261668961579872,50.0,1.2657344304063258,1.5967355433846762,-0.009280476776716617,-0.009280476776716617,0.028915920427322828,0.048060331654842026,0.011117231216317832,0.8405378533780546,0.01408436547616465,1,-0.015998870134353638,20,0.0451931034932371,61
2017-08-07,175.50173950195312,21564000.0,9.930000305175781,0.021093646712475156,0.01741632282971084,-3.315315906982086e-05,54.16674491686698,1.3306371760074,1.543515869909221,0.0,-0.0046726757549505615,0.03398079494613815,0.04066201219733756,0.011115513167103231,0.8086439865836128,0.006944375613932019,1,-0.015998870134353638,20,0.0451931034932371,61
2017-08-08,176.72048950195312,25122000.0,10.960000038146973,-0.0024465777083761964,-0.00407919915206012,0.00036425478384360943,56.000042067339294,1.4635451712674126,1.5275217301808595,0.006993025360518601,0.006993025360518601,0.048543758357495026,0.04788727620856581,0.011260257562521598,1.0,-0.013793054023665596,0,-0.015998870134353638,20,0.0451931034932371,61
2017-08-09,174.28297424316406,28050000.0,11.109999656677246,-0.006539934655602875,-0.002998829039289941,-0.0010922401958785022,48.14814814814815,1.3565511278638098,1.4933276097174497,0.025943225116751734,0.01635515494966988,0.025943225116751734,0.060141501661947094,0.011255471402573037,1.0,-0.002331066821376515,0,-0.015998870134353638,20,0.0451931034932371,61
2017-08-10,173.876708984375,26273000.0,16.040000915527344,-0.030718189922400274,-0.02794154093663548,0.0006957989668048281,50.0,1.22485598913579,1.4396332856011178,-0.006944462557737174,0.007042094569728707,0.01900227463810622,0.06819254347612613,0.010944306941930609,0.8253526947364739,-0.007008925876054284,0,-0.015998870134353638,20,0.0451931034932371,61
2017-08-11,172.65802001953125,41417000.0,15.510000228881836,0.022637398243868345,0.005848900075129393,0.0029137557843463835,46.29638774952337,1.0105002110093722,1.3538066706827687,0.0023416327991496733,-0.006960575446379069,-0.002331066821376515,0.06314087140130997,0.010960505546431904,0.7962438994524813,-0.007058927916816504,0,-0.015998870134353638,20,0.0451931034932371,61
2017-08-14,171.43923950195312,29299000.0,12.329999923706055,-0.002490260494101171,0.025810827303395678,0.0013865901493914645,44.64290984211303,0.7338173212060042,1.229808800787416,-0.0023472179093202428,-0.0023472179093202428,-0.0023472179093202428,0.06078946031276988,0.010996688792875086,0.6915471418309892,0.014217687208033292,1,-0.015998870134353638,20,0.0451931034932371,61
2017-08-15,173.876708984375,13512000.0,12.039999961853027,0.010263231567984032,0.0024595091160433125,-0.0016484617961826098,51.666608239704125,0.7031223967816516,1.1244715199862632,-0.023147918713106508,-0.01631676733519183,-0.009389576984109804,0.04823736049008742,0.011060774226485583,0.493085640804825,-0.0046726757549505615,0,-0.015998870134353638,20,0.0451931034932371,61
2017-08-16,173.06423950195312,25176000.0,11.739999771118164,-0.002196610970351176,0.0014956654759459287,6.607254286516984e-05,45.61405358459582,0.6062484956088952,1.0208269151107896,-0.01609196831444204,0.009433779245756613,0.0,0.04554751672940771,0.010977772854549475,0.6956518899075378,0.004694612155347722,1,-0.015998870134353638,20,0.0451931034932371,61
2017-08-17,173.876708984375,8334000.0,15.550000190734863,-0.015134571266773644,-0.025836236765302778,0.0019482239626824605,51.85179002427505,0.5882537055885848,0.9343122732063487,-0.006992850256907657,-0.013888751227863927,-0.006992850256907657,0.03333343051446103,0.010971752853475325,0.6086994862482404,-0.007008925876054284,0,-0.015998870134353638,20,0.0451931034932371,61
2017-08-18,172.65802001953125,13711000.0,14.260000228881836,0.001955616096142032,0.002047362416127241,-0.0016148629242873636,46.296377445160175,0.470234124125426,0.8414966433901642,0.0,0.0023416327991496733,-0.006960575446379069,0.021400848138924733,0.010711297335535823,0.6956518899075378,-0.004706275989110664,0,-0.015998870134353638,20,0.0451931034932371,61
2017-08-21,171.84544372558594,11882499.0,13.1899995803833,0.0033463384325957968,-0.0068757008801921815,0.0004951273961404379,49.01953130753708,0.3075889456942775,0.7347151038509869,0.0,-0.0023472179093202428,-0.007008925876054284,0.018948582489846322,0.01074577251531079,0.5652249174502497,0.014184434947664526,1,-0.015998870134353638,20,0.0451931034932371,61
2017-08-22,174.28297424316406,14211415.0,11.350000381469727,0.01500846115583121,0.01608236087915582,-3.297537639279646e-05,46.93873014388616,0.37110197885905905,0.6619924788526014,0.0023693771905013428,-0.020833387673211634,-0.013986050721037313,0.002522671911825425,0.010628969214163939,0.4782610825693467,0.004661958539142086,1,-0.015998870134353638,20,0.0451931034932371,61
2017-08-23,175.09547424316406,11589917.0,12.25,0.0016430897119239507,0.004409988042833657,-0.0009238444439787497,54.34775153465904,0.4814486347134448,0.6258837100247701,0.002336513390218231,-0.013793054023665596,0.002336513390218231,0.02142817219696136,0.01081939550735223,0.7391313578005023,0.00696092402852555,1,-0.015998870134353638,20,0.0451931034932371,61
2017-08-24,176.31430053710938,15224842.0,12.229999542236328,0.006834184559482814,-0.00044180415648720217,-0.000297251585011038,58.3334767918094,0.6596442815840078,0.6326358243366177,0.011736883061783665,0.004661958539142086,0.011736883061783665,0.0023253833384213607,0.010201706210072712,0.8260870275231156,0.002303777762815429,1,-0.015998870134353638,20,0.0451931034932371,61
2017-08-25,176.72048950195312,10125387.0,11.279999732971191,0.0005430236409760258,-0.005000371517835278,-0.0008919569002594496,53.488378187154424,0.8241414803837017,0.6709369555460345,0.014019080341309165,0.014019080341309165,0.00696092402852555,0.026005093382979627,0.009917620799673788,0.9565286972653252,-0.006896483839733403,0,-0.015998870134353638,20,0.0451931034932371,61
2017-08-28,175.50173950195312,15236159.0,11.319999694824219,-0.002170852802140022,0.0019620500853192446,-0.004562841664456196,46.511621812845576,0.8464069041682478,0.7060309452704772,0.023528993799200926,0.023528993799200926,0.021126548214247087,0.04316540023443749,0.009638120764706012,1.0,0.0,0,-0.015998870134353638,20,0.0451931034932371,61
2017-08-29,175.50173950195312,16160161.0,11.699999809265137,0.002991503207982804,0.0020690456896028664,0.0011625538552282322,54.054117157402665,0.8542056617866933,0.7356658885737204,0.0212766524214969,0.023696442026935882,0.006993025360518601,0.02857122927497313,0.009664295862784897,0.8695664954160801,0.006944375613932019,1,-0.015998870134353638,20,0.0451931034932371,61
2017-08-30,176.72048950195312,19674310.0,11.220000267028809,0.0013556556970160116,0.017357038059234275,0.0013270630432464792,58.97448985488264,0.947803484287931,0.7780934077165625,0.006993025360518601,0.009345878048129697,0.018867824244250153,0.03597122690955179,0.009585141381764284,0.8695664954160801,-0.004597742237354319,0,-0.015998870134353638,20,0.0451931034932371,61
2017-08-31,175.90797424316406,26434202.0,10.59000015258789,0.0010834831214332485,0.009622373810862728,-0.0014910068141532618,60.5261571216343,0.945517900255453,0.8115783062243407,0.009280738213326423,0.021126548214247087,0.006944375613932019,0.04066990740628418,0.009628204128235276,1.0,0.0,0,-0.015998870134353638,20,0.0451931034932371,61
2017-09-01,175.90797424316406,17805405.0,10.130000114440918,0.006761838342744575,0.004513920688206108,0.001493233235081881,65.71424892068265,0.9329520677484595,0.8358530585291645,-0.0023045566508644866,0.011682215925605144,0.014051204184732935,0.0458937237512842,0.009525169706210286,0.9130426972457288,0.00461897911271425,1,0.0,0,0.0451931034932371,61
2017-09-04,176.72048950195312,15023185.0,10.130000114440918,0.0,0.0,-0.0017560550309362322,61.290416382947264,0.9772911419241552,0.8641406752081627,-0.004597742237354319,0.01882307131325356,0.0164316715538384,0.03836919461323296,0.00947686728306778,0.9130426972457288,0.0022990006349752345,1,-0.015998870134353638,20,0.0451931034932371,61
2017-09-05,177.12677001953125,17357347.0,12.229999542236328,-0.009940799245988896,-0.014035021903275768,-0.0017923809754131215,66.66666666666666,1.0333023536700239,0.897973010900535,0.006944375613932019,0.028368781101650642,0.006944375613932019,0.0481927481853901,0.009449175482187662,1.0,-0.004586937831770332,0,-0.015998870134353638,20,0.0451931034932371,61
2017-09-06,176.31430053710938,16012662.0,11.630000114440918,0.011397181646679133,0.0019299990697867475,-0.0008312701677514189,60.00030047851203,1.000597875913968,0.9184979839032217,0.009259341372853225,0.016317117542413717,0.0022990006349752345,0.0582525829605014,0.009356669060121859,1.0,0.0,0,-0.015998870134353638,20,0.0451931034932371,61
2017-09-07,176.31430053710938,19135540.0,11.550000190734863,0.007244462757232117,0.00142884173847313,0.0008985466217859006,66.66657392697863,0.9635718847841588,0.9275127640794092,-0.0022984825697829336,0.00696092402852555,0.011655334106882798,0.053398444152151114,0.009399976156956025,0.8666730100860368,0.0046080747843302294,1,-0.015998870134353638,20,0.0451931034932371,61
2017-09-08,177.12677001953125,25512045.0,12.119999885559082,-0.0010650748442152524,-0.01250742862484644,-0.0012967002665950078,74.07432138231707,0.9883944215590077,0.939689095575329,0.002309879899950573,0.0,0.014019080341309165,0.023585112496234073,0.008306464127707854,0.8666730100860368,-0.004586937831770332,0,-0.015998870134353638,20,0.0451931034932371,61
2017-09-11,176.31430053710938,19026886.0,10.729999542236328,0.009067022906680489,0.020091606598443557,-0.0016313142226788147,60.86999123051975,0.9317661435505897,0.9381045051703811,0.006928598783602524,0.0022990006349752345,0.02588208760586097,0.03562945452936339,0.008238895237842797,1.0,0.009216322654893583,1,-0.015998870134353638,20,0.0451931034932371,61
2017-09-12,177.93927001953125,21588321.0,10.579999923706055,0.0005282230888927764,0.0042493593677637165,0.000566836418654848,64.00028846283863,1.00640803665965,0.951765211468235,-0.0022984825697829336,0.004629931517842412,0.028436086448579312,0.011655334106882798,0.007762732861073064,0.8571489893705498,-0.004566164624092317,0,-0.015998870134353638,20,0.0451931034932371,61
2017-09-13,177.12677001953125,17555541.0,10.5,-0.008716804122164912,0.0016426423592501571,0.00013336502394811767,54.166562331759955,0.9886043000737743,0.959133029189343,0.004587110124067761,0.013888925115474349,0.02336460736395307,0.028168907289036538,0.007793913731346066,1.0,0.0022937273543310877,1,-0.015998870134353638,20,0.0451931034932371,61
2017-09-14,177.53305053710938,18315567.0,10.4399995803833,-0.003996530867668491,0.004794842158491575,0.0009330493253221217,54.16699271018852,0.9957991995916586,0.9664662632698061,0.0046080747843302294,0.0022990006349752345,0.02347411879698158,0.02347411879698158,0.007835526798176248,0.875000586873747,0.0,0,-0.015998870134353638,20,0.0451931034932371,61
2017-09-15,177.53305053710938,44551103.0,10.170000076293945,0.0072230178620540375,0.017083260022791702,0.0016645882068238027,61.90516220653834,0.9900880901017786,0.9711906286362006,0.00691237180584503,0.00923821845449102,0.02102835724284935,0.02102835724284935,0.00781352223676053,0.9375049884268497,0.00457635477549001,1,-0.015998870134353638,20,0.0451931034932371,61
2017-09-18,178.3455047607422,17654705.0,10.149999618530273,0.01115556632561221,0.012400992462636484,-0.001096787277343636,65.21759721203827,1.0391416821006203,0.9847808393290847,0.0022937273543310877,0.00923821845449102,0.028235181412520793,0.018648271915595815,0.007808628736200473,0.9375049884268497,0.009111784334274287,1,-0.015998870134353638,20,0.0451931034932371,61
2017-09-19,179.97055053710938,23410233.0,10.180000305175781,0.0060415523632562085,0.003514476672310085,0.0012643308172799461,66.66703183541114,1.195365194378553,1.0268977103389785,0.011520360047058587,0.009195398130509957,0.03782504146886767,0.018561476426653067,0.007807518893204813,1.0,0.0,0,-0.015998870134353638,20,0.0451931034932371,61
2017-09-20,179.97055053710938,20320237.0,9.779999732971191,-0.01253236098273769,-0.014060331642971047,0.0007311334298543137,72.72781595458619,1.3041401376803208,1.082346195807247,0.01141558306581314,0.01605505772653415,0.03263414753302207,0.035046911045929496,0.007828407642277333,1.0,-0.0022574833291647556,0,-0.015998870134353638,20,0.0451931034932371,61
2017-09-21,179.56427001953125,18645565.0,9.670000076293945,0.01110492628300519,-0.004118039847891386,0.00023244900736996144,69.56549429983784,1.342090833877137,1.134295123421225,0.01605505772653415,0.02073711541753509,0.02784238893105284,0.03263414753302207,0.007825890502237214,1.0,-0.01131193573309952,0,-0.015998870134353638,20,0.0451931034932371,61
2017-09-22,177.53305053710938,21557370.0,9.59000015258789,-0.01229076700091336,0.005000542655670515,0.0022575241676539015,53.846464996677355,1.1944952002896514,1.1463351387949103,0.011441359658252992,0.01843281839602029,0.01843281839602029,0.032710309899339984,0.007825181867054056,0.9523777159332365,-0.0068649189337578465,0,-0.015998870134353638,20,0.0451931034932371,61
2017-09-25,176.31430053710938,16876286.0,10.210000038146973,-0.018533310069627218,-0.019702698429435395,-0.0008612100408587064,46.428676827648744,0.9680228924898984,1.110672689533908,0.0,0.0022937273543310877,0.004598001269950469,0.025821689379716295,0.008003390677384514,0.7142877583579559,-0.013825262870389432,0,-0.015998870134353638,20,0.0451931034932371,61
2017-09-26,173.876708984375,23070901.0,10.170000076293945,0.0018885906004177944,-0.0004791000587961447,0.001359293374854964,40.62466988274235,0.5851039759900232,1.0055589468251311,-0.011389152904962563,0.0,0.004629931517842412,0.00696092402852555,0.007888103506928453,0.5714316375369338,0.004673114536807743,1,-0.015998870134353638,20,0.0451931034932371,61
2017-09-27,174.6892547607422,22590510.0,9.869999885559082,0.002961388423017741,0.023615034631923493,-0.00023175636911654252,44.11751384468544,0.34324689279020504,0.873096536018146,-0.03386021509934678,-0.02283116613162639,-0.009259341372853114,0.004694612155347722,0.0079762180521078,0.2857086645156213,-0.004651378114126525,0,-0.015998870134353638,20,0.0451931034932371,61
2017-09-28,173.876708984375,31616062.0,9.550000190734863,-0.005369010244616668,0.0075368095457502005,0.0028810773168770343,38.23520314264062,0.08502761304833939,0.7154827514241847,-0.02934533322593913,-0.013761416518351721,-0.011494053388690362,0.0023311543731820983,0.00793450447021912,0.3809514440859369,0.011682215925605144,1,-0.015998870134353638,20,0.0451931034932371,61
2017-09-29,175.90797424316406,21380708.0,9.510000228881836,0.013495042862672557,0.008651231684040583,0.002707661603455147,48.64841270082967,0.0437883391591356,0.5811438689711749,-0.031674235829531217,-0.02059527249530413,-0.011547317667254586,0.009433779245756613,0.007753261048251599,0.2857086645156213,0.018475656221794923,1,-0.015998870134353638,20,0.0451931034932371,61
2017-10-02,179.15798950195312,27983551.0,9.449999809265137,0.015446600502166064,0.005982564241255206,-0.0017453565770333412,53.658391352143646,0.2702398308113345,0.5189630613392068,-0.009153654990035953,-0.009153654990035953,0.0,0.0023147049275054066,0.007403887361814565,0.5238039877805362,0.009070632565496561,1,-0.015998870134353638,20,0.0451931034932371,61
2017-10-03,180.78306579589844,36679938.0,9.510000228881836,0.008129596450939358,0.0031219967855249386,0.004255590382075125,60.46505533898238,0.5742151502175545,0.5300134791148764,0.01612852137450549,0.004555678273477692,0.013792967679466805,0.032786465624547345,0.007696213836985195,0.904755431866473,0.0,0,-0.015998870134353638,20,0.0451931034932371,61
2017-10-04,180.78306579589844,36679938.0,9.630000114440918,-0.004422561218984544,0.0023764082404864606,-0.000492720252500356,59.52369241665601,0.8058286893509887,0.5851765211620988,0.039719850069994456,0.004514712303564039,0.02064225399675057,0.04460093151628941,0.007783648971581668,1.0,0.008988673761261445,1,-0.015998870134353638,20,0.0451931034932371,61
2017-10-05,182.40806579589844,23349939.0,9.1899995803833,0.004964980088474569,0.000700243040671733,-3.2847493413368234e-05,63.043316733661406,1.1077386850897142,0.689688953947622,0.034883719914555966,0.004514712303564039,0.025345449831214895,0.030092729046064637,0.0075077395861322775,1.0,0.0,0,-0.015998870134353638,20,0.0451931034932371,61
2017-10-06,182.40806579589844,15642516.0,9.649999618530273,0.0,0.004535992923221155,-0.003089458385340915,61.36359368251047,1.3316540528612109,0.8180819737303398,0.04906555260538137,0.01583720289152102,0.0345619455723416,0.03218402297308298,0.0075554618270674626,1.0,0.0,0,-0.015998870134353638,20,0.0451931034932371,61
2017-10-09,182.40806579589844,15642516.0,10.329999923706055,0.008060627743188276,0.007058655020645732,0.0008901001993120161,57.49991314382725,1.4919107762962938,0.9528477342435306,0.03695165941567291,0.027459761684036632,0.02981647424488587,0.046620110702253914,0.007197774158041295,1.0,0.0,0,-0.015998870134353638,20,0.0451931034932371,61
2017-10-10,182.40806579589844,15642516.0,10.079999923706055,0.005158393495060087,0.006117351949329164,0.00042822519191765274,57.49991314382725,1.600466206038334,1.0823714286024912,0.018140839283697696,0.0345619455723416,0.0345619455723416,0.04906555260538137,0.007179551735316612,1.0,0.03786204037962926,1,-0.015998870134353638,20,0.0451931034932371,61
2017-10-11,189.3144073486328,63667562.0,9.850000381469727,0.03541178970199188,0.006618613781933069,-0.0004938558467187937,71.42854268404331,2.218211054561067,1.3095393537942064,0.008988673761261445,0.04906555260538137,0.025114162690881514,0.0564702744492509,0.007065446446409363,1.0,0.0193134325398856,1,-0.015998870134353638,20,0.0451931034932371,61
2017-10-12,192.97071838378906,42390186.0,9.90999984741211,0.0022305492178831265,-0.0033657008513249265,-0.004776508089974207,81.66643609359555,2.9685919608569975,1.6413498752067648,0.04719104366979887,0.0837209627342077,0.06880742717635324,0.10426532396322274,0.008920562742050346,1.0,0.0,0,-0.015998870134353638,20,0.0451931034932371,61
2017-10-13,192.97071838378906,23145071.0,9.609999656677246,0.009396544806318907,0.006696379749854042,-0.000662003767853192,85.9645874365856,3.5226671215064584,2.0176133244667036,0.05790671888220933,0.10981349664911066,0.08695658526665584,0.10981349664911066,0.009117652741911765,1.0,0.0021051626102308596,1,-0.015998870134353638,20,0.0451931034932371,61
2017-10-16,193.376953125,19964072.0,9.90999984741211,0.001714808075850005,0.004740798945269908,-0.001589836267585465,96.15369058195554,3.9490334276217993,2.403897345097723,0.05790671888220933,0.09699812765189675,0.08695658526665584,0.11502364058064862,0.00905599661322859,1.0,-0.010504411215142007,0,-0.015998870134353638,20,0.0451931034932371,61
2017-10-17,191.34564208984375,17652304.0,10.3100004196167,0.008804369441572923,-0.0007102058989241211,-6.631175115734411e-05,87.27244914613584,4.076035967470375,2.7383250695722534,0.060133784551912095,0.0793655011566865,0.08428274311944728,0.11214983452658589,0.009050447134897567,1.0,0.008492883747946989,1,-0.015998870134353638,20,0.0451931034932371,61
2017-10-18,192.97071838378906,28886850.0,10.069999694824219,0.006059909942006003,0.003300361956846576,0.0012938609660426703,91.2279511041498,4.258724545302158,3.0424049647182345,0.04899770333591391,0.05842680146751311,0.06320529397052033,0.10823489153992694,0.009156169212194254,0.9056586792186744,0.006315725049932608,1,-0.015998870134353638,20,0.0451931034932371,61
2017-10-19,194.18946838378906,23481776.0,10.050000190734863,-0.010361000127126041,-0.0025322313583014955,0.0005632748584134539,90.90896674551881,4.4505463707224635,3.3240332459190807,0.0193134325398856,0.06741589724808805,0.07223497293241365,0.12293182874221187,0.00912961377672996,0.9791677099896086,-0.006276087009988163,0,-0.015998870134353638,20,0.0451931034932371,61
2017-10-20,192.97071838378906,24722035.0,9.970000267028809,0.0012174069897108453,0.00513441634340106,0.00039734850874939553,83.99997596195378,4.452893426299937,3.549805281995252,0.006315725049932608,0.06458816684714574,0.08144826564141638,0.11421938503786921,0.008969728438095086,1.0,0.006315725049932608,1,-0.015998870134353638,20,0.0451931034932371,61
2017-10-23,194.18946838378906,15772559.0,11.069999694824219,0.002188893566445582,0.0047103553763570005,0.000397253821958099,83.67338804256343,4.50120928549822,3.740086082695846,0.0,0.05790671888220933,0.08695658526665584,0.1020885560742748,0.009067174138355864,0.9400007662161767,-0.004184136583469278,0,-0.015998870134353638,20,0.0451931034932371,61
2017-10-24,193.376953125,14975093.0,11.15999984741211,0.0026691961801257325,0.0066605154928374155,0.0007941290367858844,80.39206299991972,4.42295172678439,3.876659211513555,0.004201717141876005,0.06458816684714574,0.10138240512667585,0.10138240512667585,0.009059726999626906,1.0,0.0,0,-0.015998870134353638,20,0.0451931034932371,61
2017-10-25,193.376953125,16880187.0,11.229999542236328,-0.0038722438886470423,-0.012935798943615184,0.00039671791754303243,78.72332774202519,4.31123481637573,3.9635743324859907,0.010615925259497061,0.060133784551912095,0.11214983452658589,0.09425315462847217,0.009115525145037457,0.9599997596184544,-0.008403749911624181,0,-0.015998870134353638,20,0.0451931034932371,61
2017-10-26,191.75186157226562,12959717.0,11.300000190734863,0.0009717959539363719,0.006312697489021968,-0.0003304986804636423,72.5487149160179,4.044939508385852,3.979847367665963,0.0021051626102308596,0.021459253066174577,0.10697680512663954,0.10185205955094223,0.009009406492038095,0.9599997596184544,0.012712298026920532,1,-0.015998870134353638,20,0.0451931034932371,61
2017-10-27,194.18946838378906,17773541.0,9.800000190734863,0.023058084051654992,0.02143846058961385,-0.001190138159818388,75.43838956246705,3.98466037161063,3.9808099684548965,-0.012552724057649955,-0.006316278561493083,0.1028036054529704,0.09259237040286794,0.00915503987403629,0.8799962740860431,0.016736153449824487,1,-0.015998870134353638,20,0.0451931034932371,61
2017-10-30,197.439453125,27784990.0,10.5,-0.0004744855148283156,0.0018677418862445005,-0.002482482563372579,78.46128865803647,4.1512819347282175,4.0149043617095606,0.006315725049932608,0.006315725049932608,0.1039264662064372,0.09885089686582638,0.009271219704452386,1.0,0.0,0,-0.015998870134353638,20,0.0451931034932371,61
2017-10-31,197.439453125,22582013.0,10.180000305175781,0.004747327661233092,0.007662433277227709,0.0015264105801429118,70.83304316118365,4.234517838199537,4.058827057007556,0.016736153449824487,0.02100819117453967,0.1020410179521889,0.12240194894219059,0.009467088426739004,1.0,-0.002057670097636688,0,-0.015998870134353638,20,0.0451931034932371,61
2017-11-01,197.03318786621094,20389054.0,10.199999809265137,-0.005433708244672597,-0.003214129422801193,-0.0005301244866768862,62.499647881372645,4.219065914711564,4.090874828548357,0.02100819117453967,0.03184713782138293,0.09213466568769446,0.12240194894219059,0.009467088426739004,1.0,-0.006185351288379937,0,-0.015998870134353638,20,0.0451931034932371,61
2017-11-02,195.81446838378906,15810342.0,9.930000305175781,0.0011877328101113083,0.0045850650092500445,-0.0012927887337764732,58.1393926900595,4.061659395834482,4.085031742005583,0.018907293150117743,0.02105225868694882,0.08988741284351631,0.1149425198034737,0.009491761569656556,0.9827581517515775,-0.008298671765229582,0,-0.015998870134353638,20,0.0451931034932371,61
2017-11-03,194.18946838378906,16528682.0,9.140000343322754,0.0009489710296566312,0.017716508907853257,0.0016927972203153452,52.17391659352099,3.762418853741792,4.020509164352825,0.02118679202492313,0.00836811601331755,0.07349676413372763,0.1055046527534893,0.009588926550024987,0.9310358449120844,0.0020917932728978794,1,-0.015998870134353638,20,0.0451931034932371,61
2017-11-06,194.59567260742188,21029415.0,9.399999618530273,0.005688867556917554,0.013361843356883396,-0.0007952605178148664,59.52377971458262,3.5174983231756016,3.9199069961173807,0.0,0.006315725049932608,0.06458816684714574,0.10138240512667585,0.009671970043742222,0.8620710422430139,0.018789350477086852,1,-0.015998870134353638,20,0.0451931034932371,61
2017-11-07,198.2519989013672,20200261.0,9.890000343322754,0.0018854167884476691,-0.000599630325263556,0.001425941522102736,63.829712420745096,3.577196320417926,3.85136486097749,-0.014403304266537353,0.0020917932728978794,0.0668150652129631,0.10368626943260772,0.009664972644550372,0.8793103001668169,-0.006147786866767646,0,-0.015998870134353638,20,0.0451931034932371,61
2017-11-08,197.03318786621094,14129103.0,9.779999732971191,-0.0018818686816417518,0.0034787557516435808,-0.0008609533496681809,57.4466214779925,3.485975394422468,3.7782869676664856,0.004115417478657513,0.025210066130351816,0.08685982736748588,0.11926615541798968,0.009986473610298228,1.0,-0.006185351288379937,0,-0.015998870134353638,20,0.0451931034932371,61
2017-11-09,195.81446838378906,20313949.0,10.5,-0.018619037093521196,-0.02003585612717418,-9.943852947802423e-05,57.44671329386643,3.2775600048661886,3.6781415751064266,0.0,0.018907293150117743,0.04077228260479715,0.11751109958741424,0.010017240523197182,0.9499980907178213,-0.0020748237907621814,0,-0.015998870134353638,20,0.0451931034932371,61
2017-11-10,195.40818786621094,14121296.0,11.289999961853027,0.0019212987832812889,0.006488208635701653,0.00033147365422991903,53.33319978833117,3.044510641220512,3.551415388329244,0.0,0.02118679202492313,0.014736691783176159,0.10045673651631692,0.010054614780630845,0.8999999374005843,-0.004158041009752145,0,-0.015998870134353638,20,0.0451931034932371,61
2017-11-13,194.59567260742188,12087858.0,11.5,0.006951060771832829,0.0027012549711147305,-0.00235266413221491,53.33319978833117,2.762410798446922,3.3936144703527797,0.006275929856367046,0.006275929856367046,0.01263129195370527,0.10321092539915822,0.010020224538350775,0.8833322169770867,0.0020875836331184505,1,-0.015998870134353638,20,0.0451931034932371,61
2017-11-14,195.0019073486328,16880176.0,11.59000015258789,-0.0035706103761787844,-0.0012092302865707172,0.0013949720064847515,54.347643259158616,2.542318128353969,3.2233552019530176,0.0,-0.014403304266537353,0.006302299538425871,0.09610955266465115,0.010071060544913623,0.8499986541125625,-0.01041625178164185,0,-0.015998870134353638,20,0.0451931034932371,61
2017-11-15,192.97071838378906,28720308.0,13.130000114440918,-0.007644583250271286,-0.009042183010057436,0.000829174754447104,53.19175120970803,2.1788763967169302,3.0144594409058003,-0.016393739133754415,-0.012345788735668606,0.019108171050335798,0.09839777302689878,0.010064903843341973,0.8666644965535891,0.0021051626102308596,1,-0.015998870134353638,20,0.0451931034932371,61
2017-11-16,193.376953125,16487172.0,11.760000228881836,0.01348079890415299,0.015395944116488147,0.0,47.6190007753484,1.9017042912093984,2.79190841096652,-0.020618199027365725,-0.020618199027365725,0.0,0.08200494676144032,0.010245932639970408,0.7833346583542989,0.01470565491520981,1,-0.015998870134353638,20,0.0451931034932371,61
2017-11-17,196.22068786621094,18676825.0,11.430000305175781,-0.0007124634972576205,-0.0047063320739050285,-0.0015575469378441564,46.34141425800878,1.889725449541288,2.611471818681474,-0.012448085572571821,-0.012448085572571821,-0.004184136583469278,0.07449220190681283,0.01018297874617336,0.8000005007953256,-0.012422470856024992,0,-0.015998870134353638,20,0.0451931034932371,61
2017-11-20,193.78314208984375,16265271.0,10.649999618530273,0.003327934805977595,0.012150615740851967,-0.0018919647305106757,40.42538738781936,1.6643568883014837,2.422048832605476,0.004157962923008629,0.010459987863025821,0.016841775320326935,0.09029331343713842,0.010371975249878448,0.916665153847454,0.018868055269023687,1,-0.015998870134353638,20,0.0451931034932371,61
2017-11-21,197.439453125,20513024.0,9.729999542236328,0.008765832276850682,0.01142264171140761,0.00023278140671512126,50.9091219503867,1.7604905837152103,2.289737182827423,-0.004175480917385732,-0.004175480917385732,-0.002092421887382012,0.079185419620317,0.010592678909475952,0.8166644652538814,-0.004115108345121632,0,-0.015998870134353638,20,0.0451931034932371,61
2017-11-22,196.62696838378906,26626431.0,9.880000114440918,-0.003992396492910166,-0.006592373288142106,-0.002659748854975663,51.851844123469256,1.7509328377038287,2.1819763138027044,0.012500112483562642,-0.004098550233389786,0.02100819117453967,0.11212786874142977,0.010699739211507337,0.9666651851471618,0.002065939813652662,1,-0.015998870134353638,20,0.0451931034932371,61
2017-11-23,197.03318786621094,9346763.0,9.880000114440918,0.0,0.0,-0.00013333256186531806,56.86265123417694,1.7558958975439225,2.0967602305509483,0.018947175149798046,-0.0020616805058125687,0.016806631846599807,0.11520714873836568,0.010648771871283406,0.9333328742709516,0.0061858159447931715,1,-0.015998870134353638,20,0.0451931034932371,61
2017-11-24,198.2519989013672,11154453.0,9.670000076293945,0.013675716328306331,0.009472549884565362,0.0003334076500236538,58.49067701899888,1.8370012162055218,2.044808427681863,0.018907293150117743,0.0062238479744674,0.027542503372020466,0.13317757747483494,0.010326386325985556,0.9499980907178213,-0.02868854320094838,0,-0.015998870134353638,20,0.0451931034932371,61
2017-11-27,192.56443786621094,32247324.0,9.869999885559082,-0.044196435600172834,-0.013073003270639094,-0.0008998942643310137,37.93098312267436,1.425902209888534,1.9210271841231974,0.010352175691796806,0.014553182577504487,0.02092044718691488,0.13488376358864773,0.0103348816763147,1.0,-0.01265810046242033,0,-0.015998870134353638,20,0.0451931034932371,61
2017-11-28,190.12693786621094,44803178.0,10.029999732971191,-0.003893806667624955,-0.0008081171616852734,0.0003002561434959361,36.06562525014316,0.8931220515503071,1.7154461576086195,-0.006289010542866458,-0.010438231816741195,-0.024691191054417416,0.10747689550252115,0.01138502523540906,0.7454549427796041,0.00213640933474446,1,-0.015998870134353638,20,0.0451931034932371,61
2017-11-29,190.5331268310547,25762797.0,10.699999809265137,-0.037136668949349194,-0.04388997507166703,-0.00020011067787018,38.98288791841204,0.4979262090044756,1.4719421678877909,-0.03703674793993417,-0.024999598971645942,-0.03703674793993417,0.0808318308719278,0.011524679359194037,0.574470669559554,-0.03624721795748931,0,-0.015998870134353638,20,0.0451931034932371,61
2017-11-30,183.6268310546875,109231770.0,11.279999732971191,0.004821124108655539,0.005960458023487769,-0.00030016247455011413,30.666539797326223,-0.3683041137146006,1.1038929115673126,-0.03099189090298149,-0.012631924538345607,-0.03298967603148106,0.06349221355253909,0.011223937843137537,0.5581371785151514,0.022123922484711844,1,-0.015998870134353638,20,0.0451931034932371,61
2017-12-01,187.6893768310547,37446265.0,11.430000305175781,0.0025256658174417357,-0.010922968748351303,0.0004003580120859329,39.759000705494024,-0.718699670850242,0.7393743950838018,-0.06804111001151036,-0.05042029007463966,-0.062240739561768454,0.015730263486070317,0.012577774850018814,0.1627898648200104,0.012987208313608445,1,-0.015998870134353638,20,0.0451931034932371,61
2017-12-04,190.12693786621094,21635032.0,11.680000305175781,-0.007808507756192573,-0.02447070133134377,0.00030019605302311625,43.18189578492516,-0.7905864815184316,0.4333822197633551,-0.053278767068409394,-0.043478142533946995,-0.03347293551413322,0.03820220110081207,0.013014221128918174,0.3333333333333333,-0.019230974500405673,0,-0.015998870134353638,20,0.0451931034932371,61
2017-12-05,186.47061157226562,29664765.0,11.329999923706055,-0.004823687370919094,0.0005375527896822607,0.0013336558884173844,41.304279487178434,-1.1295712770687203,0.12079152039694004,-0.01265810046242033,-0.018867504078025954,-0.022964204092175144,0.042316506326805614,0.013088680820375514,0.48718156148035147,-0.010893382926349116,0,-0.015998870134353638,20,0.0451931034932371,61
2017-12-06,184.43931579589844,32371690.0,11.020000457763672,-0.013265544944212837,0.0030524781810410406,-0.0019645716591691897,38.54160268145163,-1.5443257369158232,-0.21223193106561264,-0.019230974500405673,-0.05555546968512892,-0.05942632303527462,0.022271744172282837,0.013458217940814346,0.25641018232808266,-0.002202538756218786,0,-0.015998870134353638,20,0.0451931034932371,61
2017-12-07,184.0330810546875,41343903.0,10.15999984741211,0.00853153401554052,0.009949206878795636,0.0006339374554074073,33.333361155336505,-1.8840828487795989,-0.5466021146084099,-0.03198294772414889,-0.06198362660050771,-0.06391751667167855,0.01113574660822736,0.013574783217350736,0.1282036465616537,0.0022074006416825664,1,-0.015998870134353638,20,0.0451931034932371,61
2017-12-08,184.43931579589844,37959260.0,9.579999923706055,-0.00025633892164855787,-0.005046145661232848,0.0005668244210321749,36.47060331117897,-2.0963970983907814,-0.8565611113648842,0.002212367319452513,-0.06597927462022668,-0.06016607162046106,0.008908680938524594,0.013580435826647662,0.027777458984324058,0.002202538756218786,1,-0.015998870134353638,20,0.0451931034932371,61
2017-12-11,184.84555053710938,20649609.0,9.34000015258789,0.009487328594027566,0.005927740888842736,-0.00019995730091715291,29.87004308158184,-2.2064434160420774,-1.126537572300323,-0.01731616935401592,-0.06967235226889557,-0.05613312415456462,-0.025751297120016003,0.012221637532771279,0.05555387464461775,0.0,0,-0.015998870134353638,20,0.0451931034932371,61
2017-12-12,184.84555053710938,21796584.0,9.920000076293945,-0.0017781999120143333,-0.009955123541828703,0.00013331033724717223,30.666555823593242,-2.267517386668686,-1.3547335351739958,-0.027778216955337443,-0.0400846979568702,-0.05010451640403346,-0.04210570347009834,0.011822087943271898,0.08333029030491144,-0.002197698240669177,0,-0.015998870134353638,20,0.0451931034932371,61
2017-12-13,184.43931579589844,17920331.0,10.180000305175781,-0.00025409348257299236,-0.00011353950140224889,-0.00019997063368315526,29.333319311023843,-2.3219328998582682,-1.5481734081108502,-0.008714837268211872,-0.027778216955337443,-0.052083371642952514,-0.04210570347009834,0.011822087943271898,0.08333029030491144,0.015418681330954476,1,-0.015998870134353638,20,0.0451931034932371,61
2017-12-14,187.2831268310547,17193313.0,10.489999771118164,0.0027996324737544764,-0.0004947003602788769,0.000733351117707226,32.91134847198278,-2.111248642146961,-1.6607884549180725,0.0,-0.03198294772414889,-0.0442108660803292,-0.0462187307466998,0.01181356183296802,0.05555387464461775,-0.002169420082000717,0,-0.015998870134353638,20,0.0451931034932371,61
2017-12-15,186.8768310546875,42625779.0,9.420000076293945,0.0025377795934657943,0.014978505986539048,-0.0006328816782532609,39.393842821623714,-1.9545338737682698,-1.719537538688112,0.017660117179701063,0.019911555165259553,-0.03151268129664975,-0.02123129230652432,0.011983927097195847,0.25000026083100757,-0.013043432109974828,0,-0.015998870134353638,20,0.0451931034932371,61
2017-12-18,184.43931579589844,14564664.0,9.529999732971191,-0.0025313555709539637,0.02160063571923554,-0.0014331178507402953,39.393820403118134,-2.003923419200987,-1.776414714790687,0.013215811652036447,-0.004329204934696906,-0.047619121679434495,-0.03157933690738379,0.011902730379434822,0.22221967187459246,-0.008810320486224765,0,-0.015998870134353638,20,0.0451931034932371,61
2017-12-19,182.81434631347656,25714129.0,10.029999732971191,-0.0015230442812417255,-0.0010877249659674293,0.0010346829835869986,36.23197951527319,-2.149409393061376,-1.851013650444825,-0.002197698240669177,-0.029914867057474925,-0.04821795225930037,-0.05020948184801033,0.011999099962922135,0.05555387464461775,-0.0022223667112069023,0,-0.015998870134353638,20,0.0451931034932371,61
2017-12-20,182.40806579589844,26289333.0,9.720000267028809,0.0025416506399378314,0.006987686631248824,-0.00023339455011639476,47.16981399498686,-2.2713092783364743,-1.935072776023155,-0.010988656301061606,-0.019607729217813508,-0.07407388229678802,-0.0526316746674127,0.012031806450330418,0.0,0.002227316625530884,1,-0.015998870134353638,20,0.0451931034932371,61
2017-12-21,182.81434631347656,18558164.0,9.619999885559082,-0.005324545994824237,-0.010603282482096521,-0.00023344903584909815,36.36376052733566,-2.308521178180115,-2.009762456454547,-0.011013107434468039,-0.011013107434468039,-0.07231410169604646,-0.060669626864657156,0.011973443808435135,0.0,0.011110748497548784,1,-0.015998870134353638,20,0.0451931034932371,61
2017-12-22,184.84555053710938,19036483.0,9.899999618530273,0.01019676689954041,-0.0005032313151738244,-0.0004003281520147395,34.88347310504585,-2.149334481549232,-2.037676861473484,-0.023861095194172788,-0.006622367751636826,-0.07216470335134217,-0.054621849402579525,0.011978197594032089,0.02564265544884759,0.004395644127911824,1,-0.015998870134353638,20,0.0451931034932371,61
2017-12-25,185.65806579589844,4579675.0,9.899999618530273,0.0,0.0,-0.002903286869795574,47.22208600990536,-1.9353056874017227,-2.017202626659132,-0.010869622018492398,0.002202538756218786,-0.06762326956878595,-0.0441179905362139,0.012128590473085727,0.15384341280572603,-0.010940729843883834,0,-0.015998870134353638,20,0.0451931034932371,61
2017-12-26,183.6268310546875,13755843.0,10.25,-0.01715892367910643,-0.009668288771465638,0.0007362816474554279,47.22228308329864,-1.9076003643639012,-1.995282174200086,0.006607864460680846,0.004395644127911824,-0.03586525189615164,-0.03177959121961704,0.012098829658206066,0.20512583449864594,-0.004424651542175528,0,-0.015998870134353638,20,0.0451931034932371,61
2017-12-27,182.81434631347656,12515245.0,10.470000267028809,0.003337539228672748,0.0035587033326238693,0.001137099019661969,45.9460090489102,-1.9289684767885547,-1.9820194347177797,0.004444316092226952,-0.006593177270865391,-0.034188247517547676,-0.05439346127785849,0.012009609862068811,0.07692315100525064,0.004444316092226952,1,-0.015998870134353638,20,0.0451931034932371,61
2017-12-28,183.6268310546875,24304371.0,10.180000305175781,0.016888539860066887,0.002327177930797175,0.0,47.36847827698512,-1.8589137310783315,-1.9573982939898902,0.002227316625530884,-0.008810320486224765,-0.040511488190829725,-0.07407388229678802,0.011675439168404576,0.02564265544884759,0.015486737429625475,1,-0.015998870134353638,20,0.0451931034932371,61
2017-12-29,186.47061157226562,25007443.0,11.039999961853027,-0.0022645543580539496,-0.010463554836203315,-0.004209101484265787,54.54560199135781,-1.555989045930744,-1.877116444378061,0.004444316092226952,-0.01952282535129546,0.0,-0.06995877395166639,0.011711898203904182,0.07692315100525064,0.0,0,-0.015998870134353638,20,0.0451931034932371,61
2018-01-01,186.47061157226562,25007443.0,11.039999961853027,0.0,0.0,-0.0053004443612346686,54.54560199135781,-1.3009228220010982,-1.7618777199026685,0.008791453353539147,-0.0021737284398994916,-0.006493522858707745,-0.05360810738705346,0.012006467407824606,0.25641018232808266,0.013071764925570273,1,-0.015998870134353638,20,0.0451931034932371,61
2018-01-02,188.90811157226562,18055269.0,9.770000457763672,0.03455238782072634,0.027652448819706077,0.0041145881008741725,61.224544547951346,-0.8918148366202843,-1.5878651432461917,0.004376571375360738,0.011013355626492416,-0.019230974500405673,-0.0477179081231619,0.011982242595239813,0.25641018232808266,0.019355051847768978,1,-0.015998870134353638,20,0.0451931034932371,61
2018-01-03,192.56443786621094,29308091.0,9.149999618530273,0.016820803303719156,0.017209004442005904,-0.005071741944890795,62.74517024197397,-0.26945275241322975,-1.3241826650795994,0.028760941346339886,0.033333080153020056,0.013071764925570273,-0.027196927080955557,0.01212172654246495,0.41025455820206713,0.01054833781210518,1,-0.015998870134353638,20,0.0451931034932371,61
2018-01-04,194.59567260742188,29096613.0,9.220000267028809,-0.005274287866103622,0.005634193704170398,-0.000978979436473848,67.27288496261755,0.3832593755653875,-0.9826942569506021,0.05333329549539645,0.055679402256678445,0.04405309158327064,-0.010438231816741195,0.012501418618780364,0.6410259373543359,0.0020875836331184505,1,-0.015998870134353638,20,0.0451931034932371,61
2018-01-05,195.0019073486328,22438255.0,9.220000267028809,0.023378945473597534,0.006430089251707294,-0.0007772350502779357,76.00018629779703,0.9226820833880822,-0.6016189888828652,0.05973441620559061,0.06444421092501984,0.057395069909173424,-0.01844282183386403,0.012258854843984415,0.7692286208477312,0.008333564821245032,1,-0.015998870134353638,20,0.0451931034932371,61
2018-01-08,196.62696838378906,20233692.0,9.520000457763672,-0.00047102122183162454,0.007414953809390168,-0.003483281769771862,84.00009615326832,1.4644263150179029,-0.18840992810271165,0.04575142272787014,0.05494509758017929,0.0572686550432826,-0.010309331841889535,0.012230003762242803,0.7948683870918035,0.0,0,-0.015998870134353638,20,0.0451931034932371,61
2018-01-09,196.62696838378906,19043123.0,10.079999923706055,-0.006126270671643841,-0.009711496768409877,0.0012217465843202824,85.71450472258547,1.8721811823629935,0.22370829399042938,0.0544662599960819,0.0590812068458646,0.06373655093371844,0.004149335882614791,0.012261078908559118,0.8974351566141602,-0.022727355621095402,0,-0.015998870134353638,20,0.0451931034932371,61
2018-01-10,192.1581573486328,23631220.0,9.819999694824219,-0.020863059170893927,-0.012362276665830119,0.0005084021800005889,69.49155347766522,1.8138254980498232,0.5417317348023082,0.04086037781691898,0.07079650209304034,0.06373655093371844,0.006237100557999975,0.012255982757320802,0.8974351566141602,-0.006342272944524274,0,-0.015998870134353638,20,0.0451931034932371,61
2018-01-11,190.93943786621094,30446338.0,9.880000114440918,-0.0065378361707585375,0.006216407113126987,0.002642490116750995,63.158113229180465,1.6502150687445862,0.7634284015907639,-0.0021098418902268934,0.05111092878418955,0.04185030463502737,-0.012526050688221213,0.01274309296429652,0.6153832819054883,0.008510551922429999,1,-0.015998870134353638,20,0.0451931034932371,61
2018-01-12,192.56443786621094,21513291.0,10.15999984741211,0.0038995015119156484,0.0059041115445208625,-0.00027035164661226574,64.40696093260607,1.6328540193602237,0.9373135251446558,-0.018788880000363828,0.03982319342724816,0.019522906825741648,-0.02083297305989329,0.012772209158917433,0.538463020105013,0.012657941982596954,1,-0.015998870134353638,20,0.0451931034932371,61
2018-01-15,195.0019073486328,27476533.0,10.15999984741211,0.0,0.0,-0.000168959067103569,73.33338758656782,1.7950860445729688,1.1088680290303186,-0.012499721236387984,0.03267982146121562,0.030435055963994984,-0.0021053998294709997,0.012744815786516307,0.6410259373543359,0.002083469454746245,1,-0.015998870134353638,20,0.0451931034932371,61
2018-01-16,195.40818786621094,21691632.0,11.65999984741211,0.025249316985249237,0.002927157695069349,-0.002028173801541855,76.27121017859393,1.9341439284686999,1.2739232089179948,-0.008264690487341242,0.04575142272787014,0.0572686550432826,0.008403039748911656,0.012889927816758412,0.7948683870918035,0.006237100557999975,1,-0.015998870134353638,20,0.0451931034932371,61
2018-01-17,196.62696838378906,38046119.0,11.90999984741211,0.021311615243076565,0.028899650222889317,0.0009144910490674896,76.6667313529725,2.1182755434249145,1.442793675819379,-0.006198440262778382,0.03440866694312783,0.06888869394932162,-0.0041407458552688015,0.012691018776528137,0.8205110425406511,0.026859390453855658,1,-0.015998870134353638,20,0.0451931034932371,61
2018-01-18,201.9082489013672,49896952.0,12.220000267028809,0.033387783294671625,0.004595811265732497,0.00020306324716590218,78.78792190061786,2.659697043229613,1.6861743493014258,0.023255900747676694,0.021096992583857332,0.07795106277701858,0.014675302832208414,0.012572297519640657,0.8974351566141602,0.028169037501457606,1,-0.015998870134353638,20,0.0451931034932371,61
2018-01-19,207.59580993652344,50549292.0,11.270000457763672,0.0022433001340447234,0.0010725328626848274,-0.00043985953405867306,82.50004577600183,3.5072863117702013,2.050396741795181,0.05744654513355152,0.037578308890237944,0.10444422427958577,0.022633752806932472,0.01291405579178108,1.0,0.023483573942195912,1,-0.015998870134353638,20,0.0451931034932371,61
2018-01-22,212.4709014892578,43400509.0,11.029999732971191,0.03828103659706028,0.0075654356400143286,-0.006058929410731717,83.72100640829947,4.520279095468624,2.5443732125298695,0.07805892010421944,0.06458348412651516,0.12307712754409383,0.05578503113227429,0.013569812066408204,1.0,0.017208310564700735,1,-0.015998870134353638,20,0.0451931034932371,61
2018-01-23,216.12716674804688,33527444.0,11.100000381469727,-0.0021559543984008833,0.00755922693954969,-0.003473681687524155,83.72097796943945,5.554089142138935,3.146316398451683,0.08958370909364066,0.08057863697793244,0.1444205269424481,0.07835082906707758,0.01399194634134652,1.0,-0.030075239460862657,0,-0.015998870134353638,20,0.0451931034932371,61
2018-01-24,209.62709045410156,41874813.0,11.470000267028809,-0.0205272720114974,-0.023103493516257956,0.00020506182001156503,69.07219329090245,5.782235210615596,3.6735001608844655,0.10602922583787278,0.0991735697526297,0.17699121368423643,0.09016387196969844,0.014176573560007715,1.0,0.0,0,-0.015998870134353638,20,0.0451931034932371,61
2018-01-25,209.62709045410156,44643756.0,11.579999923706055,-0.0050738926785586225,-0.016947451041748662,-0.006150072001303908,68.75004401528993,5.895087712007694,4.117817671109111,0.06611566143326808,0.09090914144110385,0.14666652087932142,0.08860749563605985,0.014251577260796474,0.8072286594126657,-0.011628009390803884,0,-0.015998870134353638,20,0.0451931034932371,61
2018-01-26,207.18954467773438,39555523.0,11.079999923706055,0.013746924560701146,0.032632604606241955,-0.0008250882971686524,63.26527483570491,5.721876331086094,4.438629403104508,0.038229451222198785,0.0978721462508172,0.14159292108935162,0.1025638597388685,0.014063982680183636,0.8072286594126657,0.01372572297684549,1,-0.015998870134353638,20,0.0451931034932371,61
2018-01-29,210.0333709716797,30071234.0,13.84000015258789,-0.006998972522766378,-0.00206330083592543,0.0011698457780222604,65.71429593461036,5.747820778814514,4.700467678246509,-0.0019570012463800968,0.0759491574539044,0.11111098382084328,0.0874200624516539,0.01423024304231716,0.7349388976000253,-0.021276816784209673,0,-0.015998870134353638,20,0.0451931034932371,61
2018-01-30,205.5645294189453,36860591.0,14.789999961853027,-0.011453697260133344,-0.02029867648977146,0.0011341310924968262,65.71424892114331,5.346156609394285,4.829605464476065,-0.011472302797667422,0.07708367485951295,0.12636178538129816,0.14380545460226246,0.012980311029247772,0.8192776318379593,0.007905134525797664,1,-0.015998870134353638,20,0.0451931034932371,61
2018-01-31,207.18954467773438,44136808.0,13.539999961853027,0.009580687769611407,0.00818996702825081,0.0030551231667526046,68.86781455038819,5.1001684447730895,4.88371806053547,-0.04887232589975654,0.051975005058068735,0.08817206263960697,0.09523795586992989,0.013170251016215084,0.686746175584834,0.017647031964210136,1,-0.015998870134353638,20,0.0451931034932371,61
2018-02-01,210.8458251953125,30559457.0,13.470000267028809,0.0030902705232414007,-0.004722771730398478,-0.00266937429237335,70.27016875776782,5.140990198169845,4.935172488062346,-0.011628009390803884,0.053718858510438894,0.0759491574539044,0.08974323682386398,0.013092340557003389,0.7349388976000253,0.0,0,-0.015998870134353638,20,0.0451931034932371,61
2018-02-02,210.8458251953125,25707560.0,17.309999465942383,-0.020682122540273018,-0.027371255573843678,0.0015441656711152607,68.57136622764892,5.114386270510067,4.97101524455189,0.005813822720006634,0.04426553319429427,0.08350726596409852,0.13071879486811455,0.012859221109207782,0.8433724090025636,-0.025048140134977692,0,-0.015998870134353638,20,0.0451931034932371,61
2018-02-05,205.5645294189453,45594379.0,37.31999969482422,-0.035048262590487766,-0.0471706116908458,0.005447644335912383,60.68371980142842,4.613959185248689,4.89960403269125,0.017647031964210136,0.015655495454281132,0.0812500660229607,0.14317180306955613,0.012680570432771012,0.8433724090025636,-0.05533571899446532,0,-0.015998870134353638,20,0.0451931034932371,61
2018-02-06,194.18946838378906,102409048.0,29.979999542236328,0.01490093549379079,0.03651027898062864,-0.0015334313114026,47.88734741380451,3.261893674786421,4.572061961110284,-0.021276816784209673,-0.03250502549715817,0.045454400831280495,0.11699770628661876,0.013391102984070037,0.686746175584834,0.004183743699416764,1,-0.015998870134353638,20,0.0451931034932371,61
2018-02-07,195.0019073486328,80063178.0,27.729999542236328,-0.03922895965985462,-0.022402189061650257,0.002525490713775058,43.51143134027949,2.230220458089434,4.1036936605061145,-0.05533571899446532,-0.10150365960162688,-0.012396570114646344,0.05286374299219476,0.01611254942489394,0.3493984790582017,-0.006250017117063855,0,-0.015998870134353638,20,0.0451931034932371,61
2018-02-08,193.78314208984375,30989550.0,33.459999084472656,-0.036294366570744585,-0.042310385713408616,-0.003778725482047829,35.83330751103395,1.2992904191432046,3.5428130122335326,-0.05882361172258177,-0.06976761960387445,0.014799007438651701,0.05494509758017929,0.01611798917782997,0.373492803696237,-0.025157144553461297,0,-0.015998870134353638,20,0.0451931034932371,61
2018-02-09,188.90811157226562,65735265.0,29.059999465942383,0.027502563508209343,0.030484321609077103,0.003588010608779557,25.83325534467491,0.1662312257558085,2.867496654937988,-0.0809249274424243,-0.07558158790419733,0.014893226121391212,0.04835167266274043,0.01616005131205086,0.33734814905320126,0.01720437385836604,1,-0.015998870134353638,20,0.0451931034932371,61
2018-02-12,192.1581573486328,35635236.0,25.610000610351562,0.025560642287616453,0.01857761521739376,-0.002145109688946767,25.210058305955243,-0.4641246755156203,2.2011723888472665,-0.10404623189823814,-0.08823530711409189,-0.018987546893189267,0.024229084547854107,0.01666024240474899,0.1927704355341963,0.0,0,-0.015998870134353638,20,0.0451931034932371,61
2018-02-13,192.1581573486328,35635236.0,24.969999313354492,-0.0035269535181404743,-0.0004925222224290149,0.003071048704622159,29.12619270407521,-0.9527040890414753,1.5703970932695182,-0.06521734128065448,-0.08510654064328249,-0.014583190691134229,0.026030270852834603,0.016700930437203904,0.2891563320911479,0.0,0,-0.015998870134353638,20,0.0451931034932371,61
2018-02-14,192.1581573486328,35635236.0,19.260000228881836,0.015809215203476557,0.022322890587092026,-0.0019390123391104241,29.12619270407521,-1.3246372011880396,0.9913902343780067,-0.010460459323888949,-0.06521734128065448,-0.016632007865521548,0.028261000917763734,0.016695035902118988,0.2891563320911479,0.0,0,-0.015998870134353638,20,0.0451931034932371,61
2018-02-15,192.1581573486328,35635236.0,19.1299991607666,0.010917622146161099,0.01216472342279884,-0.006919152577875343,30.927830660459364,-1.6009422069873551,0.4729237461049343,-0.014583190691134229,-0.0725489664668244,-0.022727355621095402,0.04185030463502737,0.016551919891464432,0.2891563320911479,0.0,0,-0.015998870134353638,20,0.0451931034932371,61
2018-02-16,192.1581573486328,35635236.0,19.459999084472656,-0.0009188844278597008,-0.0034997581569213843,-0.006658437886951529,25.555447049426206,-1.7991761322490731,0.018503770434132837,-0.00838558361520192,-0.08863190831200363,-0.048289713797167955,0.05111092878418955,0.016478771826038366,0.2891563320911479,0.0,0,-0.015998870134353638,20,0.0451931034932371,61
2018-02-19,192.1581573486328,35635236.0,19.459999084472656,0.0,0.0,0.004111719676289871,29.113853035313895,-1.9339841804484195,-0.3719938197423776,0.01720437385836604,-0.08863190831200363,-0.07436398929540533,0.05345208563114756,0.01647068053358176,0.2804869390602463,0.0,0,-0.015998870134353638,20,0.0451931034932371,61
2018-02-20,192.1581573486328,35635236.0,20.600000381469727,0.0059797348159325026,0.017605804321740415,-0.0013420551164079475,25.333243857330515,-2.0175633158701487,-0.7011077189679319,0.0,-0.06521734128065448,-0.09560247543662814,0.05111092878418955,0.016471453492771626,0.2804869390602463,0.02536988585258637,1,-0.015998870134353638,20,0.0451931034932371,61
2018-02-21,197.03318786621094,71504174.0,20.020000457763672,-0.019433218720187218,-0.012060895662110438,0.010233646598035717,28.20502695885699,-1.6711620465975443,-0.8951185844938544,0.0,-0.010460459323888949,-0.11090234402302723,0.03956063205349025,0.016399462905003763,0.2804869390602463,-0.012371089790437662,0,-0.015998870134353638,20,0.0451931034932371,61
2018-02-22,194.59567260742188,39239993.0,18.719999313354492,-0.011657797547142246,-0.00245973503276653,-0.0034448593510109093,26.190380374418496,-1.5751661206993504,-1.0311280917349537,0.02536988585258637,0.01041672127825155,-0.06007764817328365,0.06126920487697873,0.016817626534938568,0.42682791091380545,0.022964517743323976,1,-0.015998870134353638,20,0.0451931034932371,61
2018-02-23,199.06446838378906,26985776.0,16.489999771118164,0.03562181400289566,0.02193496717298382,0.002156195648349346,40.243864454602914,-1.1255198932261692,-1.0500064520331969,0.012684942926293186,0.004192988661528618,-0.07170551198377129,0.05973441620559061,0.016844976745113874,0.35365742498702585,0.0061226950497585975,1,-0.015998870134353638,20,0.0451931034932371,61
2018-02-26,200.2832794189453,35901810.0,15.800000190734863,0.011617161270060405,0.02159741723284947,-0.027389776374268426,63.15792248184609,-0.6631794342164881,-0.9726410484698551,0.03594076426652104,0.053763476470083615,-0.039215667501867335,0.08888865889358599,0.01713677035379069,0.4749993192302889,-0.0020285293847635,0,-0.015998870134353638,20,0.0451931034932371,61
2018-02-27,199.8769989013672,40818119.0,18.59000015258789,-0.017788813905437295,-0.0040209877412318296,0.02538711227324164,60.714357575846996,-0.32579912232947095,-0.8432726632417783,0.04228351365573868,0.04228351365573868,-0.04642163056102666,0.09070814035502917,0.01714414799239865,0.4657542915827147,0.0,0,-0.015998870134353638,20,0.0451931034932371,61
2018-02-28,199.8769989013672,40818119.0,19.850000381469727,-0.006189791944767986,-0.009238209557237642,0.0024656018206878905,64.15102094906841,-0.05775700763362579,-0.6861695321201479,0.04016921092103343,0.04016921092103343,-0.027667859497232605,0.07189544355575839,0.017026046357639806,0.45205477337603134,-0.012195229014670406,0,-0.015998870134353638,20,0.0451931034932371,61
2018-03-01,197.439453125,39719984.0,22.469999313354492,-0.014533088078025447,-0.016064378327084072,0.00201544083215488,72.34034391766946,-0.04154239842102925,-0.5572441053803242,0.014433157509927907,0.04016921092103343,-0.03529399028189972,0.07189544355575839,0.017026046357639806,0.40298560175084147,-0.012345788735668606,0,-0.015998870134353638,20,0.0451931034932371,61
2018-03-02,195.0019073486328,35139170.0,19.59000015258789,0.006788676257506232,0.017639958802841305,-0.0015000383641525783,57.77766092590089,-0.22281332323908032,-0.49035794895207546,0.014613791146913968,0.027484109179842564,-0.06358376817702605,0.04516132992770272,0.017064308404123003,0.3134326852140453,0.006250095366498787,1,-0.015998870134353638,20,0.0451931034932371,61
2018-03-05,196.22068786621094,27337846.0,18.729999542236328,0.011160165480620154,0.008857701238604854,-0.000716989612637442,60.41658189694297,-0.2650708632385488,-0.4453005318093701,-0.02040826807586671,0.014799007438651701,-0.07514456514376333,0.012657941982596954,0.016942154969370623,0.22387976867724915,0.03519672858681577,1,-0.015998870134353638,20,0.0451931034932371,61
2018-03-06,203.12701416015625,34890780.0,18.360000610351562,0.001149877534365018,0.014979711286752906,-0.0003758261479200886,70.76913298104398,0.25577414013341127,-0.30508559742081387,-0.020284227243135944,0.02114159801297144,-0.04545454208051336,0.008350726596409785,0.01689252133926507,0.26865650724172957,-0.01199995613024274,0,-0.015998870134353638,20,0.0451931034932371,61
2018-03-07,200.6894989013672,30391219.0,17.760000228881836,0.015158245726638153,0.002864365209361397,-0.0019824508540073893,64.78868768945105,0.46648312053415,-0.1507718538298211,0.01626007633020765,0.05708244168694132,0.046024873803677924,0.04166680686357083,0.017728010309231358,0.5223878086900755,0.010121508742101382,1,-0.015998870134353638,20,0.0451931034932371,61
2018-03-08,202.7207794189453,20645694.0,16.540000915527344,-0.009049785146005185,0.0011282484866181886,0.0019863887721252027,67.10522414171426,0.7882919285690662,0.037040902649956346,0.0040649999973281226,0.018556828292495275,0.029166850878878048,0.02066110539653243,0.017803885730881215,0.4328360133376088,0.004008126448147298,1,-0.015998870134353638,20,0.0451931034932371,61
2018-03-09,203.53330993652344,19831063.0,14.640000343322754,0.01803655788126579,0.020762443805692588,0.0024609667298471916,67.94869942822802,1.096255202037753,0.24888376252751568,0.02674909300220607,0.041753789807623676,0.04612185163639149,0.030991735697526224,0.017863374167386852,0.5074631634888566,0.01397191447870072,1,-0.015998870134353638,20,0.0451931034932371,61
2018-03-12,206.37705993652344,24492615.0,15.779999732971191,0.01412883434179557,0.010299330530721296,-0.00276181528288999,70.58818330851454,1.551895884076913,0.5094861868373952,0.043750354567752,0.022449217527452436,0.07741964197584505,0.05919682382909541,0.017473577092614635,0.5373146962599533,0.019685064694771492,1,-0.015998870134353638,20,0.0451931034932371,61
2018-03-13,210.43960571289062,33756883.0,16.350000381469727,-0.00508633795457103,-0.015519789126261396,0.0002735683717138837,69.87948808569736,2.2152716269907273,0.8506432748680617,0.051759945298109455,0.030425807562454388,0.07399583126774711,0.08085088257738282,0.01753168330931115,0.641791136813639,-0.007722002962722296,0,-0.015998870134353638,20,0.0451931034932371,61
2018-03-14,208.81459045410156,23772838.0,17.229999542236328,0.003556267798341395,2.8127986454684617e-05,3.4162245893920584e-05,71.6048827423113,2.5801343493475315,1.1965414897639557,0.03600009374907032,0.05284553435153261,0.0951375086881674,0.09282694169677841,0.017716650444574114,0.7910448765239698,-0.0077822424804380175,0,-0.015998870134353638,20,0.0451931034932371,61
2018-03-15,207.18954467773438,19396493.0,16.59000015258789,0.0035434602161110718,-0.0010046039416491404,-0.0028710952550391466,63.51342777687827,2.706958934853077,1.49862497878178,0.04048588290475341,0.04471545801598098,0.08668085360148914,0.07083357949301416,0.017704287125589226,0.7313434927582704,0.0,0,-0.015998870134353638,20,0.0451931034932371,61
2018-03-16,207.18954467773438,62929326.0,15.800000190734863,-0.007503393332513486,0.0003305693750608185,-0.0015425247926551533,61.971686440099646,2.7754743914759104,1.7539948613206062,0.022043942765008095,0.04938269124237049,0.07822403969991298,0.06029100899082951,0.017765570812612142,0.6716409878082416,0.0,0,-0.015998870134353638,20,0.0451931034932371,61
2018-03-19,207.18954467773438,21440766.0,19.020000457763672,-0.008227732026919288,-0.019486335717978087,-0.0005149474565662171,62.857050874467795,2.797525254739071,1.9627009400042992,0.017963815074550693,0.06250009292120406,0.07822403969991298,0.053718858510438894,0.017751497729820563,0.6716409878082416,-0.007843133500373467,0,-0.015998870134353638,20,0.0451931034932371,61
2018-03-20,205.5645294189453,21840151.0,18.200000762939453,0.005156940977286695,0.007656940768127063,0.0015113082453630522,59.45938538281861,2.65329009557189,2.1008187711178175,0.003936894640619748,0.05590061338997199,0.07822403969991298,0.026156909413577845,0.01728979896488319,0.6716409878082416,-0.0019762650742728427,0,-0.015998870134353638,20,0.0451931034932371,61
2018-03-21,205.1582794189453,28976737.0,17.860000610351562,-0.002899986804610233,0.0017644827241194427,-0.00041153515171554744,63.76807965253535,2.4776410096651773,2.1761832188272896,-0.023166153906392206,0.011999956130242628,0.0697673846132345,-0.00978478572471786,0.016783007861709318,0.6119396040425422,-0.003960505614881371,0,-0.015998870134353638,20,0.0451931034932371,61
2018-03-22,204.3457489013672,27000668.0,23.34000015258789,-0.022595206119559674,-0.02769925747595925,-0.0025047161803761764,67.69225613117436,2.246971730020732,2.190340921065978,-0.017509844629175597,0.02226713675624059,0.041237172482086804,-0.03441705202480261,0.016365173500623435,0.5970143982491586,-0.02584482694635004,0,-0.015998870134353638,20,0.0451931034932371,61
2018-03-23,199.06446838378906,52498390.0,24.8700008392334,-0.02540593102520361,-0.03291497112178998,0.003611706811285309,54.66666533121129,1.6193426892387208,2.0761412747005266,-0.01372557568380428,0.008015801276413326,0.050104281165672004,-0.05451150831220597,0.01612433234113023,0.7037031111976685,-0.00612246509226011,0,-0.015998870134353638,20,0.0451931034932371,61
2018-03-26,197.845703125,36987945.0,21.030000686645508,0.03968988021286246,0.04243453515002882,0.0,39.344257248094614,1.0119330475916968,1.8632996292787607,-0.039215667501867335,-0.02195631542634513,0.0,-0.050387676742692844,0.015951884949914927,0.4629633236188105,0.030800748664817412,1,-0.015998870134353638,20,0.0451931034932371,61
2018-03-27,203.9394989013672,31008260.0,22.5,-0.02213692406596579,-0.037794388162018744,-0.0034958797229628358,55.714224392337826,1.010625064956315,1.6927647164142716,-0.04509803603877749,-0.0413386876145414,-0.012170643006331416,-0.056201645043015724,0.015969505804570815,0.40740761349646315,-0.02390429781302872,0,-0.015998870134353638,20,0.0451931034932371,61
2018-03-28,199.06446838378906,29637411.0,22.8700008392334,-0.013859923764100945,-0.021175652783972487,0.003508143771639327,44.15580361236798,0.609191874139384,1.4760501479592942,-0.007905208754503956,-0.030888229378227106,0.02032499998664039,-0.015686340647267483,0.016625559645482433,0.6851847730070737,-0.0040814389881747015,0,-0.015998870134353638,20,0.0451931034932371,61
2018-03-29,198.2519989013672,36165345.0,19.969999313354492,0.025064191139515968,0.0223723895051946,-0.0013709742421971205,41.558409883789,0.22292395254672215,1.22542490887678,-0.029702973978994685,-0.04669272414877357,-0.0040651526791188886,-0.05222457049156082,0.01686675251847098,0.4629633236188105,0.008196638666974732,1,-0.015998870134353638,20,0.0451931034932371,61
2018-03-30,199.8769989013672,16996346.0,19.969999313354492,0.0,0.0,-0.0012012166131334379,39.18917547122311,0.04738157577131119,0.9898162422556862,-0.02982078185018333,-0.04313705013575264,0.004115417478657513,-0.03557291979432409,0.0165720753336112,0.42592803833874704,0.0020326526804548273,1,-0.015998870134353638,20,0.0451931034932371,61
2018-04-02,200.2832794189453,17696003.0,23.6200008392334,-0.02879321402850532,-0.03904734268578014,-0.004398266621024494,30.769252993947106,-0.058281744525373824,0.7801966448994743,0.004081745598172759,-0.03529399028189972,0.025000224967125506,-0.03529399028189972,0.016575839394919935,0.5000013911011261,-0.010142037435532325,0,-0.015998870134353638,20,0.0451931034932371,61
2018-04-03,198.2519989013672,35813944.0,21.100000381469727,0.023058969929703466,0.019639592378207338,0.005798276461005392,30.3030389255634,-0.3024416892423858,0.5636689780711023,0.012320592539759367,-0.033333078025395424,0.020704195856781293,-0.05009606316170978,0.01632708099518341,0.5185211203928469,0.0,0,-0.015998870134353638,20,0.0451931034932371,61
2018-04-04,198.2519989013672,35813944.0,20.059999465942383,0.010579128941690552,0.012994527559125224,-0.0006520145134425448,32.25811337122833,-0.4902884642857259,0.35287748959973664,-0.027888172868124395,-0.03557291979432409,-0.023999837141037927,-0.059730024449283214,0.016385433786558545,0.4339637216105587,0.0,0,-0.015998870134353638,20,0.0451931034932371,61
2018-04-05,198.2519989013672,35813944.0,18.940000534057617,-0.014110054542784245,-0.010439662647970915,0.003056028031993785,32.25811337122833,-0.6318745306098776,0.15592708555781382,-0.0040814389881747015,-0.03366318209110675,-0.01214562801413921,-0.03557291979432409,0.015951320765755603,0.4339637216105587,0.0,0,-0.015998870134353638,20,0.0451931034932371,61
2018-04-06,198.2519989013672,35813944.0,21.489999771118164,-0.020775597774393195,-0.030638036325560503,0.0008900786203467348,32.25811337122833,-0.7356029355007649,-0.022378918653901934,0.0,-0.02982078185018333,-0.022044018034988344,0.02092044718691488,0.01341536003919618,0.4339637216105587,0.004098165400219234,1,-0.015998870134353638,20,0.0451931034932371,61
2018-04-09,199.06446838378906,34694824.0,21.770000457763672,0.01532306309571152,0.006757596386583575,0.0024625006515370806,36.666624933487746,-0.7436763089912972,-0.16663839672138098,-0.008129999994656134,-0.0040814389881747015,-0.025948141052702156,0.0166669731436202,0.013403479970871494,0.4339637216105587,0.0020408727990863795,1,-0.015998870134353638,20,0.0451931034932371,61
2018-04-10,199.47073364257812,25156994.0,20.469999313354492,0.011841036389917736,0.031983033971348274,-0.0023199893329036714,38.33331977005867,-0.7091180332871545,-0.2751343240345357,-0.006085435782219206,0.006160180582840624,-0.03543316081246406,0.0272537963673678,0.013371806820485947,0.4716977254430624,0.010183198120881753,1,-0.015998870134353638,20,0.0451931034932371,61
2018-04-11,201.50198364257812,21607935.0,20.239999771118164,-0.004589267426711396,0.00039559048473014613,-0.0017782656707909794,44.44444444444444,-0.511924306928762,-0.32249232061338096,0.0061474020335969826,-0.02191221064513027,-0.05212361063476656,0.05591407368588208,0.012730913809320664,0.39999983306805065,-0.01209673083473306,0,-0.015998870134353638,20,0.0451931034932371,61
2018-04-12,199.06446838378906,20409657.0,18.489999771118164,0.01083457033942592,0.01870635141351884,-0.00013702329598597185,50.0,-0.5460395641077582,-0.36720176931225645,0.016393200367315508,0.01224485353202076,-0.03501961618496574,0.048625707192814005,0.01256297543097952,0.5111097385595276,-0.002040642841587892,0,-0.015998870134353638,20,0.0451931034932371,61
2018-04-13,198.6582489013672,19742548.0,17.40999984741211,-0.027366055966537295,-0.007658666754142174,0.0033577595418077255,51.85194974476613,-0.5989503418160211,-0.41355148381300944,0.004098165400219234,0.004098165400219234,-0.039215667501867335,0.03594076426652104,0.012728906475467313,0.3777770173100085,-0.004090168824404605,0,-0.015998870134353638,20,0.0451931034932371,61
2018-04-16,197.845703125,18350139.0,16.559999465942383,0.005158478341825923,0.0023469197080561166,0.0008536954716427125,31.707263448055997,-0.6983974764051482,-0.4705206823314372,0.002049159666743794,-0.006097499995992073,-0.04117628517228944,0.033826779161611364,0.012736394928267619,0.35555670553120666,-0.02258704601320871,0,-0.015998870134353638,20,0.0451931034932371,61
2018-04-17,193.376953125,42756389.0,15.25,-0.013063108511134569,0.018911499116343267,0.0012624332494683976,32.500002347499404,-1.1248344339732341,-0.6013834326597965,-0.00612246509226011,-0.012170643006331416,-0.04509803603877749,0.029598253099649918,0.012758835224564481,0.3111102393553756,0.0,0,-0.015998870134353638,20,0.0451931034932371,61
2018-04-18,193.376953125,42500048.0,15.600000381469727,-0.009217479056787048,-0.010267169745636795,0.0009541292608565843,34.21045608603987,-1.4461188373787195,-0.7703305136035812,-0.030549747355405388,-0.024590146900826837,-0.0592883233717173,0.0063426699817688,0.013258482624323461,0.06666844727412646,0.027310885247805672,1,-0.015998870134353638,20,0.0451931034932371,61
2018-04-19,198.6582489013672,31901989.0,15.960000038146973,-0.057013437447953175,-0.04308742737035487,-0.003200104204841958,46.80853104202229,-1.2600574523323473,-0.8682759013493344,-0.040322335148770594,-0.024590146900826837,-0.057425546399164085,0.0063426699817688,0.013258482624323461,0.06666844727412646,-0.06339473643178217,0,-0.015998870134353638,20,0.0451931034932371,61
2018-04-20,186.06436157226562,128452087.0,16.8799991607666,-0.014672315205445652,-0.011704084962030792,0.0035177162262665096,27.272625280296268,-2.1045638184797895,-1.1155334847754255,-0.002040642841587892,0.002049159666743794,-0.0278327297268377,0.033826779161611364,0.013900799278926158,0.3095237243542851,-0.010917085359139045,0,-0.015998870134353638,20,0.0451931034932371,61
2018-04-23,184.0330810546875,71009975.0,16.34000015258789,-0.005134675736419458,-0.01325903241866322,0.002892862998967738,27.272625280296268,-2.904269943576139,-1.4732807765355682,-0.06339473643178217,-0.061475482702018414,-0.06530601325827623,-0.055669942778337145,0.016577611489690457,0.0,0.0022074006416825664,1,-0.015998870134353638,20,0.0451931034932371,61
2018-04-24,184.43931579589844,40967892.0,18.020000457763672,0.0,-0.008221771227626462,0.0044115365463928136,28.204986213611505,-3.4653170429302236,-1.8716880298144993,-0.06981512285655056,-0.07551014729620953,-0.06981512285655056,-0.05427968367027047,0.016555275318185535,0.0,-0.008810320486224765,0,-0.015998870134353638,20,0.0451931034932371,61
2018-04-25,182.81434631347656,46771110.0,17.84000015258789,-0.014967831177598923,-0.0011901086998663546,0.0004730028774555528,26.82916662849604,-3.99502026133041,-2.2963544761176817,-0.0462187307466998,-0.07535650755470602,-0.09561749053281621,-0.07346942780212218,0.016120654701356867,0.015383877525312352,-0.01333336560686782,0,-0.015998870134353638,20,0.0451931034932371,61
2018-04-26,180.37681579589844,48023557.0,16.239999771118164,0.0,0.020946892793056726,0.002228825673021184,24.999893295818993,-4.558949487845865,-2.7488734784633184,-0.054621849402579525,-0.09274170403329363,-0.08163245908347061,-0.08722112577819274,0.01610888312761896,0.0,0.006756688738640548,1,-0.015998870134353638,20,0.0451931034932371,61
2018-04-27,181.59556579589844,34174459.0,15.40999984741211,0.0,-0.007963961723239654,-0.0015162772780326073,25.842648736976443,-4.851598317875386,-3.169418446345732,-0.09202453563629964,-0.09387738926799083,-0.09016394893633262,-0.0975609160266182,0.016202817627393663,0.0,0.01565979867149503,1,-0.015998870134353638,20,0.0451931034932371,61
2018-04-30,184.43931579589844,28500789.0,15.930000305175781,0.0073355037885396435,-0.01089726740676722,-0.003138342606499145,30.526213826382445,-4.798740867694789,-3.4952829306155437,-0.024017472978733467,-0.08588962804127143,-0.09146341603062613,-0.09146341603062613,0.016259771066985083,0.040540149579102576,0.0,0,-0.015998870134353638,20,0.0451931034932371,61
2018-05-01,184.43931579589844,28500789.0,15.489999771118164,0.012483954970950784,0.017309479724841426,0.0029112570240661384,26.66658320030882,-4.702641829887284,-3.736754710469892,0.0022074006416825664,-0.06776183216186071,-0.0791077700994951,-0.06584366560654475,0.016407489404950272,0.13513383193034192,-0.017621137356498506,0,-0.015998870134353638,20,0.0451931034932371,61
2018-05-02,181.1892852783203,38167942.0,15.970000267028809,-0.0303110991920581,-0.005150242320101639,0.002396579159283263,26.086867769728727,-4.833020894774933,-3.9560079473309004,0.0,-0.0462187307466998,-0.06967235226889557,-0.05416660634939385,0.016318562682069583,0.13513383193034192,-0.011210904514839082,0,-0.015998870134353638,20,0.0451931034932371,61
2018-05-03,179.15798950195312,31690731.0,15.899999618530273,0.009271567259235391,0.006367929031694697,0.002559188212088559,24.999872844469223,-5.0421332623056685,-4.173233010325855,-0.008889132980678172,-0.06302544150026768,-0.0860657835361135,-0.07660457595653458,0.016468007138504753,0.027025751258124196,0.011338013906128541,1,-0.015998870134353638,20,0.0451931034932371,61
2018-05-04,181.1892852783203,27208722.0,14.770000457763672,0.012860916468745653,0.023109607095072482,-0.0035267338546910443,29.292885605378558,-4.986466841460782,-4.33587977655284,-0.006757111708438512,-0.09815982727752648,-0.09631181276973433,-0.11800018208954055,0.015453368716736986,0.0,0.002242298803453169,1,-0.015998870134353638,20,0.0451931034932371,61
2018-05-07,181.59556579589844,23268759.0,14.75,-0.0036278638347020387,0.009061254214044245,0.00020225559346642719,33.70783339853534,-4.85361787396684,-4.43942739603564,-0.0022372821483689354,-0.026201021263558166,-0.0860657835361135,-0.09716608855867759,0.015536320269743113,0.06493576810960786,0.020134194915791825,1,-0.015998870134353638,20,0.0451931034932371,61
2018-05-08,185.25184631347656,40324763.0,14.710000038146973,0.018985522518744524,0.007290932383300586,0.004684233334417476,39.79588199650694,-4.402552939354621,-4.432052504699437,-0.015418350408255233,-0.013244984243157454,-0.08775500082823029,-0.1042084273925824,0.015429739563634587,0.07792360463437381,0.00657896416711945,1,-0.015998870134353638,20,0.0451931034932371,61
2018-05-09,186.47061157226562,33778934.0,13.420000076293945,0.004339091139609286,0.014157625759223302,-0.0003018438577974125,32.95452071867125,-3.901759503394885,-4.325993904438526,0.004405408435136815,0.004405408435136815,-0.07128307531359312,-0.08982049979312168,0.015791995142127358,0.1948063287533316,0.0,0,-0.015998870134353638,20,0.0451931034932371,61
2018-05-10,186.47061157226562,27530377.0,13.229999542236328,0.010673328636495283,0.017984795183744184,0.0026842008258094463,50.87718489017397,-3.464935478031606,-4.153782219157143,0.029148115937610797,0.019999881478226955,-0.0745966456438214,-0.09645669131239953,0.01564886727823873,0.2337673993888995,0.015250637901539132,1,-0.015998870134353638,20,0.0451931034932371,61
2018-05-11,189.3144073486328,30693910.0,12.649999618530273,0.003520514770809946,-0.007540133154893991,-0.006090252615184588,61.01700310217967,-2.856352484797128,-3.89429627228514,0.040816611587577434,0.03378369747508181,-0.06326521711168931,-0.11389963433654526,0.015264696877592248,0.24657654065317777,0.0,0,-0.015998870134353638,20,0.0451931034932371,61
2018-05-14,189.3144073486328,19921437.0,12.930000305175781,0.0010022330700671933,0.012617952072174532,-0.0011447174302332552,60.344914674707034,-2.346991421894927,-3.5848353022070976,0.04484328120082659,0.042505671979952586,-0.047034752417321135,-0.09338515600400532,0.015492425487327838,0.36232088383931854,-0.010729666833213636,0,-0.015998870134353638,20,0.0451931034932371,61
2018-05-15,187.2831268310547,23771769.0,14.630000114440918,-0.016270445252421717,-0.011992705238802581,0.00424704601398318,59.321978869850184,-2.083212494563014,-3.284510740678281,0.042505671979952586,0.026431954226772136,-0.04312095558111295,-0.08627432121106693,0.015470709911046198,0.36232088383931854,0.0,0,-0.015998870134353638,20,0.0451931034932371,61
2018-05-16,187.2831268310547,14409556.0,13.420000076293945,0.012468275178287191,0.014062615900618525,0.003054292856302876,66.03767300455675,-1.8528077794788942,-2.998170148438404,0.0109649677344692,0.015418681330954476,-0.03151268129664975,-0.09607829332142415,0.015524911497763031,0.28985681594011353,-0.017353649692633533,0,-0.015998870134353638,20,0.0451931034932371,61
2018-05-17,184.0330810546875,26852737.0,13.430000305175781,-0.020859638086980214,-0.003817225430219673,-0.0025430889423114778,55.17237583157245,-1.9104395571775683,-2.780624030186237,0.004357336804648115,0.03363246090062,-0.03151268129664975,-0.09607829332142415,0.015524911497763031,0.3076941301148344,-0.013244984243157454,0,-0.015998870134353638,20,0.0451931034932371,61
2018-05-18,181.59556579589844,27664541.0,13.420000076293945,-0.013860365272842068,-0.014411661195338654,0.002885049564254505,43.859738137441596,-2.1282669300679515,-2.6501526101625803,-0.013071928584486248,0.02721113117135765,-0.07361973604197536,-0.10474301390964302,0.01567660871139455,0.18750143049552365,0.024608507133868196,1,-0.015998870134353638,20,0.0451931034932371,61
2018-05-21,186.06436157226562,16127815.0,13.079999923706055,0.027329584297173914,0.010511459382762656,0.0010369672806294084,52.94121870886744,-1.9181905143593951,-2.5037601910019434,-0.040772605005807705,0.002242298803453169,-0.024017472978733467,-0.11485139030109737,0.015763455921559495,0.09677622591559364,0.0,0,-0.015998870134353638,20,0.0451931034932371,61
2018-05-22,186.06436157226562,22355097.0,13.220000267028809,0.004307092019899317,0.0056130218154868405,-0.0002339092876837423,60.000012519851786,-1.7317410090109888,-2.3493563546037524,-0.017167450813091345,0.024608507133868196,0.011037583601474887,-0.08946301759341002,0.01631781076116406,0.2786905332923666,-0.002183630292947769,0,-0.015998870134353638,20,0.0451931034932371,61
2018-05-23,185.65806579589844,23062899.0,12.579999923706055,0.0002524988202492473,0.005106169570908481,-0.002874442351235018,64.28566158741273,-1.598338455539249,-2.1991527747908517,-0.0065076084504318565,0.004386003567349972,0.008810734139598875,-0.06530601325827623,0.015881925508086207,0.2786905332923666,0.0021884089690660247,1,-0.015998870134353638,20,0.0451931034932371,61
2018-05-24,186.06436157226562,12996610.0,12.529999732971191,-0.009583763899421616,0.0034717563963531095,0.002715093148275338,61.53845042619166,-1.4431950431028895,-2.0479612284532593,-0.008677028532432574,-0.004357500463563868,0.015555231521850343,-0.06160172870371283,0.015865475855528194,0.2622954150685834,-0.002183630292947769,0,-0.015998870134353638,20,0.0451931034932371,61
2018-05-25,185.65806579589844,15971294.0,13.220000267028809,0.0007635708245585793,0.0087907590915699,-6.682160181703534e-05,59.615217931456904,-1.337608328418753,-1.9058906484463582,0.011037583601474887,-0.0021786274875950085,0.03153146789553496,-0.08764921668139747,0.015042558314175275,0.30909299505031634,-0.006564487218884585,0,-0.015998870134353638,20,0.0451931034932371,61
2018-05-28,184.43931579589844,16373270.0,13.220000267028809,0.0,0.0,0.0011032039974741004,47.826044356043724,-1.3368625168751294,-1.7920850221321125,0.022371140959278613,-0.01931359374039099,0.022371140959278613,-0.06734703936236164,0.014641602892655784,0.2909093268211667,-0.008810320486224765,0,-0.015998870134353638,20,0.0451931034932371,61
2018-05-29,182.81434631347656,23764776.0,17.020000457763672,-0.02900753138272738,-0.0071323244361541915,-0.0017031422812666674,40.425637333209735,-1.4506704862934043,-1.723802114964371,-0.008733783098683445,-0.025751297120016003,0.0,-0.06967235226889557,0.014657069342012186,0.23636446826411425,-0.01777801556324421,0,-0.015998870134353638,20,0.0451931034932371,61
2018-05-30,179.56427001953125,49163788.0,14.9399995803833,0.004716634720488999,0.006510145372856213,0.005552966187532649,34.545502969247664,-1.7825697622914731,-1.7355556444297915,-0.01746715615675165,-0.023861095194172788,-0.008810320486224765,-0.0853657633528433,0.014614358740165574,0.163639355994799,0.013574611800688086,1,-0.015998870134353638,20,0.0451931034932371,61
2018-05-31,182.0017852783203,96069458.0,15.430000305175781,0.009389952366450904,-0.007849453497993153,-0.005455740532561482,33.33331014844359,-1.8278449605940637,-1.754013507662646,-0.03282268265719379,-0.04121490783569892,-0.008968605711385802,-0.10344852280990857,0.014799021680506778,0.018182985325772227,0.0,0,-0.015998870134353638,20,0.0451931034932371,61
2018-06-01,182.0017852783203,27617994.0,13.460000038146973,0.012920153250463029,0.023430064244923887,0.002475227626901333,33.33331014844359,-1.8424868400551588,-1.7717081741411487,-0.02183425272640105,-0.011037666514769562,0.01587311726522911,-0.08196746420262602,0.01495153302010779,0.12727338534325455,0.02232162881112809,1,-0.015998870134353638,20,0.0451931034932371,61
2018-06-04,186.06436157226562,25959480.0,12.739999771118164,0.019642895789987014,0.008049248485397786,-0.0055388209097601004,47.45763575053109,-1.5088812368104527,-1.7191427866750095,-0.019693626031834333,0.002236946043486787,0.004484260748376601,-0.08196746420262602,0.01495153302010779,0.12727338534325455,0.0,0,-0.015998870134353638,20,0.0451931034932371,61
2018-06-05,186.06436157226562,26534884.0,12.399999618530273,-0.010758294168680904,0.0041049334279348315,-0.005401999759373499,47.45763575053109,-1.2303140976664508,-1.621377048873298,0.008810734139598875,0.0,0.024608507133868196,-0.061475482702018414,0.015411221306909256,0.30909299505031634,0.004366604520910977,1,-0.015998870134353638,20,0.0451931034932371,61
2018-06-06,186.8768310546875,24767441.0,11.640000343322754,0.0005059230516246682,0.006601235956458007,0.005296346181947076,56.60367998684706,-0.9332304362332025,-1.483747726345279,0.01777768169909466,0.0,0.004386003567349972,-0.061475482702018414,0.015411221306909256,0.30909299505031634,0.0,0,-0.015998870134353638,20,0.0451931034932371,61
2018-06-07,186.8768310546875,24958266.0,12.130000114440918,-0.0010115688223051311,-0.00945795800945426,-0.004127489746080681,63.82961720450043,-0.6898374771475062,-1.3249656765057245,0.04072392037881967,0.006564569406474874,0.0021784638286792557,-0.06122457427010153,0.015413609146756204,0.34545486828159655,-0.013043432109974828,0,-0.015998870134353638,20,0.0451931034932371,61
2018-06-08,184.43931579589844,23548851.0,12.180000305175781,-0.01492871025290432,-0.008460007475022069,0.0026956876902199944,45.23803349057659,-0.6857292537541753,-1.1971183919554147,0.026785703057319976,0.004366604520910977,0.0021784638286792557,-0.06313659331326782,0.015405759093795289,0.34545486828159655,-0.004405160243112327,0,-0.015998870134353638,20,0.0451931034932371,61
2018-06-11,183.6268310546875,21696933.0,12.350000381469727,-0.004366835107972866,-0.0023366650877999495,0.002654853416119929,43.18182594206264,-0.7395095794115036,-1.1055966294466326,0.013392893447998988,-0.006564487218884585,-0.025751297120016003,-0.08467741874415113,0.015395444477847246,0.26530690461608275,0.013274370110172962,1,-0.015998870134353638,20,0.0451931034932371,61
2018-06-12,186.06436157226562,29501260.0,12.34000015258789,0.01135201817643372,0.0052377979502784555,-0.0006703464763051503,51.02051140932292,-0.578770823701916,-1.0002314682976894,-0.013100469627717604,-0.004405160243112327,-0.030043018772846652,-0.07755094344279645,0.015317804785580685,0.2291683131593959,0.013100387619594533,1,-0.015998870134353638,20,0.0451931034932371,61
2018-06-13,188.5018768310547,28944970.0,12.9399995803833,-0.0038270373090014687,-0.001334407432346918,-0.0005030651212809545,55.55554009886562,-0.25179456056503113,-0.8505440867511578,0.0,0.01777768169909466,-0.0065076084504318565,-0.06339473643178217,0.015493314455368657,0.3541682153479466,-0.02370690335551595,0,-0.015998870134353638,20,0.0451931034932371,61
2018-06-14,184.0330810546875,33408041.0,12.119999885559082,-0.011523379230410247,0.006108262236114603,0.00016775144011194065,46.87505318527727,-0.3492322561017147,-0.7502817206212692,0.008695811927009967,0.04977385985837435,0.006507526975985556,-0.04722784546926362,0.01564787237614941,0.4791673350449033,0.01986760073467808,1,-0.015998870134353638,20,0.0451931034932371,61
2018-06-15,187.6893768310547,48059679.0,11.979999542236328,0.002331675214481077,-0.0007588650699821287,0.002449169792041017,55.714343970261254,-0.1299221578393599,-0.6262098080648874,-0.01521724220145737,0.011160856324903046,0.0,-0.048319470957185695,0.01568640724102099,0.25000136936028966,0.0,0,-0.015998870134353638,20,0.0451931034932371,61
2018-06-18,187.6893768310547,48059679.0,12.3100004196167,-0.011372676901700407,-0.009936432515731397,0.008467494288774136,59.09087287631132,0.04338258761222846,-0.4922913289294642,0.01762130281784824,0.03125019649690142,0.03355704754380007,-0.02941186217919578,0.016015165588049777,0.43750122264311575,-0.025973928838638027,0,-0.015998870134353638,20,0.0451931034932371,61
2018-06-19,182.81434631347656,56889624.0,13.350000381469727,-0.018039005032842947,-0.011598807969654623,0.0008960715277259723,55.714373864822306,-0.2102230529673932,-0.43587767373705,0.022123922484711844,0.008733619082437416,0.008733619082437416,-0.05521478282917158,0.01539748697755614,0.8399996394290359,0.004444316092226952,1,-0.015998870134353638,20,0.0451931034932371,61
2018-06-20,183.6268310546875,40708701.0,12.789999961853027,0.021032983743259237,0.005044639728178257,0.0005636857369484272,53.030365974902075,-0.3417076290175771,-0.4170436647931554,-0.01746715615675165,-0.01746715615675165,-0.01746715615675165,-0.01746715615675165,0.01252815458129469,0.3600045672322122,0.002212367319452513,1,-0.015998870134353638,20,0.0451931034932371,61
2018-06-21,184.0330810546875,31242557.0,14.640000343322754,-0.019035449310718766,-0.012576838357903797,-0.00046394282505146656,53.73140017972654,-0.40842109881168653,-0.41531915159686167,-0.02586205431119637,-0.01739113394452263,-0.010940729843883834,-0.00220748355497713,0.012435811430998556,0.4400017427596599,0.004414801283365133,1,-0.015998870134353638,20,0.0451931034932371,61
2018-06-22,184.84555053710938,43581409.0,13.770000457763672,0.013291007429625523,-0.007248325279933243,0.005205211345315597,47.4575095077609,-0.39122273496644766,-0.4104998682707789,0.0,-0.01521724220145737,-0.010917085359139045,-0.002202538756218786,0.012435832734243476,0.48000108171289235,-0.00683355954471998,0,-0.015998870134353638,20,0.0451931034932371,61
2018-06-25,183.5823974609375,45025211.0,17.329999923706055,-0.007206119573899605,-0.031334763630561646,-0.0006926319561385563,45.081712429336164,-0.4740542025889738,-0.42321073513441787,-0.015151770131908604,0.002202538756218786,-0.004376407000180049,0.011110748497548784,0.012373992636213063,0.5599967548613229,-0.016055098486807973,0,-0.015998870134353638,20,0.0451931034932371,61
2018-06-26,180.6349639892578,38446346.0,15.920000076293945,-0.0013697093880064015,0.004036011862523559,0.001452198751542122,38.595979640048824,-0.7686712225116992,-0.4923028326098742,-0.02188178915322425,-0.00024197767556510819,-0.004646071968241294,0.017771583620071585,0.01223874707924459,0.43562681506165013,-0.006992764797505768,0,-0.015998870134353638,20,0.0451931034932371,61
2018-06-27,179.371826171875,39888414.0,17.90999984741211,-0.026055511934220732,-0.024666277220814048,0.0021422627408969053,36.893154726691115,-1.0914998677407937,-0.6121422396360581,-0.011921287186519303,-0.02918021235839452,-0.011921287186519303,-0.005289786688515763,0.012458187076727757,0.14542277696732778,-0.004694983850705103,0,-0.015998870134353638,20,0.0451931034932371,61
2018-06-28,178.52967834472656,37940780.0,16.850000381469727,0.012109155895692059,0.008558184711564332,0.0028283107070776747,39.07028539047314,-1.3991694322057242,-0.7695476781499914,-0.023172021530694975,-0.04843479976256426,-0.001071726839840248,-0.027475105305807768,0.012250064617517726,0.021054339546672154,0.021226447145290317,1,-0.015998870134353638,20,0.0451931034932371,61
2018-06-29,182.31922912597656,34313680.0,16.09000015258789,0.017251323830137055,0.001570504483266788,0.0024923823023967895,47.82151996107488,-1.3219757872599587,-0.8800332999719849,-0.029904420870536574,-0.029904420870536574,-0.019077323490448994,-0.03204109398080568,0.012265962035001571,0.0,-0.01154716590145033,0,-0.015998870134353638,20,0.0451931034932371,61
2018-07-02,180.21395874023438,32449442.0,15.600000381469727,-0.0005473054686263579,0.006173485364477926,-0.00343483729915095,40.14404563724437,-1.4143729818231066,-0.9869012363422093,-0.0136672016382976,-0.028611889472636376,0.0017441798560975386,0.006236261961741096,0.012422683836487425,0.35138117794869184,0.0023361411733386905,1,-0.015998870134353638,20,0.0451931034932371,61
2018-07-03,180.6349639892578,28323220.0,16.139999389648438,-0.004105141662545941,-0.018232648102171067,0.0023305916449567476,35.780815963603544,-1.4370612712957893,-1.0769332433329253,-0.018348375265225814,-0.039828669139592154,-0.03144289848198045,0.0058940672487828305,0.01243033874239682,0.15617271374160285,0.0069930182167008414,1,-0.015998870134353638,20,0.0451931034932371,61
2018-07-04,181.8981475830078,15212295.0,16.139999389648438,0.0,0.0,-0.0007859887986445546,45.6354061319869,-1.3376934476342512,-1.1290852841931907,0.0,-0.011921287186519303,-0.02918021235839452,-0.0030593491674246742,0.012310911357707201,0.1952098790585013,-0.006944455512794878,0,-0.015998870134353638,20,0.0451931034932371,61
2018-07-05,180.6349639892578,18225416.0,14.970000267028809,0.005495797651114076,0.027163234513923662,-0.00013109075825157301,34.01396674702595,-1.34536357677257,-1.1723409427090665,0.01408427100871501,-0.009414111553037952,-0.026641523422573088,0.001666239953509896,0.012353757063920603,0.31233693837473187,0.011655086676545023,1,-0.015998870134353638,20,0.0451931034932371,61
2018-07-06,182.7402801513672,29033762.0,13.369999885559082,0.01858421601219118,0.012175894958866618,6.558523348165757e-05,39.76173941590172,-1.1680957097266287,-1.171491896112579,0.011792356677337024,-0.018464707790334156,-0.03340096806116688,-0.02492219330654455,0.011984530385296467,0.1952098790585013,0.02073744243414799,1,-0.015998870134353638,20,0.0451931034932371,61
2018-07-09,186.52984619140625,38734793.0,12.6899995803833,0.015026087077565142,0.0065521448235903446,-0.002654996219875083,58.04772868037199,-0.7135974322405048,-1.0799130033381643,0.0023094164417494234,-0.011389348456724346,-0.009211895181889584,-0.02000492940654497,0.012083166791767169,0.39042258781982714,0.0022572032047327717,1,-0.015998870134353638,20,0.0451931034932371,61
2018-07-10,186.9508819580078,20118957.0,12.640000343322754,0.0026431219127420746,0.010471028177843289,-0.0039108545803353545,57.32405228925174,-0.31578997496842476,-0.9270883976642165,0.03504660513160229,0.016055181603649604,0.015809318932559435,0.00031766195563576183,0.012516250764954285,0.7418051806199313,-0.009009050186283729,0,-0.015998870134353638,20,0.0451931034932371,61
2018-07-11,185.26663208007812,19854690.0,13.630000114440918,-0.025309415316625672,-0.02589909933503365,0.003002395434546612,52.5730388861729,-0.13487483517451437,-0.7686456851662761,0.03496509108350465,0.03496509108350465,0.004764589942162889,-0.01248465673440502,0.012290778934358829,0.7808451756396543,0.002272923067850652,1,-0.015998870134353638,20,0.0451931034932371,61
2018-07-12,185.68772888183594,23666051.0,12.579999923706055,0.009196048325556427,0.00709951336617487,0.008059238233807609,51.78584024409579,0.04199659853838966,-0.606517228425343,0.0185185200719713,0.03286361093606027,-0.0171629312416669,-0.02138123202160991,0.012365138181760478,0.6755735703203181,0.018140258821613298,1,-0.015998870134353638,20,0.0451931034932371,61
2018-07-13,189.05615234375,29716311.0,12.180000305175781,0.01232947567722742,-0.003989002608797421,-0.00541688248429717,60.65571335724716,0.44879863503552997,-0.3954540557331684,0.027972241812933785,0.040094457142793694,0.008991034751283378,-0.008518642208798277,0.01226358591200147,0.7178006481642996,-0.0044541623298303135,0,-0.015998870134353638,20,0.0451931034932371,61
2018-07-16,188.2140655517578,15819254.0,12.829999923706055,0.000529416856391185,-0.0011858072033167355,0.002854420844750294,66.07154644112109,0.6952286501944798,-0.17731751454763878,0.034562014390868034,0.036951248916911705,0.007282114394388861,0.009467086238338585,0.0125835540497631,1.0,-0.008948424526159626,0,-0.015998870134353638,20,0.0451931034932371,61
2018-07-17,186.52984619140625,21548436.0,12.0600004196167,0.006615570040375829,0.014747170144272292,-0.003140766584919241,64.91233312522331,0.7460240846049828,0.007350805282885545,0.009029221836291512,0.0443922705402362,0.002795516344941573,0.022718657282208232,0.012296268441130338,0.9200029571088753,0.006772100435030959,1,-0.015998870134353638,20,0.0451931034932371,61
2018-07-18,187.7930450439453,39898658.0,12.100000381469727,0.009726517313304317,0.007704229448606492,0.0004923300733550295,68.96568529441168,0.8780873780396234,0.18149811983423314,-0.002252119712899403,0.03263422579971276,0.02032389663532541,0.027171811017971725,0.012195662209496973,0.7600045226371033,0.006726060059940586,1,-0.015998870134353638,20,0.0451931034932371,61
2018-07-19,189.05615234375,39661216.0,12.869999885559082,0.03644902797313532,-0.002657992750620952,0.0024601887514921206,65.38465559091983,1.072309772845614,0.3596604504365093,0.01363663243349289,0.03240768275689776,0.022688481663210913,0.009290782270565456,0.01164115224084215,0.8800066100080741,0.057906531598426625,1,-0.015998870134353638,20,0.0451931034932371,61
2018-07-20,200.0037384033203,97969023.0,12.859999656677246,0.0231093912073026,-0.004854230530771053,0.0035994964749312963,82.19184202518173,2.085569969849132,0.7048423543190339,0.018140258821613298,0.04661992434085449,0.027294393270359096,0.016079332690061676,0.011683304978650154,1.0,0.014737044481208939,1,-0.015998870134353638,20,0.0451931034932371,61
2018-07-23,202.95120239257812,52256877.0,12.619999885559082,0.0002458554848503436,0.0016113005326514607,-0.0032279403501748183,83.54441412294017,3.0907929498941087,1.1820324734340488,0.057906531598426625,0.09446991236772484,0.08200461316036822,0.077269320597106,0.014654767738163434,1.0,0.0,0,-0.015998870134353638,20,0.0451931034932371,61
2018-07-24,202.95120239257812,27239267.0,12.40999984741211,-0.008591409907439895,-0.010871357574697926,-3.269277130379944e-05,82.89484914793006,3.84313810007302,1.7142535987618432,0.07829986987219972,0.0880360786033203,0.10550469543661944,0.09075806176753409,0.014788575189505222,1.0,-0.002074641689366108,0,-0.015998870134353638,20,0.0451931034932371,61
2018-07-25,202.5301513671875,20962512.0,12.289999961853027,0.01237953376797174,0.0048790777924725415,0.0016028716671936394,85.13528668259552,4.355197744483178,2.24244242790611,0.0880360786033203,0.08558569110235181,0.12354329367069505,0.09314508649298725,0.014776708216105345,1.0,0.002078954775613928,1,-0.015998870134353638,20,0.0451931034932371,61
2018-07-26,202.95120239257812,30606388.0,12.140000343322754,-0.001711957000260167,0.018674957746974474,-0.007217700375016234,84.2858599815595,4.740340308431314,2.742022004011151,0.07847525087946461,0.09318202146432686,0.1291079301000262,0.09808557081890545,0.014727707805473413,0.9827590192747342,0.0145227925636493,1,-0.015998870134353638,20,0.0451931034932371,61
2018-07-27,205.89862060546875,27129646.0,13.029999732971191,0.015433816279670776,-0.004483432853492841,0.006743862059004124,83.82366264377066,5.223190889095008,3.2382557810279224,0.07349694721155409,0.09297045967818351,0.13679251693208982,0.11014921140035905,0.014622191008952137,1.0,0.0040899609093736355,1,-0.015998870134353638,20,0.0451931034932371,61
2018-07-30,206.74073791503906,22788730.0,14.260000228881836,-0.008685399937224614,-0.009969051869920031,-0.0015684846155006316,84.05811487472309,5.6091465323830505,3.712433931298948,0.029473860084860082,0.08908712069361835,0.12933024998257103,0.14665696345421675,0.014371867331191775,1.0,0.0020366875364095094,1,-0.015998870134353638,20,0.0451931034932371,61
2018-07-31,207.16180419921875,27059442.0,12.829999923706055,0.0029206078582451056,0.006558349815316777,0.0005563802387322792,89.39413739445367,5.881200867801027,4.146187318599364,0.018672151126903236,0.0984340480025736,0.1471960294321104,0.1359269778529233,0.014281735757904127,1.0,0.008129823204058528,1,-0.015998870134353638,20,0.0451931034932371,61
2018-08-01,208.8459930419922,29136161.0,13.149999618530273,0.012132875147162547,-0.0017258041508210198,-3.2754089223208105e-05,89.85523230897219,6.16167786599587,4.549285428078665,0.020746868000790952,0.11060941950620151,0.1468532980776549,0.1382405061709877,0.01427427893102869,1.0,-0.01411265973358089,0,-0.015998870134353638,20,0.0451931034932371,61
2018-08-02,205.89862060546875,22402110.0,12.1899995803833,-0.0038359013950096665,0.010050450769790276,0.0016355744269656025,79.41204057509452,6.0760882215997185,4.854645986782876,0.03118469833834303,0.1121071762435093,0.1481479928028786,0.12243952187952112,0.013975088379400627,1.0,0.010224939327565297,1,-0.015998870134353638,20,0.0451931034932371,61
2018-08-03,208.00392150878906,24719097.0,11.640000343322754,0.003369311259906249,0.0020380022796941955,0.0015348609521619316,83.09878277344723,6.10773186888639,5.105263163203579,0.0145227925636493,0.08908712069361835,0.13986027986095406,0.10659891483571227,0.014212873896534894,0.9027793296792346,-0.006072883552325825,0,-0.015998870134353638,20,0.0451931034932371,61
2018-08-06,206.74073791503906,22364568.0,11.270000457763672,-0.014871651175095146,0.005486201886398145,-0.0030976690890600622,84.2858437110915,5.962153335847319,5.276641197732328,0.010224939327565297,0.040000167843542433,0.1382488925621408,0.1130535569062543,0.014260187030425761,0.9722238160669616,-0.016293131259289884,0,-0.015998870134353638,20,0.0451931034932371,61
2018-08-07,203.37228393554688,23992418.0,10.930000305175781,0.004139279102689741,0.0077597713279480285,-3.269063176958298e-05,74.6668051807488,5.511442733696583,5.323601504925179,0.0,0.018672151126903236,0.10835205269452453,0.10629411226766039,0.014318396836042888,0.9305570235704471,0.024844603992465242,1,-0.015998870134353638,20,0.0451931034932371,61
2018-08-08,208.42498779296875,24382432.0,10.850000381469727,0.017701204347332355,0.002692871093749938,-0.003434562601580593,77.3811228936038,5.49857812253299,5.358596828446742,-0.018292562561521453,0.002074792058409436,0.08783805567297387,0.1026514767632285,0.014412945256982694,0.8194467513249883,-0.0020202293815074768,0,-0.015998870134353638,20,0.0451931034932371,61
2018-08-09,208.00392150878906,15128655.0,11.270000457763672,-0.0030973225944707083,-0.010478896637507562,0.0034792038454733998,66.1018479504003,5.39224781906529,5.365327026570451,-0.0020158646229749833,0.029105969585209612,0.12500014413216531,0.13504647766260192,0.014776718442549287,0.9861129146722636,-0.008097129164314598,0,-0.015998870134353638,20,0.0451931034932371,61
2018-08-10,206.31968688964844,15890492.0,13.15999984741211,-0.0193598874974773,-0.024664167365311074,0.0006214339371306554,57.14291261105542,5.113135585259556,5.314888738308272,0.010224939327565297,0.024896226564044888,0.1201812998701397,0.1179138215998572,0.014708823858422461,0.9722238160669616,-0.01836729969684281,0,-0.015998870134353638,20,0.0451931034932371,61
2018-08-13,202.5301513671875,17881194.0,14.779999732971191,-0.007798843106749054,0.0014392907452001058,0.00454373204145031,49.230781239023706,4.533889427805093,5.158688876207637,-0.008097129164314598,0.0020450175088182476,0.09131432292406516,0.09452325015608731,0.014709096906245242,0.9166684282845365,0.012473879335337168,1,-0.015998870134353638,20,0.0451931034932371,61
2018-08-14,205.05648803710938,17358913.0,13.3100004196167,0.004912932768184941,-0.0018869051732079978,0.003807187174444726,54.285699494204316,4.229926965544706,4.972936494075051,-0.020366506332109124,-0.020366506332109124,0.07606278400852484,0.10050948561255346,0.014500813207356337,0.7916685541143844,-0.00821336655906102,0,-0.015998870134353638,20,0.0451931034932371,61
2018-08-15,203.37228393554688,18473321.0,14.640000343322754,-0.01124428323953075,-0.014274183749005243,-0.0012318499526007276,50.68497094905063,3.8092229774320856,4.740193790746458,0.008281384606450448,-0.010162665701080598,0.0993226672512888,0.09253113574822835,0.014327227495917439,0.8750011324686306,-0.010352330988881775,0,-0.015998870134353638,20,0.0451931034932371,61
2018-08-16,201.26690673828125,19155966.0,13.449999809265137,-0.0009890128358276407,-0.0013259963971306021,0.0005193361881863368,42.25340035361227,3.268251324542831,4.445805297505733,-0.024242313318213027,-0.026209308719390756,0.0829596159322934,0.08355777705314082,0.014413893257100397,0.8194467513249883,0.002092230702911202,1,-0.015998870134353638,20,0.0451931034932371,61
2018-08-17,201.68800354003906,18324474.0,12.640000343322754,-0.006928947574918132,-0.007261274099132908,-0.002660115871459534,41.42852409588656,2.840759873279268,4.12479621266044,-0.03238888344815727,-0.022495118488736865,0.06458797686905804,0.1009360632625822,0.013865212664777958,0.7499997483403044,0.0,0,-0.015998870134353638,20,0.0451931034932371,61
2018-08-20,201.68800354003906,16933437.0,12.489999771118164,-0.0007474795273415547,-0.0009899113350474442,-0.0028948346362704935,40.57964696817944,2.473457341682149,3.7945284384647824,-0.02244906154828874,-0.030364417761629237,0.008421168274976631,0.09835802524943982,0.013861439747200612,0.7638898535843891,0.006263133306727786,1,-0.015998870134353638,20,0.0451931034932371,61
2018-08-21,202.95120239257812,12014127.0,12.859999656677246,0.01970073099672831,0.019801871412435945,0.001663633554128685,39.70596307564733,2.258265154545853,3.4872757816809967,-0.004158135573708366,-0.024439955211325803,-0.00622415062166326,0.09593341797122434,0.013866094791832005,0.7638898535843891,0.004149208194210718,1,-0.015998870134353638,20,0.0451931034932371,61
2018-08-22,203.7932891845703,12614240.0,12.25,0.0002445652857514524,0.0046355355446889845,-0.002442482157196113,46.03168668343631,2.1311070864407498,3.2160420426329477,-0.010266857024052056,-0.0020704962093173185,0.0,0.0979501632733859,0.013875978506056649,0.805557149400295,0.010330720061109133,1,-0.015998870134353638,20,0.0451931034932371,61
2018-08-23,205.89862060546875,14839240.0,12.40999984741211,-0.005378792691822842,0.0011812034811573557,0.001175257010413766,46.03174877089564,2.175142364818214,3.007862107070001,0.0020701210650555524,-0.0222223767766232,0.006236788986014874,0.11009166457766328,0.013802565644772282,0.8333338366527248,-0.004090035017636273,0,-0.015998870134353638,20,0.0451931034932371,61
2018-08-24,205.05648803710938,14355943.0,11.989999771118164,0.01376580399744931,0.014563500496920678,0.004760814860240492,46.77417940728298,2.1176763254463253,2.829824950745266,0.023012794016904037,-0.010121448134483124,0.0145227925636493,0.13986027986095406,0.013531447224320951,0.9027793296792346,0.00616024815713434,1,-0.015998870134353638,20,0.0451931034932371,61
2018-08-27,206.31968688964844,15152299.0,12.15999984741211,0.007031766907121151,0.01568447537438078,-0.0049654327489528916,56.14029399255005,2.14928801132109,2.693717562860431,0.01670146185170407,-0.006122531841640022,-0.004090035017636273,0.14319228617666635,0.013485401797409763,0.8750011324686306,0.018367299696842698,1,-0.015998870134353638,20,0.0451931034932371,61
2018-08-28,210.10922241210938,36792531.0,12.5,0.019744878525403964,0.003928549216316801,0.0005544748352532824,53.70367636301652,2.4518608210053685,2.6453462144894186,0.022964595158431855,0.018710969684659462,-0.0020366137300121823,0.1556604414603917,0.013432774511352961,0.9117664457328255,0.03807623365997759,1,-0.015998870134353638,20,0.0451931034932371,61
2018-08-29,218.10939025878906,56993182.0,12.25,0.04203069340923138,0.002444886724627837,-0.0028685772318269853,66.66664988942117,3.2991678839289875,2.7761105483773325,0.03526966056444025,0.024640694978086186,0.014227614131301136,0.15242491655628299,0.01334791859896512,1.0,0.017374262252521477,1,-0.015998870134353638,20,0.0451931034932371,61
2018-08-30,221.8988800048828,48957808.0,13.529999732971191,-0.015182428726458919,-0.009392881647660167,0.0007518653531242148,74.02587928772188,4.227710572415901,3.066430553185046,0.07024814767699739,0.0724636909123404,0.04435515894688158,0.21028022348245656,0.014157977301474348,1.0,-0.02846263314117059,0,-0.015998870134353638,20,0.0451931034932371,61
2018-08-31,215.5830535888672,69069506.0,12.859999656677246,0.0032214418113181154,0.005763766786014646,0.0023193863187298547,68.67475771180924,4.4031956362215965,3.3337835697923563,0.07770940549462368,0.10251051005335166,0.07770940549462368,0.22843814455588407,0.014287579431205373,1.0,0.0039060191382622733,1,-0.015998870134353638,20,0.0451931034932371,61
2018-09-03,216.4251251220703,26720905.0,12.859999656677246,0.0,0.0,-0.00045627672350290194,67.08864475720091,4.557678863946279,3.5785626286231413,0.05133495483377626,0.06889378547529557,0.03643744803031446,0.1851855362654946,0.015186635050492208,0.8469406923563901,0.0019455517650375231,1,-0.015998870134353638,20,0.0451931034932371,61
2018-09-04,216.84619140625,34304615.0,13.15999984741211,0.01169736411818123,0.006944121380338952,0.001988943734118287,71.05259895383823,4.660362704759763,3.794922643850466,0.04897951516292687,0.07306890505813168,0.04684314907984466,0.19813529087835335,0.015084998961613093,0.8602157660567868,0.025242850162463082,1,-0.015998870134353638,20,0.0451931034932371,61
2018-09-05,222.32000732421875,44864459.0,13.90999984741211,0.00249383385485924,-0.005039305388083837,-0.0005206261168354542,79.76206500243319,5.124361140964311,4.060810343273235,0.03206412796543834,0.06846467943951451,0.0662524273709455,0.1866359799089301,0.015045809007945539,0.8620699278678036,-0.011363651962352117,0,-0.015998870134353638,20,0.0451931034932371,61
2018-09-06,219.79364013671875,35698488.0,14.649999618530273,-0.003844519274278757,-0.026691436321428008,0.0004558161960313001,74.15741179967549,5.227961836526703,4.2942406419239285,0.019305070086316434,0.0909093631776523,0.06666676427997253,0.19187364308490706,0.01518209619941943,1.0,0.011494268832931365,1,-0.015998870134353638,20,0.0451931034932371,61
2018-09-07,222.32000732421875,38663728.0,14.880000114440918,0.018842233618395543,-0.0040838410029572225,0.0018224340891510593,75.78958169860343,5.4510861247989055,4.5256097384989245,-0.009487383929642768,0.06748476260010916,0.056680270941101174,0.1756758664882252,0.015371074641373968,0.9318181630997434,0.0018940335061912172,1,-0.015998870134353638,20,0.0451931034932371,61
2018-09-10,222.7410888671875,41659795.0,14.15999984741211,-0.005793484793510051,0.011001102675881835,0.0006821695743448597,75.26892865743363,5.5973685122028485,4.73996149323971,0.031249922585285583,0.08418909078353654,0.07755110855285574,0.20000026355595968,0.015273944748421376,1.0,-0.017013391279090517,0,-0.015998870134353638,20,0.0451931034932371,61
2018-09-11,218.95150756835938,34350276.0,13.220000267028809,-0.001568345462192311,-0.01006729155527275,-0.0007466553135927478,68.00005508322096,5.3458867632572264,4.861146547243213,0.02918313546800433,0.07959202645708818,0.0997922401359268,0.19954662706295911,0.015275381492055392,1.0,0.0019228241618385322,1,-0.015998870134353638,20,0.0451931034932371,61
2018-09-12,219.3725128173828,37885965.0,13.140000343322754,-0.013692852874112704,-0.011652919800050232,-0.0012994285203710154,66.66665408366762,5.121519580805881,4.913221153955747,0.009708799349697372,0.04208423149987528,0.06776191118973718,0.15812950202357,0.01546902660409079,0.8953479356464431,-0.02111297808545254,0,-0.015998870134353638,20,0.0451931034932371,61
2018-09-13,214.74090576171875,37576180.0,12.369999885559082,-0.011606445908394436,0.012020572804154694,-0.0007806963565807346,60.95245293750587,4.517895503723452,4.834156023909288,-0.013257891371591612,0.005791234192599637,0.07867457930947341,0.16554792105617944,0.015419091491183487,0.9069743040865689,0.02352944520317246,1,-0.015998870134353638,20,0.0451931034932371,61
2018-09-14,219.79364013671875,37903219.0,12.069999694824219,0.022564839157039662,0.011092429866023767,-0.0006836352681038882,64.03515826783543,4.396551797989645,4.746635178725359,-0.022988537665862507,-0.03225782051268822,0.06694592390669829,0.1512415312955544,0.01577395987465961,0.7710835219867662,-0.011494477102684475,0,-0.015998870134353638,20,0.0451931034932371,61
2018-09-17,217.26722717285156,24765758.0,13.680000305175781,-0.014636342735097618,-0.01439768627352267,0.001954570966484548,57.65765206929819,4.049841572186125,4.6072764574175125,-0.011363651962352117,0.019531157378823716,0.08977051822066029,0.1704035156641983,0.016068467692929328,0.9124995017159092,-0.013565585643478317,0,-0.015998870134353638,20,0.0451931034932371,61
2018-09-18,214.3198699951172,33960152.0,12.789999961853027,-0.0045703051581654774,0.008390558102009393,0.001365536851325011,45.45455211003223,3.496933653777944,4.385207896689599,-0.024574997465329873,0.003890962522518082,0.07724417595179234,0.14922061239142836,0.01623479893453451,0.7592568358817944,0.013752141496733428,1,-0.015998870134353638,20,0.0451931034932371,61
2018-09-19,217.26722717285156,59227711.0,11.75,0.010560231069609793,0.002052830877858014,-0.0025974844722536083,44.32988227136465,3.2590094053425958,4.159968198420199,-0.021153714010378022,-0.011650291825508141,0.05601675411879614,0.07157931999714662,0.01397547146593634,0.6078444887205009,0.007752114377415298,1,-0.015998870134353638,20,0.0451931034932371,61
2018-09-20,218.95150756835938,29649071.0,11.800000190734863,0.0034074319567700684,0.011657230263803608,-0.0015950970603211267,54.65113388177896,3.169820360137834,3.9619386307637257,-0.00959685248390163,-0.022727509827752512,0.06611570990484505,0.07053924594435901,0.013953945075756157,0.7450956846003643,0.005768890627118939,1,-0.015998870134353638,20,0.0451931034932371,61
2018-09-21,220.21461486816406,35012974.0,11.680000305175781,-0.0024904464203173715,-0.003300552710627347,0.0013368231532098207,55.17235633917102,3.164580290401858,3.8024669626913523,0.019607823631482724,-0.0038314692264778127,0.06339472758247289,0.0788381886244316,0.013981895464516845,0.8235284922107932,0.0,0,-0.015998870134353638,20,0.0451931034932371,61
2018-09-24,220.21461486816406,35012974.0,12.199999809265137,0.01883775590529191,0.0038826072416791035,-0.0031259376120437166,54.6510956631519,3.1244112296069773,3.6668558160744777,0.0019153180737325748,-0.009470098896606771,0.0739217128711942,0.0873176827331481,0.013979846103465993,0.882348301609002,0.007648289545755471,1,-0.015998870134353638,20,0.0451931034932371,61
2018-09-25,221.8988800048828,24397062.0,12.420000076293945,-0.016038953780195597,-0.017026068675740302,0.0016985153083497462,49.35054360998825,3.1916912500944647,3.571822902878475,0.01356572610450657,-0.011342649045456898,0.06734659298871182,0.08506188813896509,0.013983567162574635,0.882348301609002,0.0,0,-0.015998870134353638,20,0.0451931034932371,61
2018-09-26,221.8988800048828,24859115.0,12.890000343322754,0.0022640422002886407,-0.009503063564091585,-0.00247824091293003,53.52103833741066,3.20803096699953,3.4990645157026865,0.03536307674103334,0.013461302318748425,0.05611204238169587,0.07770940549462368,0.013873702414397494,0.9607803986550437,0.005692952968791465,1,-0.015998870134353638,20,0.0451931034932371,61
2018-09-27,223.16213989257812,38495371.0,12.40999984741211,0.011068241544856194,0.004453171313363091,0.0,51.47061174677445,3.285046850578908,3.456260982677931,0.021317770251407575,0.011516334271117534,0.017374262252521477,0.07331957040838777,0.013872145079653656,0.9607803986550437,-0.009434430570782415,0,-0.015998870134353638,20,0.0451931034932371,61
2018-09-28,221.05673217773438,39626486.0,12.119999885559082,-0.013404595895708082,0.006532285969263141,-0.0022882447691161545,47.222034875937055,3.1399977467794713,3.393008335498239,0.01923088984853938,0.03921578937644865,0.005692952968791465,0.07723593524013017,0.013885263198417512,1.0,0.0019049954118035561,1,-0.015998870134353638,20,0.0451931034932371,61
2018-10-01,221.47784423828125,22254380.0,12.0,0.01132236827046973,0.0027071361036568042,-0.002424540648379825,54.68744514619566,3.024164821318948,3.3192396326623808,0.0038240754823399836,0.00574671787695924,0.025390115307049488,0.05846767255566632,0.01395634985640851,0.9038417312112262,-0.020912488325686374,0,-0.015998870134353638,20,0.0451931034932371,61
2018-10-02,216.84619140625,38391491.0,12.050000190734863,-0.023287095889703124,0.00031380704687888894,0.003382886058300949,45.94602271196916,2.529472533330903,3.1612862127960852,0.005736355740391996,0.019379899675710632,0.023346268661556868,0.07566453620233093,0.013737890916192576,0.9230747787690794,0.009708799349697372,1,-0.015998870134353638,20,0.0451931034932371,61
2018-10-03,218.95150756835938,25228536.0,11.609999656677246,0.007794393696240576,0.0011161009448923398,0.0030114881702552054,57.35289728870139,2.2810126564335462,2.9852315015235775,-0.022770230289227422,0.0117876210506771,0.0,0.04251011150810102,0.014108960509300784,0.7115377378345643,-0.02307688662355256,0,-0.015998870134353638,20,0.0451931034932371,61
2018-10-04,213.89878845214844,36408727.0,14.220000267028809,-0.034804008145538856,-0.01839113216654964,0.002904533037273671,39.70592232218085,1.657290001087631,2.7196432014363885,-0.013282502536554386,0.007752114377415298,-0.01515158170603581,0.059063200491904944,0.014123726078803649,0.8076918252230428,-0.015748101147440297,0,-0.015998870134353638,20,0.0451931034932371,61
2018-10-05,210.53028869628906,40204660.0,14.819999694824219,-0.018854887942971743,-0.023248958969040667,0.0025381247829632247,38.57151731956948,0.8810196780433444,2.3519184967577798,-0.04150951162633909,-0.02307688662355256,-0.026819937469089283,0.051759779223100155,0.014368421803122538,0.5769238274308223,-0.026000062475932784,0,-0.015998870134353638,20,0.0451931034932371,61
2018-10-08,205.05648803710938,50876958.0,15.6899995803833,-0.01609385519945772,-0.011277941243455936,0.0029861097052652497,35.52631767167985,-0.17386589462441293,1.8467616184813413,-0.04761874192993054,-0.04397676411110463,-0.05303039870242643,0.01010100048757856,0.01410915496959307,0.4230775663692762,0.002053490464990926,1,-0.015998870134353638,20,0.0451931034932371,61
2018-10-09,205.47756958007812,28905345.0,15.949999809265137,-0.0014649929256248528,-0.0006533248162471361,0.0016827949691817778,30.00024331643405,-0.9647712669948021,1.2844550413861127,-0.0741444646874233,-0.06883342797265934,-0.07939532360202661,-0.014170086074820176,0.014680465542177546,0.1730779148193008,0.0,0,-0.015998870134353638,20,0.0451931034932371,61
2018-10-10,205.47756958007812,28905345.0,22.959999084472656,-0.03789747587449255,-0.044648731098771766,-0.00038765646600014136,25.757772091848494,-1.5734319289146868,0.7128776473259528,-0.05242712243386072,-0.07400357507186761,-0.06153845724982976,-0.004081613937407358,0.014631341396861142,0.19230956857705553,-0.06762297364552883,0,-0.015998870134353638,20,0.0451931034932371,61
2018-10-11,191.5825653076172,94589657.0,24.979999542236328,-0.010419260646545858,-0.010256815461545443,0.004136914109516221,14.583685653715364,-3.1408053589466363,-0.05785895392856505,-0.06153845724982976,-0.07400357507186761,-0.0633394907085354,0.014552984792604695,0.01434035167693072,0.19230956857705553,0.04175824963532082,1,-0.015998870134353638,20,0.0451931034932371,61
2018-10-12,199.5827178955078,47175769.0,21.309999465942383,0.0184900348511452,0.019701284401410613,-0.004055471682174794,28.695860152605945,-3.6948230209468136,-0.7852517673322148,-0.10433075991696716,-0.1415095526515482,-0.10784317208663807,-0.06570834631213318,0.01764637520965479,0.0,-0.027425996301334576,0,-0.015998870134353638,20,0.0451931034932371,61
2018-10-15,194.1089630126953,42168280.0,21.299999237060547,-0.022944874743621058,-0.009381140555754008,-0.001648211026241464,23.38730181924454,-4.523429008653409,-1.5328872155964537,-0.05199997999610506,-0.09714254829823954,-0.09195408124019921,-0.01863364056647987,0.018825384778810933,0.25333313361670545,0.02819939274238714,1,-0.015998870134353638,20,0.0451931034932371,61
2018-10-16,199.5827178955078,37818077.0,17.6200008392334,0.03251621055362697,0.03312074750105398,-0.002168828013550006,30.657049187959828,-4.684419874368359,-2.163193747350835,-0.05338784999786439,-0.12357390112638356,-0.10658885125703843,-0.03556443451925173,0.01922838007385214,0.08000100502561124,0.006329046664362403,1,-0.015998870134353638,20,0.0451931034932371,61
2018-10-17,200.84588623046875,42494858.0,17.399999618530273,-0.010997438853064034,-0.004396034757999212,-0.0018491845087035275,30.65693913352618,-4.656403051562734,-2.661835608193215,-0.0286885410247808,-0.07961160580588655,-0.06876241619568513,-0.010438328544976172,0.019735463900436068,0.25333313361670545,-0.00838570632812452,0,-0.015998870134353638,20,0.0451931034932371,61
2018-10-18,199.16165161132812,25676430.0,20.059999465942383,-0.02602974430719074,-0.02506048515805659,0.0011050571085653438,30.882417989432085,-4.715743025517554,-3.072617091658083,-0.022541065475296662,-0.08269238033100923,-0.07558130674406072,-0.0041753465490729225,0.019760063746123515,0.293332669758731,-0.002114346804974243,0,-0.015998870134353638,20,0.0451931034932371,61
2018-10-19,198.7405548095703,28358460.0,19.889999389648438,-0.00233541611835153,-0.015546540321823343,0.004707501381344681,30.147042169604106,-4.742085564505373,-3.406510786227541,0.03956041767966445,-0.06889771067645467,-0.09038465264210438,-0.018672226311424844,0.0197777714020995,0.23999963277910358,0.00423749992418232,1,-0.015998870134353638,20,0.0451931034932371,61
2018-10-22,199.5827178955078,29275777.0,19.639999389648438,0.007022067577251656,0.006737695287217793,-0.0020034340533620076,33.858293330243995,-4.641502343871139,-3.653509097756261,-0.00421961928777026,-0.056000179165320074,-0.0975142366070918,-0.02479342865124412,0.019767357037875834,0.22666516557072167,-0.029535805945219762,0,-0.015998870134353638,20,0.0451931034932371,61
2018-10-23,193.68788146972656,32827745.0,20.709999084472656,-0.018595092631832566,-0.005339463685811507,-0.0012951567178535184,27.94119488786052,-4.980046574275605,-3.91881659306013,0.02819939274238714,-0.026693962205238564,-0.09368995325313878,-0.030674817982696,0.01970891666450887,0.25333313361670545,-0.0021740211094960493,0,-0.015998870134353638,20,0.0451931034932371,61
2018-10-24,193.2667999267578,44321950.0,25.229999542236328,-0.03999969399398462,-0.06614474641033563,0.0030150888007003385,30.40000208736069,-5.22212566335611,-4.179478407119326,-0.029535805945219762,-0.0573770077894411,-0.1271344791579636,-0.055441340462855426,0.020205239663572613,0.06666702100261934,-0.04357318169928737,0,-0.015998870134353638,20,0.0451931034932371,61
2018-10-25,184.84555053710938,75524118.0,24.219999313354492,0.024944876638299363,0.0233772611533265,-0.0010666183654161054,27.737219905784187,-6.024057941857166,-4.548394314066894,-0.03773583042180917,-0.05942629007280309,-0.12903210722602543,-0.06326534883640089,0.020172533683129452,0.053333036979627456,0.006833724642435479,1,-0.015998870134353638,20,0.0451931034932371,61
2018-10-26,186.10873413085938,38439644.0,24.15999984741211,-0.019256180464208073,-0.017226209809325543,-0.0007765787838034388,32.28346119670529,-6.482935446687264,-4.9353025405909685,-0.07188181539163574,-0.03516507235243682,-0.17169843134643237,-0.12024066142821521,0.020944937911983562,0.0,0.0067874238059717484,1,-0.015998870134353638,20,0.0451931034932371,61
2018-10-29,187.37193298339844,18463792.0,24.700000762939453,-0.009272015716678239,-0.011144818374620558,0.0026553163335276686,33.33332396927729,-6.667807253440628,-5.281803483160901,-0.06355935098809862,-0.06751077401252137,-0.158095153685598,-0.1467183787454569,0.019989745050829493,0.03296701546244777,0.0022474660630424914,1,-0.015998870134353638,20,0.0451931034932371,61
2018-10-30,187.7930450439453,28877931.0,23.350000381469727,0.03991190625821339,0.041590949313332404,-0.0021315759499983544,33.84620616735273,-6.703070444745748,-5.56605687547787,-0.06118157444124184,-0.03470746494512078,-0.15399242923002854,-0.1555976624159825,0.01978485947142432,0.06593442915420873,0.04932704054251147,1,-0.015998870134353638,20,0.0451931034932371,61
2018-10-31,197.0563201904297,57283201.0,21.229999542236328,0.008469967478658358,0.012403566278425426,-0.0012622441759410075,55.46214648799366,-5.915359310068709,-5.635917362396039,-0.030434719926980103,-0.05907161189043941,-0.1339804318161859,-0.1289062757127445,0.019416161863877464,0.07692476173940192,0.006410499134950065,1,-0.015998870134353638,20,0.0451931034932371,61
2018-11-01,198.31954956054688,41974797.0,19.34000015258789,0.0249342493331024,0.04639433166531992,0.0023656735593005074,48.54370810761744,-5.130024775482582,-5.534738845013347,0.019607714646840524,-0.018868029169841094,-0.10000016725664129,-0.08949425313126669,0.02101469764923671,0.3186810167272241,0.004246187794633816,1,-0.015998870134353638,20,0.0451931034932371,61
2018-11-02,199.16165161132812,30722361.0,19.510000228881836,-0.006914404184100942,-0.01503872769289838,-0.010054602795923628,56.52167062602192,-4.389096132932735,-5.305610302597225,0.07289328298293274,-0.004228233919372437,-0.07283462895857784,-0.08543678690207857,0.021046478176820656,0.3516492268776114,-0.006342350879058656,0,-0.015998870134353638,20,0.0451931034932371,61
2018-11-05,197.89849853515625,25452065.0,19.959999084472656,-0.00773547030400068,-0.008521948983563399,-0.0009144932890544633,47.56101710869922,-3.8593426426189694,-5.016356770601575,0.070135974764574,0.002118826739521351,-0.05400000710283226,-0.10416676389866164,0.02063114507521442,0.3736267062134923,-0.002127996535866261,0,-0.015998870134353638,20,0.0451931034932371,61
2018-11-06,197.4773712158203,30468176.0,19.90999984741211,0.00649682724980738,0.011419525944710962,0.0033669143584724726,44.99998414555648,-3.433906701122254,-4.699866756705711,0.05618005527375591,-0.008438703401330239,-0.034907403176912544,-0.09961681142340162,0.020592483729232617,0.3406604872096709,-0.0021321482193038532,0,-0.015998870134353638,20,0.0451931034932371,61
2018-11-07,197.0563201904297,34424652.0,16.360000610351562,0.011618642022497072,0.011942384911035608,-0.00042353765794111986,46.753222304792125,-3.095043219626092,-4.378902049289787,0.05156914181570871,0.019564929500692774,-0.03893465540110941,-0.11174269202037834,0.020477091585201713,0.32966975639516455,0.01068390711276801,1,-0.015998870134353638,20,0.0451931034932371,61
2018-11-08,199.16165161132812,24739146.0,16.719999313354492,-0.01225091762310071,-0.004167089756779596,-0.0036829074155717567,50.61733366082417,-2.6263340741129753,-4.028388454254425,0.0,0.019607714646840524,-0.04098378916423051,-0.11531221656222002,0.02046490844603099,0.3186810167272241,-0.0232558228622205,0,-0.015998870134353638,20,0.0451931034932371,61
2018-11-09,194.5299835205078,23219081.0,17.360000610351562,-0.016278939688772143,-0.018510922116677042,0.001472082041759526,43.33334943946631,-2.5986598724902024,-3.7424427379015808,0.004246187794633816,0.07744898934607924,0.03956041767966445,-0.09038465264210438,0.02043888849155895,0.3736267062134923,0.002164453097515562,1,-0.015998870134353638,20,0.0451931034932371,61
2018-11-12,194.95103454589844,23228445.0,20.450000762939453,-0.026530097498666305,-0.0443920559994867,0.005226361982668237,51.94799877258805,-2.5137753321849345,-3.4967092567582516,-0.0232558228622205,0.045249082096959325,-0.02531649247128387,-0.11324358269787071,0.020687348304088277,0.2527477822609549,-0.01727853994787698,0,-0.015998870134353638,20,0.0451931034932371,61
2018-11-13,191.5825653076172,36104127.0,20.020000457763672,0.00917438223090894,0.013520766472980839,0.0037369133193909665,47.61906610824364,-2.687333134917651,-3.3348340323901318,-0.014893816835776508,0.040449502984908126,0.004338138332891095,-0.0921569700268452,0.02049144204554897,0.26373652192889535,0.004395584265291408,1,-0.015998870134353638,20,0.0451931034932371,61
2018-11-14,192.4246826171875,20028279.0,21.25,0.011765087140234609,0.003645896517985747,-0.003981973891262869,63.63640356897735,-2.7255091421650945,-3.2129690543451246,-0.029850538681521988,0.02017923647164399,-0.04008439544389375,-0.12835255292898085,0.020212496948152067,0.17582501166811887,0.010940908799671245,1,-0.015998870134353638,20,0.0451931034932371,61
2018-11-15,194.5299835205078,22072228.0,19.979999542236328,0.01796982222476462,0.033405626038615965,-6.503311016048396e-05,64.70591370143129,-2.5564149545053283,-3.0816582343771657,-0.023504131046222287,-0.023504131046222287,-0.04192868358587143,-0.11434096563445373,0.02019956039617203,0.197802889233313,-0.02164484473221895,0,-0.015998870134353638,20,0.0451931034932371,61
2018-11-16,190.3194122314453,46738909.0,18.139999389648438,-0.04283496665151487,-0.011728289292265659,0.0007801380800382951,54.6667517073364,-2.730686848150043,-3.0114639571317414,-0.0232558228622205,-0.019108383658778427,-0.0232558228622205,-0.09233808547504363,0.020231544358420717,0.2527477822609549,-0.017699352020597137,0,-0.015998870134353638,20,0.0451931034932371,61
2018-11-19,186.9508819580078,48944754.0,20.100000381469727,-0.022239947102735136,-0.03862671850524646,-0.000584631966526139,48.780427442592234,-3.1048203838079758,-3.0301352424669883,-0.02164484473221895,-0.04439729891946664,-0.04237254236405841,-0.12403073989602376,0.020292161483532384,0.14285879266429746,-0.018018018753326537,0,-0.015998870134353638,20,0.0451931034932371,61
2018-11-20,183.5823974609375,41569756.0,22.479999542236328,-0.011373216539966369,0.001542984721672802,0.0035748684227001615,26.470671308792888,-3.63127339431702,-3.150362872836995,-0.04103672805084346,-0.055319351375491155,-0.06329123117820967,-0.1461539405037463,0.020344878965492728,0.054945689486268254,0.004587135374727325,1,-0.015998870134353638,20,0.0451931034932371,61
2018-11-21,184.4245147705078,35206343.0,20.799999237060547,0.014870710912416207,0.00417939293182501,0.0019754153378381822,25.373085084114862,-3.9351770970086193,-3.30732571767132,-0.041758329281342044,-0.07036235933937562,-0.05217406443866002,-0.16634780316082642,0.02041008581527645,0.0,0.0,0,-0.015998870134353638,20,0.0451931034932371,61
2018-11-22,184.4245147705078,21929610.0,20.799999237060547,0.0,0.0,-0.003005733881683459,23.076927365549523,-4.128432965533278,-3.471547167243712,-0.04157558031469044,-0.06410251347287343,-0.04575170261835426,-0.16252372767848633,0.020444899892655955,0.02127647270632847,-0.0022829707163686264,0,-0.015998870134353638,20,0.0451931034932371,61
2018-11-23,184.00347900390625,14883334.0,21.520000457763672,-0.005805829297935383,-0.000415341003862868,-0.001685686154582755,23.80952380952381,-4.266383488174284,-3.6305144314298268,-0.05194812936862592,-0.07399585573622591,-0.0022777706327155034,-0.16888037124635502,0.020372476502446706,0.02127647270632847,0.020595078204791006,1,-0.015998870134353638,20,0.0451931034932371,61
2018-11-26,187.7930450439453,30599804.0,18.899999618530273,0.02447143717970479,0.019063108998094602,0.0035394584148009667,33.8029254529103,-4.023543062682791,-3.70912015768042,-0.033185964340087026,-0.05411250402687584,-0.011311963067100583,-0.1707777930205988,0.02036406732734041,0.010638814633420436,0.004483958786743125,1,-0.015998870134353638,20,0.0451931034932371,61
2018-11-27,188.63510131835938,26584349.0,19.020000457763672,-0.0010858670838960194,0.001963839670719336,-0.0017149782440062378,36.11107056591751,-3.720258547171426,-3.7113478355786214,0.004504729141243891,-0.03671685825431148,0.0022474660630424914,-0.158490570424079,0.020668979264545438,0.11111222959707125,0.011160867761007331,1,-0.015998870134353638,20,0.0451931034932371,61
2018-11-28,190.7404327392578,24429026.0,18.489999771118164,0.032880557916830755,0.022731044545304613,0.0014261839308038482,36.11107056591751,-3.2722996989108424,-3.623538208245066,0.027522812248363726,-0.01538482368959393,0.004483958786743125,-0.1466665617462729,0.020689482251062846,0.13333274277274637,0.011037277711490878,1,-0.015998870134353638,20,0.0451931034932371,61
2018-11-29,192.84568786621094,44383207.0,18.790000915527344,-0.002104532156947836,-0.00813666641620503,-0.005631790098801104,46.969588818155565,-2.71610304471713,-3.442051175539479,0.03424662917838961,-0.008752774618214443,-0.03205117930279211,-0.13878323407353554,0.02079810722151141,0.20238098319635886,-0.015283579680393067,0,-0.015998870134353638,20,0.0451931034932371,61
2018-11-30,189.8983154296875,55827957.0,18.06999969482422,-0.008963655454629627,0.014875941376909951,-0.0026039946418913162,41.66663730626539,-2.484501723180159,-3.2505412850676154,0.04566189644680474,-0.008658283025656632,-0.027601220890554612,-0.11067984816516963,0.02072379378591246,0.2619034060268772,0.04212877342996202,1,-0.015998870134353638,20,0.0451931034932371,61
2018-12-03,197.89849853515625,45333986.0,16.440000534057617,0.030326970176308032,0.02673444280504511,0.006200657033732515,59.03620717734037,-1.6365430415034723,-2.927741636354787,0.03203654875273365,-0.0022125793518410486,-0.046511645724440887,-0.1326923594239291,0.02072121854172969,0.20833343819127598,-0.004255607551145513,0,-0.015998870134353638,20,0.0451931034932371,61
2018-12-04,197.0563201904297,39746162.0,20.739999771118164,-0.03330773609983617,-0.04980594240365166,-0.008789566100466883,56.62647340953417,-1.0207202039685512,-2.5463373498775397,0.05381164935499161,0.0585587854012235,0.0,-0.07480308809963943,0.021616901784488725,0.5312512563297788,-0.03418772842441198,0,-0.015998870134353638,20,0.0451931034932371,61
2018-12-05,190.3194122314453,42835576.0,20.739999771118164,0.0,0.0,0.0061843254778857215,44.6808805931482,-1.064022943893292,-2.2498744686806904,0.0446429048104775,0.07339441534616165,-0.0021321482193038532,-0.06400014263646847,0.021506156500042624,0.6153832751884771,-0.026548947856262606,0,-0.015998870134353638,20,0.0451931034932371,61
2018-12-06,185.26663208007812,40149112.0,21.190000534057617,-0.0154910461297052,-0.005391342177925806,-0.0013658477038871464,43.749931580097716,-1.4888947556938774,-2.0976785260833277,-0.0022072955469700783,0.031963741199335205,-0.03418772842441198,-0.07186837123142908,0.021770566639527814,0.3076940767512102,0.004545351968276989,1,-0.015998870134353638,20,0.0451931034932371,61
2018-12-07,186.10873413085938,25063568.0,23.229999542236328,-0.009224221641460861,-0.037386806403315376,0.003647242120975669,48.888851307684966,-1.7376278377466292,-2.0256683884159883,-0.03930114212038216,0.004566189644680474,-0.06976754520175743,-0.09836079695367161,0.022100239465328658,0.07692264806031268,-0.009049652442250977,0,-0.015998870134353638,20,0.0451931034932371,61
2018-12-10,184.4245147705078,19433461.0,22.639999389648438,-0.002464164509662914,0.014103567150849594,0.003244658743021267,51.162788737747725,-2.047055838610902,-2.029945878454971,-0.019955844738555717,0.011441387621309307,-0.0432902385392977,-0.09426252942742919,0.022122504986185773,0.14633986812565186,0.015981705125038825,1,-0.015998870134353638,20,0.0451931034932371,61
2018-12-11,187.37193298339844,27375220.0,21.760000228881836,0.007411245915165843,0.006208568823004246,-0.001714084616079803,53.8461569094709,-2.0310352315519253,-2.030163749074362,-0.06808532588363636,-0.01793746021131526,-0.05399571128160552,-0.037362745016050636,0.01959380895108996,0.04878025066732663,0.01797761117273544,1,-0.015998870134353638,20,0.0451931034932371,61
2018-12-12,190.7404327392578,26433846.0,21.459999084472656,0.01852857000973085,0.014744256553886892,-0.003660895701826039,57.57578530687129,-1.726625542003518,-1.9694561076601933,-0.049145275815931866,-0.006696358875589614,-0.021978160264520374,-0.06118157444124184,0.018609835649835267,0.21951156994113383,-0.0022072955469700783,0,-0.015998870134353638,20,0.0451931034932371,61
2018-12-13,190.3194122314453,32087141.0,20.649999618530273,-0.001337650426597392,-0.0035950108482618592,-0.002601285181121571,57.57580638253557,-1.5020369591685494,-1.8759722779618646,0.002212178478675053,0.0,-0.008752774618214443,-0.017353811081960102,0.01837439454494016,0.4146343403630964,-0.015487013192655663,0,-0.015998870134353638,20,0.0451931034932371,61
2018-12-14,187.37193298339844,38646159.0,21.6299991607666,-0.02143047507604301,-0.014247582867952913,0.0013692318310958296,49.48447214714979,-1.5440865626700315,-1.8095951349034982,0.027273017783273623,-0.013099985085060606,-0.02164484473221895,-0.04641336565479748,0.017816594768735452,0.3902464247202531,0.0044944435110994,1,-0.015998870134353638,20,0.0451931034932371,61
2018-12-17,188.2140655517578,18938952.0,24.520000457763672,-0.008485919271497888,-0.012831497100600608,0.0035486769460812972,49.48456650946938,-1.4922563142317529,-1.7461273707691491,0.0067874238059717484,-0.01330386970823072,-0.015487013192655663,-0.06708603048811801,0.01791616132951468,0.2368412268965103,-0.004474333870269631,0,-0.015998870134353638,20,0.0451931034932371,61
2018-12-18,187.37193298339844,30203541.0,25.579999923706055,0.014908863865682909,0.012817666771116842,-0.003276555706520856,45.744660344640145,-1.5018214661878915,-1.6972661898528978,0.020547977507033632,-0.04893636412141866,0.006756767234902483,-0.054968343408473896,0.017905577367403044,0.2894734583448169,0.01348324909746701,1,-0.015998870134353638,20,0.0451931034932371,61
2018-12-19,189.8983154296875,23390082.0,25.579999923706055,-0.014418238412168827,-0.04239998349392371,-0.0017576114065950277,46.31585893992469,-1.2906659745272009,-1.6159461467877585,0.0,-0.049145275815931866,0.020642150744693666,-0.0572033314341156,0.017912254230737924,0.2368412268965103,-0.019955844738555717,0,-0.015998870134353638,20,0.0451931034932371,61
2018-12-20,186.10873413085938,35027116.0,28.3799991607666,-0.00966039914062855,-0.00860351919036706,0.0047603491387049335,45.36079662627845,-1.4128250977818766,-1.575321936986582,-0.0044149910822604,-0.0022125793518410486,0.029680439533709135,-0.04852325175214123,0.018037651759591135,0.40540567011621914,0.011312373009952914,1,-0.015998870134353638,20,0.0451931034932371,61
2018-12-21,188.2140655517578,43507532.0,30.110000610351562,-0.004737709856981853,-0.014717153645389058,-0.0034073060192211235,36.14457620909874,-1.3244865756130935,-1.5251548647118844,-0.02212427020037966,0.004545351968276989,0.009132296552046615,-0.039130725584666015,0.017726207857981433,0.16216030918646585,-0.015660006403023896,0,-0.015998870134353638,20,0.0451931034932371,61
2018-12-24,185.26663208007812,22976100.0,36.06999969482422,-0.011761356025774106,-0.02896605188694723,0.002735164357355213,34.0909586947095,-1.4753045166619927,-1.5151847951019062,0.0044944435110994,0.011312373009952914,0.022883189875785748,-0.02614383006763099,0.01782254100296191,0.2972971649418904,-0.011363544643167467,0,-0.015998870134353638,20,0.0451931034932371,61
2018-12-25,183.16134643554688,19402777.0,36.06999969482422,0.0,0.0,-0.00016233676746923997,38.9610291816387,-1.744597148481546,-1.5610672657778342,-0.015660006403023896,0.004566189644680474,-0.013453176411703516,0.0022780182792889736,0.016658684037120165,0.10810752574431784,-0.004597680274569527,0,-0.015998870134353638,20,0.0451931034932371,61
2018-12-26,182.31922912597656,16463259.0,30.40999984741211,0.041654788125586206,0.057705757574131766,0.0002922660143562794,44.77617106896468,-2.0028774043915973,-1.649429293500587,-0.022471810376341828,-0.022471810376341828,-0.02901768994506726,-0.01583691227108175,0.016718182133362017,0.0,0.03002325066977174,1,-0.015998870134353638,20,0.0451931034932371,61
2018-12-27,187.7930450439453,21491484.0,29.959999084472656,0.0005439019713571192,0.007417571239970444,0.00022727911721065475,52.564197271032334,-1.7457512364559022,-1.6686936820916503,-0.039911287715015065,-0.0441500708179321,-0.0441500708179321,-0.02696617245161026,0.01669366809667407,0.0,0.01121058761920346,1,-0.015998870134353638,20,0.0451931034932371,61
2018-12-28,189.8983154296875,29456773.0,28.34000015258789,0.00978819661147412,0.006915378766242375,-0.0012659727911508156,58.227839391408104,-1.3564627124418678,-1.606247488161694,0.009050144373673685,-0.01327435366618157,-0.026200444916201437,0.0,0.017343327268243808,0.325001698700381,0.0,0,-0.015998870134353638,20,0.0451931034932371,61
2018-12-31,189.8983154296875,29456773.0,25.420000076293945,-0.0061933134829232905,0.00679819836784934,-0.0069555270427590354,54.16668134673431,-1.0360063165626059,-1.4921992538418765,0.008948586669079273,0.01348324909746701,0.0,-0.03632466471425477,0.015618531187910125,0.44999977350661585,0.0,0,-0.015998870134353638,20,0.0451931034932371,61
2019-01-01,189.8983154296875,29456773.0,25.420000076293945,0.0,0.0,0.00039279408881109923,48.437513271044125,-0.7731301509413697,-1.3483854332617753,0.02500009471542297,0.008948586669079273,-0.040425688747949384,-0.04246295511219067,0.015578002694117004,0.44999977350661585,-0.02660773941646144,0,-0.015998870134353638,20,0.0451931034932371,61
2019-01-02,184.84555053710938,32900482.0,23.219999313354492,-0.010565989496352568,0.008769275948513178,-0.002093933657966396,41.33326633194965,-0.9614320051937568,-1.2709947476481718,0.03678160881237735,0.01348324909746701,-0.03632466471425477,-0.046511645724440887,0.015557459909617618,0.44999977350661585,-0.018222825452586466,0,-0.015998870134353638,20,0.0451931034932371,61
2019-01-03,181.47714233398438,34087620.0,25.450000762939453,-0.05914576528402893,-0.059443934290495326,0.008458782733720138,40.78957846075353,-1.3667103857810332,-1.290137875274744,0.013856582343199753,-0.02660773941646144,-0.02876144703347039,-0.06595779197247442,0.01603367655769565,0.14999750857277458,-0.03480299725408098,0,-0.015998870134353638,20,0.0451931034932371,61
2019-01-04,175.16119384765625,65943521.0,21.3799991607666,0.017753494888407717,0.04373049128167872,0.0033811271147159427,32.58431541328386,-2.1724974818937426,-1.4666097965985438,-0.03363225037691331,-0.024886482724762238,-0.020454248579721668,-0.081023100435895,0.016240110146264166,0.0,0.024038613985931656,1,-0.015998870134353638,20,0.0451931034932371,61
2019-01-07,179.371826171875,35442176.0,21.399999618530273,0.007434954935229499,0.019476231736831107,-0.0025920980284345196,40.206262597205125,-2.4431634546153873,-1.6619205282019127,-0.077605330772341,-0.06935120213166057,-0.058823355788909626,-0.11111100786625161,0.017016320319904667,0.0,-0.009389627429710057,0,-0.015998870134353638,20,0.0451931034932371,61
2019-01-08,177.68759155273438,22694481.0,20.469999313354492,-0.008231781454190568,-0.004878876949766187,0.0006496621447042994,34.7369095637831,-2.7617362694755627,-1.8818836764566427,-0.05543224137609626,-0.031817957945363906,-0.0273970551307684,-0.09936564232794054,0.017392347892958928,0.18518607997251213,0.021327042300110843,1,-0.015998870134353638,20,0.0451931034932371,61
2019-01-09,181.47714233398438,46295446.0,19.979999542236328,0.019175551081169973,0.02523796110453258,0.0004220526732385821,44.21062509441189,-2.67755722997029,-2.0410183871593723,-0.064301380711691,-0.02988488013074675,-0.05168512314767082,-0.0865799280037356,0.01711504869048126,0.11111245329210154,0.0023198803089405917,1,-0.015998870134353638,20,0.0451931034932371,61
2019-01-10,181.8981475830078,20754593.0,19.5,0.022746481442605493,0.00971564153653226,-0.0034073060192211235,41.75821987744055,-2.5475070540258855,-2.142316120532675,-0.018222825452586466,-0.00461874919079619,-0.0485649019048644,-0.06911423806136219,0.017480583491428198,0.2777791199587682,0.020833534311275992,1,-0.015998870134353638,20,0.0451931034932371,61
2019-01-11,185.68772888183594,28102288.0,18.190000534057617,0.0052170572869336684,0.009688708516644606,0.002214154053226114,50.537680917149565,-2.1142816894446526,-2.1367092343150706,0.0023198803089405917,-0.03139039286336742,-0.04424805935296028,-0.05054957745794586,0.01731137222917875,0.2962951778121376,-0.009070334846959516,0,-0.015998870134353638,20,0.0451931034932371,61
2019-01-14,184.00347900390625,17612296.0,19.06999969482422,-0.0232176024448274,-0.015465284872314466,0.00022742680513054836,51.086971078967004,-1.8851218448988618,-2.086391756431829,0.06009627362630887,-0.022172848338986917,-0.008988561278874818,-0.03501086058047009,0.017621410460407442,0.4629631866597947,0.011441387621309307,1,-0.015998870134353638,20,0.0451931034932371,61
2019-01-15,186.10873413085938,38882923.0,18.600000381469727,0.007830003509378347,0.0023026425398899875,0.0015591612027461288,54.73679632971669,-1.5161572061969366,-1.9723448463848507,0.02582151796566512,-0.031042068027000935,-0.02237126399404865,-0.05411250402687584,0.017569534985247055,0.3888888888888889,-0.01583691227108175,0,-0.015998870134353638,20,0.0451931034932371,61
2019-01-16,183.16134643554688,28978282.0,19.040000915527344,-0.01109889531006103,-0.00822041857747291,-0.00019460721509034773,43.820164785833384,-1.4449234483648468,-1.86686056678085,0.04739296933756765,-0.019955844738555717,-0.0067416652666489885,-0.02212427020037966,0.017369863230327322,0.4814792445131641,0.01379320743952972,1,-0.015998870134353638,20,0.0451931034932371,61
2019-01-17,185.68772888183594,21163986.0,18.059999465942383,0.018237869132523565,0.011430410489581044,-0.002043587879537845,44.44446234024143,-1.171112378013305,-1.7277109290273411,0.00928053020838826,-0.009111412726293233,-0.03547671804721764,-0.02027022008546675,0.017326908063418914,0.35185140445818835,-0.009070334846959516,0,-0.015998870134353638,20,0.0451931034932371,61
2019-01-18,184.00347900390625,49627569.0,17.799999237060547,0.015155428034593355,0.022960413458842588,0.0020152860682021156,42.55319805142234,-1.0775981407578001,-1.5976883713734331,0.020833534311275992,0.023201745926231032,-0.0022621466477087404,0.011468046228922502,0.017230357451042188,0.4629631866597947,0.011441387621309307,1,-0.015998870134353638,20,0.0451931034932371,61
2019-01-21,186.10873413085938,29384866.0,17.799999237060547,0.0,0.0,0.0008434481735375421,45.45449221080713,-0.8241110998375802,-1.4429729170662626,-0.009070334846959516,0.050480845454504264,-0.02237126399404865,-0.0022829707163686264,0.017278533953248642,0.3888888888888889,0.009050144373673685,1,-0.015998870134353638,20,0.0451931034932371,61
2019-01-22,187.7930450439453,28926483.0,20.799999237060547,-0.012757557304694411,-0.028469525253170702,0.0007454318651907155,53.84625187218227,-0.4817575778466505,-1.2507298492223402,0.011441387621309307,0.03755833958299015,0.004545351968276989,0.009132296552046615,0.017367025996982213,0.4814792445131641,-0.011210831378854924,0,-0.015998870134353638,20,0.0451931034932371,61
2019-01-23,185.68772888183594,16671213.0,19.520000457763672,0.003299328421487724,-0.006209387167866676,3.243159897792225e-05,55.681787764343305,-0.375987217961125,-1.0757813229700972,0.009050144373673685,0.05687202692604365,0.02528753308781928,0.020595078204791006,0.017412883558727037,0.5555562266460508,0.009070088323576142,1,-0.015998870134353638,20,0.0451931034932371,61
2019-01-24,187.37193298339844,26417924.0,18.889999389648438,0.03151549098289719,0.05730434318974331,-0.0006153773547433738,68.83117005360077,-0.15448148381832993,-0.8915213551397438,0.01379320743952972,0.023201745926231032,0.018475833690212884,-0.011210831378854924,0.017214066600680696,0.4629631866597947,0.015730633724678755,1,-0.015998870134353638,20,0.0451931034932371,61
2019-01-25,190.3194122314453,46692764.0,17.420000076293945,0.01328374884580974,0.021732021642068666,0.0005185283486786041,67.56759668579986,0.25594991723536964,-0.6620271006647211,0.009070088323576142,0.0300925846311475,-0.0022424262860657462,-0.006696358875589614,0.017258495754409756,0.5370354711592149,0.013273872618382532,1,-0.015998870134353638,20,0.0451931034932371,61
2019-01-28,192.84568786621094,26026257.0,18.8700008392334,-0.018353703797079457,-0.020887327930705468,-0.005376704128309484,73.68415280483124,0.7761224340281387,-0.3743971937261492,0.03432507505689597,0.02494340028552333,0.002217485714946843,-0.0022072955469700783,0.01734485693972373,0.6666673377571619,-0.028384118635880418,0,-0.015998870134353638,20,0.0451931034932371,61
2019-01-29,187.37193298339844,41122520.0,19.1299991607666,-0.02964718243839226,-0.014469088058684076,0.0026051818167589502,58.74995073748811,0.7381674928975315,-0.1518842564014131,0.03619901971185602,0.04805457434920002,0.015520792956242646,0.0,0.01738266597361408,0.7777744223253017,-0.0067416652666489885,0,-0.015998870134353638,20,0.0451931034932371,61
2019-01-30,186.10873413085938,44755945.0,17.65999984741211,0.028901727343960237,0.028723971498988865,-0.00022736031759573727,56.09754480710461,0.5992505508644683,-0.0016572949482368134,-0.0022424262860657462,0.0067874238059717484,-0.01330386970823072,-0.01330386970823072,0.017779330591397663,0.5370354711592149,0.0,0,-0.015998870134353638,20,0.0451931034932371,61
2019-01-31,186.10873413085938,44755945.0,16.56999969482422,0.006420303284117246,0.0002594483645921297,-0.001884297596453255,50.684843782345226,0.4835834247603259,0.09539084899347573,0.0022672755575106063,0.0160917559991276,0.006833724642435479,-0.05957480471840193,0.01649683505740522,0.49999895464482663,0.0,0,-0.015998870134353638,20,0.0451931034932371,61
2019-02-01,186.10873413085938,44755945.0,16.139999389648438,-0.0013285226744641498,0.012035358351307535,-0.0012042687658697648,53.623119900925516,0.38745011029402576,0.15380270125358575,-0.0067416652666489885,0.0022672755575106063,0.025521626235171624,-0.055555620083592716,0.016491483303425473,0.6190474136108669,0.0,0,-0.015998870134353638,20,0.0451931034932371,61
2019-02-04,186.10873413085938,44755945.0,15.729999542236328,0.00984783625207486,0.005033385385944333,0.002509276616015743,50.0,0.30771660055211214,0.18458548111329104,-0.02212427020037966,0.011441387621309307,0.06249980399610999,-0.02212427020037966,0.015647002481907608,0.6190474136108669,0.0,0,-0.015998870134353638,20,0.0451931034932371,61
2019-02-05,186.10873413085938,44755945.0,15.569999694824219,0.008170785616192111,0.004830432479375091,0.00045509016489386767,56.14028172309351,0.24174058465115422,0.1960165018208637,-0.034934427675797464,0.0,0.03755833958299015,0.004545351968276989,0.015091801105882362,0.6190474136108669,0.0,0,-0.015998870134353638,20,0.0451931034932371,61
2019-02-06,186.10873413085938,44755945.0,15.380000114440918,0.012810694087692198,0.025866647763308714,-0.0015596170850641355,50.98026536907307,0.18729509544496636,0.19427222054568424,-0.0067416652666489885,-0.008968973865308927,0.04739296933756765,0.0,0.01507631272921165,0.6190474136108669,0.0,0,-0.015998870134353638,20,0.0451931034932371,61
2019-02-07,186.10873413085938,44755945.0,16.3700008392334,-0.016004221644656647,-0.022372814900602833,0.001887486231325175,55.31904230252039,0.14250395609033717,0.18391856765461484,0.0,0.0022672755575106063,0.025521626235171624,0.009132296552046615,0.015006701532748436,0.6190474136108669,0.0,0,-0.015998870134353638,20,0.0451931034932371,61
2019-02-08,186.10873413085938,44755945.0,15.720000267028809,-0.008656876048730777,-0.0011503772849916771,0.0006821030954531349,50.0,0.10578720638412165,0.1682922954005162,0.0,-0.0067416652666489885,0.023148045231907055,-0.0067416652666489885,0.014801276997463104,0.6190474136108669,0.031674316473586206,1,-0.015998870134353638,20,0.0451931034932371,61
2019-02-11,192.00360107421875,78307106.0,15.970000267028809,0.013230903383492532,0.004959967383434405,0.0003894809799120935,59.61529482193046,0.5460607659832988,0.24384598951707273,0.0,-0.02212427020037966,0.0022672755575106063,-0.02428273094425648,0.014524465439022893,0.6190474136108669,0.008772129200101508,1,-0.015998870134353638,20,0.0451931034932371,61
2019-02-12,193.68788146972656,29406670.0,15.430000305175781,0.009140902991657374,0.021270067322026964,0.0018494845702796692,68.62748023909207,1.0191400733908722,0.39890480629183267,0.031674316473586206,-0.004366635320237955,0.043478102227309856,0.00884927513713274,0.01534408292848013,0.9523827602243714,-0.004348199779588446,0,-0.015998870134353638,20,0.0451931034932371,61
2019-02-13,192.84568786621094,28634925.0,15.649999618530273,-0.013198425355977261,0.0029849110672568457,-0.002752890164037458,63.26517481152128,1.3109885871945437,0.5813215624723749,0.04072429687011914,0.03370808202575204,0.04072429687011914,0.03370808202575204,0.01519018241005166,1.0,-0.00873327064047602,0,-0.015998870134353638,20,0.0451931034932371,61
2019-02-14,191.16151428222656,23647751.0,16.219999313354492,-0.0018362264309399468,0.0025359880310615868,0.001948540734579396,52.17386851538188,1.3903547598317516,0.7431282019442502,0.03619901971185602,0.03619901971185602,0.05287328150359438,0.024608268786263876,0.015200458783542132,0.9545415985471497,0.0,0,-0.015998870134353638,20,0.0451931034932371,61
2019-02-15,191.16151428222656,22369799.0,14.90999984741211,0.0007884858040827503,0.005260037077639668,-0.0010048015703911783,45.0002174330578,1.4366917354326176,0.8818409086419238,0.027149613235316616,0.027149613235316616,0.029478444447311514,0.020224914364115998,0.015249888934370508,0.8636363261994869,0.013215877667563047,1,-0.015998870134353638,20,0.0451931034932371,61
2019-02-18,193.68788146972656,16978916.0,14.90999984741211,0.0,0.0,-0.0002919720677166948,72.72728271039327,1.6581566431206909,1.0371040555376771,0.027149613235316616,0.027149613235316616,0.03890163010541969,0.006651975030325108,0.015113166612435348,0.8636363261994869,-0.004348199779588446,0,-0.015998870134353638,20,0.0451931034932371,61
2019-02-19,192.84568786621094,16577023.0,14.880000114440918,0.009713630597419698,-0.00199089933956198,0.00019474616205816808,74.99968857477093,1.7455891278594322,1.1788010700020282,0.008772129200101508,0.04072429687011914,0.04072429687011914,0.04072429687011914,0.014895627883981747,1.0,0.024017562439989204,1,-0.015998870134353638,20,0.0451931034932371,61
2019-02-20,197.4773712158203,30479710.0,14.020000457763672,0.014040481799935334,0.008743141697663548,-0.0012655416912062956,81.39508621002057,2.163676622391563,1.375776180479935,-0.004348199779588446,0.03619901971185602,0.02690537778480162,0.024608268786263876,0.014828567805124959,0.9545415985471497,0.00852897921993856,1,-0.015998870134353638,20,0.0451931034932371,61
2019-02-21,199.16165161132812,33764489.0,14.460000038146973,-0.0005127199500926105,-0.007373503308770513,0.00042238177214426464,82.97850357759684,2.6009393163544985,1.620808807654848,0.024017562439989204,0.061085994368041074,0.06349176870748852,0.06590900368105324,0.015024370504744903,1.0,0.0,0,-0.015998870134353638,20,0.0451931034932371,61
2019-02-22,199.16165161132812,22032163.0,13.510000228881836,0.010518502897476134,0.010760991888076221,0.00022733078475090096,82.97850357759684,2.91388371400231,1.8794237889243404,0.041850146244867714,0.070135974764574,0.062921476232912,0.08735634175637408,0.014917904783194397,1.0,0.006342350879058545,1,-0.015998870134353638,20,0.0451931034932371,61
2019-02-25,200.4248046875,24105138.0,14.850000381469727,0.0048232360075912695,0.008184411872405928,-0.0016883680034105453,83.99976227439623,3.2266257670791276,2.148864184555298,0.041850146244867714,0.070135974764574,0.046459997307735756,0.0923787499875508,0.014884353946540132,1.0,0.006302607376909464,1,-0.015998870134353638,20,0.0451931034932371,61
2019-02-26,201.68800354003906,24522789.0,15.170000076293945,0.0005052065883639489,-0.00680983716682948,-0.0003902536946777113,84.90544106194278,3.535648927759752,2.4262211331961887,0.034782368244481,0.0438596128727089,0.0393014586177689,0.06726425699417526,0.014239800724172665,1.0,-0.002087862413067243,0,-0.015998870134353638,20,0.0451931034932371,61
2019-02-27,201.26690673828125,35240889.0,14.699999809265137,-0.0037875314140584093,-0.012227576486444014,0.0005856401070571948,83.33299779078789,3.7038770275515276,2.6817523120672564,0.04585176765768595,0.041304195232074514,0.07640456245871707,0.062084216406421255,0.014179442951284786,1.0,0.0,0,-0.015998870134353638,20,0.0451931034932371,61
2019-02-28,201.26690673828125,35240889.0,14.779999732971191,-0.010139919598947,0.00024443543147190105,0.0007804171184677688,83.33299779078789,3.793470245023144,2.904095898658434,0.019189720316457937,0.0436681730623536,0.08144793783167459,0.05986673069147441,0.014188607168471996,0.9841256145521815,0.0,0,-0.015998870134353638,20,0.0451931034932371,61
2019-03-01,201.26690673828125,35240889.0,13.569999694824219,0.008707371081041693,0.00957639918422104,0.0015596170850642466,77.49959684652445,3.820433931133124,3.0873635051533723,0.010570584798430982,0.05286311156300694,0.08144793783167459,0.05986673069147441,0.014188607168471996,0.9841256145521815,-0.014644022832660641,0,-0.015998870134353638,20,0.0451931034932371,61
2019-03-04,198.31954956054688,39655513.0,14.630000114440918,-0.006093082323714305,8.802910709748701e-05,0.00038926617849277534,62.79063691717759,3.5629048057175794,3.182471765266214,0.010570584798430982,0.05286311156300694,0.08144793783167459,0.08883825525394595,0.01348005867553352,0.9841256145521815,-0.010616008069511018,0,-0.015998870134353638,20,0.0451931034932371,61
2019-03-05,196.2141876220703,22641407.0,14.739999771118164,-0.003320309889497053,-0.004657968520768385,3.241076262461284e-05,58.69565559912964,3.152584968140701,3.1764944058411118,-0.010503964966989021,0.023913050499983157,0.0656111895377336,0.09280732002913239,0.013359118176936654,0.8730169960672112,0.004291904569008187,1,-0.015998870134353638,20,0.0451931034932371,61
2019-03-06,197.0563201904297,20433226.0,15.739999771118164,-0.005894916418289542,-0.017009416839657288,-0.0002594013988006516,65.90884008387596,2.862361084117481,3.1136677414963856,-0.027140017362917157,0.017467332524418788,0.054298652550639925,0.12019211168841748,0.012195646768657642,0.771928251862335,0.0,0,-0.015998870134353638,20,0.0451931034932371,61
2019-03-07,197.0563201904297,17126192.0,16.59000015258789,-0.004124196303442629,-0.01104345493537684,-3.241812150722723e-05,65.90884008387596,2.6023581996649057,3.0114058331300897,-0.02092041168659098,-0.0021321482193038532,0.05882360175462109,0.0985912581478059,0.011727698249641138,0.8070165065474976,-0.017093786778561326,0,-0.015998870134353638,20,0.0451931034932371,61
2019-03-08,193.68788146972656,22190659.0,16.049999237060547,-0.011131545418286759,-0.0006671302986261951,0.0025300565634129857,50.0,2.1002883700273003,2.829182340509532,-0.02092041168659098,-0.010570967873911208,0.05882360175462109,0.10900439624647085,0.011587929071856212,0.7708319649327049,0.0021740211094960493,1,-0.015998870134353638,20,0.0451931034932371,61
2019-03-11,194.1089630126953,23200793.0,14.329999923706055,0.011518170505217862,0.02402503765241537,-0.000517644564185904,53.333569556807184,1.7165844571289028,2.6066627638334063,-0.03765658940846206,-0.027484056781592936,0.04072429687011914,0.06728527338870016,0.011584513558699171,0.5957463213636939,0.021691870805451652,1,-0.015998870134353638,20,0.0451931034932371,61
2019-03-12,198.31954956054688,23588085.0,13.770000457763672,0.006728615813549332,0.0038818192842480226,0.0006798066731081853,52.27287889207809,1.7322867632949226,2.4317875637257096,-0.02123132367525915,-0.03151227556216041,0.010965221103653944,0.06712996032087237,0.01158431957168999,0.5909115991839646,0.00636935863236876,1,-0.015998870134353638,20,0.0451931034932371,61
2019-03-13,199.5827178955078,20500195.0,13.40999984741211,0.007969141622019338,0.004169390485285973,-0.0008087967568657373,51.16280833699234,1.8256135454071512,2.310552760061998,0.010729916954484997,-0.01670131054087942,0.023913050499983157,0.06802722374158243,0.011619756632080872,0.8181833905332315,-0.010548742405591227,0,-0.015998870134353638,20,0.0451931034932371,61
2019-03-14,197.4773712158203,17175356.0,13.5,-0.009946146474198891,-0.00566588095478171,0.0002914099281801086,45.833242106900265,1.7099802230937087,2.1904382526683404,0.0128206885353217,-0.008367937233533795,0.03493482329753084,0.08466817571025831,0.01151662046317474,0.8863645161316891,0.019189720316457937,1,-0.015998870134353638,20,0.0451931034932371,61
2019-03-15,201.26690673828125,33649729.0,12.880000114440918,0.021380739327516496,0.029045219765527097,0.0005502394618925877,51.8518071124855,1.902196491185805,2.1327899003718334,0.0021367039889090833,-0.018828408424782395,0.03303937488311148,0.061085994368041074,0.011576702538963007,0.7727257378127977,0.008368467929439793,1,-0.015998870134353638,20,0.0451931034932371,61
2019-03-18,202.95120239257812,26856532.0,13.100000381469727,0.005043709896499937,-0.002578331651355237,-0.0007763778269256338,52.727301478741964,2.1654755968293955,2.1393270396633457,0.0391300953422804,0.0,0.05286311156300694,0.09885033417302158,0.01156056046729086,0.9761884012828599,-0.002074641689366108,0,-0.015998870134353638,20,0.0451931034932371,61
2019-03-19,202.5301513671875,14479009.0,13.5600004196167,-0.0022579707129335436,0.013378713389103014,-0.004014391840507114,52.727405703080834,2.31348249983148,2.1741581316969727,0.045552967996148164,0.023354494512993984,0.04782602221966803,0.09297045967818351,0.011459015672786323,1.0,0.006236788986014874,1,-0.015998870134353638,20,0.0451931034932371,61
2019-03-20,203.7932891845703,22975971.0,13.90999984741211,0.002263080682836316,-0.010189338877376386,0.0008126613481200806,55.172456883436105,2.5038409819196943,2.240094701741517,0.0212314006156773,0.032189128735595984,0.050218719475310536,0.1006865330132587,0.011341697259133752,0.9756102950470178,0.014462933211698337,1,-0.015998870134353638,20,0.0451931034932371,61
2019-03-21,206.74073791503906,26179502.0,13.630000114440918,0.029862361315043717,0.035046371488225425,-0.0014615159128251731,60.000078053088366,2.859572557702336,2.363990272933681,0.021096873183513498,0.0341880381589903,0.0319829959750042,0.09502270345504749,0.011268129412435709,1.0,0.012219977605662846,1,-0.015998870134353638,20,0.0451931034932371,61
2019-03-22,209.26710510253906,22931467.0,16.479999542236328,-0.014863409439955788,-0.02875509748108429,0.0015611783065387907,70.31240710258592,3.3072254761052307,2.552637313567991,0.046908497121399106,0.04914543068322108,0.03805494804040799,0.10089666987752288,0.01137850156009209,1.0,-0.028168885712371194,0,-0.015998870134353638,20,0.0451931034932371,61
2019-03-25,203.37228393554688,19211254.0,16.329999923706055,-0.012614627901939679,-0.012582385497136417,0.002435643319045555,61.64394782186519,3.1500193734858613,2.672113725551565,0.03974919917987774,0.0804346844758459,0.05073995625890948,0.126984030461744,0.011271080851866224,1.0,0.010351880815767656,1,-0.015998870134353638,20,0.0451931034932371,61
2019-03-26,205.47756958007812,19920170.0,14.680000305175781,0.0120241540681707,0.010124751401193288,-0.0016845939395152554,63.157970025591396,3.1588975567696025,2.7694704917951727,0.002074792058409436,0.0477222729907929,0.014706160011694003,0.08539353091674684,0.012201184890497447,0.7454561387672324,-0.01024581733584684,0,-0.015998870134353638,20,0.0451931034932371,61
2019-03-27,203.37228393554688,22590089.0,15.149999618530273,-0.00495051971102578,-0.014512274588330043,0.0007463887971987937,59.259355366347215,2.961911551439357,2.80795870372401,0.014552984792604695,0.03609336565856758,0.018789248609359044,0.07964588147318974,0.012081466633388981,0.8363643311917254,0.0020701210650555524,1,-0.015998870134353638,20,0.0451931034932371,61
2019-03-28,203.7932891845703,13933054.0,14.430000305175781,0.0034824598702738463,-0.0019469455993921247,0.0013943145562258508,66.21617650947748,2.807408273094836,2.807848617598175,-0.0020658445168042494,0.018987445806921466,0.010460622818650345,0.054585592168588715,0.012086379117984717,0.7454561387672324,0.014462933211698337,1,-0.015998870134353638,20,0.0451931034932371,61
2019-03-29,206.74073791503906,28220810.0,13.710000038146973,0.01536956128400524,0.015802853520072935,-0.001003825443939399,68.74997168827568,2.8894895546219175,2.824176805002924,-0.014256738948469905,0.0319829959750042,0.01255239863935631,0.08764042692897256,0.011135946985877908,0.7636355370305336,0.0,0,-0.015998870134353638,20,0.0451931034932371,61
2019-04-01,206.74073791503906,35330656.0,13.399999618530273,0.010009711296922186,0.024886944719646253,-0.00038893813212881323,64.28569579643212,2.9208695950819106,2.8435153630187213,-0.012072452506389442,0.0271968763542223,0.0271968763542223,0.11085994368041119,0.011207498509839915,0.8909091148686802,0.0020366875364095094,1,-0.015998870134353638,20,0.0451931034932371,61
2019-04-02,207.16180419921875,24105053.0,13.359999656677246,-0.0024173847596328235,0.0009718751104208501,-0.0007134234566210651,63.235298036220854,2.9457581668859234,2.863963923792162,0.016562994299457845,0.018672151126903236,0.04246272429093634,0.11085994368041119,0.011207498509839915,0.8909091148686802,0.002032400558727776,1,-0.015998870134353638,20,0.0451931034932371,61
2019-04-03,207.5828399658203,24945323.0,13.739999771118164,0.01259997325449258,0.02274326216437661,0.00038942914032902287,68.75009201324991,2.9652747653001654,2.884226092093763,0.008196683572725627,0.02286895457671423,0.05579421503522841,0.11312241828240177,0.011200522570424,0.9090911486868019,0.0,0,-0.015998870134353638,20,0.0451931034932371,61
2019-04-04,207.5828399658203,24945323.0,13.579999923706055,0.005982135891242191,0.001161101571668155,-0.001329928495307997,63.63646546515482,2.9467732425158886,2.8967355221781883,0.02070368660268307,0.01859507148843309,0.053418838661039025,0.11538472890725138,0.011193332962417547,0.9272718647275133,0.0,0,-0.015998870134353638,20,0.0451931034932371,61
2019-04-05,207.5828399658203,24945323.0,12.819999694824219,0.004519736626537041,0.008022436641295538,0.00016237367640825617,60.784315118768546,2.898696286003826,2.897127674943316,0.01859507148843309,0.0040732274600243645,0.053418838661039025,0.11538472890725138,0.011193332962417547,0.9272718647275133,0.026369161349232506,1,-0.015998870134353638,20,0.0451931034932371,61
2019-04-08,213.05662536621094,45184821.0,13.180000305175781,0.0037886678650240757,0.002524265155566141,-0.000129890240578745,69.84128992845939,3.2646508245397285,2.970632304862599,0.0040732274600243645,-0.008048398891423836,0.07173891515905462,0.11538472890725138,0.011193332962417547,0.9272718647275133,0.0039527664745930835,1,-0.015998870134353638,20,0.0451931034932371,61
2019-04-09,213.89878845214844,22355674.0,14.279999732971191,-0.004246190419368023,-0.011381269691767115,0.0006171362289506543,69.35495749516033,3.5813444462077086,3.092774733131621,0.03054979640136235,0.04761878680446574,0.0976135365386317,0.14479648879027662,0.01176516318031395,1.0,0.0,0,-0.015998870134353638,20,0.0451931034932371,61
2019-04-10,213.89878845214844,25849934.0,13.300000190734863,0.003790357110275755,0.008630824078788013,0.00029209525722873053,65.45463530341965,3.788653187443799,3.231950423994057,0.03252039766196968,0.04098364064398963,0.07855624383034021,0.14932160197139877,0.011753989846144954,1.0,-0.007874264583194068,0,-0.015998870134353638,20,0.0451931034932371,61
2019-04-11,212.21449279785156,24896840.0,13.020000457763672,-0.006372398447486605,-0.000737961944137222,0.0006814391028324707,56.603697468878934,3.773539263711143,3.3402681919374744,0.030426158960769945,0.051759779223100155,0.07173001103299859,0.11403529546024571,0.010878235710827711,1.0,0.0,0,-0.015998870134353638,20,0.0451931034932371,61
2019-04-12,212.21449279785156,13548148.0,12.010000228881836,0.011401740091147694,0.014260874886753205,0.0004539833731991294,76.92286963931124,3.718694574020759,3.4159534683541315,0.022312310751668507,0.041322281253600934,0.07462688758361713,0.09565188687873949,0.01095207389942241,0.9259235895336586,0.01388893582535533,1,-0.015998870134353638,20,0.0451931034932371,61
2019-04-15,215.16192626953125,17192002.0,12.319999694824219,0.0007047854406243559,-0.0075478577969566585,-0.000713061054137154,78.04861664760443,3.8684697000779806,3.5064567146989014,0.022312310751668507,0.02647642132854311,0.05439337363994001,0.10043680595584781,0.01090878387936124,0.9259235895336586,0.00587092184216953,1,-0.015998870134353638,20,0.0451931034932371,61
2019-04-16,216.4251251220703,19652648.0,12.180000305175781,0.009387197137332493,0.03190159381858293,0.0007784679826814411,89.7433086011364,4.04249775915639,3.6136649235903993,0.00988141485720817,0.04073308647061569,0.06016581194396342,0.12555043873460336,0.010907224227777774,1.0,0.017509472358888,1,-0.015998870134353638,20,0.0451931034932371,61
2019-04-17,220.21461486816406,37864191.0,12.600000381469727,0.032085295140064085,0.015562010544788674,0.00029172159757351324,91.48912218802238,4.43507165687879,3.7779462702480777,0.011810897519352048,0.04471539026539584,0.06860693907096915,0.13215845738983378,0.01090706131752658,1.0,0.011472780771321522,1,-0.015998870134353638,20,0.0451931034932371,61
2019-04-18,222.7410888671875,38006795.0,12.09000015258789,0.022753097378122478,0.0006743705254452781,-0.0032725832438719182,91.30414231390075,4.893643757217262,4.001085767641915,0.02952717246188863,0.06085172986564613,0.08057834362112581,0.136956082110814,0.011024465729729883,1.0,0.0,0,-0.015998870134353638,20,0.0451931034932371,61
2019-04-19,222.7410888671875,44658699.0,12.09000015258789,0.0,0.0,0.0018854614854391105,91.30414231390075,5.197155872784805,4.240299788670494,0.04960356821323808,0.07302264919327195,0.07739331451319398,0.15502239812443652,0.011033351070839028,1.0,0.005670879242832383,1,-0.015998870134353638,20,0.0451931034932371,61
2019-04-22,224.0042266845703,24967393.0,12.420000076293945,-0.005506758733630712,0.00010270913157817141,-0.0004218198705379095,91.66644646592916,5.476486548501782,4.487537140636752,0.04960356821323808,0.07302264919327195,0.06438653489303214,0.12793221570565083,0.010555906998944454,1.0,0.00751869455893428,1,-0.015998870134353638,20,0.0451931034932371,61
2019-04-23,225.68844604492188,25336847.0,12.279999732971191,0.005980132065913635,0.010113656232511481,0.0010712158566197338,92.15665375572092,5.767278946558747,4.743485501821151,0.041096027388983325,0.05138352914180522,0.10144913726573557,0.12473573538003913,0.010528073851755346,1.0,0.003731394243335684,1,-0.015998870134353638,20,0.0451931034932371,61
2019-04-24,226.53057861328125,26449755.0,13.140000343322754,-0.0002201733757019042,0.009510479488419099,0.00045395392009006663,92.45263151417106,5.996562438278147,4.99410088911255,0.042801504296817505,0.05511792599709331,0.09836049991318996,0.13319227983388005,0.010542226509558668,1.0,-0.005576014616283542,0,-0.015998870134353638,20,0.0451931034932371,61
2019-04-25,225.26744079589844,32386724.0,13.25,-0.020480140784409406,-0.018061492548504088,0.002268739697170785,87.5,6.00710047697612,5.196700806685264,0.028680947215507846,0.05905498695219902,0.11387143926196819,0.13025221088021044,0.01052994382173076,1.0,-0.028037488263834565,0,-0.015998870134353638,20,0.0451931034932371,61
2019-04-26,218.95150756835938,47518804.0,12.729999542236328,-0.012140320592704978,-0.008280302963329822,-3.231957995397661e-05,62.06898490779415,5.4430646603463515,5.245973577417482,0.01134210100866162,0.061508277902964315,0.10537222151549619,0.11691045992816518,0.010597656515514295,0.9615397659984604,-0.001923102922907427,0,-0.015998870134353638,20,0.0451931034932371,61
2019-04-29,218.5304412841797,31126618.0,13.109999656677246,-0.0025031774465066325,-0.0019129397448041097,-0.0006791031988906404,59.64906815317967,4.905537696894498,5.177886401312886,-0.017013391279090517,0.031746252019296595,0.059063200491904944,0.08786641140699003,0.011592767878240902,0.7692311623557003,-0.0019267385491757993,0,-0.015998870134353638,20,0.0451931034932371,61
2019-04-30,218.10939025878906,33799419.0,13.119999885559082,-0.0002283645506381271,0.0076015337274932815,-0.0003236110524746927,58.62066164654369,4.394906658581732,5.021290452766656,-0.024436080878502797,0.015655720661418293,0.05702651295549521,0.08577433233148057,0.011604946651332864,0.7564104648855987,0.0,0,-0.015998870134353638,20,0.0451931034932371,61
2019-05-01,218.10939025878906,33799419.0,14.800000190734863,0.0,-0.008161056435534109,-0.0001618887764832655,62.96306984048157,3.944755199406984,4.805983402094721,-0.03358193970029044,0.0077822070601496485,0.052845581751366,0.08368232906967199,0.011616957599352412,0.7435902320176884,0.0,0,-0.015998870134353638,20,0.0451931034932371,61
2019-05-02,218.10939025878906,27091394.0,14.420000076293945,0.013236330055822254,0.011098300657978122,0.0006475364498612635,62.96306984048157,3.5471179570403706,4.554210313083852,-0.037174620777658096,-0.009559876898430852,0.05071011792064328,0.09978764444601751,0.01132181165660311,0.7435902320176884,0.023166126079184002,1,-0.015998870134353638,20,0.0451931034932371,61
2019-05-03,223.16213989257812,29840246.0,12.869999885559082,0.006981768952523115,0.006465398731919203,-0.0005500436338327086,66.10181047169556,3.598224157231556,4.363013081913393,-0.03177578842205986,-0.020794091615311094,0.05071011792064328,0.11158827453849196,0.011142828114631796,0.7435902320176884,-0.022641607739651848,0,-0.015998870134353638,20,0.0451931034932371,61
2019-05-06,218.10939025878906,32823187.0,15.4399995803833,-0.021248125165426623,-0.017170670109846964,0.00016189926235199437,52.9412140888365,3.194190877110657,4.129248640952846,0.01923088984853938,0.0018903159158105698,0.07505100098506712,0.13247897695907707,0.011585251892703565,0.8974372078523346,0.013513136300313588,1,-0.015998870134353638,20,0.0451931034932371,61
2019-05-07,221.05673217773438,25686126.0,19.31999969482422,0.0,-0.024233534784579347,0.0004854956927073939,51.51514485969763,3.0763551454547553,3.9186699418532283,-0.0019267385491757993,-0.02631573748865912,0.023715596189009425,0.10683783218936749,0.012238166055856457,0.7435902320176884,-0.00952345847437186,0,-0.015998870134353638,20,0.0451931034932371,61
2019-05-08,218.95150756835938,25542364.0,19.399999618530273,-0.0013712550719421346,-0.007860193214251132,0.0008735175470522272,43.07680814077312,2.781037379501214,3.6911434293828256,0.013513136300313588,-0.02052260072837575,0.03346416208050318,0.14130388798891147,0.011951299656990018,0.8311667591466988,-0.013461720460351656,0,-0.015998870134353638,20,0.0451931034932371,61
2019-05-09,216.00404357910156,33587574.0,19.100000381469727,-0.010297255668531013,-0.011830156222688015,0.00025857129311179783,38.88870713402385,2.2828449953005077,3.409483742566362,0.0038609860335272472,-0.033457165435755054,0.023622009048177794,0.12798247010386277,0.01211153569645996,0.7391313481765791,-0.0019489912469171644,0,-0.015998870134353638,20,0.0451931034932371,61
2019-05-10,215.5830535888672,18617212.0,16.040000915527344,-0.009711041954162392,0.001401642890454191,0.0018420137163916994,35.71426352704374,1.8329247521012064,3.094171944473331,-0.00965270994150913,-0.041121775894768064,0.01785717238859741,0.08917171331692453,0.011998425181927893,0.6376807940627017,-0.02148466240212743,0,-0.015998870134353638,20,0.0451931034932371,61
2019-05-13,210.95132446289062,28284535.0,20.549999237060547,-0.0429603640151307,-0.047279371531080305,-0.0020966560983813887,27.272658816442174,1.0900524403759562,2.693348043653856,-0.03396224067110676,-0.015384474931923076,0.01587337766900032,0.08016894379470463,0.011994992947951257,0.623190483768384,-0.007983924085993799,0,-0.015998870134353638,20,0.0451931034932371,61
2019-05-14,209.26710510253906,45055708.0,18.059999465942383,0.023908049588908575,0.024046279894210043,0.00543036707135891,24.050547554160232,0.3612540427241129,2.2269292434679073,-0.03281869610201249,-0.03468220160427482,-0.019569455803096103,0.06823036565716079,0.012384369929927412,0.3833337359876305,0.0020120997228558757,1,-0.015998870134353638,20,0.0451931034932371,61
2019-05-15,209.68817138671875,36825479.0,16.440000534057617,0.0,0.008088301671545173,0.0010930846239798342,25.9739239008632,-0.1802693748488764,1.7454895198045506,-0.053333037899593094,-0.04054059820972644,-0.0330738864791873,0.03974919917987774,0.012153237969291894,0.28070140861546755,-0.008032164460166413,0,-0.015998870134353638,20,0.0451931034932371,61
2019-05-16,208.00392150878906,29713519.0,15.289999961853027,-0.010483860483444851,-0.016768659091397353,-0.0019589846846134185,30.302942117975732,-0.7368416224705356,1.2490232913495334,-0.04230770678182472,-0.03861007021329277,-0.04780083959344472,0.033195018875074256,0.01209870744524325,0.29824552480399164,-0.02226706852277538,0,-0.015998870134353638,20,0.0451931034932371,61
2019-05-17,203.37228393554688,38647856.0,15.960000038146973,-0.030820976989615723,-0.01964882133105983,0.0034751821886847,26.31572924251246,-1.5339808066781018,0.6924224717440064,-0.03703690883630528,-0.04633211223968736,-0.06616276966835555,0.027026939468768774,0.01216854786310212,0.19999907755277385,-0.014493023292106999,0,-0.015998870134353638,20,0.0451931034932371,61
2019-05-20,200.4248046875,39157661.0,16.309999465942383,-0.039502749661875836,-0.040249394310937214,0.005771769161526219,24.390135034504397,-2.3761653405119603,0.07870490929281307,-0.0566406749048427,-0.08867927134305731,-0.086956587265269,-0.0020658445168042494,0.01263844074816548,0.0,-0.016806724608375734,0,-0.015998870134353638,20,0.0451931034932371,61
2019-05-21,197.0563201904297,80042775.0,14.949999809265137,0.016554218632019113,0.021277074434697507,0.0004463412393096444,22.22211932134816,-3.2776287347006416,-0.5925618195058778,-0.049900230786379285,-0.08108126637879332,-0.10526329054618011,-0.030550017820554665,0.012621627227551226,0.0,0.01709401907949526,1,-0.015998870134353638,20,0.0451931034932371,61
2019-05-22,200.4248046875,34622034.0,14.75,-0.010178169750267418,-0.021226684934738782,0.0,28.571344048983292,-3.6778405653135167,-1.2096175686674058,-0.05835023572446418,-0.10857127829071422,-0.12686571402416025,-0.05835023572446418,0.012693632897717997,0.0,-0.033613220820035594,0,-0.015998870134353638,20,0.0451931034932371,61
2019-05-23,193.68788146972656,58752627.0,16.920000076293945,-0.021336544873416297,-0.016505139324819673,0.00232632110184694,15.686145631968245,-4.486902506210811,-1.8650745561760869,-0.04417686814643795,-0.08461555294418377,-0.11524172182664749,-0.014493023292106999,0.012275845351937103,0.11428564032873875,0.013043181293397543,1,-0.015998870134353638,20,0.0451931034932371,61
2019-05-24,196.2141876220703,36000789.0,15.850000381469727,0.003414855750304424,-0.008217165642139368,0.001939427898484114,22.916457473754946,-4.8681214562286925,-2.465683936186608,-0.06882581797121357,-0.10331363126173487,-0.1401869671648831,-0.0573770077894411,0.013188257438677568,0.0,-0.008583498074086537,0,-0.015998870134353638,20,0.0451931034932371,61
2019-05-27,194.5299835205078,35562033.0,15.850000381469727,0.0,0.0,-0.0013644496941487283,16.128970665423893,-5.245672568119744,-3.0216816625732354,-0.03519701001019937,-0.08984410251343189,-0.10384637310245604,-0.03519701001019937,0.013293023085974449,0.07692139720746206,-0.002164296218984285,0,-0.015998870134353638,20,0.0451931034932371,61
2019-05-28,194.1089630126953,95240033.0,17.5,-0.014398181445021141,-0.008894961116179934,-0.0005720045760365666,16.853854350703784,-5.515280658479583,-3.520401461754505,-0.02941163483323994,-0.07784421825363586,-0.10982661098671087,-0.0454544195303358,0.013339147426115099,0.02564046573582069,-0.004338609989289477,0,-0.015998870134353638,20,0.0451931034932371,61
2019-05-29,193.2667999267578,26533236.0,17.899999618530273,0.0010626838552354467,0.004052831856529604,0.002988642503561234,17.85706273674039,-5.73084096794193,-3.9624893629919904,-0.014956927922363139,-0.07243442337684369,-0.11003848673189631,-0.06109959280272492,0.013113258031057432,0.01282116207229303,0.00653595751690772,1,-0.015998870134353638,20,0.0451931034932371,61
2019-05-30,194.5299835205078,28500328.0,17.299999237060547,0.009286180290756674,0.007445095378509459,0.002187159947263817,20.930128682156166,-5.733651738897436,-4.31672183817308,-0.03571416607791067,-0.07831329421856481,-0.11389968264344441,-0.06517311548833893,0.01311892137407327,0.0,0.019480626952500302,1,-0.015998870134353638,20,0.0451931034932371,61
2019-05-31,198.31954956054688,46070338.0,18.709999084472656,0.008149304609681884,-0.014529103683613043,-0.0012335386657089664,32.14286638751099,-5.3682115848691865,-4.527019787512302,0.004347727097799181,-0.06477732674723591,-0.10810816861348349,-0.06097562592457173,0.013166946274851429,0.03797474741682817,0.010615469486584317,1,-0.015998870134353638,20,0.0451931034932371,61
2019-06-03,200.4248046875,31054092.0,18.860000610351562,0.012255643701183372,0.0033482738820793667,-0.0017417837590805174,37.646976063030394,-4.852781293553136,-4.592172088720469,0.010729916954484997,-0.024844754050169948,-0.11132081070736077,-0.04462454799635018,0.013548010725151006,0.1518994483881696,-0.021008462859648747,0,-0.015998870134353638,20,0.0451931034932371,61
2019-06-04,196.2141876220703,24443428.0,16.969999313354492,0.006182549022657469,0.04209084782416883,-0.004631682996496633,32.97861471991648,-4.729541471746614,-4.619645965325698,0.030302892440078555,0.0,-0.08108126637879332,-0.034482789037373784,0.013665563671250271,0.21518916501336025,0.008584042435963335,1,-0.015998870134353638,20,0.0451931034932371,61
2019-06-05,197.89849853515625,29139584.0,16.09000015258789,-0.021249707594103162,-0.007496741663206463,-0.0015935504186610494,37.234062649509944,-4.444727162771699,-4.584662204814898,0.01084558166042715,-0.0042735628451072705,-0.11238085495487249,-0.05476682150423373,0.014017630320614476,0.0886065207169807,-0.012766051612262519,0,-0.015998870134353638,20,0.0451931034932371,61
2019-06-06,195.3721160888672,34651731.0,15.930000305175781,0.005492985312458787,0.013404229889321773,-0.0008619174826651754,39.32581707636361,-4.372464669543518,-4.542222697760622,0.023965309148564096,-0.012604757960386848,-0.09615375234002499,-0.07114600076388256,0.01341897888663737,0.13924150506313146,0.0,0,-0.015998870134353638,20,0.0451931034932371,61
2019-06-07,195.3721160888672,34651731.0,16.299999237060547,0.009885808487242631,0.011502977452459096,-0.0009265257296146023,42.682968328431485,-4.266020098842887,-4.486982177977075,0.004329063073562622,0.008695611756194932,-0.0955163947321147,-0.08661419962846528,0.013495951655538444,0.06329155150861822,0.034482677826385366,1,-0.015998870134353638,20,0.0451931034932371,61
2019-06-10,202.10906982421875,35373888.0,15.9399995803833,0.02060769028268128,0.025442196215529123,0.0026862690297213554,56.66671095879986,-3.5965869309571588,-4.308903128573092,-0.014862041983308538,-0.0042915935050784615,-0.09375012165169416,-0.08661419962846528,0.013495951655538444,0.06329155150861822,0.01875002831167305,1,-0.015998870134353638,20,0.0451931034932371,61
2019-06-11,205.89862060546875,31965670.0,15.989999771118164,0.008581309316805008,0.002921022738702428,0.0010205902889346419,57.142908343972735,-2.728815162389054,-3.9928855353362844,0.008403476502545804,0.0389610185872038,-0.04191608970071836,-0.047618910661577196,0.014589565635711718,0.2658227731969403,0.006134978418191661,1,-0.015998870134353638,20,0.0451931034932371,61
2019-06-12,207.16180419921875,29675556.0,15.90999984741211,-0.012512188286530557,-0.02332129864450494,-0.0007327728939418021,70.51281396073833,-1.9170726050363953,-3.577722949276307,0.04935643594769856,0.060737316864664104,-0.01609657903672812,-0.029761738272979787,0.014906128876553685,0.37974701544742484,-0.024390279832381623,0,-0.015998870134353638,20,0.0451931034932371,61
2019-06-13,202.10906982421875,32981724.0,15.819999694824219,-0.00025320145700780117,0.005769154493715956,0.002040594785275074,58.33337287975458,-1.6623121173095399,-3.1946407828829537,0.0468083675855524,0.07189545373404393,-0.012048210305772189,-0.03718186674110191,0.014769560282003331,0.41772176286425305,-0.016666817662256084,0,-0.015998870134353638,20,0.0451931034932371,61
2019-06-14,198.7405548095703,31951556.0,15.279999732971191,-0.04081090334414872,-0.02612452374751162,0.0013046223359283182,55.681755475152926,-1.7124831652184582,-2.898209259350055,0.034482677826385366,0.0389610185872038,-0.02834009879146071,-0.06614784346215286,0.015169151515040141,0.2658227731969403,-0.012711885553105762,0,-0.015998870134353638,20,0.0451931034932371,61
2019-06-17,196.2141876220703,51017012.0,15.350000381469727,-0.004757353799807906,-0.006406002848232228,0.0007944457290889329,52.68806184755543,-1.9338090534351977,-2.7053292181670834,0.017241143660290614,0.0021228630760625755,-0.022774632985114396,-0.0975142366070918,0.015039804869913107,0.16455601555063704,0.010729916954484997,1,-0.015998870134353638,20,0.0451931034932371,61
2019-06-18,198.31954956054688,28578087.0,15.149999618530273,0.041157549778547686,0.043253787085992146,-0.0005398087939473273,56.25000235929628,-1.9172257165933786,-2.5477085178523424,-0.02916683653670471,-0.021008462859648747,-0.021008462859648747,-0.11909298540303992,0.01496124916046954,0.0886065207169807,0.03609336565856758,1,-0.015998870134353638,20,0.0451931034932371,61
2019-06-19,205.47756958007812,50164372.0,14.329999923706055,0.004846064508799541,0.0008107289502810033,-0.00670353423656278,61.81815426469954,-1.3113742036453573,-2.3004416550109457,-0.036809722292625024,0.010729916954484997,0.006410499134950065,-0.10964092629179123,0.015103005736982587,0.1518994483881696,0.0040983417863629246,1,-0.015998870134353638,20,0.0451931034932371,61
2019-06-20,206.31968688964844,37836291.0,14.75,0.028172448238285464,0.009756256656271,-0.004957581395258037,59.223257589484405,-0.7545823303027817,-1.991269790069313,-0.00813004417320562,0.03829776931620055,0.025210277243160384,-0.08270673004121631,0.01620139079843556,0.36708907212238673,0.01428568575943534,1,-0.015998870134353638,20,0.0451931034932371,61
2019-06-21,209.26710510253906,61164304.0,15.399999618530273,0.00024685938774449134,-0.007410138476866113,-0.0075538606795581,59.99999309737158,-0.07462847146700824,-1.6079415263488521,0.02083338995667927,0.056034458856972336,0.06521732451235596,-0.08582078300728879,0.016161308851871913,0.39240541749331986,0.002079108950806763,1,-0.015998870134353638,20,0.0451931034932371,61
2019-06-24,209.7021942138672,43300507.0,15.260000228881836,0.018754586080566682,0.001120138996588027,0.002267196593497056,66.6782137754744,0.49365734101988323,-1.1876217528751052,0.05296629217451421,0.07112063528733836,0.0665238209257839,-0.07620813762283851,0.016333841483002574,0.4999995231723913,-0.010373539542880006,0,-0.015998870134353638,20,0.0451931034932371,61
2019-06-25,207.52684020996094,28559283.0,16.280000686645508,-0.026513495590058445,-0.014843324450310558,-0.0035223542864525337,61.76280993738337,0.7597372753801039,-0.7981499472240634,0.06874124014811933,0.03756943909668409,0.07799420129884438,-0.06909674352865758,0.016332880056491774,0.5497644216757579,-0.016771394595734512,0,-0.015998870134353638,20,0.0451931034932371,61
2019-06-26,204.04632568359375,27607041.0,16.209999084472656,0.004110860687597917,0.03213954302607358,0.004345533432568827,60.355736913534145,0.6818986033267151,-0.5021402371139078,0.04642654075110775,0.007907870386427263,0.0691254900804763,-0.05217898467692217,0.015855245215762297,0.47699876634642036,0.02558632046053133,1,-0.015998870134353638,20,0.0451931034932371,61
2019-06-27,209.26712036132812,42007834.0,15.819999694824219,0.013050200838823578,0.014674487233342415,-0.0014530215463885998,64.74991698724438,1.0296166140064145,-0.19578886688984334,-0.006965450776010851,-0.015038865526721179,0.0557753621466337,-0.06627962454782499,0.016037336956758186,0.36057545320308426,-0.006237107651519969,0,-0.015998870134353638,20,0.0451931034932371,61
2019-06-28,207.96189880371094,25962203.0,15.079999923706055,-0.010608648824533273,0.0014139175570855311,-0.0011640840415142462,57.02279211146798,1.1861914939711085,0.08060720528234702,0.014285759716454738,0.03541677047613434,0.07575766251615756,-0.04054052825038612,0.016572712408139106,0.5352111885285019,0.03974887062439181,1,-0.015998870134353638,20,0.0451931034932371,61
2019-07-01,216.2281494140625,66307875.0,14.0600004196167,0.056420926869019006,0.026450409143392584,-0.0003237472531191221,61.19199705318875,1.9547622720459117,0.45543821863505995,-0.0062370351909277755,0.04639890435536098,0.04862026595224922,-0.04652478026295892,0.016592832058405536,0.49155148908673396,0.0020121760858016202,1,-0.015998870134353638,20,0.0451931034932371,61
2019-07-02,216.66323852539062,24181202.0,12.930000305175781,-0.014016528579578469,-0.013835993521319367,0.002396431412998945,60.48287281954036,2.5693503347227704,0.8782206418526021,0.03112010928001907,0.10200058433359183,0.07884924598630838,-0.008625217110067807,0.017744821156996552,0.768057814815174,-0.026104492056688633,0,-0.015998870134353638,20,0.0451931034932371,61
2019-07-03,211.00735473632812,29449774.0,12.569999694824219,-0.01151949709785749,-0.004292955864227954,0.0004846476085027529,59.68847772287097,2.570403240145822,1.216657161511246,0.04402514058512197,0.09249561631967818,0.10421800355592725,-0.0291218813832661,0.017365862079915945,0.8419034054252018,0.006185668548132739,1,-0.015998870134353638,20,0.0451931034932371,61
2019-07-04,212.3125762939453,17481240.0,12.569999694824219,0.0,0.0,0.002841621761216606,65.47243804108375,2.6460560596445077,1.5025369411378984,0.03411494438536744,0.026911867643514054,0.06624030145859394,-0.03256180540431708,0.017481111507275503,0.6383806426497097,-0.004098211909530414,0,-0.015998870134353638,20,0.0451931034932371,61
2019-07-05,211.44247436523438,22867074.0,13.279999732971191,-0.009918435080852328,-0.005977625907605755,-0.0013845719962698455,68.04195129111906,2.605763886196229,1.7231823301495646,0.01455295952540836,0.029046619324806455,0.08670868977726887,-0.03955616188498878,0.01737265143388781,0.7415220228685424,-0.0020578629256610137,0,-0.015998870134353638,20,0.0451931034932371,61
2019-07-08,211.00735473632812,27787909.0,13.960000038146973,-0.01527673743639757,-0.007723826619229324,0.005030152996258641,65.6515146153435,2.5097902313459883,1.8805039103888495,0.016736602144648893,0.010395180177168228,0.08225512728263329,-0.034295416763826525,0.01732641994878776,0.7768564588090202,-0.0020618895160442463,0,-0.015998870134353638,20,0.0451931034932371,61
2019-07-09,210.57228088378906,16418987.0,14.09000015258789,0.008901282810550137,0.007446119720152522,-0.0002887733972082307,57.53449325570028,2.371288852769652,1.97866089886501,-0.024144842805535416,0.006223876327826394,0.04402714296715393,-0.023132385671954414,0.01721027263078576,0.7582587723674745,0.020661351957400154,1,-0.015998870134353638,20,0.0451931034932371,61
2019-07-10,214.92298889160156,23812131.0,13.029999732971191,0.026216346358576947,0.007048986185063111,-0.0009948696239058252,61.52706302015569,2.582818168151931,2.0994923527223945,-0.028112556994239535,0.014674924317003901,0.02269884210286044,-0.023242887702268233,0.017210527187494933,0.7396630424787176,0.012145804462885268,1,-0.015998870134353638,20,0.0451931034932371,61
2019-07-11,217.5334014892578,31160289.0,12.930000305175781,0.004667462328172833,0.003241581436479457,-0.003019687864896259,61.176459908828946,2.927350480949343,2.2650639783677846,0.018556861016367776,0.05330487168327558,0.03746436135939035,0.0188273974521056,0.017180779832916764,0.925619036997761,0.001999962262215993,1,-0.015998870134353638,20,0.0451931034932371,61
2019-07-12,217.9684600830078,23479432.0,12.390000343322754,0.008068130598190892,0.018966591327077564,-0.0023843855411972426,61.176427870574614,3.1986286140561333,2.4517769055054544,0.02459027762954702,0.039501098470016816,0.07631687028421896,0.03950117426562727,0.01721656628240797,1.0,0.01596811319683522,1,-0.015998870134353638,20,0.0451931034932371,61
2019-07-15,221.44900512695312,29727300.0,12.680000305175781,0.01431000077953315,0.007737930718842545,0.0029391686951611984,68.18179825444152,3.6523671706903826,2.69189495854244,0.030864119129162315,0.048117281756220986,0.09674877526562886,0.039488582696532104,0.0172165501330819,1.0,0.005893867255311491,1,-0.015998870134353638,20,0.0451931034932371,61
2019-07-16,222.7541961669922,21361249.0,12.859999656677246,-0.0011955800308408593,-0.010739372014967774,-0.0022542733067443255,75.90352027361361,4.070355727706755,2.9675871123753033,0.04948476987293993,0.024145125077554175,0.12860852627786423,0.06463860642933095,0.01730525242862652,1.0,-0.015625253666167516,0,-0.015998870134353638,20,0.0451931034932371,61
2019-07-17,219.2736053466797,25573648.0,13.970000267028809,-0.003351486049474328,0.0028206639109598086,0.0006778099609252575,64.55680636163414,4.073799851068372,3.1888296601139174,0.057851466641642535,0.028112556994239535,0.123208461599422,0.0953026236239145,0.01689718799850387,1.0,0.00793677800382242,1,-0.015998870134353638,20,0.0451931034932371,61
2019-07-18,221.01393127441406,20842575.0,13.529999732971191,0.03747268976593787,0.015360354060483417,-6.45359706827886e-05,68.74991779985953,4.168902587526304,3.384844245596395,0.02024267612094488,0.039175177664688254,0.0671413225044255,0.0940442511023949,0.016925526647565886,0.8819634398386327,0.01968494450811087,1,-0.015998870134353638,20,0.0451931034932371,61
2019-07-19,225.3645782470703,59709798.0,14.449999809265137,0.01481835693491873,-0.0020039271119578483,-0.003257954064158186,64.78866629948058,4.54296457444994,3.616468311367104,0.015999978676047633,0.04098370022330555,0.07122075748702028,0.12157748130500168,0.01667365971309367,0.9409827548556626,0.01930513119170718,1,-0.015998870134353638,20,0.0451931034932371,61
2019-07-22,229.71527099609375,31522639.0,13.529999732971191,0.017567657713169593,0.01980427385063499,0.004271843725307534,68.74991779985953,5.131325215700258,3.919439692233735,0.03393205678126954,0.06584345895322641,0.07692309374970141,0.1244345658635222,0.016732255793111783,1.0,0.0,0,-0.015998870134353638,20,0.0451931034932371,61
2019-07-23,229.71527099609375,29273223.0,12.609999656677246,-0.004035535085224806,0.012341662408722476,0.00038673104398645464,82.08939285598376,5.533814889435405,4.242314731674069,0.03732807859941256,0.0886600198516434,0.09543570517824906,0.18600745308889288,0.0158841105125799,1.0,0.0037878737556975572,1,-0.015998870134353638,20,0.0451931034932371,61
2019-07-24,230.5854034423828,23734039.0,12.069999694824219,0.002701322752973745,0.030986416441422415,-0.001095232445668337,81.81800790715471,5.855504659280172,4.56495271719529,0.03125002782835584,0.09090935441246106,0.1069183666251754,0.17073731405473147,0.015834274441821117,1.0,0.0,0,-0.015998870134353638,20,0.0451931034932371,61
2019-07-25,230.5854034423828,30433545.0,12.739999771118164,-0.02065551405966426,-0.0172007891876238,0.0026442703794911093,84.37470716241683,6.040811405918902,4.860124454940013,0.05158759567900906,0.07287454279114236,0.13006398262687724,0.1853463372039712,0.01571132332951565,1.0,-0.015094584342075223,0,-0.015998870134353638,20,0.0451931034932371,61
2019-07-26,227.1048126220703,20438071.0,12.15999984741211,-0.003668218294538672,-0.00016310551678755392,-0.0025730067586592353,76.05612513306379,5.83949963023008,5.055999489998026,0.043307098845658976,0.059999990179758766,0.10187115417006631,0.1879173422161955,0.01569355860916227,1.0,0.0,0,-0.015998870134353638,20,0.0451931034932371,61
2019-07-29,227.1048126220703,17509320.0,12.829999923706055,0.011044971646541724,0.0026100374047410835,0.0022572424911675437,77.14265100516461,5.615229724716272,5.167845536941676,0.007721862896715503,0.04191593836825369,0.0920501011410162,0.17508445686551477,0.015922847182337396,0.9034655309006453,-0.0038313463173851314,0,-0.015998870134353638,20,0.0451931034932371,61
2019-07-30,226.2346954345703,22670612.0,13.9399995803833,-0.018889682558303034,-0.0026282982633843988,-0.0017695226780690687,70.9675594584871,5.3061174051574085,5.1954999105848225,-0.011363886966260228,0.025539999567280924,0.0503017911288679,0.1674540269424758,0.01592911421452568,0.9011568904269028,-0.0019230409947258442,0,-0.015998870134353638,20,0.0451931034932371,61
2019-07-31,225.7996368408203,31635601.0,16.1200008392334,-0.011134140403527004,-0.03223701962222403,-0.00012891062712894197,66.66650258672036,4.968761285145121,5.150152185496882,-0.015151694297165896,0.015624842662756766,0.044176653936879084,0.14075841708939008,0.015775388755413358,0.8764469796831356,-0.011560612393359815,0,-0.015998870134353638,20,0.0451931034932371,61
2019-08-01,223.1892547607422,30017526.0,17.8700008392334,-0.017827863376445374,-0.019747907273283904,0.003996990590893201,59.67735913736165,4.43959126695097,5.0080400017877,-0.020754854947955703,0.029762047665621738,0.07010315883527585,0.1266052482520037,0.01575144354247705,0.864092024311252,-0.01949328946721629,0,-0.015998870134353638,20,0.0451931034932371,61
2019-08-02,218.83856201171875,54021644.0,17.610000610351562,-0.0052543524535622055,-0.015575554611848452,0.005136926532385289,45.31244862484464,3.627341930643695,4.731900387558899,-0.03207552850798179,0.009842472254055323,0.051229553409677386,0.13747765880532947,0.015465628189692918,0.7899614254304431,-0.0198805533808718,0,-0.015998870134353638,20,0.0451931034932371,61
2019-08-05,214.48793029785156,51535721.0,24.59000015258789,-0.042737223157403914,-0.04360973094963683,0.00456771840229897,36.61977536037873,2.602568075386273,4.306033925124374,-0.03639839470996853,-0.02895759522686392,0.034979195493658244,0.10581213921055865,0.015829229699141693,0.6664088384383322,0.008113366163748026,1,-0.015998870134353638,20,0.0451931034932371,61
2019-08-06,216.2281494140625,58625879.0,20.170000076293945,0.03486332781540602,0.01282033252051451,0.007758329897679994,44.77614206050124,1.9088445789662387,3.826596055892747,-0.055555327861830706,-0.06628789036189553,0.01649504381433875,0.0978431036714027,0.016033538680942518,0.5428579847452354,-0.0020120349497922962,0,-0.015998870134353638,20,0.0451931034932371,61
2019-08-07,215.7930908203125,29435460.0,19.489999771118164,0.0,0.007178659179847946,-0.008424313633733194,40.624912661613685,1.3088702756717225,3.3230508998485426,-0.04423081968610698,-0.05871234212487597,0.02685951116896912,0.1067503067618345,0.016053401569782032,0.5822884443955123,0.022177641750062316,1,-0.015998870134353638,20,0.0451931034932371,61
2019-08-08,220.57887268066406,29725266.0,16.90999984741211,0.015511507915011657,0.02695370546514564,-0.00019093514462364958,41.53851798613944,1.2056608100909898,2.8995728818970323,-0.04431604125015498,-0.06415112319009608,0.004048435829029806,0.06770612030422596,0.015250003918198352,0.5696308009759598,0.0,0,-0.015998870134353638,20,0.0451931034932371,61
2019-08-09,220.57887268066406,29725266.0,17.969999313354492,-0.011694477875879294,-0.01805187812254372,-0.005919573515358101,30.909093227920863,1.111058968851495,2.541870099287925,-0.011695823272838246,-0.04339620206800787,0.01400001641383164,0.07129844790618955,0.015352441883599565,0.7088688740592892,-0.009862092576040316,0,-0.015998870134353638,20,0.0451931034932371,61
2019-08-12,218.40350341796875,21794603.0,21.09000015258789,-0.010867278760888333,-0.01185516052062241,0.004193968589415675,28.33329631262005,0.8507453461399734,2.203645148658335,0.007952486312042817,-0.02873536613363714,0.011976102398769672,0.06476613067408254,0.015338937651861282,0.7088688740592892,-0.01792816076133985,0,-0.015998870134353638,20,0.0451931034932371,61
2019-08-13,214.48793029785156,23121107.0,17.520000457763672,0.021484673044081415,0.029495953148647835,0.001976671433923549,22.388056576316245,0.3247474116855358,1.827865601263775,0.018255447356314125,-0.038314067868661095,-0.013752609578166486,0.08062198103193396,0.014895723756067314,0.6455784372569423,0.012170369378091461,1,-0.015998870134353638,20,0.0451931034932371,61
2019-08-14,217.09832763671875,35216703.0,22.100000381469727,-0.03369979706700643,-0.031631374968809634,-0.010627454471821673,28.767112757427043,0.1171767674307489,1.4857278344971698,-0.008048069231164412,-0.051922916218286486,-0.03710936095203188,0.07923584345112711,0.014935403381624211,0.5316583146582188,-0.006012191943690959,0,-0.015998870134353638,20,0.0451931034932371,61
2019-08-15,215.7930908203125,27624412.0,21.18000030517578,0.010635722021018701,-0.0022529703938839463,0.008490382071487224,30.882362801473647,-0.1509066089201383,1.1584009458137083,0.0060485570295347735,-0.038535532323444976,-0.009920381007653578,0.1064354227782629,0.014833782504030888,0.5820015842426965,0.008064719135954412,1,-0.015998870134353638,20,0.0451931034932371,61
2019-08-16,217.5334014892578,25370715.0,18.469999313354492,0.016642143091878614,0.02776366114749762,-0.004145645818896315,34.72232505757697,-0.2203955072971837,0.8826416551915299,-0.021696465315062308,-0.033138530563930346,-0.023622223377490537,0.08810801203655894,0.014832672109454957,0.4426214521651387,0.00799970875970435,1,-0.015998870134353638,20,0.0451931034932371,61
2019-08-19,219.2736053466797,24060514.0,16.8799991607666,0.005777319851217211,0.018752739722410094,0.002337644188725063,39.18914691794878,-0.13350706574928495,0.679411911003367,-0.01380672207811684,-0.005964033534414548,-0.03474892469226942,0.05867225280996591,0.013865852012638851,0.5081968532684783,0.00992093771082958,1,-0.015998870134353638,20,0.0451931034932371,61
2019-08-20,221.44900512695312,19960494.0,17.5,0.0038298720272640363,-0.005368294330245882,0.0015654383388827853,43.58980584816147,0.10962553691831545,0.5654546361863567,0.0039839192828596826,0.022312094867913634,-0.045454817192330355,0.06278566360930804,0.013897046479954498,0.5737682296832283,0.0,0,-0.015998870134353638,20,0.0451931034932371,61
2019-08-21,221.44900512695312,20269296.0,15.800000190734863,0.015259904199698582,0.009220058752394067,-0.0012121246044380918,47.22225604959211,0.29886474941380925,0.5121366588318472,0.03245438948212587,0.024145125077554175,-0.03598483389152296,0.058212206923037524,0.013815526330399577,0.6557379122790374,-0.001964668354638266,0,-0.015998870134353638,20,0.0451931034932371,61
2019-08-22,221.01393127441406,21900840.0,16.68000030517578,-0.01056826391687804,-0.00031067924812722136,-0.0009581210520679395,53.968311405767324,0.4090164775263645,0.49151262257075073,0.02004012438785141,0.026209895252625293,-0.0396226221566216,0.05601663328856654,0.013816908312829789,0.6557379122790374,0.0,0,-0.015998870134353638,20,0.0451931034932371,61
2019-08-23,221.01393127441406,14166877.0,19.8700008392334,-0.028008498197361398,-0.04355760959972721,0.0006393599522753757,64.15088970797461,0.49065653257150643,0.4913414045709019,0.024193733146205654,0.0019723493390948477,-0.041509445199381045,0.06498962279196197,0.013702725519392837,0.6393442057420807,-0.021653756542656444,0,-0.015998870134353638,20,0.0451931034932371,61
2019-08-26,216.2281494140625,31678620.0,19.31999969482422,0.009523604014817666,0.0086422654888767,0.0037377988519227134,50.0,0.16725623888854102,0.4265243714344298,0.015999978676047633,0.0019723493390948477,-0.026819692974944576,0.08315565366823252,0.01339547661253692,0.576923543861211,0.00603645768940031,1,-0.015998870134353638,20,0.0451931034932371,61
2019-08-27,217.5334014892578,50234951.0,20.309999465942383,0.0002418295051693775,-0.003262783607763109,-0.0014322567681310794,53.2258584574099,0.016096559079727513,0.34443880896348933,-0.0138888395974619,-0.009960252330491137,-0.0478927024153728,0.03326384498776114,0.01334913805496194,0.36538329239323536,0.00799970875970435,1,-0.015998870134353638,20,0.0451931034932371,61
2019-08-28,219.2736053466797,15132882.0,19.350000381469727,0.007255226203622733,0.006003617650582216,-0.0014662278804343787,47.27260205662806,0.03630285487480478,0.28281161814575245,-0.017681739574538002,0.014198799844714394,-0.03846135946830942,0.04602527068951767,0.013324165979092608,0.3478278107320941,0.00793677800382242,1,-0.015998870134353638,20,0.0451931034932371,61
2019-08-29,221.01393127441406,19587767.0,17.8799991607666,0.015126022803640948,0.022538176336174942,0.0024259517291254085,50.847435461512305,0.19054970929275328,0.26435923637515263,-0.00982347958179497,0.010019781053315802,-0.02890186886678303,0.014084456352559949,0.011906591263249314,0.4347809512191403,0.01968494450811087,1,-0.015998870134353638,20,0.0451931034932371,61
2019-08-30,225.3645782470703,35184201.0,18.979999542236328,0.00827821048945565,0.006083685191407007,-0.004235110909738049,62.49995204982872,0.6562870351108359,0.3427447961222893,0.0,0.024193733146205654,-0.009746542183045825,0.020080438096625075,0.011961098883618015,0.5217401912197502,-0.00579173570819258,0,-0.015998870134353638,20,0.0451931034932371,61
2019-09-02,224.059326171875,14614854.0,18.979999542236328,0.0,0.0,0.001982676436306008,68.96521281143782,0.909579224153731,0.4561116817285777,0.01968494450811087,0.03599988187652747,0.029821143839366293,0.06804134163324682,0.011552790862054131,0.7391299043901249,-0.013591913130743039,0,-0.015998870134353638,20,0.0451931034932371,61
2019-09-03,221.01393127441406,25762495.0,19.65999984741211,-0.021346554045534094,-0.017675422533754648,0.0008936226268170255,57.627081365481565,0.8547244605106528,0.5358342374849927,0.036217193640298406,0.02182533924969632,0.044624403157473624,0.05532762158029869,0.01158546880156758,0.6739100931700697,0.013779198803896886,1,-0.015998870134353638,20,0.0451931034932371,61
2019-09-04,224.059326171875,22540733.0,17.329999923706055,0.03427619091324208,0.027889837137461404,-0.0003188746807299969,65.07928555045616,1.0449441165933138,0.6376562133066569,0.015999978676047633,-0.001964668354638266,0.022133019559757328,0.04526742764392022,0.011785222218568946,0.5217401912197502,0.021359440564774346,1,-0.015998870134353638,20,0.0451931034932371,61
2019-09-05,228.84510803222656,48791728.0,16.270000457763672,0.025260651261250766,0.030706400322489502,-0.0058371524211330295,68.57135699541055,1.5638401879500066,0.8228930082353269,0.02182533924969632,0.011787458893416147,0.0383063022089325,0.06185552845708364,0.011933409459666396,0.6739100931700697,0.0019010383866264746,1,-0.015998870134353638,20,0.0451931034932371,61
2019-09-06,229.2801513671875,25408515.0,15.0,-0.011980023535703377,0.0013599740366467827,6.419432632309707e-05,67.16415097796471,1.9872654650161223,1.055767499591486,0.03543295534655333,0.03543295534655333,0.03747519085170814,0.08677698257218358,0.012304399200481837,0.8918901498060597,0.0,0,-0.015998870134353638,20,0.0451931034932371,61
2019-09-09,229.2801513671875,25408515.0,15.270000457763672,0.0032029334474408255,0.00513284683395443,0.0003528931517005063,64.51601954544066,2.2963620158226945,1.303886402837728,0.017374394639003476,0.03740135314144499,0.039447471014689706,0.06680142757007301,0.011947912887659057,0.9189157165552568,-0.007590124492682815,0,-0.015998870134353638,20,0.0451931034932371,61
2019-09-10,227.53988647460938,29308866.0,15.199999809265137,0.00570105862832615,0.004288285070831677,-0.00019244151392872055,60.60596398820721,2.373537760598566,1.5178166743898958,0.02330108406783138,0.06036217758184326,0.04980070273141912,0.053999752670211176,0.01183313507193095,0.9189157165552568,0.005736231910104417,1,-0.015998870134353638,20,0.0451931034932371,61
2019-09-11,228.84510803222656,36196015.0,14.609999656677246,0.0027212195306653975,0.014553211405668787,-0.0028869335939196716,63.23524102382129,2.5110744625480095,1.7164682320215185,0.029527347722223762,0.04599976333218736,0.060851704609359736,0.04391197876957298,0.011911984313407328,0.8108077621606046,-0.0019013050960910993,0,-0.015998870134353638,20,0.0451931034932371,61
2019-09-12,228.41000366210938,26017293.0,14.220000267028809,-0.0033922687500452797,0.002863981113107039,-0.0016084683459270943,62.31871092814821,2.5555057241509473,1.8842757304474045,0.021359440564774346,0.04365095685098064,0.05410811093471102,0.03339867298583421,0.011703145265069572,0.8918901498060597,0.0,0,-0.015998870134353638,20,0.0451931034932371,61
2019-09-13,228.41000366210938,26017293.0,13.739999771118164,0.01520310598278729,-0.0031909898396373926,-0.009022094023591776,74.13788724627025,2.5611939692911108,2.019659378216146,-0.0019013050960910993,0.03346428139189217,0.058467640432022794,0.025390352201837718,0.011682987989663681,0.8648607914582868,0.01142862639903397,1,-0.015998870134353638,20,0.0451931034932371,61
2019-09-16,231.02041625976562,32573966.0,14.670000076293945,-0.0031292931933371015,-0.00695047738299015,0.005202463310903127,75.40975689128096,2.744701217925723,2.1646677461580612,-0.0037951287971919045,0.013513327776383477,0.049999687856619346,0.04166665796817948,0.01139691398517658,0.8648607914582868,-0.0018830059456462767,0,-0.015998870134353638,20,0.0451931034932371,61
2019-09-17,230.5854034423828,27600844.0,14.4399995803833,0.011883520347829801,0.0032925888730277464,-0.0009057669237931831,72.41393072371119,2.822494179794944,2.296233032885438,0.007590124492682815,0.03106806668940343,0.053571477034428217,0.04527535856066622,0.01146103959691146,1.0,0.007546961300374688,1,-0.015998870134353638,20,0.0451931034932371,61
2019-09-18,232.32562255859375,47684759.0,13.949999809265137,-0.0019941669393285233,0.0007563484971846446,-0.001230232801271991,72.41381395509153,2.990098803865493,2.435006187081449,0.013384541123576899,0.043307098845658976,0.041257346404387496,0.023166130347196168,0.011085930803317772,0.9736873923023462,2.6271383912757074e-07,1,-0.015998870134353638,20,0.0451931034932371,61
2019-09-19,232.32568359375,25233567.0,14.050000190734863,0.004070066579407117,-0.005546709862049415,0.003662969917757497,66.66678844570251,3.0873426368806633,2.565473477041292,0.015209040544039265,0.036893337706361384,0.04911567530143213,0.011363421992717226,0.01074542037423721,1.0,-0.003773620595078242,0,-0.015998870134353638,20,0.0451931034932371,61
2019-09-20,231.448974609375,43868865.0,15.319999694824219,-0.022939953341006736,-0.018259214274361057,-0.003132876506845128,68.06351891886247,3.058410534228642,2.664060888478762,0.017143206816077727,0.015209307253504,0.051181173304822636,0.01136368769188456,0.010745420180233231,1.0,0.0,0,-0.015998870134353638,20,0.0451931034932371,61
2019-09-23,231.448974609375,13093208.0,14.90999984741211,0.004558996985372321,0.009654488688619622,0.003952688854860886,79.9698667141133,3.0008892511340264,2.7314265610098154,0.013304894262692768,0.00945927167814098,0.047214414380081005,0.00374512503436919,0.010749338328036767,0.9508509300565006,0.0037879147481842956,1,-0.015998870134353638,20,0.0451931034932371,61
2019-09-24,232.32568359375,24244943.0,17.049999237060547,0.0011346255072244293,-0.016538965554077523,-0.0015167321264312195,77.11963508355993,2.9915614497292893,2.7834535387537103,0.0018550669960160082,0.00945927167814098,0.07039243149681518,0.00374512503436919,0.010749338328036767,0.9508509300565006,0.0037733578813079482,1,-0.015998870134353638,20,0.0451931034932371,61
2019-09-25,233.20233154296875,21003163.0,15.960000038146973,0.020172216541065602,0.017764333876413296,-0.0004848512197198618,69.22631511617729,3.0200935049797124,2.8307815319989107,0.007547225996904938,0.02103278327720659,0.0680000496623625,0.022988816975745285,0.01048808777291785,1.0,0.0075187389404329785,1,-0.015998870134353638,20,0.0451931034932371,61
2019-09-26,234.95571899414062,29940103.0,16.06999969482422,0.03221495414345621,0.0003418147915617009,0.0007114395156759823,72.43351740742617,3.1479020229477044,2.8942056301886696,0.0037736215864605516,0.01904005529420627,0.06352212877727448,0.02684891989077065,0.010499022213852644,1.0,0.014925518529674386,1,-0.015998870134353638,20,0.0451931034932371,61
2019-09-27,238.46255493164062,41235817.0,17.219999313354492,-0.020447792597192094,-0.023561787889367136,-0.0005493326683571054,78.41690608006135,3.4919109705243443,3.0137466982558045,0.011320467714579285,0.02865774364994289,0.0630810358393934,0.03854856808244311,0.010525980226709936,1.0,0.0,0,-0.015998870134353638,20,0.0451931034932371,61
2019-09-30,238.46255493164062,41235817.0,16.239999771118164,0.021314235981504837,0.010292510019035195,0.0033301209134455334,87.88299597369992,3.721639793035706,3.155325317211785,0.030302922422113632,0.04401099386348317,0.058119056625708154,0.056080329747151714,0.010732645169417502,1.0,0.02941153510117367,1,-0.015998870134353638,20,0.0451931034932371,61
2019-10-01,245.47610473632812,71743890.0,18.559999465942383,0.015275139128388737,-0.009334433891339255,3.220605977904967e-05,91.31996703285871,4.418700367251461,3.4080003272197206,0.030302922422113632,0.03221420336939773,0.06428310307742757,0.06843205864579516,0.01053980649582642,1.0,-0.0017854210238220647,0,-0.015998870134353638,20,0.0451931034932371,61
2019-10-02,245.03782653808594,29295953.0,20.559999465942383,-0.016105020052102792,-0.015820445805664884,-0.00032223460572267104,91.30556736919272,4.879512523631917,3.70230276650216,0.0566033894279776,0.06457781399708629,0.11068159061675376,0.12172234399521842,0.010846058159058756,1.0,-0.010733741670220787,0,-0.015998870134353638,20,0.0451931034932371,61
2019-10-03,242.40765380859375,31890864.0,19.1200008392334,0.015076793259106491,0.017101265257483567,0.0009992308265014405,80.75325786406412,4.975126359769575,3.956867485155643,0.0507520440160627,0.0547171846113792,0.09362922188794953,0.14243177319027156,0.010267265740201023,0.9858565983255213,0.0,0,-0.015998870134353638,20,0.0451931034932371,61
2019-10-04,242.40765380859375,35169613.0,17.040000915527344,0.006152860940269234,0.018521636413115328,-0.004508111037600071,78.2595623117983,4.993340888256114,4.164162165775737,0.03171633721603073,0.0433958487020889,0.05926517675202958,0.12107352565090523,0.010458565583992904,0.9009799388529186,0.0054251339571109725,1,-0.015998870134353638,20,0.0451931034932371,61
2019-10-07,243.72274780273438,17510230.0,17.860000610351562,0.011176453303509248,-0.0071265509808448035,-0.002167276105102256,81.23823988494046,5.055615143574386,4.342452761335467,0.016543892512113967,0.047348143225581785,0.05725529385394901,0.1233337123404139,0.01044068237657158,0.9009799388529186,0.030575521326690724,1,-0.015998870134353638,20,0.0451931034932371,61
2019-10-08,251.17469787597656,35278551.0,20.280000686645508,-0.001876474488126556,-0.031167493877039765,-0.0020098637032193167,85.2458894779881,5.641249222460459,4.602212053560466,0.02205877930227529,0.05303014720231225,0.06299104544997158,0.10492335390423402,0.009993786213038609,0.94341851479264,-0.015706836498544874,0,-0.015998870134353638,20,0.0451931034932371,61
2019-10-09,247.2295379638672,34777456.0,18.639999389648438,0.01713334249881604,0.01743208773167737,-0.0014941703380206839,74.2856446664966,5.721077989596552,4.825985240767683,0.023214451548224657,0.08113185761754349,0.10387106967289683,0.1387069614758918,0.010886435824944354,1.0,0.0,0,-0.015998870134353638,20,0.0451931034932371,61
2019-10-10,247.2295379638672,34777456.0,17.56999969482422,0.005135262684835551,0.00969598839165453,-0.002667495955881005,76.47054005588991,5.718424425505475,5.004473077715242,0.008944379962660953,0.060150369544284876,0.08033569120058126,0.13198522045103256,0.011092301310895891,0.8924636817973102,0.0,0,-0.015998870134353638,20,0.0451931034932371,61
2019-10-11,247.2295379638672,34777456.0,15.579999923706055,0.010014581397862932,0.022715125391603586,-0.005153661072781257,76.47054005588991,5.651178192379945,5.133814100648183,0.01989163328597221,0.05223886025107838,0.08239365176666191,0.15265011705110187,0.010600730793746741,0.8884968705377724,0.028368575464120083,1,-0.015998870134353638,20,0.0451931034932371,61
2019-10-14,254.2430877685547,46683517.0,14.569999694824219,0.009915022915730987,-0.00045878115962227906,0.0041311295306096785,80.48773447180777,6.093576960619856,5.325766672642518,0.01989163328597221,0.03676461084105953,0.08239365176666191,0.1387906146267901,0.010522391205204212,0.8884968705377724,0.012069505148668558,1,-0.015998870134353638,20,0.0451931034932371,61
2019-10-15,257.3116760253906,38018567.0,13.539999961853027,0.009617256259139673,0.02218933378424026,-0.0010448504077139598,81.60922299603332,6.615530876901602,5.583719513494335,0.04316519512710948,0.0661761459422332,0.10052216113521695,0.17817992597482601,0.01111276209938977,1.0,0.010221205042133752,1,-0.015998870134353638,20,0.0451931034932371,61
2019-10-16,259.94171142578125,40297144.0,13.680000305175781,-0.0051598527643720304,-0.01470139030513784,-0.0036935007815116494,82.02247366794823,7.158881858898212,5.898751982575111,0.024433106524305748,0.04821475924011165,0.11590617699132033,0.1828605366523317,0.01116579457102998,1.0,-0.010117789045724357,0,-0.015998870134353638,20,0.0451931034932371,61
2019-10-17,257.3116760253906,40271938.0,13.789999961853027,-0.007580206241250109,0.0033524962612019316,0.0009513903007374314,74.71276049210421,7.293198102210312,6.177641206502152,0.05141850592210373,0.06082279253884426,0.11886802911815098,0.185467402767441,0.011190113963867682,1.0,-0.001703830677704965,0,-0.015998870134353638,20,0.0451931034932371,61
2019-10-18,256.8732604980469,45102984.0,14.25,-0.00944720450504588,-0.010621262348704308,0.0031792894573132724,73.86362557554469,7.280344939066055,6.398181953014933,0.040780475280413064,0.061483298825890875,0.10754726746153342,0.16194550469024693,0.011362604000758534,0.9398347954420744,-0.010239184586175232,0,-0.015998870134353638,20,0.0451931034932371,61
2019-10-21,254.2430877685547,34634365.0,14.0,0.014610132196842374,0.018835458298572805,-0.0022870485190177314,62.82043100343587,6.977493554317533,6.514044273275453,0.03900716157787398,0.05967471101747979,0.1098483410072626,0.15996574629353422,0.011378956304786548,0.9298055160338619,0.013793660153372356,1,-0.015998870134353638,20,0.0451931034932371,61
2019-10-22,257.7500305175781,26005020.0,14.460000038146973,0.012800102663673263,-0.007678861742060006,-0.0005894998202081725,67.05872813517787,6.940457349045602,6.599326888429483,0.0,0.04316519512710948,0.09848439898102868,0.15034869658457328,0.011548063776101885,0.8696371699085316,-0.003401629158959363,0,-0.015998870134353638,20,0.0451931034932371,61
2019-10-23,256.8732604980469,28675408.0,14.010000228881836,-0.009281255554609125,-0.019295857179858378,-0.0019332224843280343,70.3702414472395,6.762405080120118,6.63194252676761,0.0017035934744922265,0.026178324079634274,0.10943407775907255,0.1662162155631357,0.011644601058952757,0.9498626785981069,0.0,0,-0.015998870134353638,20,0.0451931034932371,61
2019-10-24,256.8732604980469,29040827.0,13.710000038146973,0.015547183345429927,0.024692723995018984,0.0037426238956350666,70.3702414472395,6.545840993866619,6.614722220187413,-0.011804380724062757,0.03900716157787398,0.10150382630594179,0.18797326432347017,0.01099659652307989,0.9276450551241675,0.0017067386714122446,1,-0.015998870134353638,20,0.0451931034932371,61
2019-10-25,257.3116760253906,22682711.0,12.649999618530273,0.0035329825223044953,0.020526046870175785,-0.002649289460529225,69.62014774969442,6.3365451165744275,6.559086799464816,-0.001703830677704965,0.03900716157787398,0.09328371149141024,0.1808451425825368,0.011011020243049324,0.9245489592811114,0.0034070683473779173,1,-0.015998870134353638,20,0.0451931034932371,61
2019-10-28,258.1883544921875,20076561.0,13.109999656677246,0.003520292167511929,0.017529221477568413,0.002262822420606936,62.49993881203984,6.1702899893626295,6.481327437444379,0.0017067386714122446,0.040780475280413064,0.07904436442507046,0.17347309366565722,0.010998415070926854,0.9324380843150067,0.013582116790909371,1,-0.015998870134353638,20,0.0451931034932371,61
2019-10-29,261.6950988769531,36682131.0,13.199999809265137,0.0031185349197206946,-0.009007067267142621,-0.001145208006595455,76.1902130821912,6.249456721079838,6.434953294171471,0.015517695125006892,0.015517695125006892,0.08272074232451976,0.16819945694562177,0.010979802670457213,0.9549587228766712,0.003350116177709639,1,-0.015998870134353638,20,0.0451931034932371,61
2019-10-30,262.5718078613281,32370342.0,12.329999923706055,0.008548620377619498,-0.0006015182461514001,-0.004193017905721574,76.9228215181,6.310199957263393,6.410002626789856,0.015305792016602426,0.017035460338496122,0.0660715801973728,0.1612077679308288,0.010802962278965697,1.0,-0.0033389303730506636,0,-0.015998870134353638,20,0.0451931034932371,61
2019-10-31,261.6950988769531,40944514.0,13.220000267028809,-0.005393920570093469,-0.00616324827268,-0.0060528311537498825,74.62661908366528,6.215942802160612,6.3711906618640075,0.02218427621556418,0.010118023848965096,0.07155622285327823,0.1718851982082208,0.010700285654525143,1.0,0.0016752913188866625,1,-0.015998870134353638,20,0.0451931034932371,61
2019-11-01,262.1335144042969,30121678.0,12.300000190734863,0.009103037033372008,0.023443322933726973,0.008902832976104058,67.30764210248691,6.106230967128425,6.318198722916891,0.018771274088853263,0.017035460338496122,0.07956615546301538,0.18406607840493439,0.010405817599389697,0.9772357182420915,0.026755406631119083,1,-0.015998870134353638,20,0.0451931034932371,61
2019-11-04,269.1470031738281,44899671.0,12.829999923706055,0.026679419303240248,0.021888474113557654,-0.0016073936353093732,72.13076679894225,6.510168309135594,6.356592640160632,0.0187392910162012,0.020478012760265507,0.08137474327142646,0.16992904907343753,0.010297784848077213,0.9874887405634161,0.011400763928739455,1,-0.015998870134353638,20,0.0451931034932371,61
2019-11-05,272.2154846191406,32201184.0,13.100000381469727,0.001121899881249444,0.001870370594211579,-0.0035485396264454128,72.58036444156987,6.997232629033533,6.4847206379352125,0.042444395693967074,0.058620730011118116,0.10431630038765105,0.17610992643952939,0.010552767474758662,1.0,0.0016103216641065732,1,-0.015998870134353638,20,0.0451931034932371,61
2019-11-06,272.6538391113281,22149743.0,12.619999885559082,0.0016804820899558592,-0.008369205135059787,-0.0005605631467812122,80.70115334210278,7.334063635406892,6.6545892374295486,0.04020092767245176,0.05612202672688338,0.08376953141017984,0.18726144847659776,0.010610013968441552,1.0,-0.0064307069334088585,0,-0.015998870134353638,20,0.0451931034932371,61
2019-11-07,270.9004821777344,28291659.0,12.729999542236328,0.0005592209358848965,0.007000186200143199,0.002012564336833833,76.66646554634914,7.374514570080464,6.798574303959732,0.03839723438749609,0.061433325456626164,0.1028368266868529,0.18917332130803843,0.010597555103126448,1.0,-0.01132696930121857,0,-0.015998870134353638,20,0.0451931034932371,61
2019-11-08,267.8320007324219,25651542.0,12.069999694824219,-0.015650796927229926,0.005267164812368774,-0.0040828602328772945,75.40976590430397,7.077387699100882,6.854336982987963,0.03517598663591914,0.054607558811261114,0.09574480625905912,0.19056261464718416,0.010567594162738428,0.9603705936478726,-0.014729637790057537,0,-0.015998870134353638,20,0.0451931034932371,61
2019-11-11,263.8869323730469,35165583.0,12.6899995803833,-0.004353826289950513,-0.005291437788055964,0.004430217190049879,61.29033706956762,6.4492356923250895,6.7733167248553885,0.0217388697552654,0.04088553177817378,0.08333333847659308,0.1703636710237435,0.010832384057540908,0.8910167183755903,0.013288582795953241,1,-0.015998870134353638,20,0.0451931034932371,61
2019-11-12,267.39361572265625,17540708.0,12.680000305175781,-0.00855506507584125,0.002795847522016892,0.0010203790790208611,67.64711001448704,6.163333667129734,6.651320113310258,-0.019543486417287093,0.022071397805944803,0.037931590153087225,0.15532125625906956,0.011172839183255866,0.8018502092038665,-0.003278720705449989,0,-0.015998870134353638,20,0.0451931034932371,61
2019-11-13,266.51690673828125,18172438.0,13.0,0.013997900587048973,0.0002539461534099008,-0.0010522653778411994,65.71430276400027,5.7991620341960015,6.480888497487407,-0.017713426197009663,0.02177540531006472,0.03918181970207524,0.1706738384287929,0.011259017522436894,0.8749603282121816,-0.0016442950176716042,0,-0.015998870134353638,20,0.0451931034932371,61
2019-11-14,266.07867431640625,15734835.0,13.050000190734863,-0.007564336630424773,-0.0030412263978620846,0.0026004106387365056,64.28589188796735,5.412796350418034,6.2672700680735325,-0.02250814583447358,0.015024838001788332,0.025294883519982436,0.153650880961977,0.011245316783243935,0.8541202620097157,0.011531660195259308,1,-0.015998870134353638,20,0.0451931034932371,61
2019-11-15,269.1470031738281,28848445.0,12.050000190734863,0.015434593096865346,0.008879472672406408,-0.0009192645282619649,66.66675949364739,5.293170879099534,6.072450230278733,-0.017799185230554904,0.01675069750356406,0.03407151368502426,0.15392678957188322,0.011242605230744855,0.8404274622815417,0.013029444489987885,1,-0.015998870134353638,20,0.0451931034932371,61
2019-11-18,272.6538391113281,18691325.0,12.460000038146973,0.0024393676673504228,-0.0023810619394774024,0.0019388129122319686,66.6668523201111,5.418873779729154,5.941734940168818,0.00490980330136126,0.026755406631119083,0.047781316949782715,0.15849039899138906,0.01129449215009153,0.9148926715355714,0.012861973506436586,1,-0.015998870134353638,20,0.0451931034932371,61
2019-11-19,276.16070556640625,31634197.0,12.859999656677246,0.00636482410854744,-0.004761976303709448,-0.0016726990972654177,69.13605183156118,5.735355441542367,5.900459040443528,0.033222208691591426,0.013029444489987885,0.0724139700487485,0.17358457702032148,0.011372695870725888,1.0,-0.00476217103016674,0,-0.015998870134353638,20,0.0451931034932371,61
2019-11-20,274.8455810546875,22387973.0,12.779999732971191,-0.004836322439841778,-0.01176537726181015,-0.00013140084073981484,68.29279681990648,5.813040766056133,5.882975385566049,0.032787207054499445,0.01449300708512391,0.07142841074299144,0.19318180619504965,0.011389282814923156,1.0,-0.007974448542882984,0,-0.015998870134353638,20,0.0451931034932371,61
2019-11-21,272.6538391113281,28108833.0,13.130000114440918,-0.009719813021652368,-0.011291507378546228,0.0004271558570518863,63.95351661161842,5.632820044583184,5.832944317369477,0.031250078722341534,0.008038551558646745,0.06996571196937507,0.1874996703638656,0.011456407153919095,0.9699983152161049,-0.0064307069334088585,0,-0.015998870134353638,20,0.0451931034932371,61
2019-11-22,270.9004821777344,24737984.0,12.34000015258789,-0.0035860975526008643,-2.36079281920043e-05,-3.282483858035867e-05,52.70284763800715,5.287560863033264,5.723867626502234,0.024711355811638747,0.006472328581694331,0.061433325456626164,0.17358457702032148,0.011608571589187093,0.9183659406390747,-0.006472779191126765,0,-0.015998870134353638,20,0.0451931034932371,61
2019-11-25,269.1470031738281,19530177.0,11.869999885559082,0.018374732577747244,0.024343597465358302,0.0036785072377072403,45.070335527825335,4.816922884435712,5.54247867808893,0.006514949017558891,0.011456739437114782,0.05281068609961892,0.16165426128177263,0.011717204749301333,0.8723401261289953,0.0,0,-0.015998870134353638,20,0.0451931034932371,61
2019-11-26,269.1470031738281,101224622.0,11.539999961853027,-0.002418441206167965,-0.0050174321725464655,-0.003534140566831878,44.285611987325225,4.393295717335775,5.3126420859382995,-0.012861861578512768,0.01993304766355486,0.042444395693967074,0.14552224702621586,0.01180283858200846,0.8139510221461629,0.013029444489987885,1,-0.015998870134353638,20,0.0451931034932371,61
2019-11-27,272.6538391113281,18467648.0,11.75,0.004848367916876928,0.007340752029511233,-0.00036122555870954365,52.70264930568622,4.291075638783582,5.108328796507356,-0.025397177263843496,0.006557327281106584,0.028475521050468133,0.1286761699378074,0.011668429555638024,0.8139510221461629,-0.004822750380247154,0,-0.015998870134353638,20,0.0451931034932371,61
2019-11-28,271.3388977050781,19077982.0,11.75,0.0,0.0,0.0007227121795299052,55.714498836353506,4.057191925017264,4.898101422209338,-0.007974448542882984,0.02302642803472632,0.03839723438749609,0.14338219344118408,0.01176086830498865,0.8961022404658143,-0.014540053106245177,0,-0.015998870134353638,20,0.0451931034932371,61
2019-11-29,267.39361572265625,30963561.0,12.619999885559082,-0.014845210334212933,-0.01098563173430045,-0.0012474593573884585,55.714110955406795,3.5129905446935936,4.62107924670619,-0.004822750380247154,0.0197694287307546,0.036851277954805806,0.10535768031894532,0.011070417092820584,0.857144536265167,0.008197030023211704,1,-0.015998870134353638,20,0.0451931034932371,61
2019-12-02,269.58544921875,24016807.0,14.90999984741211,-0.002072043172763993,-0.014614038768793747,0.0034512076970019123,53.73147045559872,3.2214349780919633,4.341150392983344,-0.012945220425179316,-0.006514608858711468,0.020066496763349928,0.09123403313037293,0.01136049810338071,0.7402578615214914,-0.0016263713275047609,0,-0.015998870134353638,20,0.0451931034932371,61
2019-12-03,269.1470031738281,24690319.0,15.960000038146973,-0.003774826712132695,-0.015392368294665282,-0.003111772918985123,54.545416188038025,2.9213209895289083,4.057184512292458,0.0016290207200959639,-0.011253793097427356,0.0016290207200959639,0.11211607795031076,0.011211695161661966,0.805195204426683,-0.0032570209636496594,0,-0.015998870134353638,20,0.0451931034932371,61
2019-12-04,268.2703857421875,25492686.0,14.800000190734863,0.007578667449757326,0.015452864446994008,0.00036142733652866355,53.731247129530146,2.582967944232962,3.762341198680559,0.0,-0.025397177263843496,-0.01127225164874679,0.11030736424827525,0.01122367592071226,0.7837810122426093,0.019607802987799294,1,-0.015998870134353638,20,0.0451931034932371,61
2019-12-05,273.53057861328125,34521842.0,14.520000457763672,0.02294094761263543,0.0036714553708845354,0.000755484230370973,56.94448607583187,2.7080575201796933,3.551484462980386,-0.01607699118936967,-0.0239232345932886,-0.01607699118936967,0.10071951904678844,0.011249458633486515,0.727272679325729,0.003205158958167198,1,-0.015998870134353638,20,0.0451931034932371,61
2019-12-06,274.40728759765625,17695703.0,13.619999885559082,0.00992637534447205,0.01563913046385723,-0.0017723793410131528,53.03035257509032,2.8451380183765878,3.4102151740596263,0.008077282419659992,0.0032155773225519546,0.009708718177257714,0.08900530557557773,0.010691715984150692,0.9090901898859355,0.00958464499457179,1,-0.015998870134353638,20,0.0451931034932371,61
2019-12-09,277.0373840332031,23256081.0,15.859999656677246,-0.008736755571078891,-0.005353165030859364,0.00026308041135858495,51.56244731016702,3.1299223064847297,3.354156600544647,0.02622976564359969,0.01294499512046321,0.02455004199368771,0.10992921742935557,0.010315644259861305,0.9393934599239571,-0.00791157838197365,0,-0.015998870134353638,20,0.0451931034932371,61
2019-12-10,274.8455810546875,20570594.0,15.680000305175781,0.0011016804199699415,0.0034519609632377435,-0.000821823849568859,50.0,3.1425305874116702,3.311831397918052,0.02764219966637138,0.02931625010247285,0.049833659976637135,0.12056749494751862,0.010364033301772777,1.0,0.017544031072135313,1,-0.015998870134353638,20,0.0451931034932371,61
2019-12-11,279.66748046875,31223148.0,14.989999771118164,0.02531186961800236,0.022255753509477172,0.0018093991622649686,61.11107350849491,3.501249500514291,3.3497150184373,0.021172733909947894,0.021172733909947894,0.02786889773673762,0.11170203737894946,0.01048670785311858,0.9038442357215967,0.0391850018943396,1,-0.015998870134353638,20,0.0451931034932371,61
2019-12-12,290.6262512207031,52742851.0,13.9399995803833,0.048479407180367806,0.027097570070734545,-0.0035137380839250776,74.19336003293783,4.6166007374255855,3.603092162234957,0.04248361105916221,0.025723611229101717,0.04934236214658827,0.10000033009094,0.009957037660450757,1.0,0.02262423055344298,1,-0.015998870134353638,20,0.0451931034932371,61
2019-12-13,297.2014465332031,58198939.0,12.630000114440918,-0.006142482525051007,-0.0059937660617277455,-0.005206757036463561,80.7691277827463,5.9623575919865175,4.074945248185269,0.06250004183843672,0.0710821547472662,0.09225683707032539,0.12947168084212834,0.01138174943097748,1.0,-0.008849130432952212,0,-0.015998870134353638,20,0.0451931034932371,61
2019-12-16,294.57147216796875,102188.0,12.140000343322754,0.004978717064311855,0.009615609427206628,0.0010931539535576906,76.36375834083847,6.738979878054238,4.607752174159064,0.08306688621538472,0.11147547681715753,0.10423464882964373,0.1433388081622302,0.011730164000824272,1.0,0.02678534243603581,1,-0.015998870134353638,20,0.0451931034932371,61
2019-12-17,302.461669921875,40813458.0,12.289999961853027,0.011786875622103343,0.004748214631445702,-0.004070125548607306,78.33338458084276,7.900064625250138,5.266214664377279,0.0632914153299402,0.09268312893602926,0.08038629908193351,0.14480414071416425,0.011696457305924468,0.9387785185266749,-0.0014491885028691254,0,-0.015998870134353638,20,0.0451931034932371,61
2019-12-18,302.0233459472656,39682841.0,12.579999923706055,-0.0021951662776920067,-0.0008946632363090457,-0.0026248620361511987,79.66094295005828,8.684751165674129,5.9499219646366495,0.10047856240298292,0.12377870217834319,0.09523789527378779,0.17747432852854206,0.012214338411259256,1.0,-0.02046793168753913,0,-0.015998870134353638,20,0.0451931034932371,61
2019-12-19,295.841552734375,54888012.0,12.5,-0.012438019836563008,0.008064611312263992,0.0005663334853425184,76.35930330015123,8.707428043146933,6.501423180338707,0.0799373078380261,0.12581694439249547,0.09888376152269451,0.18793139509934997,0.01203899004045309,0.9903851882496196,-0.01791041512105873,0,-0.015998870134353638,20,0.0451931034932371,61
2019-12-20,290.54290771484375,86280459.0,12.510000228881836,-0.0005175600140089331,0.010299909380435457,0.003795582520849994,68.36161636255325,8.203280945100062,6.841794733290978,0.017945046229534745,0.08156665420810993,0.0850445154142101,0.14778474377018203,0.012522656551178539,0.8547850808754077,0.015197400139278283,1,-0.015998870134353638,20,0.0451931034932371,61
2019-12-23,294.9584045410156,26639340.0,12.609999656677246,0.005006211503405078,0.0017530894876987002,-0.0007960518661668248,71.14104259963027,8.067042584386456,7.086844303510074,-0.022404126547935554,0.05880171863673689,0.07250790171802723,0.1310749400366369,0.012908005428296261,0.7385571824578385,-0.005988082808865647,0,-0.015998870134353638,20,0.0451931034932371,61
2019-12-24,293.1921691894531,13488907.0,12.670000076293945,-0.007901187294398482,0.002735394626111276,0.0004647282643932549,70.11919702271055,7.727474751402042,7.2149703930884685,0.0013135432640478673,0.06468809460626668,0.09590075706886925,0.14826433848788367,0.013033749740253831,0.8338146977813076,0.0030124943259417503,1,-0.015998870134353638,20,0.0451931034932371,61
2019-12-25,294.0754089355469,12262954.0,12.670000076293945,0.0,0.0,-0.00461196254840357,67.84694972039787,7.443827058565262,7.260741726183827,-0.030646860922298513,0.06675234895304749,0.08933841258524233,0.13944370390919203,0.013111683904973751,0.7906300749682232,0.0,0,-0.015998870134353638,20,0.0451931034932371,61
2019-12-26,294.0754089355469,11427884.0,12.649999618530273,0.008483169561946058,0.0012297492871584659,-0.0033333460489909372,67.34963079018706,7.136766022199538,7.23594658538697,-0.026315637908026157,0.051518068681592144,0.0785669106807334,0.13899563562401207,0.013111670498268155,0.7942858383383028,0.01501494925989455,1,-0.015998870134353638,20,0.0451931034932371,61
2019-12-27,298.4909362792969,16677806.0,13.430000305175781,0.00360532359674548,-0.0031644173178536628,0.0058863076032849015,68.34668684917922,7.16709626873984,7.222176522057545,-0.005969897678349101,0.011868018461361984,0.0837937775334423,0.12373296327501615,0.013016175096115752,0.7942858383383028,-0.010355128044297501,0,-0.015998870134353638,20,0.0451931034932371,61
2019-12-30,295.4000244140625,21531263.0,14.819999694824219,-0.010434637262410118,-0.007640174235852837,0.00023274269958450944,67.31156750176835,6.862614503774182,7.150264118400873,0.027355782410816154,0.0043387734519309,0.11629791710844417,0.13679735349553868,0.013150569037468451,0.9025982921594593,-0.010463478706087881,0,-0.015998870134353638,20,0.0451931034932371,61
2019-12-31,292.3091125488281,22890517.0,13.779999732971191,0.004321546123966957,0.0028356152588187022,-0.00029919815654877446,60.96693249094166,6.299285513440225,6.980068397408743,0.0014972276302283039,0.002812737567544632,0.09575655982220965,0.12879463804156743,0.013278831840182744,0.8248954008140915,0.0,0,-0.015998870134353638,20,0.0451931034932371,61
2020-01-01,292.3091125488281,22890517.0,13.779999732971191,0.0,0.0,-0.005852187644700857,51.8026876862544,5.7861441618857725,6.741283550304149,-0.003011869802206024,-0.03356642636956031,0.08605746711599394,0.11511537627344537,0.013438927862263703,0.7368081283716912,0.024169001350436314,1,-0.015998870134353638,20,0.0451931034932371,61
2020-01-02,299.3739318847656,31754120.0,12.470000267028809,0.03339083293167899,0.020701570681319392,-0.0018061694159097197,52.30301681356266,5.881746706276772,6.569376181498674,-0.006006270273030134,-0.032163849347373485,0.08960633780033489,0.08605746711599394,0.012893165114565355,0.7368081283716912,0.0014751447137248963,1,-0.015998870134353638,20,0.0451931034932371,61
2020-01-03,299.8155517578125,41811268.0,14.020000457763672,-0.032977776216039256,-0.01797228315791033,0.0018764158999149405,55.82964113907303,5.924849467894262,6.440470838777792,0.018017565523066326,0.011940104822131703,0.09448067343147692,0.09976819394981384,0.013264258977764731,0.9199543993474771,-0.02209152437065598,0,-0.015998870134353638,20,0.0451931034932371,61
2020-01-06,293.1921691894531,45343057.0,13.850000381469727,-0.011539933821716475,-0.010409997390011139,0.004515057879738826,39.396810347415624,5.362738783162513,6.224924427654736,0.004437707539890479,0.03191488691257094,0.09259325574986388,0.09961976965009423,0.013264459747174205,0.9314028213228145,-0.007529882680093691,0,-0.015998870134353638,20,0.0451931034932371,61
2020-01-07,290.9844665527344,50879181.0,13.789999961853027,0.016204827700500024,0.017768752388188203,0.00039956842545785243,37.86410503134273,4.685111810906108,5.916961904305011,-0.007474119980148131,-0.005988082808865647,0.058312654130151076,0.08228736557616556,0.01372925785338227,0.759700225550764,0.0,0,-0.015998870134353638,20,0.0451931034932371,61
2020-01-08,290.9844665527344,37567748.0,13.449999809265137,0.0073732021018670935,0.00016598288343194767,-0.002063443033648471,43.82026398329468,4.100815900324562,5.5537327035089215,-0.004531661652773411,-0.007529882680093691,0.05871982891671679,0.08644398636831685,0.013651805106182444,0.7024684003458814,0.024279340311079922,1,-0.015998870134353638,20,0.0451931034932371,61
2020-01-09,298.04937744140625,31481504.0,12.539999961853027,0.008170042730799132,0.005964914597056392,0.0008337374694480371,59.13979533445798,4.159883894260702,5.274962941659278,-0.004531661652773411,-0.01051071354113109,0.04046586347835657,0.1026861540130406,0.013396614949615106,0.6845448490938586,0.0059257775727226125,1,-0.015998870134353638,20,0.0451931034932371,61
2020-01-10,299.8155517578125,27032115.0,12.5600004196167,-0.006246708425795444,-0.006589560507105796,-0.0022325703070246172,56.321869213225,4.299647551282817,5.079899863583986,-0.004424414761233231,0.013513433578971501,0.025541829719525122,0.11464657312740978,0.01371765245914203,0.8787265202592187,0.005891073165508187,1,-0.015998870134353638,20,0.0451931034932371,61
2020-01-13,301.581787109375,30663332.0,12.319999694824219,0.020387371744964966,0.013095112811780885,0.0006345088744610372,60.91959227738865,4.501046426837547,4.964129176234699,0.0,0.004437707539890479,0.008795735199482957,0.12494008514150434,0.013693658545820437,0.9272704701735786,0.01317708388145511,1,-0.015998870134353638,20,0.0451931034932371,61
2020-01-14,305.5557556152344,30223993.0,12.390000343322754,0.004328991400254667,0.0020361729787017335,-0.00293703171302917,63.829688678704244,4.9245553249408545,4.95621440597593,0.028614740779453474,0.02092675079351891,0.02379834981918716,0.13343088424572636,0.013682054166248942,0.9749092776148498,-0.017340908834410307,0,-0.015998870134353638,20,0.0451931034932371,61
2020-01-15,300.25714111328125,47434274.0,12.420000076293945,-0.03199610307866696,-0.011865040479956956,-0.0016067595504699606,56.6037403688729,4.777562503356705,4.920484025452086,0.05007583131541238,0.045317242938136326,0.010229678670221398,0.13527459719806623,0.013709181262831448,1.0,-0.016176523499856543,0,-0.015998870134353638,20,0.0451931034932371,61
2020-01-16,295.4000244140625,55211420.0,12.319999694824219,0.006165567758709134,0.016969713566805433,0.0035874857569160312,46.728942382905224,4.220489729774954,4.78048516631666,0.03186656205535421,0.02719049192530898,-0.005847908308031169,0.10123936670733014,0.013971998943791338,0.861155204690615,-0.004484141398238051,0,-0.015998870134353638,20,0.0451931034932371,61
2020-01-17,294.0754089355469,52060097.0,12.100000381469727,-0.002893935413409654,0.00666513004588376,-0.0011358833423721348,48.54374078619545,3.630272621363247,4.550442657325977,-0.008888973532127586,-0.013274059787652948,-0.0014924486308011131,0.06966711215557031,0.014158563511107688,0.7338794095467642,0.0,0,-0.015998870134353638,20,0.0451931034932371,61
2020-01-20,294.0754089355469,32658203.0,12.100000381469727,0.0,0.0,0.0017057625608369875,52.083429325101086,3.1264811817658824,4.265650362213958,-0.019145580636532267,-0.019145580636532267,0.012158277235148063,0.0699659343514536,0.014155532172717386,0.699169210321976,0.0,0,-0.015998870134353638,20,0.0451931034932371,61
2020-01-21,294.0754089355469,32658203.0,12.850000381469727,-0.005803794308537169,-0.000845235425548374,-0.001969950375820928,52.083429325101086,2.6961433737421316,3.9517489645195933,-0.024890024844589798,0.0030124943259417503,-0.002993627548409039,0.0785669106807334,0.014075741006540757,0.699169210321976,0.0,0,-0.015998870134353638,20,0.0451931034932371,61
2020-01-22,294.0754089355469,32658203.0,12.90999984741211,0.001888620728292656,0.007952992411879967,0.005051656533298976,42.50018142423206,2.3282588418289833,3.6270509399814714,-0.03757201907904473,0.010622362146786024,0.0030124943259417503,0.08554775012400206,0.014017784667648636,0.699169210321976,0.0,0,-0.015998870134353638,20,0.0451931034932371,61
2020-01-23,294.0754089355469,32658203.0,12.979999542236328,-0.014910020288096959,0.00784363252132314,-0.00409424113021295,41.77222609591816,2.013497355665379,3.304340223118253,-0.020588127079389396,0.010622362146786024,0.0,0.0926200383721858,0.0139572308194616,0.699169210321976,0.0,0,-0.015998870134353638,20,0.0451931034932371,61
2020-01-24,294.0754089355469,32658203.0,14.5600004196167,0.004349438070344158,-0.010969618054084918,0.00187171211231707,51.56273960531402,1.7439435148743314,2.992260881469469,-0.004484141398238051,-0.013333255516162268,0.0,0.0926200383721858,0.0139572308194616,0.699169210321976,0.0,0,-0.015998870134353638,20,0.0451931034932371,61
2020-01-27,294.0754089355469,32658203.0,18.229999542236328,-0.04278551411690268,-0.03906905963041696,0.0015012535686826922,55.9323384017056,1.5128806081021366,2.6963848267960024,0.0,-0.019145580636532267,-0.014792835584188091,0.0785669106807334,0.01385521516910564,0.699169210321976,0.0,0,-0.015998870134353638,20,0.0451931034932371,61
2020-01-28,294.0754089355469,32658203.0,16.280000686645508,0.033116279141660154,0.024020225723714317,0.0024982962840502942,55.9323384017056,1.3146076115358483,2.4200293837439717,0.0,-0.024890024844589798,-0.004484141398238051,0.0837937775334423,0.013818113456748967,0.699169210321976,0.0,0,-0.015998870134353638,20,0.0451931034932371,61
2020-01-29,294.0754089355469,32658203.0,16.389999389648438,0.001751690011312368,-0.018259449525289684,-0.002990535126809357,39.53487624506354,1.1442842368866764,2.164880354372513,0.0,-0.03757201907904473,0.0060425635428102975,0.09978470555768726,0.013573326640653888,0.6920951376162559,-0.04954980992112812,0,-0.015998870134353638,20,0.0451931034932371,61
2020-01-30,279.5040283203125,125451049.0,15.489999771118164,-0.024304988739517475,-0.0015601777693713403,0.0028662037963771425,18.055536890525445,-0.16458961554246798,1.6989863603895168,0.0,-0.020588127079389396,0.0060425635428102975,0.0908430324699201,0.013546203695542745,0.6920951376162559,0.01105823172236331,1,-0.015998870134353638,20,0.0451931034932371,61
2020-01-31,282.5948486328125,62526055.0,18.84000015258789,-0.033333159849889826,-0.03549412295725618,0.0037885188906179312,21.333128141236045,-0.9416237528810711,1.1708643377353993,-0.04954980992112812,-0.053811762965424004,-0.06637152219419495,0.038480923154828206,0.015717398340340947,0.30128821616560275,-0.015624939255305725,0,-0.015998870134353638,20,0.0451931034932371,61
2020-02-03,278.1793212890625,59560849.0,17.969999313354492,0.015387142926139186,0.012430653339704945,0.004668126073061218,9.210362385200128,-1.8919162269026515,0.5583082248077892,-0.039039511478671796,-0.039039511478671796,-0.057437658000178304,0.05339561745138366,0.015777481374575773,0.2830357508712113,0.031746345188022884,1,-0.015998870134353638,20,0.0451931034932371,61
2020-02-04,287.010498046875,51890496.0,16.049999237060547,0.05021002491260629,0.03116134657121239,-0.003493076449065713,32.142874773940136,-1.9104057318302239,0.06456543348018659,-0.054054460738566346,-0.054054460738566346,-0.051204805168891476,0.016995330830465116,0.015720204361213647,0.12109853008750109,0.007692381304786,1,-0.015998870134353638,20,0.0451931034932371,61
2020-02-05,289.2182922363281,36601453.0,15.149999618530273,0.006954380292873319,0.021871401591104567,-0.007010578531516876,41.02570236927519,-1.7270004714970923,-0.2937477475152692,-0.02402414712010248,-0.02402414712010248,-0.013656978164293787,0.04592884744263026,0.01643944272474373,0.3961200861363932,0.015267004005970142,1,-0.015998870134353638,20,0.0451931034932371,61
2020-02-06,293.6337890625,29267094.0,14.960000038146973,0.0017262927840342446,6.284046040905267e-05,-0.0025642621759578432,49.41167861251936,-1.2113926093592227,-0.47727671988405995,-0.016516568715486457,-0.016516568715486457,-0.006069651543018639,0.0439684638433675,0.01641848811221117,0.468011380179686,-0.013533653606313645,0,-0.015998870134353638,20,0.0451931034932371,61
2020-02-07,289.65985107421875,28798327.0,15.470000267028809,-0.03136847718090763,-0.02371129058332544,0.0026376572554838162,44.680836984485396,-1.1106305898336473,-0.6039474938739774,0.05055297709696971,-0.0015017232302605432,-0.0148149558868792,0.06835914165225065,0.016495607760069284,0.564517189832243,-0.0015244046983144965,0,-0.015998870134353638,20,0.0451931034932371,61
2020-02-10,289.2182922363281,30632424.0,15.039999961853027,0.014590781189348867,0.015254598736305525,0.004895083442213455,44.210507936461745,-1.0542532956229707,-0.6940086542237761,0.025000464359441033,-0.015015053034563297,-0.03387316176246058,0.03572946911353636,0.01646495280437384,0.41935811100793585,0.012213539894303072,1,-0.015998870134353638,20,0.0451931034932371,61
2020-02-11,292.75067138671875,27524935.0,15.180000305175781,0.028761828835484726,0.02022395722689385,-0.005003843202884384,48.54360658421744,-0.7162835369296658,-0.6984636307649541,0.03968293148502866,-0.016516568715486457,-0.040995495754400424,-0.004844569196558179,0.015318691085515177,0.403228952892246,0.010558067494824686,1,-0.015998870134353638,20,0.0451931034932371,61
2020-02-12,295.841552734375,37612639.0,13.739999771118164,0.016535958243003357,0.014365013808671945,-0.0025644330478111765,51.81810699226489,-0.1967636066653995,-0.5981236259450432,0.019999872405037422,-0.004504754592106974,-0.04190752094567052,-0.014975617374685779,0.015025082119287925,0.5322588736008632,0.0,0,-0.015998870134353638,20,0.0451931034932371,61
2020-02-13,295.841552734375,22757021.0,14.149999618530273,-0.005031010058797136,0.0007759873663373273,-0.0013021990139919781,51.81810699226489,0.21250999803356763,-0.43599690114932105,0.02290055876768271,0.006005751399686732,-0.014706022852726486,0.004311621071310112,0.015052523906050183,0.645161865671725,0.0,0,-0.015998870134353638,20,0.0451931034932371,61
2020-02-14,295.841552734375,16933683.0,13.680000305175781,-0.019214506599405712,-0.0019281896469324211,0.0025075480883340884,51.81810699226489,0.5307441897716672,-0.2426486829651234,0.007518765735114563,0.058451838824088886,0.0014946793629699862,-0.02188745829912908,0.014454829470143364,0.645161865671725,-0.010447759346475016,0,-0.015998870134353638,20,0.0451931034932371,61
2020-02-17,292.75067138671875,15937079.0,13.680000305175781,0.0,0.0,0.0010004595193011667,48.717876014189045,0.5274585722062284,-0.08862723193085305,0.02134124434998874,0.046875249728187685,0.006005751399686732,-0.02046793168753913,0.014454052469850634,0.645161865671725,-0.028657373499065053,0,-0.015998870134353638,20,0.0451931034932371,61
2020-02-18,284.3612060546875,61825604.0,14.829999923706055,-0.034542098338310456,-0.014024646652699535,3.336192079261835e-05,41.91174639603082,-0.15037165120179452,-0.10097611578504134,0.012213539894303072,0.05238114044614717,-0.004504754592106974,-0.010447759346475016,0.014194933348007383,0.5322588736008632,0.013975179943051863,1,-0.015998870134353638,20,0.0451931034932371,61
2020-02-19,288.335205078125,38781218.0,14.380000114440918,0.025988049033853988,0.02611553714145809,0.0012992922615824298,58.92869264291524,-0.36270741238735127,-0.15332237510550334,-0.028657373499065053,-0.009230644907472385,-0.03303303365630428,-0.02127638120226749,0.014613565029443793,0.22581044309759205,-0.003062815987183942,0,-0.015998870134353638,20,0.0451931034932371,61
2020-02-20,287.45208740234375,27011736.0,15.5600004196167,-0.020124926212061633,-0.015281636776963925,0.0038595648186294795,55.14034688831416,-0.5953820551177387,-0.2417343111079504,-0.025372864585353483,-0.0030533585942120745,-0.019519496302664252,-0.0224546897492105,0.01458291856808089,0.37097175139983346,-0.0015362189902996537,0,-0.015998870134353638,20,0.0451931034932371,61
2020-02-21,287.010498046875,22813534.0,17.079999923706055,-0.0157579317453711,-0.0298576125032064,0.0017898265002425084,60.2041967747714,-0.8061185237316977,-0.35461115363269985,-0.028357968157244784,-0.02105241934142832,-0.022522527664510572,-0.01957788232536417,0.014562726282720088,0.33871343516845376,-0.015384975267843104,0,-0.015998870134353638,20,0.0451931034932371,61
2020-02-24,282.5948486328125,41693680.0,25.030000686645508,-0.026443644020529122,-0.047497456989589515,0.005359760024308047,44.31804080555551,-1.3142844450071038,-0.5465458119075807,-0.02985062309833486,-0.009146428189887201,-0.02402414712010248,-0.02402414712010248,0.01455389666061085,0.3225831623137968,0.006250494056847078,1,-0.015998870134353638,20,0.0451931034932371,61
2020-02-25,284.3612060546875,36195011.0,27.850000381469727,-0.004803967477241988,-0.030601308947146855,-0.001480898989105861,43.67819013928422,-1.556536532637324,-0.7485439560535294,-0.034691031469883726,-0.022901191872412463,-0.039039511478671796,-0.039039511478671796,0.014734155588041422,0.1612893516789641,-0.01086966787108068,0,-0.015998870134353638,20,0.0451931034932371,61
2020-02-26,281.2702941894531,60479362.0,27.559999465942383,0.02172288041643733,0.0021991546079724866,0.002340025544466995,33.33344303757892,-1.9751653366097344,-0.9938682321647704,0.0,-0.028657373499065053,-0.03303303365630428,-0.047337217004767784,0.014565209846781103,0.22581044309759205,-0.007849368508023202,0,-0.015998870134353638,20,0.0451931034932371,61
2020-02-27,279.0625,61250927.0,39.15999984741211,-0.03161918004003317,-0.04645842968444269,-0.006740536053203794,35.00003455675774,-2.4567621943039057,-1.2864470245925974,-0.024502422056847384,-0.049253590005339354,-0.04354364342276673,-0.0478325289669026,0.01457344175606672,0.11290633628776317,0.0,0,-0.015998870134353638,20,0.0451931034932371,61
2020-02-28,279.0625,61250927.0,40.11000061035156,0.01032105671079453,0.022107700301859934,-0.0004965369954157417,35.4430745192455,-2.806084379741776,-1.5903744956224333,-0.02918603749988058,-0.056716348935067495,-0.0015796849976219551,-0.04531713853640251,0.014537848570713633,0.03226054570931398,-0.015822937080067212,0,-0.015998870134353638,20,0.0451931034932371,61
2020-03-02,274.64691162109375,79912942.0,33.41999816894531,0.03974727989317395,0.03508564117509971,-0.0022853059426798383,24.691549742830134,-3.400032351496293,-1.9523060667972054,-0.02769236003895903,-0.056716348935067495,-0.012499692226882186,-0.04531713853640251,0.014537848570713633,0.03226054570931398,0.020900525910509726,1,-0.015998870134353638,20,0.0451931034932371,61
2020-03-03,280.3871765136719,49679411.0,36.81999969482422,-0.019649970570856712,-0.03405498813337826,-0.01058957105044478,29.885295792908025,-3.3687165276624,-2.2355881589702444,-0.02812484746332311,-0.06184019896477111,-0.012698318665815389,-0.08259576947130365,0.014153771903106632,0.0,0.009448582875829947,1,-0.015998870134353638,20,0.0451931034932371,61
2020-03-04,283.03643798828125,42941146.0,31.989999771118164,0.040087584710822854,0.0494411034332678,-0.0011742944825949841,34.4086788633293,-3.094454308420154,-2.4073613888602265,-0.013975287262817937,-0.013975287262817937,-0.02307693125608734,-0.06480109230569409,0.014579472350938726,0.18571593598473965,0.007800604191820604,1,-0.015998870134353638,20,0.0451931034932371,61
2020-03-05,285.2442932128906,37861525.0,39.619998931884766,-0.023650984514326345,-0.03103534293664112,-0.0006718326320500623,37.75526971475238,-2.668186861655613,-2.459526483419304,0.006279169309072241,-0.018377107604352516,-0.021374354299124043,-0.03463848038386563,0.014302058441196799,0.2714280213384201,-0.024768144681356463,0,-0.015998870134353638,20,0.0451931034932371,61
2020-03-06,278.1793212890625,51546760.0,41.939998626708984,-0.011842931890631347,-0.019688248802865793,0.004504227838596275,34.57954610046352,-2.867397455844582,-2.54110067790436,0.022152002554591155,-0.0076805641225450305,-0.028571289007286782,-0.019726734584313177,0.014320118619036447,0.34285920216899135,-0.030158479405137273,0,-0.015998870134353638,20,0.0451931034932371,61
2020-03-09,269.78985595703125,87871277.0,54.459999084472656,-0.058834044466565594,-0.08337597094366245,0.0005688090808786406,34.57954610046352,-3.6600423358315766,-2.7648890094898033,-0.0031648061310189934,-0.030769525219144334,-0.03963452215617769,-0.0440062846493946,0.01480611065610843,0.1142847551541684,0.004909917726130919,1,-0.015998870134353638,20,0.0451931034932371,61
2020-03-10,271.114501953125,71950130.0,47.29999923706055,0.05170743219096918,0.06311287907733099,0.0028093222217508984,30.693185161868655,-4.133680753958288,-3.0386473583835003,-0.017684727038778214,-0.045312194251705296,-0.06717568286939946,-0.09481489854791114,0.014924762446070838,0.0,-0.0162865774864136,0,-0.015998870134353638,20,0.0451931034932371,61
2020-03-11,266.698974609375,62216710.0,53.900001525878906,-0.041643730265097045,-0.056721980644431014,-0.00817077986481074,28.440511819011874,-4.809893311206224,-3.392896548948045,-0.033070965212614656,-0.046584076236527605,-0.07390647246377358,-0.0957290228489277,0.014911991963515038,0.037036563004222776,-0.026490206417252304,0,-0.015998870134353638,20,0.0451931034932371,61
2020-03-12,259.6340637207031,113527351.0,75.47000122070312,-0.0679554304632296,-0.10907243939374056,0.011062558021334157,25.00015327566824,-5.84845851029786,-3.8840089412180085,-0.05772212049807768,-0.051805398156491544,-0.09850738632096767,-0.1156661774384572,0.015007822080313067,0.0,-0.013605457369210372,0,-0.015998870134353638,20,0.0451931034932371,61
2020-03-13,256.10162353515625,149995148.0,57.83000183105469,0.07270481656592676,0.10929454282711615,-0.0040240875630898065,25.410035735084506,-6.877290193785939,-4.482665191731595,-0.08978349471508418,-0.06962037636478169,-0.12238811174095354,-0.15028907507262712,0.015223705933458646,0.0,-0.046551702360050795,0,-0.015998870134353638,20,0.0451931034932371,61
2020-03-16,244.17965698242188,103873228.0,82.69000244140625,-0.14034081970339074,-0.15896285529404264,0.005309215873231965,18.6207185826822,-8.556021292534183,-5.297336411892113,-0.07936498533248204,-0.08227861667133263,-0.1343284228733742,-0.14705900886955414,0.01515315248877952,0.0,-0.03074139771903972,0,-0.015998870134353638,20,0.0451931034932371,61
2020-03-17,236.67323303222656,121323651.0,75.91000366210938,0.08106898579684318,0.09835383001964537,0.004284708160204653,17.419393818596816,-10.37256498937495,-6.31238212738868,-0.09492647113718111,-0.11093244944514391,-0.16591256366457785,-0.17339324034667303,0.016435374493149902,0.0,-0.029850650041839066,0,-0.015998870134353638,20,0.0451931034932371,61
2020-03-18,229.60838317871094,117437643.0,76.44999694824219,-0.08590849201653228,-0.09791664456054106,-0.006813049807309568,16.26510902395647,-12.241154882742876,-7.49813667845952,-0.1270358784675164,-0.15590564456257783,-0.16770210565673904,-0.19519543001265116,0.01693095390120869,0.0,-0.03689322194912614,0,-0.015998870134353638,20,0.0451931034932371,61
2020-03-19,221.13739013671875,160811697.0,72.0,-0.0014334023757403003,0.04225856075906642,0.00316348022585089,14.580101902954823,-14.24139820559472,-8.846788983886562,-0.13907286852148348,-0.18876740814475068,-0.20367551677743245,-0.21921936958341626,0.017336952920545587,0.0,0.08870985326162706,1,-0.015998870134353638,20,0.0451931034932371,61
2020-03-20,240.75445556640625,157664726.0,66.04000091552734,0.01458179408398097,-0.031821723932615176,0.006506195701504236,32.52437267390373,-14.081351165511023,-9.893701420211455,-0.14827281533210723,-0.22474385851543055,-0.23069826302149965,-0.24802488267495393,0.01796308017985765,0.0,-0.05555579498752827,0,-0.015998870134353638,20,0.0451931034932371,61
2020-03-23,227.379150390625,76466709.0,61.59000015258789,0.01639337876646496,0.03356073339575327,-0.001714984573127798,24.662931821424095,-14.862462858493444,-10.887453707867854,-0.059926086203210716,-0.13453503858314186,-0.1611649845397437,-0.1813172803606543,0.023208178068265285,0.2625966846766175,0.04901969731946809,1,-0.015998870134353638,20,0.0451931034932371,61
2020-03-24,238.52520751953125,81952933.0,61.66999816894531,0.07976152630493183,0.11154737391750724,-0.0017509497517687045,30.322610412660936,-14.415927999595425,-11.593148566213369,-0.06880387498048746,-0.1571990370652071,-0.1953881980132327,-0.2267998496927699,0.024493506956095364,0.08355304492901279,0.03551416492899051,1,-0.015998870134353638,20,0.0451931034932371,61
2020-03-25,246.99623107910156,79447199.0,63.95000076293945,0.0026600855922880307,-0.012910325126169409,-0.0023497202290181374,33.978613906342616,-13.226043504258428,-11.919727553822382,0.007825027205558666,-0.12020491046704818,-0.16118935199037387,-0.18889781235734227,0.02590462603193869,0.23275566953959834,0.010830013569409491,1,-0.015998870134353638,20,0.0451931034932371,61
2020-03-26,249.67120361328125,52845633.0,61.0,0.017755293537448313,0.06793567892282804,0.003582677060730566,37.60254087434659,-11.929685552145173,-11.92171915348694,0.07572827986361963,-0.07387633776669511,-0.12185454283083952,-0.16009219549113596,0.02662952691872214,0.34614993386183945,-0.024999981665339677,0,-0.015998870134353638,20,0.0451931034932371,61
2020-03-27,243.42942810058594,68752306.0,65.54000091552734,-0.05935451338925857,-0.05332535474955369,-0.0040326493093088,38.31830845761725,-11.275989071563231,-11.792573137102199,0.12903206218957997,-0.03837270027148387,-0.10532155480123184,-0.1509959825712519,0.02671952635209589,0.3819574771253471,-0.020146375149960316,0,-0.015998870134353638,20,0.0451931034932371,61
2020-03-30,238.52520751953125,49159956.0,57.08000183105469,0.019398879062442642,0.037991643052057045,0.0011947594661929628,36.00206793025034,-11.026552284734862,-11.639368966628732,0.011110791399006281,-0.04948112104736713,-0.12768849952757555,-0.17222106744077037,0.02691637799779127,0.29840422794012517,0.024299084671764115,1,-0.015998870134353638,20,0.0451931034932371,61
2020-03-31,244.32115173339844,48837923.0,53.540000915527344,-0.0006269840967920715,-0.022468042953808998,-0.0045413574793837785,40.500801168388385,-10.243111363068152,-11.360117445916616,0.04901969731946809,-0.02315692278696946,-0.13152051806574272,-0.14661263040480899,0.026075735516531178,0.23275566953959834,-0.009124190731216175,0,-0.015998870134353638,20,0.0451931034932371,61
2020-04-01,242.0919189453125,44515034.0,57.060001373291016,-0.026784245717376476,-0.054852731201988414,0.006659968398860627,42.234709095919726,-9.69040429513592,-11.026174815760477,0.024299084671764115,0.03231425287594947,-0.12862936610981146,-0.13543664042207892,0.026334054376252424,0.3103409608048675,0.0,0,-0.015998870134353638,20,0.0451931034932371,61
2020-04-02,242.0919189453125,44515034.0,50.90999984741211,0.03483104685069205,0.03283534388443732,-0.0003969279004539805,43.59818757322961,-9.146939734275804,-10.650327799463543,-0.019855817687430388,0.05436881525743442,-0.1446616532273629,-0.1297271205369387,0.026277834306933538,0.28050014992405753,0.0,0,-0.015998870134353638,20,0.0451931034932371,61
2020-04-03,242.0919189453125,44515034.0,46.79999923706055,-0.02223117823530596,-0.021409014317461006,-0.004533755898133762,48.9293416509902,-8.61690978221418,-10.24364419601367,-0.030357063843487464,0.09475796379634649,-0.1512821651277404,-0.1565050038491147,0.025705237789392685,0.28050014992405753,0.014732754912851087,1,-0.015998870134353638,20,0.0451931034932371,61
2020-04-06,245.65859985351562,56392754.0,45.2400016784668,0.0618357692039726,0.10383631899615131,0.005618185204120385,54.802023999315004,-7.818924194249803,-9.758700195660898,-0.005494443156317086,0.005555300630925686,-0.1297271205369387,-0.16294395809690831,0.02564924343906459,0.28050014992405753,0.027223422467878233,1,-0.015998870134353638,20,0.0451931034932371,61
2020-04-07,252.3462677001953,48787346.0,46.70000076293945,-0.005002914105183498,-0.004708452599699653,-0.0056198372328577495,62.20093123854333,-6.571128088340288,-9.121185774196777,0.029906240972037645,0.08039193317191806,-0.08944463837572514,-0.1633844298442535,0.025639632379098814,0.32824422179609836,0.007067279042845209,1,-0.015998870134353638,20,0.0451931034932371,61
2020-04-08,254.12966918945312,37912826.0,43.349998474121094,0.01106205834643137,0.03438293002166026,0.0005651661704579869,69.07214839810968,-5.37635976019871,-8.372220571397163,0.032846587001823746,0.057943813672323596,-0.06922622772932552,-0.12881862376040054,0.026035189341671258,0.4177662459261099,-0.007017683118015983,0,-0.015998870134353638,20,0.0451931034932371,61
2020-04-09,252.3462677001953,27620430.0,41.66999816894531,-0.03859151705501318,-0.023269874100592225,-0.000996799897791445,58.44149840844273,-4.521284297006389,-7.602033316519009,0.04972388296389152,0.028880756921618955,-0.04712918539837552,-0.12132228143510071,0.026080385843780043,0.44163909888696706,-0.01236757203890615,0,-0.015998870134353638,20,0.0451931034932371,61
2020-04-10,249.22535705566406,27252858.0,41.66999816894531,0.0,0.0,0.0,68.70225038920758,-4.048790304074629,-6.891384714030133,0.04235725339183771,0.010714347702899252,-0.028069491021592397,-0.13801643389965068,0.02597995695448791,0.4177662459261099,-0.003577307689175857,0,-0.015998870134353638,20,0.0451931034932371,61
2020-04-13,248.33380126953125,22196596.0,41.16999816894531,0.008689963093939435,0.013703978516880655,-0.0013636334513190684,60.18528905663248,-3.7035839016221814,-6.2538245515485436,0.029465824970237753,0.02380948351356782,-0.026849757469609492,-0.1575714947675585,0.025924530600374113,0.37598931494918514,0.023339021471472154,1,-0.015998870134353638,20,0.0451931034932371,61
2020-04-14,254.12966918945312,48809688.0,37.7599983215332,0.03856422145973726,0.044392955305417425,-0.0058615431026438625,57.84314350511409,-2.9285685225944746,-5.58877334575773,0.010889915588588428,0.04112183300038352,0.017012655101765528,-0.16058512073690734,0.025917784741140683,0.3640548289027438,0.008771848713409858,1,-0.015998870134353638,20,0.0451931034932371,61
2020-04-15,256.3588562011719,55216434.0,40.84000015258789,-0.01915860115748258,-0.028217421870062265,0.005728627296222477,57.4257999455114,-2.1101618569217635,-4.893051047990537,0.007067279042845209,0.040146002040616136,0.07375754297846426,-0.14099399884631292,0.026250092223285972,0.46070056387388864,-0.0034784194547690106,0,-0.015998870134353638,20,0.0451931034932371,61
2020-04-16,255.46713256835938,47815280.0,40.11000061035156,0.055175212778881155,0.026069360612204218,-0.0038639359833286813,65.16855704097937,-1.5160472735344968,-4.217650293099329,0.008771848713409858,0.05893190205610388,0.11650477500919587,-0.12430992903676008,0.026289580022145705,0.5241460022943425,0.06980859373273463,1,-0.015998870134353638,20,0.0451931034932371,61
2020-04-17,273.3009338378906,116368201.0,38.150001525878906,0.024617989065309986,0.0087351597543881,0.0010700413736148828,83.05088334385209,0.38934342467780425,-3.296251549543902,0.012367390635917186,0.05524849272671628,0.15524169119666364,-0.10161046187422385,0.025971229071528764,0.5108758738892739,-0.008156529070043383,0,-0.015998870134353638,20,0.0451931034932371,61
2020-04-20,271.0717468261719,41381669.0,43.83000183105469,-0.020487804647423058,-0.02232010742737056,0.003273526801443216,77.27280505603977,1.6999070485568382,-2.2970198299237543,0.09660163422636536,0.12891390604255615,0.13518536217705512,-0.05214164269729327,0.0281574793479585,0.7866060745513116,-0.029605699039648714,0,-0.015998870134353638,20,0.0451931034932371,61
2020-04-21,263.0464782714844,61479357.0,45.40999984741211,-0.023198405960801805,-0.047296363965242616,-0.0001664445078075616,69.10564717051587,2.067137387135915,-1.4241883865118206,0.0915620243414299,0.1034490426462169,0.19215744434124837,-0.05698459428212288,0.028178014521882903,0.7580385725470575,-0.0033897530334391357,0,-0.015998870134353638,20,0.0451931034932371,61
2020-04-22,262.1548156738281,42192580.0,41.97999954223633,0.030757337325064027,0.05880282420629701,0.002197801639430619,67.99998466737233,2.260166563279313,-0.6873173965535939,0.03508763502691914,0.04240288817745319,0.10280368690149966,-0.08349527260663747,0.028521471723982724,0.6537375247244311,0.005101807401357572,1,-0.015998870134353638,20,0.0451931034932371,61
2020-04-23,263.4922790527344,39474478.0,41.380001068115234,-0.005854550669727843,-0.010373784999006208,-0.0013955281750928084,68.74994986622973,2.492335599734247,-0.05138679729602577,0.02260877411665474,0.03157894357621127,0.0613717242910965,-0.07232981442468889,0.028440861158767254,0.6398285296728877,-0.005075911080637652,0,-0.015998870134353638,20,0.0451931034932371,61
2020-04-24,262.1548156738281,26008090.0,35.93000030517578,0.0017098475161601012,0.022761276197796665,-0.0066214582617247775,65.04070786610646,2.5391394972180024,0.4667184616067799,0.03141361631805051,0.044169511418259866,0.05535710662436166,-0.07338879761938999,0.02843387898548524,0.6606915462082065,0.013605479396560538,1,-0.015998870134353638,20,0.0451931034932371,61
2020-04-27,265.7215576171875,38493406.0,33.290000915527344,0.014792314286734332,0.013203634347746629,0.007502962124291246,62.9310723801819,2.8313995776545084,0.9396546848163256,-0.04078331532768875,0.0518785839888527,0.07692326979261033,-0.06796124194597508,0.028400973479970948,0.6398285296728877,-0.0050336711241455445,0,-0.015998870134353638,20,0.0451931034932371,61
2020-04-28,264.3840026855469,37395165.0,33.56999969482422,-0.014016061478739239,-0.006857857126278177,-0.005518812580219246,59.9999761915249,2.9214120725932275,1.336006162371706,-0.019737170220160416,0.07001767886114019,0.11401876715872605,-0.04780628849384094,0.028472909833329684,0.6954659380050509,0.008431625926967001,1,-0.015998870134353638,20,0.0451931034932371,61
2020-04-29,266.6131896972656,44059301.0,31.229999542236328,0.03260036327491411,0.04935183121504716,-0.0036104637197907907,63.79310802649348,3.136469121441962,1.6960987541857575,0.005084745566074744,0.04035079228962113,0.08211671731983672,-0.052599318484042534,0.028480157932397044,0.6746014933437428,0.018394802149768852,1,-0.015998870134353638,20,0.0451931034932371,61
2020-04-30,271.5174865722656,55126085.0,34.150001525878906,-0.024779703911185003,-0.03700161265680968,-0.005871536407224598,70.83339156286837,3.660443834967964,2.0889677703421987,0.017006645527292585,0.03999991905115574,0.10128909241903439,-0.029251091433758925,0.02841592648809956,0.7093744570145978,0.0,0,-0.015998870134353638,20,0.0451931034932371,61
2020-05-01,271.5174865722656,55126085.0,37.189998626708984,-0.03820812961596465,-0.05016055908491124,-0.0015187336337670887,72.03378376418655,4.029250874511547,2.4770243911760685,0.03045708795863855,0.06282747155198676,0.12154708738378095,-0.031633721811716864,0.02837288859890926,0.7858763100080689,-0.031198757795390275,0,-0.015998870134353638,20,0.0451931034932371,61
2020-05-04,263.0464782714844,71581861.0,35.970001220703125,0.020547880560507936,0.010277319486226899,0.010410700493712177,58.06446805081134,3.596534919966132,2.7009264969340814,0.03571428155676726,-0.006525580577353085,0.12154708738378095,-0.04069776844949047,0.028330502852948088,0.7858763100080689,0.0016947605008035271,1,-0.015998870134353638,20,0.0451931034932371,61
2020-05-05,263.4922790527344,23547405.0,33.61000061035156,-0.008437139606619959,0.01697462850962239,-0.009467067273902785,56.66660582296994,3.252088751006454,2.811158947748556,-0.010067227400333834,-0.029605699039648714,0.07078066238404435,-0.07782036475253518,0.028685256127236543,0.7347066848567531,0.0016924722452735796,1,-0.015998870134353638,20,0.0451931034932371,61
2020-05-06,263.938232421875,34240479.0,34.119998931884766,0.008122030908617184,0.010802012429713015,0.0005065649895052982,57.98326046479791,2.9807373061859153,2.845074619436028,-0.0033728350571691212,0.0016947605008035271,0.044169511418259866,-0.05279703095208321,0.028452092009484824,0.8119634118159826,0.005067219133264356,1,0.0,0,0.0451931034932371,61
2020-05-07,265.2756652832031,27621198.0,31.440000534057617,0.003836852531135415,0.010060051946091386,0.012556953269218019,39.02422940217001,2.8408613049517157,2.844231956539166,-0.010033101807258582,0.006802914314058661,0.03859668673754735,-0.021689560989603063,0.028075233742147727,0.8205125504959647,0.0,0,-0.015998870134353638,20,0.0451931034932371,61
2020-05-08,265.2756652832031,32295893.0,27.979999542236328,0.01108335704111374,0.02938086186833755,-0.00723402526357908,41.558244141805645,2.6988973574895567,2.815165036729244,-0.022988653025119987,0.006768267506281678,0.0512367299934422,-0.021536423274515215,0.028075934713046802,0.8461517760246183,0.011764898068496121,1,-0.015998870134353638,20,0.0451931034932371,61
2020-05-11,268.3966064453125,28727019.0,27.56999969482422,-0.009638945532989385,-0.0007321015135849374,0.0020147570369026813,59.090970374864526,2.805879344831453,2.813307898349686,-0.022988653025119987,0.011904605304897231,0.06440078335991406,-0.005336763398721578,0.027959703529644574,0.8461517760246183,-0.019933665498554798,0,-0.015998870134353638,20,0.0451931034932371,61
2020-05-12,263.0464782714844,52089788.0,33.040000915527344,-0.0248091741723776,-0.027655858750113893,0.0017426288709940785,51.315758661995304,2.430930456719011,2.7368324100235513,0.020339098280214962,0.010067112552376356,0.08078966726726788,0.033749588166657185,0.02768919781735944,0.9059817059079913,0.006779738098710242,1,-0.015998870134353638,20,0.0451931034932371,61
2020-05-13,264.8298645019531,26156418.0,35.279998779296875,-0.0035226712195054466,-0.019516150875182547,-0.003479194796687679,51.94813507069824,2.251728600295394,2.63981164807792,-0.0016918931471262555,-0.0050590217277757255,0.03508763502691914,0.027117574033554526,0.02778854071878042,0.803417198318605,-0.013467935092928096,0,-0.015998870134353638,20,0.0451931034932371,61
2020-05-14,261.2631530761719,34315948.0,32.61000061035156,0.023173595963931426,0.028068660502761578,0.003491341855103469,48.78052038031002,1.8011435722625038,2.472078032914837,0.0033781846301559337,-0.006688810847420679,0.033043556311289635,0.0845697294145098,0.026761777786967075,0.8376055625272407,0.017064804158264835,1,-0.015998870134353638,20,0.0451931034932371,61
2020-05-15,265.7215576171875,42494804.0,31.889999389648438,-0.0441458814251382,-0.021943033902561915,-0.0005352852794888729,50.0,1.7832514644287016,2.33431271921761,-0.015125820918204358,-0.03776675169451571,0.02268793033977312,0.10389818793153105,0.02637183972606946,0.7692300041830111,-0.026845710038308712,0,-0.015998870134353638,20,0.0451931034932371,61
2020-05-18,258.58807373046875,84986065.0,29.299999237060547,0.04156640896714148,0.04800429405245166,0.0026108255379915235,43.298998171629705,1.1798586315508146,2.1034219016842512,0.0016808640683583231,-0.021346429757611585,-0.02773271248754261,0.15728160243334233,0.02595012866655458,0.8546997446315586,0.005172413386151042,1,-0.015998870134353638,20,0.0451931034932371,61
2020-05-19,259.92559814453125,51250214.0,30.530000686645508,-0.020435827736010825,-0.003887740841200027,-0.00046738127608203506,42.10532383306758,0.800366380913033,1.8428107975300076,-0.03654492076017479,-0.016949113214943745,-0.046053021909761904,0.16935482312871653,0.025609856487472066,0.679610437510176,0.008576367796054196,1,-0.015998870134353638,20,0.0451931034932371,61
2020-05-20,262.1548156738281,32677994.0,27.989999771118164,0.02027174200845483,0.036708541993264454,-0.003173053407098614,38.202277436215326,0.6717517267001085,1.608598983364028,-0.011864367648869,-0.013536187553675139,-0.011864367648869,0.07962944043142373,0.02184067922169743,0.7087365801304523,0.011904605304897231,1,-0.015998870134353638,20,0.0451931034932371,61
2020-05-21,265.2756652832031,30997468.0,29.530000686645508,-0.02102634399401382,-0.027069941203277104,0.001172720664009086,42.708296197213826,0.8122866333870888,1.4493365133686402,-0.010101008937023703,-0.006756947380007761,0.0,0.15294131068508454,0.019867209053111498,0.6794856831450834,-0.018487434013919724,0,-0.015998870134353638,20,0.0451931034932371,61
2020-05-22,260.37139892578125,40192923.0,28.15999984741211,-0.0187192509165226,0.006337437968355619,-0.00013385910961671854,46.590874618764595,0.5219119746907381,1.26385160563306,0.015358125169152359,0.0,0.006768267506281678,0.11214939520168521,0.018580731162539575,0.7692278665521166,0.0,0,-0.015998870134353638,20,0.0451931034932371,61
2020-05-25,260.37139892578125,26803223.0,28.15999984741211,0.0,0.0,0.00642660819064389,45.97703410266598,0.28846274665579585,1.0687738338376072,-0.020134454800667556,-0.018487434013919724,-0.00680291431405855,0.054151303395379546,0.018117326281902373,0.6282023042813227,0.01198626323716434,1,-0.015998870134353638,20,0.0451931034932371,61
2020-05-26,263.4922790527344,33856481.0,28.010000228881836,0.0204819641481524,0.010098124396018537,-0.000997761269583175,49.46223025951172,0.35123270351749625,0.925265607773585,0.006896393826620439,-0.029900555099478976,-0.020134454800667556,0.04285714634945914,0.018057022223803176,0.6282023042813227,0.0033842495727702815,1,-0.015998870134353638,20,0.0451931034932371,61
2020-05-27,264.3840026855469,23375959.0,27.6200008392334,0.018103494779408535,0.014721176310134698,-0.0020973342139216644,48.913070974404455,0.4675434415278801,0.833721174524444,0.013721930174110275,0.0016947605008035271,-0.0033728350571691212,0.0824175249011323,0.01764751467372261,0.7179453652423673,-0.00843162592696689,0,-0.015998870134353638,20,0.0451931034932371,61
2020-05-28,262.1548156738281,28444568.0,28.59000015258789,-0.028218466890037264,-0.023087637192063748,0.0016680312401748942,46.39180641136737,0.37551507360370806,0.7420799543402969,0.008503322763646182,-0.0016835783126074588,-0.008361128023148257,0.108411163058723,0.017296083506696727,0.7142834792115049,-0.00680291431405855,0,-0.015998870134353638,20,0.0451931034932371,61
2020-05-29,260.37139892578125,79774181.0,27.510000228881836,0.0009946326354945967,0.02650358247470619,-0.0038301339743295193,40.42547768845392,0.15686683879209795,0.6250373312306572,-0.011764552945492501,0.003412890746963715,-0.03448275474495299,0.07299271395007856,0.01702976110688113,0.642855815781831,0.01198626323716434,1,-0.015998870134353638,20,0.0451931034932371,61
2020-06-01,263.4922790527344,35811214.0,28.229999542236328,0.01390807852757403,-0.004993279342270451,0.0011367568339006873,50.56174590380793,0.23273268388135193,0.5465764017607961,0.0,-0.020134454800667556,-0.041051085833168965,0.07550636163364866,0.016997117258540414,0.5857115337791654,0.0033842495727702815,1,-0.015998870134353638,20,0.0451931034932371,61
2020-06-02,264.3840026855469,24771587.0,26.84000015258789,0.019204498067081355,0.02179317080691412,-0.0037069215913086984,49.42526203487923,0.3606541607553595,0.5093919535597088,0.01198626323716434,0.018965319055577856,0.0016947605008035271,0.08839766399743443,0.017065380122430043,0.6857108492876889,0.01517718061231621,1,-0.015998870134353638,20,0.0451931034932371,61
2020-06-03,268.3966064453125,65176337.0,25.65999984741211,0.02018852558494122,0.02870322210372156,0.0012770853989403363,59.0908701993194,0.776861268364371,0.5628858165206413,0.0033842495727702815,0.01715261818321001,0.0033842495727702815,0.09208107332682203,0.017062926628662704,0.6774175741677928,0.016611255261619995,1,-0.015998870134353638,20,0.0451931034932371,61
2020-06-04,272.8550109863281,46572451.0,25.809999465942383,0.022992833307340588,0.00825819250978821,-0.00043853994803289,59.0908701993194,1.4497525409212244,0.740259161400758,0.01517718061231621,0.023809559841351025,0.016891732518354186,0.09255937551282711,0.01707099909622922,0.803568656546754,0.017974003326058474,1,-0.015998870134353638,20,0.0451931034932371,61
2020-06-05,277.7593078613281,42981262.0,24.520000457763672,0.01694919877832768,0.025743952974305984,-0.00042870308660469814,75.90359061141584,2.351651122942485,1.0625375537091035,0.04081632177916239,0.028571583055058802,0.028571583055058802,0.0812722275349782,0.016768201825565605,0.9821396049249318,0.020866841573315975,1,-0.015998870134353638,20,0.0451931034932371,61
2020-06-08,283.5552673339844,50302921.0,25.809999465942383,0.006702690771470454,-0.0025651847643365366,-0.004429531144951149,78.49460466204893,3.49382311951922,1.548794666871127,0.06678117875958911,0.06678117875958911,0.047059132109979585,0.09298260508992029,0.016932282021815022,1.0,0.003144366073263072,1,-0.015998870134353638,20,0.0451931034932371,61
2020-06-09,284.4468688964844,36417082.0,27.56999969482422,0.018715360253364954,-0.0002651976354534069,-0.0021202748538675653,77.77771017354176,4.419996482284262,2.123035029953754,0.07614260407696682,0.08904153261016079,0.05647858625872959,0.12367529711542047,0.017105533406894576,1.0,0.010971857966441512,1,-0.015998870134353638,20,0.0451931034932371,61
2020-06-10,287.5677795410156,39984259.0,27.56999969482422,0.016604626101279107,0.003288174442474423,-0.0018549850213626096,77.77774397571119,5.344222085925651,2.7672724411481333,0.0758853259166361,0.07952639037121934,0.08135592905719546,0.14132394976548723,0.01693397960472797,1.0,-0.006201620478188508,0,-0.015998870134353638,20,0.0451931034932371,61
2020-06-11,285.7843933105469,50104255.0,40.790000915527344,-0.04361424213110765,-0.0638512255532534,-0.001419152487548092,84.33726792233743,5.865163220411603,3.3868505970008274,0.07142852269858846,0.087689786900772,0.08585857596470126,0.1579888765480677,0.016938874058460247,1.0,-0.014040561122689588,0,-0.015998870134353638,20,0.0451931034932371,61
2020-06-12,281.7718200683594,45992918.0,36.09000015258789,0.017442070948459953,0.01448847468962855,-0.0009474462290381958,76.08690961658792,5.886377204231337,3.8867559184469296,0.047385541051568225,0.09013596632197118,0.09385648127436386,0.12456130849285141,0.016712627018281197,0.9444439162865514,-0.020569475102563017,0,-0.015998870134353638,20,0.0451931034932371,61
2020-06-15,275.9759216308594,51032404.0,34.400001525878906,0.00035710931979782146,0.0142658479018698,0.0034919500196484154,64.28577415384873,5.373565752617367,4.184117885281017,0.014446004484697683,0.08219190445214108,0.06040256046630099,0.09913043084903306,0.016888032438665396,0.8194441539576033,0.017770410162178507,1,-0.015998870134353638,20,0.0451931034932371,61
2020-06-16,280.880126953125,36608216.0,33.66999816894531,-0.0039273288590401245,0.01795947792359409,-0.004998629749581873,67.28970527744708,5.301771840421111,4.407648676309036,-0.026729694617866895,0.047377640904713525,0.06724149203614971,0.08027956025619898,0.017235236498301307,0.6000008424537729,0.0,0,-0.015998870134353638,20,0.0451931034932371,61
2020-06-17,280.880126953125,34522968.0,33.470001220703125,0.014336862941509931,0.009355501221764984,0.00016964274738429097,70.58818792432723,5.18510399650188,4.563139740347605,-0.012539220267027695,0.06239456283290434,0.0806174111290956,0.027732042510070665,0.013760752606018901,0.7692297971687235,0.006399909603341136,1,-0.015998870134353638,20,0.0451931034932371,61
2020-06-18,282.677734375,29044474.0,32.939998626708984,-0.0005338351074393177,-0.0019857775359438667,0.00016954928482681986,74.51781744216157,5.17800694450392,4.686113181178868,-0.023255917608588583,0.046511469251218296,0.07142844670301551,0.036183705021987755,0.013689441940923185,0.7692297971687235,0.0,0,-0.015998870134353638,20,0.0451931034932371,61
2020-06-19,282.677734375,48130280.0,35.119998931884766,-0.014960003428181379,-0.006741935159725432,0.0035266223248529016,72.64081973388613,5.113437949981289,4.771578134939353,-0.010870638874149519,0.03599979107279094,0.06559994514845058,0.0746303703912532,0.012830446979253052,0.831259668473379,-0.007948798115123945,0,-0.015998870134353638,20,0.0451931034932371,61
2020-06-22,280.4307861328125,37374616.0,31.770000457763672,0.012475208752120048,0.008424867911656087,-0.0003379140679948822,68.34992018906154,4.825333174839102,4.782329142919303,0.003215063544753427,0.017707512851837137,0.08567122019257245,0.07828549190836309,0.01280767269290877,0.831259668473379,0.009615137668791407,1,-0.015998870134353638,20,0.0451931034932371,61
2020-06-23,283.1271667480469,41300084.0,31.3700008392334,0.013571289311477441,0.002203329274293564,-0.005036511955486267,67.36759614602725,4.759716398095804,4.777806593954604,0.016142221667844847,-0.011018949605657413,0.07704143884386161,0.06428464295414171,0.012885592073345307,0.7537244354769921,0.007936934809346985,1,-0.015998870134353638,20,0.0451931034932371,61
2020-06-24,285.37432861328125,54147024.0,33.84000015258789,-0.0031712425085730356,-0.021849009708241773,0.0038389968337428915,65.57247984888849,4.8333262357874105,4.788910522321165,0.007999995654006886,-0.0046395383206617735,0.07451788631492628,0.07999986962021888,0.012900288835202053,0.8467681893667591,0.0,0,-0.015998870134353638,20,0.0451931034932371,61
2020-06-25,285.37432861328125,54147024.0,32.220001220703125,0.008130077077055375,0.008614925463842793,-0.005178011242434777,60.7883998619937,4.8359171201807385,4.798311841893081,0.016000425907334748,-0.007627596287857141,0.07939332831986756,0.07396001729150847,0.012804300626595107,0.9243107938336597,0.0,0,-0.015998870134353638,20,0.0451931034932371,61
2020-06-26,285.37432861328125,54147024.0,34.72999954223633,-0.012447341300226622,-0.01995359828077592,-0.0005103349808966984,53.0835024059875,4.7828368487489,4.795216843264245,0.009539464592934532,-0.0014348743558576516,0.0885717581794978,0.07939332831986756,0.012762451020766912,0.9243107938336597,-0.017323010463102584,0,-0.015998870134353638,20,0.0451931034932371,61
2020-06-29,280.4307861328125,56580892.0,31.780000686645508,0.0010651252368258923,0.011436469762617918,0.004833226767204435,44.014532606945565,4.292387813159564,4.694651037243309,0.009539464592934532,0.01278519812253709,0.0960279423571675,0.07036838251445299,0.012723467156748143,0.9243107938336597,0.0032050821642379823,1,-0.015998870134353638,20,0.0451931034932371,61
2020-06-30,281.32958984375,48991860.0,30.43000030517578,0.006738863921997407,0.02702809626643443,-0.00374291818790895,40.04327296355504,3.930916211639726,4.541904072122593,0.0,0.016142221667844847,0.06428464295414171,0.032827718292002483,0.012773946187438406,0.7537244354769921,0.01437722484782955,1,-0.015998870134353638,20,0.0451931034932371,61
2020-07-01,285.37432861328125,29532342.0,28.6200008392334,0.0008807495313876146,-0.01475624702075884,-0.0005270394861978112,49.389564122343394,3.9255724232704097,4.418637742352156,-0.006349008909825038,0.0016001947004957717,0.06409460098218522,0.0361380159906306,0.012778320950607543,0.7847393711293198,0.014173129154437358,1,-0.015998870134353638,20,0.0451931034932371,61
2020-07-02,289.4189758300781,34526178.0,27.68000030517578,0.0316790078895437,0.01353852359822505,0.0010783825818503345,61.37294877357583,4.199299746847771,4.374770143251279,0.0,0.016000425907334748,0.06325609847614855,0.08488176876009268,0.011887901641324772,0.9243107938336597,0.023291694438056343,1,-0.015998870134353638,20,0.0451931034932371,61
2020-07-03,296.1600341796875,53341987.0,27.68000030517578,0.0,0.0,0.00014952759779074398,79.19724817217289,4.903651452789234,4.48054640515887,0.014173129154437358,0.02384779781111157,0.06070610462264869,0.09839641932033572,0.012034831700485355,1.0,0.02579670695420666,1,-0.015998870134353638,20,0.0451931034932371,61
2020-07-06,303.79998779296875,57256220.0,27.940000534057617,0.05561227029902094,0.02668529633834371,0.0006421532072957703,80.72298028101719,6.009066878699855,4.786250499867068,0.0377949397859898,0.047694947868804904,0.06624701962299673,0.12208084240827088,0.012461800020159569,1.0,0.0014791683869219696,1,-0.015998870134353638,20,0.0451931034932371,61
2020-07-07,304.2493591308594,59046323.0,29.43000030517578,-0.018907568014971732,-0.01321081990435291,-0.0015924686833057589,80.95245024450303,6.842500987165806,5.197500597326815,0.08333322450941094,0.08333322450941094,0.07139603030240749,0.1452237334647255,0.012953679712032446,1.0,0.0073857208327319235,1,-0.015998870134353638,20,0.0451931034932371,61
2020-07-08,306.4964599609375,30720218.0,28.079999923706055,0.03096704435932396,0.014848220314377825,0.0025472526755430103,81.17658149374304,7.596755115717542,5.677351501004961,0.08146945829565588,0.07460319906923307,0.06961753634764567,0.14691771220721916,0.012946453688421252,1.0,0.011730136660587531,1,-0.015998870134353638,20,0.0451931034932371,61
2020-07-09,310.0917053222656,35522376.0,29.260000228881836,0.03498947812492581,0.01315274022766344,-0.004708425215486645,82.79579157043585,8.38792245191712,6.219465691187393,0.07401552708085202,0.07401552708085202,0.06582337023338902,0.14195355902679085,0.01289456860522969,1.0,0.01014488118148793,1,-0.015998870134353638,20,0.0451931034932371,61
2020-07-10,313.237548828125,60902108.0,27.290000915527344,-0.014356120225886837,-0.0033369600805055466,-0.0003476629450652746,88.42094879741985,9.16314451975552,6.808201456901019,0.07142838313519828,0.0866138759891033,0.08505472160372762,0.17884758374231846,0.012423258809910014,1.0,0.01721688499252938,1,-0.015998870134353638,20,0.0451931034932371,61
2020-07-13,318.6305236816406,48069523.0,32.189998626708984,0.01910722086150307,-0.01722398105182199,0.00453458644773197,89.10884698598989,10.09629775757594,7.465820717036004,0.05766313032661308,0.09763744465116897,0.11167095684774964,0.1827878604900124,0.012452436795261982,1.0,0.025387886180146646,1,-0.015998870134353638,20,0.0451931034932371,61
2020-07-14,326.7198791503906,61764150.0,29.520000457763672,0.02904536948679315,0.017525845889337033,-0.0002375850944679181,90.35079411314452,11.357647907135231,8.24418615505585,0.04881677578861021,0.13621805963463895,0.15455914341626986,0.21957696648001157,0.012296909893908232,1.0,-0.001375869527591056,0,-0.015998870134353638,20,0.0451931034932371,61
2020-07-15,326.2703552246094,73438362.0,27.760000228881836,-0.01344052810890295,-0.0027153078725055124,-0.0023187210973315553,89.56493601201284,12.18059386035003,9.031467696114687,0.07385560345540965,0.16134203775667655,0.16320041113095773,0.22955729328171603,0.012563372121359209,1.0,-0.015151394690244624,0,-0.015998870134353638,20,0.0451931034932371,61
2020-07-16,321.326904296875,68220512.0,28.0,0.008022893202306092,-0.003996763983706408,0.003038691639421387,81.74586151070218,12.29219253760391,9.683612664412532,0.0645159009868892,0.14330660648438176,0.16159999913080125,0.26173783082002133,0.011563128171418668,0.9932700237353881,0.026573427901728897,1,-0.015998870134353638,20,0.0451931034932371,61
2020-07-17,329.86566162109375,65727485.0,25.68000030517578,-0.0028533152424305985,0.006357284746506542,-0.00383689163183365,91.04466795992127,12.920699862881747,10.331030104106375,0.03623185909772442,0.11024822534625534,0.13672520054445836,0.23622646861507524,0.011999180939359368,0.9187174320307142,-0.002724664304075919,0,-0.015998870134353638,20,0.0451931034932371,61
2020-07-20,328.9668884277344,42769238.0,24.459999084472656,0.007379566236648927,0.020048420081554497,0.0030684358830124214,89.55220023158999,13.194178682214556,10.903659819728013,0.05308467281517615,0.11380883154867627,0.1669318857052049,0.2582857224011905,0.01243848473554458,1.0,0.04644797616086782,1,-0.015998870134353638,20,0.0451931034932371,61
2020-07-21,344.2467346191406,64219128.0,24.84000015258789,0.013753790538294064,-0.006576678656970314,-0.0002376576821485621,91.1949218161093,14.476986813117776,11.618325218405966,0.03243997036649682,0.0828403609150774,0.17307693981906502,0.24009448087345575,0.012461309783513033,0.9870669439677356,0.002611106092518911,1,-0.015998870134353638,20,0.0451931034932371,61
2020-07-22,345.1455993652344,43759670.0,24.31999969482422,0.01061807299899642,0.0042162956893943004,-0.0015281718179933623,90.7894348874591,15.388760322053827,12.372412239135539,0.053644900684731045,0.13146248065251687,0.21587320133600496,0.3221372855828455,0.013439087215704686,1.0,-0.006510676513879932,0,-0.015998870134353638,20,0.0451931034932371,61
2020-07-23,342.8984680175781,45209282.0,26.079999923706055,-0.016927103678778144,-0.016367184877364993,0.0010101124117392057,86.6195724893108,15.748483957195788,13.04762658274759,0.05785154500975431,0.12609979054643117,0.20944866008936236,0.3255895263043771,0.013413075075795164,1.0,0.01179537698900246,1,-0.015998870134353638,20,0.0451931034932371,61
2020-07-24,346.9430847167969,86682734.0,25.84000015258789,0.09692759158883635,-0.015577246518293175,-0.0001698563388655705,85.82072723237067,16.173496297404824,13.672800525679037,0.06713276551773917,0.10579696951654283,0.20157433110337486,0.3013605910970609,0.013542365393226423,0.9734927450095955,0.09974129690725286,1,-0.015998870134353638,20,0.0451931034932371,61
2020-07-27,381.5476379394531,99333798.0,24.739999771118164,0.12652243158106957,0.03232934429755341,0.0008257677922818285,90.95228024836752,19.082647005673323,14.754769821677895,0.05177084214154859,0.10760375317317483,0.2157473533190477,0.3122695820951169,0.013559164104771577,1.0,0.024734868150528833,1,-0.015998870134353638,20,0.0451931034932371,61
2020-07-28,390.98516845703125,166307746.0,25.440000534057617,-0.076036151350793,-0.021011019747755433,-0.009201721723594014,91.59281638637914,21.897281510640084,16.183272159470334,0.15983599371664248,0.19746103898280642,0.36057685820112306,0.4554286823179057,0.019576547091043547,1.0,-0.029885179305768284,0,-0.015998870134353638,20,0.0451931034932371,61
2020-07-29,379.3005065917969,85663166.0,24.100000381469727,0.07475294895552231,0.022277299873758816,0.004523645239955965,81.55726755285812,22.920828036556713,17.530783334887612,0.1357701588356386,0.1966984362070574,0.3897762004849321,0.5016440748489484,0.01955432011188182,1.0,0.028436181778962455,1,-0.015998870134353638,20,0.0451931034932371,61
2020-07-30,390.08636474609375,69293949.0,24.760000228881836,-0.03314354284650778,0.019584104374374522,-0.0018081159921993217,82.75852648799861,24.32195627245744,18.889017922401578,0.09895796814265512,0.16253438450048807,0.32913324206466243,0.43951279314672087,0.020490665112592437,0.9077049425727625,-0.01958520929250096,0,-0.015998870134353638,20,0.0451931034932371,61
2020-07-31,382.4464416503906,49897674.0,24.459999084472656,-0.013011653170804438,-0.005187370010225845,-0.003383606006801876,76.6916506262158,24.533080469332617,20.017830431787786,0.13761477851250303,0.21398600468789764,0.3478258072999292,0.4754537369269456,0.020689554592905807,0.992668127464848,-0.02232691416896182,0,-0.015998870134353638,20,0.0451931034932371,61
2020-08-03,373.9075927734375,76429571.0,24.280000686645508,0.0007609595798243607,0.01912559345015019,0.0051440198667760395,69.66280247075912,23.737750166508306,20.76181437873189,0.10233193424960318,0.15940058680522728,0.29135061288637965,0.4249302430294195,0.021147421448609073,0.9277176379896195,0.022836789201355012,1,-0.015998870134353638,20,0.0451931034932371,61
2020-08-04,382.4464416503906,41223445.0,23.760000228881836,0.01570556874804474,0.01494533924161856,-0.0021153284130982497,71.92979237451692,23.525274196741805,21.314506342333875,-0.02002383033289279,0.1366116345644781,0.23076895259207553,0.37035266980005277,0.021638983274247948,0.8515112814415239,0.008225419635565112,1,-0.015998870134353638,20,0.0451931034932371,61
2020-08-05,385.59222412109375,47223834.0,22.989999771118164,0.017957326371317306,-0.001018187056959885,0.0005812431220704184,75.44476005020692,23.341655737217366,21.719936221310576,-0.021839004380492244,0.11096606936159459,0.2570164247606459,0.37689874227843245,0.021707912695258347,0.9257561714185791,0.013986133533242295,1,-0.015998870134353638,20,0.0451931034932371,61
2020-08-06,390.98516845703125,41029627.0,22.649999618530273,-0.013597400400755077,-0.0011868837621428208,0.002497900058970437,74.81744697387256,23.361999731770595,22.048348923402582,0.016587685542081232,0.11718713734217023,0.258064201362185,0.35984856760543105,0.02161069535782279,0.9531086022666635,-0.004597713889115673,0,-0.015998870134353638,20,0.0451931034932371,61
2020-08-07,389.1875305175781,36589460.0,22.209999084472656,-0.006085847286411816,-0.011827911270790414,0.0010566511420713187,74.27526408273108,22.96830382655793,22.23233990403365,0.0023041146581028737,0.140235973398948,0.2608694839183021,0.37454551696724137,0.021621336333647347,1.0,0.005773511696989253,1,-0.015998870134353638,20,0.0451931034932371,61
2020-08-10,391.43450927734375,36067500.0,22.1299991607666,-0.001998920784263669,0.00033962264573772494,0.0017671278755686526,71.2549537648613,22.577351735485877,22.3013422703241,0.017626229801216864,0.12176189023990669,0.24246767979635564,0.3533766931008644,0.021699388912668188,0.984369622538524,-0.014925319607195231,0,-0.015998870134353638,20,0.0451931034932371,61
2020-08-11,385.59222412109375,34545313.0,24.030000686645508,-0.02416421961759785,-0.011382848909040066,-0.0036708406706819074,67.44176865065296,21.54770724442676,22.150615265144634,0.04687499489887692,0.025912547621273818,0.22849030518006863,0.36968469391536174,0.0215940042585551,1.0,-0.023309853213504095,0,-0.015998870134353638,20,0.0451931034932371,61
2020-08-12,376.6041259765625,52143474.0,22.280000686645508,0.018603836733550372,0.03361345204293675,0.00017060922328293593,63.736266743013324,19.778448520592463,21.6761819162342,0.008225419635565112,-0.013793219720379724,0.18019211173741878,0.36845559654456217,0.02161618921923716,0.9493993017293947,0.023866170136146225,1,-0.015998870134353638,20,0.0451931034932371,61
2020-08-13,385.59222412109375,44352335.0,22.1299991607666,-0.013729804032375559,-0.01113947383738556,-0.0007436044165027855,65.14084414430808,18.88388101321374,21.11772173563011,-0.023309853213504095,-0.007108824186560447,0.15427013195024286,0.36462675349011664,0.021707597733169534,0.8663974245127661,-0.0046617806954381,0,-0.015998870134353638,20,0.0451931034932371,61
2020-08-14,383.794677734375,23419955.0,22.049999237060547,0.0014048896767959729,-0.0007264104228865698,0.0014575205704610017,51.184834580801464,17.824414097515387,20.459060208007166,-0.013793219720379724,-0.01152088622201708,0.19999981005276735,0.37279994958647866,0.021797089233008986,0.9473685657494288,0.018735253873511937,1,-0.015998870134353638,20,0.0451931034932371,61
2020-08-17,390.98516845703125,34137731.0,21.350000381469727,0.02270097737314236,0.012177356570811648,0.001469051587654313,50.0,17.36482059901755,19.840212286209244,-0.013856694678863968,0.0035252938376579834,0.16348781454926886,0.366400257282798,0.021849571256633806,0.9311749973194918,-0.004597713889115673,0,-0.015998870134353638,20,0.0451931034932371,61
2020-08-18,389.1875305175781,41643160.0,21.510000228881836,-0.009726867662485206,-0.0058134927963170435,-0.0015758249305566352,55.97829657169387,16.663449212158127,19.20485967139902,-0.0011479335870056007,0.04567325193083627,0.1885243840974613,0.38314809025018826,0.02191466019828817,0.9959520202783879,-0.012702133483866396,0,-0.015998870134353638,20,0.0451931034932371,61
2020-08-19,384.2440185546875,31486800.0,22.540000915527344,-0.010955739405062892,-0.006271794826003485,0.0006477093669163825,46.19879627158706,15.529690627554373,18.469825862630092,0.009324115403725797,0.017626229801216864,0.13054821260151672,0.37678877106494113,0.021966917838631687,0.9797576270767065,-0.029239670403437112,0,-0.015998870134353638,20,0.0451931034932371,61
2020-08-20,373.00885009765625,75097235.0,22.719999313354492,-0.0220267313163941,-0.008965035098466245,0.0020882610800023738,44.13405235614011,13.568188946434418,17.489498479390956,0.020286268925796325,-0.0034964542386177744,0.11328094364048091,0.37019199586991447,0.02206244687813198,0.9352229770411039,0.022891649459688024,1,-0.015998870134353638,20,0.0451931034932371,61
2020-08-21,381.5476379394531,41609467.0,22.540000915527344,0.019919109880665697,0.00792742854456363,-0.003229576404692014,54.7486838875668,12.557933509045768,16.503185485321918,-0.03263388947253698,-0.045976982785091436,0.08781136367904274,0.3174604697315908,0.02278544159405645,0.8340086381094032,0.008245036033840414,1,-0.015998870134353638,20,0.0451931034932371,61
2020-08-24,384.6935119628906,48375406.0,22.3700008392334,0.007148542841567407,0.009570918977028997,0.0024215086431433885,51.4970320412676,11.874265398898103,15.577401468037156,-0.005854796653738559,-0.01963036320296474,0.09974129690725286,0.33700757105064993,0.0229195715010974,0.9109320745483688,0.015186777153744835,1,-0.015998870134353638,20,0.0451931034932371,61
2020-08-25,390.5357666015625,35977899.0,22.030000686645508,0.014448732015724719,0.010674173371438833,-0.003470307639783954,53.17923681045554,11.669357529942602,14.795792680418245,-0.016091803479323152,-0.017221264744639364,0.008245036033840414,0.3480312466514799,0.022891790231766206,0.9392723313822899,0.017260974303817456,1,-0.015998870134353638,20,0.0451931034932371,61
2020-08-26,397.27679443359375,39243340.0,23.270000457763672,0.02136398968514852,0.003196491260913925,0.0,53.97723896692566,11.913578855339551,14.219349915402507,0.0034642324798828117,0.01282064878703637,-0.0011494089590207146,0.36850349679066063,0.022892236095966703,0.9919034907089463,0.00452490043375442,1,-0.015998870134353638,20,0.0451931034932371,61
2020-08-27,399.0744323730469,53072712.0,24.469999313354492,-0.014067168265436525,-0.013367557265739571,-0.0002833998289702988,56.24998553127983,12.112554386301099,13.797990809582226,0.03391796683765769,0.054892304760139066,0.04739326082984374,0.4166661225470545,0.022588466719634326,1.0,-0.02027006307548651,0,-0.015998870134353638,20,0.0451931034932371,61
2020-08-28,390.98516845703125,56842210.0,22.959999084472656,-0.001985201020359151,0.01981397300602805,0.0014172705601938063,49.7354879460542,11.485114682086817,13.335415584083144,0.06987925961694064,0.03496493810964174,0.023041224813903582,0.4185298908468611,0.022581738165867865,1.0,-0.019540264515483408,0,-0.015998870134353638,20,0.0451931034932371,61
2020-08-31,383.34521484375,81480538.0,26.40999984741211,-0.01479344090041712,-0.001638574078245525,0.00028301392199536757,48.70467506220656,10.253191381348472,12.718970743536211,0.024734868150528833,0.018735253873511937,0.022326594986197268,0.3700782770368467,0.02299467376699278,0.9262301743019434,0.01992969604797401,1,-0.015998870134353638,20,0.0451931034932371,61
2020-09-01,390.98516845703125,37429577.0,26.1200008392334,0.029021954649453674,0.019575921987496914,-0.0008011365214014576,58.42107558056418,9.780618811386773,12.131300357106324,-0.003504860563571688,-0.019540264515483408,0.025240519991341914,0.32453379652900605,0.023351599916168777,0.8471621288622391,-0.004597713889115673,0,-0.015998870134353638,20,0.0451931034932371,61
2020-09-02,389.1875305175781,34871407.0,26.56999969482422,0.007602370679112402,0.02842043231286029,-0.0001535875080771465,52.29888489125806,9.155508286344855,11.536141942954032,0.0011507316202545859,0.004618950501991792,0.022326594986197268,0.3201820750054716,0.023300004560689806,0.9150951343598062,0.006928700200432791,1,-0.015998870134353638,20,0.0451931034932371,61
2020-09-03,391.88409423828125,34951617.0,33.599998474121094,-0.012047793789603745,-0.05735849390884484,-0.0003617020708793772,55.11368503092434,8.776523547449699,10.984218263853165,-0.02036178309268899,0.01286555346127538,0.009324115403725797,0.2810649972204693,0.023170227874452137,0.8957353628378735,-0.01605543631317119,0,-0.015998870134353638,20,0.0451931034932371,61
2020-09-04,385.59222412109375,46119911.0,30.75,-0.027962541979297928,-0.009623002192231445,-0.00047454355135168047,46.551699914610104,7.877665254950443,10.36290766207262,-0.018017536458071692,0.050602671051057646,0.0022991301301722444,0.28803589055295165,0.0231585738077326,0.92233208453996,-0.006992829332542749,0,-0.015998870134353638,20,0.0451931034932371,61
2020-09-07,382.8958435058594,32019312.0,30.75,0.0,0.0,0.0015369403779441626,46.022747002678436,6.8685616974472055,9.664038469147538,-0.013793219720379724,0.0106004749589943,-0.009237979417539455,0.258064201362185,0.0234128372479459,0.8484851083035586,0.011737001454801277,1,-0.015998870134353638,20,0.0451931034932371,61
2020-09-08,387.389892578125,23714670.0,31.459999084472656,-0.020149777783359468,-0.04705493845427,-0.0006410731314451246,52.000010864984716,6.358178930838221,9.002866561485675,-0.0011722367216029372,-0.004672988758917973,-0.021813778726991195,0.2347826044167527,0.023474200241531927,0.8115193818899471,-0.009280610859058402,0,-0.015998870134353638,20,0.0451931034932371,61
2020-09-09,383.794677734375,40551362.0,28.809999465942383,0.026901427833903258,0.028929008632412767,-0.001986024153943222,57.59496119033497,5.599050748029583,8.322103398794457,-0.009195427778231346,-0.008055277627483037,0.004662097274209298,0.23672878308305156,0.02348350524775246,0.8547492285619119,0.018735253873511937,1,-0.015998870134353638,20,0.0451931034932371,61
2020-09-10,390.98516845703125,35098921.0,29.709999084472656,-0.006297142095570973,-0.014670874742016782,0.0011625259695036139,56.77417319771362,5.51408575364178,7.7604998697639225,-0.013856694678863968,-0.03393633076012026,0.019093130589493246,0.20451321894647823,0.023512392058839062,0.8034695762455395,0.0034480707709969582,1,-0.015998870134353638,20,0.0451931034932371,61
2020-09-11,392.33331298828125,34298469.0,26.8700008392334,-0.0010139871900824993,-0.0006595216018734362,-0.0004234716506867908,55.629053300180644,5.492223447099889,7.306844585231116,-0.002293856256139426,-0.02027006307548651,0.013986133533242295,0.1966984362070574,0.023391744112457362,0.8959547124367697,0.010309522931666537,1,-0.015998870134353638,20,0.0451931034932371,61
2020-09-14,396.3780822753906,39085833.0,25.850000381469727,0.021314492060261703,0.02124158283595623,0.00045779859416406055,54.42177876346979,5.735165076591727,6.992508683503239,0.01748242948247447,0.0034480707709969582,0.022247925125777446,0.20247919158390326,0.0233738012189767,0.9132947432340084,0.009070396566444039,1,-0.015998870134353638,20,0.0451931034932371,61
2020-09-15,399.973388671875,39061449.0,25.59000015258789,0.06645913640201018,0.01716050941045033,-0.005429970595095757,52.14296939571376,6.146951022191331,6.823397151240858,0.0352112434705103,0.03399773083629798,0.01379314166734713,0.2335664302456777,0.023176805859891958,0.96153980091273,0.029213140400575988,1,-0.015998870134353638,20,0.0451931034932371,61
2020-09-16,411.6578674316406,64261238.0,26.040000915527344,-0.03168303736424305,-0.010656997809193158,0.002472290132864652,58.64198514111912,7.331619786363831,6.925041678265453,0.03248276822610263,0.02298864749861096,0.027713781425506623,0.2125341774170837,0.02294048400879097,1.0,-0.015367473472306159,0,-0.015998870134353638,20,0.0451931034932371,61
2020-09-17,405.33172607421875,42058506.0,26.459999084472656,-0.009588454857410222,-0.0006331639113917875,-0.0005137657066356383,60.09738516326084,7.671578398882843,7.074349022388931,0.07259920815407916,0.05773652841389687,0.0713448942681496,0.25136565992741655,0.023211050956370584,1.0,-0.010033722559481317,0,-0.015998870134353638,20,0.0451931034932371,61
2020-09-18,401.2647399902344,52454922.0,25.829999923706055,-0.02051023583879341,-0.015121998549498694,-0.0019842177687499074,63.28002058991556,7.526070405992925,7.1646932991097305,0.036693355079948864,0.03431532954170069,0.08665444792556576,0.17744537656300463,0.022507516696703672,0.9079959771125041,-0.00900899050951498,0,-0.015998870134353638,20,0.0451931034932371,61
2020-09-21,397.6497497558594,39463920.0,27.780000686645508,0.004487059323410758,-0.003095804891760423,-0.004021058439251712,55.252414617146265,7.037925943795756,7.1393398280469365,0.02276489583289587,0.04064531100144464,0.05167664556191043,0.1625955559862564,0.02261275722067628,0.8488479025417335,-0.006817937455540712,0,-0.015998870134353638,20,0.0451931034932371,61
2020-09-22,394.9385986328125,36130639.0,26.860000610351562,-0.0013649041415327856,0.012059704455984477,-0.0012514653639484896,54.46813050807673,6.3589981309048085,6.983271488618511,0.0032082184594284247,0.03853242729122042,0.03367937693271661,0.15967199286371425,0.0226439041342452,0.7835406828528502,-0.008009289295056399,0,-0.015998870134353638,20,0.0451931034932371,61
2020-09-23,391.7754211425781,45710963.0,28.579999923706055,-0.03180934451014883,-0.024570495316810215,0.0022196555662379325,49.91617724945566,5.502274168525389,6.687072024599887,-0.012587812543681243,0.019486068685091285,0.011273825364481738,0.13833829244699736,0.022665279746211874,0.5674076612517973,-0.024221478353944614,0,-0.015998870134353638,20,0.0451931034932371,61
2020-09-24,382.2860412597656,79806381.0,28.510000228881836,0.005903832236716866,0.009747533039556444,0.0054868544509025785,47.56972158027655,4.011360142749936,6.151929648229897,-0.04829847274172194,0.020794304536256858,-0.013847708620532528,0.02680604513334206,0.016835025513780022,0.48556398944767704,0.0023640610983743926,1,-0.015998870134353638,20,0.0451931034932371,61
2020-09-25,383.1897888183594,38775269.0,26.3799991607666,0.0063788360668233235,0.014165914037466809,0.002459495230795472,50.221919121170785,2.8696454247481142,5.495472803533541,-0.056856355750039,-0.02224925112017806,-0.042068320472076204,-0.02224925112017806,0.016829975887195855,0.24003692207594293,0.01768880049103383,1,-0.015998870134353638,20,0.0451931034932371,61
2020-09-28,389.96795654296875,34156973.0,26.190000534057617,0.011283162781080769,0.027458308357901418,-0.0004202618345940934,51.88146490477085,2.4831456160289918,4.893007366032632,-0.04504495254757468,-0.02330550036722212,-0.019937788610844942,0.010253828188919734,0.016174731623720642,0.26342037710104854,-0.0011586676652212136,0,-0.015998870134353638,20,0.0451931034932371,61
2020-09-29,389.51611328125,32230502.0,26.270000457763672,0.00927662226458481,0.002180925969952341,-0.005189429465959572,54.37627567455523,2.1159899431229405,4.337603881450693,-0.019317988299016764,-0.01617174616624828,0.01727618199673664,-0.00030354355810946476,0.01580057990338704,0.4387978690055912,0.0046402819754578495,1,-0.015998870134353638,20,0.0451931034932371,61
2020-09-30,391.3235778808594,27334204.0,26.3700008392334,0.006955630316182626,0.0007135265871938135,-0.00721652883396573,50.282074854002296,1.9484037293549363,3.859763851031542,-0.013729945288543322,-0.026144927854697353,-0.0037573168864145634,0.018485390007424884,0.01549307015281977,0.4271069311011638,0.0,0,-0.015998870134353638,20,0.0451931034932371,61
2020-10-01,391.3235778808594,27334204.0,26.700000762939453,0.019119401855997697,0.021233222757910397,0.0007615530268019199,49.139003776860754,1.7948999581195153,3.446791072449137,-0.001153322126234979,-0.049396091170680556,0.005488478421804777,0.04657831358341724,0.015074873622196111,0.4738730515432496,0.0,0,-0.015998870134353638,20,0.0451931034932371,61
2020-10-02,391.3235778808594,27334204.0,27.6299991607666,-0.022028399953642253,-0.03082765798559506,-0.0015564497534834576,45.370725441025705,1.6541787703068849,3.088268612020687,0.023640770642087583,-0.034559713173783035,-0.0014303115785073706,0.023211449404943574,0.014681985644688226,0.4738730515432496,-0.001154653814026796,0,-0.015998870134353638,20,0.0451931034932371,61
2020-10-05,390.8717346191406,32945832.0,27.959999084472656,0.04628673878563916,0.03351459510461319,0.0018359890322996453,41.15474706876416,1.4890316105979764,2.768421211736145,0.021226528732882333,-0.024774571794214828,0.01486376903172637,0.01486376903172637,0.014633274529473592,0.4738730515432496,0.01618493318868519,1,-0.015998870134353638,20,0.0451931034932371,61
2020-10-06,397.1979675292969,35775395.0,29.479999542236328,-0.016796898395531668,-0.0063034598676495746,-0.007427381757080909,34.313791701593175,1.8473305454186288,2.584203078472642,0.002317570100332844,-0.017045188990764237,0.02083044579500437,-0.0002901231224148315,0.014477492484213981,0.46218211363882217,0.007963499806344476,1,-0.015998870134353638,20,0.0451931034932371,61
2020-10-07,400.3610534667969,42926239.0,28.059999465942383,0.04571737601859227,0.020932974218548006,0.0035463613051927023,44.21046345723615,2.359322827880135,2.5392270283541407,0.0197215313721828,0.005720810536893106,0.02531835532904081,0.020582460596992203,0.014667097930736504,0.6258662988145614,0.022573542207499964,1,-0.015998870134353638,20,0.0451931034932371,61
2020-10-08,409.39862060546875,60853811.0,26.360000610351562,0.010124225113042229,0.011731086372484878,-0.006734416708975677,58.49071991019043,3.4545150394134794,2.7222846305660084,0.023094635991212975,0.021914678310291924,0.04316468334114698,0.022804693960001288,0.014689849535870214,0.7077076017943055,0.0,0,-0.015998870134353638,20,0.0451931034932371,61
2020-10-09,409.39862060546875,60853811.0,25.0,0.011161662728982336,0.017774738776380916,0.0006535366940789711,63.26546926545411,4.2732039226443135,3.0324684889816695,0.046189505939027375,0.07092223209709081,0.047095014424980874,0.06173982511872089,0.014859179575903091,0.9415445208697376,0.015452427229046828,1,-0.015998870134353638,20,0.0451931034932371,61
2020-10-12,415.7248229980469,64719223.0,25.06999969482422,0.023992005707734965,0.014778711292954494,-0.00107226196980037,71.69810359053102,5.37058367817167,3.50009152681967,0.046189505939027375,0.06839647754688194,0.04349696304707429,0.08707948842532653,0.014334631729673161,0.9415445208697376,0.004347963009060596,1,-0.015998870134353638,20,0.0451931034932371,61
2020-10-13,417.5323791503906,45750738.0,26.06999969482422,-0.013969933394666234,-0.0013766694951831138,0.00031470152271118046,77.67001240554866,6.313343422681498,4.062741905992036,0.06358374417409007,0.066048674058788,0.04880880550104383,0.07814628250254896,0.01407940773741955,1.0,-0.006493710102274619,0,-0.015998870134353638,20,0.0451931034932371,61
2020-10-14,414.821044921875,40809241.0,26.399999618530273,-0.01160198387287703,-0.0053206751343103376,0.00788532974930467,90.90904904832692,6.763737148183054,4.60294095443024,0.05119465174401716,0.07192582004665748,0.04390039681595037,0.08790559998167957,0.014045747908836878,1.0,-0.013071719438505047,0,-0.015998870134353638,20,0.0451931034932371,61
2020-10-15,409.39862060546875,47775028.0,26.969999313354492,-0.005078819974051352,-0.0025111982798246,-0.0040782743454411685,79.59194784055285,6.606972034396222,5.003747170423437,0.03611737787646052,0.060046131562687455,0.00768399620288962,0.06096363337491484,0.013855341441844976,0.9391033396004105,-0.008830150097195899,0,-0.015998870134353638,20,0.0451931034932371,61
2020-10-16,405.7835693359375,46876801.0,27.40999984741211,-0.016449479260168265,-0.004715578836264278,0.000522299235087953,69.23076352193789,6.120477077200064,5.227093151778763,0.0,0.046189505939027375,0.01003349668835285,0.051931494467492456,0.01400722405681629,0.8173155022080995,0.01893099017832678,1,-0.015998870134353638,20,0.0451931034932371,61
2020-10-19,413.4654541015625,34470906.0,29.18000030517578,0.009919398741615515,-0.005796376326286712,0.0013573089396985427,74.76630853963192,6.282370957256376,5.438148712874286,-0.008830150097195899,0.03695149557147448,0.0112614662973205,0.056056957925512574,0.013925309295698525,0.7361213258603637,-0.014207765383399185,0,-0.015998870134353638,20,0.0451931034932371,61
2020-10-20,407.5910339355469,25205638.0,29.350000381469727,0.007994318849242621,-1.2586413917881067e-05,-0.0020401312207097844,65.51716910608866,5.869002206652453,5.52431941162992,-0.0054347702410231236,0.05780341089241681,0.03977295183868046,0.10846017190561152,0.013310870671755069,0.8869819564634804,0.004434804790646396,1,-0.015998870134353638,20,0.0451931034932371,61
2020-10-21,409.39862060546875,28058921.0,28.649999618530273,-0.007024574793739524,-0.007779320343513141,-0.006627590110534487,66.66664790688696,5.622449532906387,5.543945435885213,-0.023809758742717735,0.026165960694356727,0.03203646173489805,0.06825725913739378,0.013157538485981881,0.7179467198636826,0.004415000506143185,1,-0.015998870134353638,20,0.0451931034932371,61
2020-10-22,411.20611572265625,23438547.0,28.110000610351562,0.006503583086546305,0.0013475247303171844,0.005364087721584809,67.74191088727665,5.509395629400501,5.537035474588271,-0.013071719438505047,0.022573542207499964,0.04498291243359298,0.06422023734302362,0.0131241048456089,0.7692311022449417,-0.006593539364492806,0,-0.015998870134353638,20,0.0451931034932371,61
2020-10-23,408.49481201171875,18777385.0,27.549999237060547,0.0011339011142750266,-0.004311405392918188,0.00017433256600840608,65.11616827660296,5.141749162483279,5.457978212167273,0.004415000506143185,0.004415000506143185,0.0756503542938396,0.05292818453215409,0.012955625013952844,0.8205128871156551,-0.004424544722005597,0,-0.015998870134353638,20,0.0451931034932371,61
2020-10-26,406.6874084472656,15059581.0,32.459999084472656,-0.01789148582658373,-0.0219385524823269,-0.003416881335661426,58.82355945708507,4.650931285398201,5.296568826813458,0.006681499401807178,-0.0022076493379810103,0.06603783277052444,0.028237283766142873,0.012760729812327083,0.7435884781358879,-0.006667025354986977,0,-0.015998870134353638,20,0.0451931034932371,61
2020-10-27,403.97601318359375,20117660.0,33.349998474121094,-0.00023072710926963502,-0.0032662779016163768,0.00048279282335639273,53.389768910220276,3.9970916594072605,5.036673393332219,-0.016393257494813462,-0.02173893414785022,0.042873912135020786,0.01907658185203487,0.012770746785203745,0.6923092907757206,-0.0067114707430097065,0,-0.015998870134353638,20,0.0451931034932371,61
2020-10-28,401.2647399902344,24710230.0,40.279998779296875,-0.03298337909272586,-0.03386917985380067,-0.0007973075895159054,41.346075796311936,3.2229893426004423,4.6739365831858635,-0.008869235216113158,-0.032467819608102855,0.03712272588811483,0.03322592715685113,0.012397417356953306,0.6153822842854075,-0.01576550523122422,0,-0.015998870134353638,20,0.0451931034932371,61
2020-10-29,394.9385986328125,41285612.0,37.59000015258789,0.012403123021717644,0.027292158457588478,0.00031499889359887234,36.440713858100615,2.0751202471586225,4.154173315980415,-0.019867874989918155,-0.03267988714071568,0.025403943619266567,0.046745138461655955,0.012035458589882893,0.538458741142489,-0.011441543802083065,0,-0.015998870134353638,20,0.0451931034932371,61
2020-10-30,390.4198913574219,47668895.0,38.02000045776367,-0.012015737387634173,-0.016421080990353665,-0.007605905460423501,25.438771097327617,0.7916778370558291,3.481674220195498,-0.03956049403899331,-0.035320153134055565,0.009237932382019087,0.010111458169584475,0.011937531629146805,0.3589750916055386,0.008101597721741127,1,-0.015998870134353638,20,0.0451931034932371,61
2020-11-02,393.5829162597656,33477443.0,37.130001068115234,0.021938887991736156,0.006197345066373261,0.007685312495965491,27.350374561453137,0.02943089443226654,2.791225555042852,-0.04424761373414543,-0.03786175473703435,-0.002309307628053592,0.0031664962086652704,0.012052298751035025,0.23077149526560412,0.012629444615673835,1,-0.015998870134353638,20,0.0451931034932371,61
2020-11-03,398.55364990234375,30328495.0,35.54999923706055,0.023101046484989896,0.01887548209527079,-0.0008850905089123895,35.24602233537156,-0.1715807602885775,2.198664291976566,-0.032222517627317315,-0.04808754309353491,0.006936243786639373,0.004335011413990841,0.012069744439890041,0.3205120212788064,0.020408189830691148,1,-0.015998870134353638,20,0.0451931034932371,61
2020-11-04,406.6874084472656,37512790.0,29.56999969482422,0.02007074904498518,0.03538842631379069,0.0012711071442073063,47.65628998362798,0.3217336478331845,1.8232781631478898,-0.013422488227749607,-0.02217267623858532,0.0034131150808238697,0.03361433392697122,0.011939876798068945,0.46154039302066235,0.002221916561742754,1,-0.015998870134353638,20,0.0451931034932371,61
2020-11-05,407.5910339355469,34886108.0,27.579999923706055,0.01095605556219259,0.04401437060998292,-0.0015002862230207858,51.63931204638467,0.7766511444543767,1.6139527594091874,0.01351394208512624,-0.0066224262167602355,0.015801624373019685,0.06213586630653034,0.01224520543599051,0.6923092907757206,0.0033261597477616256,1,-0.015998870134353638,20,0.0451931034932371,61
2020-11-06,408.9467468261719,30154140.0,24.860000610351562,0.010837044082349312,0.0161139134640349,-0.0007145284012346487,45.370421901957464,1.2323652981024793,1.537635267147846,0.03203646173489805,-0.008791410557589141,-0.004415224133507367,0.05214679511378306,0.012138924431627065,0.7179467198636826,0.013259412969808926,1,-0.015998870134353638,20,0.0451931034932371,61
2020-11-09,414.369140625,39245881.0,25.75,-0.02603663940611778,-0.012525326041106566,0.0015316922993822146,57.00933694616912,2.0079178833674405,1.631691790391765,0.04745366688243102,0.0011063416258030312,-0.0011037501265358518,0.06553522117678945,0.012026698637373769,0.7564106560272634,-0.01635765317665694,0,-0.015998870134353638,20,0.0451931034932371,61
2020-11-10,407.5910339355469,34820499.0,24.799999237060547,-0.015387918842303283,-0.03013305110815323,0.001763771790998625,48.30499792528151,2.051958630118804,1.7157451583371728,0.05281282166097734,0.018888541956740834,-0.0032610089608559045,0.05980782406721552,0.011864811895247488,0.9102534131288573,0.013303890260687679,1,-0.015998870134353638,20,0.0451931034932371,61
2020-11-11,413.0135803222656,36765561.0,23.450000762939453,0.0367327529543815,0.03670429266113695,-0.0013380238239003583,51.58727393667627,2.4956471476808133,1.871725556205901,0.02267545168741414,0.008948602476331224,-0.023809758742717735,0.038889690072587246,0.012173144927829553,0.7179467198636826,0.0021880310151844995,1,-0.015998870134353638,20,0.0451931034932371,61
2020-11-12,413.9172668457031,40100880.0,25.350000381469727,-0.011663872830164457,-0.013065281980750854,-0.0027424838734622092,54.918013275754504,2.8869148866981504,2.074763422304351,0.015555366956536254,0.029279523369825977,-0.00435721529014943,0.04196876363945168,0.012237709563786522,0.8717938061495196,0.008733900695268915,1,-0.015998870134353638,20,0.0451931034932371,61
2020-11-13,417.5323791503906,31037438.0,23.100000381469727,0.03785358433615027,0.012261850266887642,-0.002690414229322702,59.52378910491905,3.448949397279989,2.3496006172994788,0.015521030600385233,0.0480547312381987,0.011037277637994114,0.03486201474585404,0.012173636247299176,0.897432966911179,0.04761878658216556,1,-0.015998870134353638,20,0.0451931034932371,61
2020-11-16,437.4147644042969,81994937.0,22.450000762939453,0.06490008945072945,0.024776552489084613,0.0016882504583888291,72.56106525226028,5.436044781696694,2.966889450178922,0.020994499628256502,0.06944443250240995,0.028953389694116982,0.014270373976820627,0.011396798812499347,1.0,0.003099306386909806,1,-0.015998870134353638,20,0.0451931034932371,61
2020-11-17,438.77044677734375,72413868.0,22.709999084472656,-0.03586175621065746,-0.008564835081771083,0.0012324767364406686,75.776544983588,7.03908226897056,3.7813280139372494,0.05561616809721093,0.11136623652537336,0.057923364733759586,0.07915254658403792,0.013262650427529752,1.0,0.023686935885817162,1,-0.015998870134353638,20,0.0451931034932371,61
2020-11-18,449.16357421875,50387727.0,23.84000015258789,0.012746930530642908,-0.0072068111419524294,-0.0004945109154605998,85.29416905822043,9.043887249836075,4.833839861117014,0.07649680745118492,0.10090685880019956,0.07649680745118492,0.09346873285707136,0.013128557911552569,1.0,-0.014084542449235626,0,-0.015998870134353638,20,0.0451931034932371,61
2020-11-19,442.8373107910156,44220053.0,23.110000610351562,-0.0033014369698359802,0.01566033274299805,0.0010175515427834902,83.33332039549421,10.00687996995606,5.868447882884824,0.0875273734783184,0.1044442608480518,0.09713016022006116,0.12954572332691772,0.013413186093800423,1.0,-0.004081554457055159,0,-0.015998870134353638,20,0.0451931034932371,61
2020-11-20,441.02984619140625,32281453.0,23.700000762939453,-0.013249144296548554,-0.0057271248651523665,-0.0015072265647327887,80.70180011635057,10.50313771743214,6.795385849794287,0.06986914115881304,0.08647461283714675,0.07692296845529767,0.12128141519724212,0.013588523138992087,0.9054052512431306,0.017418061004177643,1,-0.015998870134353638,20,0.0451931034932371,61
2020-11-23,448.71173095703125,38084006.0,22.65999984741211,0.029371805790483707,0.015554685971434168,0.0013796089181992155,81.35595354470053,11.385049692143525,7.713318618264135,0.0562769936282046,0.07845300057826776,0.07964613802427967,0.12572106975261987,0.013525556791183405,0.8783787668673108,-0.009063490545647146,0,-0.015998870134353638,20,0.0451931034932371,61
2020-11-24,444.64483642578125,35479226.0,21.639999389648438,-0.015184044522130957,0.005301997790434498,-0.00029446381942976885,74.99998995006791,11.621837576479834,8.495022409907275,0.02582666949552892,0.08287921798479436,0.10333322752778273,0.1737591293638916,0.013004199605368779,0.9931511696808581,-0.010162577911152715,0,-0.015998870134353638,20,0.0451931034932371,61
2020-11-25,440.1260986328125,41419632.0,21.25,0.008795725512912522,-0.0033614357547205875,-0.0017708480962530526,70.45458644325737,11.314443444523818,9.058906616830583,0.01338829834958899,0.09090926788172138,0.10067138125774022,0.1603775711167319,0.013155859029611092,0.9242425792825685,0.004106766498969794,1,-0.015998870134353638,20,0.0451931034932371,61
2020-11-26,441.93359375,28893033.0,21.25,0.0,0.0,0.00044964474647968267,70.62147560918376,11.088855704396337,9.464896434343736,-0.020120677865868353,0.06564558552624722,0.09684718035161488,0.1286211886086519,0.013131917948762574,0.848485158565137,0.0,0,-0.015998870134353638,20,0.0451931034932371,61
2020-11-27,441.93359375,32960189.0,20.84000015258789,0.01282161159283568,0.012045068331001163,0.0010358410929889317,68.48489784959,10.785744446981425,9.729066036871274,-0.002040742771654336,0.06768581344237701,0.11899316825418804,0.13457076275276436,0.013116682794169528,0.8769232687399379,-0.017382441331153076,0,-0.015998870134353638,20,0.0451931034932371,61
2020-11-30,434.251708984375,119895176.0,20.56999969482422,-0.01741947226844076,0.01213346111419833,0.0002910894774665884,67.66469439015326,9.812549726142322,9.745762774725483,0.0020491755068239303,0.05844149057196901,0.1319443592217444,0.1293303514784614,0.01312287914447334,0.8769232687399379,0.019771025948799537,1,-0.015998870134353638,20,0.0451931034932371,61
2020-12-01,442.8373107910156,37018651.0,20.770000457763672,0.03957954766624927,0.017360677308310812,-4.5546827790565736e-05,68.96551188779486,9.62314261346603,9.721238742473593,-0.032225638366564,-0.0072312497824108535,0.10332966966932045,0.10969983290039664,0.01348827298826096,0.7461537222721235,0.018367374082353116,1,-0.015998870134353638,20,0.0451931034932371,61
2020-12-02,450.9710693359375,50621339.0,21.170000076293945,-0.01308733085700553,0.002443091095871708,-0.0015324764342954378,71.57896719876275,10.01392812006992,9.779776617992859,-0.004065099798066241,0.009268773782605377,0.11111091543013729,0.1316397370920488,0.013739087831642642,0.8923073406434473,-0.004008006810390485,0,-0.015998870134353638,20,0.0451931034932371,61
2020-12-03,449.16357421875,35651379.0,21.280000686645508,-0.000401984758826357,-7.370011423513123e-05,-0.0011238572855989393,68.81718829370101,10.061792617376284,9.836179817869544,0.02464059899381854,0.004024135573173604,0.10888869428671799,0.15375717759524554,0.013922714062639579,1.0,0.012072474662648824,1,-0.015998870134353638,20,0.0451931034932371,61
2020-12-04,454.5860900878906,51172005.0,20.790000915527344,0.042512477119472925,0.0283048173765319,-0.0018529602599375306,62.33770676134485,10.417194357050619,9.952382725705759,0.016359879789631826,0.014285750711551692,0.10199571831056775,0.13083049496123156,0.013822455826747723,0.9701492988653528,0.021868735892488944,1,-0.015998870134353638,20,0.0451931034932371,61
2020-12-07,464.5273132324219,44271244.0,21.299999237060547,0.025643700268275227,0.004862131084361732,-0.006069413775993682,66.47398889061088,11.369960593600808,10.23589829928477,0.02862985868652501,0.03073770179853308,0.1116021673137757,0.1354403385432963,0.013872718613237947,1.0,0.019455405271616488,1,-0.015998870134353638,20,0.0451931034932371,61
2020-12-08,473.56488037109375,40771761.0,20.68000030517578,-0.0070495887726793605,0.0034418432698686274,-0.007655217121793623,65.88238191830757,12.707803193485972,10.73027927812501,0.06971902152982956,0.03524664318817439,0.12104707539699366,0.13465773906473366,0.013849021156621401,1.0,-0.007633697977557863,0,-0.015998870134353638,20,0.0451931034932371,61
2020-12-09,469.9498291015625,43314115.0,22.270000457763672,-0.011548973813420238,-0.02893898647316684,0.00806072780064171,68.29267690047222,13.322772044333817,11.248777831366771,0.06938794187235753,0.06504077316579782,0.1618628501184829,0.1567329652228142,0.014066295877176857,1.0,-0.015384709294880339,0,-0.015998870134353638,20,0.0451931034932371,61
2020-12-10,462.71978759765625,42556926.0,22.520000457763672,-0.0018191722754143935,-0.0004022633158888844,0.0006129042634079873,63.63630084526585,13.076003336916301,11.614222932476679,0.04208420685072234,0.06776178590952253,0.13785563354810448,0.13043485282515932,0.014041622308210613,0.9565211167574175,0.00781254843394863,1,-0.015998870134353638,20,0.0451931034932371,61
2020-12-11,466.3348083496094,45660960.0,23.309999465942383,-0.001919002987404883,-0.010824219673787328,-0.0019933863093117843,61.67659004173843,13.022029471295866,11.895784240240516,0.030181016798802363,0.04703465439519161,0.11790404668028831,0.10822492027855302,0.014323357100999056,0.8695640843532472,-0.015503840458183649,0,-0.015998870134353638,20,0.0451931034932371,61
2020-12-14,459.1048278808594,30260485.0,24.719999313354492,-0.004517793601165776,0.011896808136431458,-0.00016680257862577985,59.195382446013454,12.254592479683879,11.96754588812919,0.025844869691123318,0.05521466334467662,0.11688298114393825,0.12418310029915713,0.014273090724710703,0.9130426005553323,-0.007873997428999191,0,-0.015998870134353638,20,0.0451931034932371,61
2020-12-15,455.4898376464844,39852366.0,22.889999389648438,0.014773950870860864,0.014084984582000803,-0.0024838441840551173,59.883697873618615,11.225295416508573,11.819095793805067,-0.011673124910201782,0.0572320577726928,0.04958694868496627,0.12141273754630388,0.014344183371530914,0.8260863022321567,0.01587291165161675,1,-0.015998870134353638,20,0.0451931034932371,61
2020-12-16,462.71978759765625,52012348.0,22.5,0.0010467787502801418,-0.00049377328309963,-0.0004980058056349712,62.49995411998834,10.867690643270862,11.628814763698227,-0.038168038792161796,0.028571501423103385,0.038105097989028724,0.12249453173249703,0.014325970887659592,0.7826081530705691,-0.0029440585996862723,0,-0.015998870134353638,20,0.0451931034932371,61
2020-12-17,461.3575134277344,38215179.0,21.93000030517578,-0.008190345331511861,0.0017018593779820623,0.000615689812892839,61.492443313566646,10.35499619321024,11.37405104960063,-0.015384709294880339,0.02605204426753782,0.030181016798802363,0.11912563191795722,0.014249837880315752,0.8695640843532472,0.003937024280642687,1,-0.015998870134353638,20,0.0451931034932371,61
2020-12-18,463.17388916015625,39924864.0,21.56999969482422,0.00365720541939063,-0.004823336067254269,0.0004517481547794411,68.38854360372163,9.980202922464684,11.095281424173443,-0.0029440585996862723,0.027148103517062427,0.04182168526775021,0.13191281214662265,0.014026541265830503,0.8531797635892157,0.011764754716951265,1,-0.015998870134353638,20,0.0451931034932371,61
2020-12-21,468.6230163574219,34813281.0,25.15999984741211,0.005274488929413623,-0.006311606600805764,0.0014576353040680612,67.0754114527759,10.007515174255445,10.877728174189844,-0.00677821842345383,0.018891469095777325,0.05020985123791255,0.1313518557418636,0.014025552647901156,0.8750256469547567,-0.013565979690201235,0,-0.015998870134353638,20,0.0451931034932371,61
2020-12-22,462.26568603515625,22454277.0,24.229999542236328,-0.008489812336312297,-0.0012084884785255046,-0.0010295443685548467,57.65955421262857,9.407730443548871,10.58372862806165,0.020732059212918097,0.008816926385878165,0.0443743366323921,0.13963046374896648,0.014088861729717161,0.9405632970513802,0.0,0,-0.015998870134353638,20,0.0451931034932371,61
2020-12-23,462.26568603515625,18086715.0,23.309999465942383,-0.0017320010018821996,-0.007449039757899567,-0.0003269062777392362,59.108626303823705,8.83060302839641,10.233103508128602,0.014875959524547566,-0.02385986546781771,0.03962904360032127,0.13163171830416043,0.014247416217883618,0.8641025217517375,0.0019646777869013476,1,-0.015998870134353638,20,0.0451931034932371,61
2020-12-24,463.17388916015625,14950143.0,21.530000686645508,0.021299189710404676,0.009807110863541801,0.00014930189161166396,56.37009648238385,8.350253274035992,9.85653346131008,-0.0009813748507657705,-0.016350985978857757,0.05030282791935581,0.1366609254023594,0.014207125491860258,0.8641025217517375,0.001960825396800203,1,-0.015998870134353638,20,0.0451931034932371,61
2020-12-25,464.08209228515625,12327895.0,21.530000686645508,0.0,0.0,-0.000746398019421668,49.6186486533114,7.951200544562369,9.475466877960539,0.003937024280642687,0.0009813748507656594,0.04806218787289529,0.14653809643311422,0.014123806232127485,0.8750256469547567,0.007827886580440868,1,-0.015998870134353638,20,0.0451931034932371,61
2020-12-28,467.7148742675781,19087382.0,21.700000762939453,0.0016985869474499538,-0.002159790210069512,-0.006224697389719425,44.4779307933,7.837734996768404,9.147920501722112,0.001960825396800203,-0.00483068392948327,0.05011725482830243,0.1565483981883149,0.014036129357495146,0.885948772157776,0.0,0,-0.015998870134353638,20,0.0451931034932371,61
2020-12-29,467.7148742675781,19907528.0,23.079999923706055,-0.005558114713449136,-0.002277447760374751,0.00601314219841198,47.73580437300316,7.65951857047088,8.850240115471866,-0.0019378947643303723,0.018753987899585045,0.0770593749912154,0.1842723802806323,0.013712036580396903,0.9296409059293557,0.01941735790121424,1,-0.015998870134353638,20,0.0451931034932371,61
2020-12-30,476.7966613769531,46292401.0,22.770000457763672,0.03164072869709855,0.016698004012999368,0.000626146711325104,63.7453297805198,8.15707540109429,8.71160717259635,0.011788000704009649,0.02683931804990536,0.05617765908686678,0.19797911075026198,0.013507339944921967,0.9268584340417934,0.009523752833280552,1,-0.015998870134353638,20,0.0451931034932371,61
2020-12-31,481.3375549316406,29970398.0,22.75,0.0012854674410389677,0.0042137031387115,-0.001941352517634276,64.38921989535538,8.816177527442733,8.732521243565627,0.03143425043383341,0.030422026800239088,0.05726662705668506,0.2114262120621777,0.013694564463839006,1.0,0.0,0,-0.015998870134353638,20,0.0451931034932371,61
2021-01-01,481.3375549316406,29970398.0,22.75,0.0,0.0,0.0003099186750565863,74.75699121756541,9.232098822702085,8.832436759392918,0.039215651392653816,0.04330706864501055,0.0716308769446683,0.20771081898153776,0.01365886446852821,1.0,0.011320928891982662,1,-0.015998870134353638,20,0.0451931034932371,61
2021-01-04,486.7867431640625,38770328.0,26.969999313354492,0.024394662098185194,-0.0043963652521910035,-0.0008796083232996965,83.48257108137457,9.887447060346915,9.043438819583718,0.03718191874527599,0.039215651392653816,0.05884796175478635,0.18355657178910367,0.013443868103223244,1.0,0.011194074764334871,1,-0.015998870134353638,20,0.0451931034932371,61
2021-01-05,492.2358703613281,34411866.0,25.34000015258789,0.009579258394988743,0.019387671679402807,0.0016753039220644972,82.82826294298738,10.722907284376504,9.379332512542275,0.04077669953590868,0.038759783819040994,0.04791845236558423,0.1943018924234703,0.013485981976505038,1.0,0.012914839408453505,1,-0.015998870134353638,20,0.0451931034932371,61
2021-01-06,498.593017578125,53030554.0,25.06999969482422,0.02518401727049069,-0.0032461788299987804,-0.00519554141558376,87.27265395746615,11.762394619250983,9.855944933884018,0.05242723172349151,0.06483324467196683,0.03942646670843386,0.20366740701952413,0.013526360265870369,1.0,0.029144144386767934,1,-0.015998870134353638,20,0.0451931034932371,61
2021-01-07,513.1240844726562,51166782.0,22.3700008392334,0.05034151264766629,0.03855784401783113,-0.0044714720207886804,89.8550308220212,13.601936817713522,10.60514331064992,0.0457141544117059,0.07858539502368767,0.06094946035265458,0.20325808245780252,0.013521028692061258,1.0,0.02654839256455177,1,-0.015998870134353638,20,0.0451931034932371,61
2021-01-08,526.7467041015625,59563555.0,21.559999465942383,-0.022564246909797303,-0.0001804662229740739,0.0034782555059014175,91.02558082327869,15.974870455650091,11.679088739649956,0.0660379170819736,0.10784328840961122,0.10893049795144605,0.25891896963022387,0.013631210660064213,1.0,0.0068968130353137536,1,-0.015998870134353638,20,0.0451931034932371,61
2021-01-11,530.3795776367188,48810990.0,24.079999923706055,0.03294299858320304,0.01139121172891322,0.0032298875962781803,100.0,17.941758568454418,12.931622705410849,0.09433951019336284,0.13502915294111761,0.12954618585251,0.2753738114145141,0.013963241669879809,1.0,0.011986320877991785,1,-0.015998870134353638,20,0.0451931034932371,61
2021-01-12,536.7368774414062,50232426.0,23.329999923706055,0.0032626595683891146,0.0060944732963785775,0.00013207182501551173,100.0,19.785438315686974,14.302385827466075,0.08955222196337442,0.13398056554705673,0.15524722335169083,0.281366157248109,0.013951589612002891,1.0,0.02368847394960394,1,-0.015998870134353638,20,0.0451931034932371,61
2021-01-13,549.4513549804688,62662393.0,22.209999084472656,-0.030650408494886205,0.0013152293542000315,-0.001523866753858849,100.0,22.018701986114195,15.8456490591957,0.09040585979118498,0.14757282047511033,0.1783728923892689,0.28549761466063317,0.013976056461078067,1.0,-0.021487499015519607,0,-0.015998870134353638,20,0.0451931034932371,61
2021-01-14,537.64501953125,75288477.0,23.25,0.060555205866220874,0.02128710120344901,0.001429659277378148,87.85051424982335,22.57566867797999,17.191652982952558,0.10200370965759609,0.1523808774031561,0.18743863933959815,0.25613353661884597,0.012668438385747533,1.0,0.015202339121803021,1,-0.015998870134353638,20,0.0451931034932371,61
2021-01-15,545.8184814453125,92010500.0,24.34000015258789,-0.009647882046173728,-0.02057502691975588,-0.0011099764382738186,88.39287509087052,23.406780071555318,18.43467840067311,0.04778753482950271,0.11698124117409892,0.16535442446081472,0.22534464998751536,0.01333373082766862,0.8975141342915317,0.009983684998585485,1,-0.015998870134353638,20,0.0451931034932371,61
2021-01-18,551.2677612304688,45726476.0,24.34000015258789,0.0,0.0,-0.00016438136585916752,88.9830877710765,24.22589217107486,19.592921154753462,0.03620673313234968,0.13396196879512012,0.17843102605591699,0.21518865904181705,0.013105038487534078,0.9684645425448666,0.032949065049035164,1,-0.015998870134353638,20,0.0451931034932371,61
2021-01-19,569.4315185546875,50672866.0,23.239999771118164,0.04847063569644616,0.03359765306786722,-3.544459519000398e-06,89.84379655670392,26.040528819968586,20.882442687796487,0.03938346134446613,0.1324625597798461,0.1763565637800708,0.24485391767412246,0.012784340893641395,1.0,0.03189783962083559,1,-0.015998870134353638,20,0.0451931034932371,61
2021-01-20,587.5951538085938,82066422.0,21.579999923706055,-0.005026783701224002,-0.002676745087444643,-0.0024015161615658087,90.90913149742609,28.614445487419573,22.428843247721105,0.0609137223235614,0.15682653955448944,0.23182735763645046,0.2911405508541369,0.013383864353814633,1.0,0.040185479433756166,1,-0.015998870134353638,20,0.0451931034932371,61
2021-01-21,611.2079467773438,89019137.0,21.31999969482422,0.02694436513516285,0.015276911228297108,-0.0008956304875132881,92.30772748593104,32.188597922531585,24.380794182683204,0.06942161209062969,0.17850658371188066,0.2711199891308955,0.3095159169459334,0.013858242270918631,1.0,-0.035661263680929256,0,-0.015998870134353638,20,0.0451931034932371,61
2021-01-22,589.4114990234375,125179403.0,21.90999984741211,-0.03741796621771931,-0.018444088594231633,0.0024668330598713872,80.21390835579516,32.88329020417348,26.081293386981258,0.1368243442675805,0.19115037721429395,0.3196079508834322,0.37459809876677763,0.014571479700523568,1.0,-0.024653310714660703,0,-0.015998870134353638,20,0.0451931034932371,61
2021-01-25,574.8805541992188,93050133.0,23.190000534057617,0.010686119043064712,0.0015645520252856038,-0.00025753041093057316,73.09644384319361,31.893662744221047,27.243767258429216,0.07986724352515862,0.1189657086298399,0.27005870043628466,0.3391877938035448,0.01581250419220847,0.876825773277305,-0.02527645911498899,0,-0.015998870134353638,20,0.0451931034932371,61
2021-01-26,560.349609375,100153482.0,23.020000457763672,-0.029650696217705774,-0.015406530249014394,-0.001130491485045626,66.50487273980039,29.595689360910796,27.714151678925532,0.04283361848703904,0.08390401598943309,0.2291260890504232,0.3008301752331286,0.016550774179419914,0.7947097371010651,-0.0032414499527708696,0,-0.015998870134353638,20,0.0451931034932371,61
2021-01-27,558.5332641601562,59985191.0,37.209999084472656,-0.038768334090461876,-0.051666233160709396,-7.166220309284821e-05,63.02083588563539,27.313116415413333,27.633944626223094,-0.015949080589600872,0.04399312386760945,0.198058133713374,0.26794979449330447,0.017235130067566485,0.7125937009248251,-0.02276459350001736,0,-0.015998870134353638,20,0.0451931034932371,61
2021-01-28,545.8184814453125,96447533.0,30.209999084472656,0.0335961526133326,0.020865225857663372,0.0005373342428047767,55.497349776075076,24.19923054165531,26.94700180930954,-0.04945903563034537,0.016529050474377804,0.17142863909146078,0.2861970433379528,0.016905927785785882,0.6871504208045829,-0.016638505863448283,0,-0.015998870134353638,20,0.0451931034932371,61
2021-01-29,536.7368774414062,90745237.0,33.09000015258789,-0.034252551736286274,-0.016367316206647442,-1.433942665640675e-05,51.77665442179842,20.75934322097305,25.709470091642242,-0.10698399076256104,0.015202339121803021,0.13396196879512012,0.23254854129239333,0.017338564863824638,0.5964718533598751,0.033840628335765066,1,-0.015998870134353638,20,0.0451931034932371,61
2021-02-01,554.900390625,67462398.0,30.239999771118164,0.042297745520633034,0.03910868734292383,0.0024487312054366495,54.76186894927528,19.27664231803601,24.422904536920996,-0.08936816073202647,-0.016638505863448283,0.11509453592839525,0.19018028857540759,0.017527414937424192,0.5404279200809059,0.03436984132850429,1,-0.015998870134353638,20,0.0451931034932371,61
2021-02-02,573.9722290039062,78429188.0,25.559999465942383,0.014053232476666455,0.015780081948515656,-0.0018106222993248267,56.221182029231116,19.416705443476417,23.42166471823208,-0.034755330352146174,0.006589591574198028,0.13992502552186603,0.23540826210175814,0.01805470208162508,0.640487238866097,-0.0031643049136422796,0,-0.015998870134353638,20,0.0451931034932371,61
2021-02-03,572.156005859375,48738970.0,22.90999984741211,-0.007318721240998083,-0.021152930363605993,-0.003302304960001723,59.22331585764108,19.160284616340505,22.569388697853768,0.024310929107455914,0.007974111550312246,0.1660512034252586,0.26262602732286267,0.018581698152759143,0.7608774086632013,-0.004761790974465718,0,-0.015998870134353638,20,0.0451931034932371,61
2021-02-04,569.4315185546875,46371900.0,21.770000457763672,0.0050982296367241275,0.008565510291675293,0.00021539661287794942,56.500076950631296,18.52369626745451,21.76025021177392,0.024390206588147834,-0.02627514513887219,0.14754115217773456,0.23169507919355037,0.018452625341109148,0.7492138766907898,0.007974111550312246,1,-0.015998870134353638,20,0.0451931034932371,61
2021-02-05,573.9722290039062,53267273.0,20.8700008392334,-0.0028871070879231686,-0.007781464262736515,0.0013960800645584914,56.28139091294703,18.176070374476353,21.043414244314405,0.043261703134068075,-0.06835059727696069,0.10973453748502005,0.20243612260366728,0.018372573615902985,0.7317175988339996,0.0,0,-0.015998870134353638,20,0.0451931034932371,61
2021-02-08,573.9722290039062,53267273.0,21.239999771118164,0.03732969322886781,0.03131311801211156,0.0025337757010726047,51.396589314697884,17.696579200496558,20.374047235550837,0.06937356669062655,-0.026194382099961944,0.08965509330123522,0.2213478832436453,0.01827745761208755,0.7608774086632013,0.0,0,-0.015998870134353638,20,0.0451931034932371,61
2021-02-09,573.9722290039062,53267273.0,21.6299991607666,0.0009807230547689283,-0.0043950356613379205,-0.0033138729719300875,45.28294150964131,17.11923905905371,19.723085600251412,0.03436984132850429,-0.0015800242131650544,0.08219142139942304,0.24043156222872875,0.01801254404719603,0.7608774086632013,0.0,0,-0.015998870134353638,20,0.0451931034932371,61
2021-02-10,573.9722290039062,53267273.0,21.989999771118164,0.00761240848984257,0.0032333827331212373,-0.000968351826880709,34.58631381291852,16.47181599599685,19.0728316794005,0.0,0.024310929107455914,0.06937356669062655,0.23081575453317127,0.018026309247943875,0.7608774086632013,0.0,0,-0.015998870134353638,20,0.0451931034932371,61
2021-02-11,573.9722290039062,53267273.0,21.25,0.04091555203720154,0.03446660230588816,0.003855796973129433,42.20171098265896,15.776862701624623,18.413637883845325,0.00317434952343687,0.0276419791522442,0.04462792529524129,0.2501986347067029,0.01775041397867979,0.7608774086632013,0.0,0,-0.015998870134353638,20,0.0451931034932371,61
2021-02-12,573.9722290039062,53267273.0,19.969999313354492,-0.007904610166621695,0.0122703525541763,-0.0006508968010011662,49.462277785807196,15.052590317696172,17.741428370615495,0.007974111550312246,0.05158078833102797,0.0675672760892092,0.26012082282586224,0.01764716875601041,0.7515141134989947,0.0,0,-0.015998870134353638,20,0.0451931034932371,61
2021-02-15,573.9722290039062,53267273.0,19.969999313354492,0.0,0.0,0.0025730650545330302,59.74025180562526,14.313600953448145,17.055862887182027,0.0,0.06937356669062655,0.05158078833102797,0.24043156222872875,0.017593254303036147,0.7515141134989947,0.0,0,-0.015998870134353638,20,0.0451931034932371,61
2021-02-16,573.9722290039062,53267273.0,21.459999084472656,0.014414270972577192,0.0059163270548749924,-0.000749595177754192,61.3333201907585,13.571502722730202,16.35899085429166,0.0,0.03436984132850429,0.04118591611952693,0.24409424860014006,0.017565475346939863,0.7499989755232003,0.04905060750464618,1,-0.015998870134353638,20,0.0451931034932371,61
2021-02-17,602.1259155273438,107614290.0,21.5,-0.02699059820366856,-0.01873461928799325,0.001643260526494661,83.69601663212597,15.08130385753907,16.103453454941143,0.0,0.0,0.007974111550312246,0.23921542737362333,0.017583770385275595,0.7499989755232003,-0.004524577275483943,0,-0.015998870134353638,20,0.0451931034932371,61
2021-02-18,599.4015502929688,53109010.0,22.489999771118164,-0.012034955228313104,-0.009895398481080675,-0.0043260216490864645,90.58864922989342,15.875001493093919,16.0577630625717,0.04905060750464618,0.052380660800639633,0.024729206196760556,0.2848833593527518,0.0188176132050991,0.9390231408819516,-0.012121261491793489,0,-0.015998870134353638,20,0.0451931034932371,61
2021-02-19,592.1360473632812,50279585.0,22.049999237060547,0.015078396724276466,0.02436448600741148,-0.002073860051611476,78.08253859531378,15.73634839273484,15.993480128604327,0.04430409696509807,0.052631494326745853,-0.019316497023026957,0.2966602722214233,0.018637324776901266,0.9207317223094166,-0.0030673426956105976,0,-0.015998870134353638,20,0.0451931034932371,61
2021-02-22,590.3197631835938,36474610.0,23.450000762939453,-0.022611150434439287,-0.03767689149039499,0.0016869897980316129,66.66712300806978,15.303496674213648,15.855483437726193,0.0316458139288327,0.0316458139288327,0.004622489286954634,0.2809431139958074,0.018831260063538816,0.8711654620494024,-0.013846441597886838,0,-0.015998870134353638,20,0.0451931034932371,61
2021-02-23,582.1459350585938,50076333.0,23.110000610351562,-0.0334654483217941,-0.005844638442831784,-0.003525900056213449,59.01636635065085,14.137925743187452,15.511971898818446,0.028481402677020817,0.028481402677020817,0.026856377158001266,0.27451002096422794,0.01887406952594802,0.8580250652351578,-0.024960685703813157,0,-0.015998870134353638,20,0.0451931034932371,61
2021-02-24,567.6151733398438,66206750.0,21.34000015258789,0.024787116226600237,0.03238132197639376,0.0014671331918394426,48.64865601236594,11.904464098942526,14.790470338843264,0.014240595000340805,0.014240595000340805,0.03889772620329812,0.25440292727540315,0.019111961386989854,0.7974674929566921,0.01599990193344869,1,-0.015998870134353638,20,0.0451931034932371,61
2021-02-25,576.6969604492188,43231417.0,28.889999389648438,-0.04761922730163326,-0.05797586445223879,-0.007188495229882186,51.89886770623314,10.743410624581884,13.981058395990988,-0.05731482618095818,-0.011075545719511193,0.01626028342885477,0.21359230712665545,0.0196794903137913,0.6962029408455712,-0.04566939684099336,0,-0.015998870134353638,20,0.0451931034932371,61
2021-02-26,550.3595581054688,111861175.0,27.950000762939453,-0.0004761005450393263,0.022826460437041396,0.004159123786789953,37.96298946734354,7.610331953435207,12.706913107479833,-0.03787876396491252,0.004747148568565951,0.056572798565085014,0.2330096650278699,0.019738927327690736,0.7432433874482931,0.0,0,-0.015998870134353638,20,0.0451931034932371,61
2021-03-01,550.3595581054688,111861175.0,23.350000381469727,0.025329580851773725,0.033084275874232016,0.0032414966528486744,37.96298946734354,5.06891325719846,11.17931313742356,-0.07055218043866562,-0.04113904768426835,0.02538055653824456,0.15428567917416092,0.02110244651563455,0.5314683523541842,0.004950598812854423,1,-0.015998870134353638,20,0.0451931034932371,61
2021-03-02,553.0841674804688,54041533.0,24.100000381469727,-0.024239282657181338,-0.03097720264932291,-0.0012923819309750284,39.63970400365212,3.2373556161901433,9.590921633176876,-0.06769247375798437,-0.04113904768426835,-0.008183148897078274,0.14339625584301352,0.021088832488039055,0.5314683523541842,0.021346252719265157,1,-0.015998870134353638,20,0.0451931034932371,61
2021-03-03,564.8904418945312,48252965.0,26.670000076293945,-0.024682412542112786,-0.031052337427863397,-0.0028398027365883483,45.967754173811805,2.707292681294689,8.21419584280044,-0.04992179078807768,-0.036392111792041715,-0.036392111792041715,0.14905675198981205,0.02108313047006024,0.5328466723603482,-0.033762228982411435,0,-0.015998870134353638,20,0.0451931034932371,61
2021-03-04,545.8184814453125,67711962.0,28.56999969482422,-0.05940261771218058,-0.04837718748379549,-0.0007209970414093769,39.310310625334,0.7397389194726429,6.71930445813488,-0.00480031467319697,-0.06184001165304698,-0.012698571526713054,0.1604474645772047,0.021229731596084708,0.6106859165771659,0.0,0,-0.015998870134353638,20,0.0451931034932371,61
2021-03-05,545.8184814453125,79918467.0,24.65999984741211,0.04507312189746959,0.03147308118495418,0.0033549933005410093,39.310310625334,-0.8102218787580568,5.213399190756293,-0.053543682595194264,-0.08939427804527122,-0.041467738156308664,0.10885555951997516,0.021966756214427834,0.41935349249871146,-0.004991003825470908,0,-0.015998870134353638,20,0.0451931034932371,61
2021-03-08,543.0942993164062,43219772.0,25.469999313354492,-0.056871057331630115,-0.054095694598989996,0.004116781609573739,38.513584695920045,-2.232659005845676,3.7241875514358997,-0.008251108921935035,-0.07822115563512122,-0.049050713842815785,0.09471745933503306,0.021910575000716193,0.3333310516575545,-0.005017275119725606,0,-0.015998870134353638,20,0.0451931034932371,61
2021-03-09,540.3694458007812,68768861.0,24.030000686645508,0.021504727720196293,0.06133742138720488,0.01272943077039801,21.666616262255275,-3.5390278729772717,2.271544466553266,-0.013200931431212148,-0.07999980148470831,-0.053796905367855086,0.058407343858261296,0.02152367463101925,0.19355144083774325,0.003361528486245824,1,-0.015998870134353638,20,0.0451931034932371,61
2021-03-10,542.1859130859375,40146301.0,22.559999465942383,-0.021910982429277026,-0.018037553000200157,-0.001096069592764981,23.529395154299223,-4.377302069515508,0.9417751593395111,-0.02298876450867937,-0.07176291500447851,-0.058544266612760354,0.025862035003055617,0.02117883680124577,0.12359358812104883,0.02010058566904127,1,-0.015998870134353638,20,0.0451931034932371,61
2021-03-11,553.0841674804688,54416046.0,21.90999984741211,0.059298846004286254,0.04091584528852077,-0.0017698266663561668,32.52034474883101,-4.1148093992109125,-0.06954175237057361,-0.04019280045250406,-0.04480017703593209,-0.05537953634643955,0.022260162244228443,0.02116114033854113,0.07316983216597521,0.008210020800661688,1,-0.015998870134353638,20,0.0451931034932371,61
2021-03-12,557.625,33168846.0,20.690000534057617,-0.01890889710267496,-0.010690158976964015,-0.007127161762129908,35.71422856658245,-3.5000286799017886,-0.7556391378768167,0.013311542723721814,-0.04094488888992376,-0.036392111792041715,0.030456804304166862,0.021302865708134177,0.21951195524426007,-0.004886096166778708,0,-0.015998870134353638,20,0.0451931034932371,61
2021-03-15,554.900390625,27416758.0,20.030000686645508,0.0065935684329061495,0.02258277453726043,0.005167708541374605,37.49997899819721,-3.1958242638630736,-1.2436761630740683,0.021630851567034037,0.01320126413274525,-0.02848087098617269,0.014876012126354254,0.021031806615334988,0.280486405591517,0.003273721529412965,1,-0.015998870134353638,20,0.0451931034932371,61
2021-03-16,556.7169799804688,36949425.0,19.790000915527344,0.0022675138069743195,0.012621829757078373,0.0011014164447242791,44.33964895907566,-2.776154709962043,-1.5501718724516633,0.021738566071222154,0.008250665319890826,-0.033227806878399435,0.03209435680961814,0.020761471384181125,0.24390026013536217,-0.010647004451472708,0,-0.015998870134353638,20,0.0451931034932371,61
2021-03-17,550.7896118164062,39517807.0,19.229999542236328,-0.0011943864048111763,0.012246232535527257,0.00212229228687022,36.08828175698263,-2.888555172728843,-1.8178485325070994,0.030252513917514046,0.006568281490589412,-0.030062863935739426,0.019967258173994695,0.0206431712640916,0.26829348251913315,-0.0033115631998937856,0,-0.015998870134353638,20,0.0451931034932371,61
2021-03-18,548.9656372070312,29415526.0,21.579999923706055,-0.035870531512504855,-0.04237559347810371,-0.0006693435002753656,48.9840223072009,-3.089202453733037,-2.0721193167522873,0.015868539780938606,-0.024962061724453366,-0.085258419189576,-0.0008673632809493848,0.020661792849921354,0.18870058534554401,-0.018272556931631767,0,-0.015998870134353638,20,0.0451931034932371,61
2021-03-19,538.9346313476562,70866028.0,20.950000762939453,-0.007598343566893817,0.011810332176512839,0.00663059429778623,42.735098463855195,-4.011394352661,-2.45997432393403,-0.007446480148218915,0.005765938436868456,-0.08414378151222002,-0.035940900144765586,0.020006633397535365,0.16420819352628482,0.003384181370014838,1,-0.015998870134353638,20,0.0451931034932371,61
2021-03-22,540.7584838867188,34089033.0,18.8799991607666,0.031241754705831237,0.021976684719988704,-0.0006547704063115667,42.07149879233502,-4.542702967193122,-2.8765200525858488,-0.03351780973296348,-0.012611976933115221,-0.08984660915768472,-0.08281300848983586,0.01950578529079907,0.029511512669919863,0.0016867222654450842,1,-0.015998870134353638,20,0.0451931034932371,61
2021-03-23,541.6705932617188,29374037.0,20.299999237060547,-0.01954260413046549,-0.027080010582560488,-0.0027302551212525783,32.62925075019953,-4.834440843624975,-3.268104210793674,-0.025485487084182523,-0.004300938957797151,-0.08395666617968389,-0.11526267494079057,0.018363628049555995,0.06150276197712385,-0.030303115666266423,0,-0.015998870134353638,20,0.0451931034932371,61
2021-03-24,525.2562866210938,107253959.0,21.200000762939453,-0.05161462870328859,-0.013439268040433494,0.003334690081613134,33.98044125576915,-6.317320440723961,-3.8779474567797316,-0.027026994433110074,0.002407884959167772,-0.06952782688897607,-0.0809975812158703,0.017620137947475755,0.07545172653906251,-0.0017362710888321198,0,-0.015998870134353638,20,0.0451931034932371,61
2021-03-25,524.3442993164062,67833354.0,19.809999465942383,0.013674825375116662,0.0020006676330457385,0.0027356146036974227,33.50433826156346,-7.4798795631472785,-4.598333878053241,-0.0463576738695346,-0.031224762680546414,-0.07462606482048495,-0.08632100566916767,0.01781885816889405,0.0,0.026087036485417103,1,-0.015998870134353638,20,0.0451931034932371,61
2021-03-26,538.0228881835938,36829858.0,18.860000610351562,0.05531891900410768,0.04946151610222249,0.000793525942686335,46.66551089237013,-7.214306207399659,-5.121528343922525,-0.044850417260888675,-0.05196291966733513,-0.09078019258508374,-0.0642550819277864,0.017434688065398277,0.0,0.015254055970941316,1,-0.015998870134353638,20,0.0451931034932371,61
2021-03-29,546.2299194335938,37884733.0,20.739999771118164,-0.01861683668447911,-0.016627653011717092,0.0028839118577712597,53.594192873153276,-6.269329647114205,-5.351088604560861,-0.0016917509305026668,-0.03515285687766201,-0.02241565489357933,-0.03672185220230906,0.01794044226143016,0.17585889228750742,-0.0033388714880309145,0,-0.015998870134353638,20,0.0451931034932371,61
2021-03-30,544.4061279296875,33099123.0,19.610000610351562,0.00594452352907715,-0.003299854440988459,-0.002029020416646765,51.3615219581722,-5.603005685411631,-5.401472020731015,0.010118076202057624,-0.015625274982489112,-0.007503528577010088,0.0007538000310869375,0.01775995928182836,0.2813726582620173,-0.016750172374166872,0,-0.015998870134353638,20,0.0451931034932371,61
2021-03-31,535.2872314453125,38790886.0,19.399999618530273,0.0278962399677114,0.026404523259214496,-0.0030286910965079405,38.84273803191998,-5.744538418610091,-5.470085300306831,0.005050181239296236,-0.02211330441405457,-0.015690269331543827,0.0142886595101126,0.01757048097886285,0.2579250675233487,0.025553394436078847,1,-0.015998870134353638,20,0.0451931034932371,61
2021-04-01,548.9656372070312,43091157.0,17.329999923706055,0.05512312393545282,0.03687430242799983,-0.002345197043831182,45.12930723729156,-4.6988061867781425,-5.315829477601094,0.01909723896642257,-0.028145738478925986,-0.0524052245421881,-0.03534536920688891,0.016951466431064318,0.14068789852900326,0.0,0,-0.015998870134353638,20,0.0451931034932371,61
2021-04-02,548.9656372070312,43091157.0,17.329999923706055,0.0,0.0,0.003076761333436595,46.556285527084704,-3.825952658285587,-5.017854113737993,0.046956432868106246,0.0,0.005765938436868456,-0.04356759880224936,0.016556371084660057,0.31654443671951876,0.0,0,-0.015998870134353638,20,0.0451931034932371,61
2021-04-05,548.9656372070312,43091157.0,17.90999984741211,-0.002403669251922924,0.02014092203160156,0.0024172825752466487,45.40532209561133,-3.098492456095869,-4.633981782209569,0.020338816923534786,0.018612657780576303,0.005765938436868456,-0.040531548065307677,0.01655313729076011,0.31654443671951876,0.0,0,-0.015998870134353638,20,0.0451931034932371,61
2021-04-06,548.9656372070312,43091157.0,18.1200008392334,-0.016546051593486433,-0.011898553228400721,-0.005026206697744784,48.83710613605127,-2.4932345488977035,-4.205832335547195,0.005008363101520086,0.015177114303086547,0.0108108995031162,-0.035940900144765586,0.016542000469901577,0.31654443671951876,0.013289152528842552,1,-0.015998870134353638,20,0.0451931034932371,61
2021-04-07,556.2609252929688,24603109.0,17.15999984741211,-0.02082674827100439,0.00011018133874962643,0.001574680830820796,54.34785455497839,-1.4086564033668765,-3.6463971491111318,0.008375198300362596,0.013467675808990665,0.01590798938217386,-0.04356759880224936,0.01648523909801503,0.31654443671951876,0.004918267164476964,1,-0.015998870134353638,20,0.0451931034932371,61
2021-04-08,558.9967651367188,23976625.0,16.950000762939453,0.029527034258503004,0.010653750312046517,-0.0028629884562738628,63.09537089566986,-0.32461899237125635,-2.982041517763157,0.03918212992121228,0.05902763938595368,0.025959752673987868,-0.03085742273920533,0.01663036503301706,0.4103363690721876,-0.00489419620000997,0,-0.015998870134353638,20,0.0451931034932371,61
2021-04-09,556.2609252929688,27303862.0,16.690000534057617,-0.005104000310525825,-0.00203860963657565,0.0007160361348310662,60.000015748552315,0.31015379500274776,-2.323602455209976,0.01827277929584592,0.06608723669827121,0.01069023125934776,-0.026090920623766944,0.01665207326976653,0.4455097169276837,-0.008196819343545658,0,-0.015998870134353638,20,0.0451931034932371,61
2021-04-12,551.7013549804688,22606128.0,16.90999984741211,-0.015472296543215469,-0.010987895344696796,0.0045574892409234735,56.17965613761715,0.44022197904223503,-1.7708375683595339,0.013289152528842552,0.033898255092730256,-0.0024462222946087797,-0.03085742273920533,0.01666565227162712,0.4103363690721876,0.0,0,-0.015998870134353638,20,0.0451931034932371,61
2021-04-13,551.7013549804688,25971622.0,16.649999618530273,0.0030603375400719557,-0.0017279179267082334,-0.0037333170572916297,70.42240376475557,0.5371104767478982,-1.3092479593380475,0.0049834044027892155,0.010016726203040172,-0.005765062880795702,-0.038801309363150294,0.016706275387832887,0.35171621517702023,0.011570431708996853,1,-0.015998870134353638,20,0.0451931034932371,61
2021-04-14,558.0847778320312,30077913.0,16.989999771118164,-0.0035457960724341042,-0.011934721598095499,0.0007078933127258047,74.02597289709065,1.1161182682175195,-0.8241747138269342,0.0049834044027892155,0.013400339703236064,-0.009009290501927891,-0.038801309363150294,0.016706275387832887,0.35171621517702023,0.011437978726464237,1,-0.015998870134353638,20,0.0451931034932371,61
2021-04-15,564.4681396484375,33530942.0,16.56999969482422,-0.02060574931129311,0.017875651053338215,-0.00281554051087729,71.01449697110792,2.066251602806119,-0.24608945050032355,0.0032787716270057388,0.0425893708040892,0.013244923032529332,-0.02767982555435944,0.0168149268817725,0.4337847445098535,-0.014539730020157293,0,-0.015998870134353638,20,0.0451931034932371,61
2021-04-16,556.2609252929688,48507383.0,16.25,0.004140283434495906,-0.005578770580821457,-0.0031199556190403266,57.97103136264341,2.1324044764457994,0.22960933488890103,0.009787846465230565,0.028239476919317275,0.028239476919317275,-0.016558448083738297,0.016916040385059,0.5158524891436894,-0.011475261798645775,0,-0.015998870134353638,20,0.0451931034932371,61
2021-04-19,549.877685546875,24231637.0,17.290000915527344,-0.028946532717896045,-0.02523149635231514,0.0003433798790331011,54.05414205732582,1.6507284350055897,0.5138331549122388,0.0,0.013289152528842552,0.03214915675763219,-0.07617175918131058,0.015148565171499742,0.4252304149339127,-0.0016586385732977327,0,-0.015998870134353638,20,0.0451931034932371,61
2021-04-20,548.9656372070312,34771635.0,18.68000030517578,-0.0038995517418943804,-0.015632314209831244,-0.004530113461426399,61.538239755176605,1.1817792080776144,0.647422365545314,-0.003305537347571552,0.0016613942258463243,0.0168637236990008,-0.08262218327911908,0.015217183910221102,0.37664445844962635,-0.0166109403415714,0,-0.015998870134353638,20,0.0451931034932371,61
2021-04-21,539.8468017578125,38458220.0,17.5,0.02131379957762647,0.02749383142945261,-0.003590917502681479,41.66691765808276,0.07347280689361924,0.532632453814975,-0.004958693229119127,0.0,0.013467675808990665,-0.07290623556610554,0.015131800471620292,0.37318931080483503,-0.0016896838273119386,0,-0.015998870134353638,20,0.0451931034932371,61
2021-04-22,538.9346313476562,33868521.0,18.709999084472656,-0.017717216043973583,-0.023097693701769395,-0.001641316224407774,40.98366231799778,-0.8684614467746314,0.25241367369705375,-0.0326795798750632,-0.02950795712733434,0.027777897206290758,-0.08550105311328327,0.015305226181983569,0.2682017946784763,0.018612657780576303,1,-0.015998870134353638,20,0.0451931034932371,61
2021-04-23,548.9656372070312,27754511.0,17.329999923706055,0.028789438649360566,0.020365974455532898,0.0037991549586497975,50.0,-0.7963529279974182,0.04266035335815936,-0.045234631518236035,-0.03588953468121725,0.027825861843585598,-0.07422761391709831,0.015190453160249936,0.2786932261998307,0.013289152528842552,1,-0.015998870134353638,20,0.0451931034932371,61
2021-04-26,556.2609252929688,30887664.0,17.639999389648438,0.024275142973221087,0.016665737546802895,-0.001933337905959176,54.99998326729493,-0.1488220995586289,0.004363862774801709,-0.013114867060085578,-0.013114867060085578,0.020338816923534786,-0.03285595066650304,0.015051882117074577,0.4702977338279631,0.0,0,-0.015998870134353638,20,0.0451931034932371,61
2021-04-27,556.2609252929688,26317481.0,17.559999465942383,-0.0020573727468709,-0.007583978595462448,-0.007990832859932295,50.0,0.36019860191959197,0.07553081060375977,0.011608472054553953,0.008264562469058045,0.0183640725315386,-0.03543634969106013,0.014984258879674448,0.7871680003853634,-0.013114867060085578,0,-0.015998870134353638,20,0.0451931034932371,61
2021-04-28,548.9656372070312,24024054.0,17.280000686645508,-0.01327602480416823,-0.014608125476504474,0.0032076763647559403,42.857080769097045,0.1729388642917229,0.09501242134135239,0.013289152528842552,0.008264562469058045,0.021775650116877987,0.010722748611497801,0.01319519182286753,0.7871680003853634,-0.003322232541157155,0,-0.015998870134353638,20,0.0451931034932371,61
2021-04-29,547.141845703125,31828333.0,17.610000610351562,-0.004679880945280712,0.007553904476463202,-0.004093553697287922,43.42107464836984,-0.12123305996522049,0.051763325080037816,0.016891524446429385,-0.016340063350992584,0.025553394436078847,-0.002532745871146269,0.013357592984016039,0.607242423695033,0.0,0,-0.015998870134353638,20,0.0451931034932371,61
2021-04-30,547.141845703125,31828333.0,18.610000610351562,-0.019815440618263902,-0.029199066281225594,-0.0006118920845618048,46.47890776051501,-0.3503280654661012,-0.02865495302918998,0.015228589662063197,-0.03069490149807863,-0.003322232541157155,-0.010743973750710567,0.01334420594440917,0.5622617821853718,-0.019999727811384926,0,-0.015998870134353638,20,0.0451931034932371,61
2021-05-03,536.1991577148438,41762441.0,18.309999465942383,-0.006852850663465637,-0.011453915108678214,0.0028992165555055127,39.75919256691918,-1.3987470908870137,-0.3026733806007547,-0.003322232541157155,-0.01639352896312274,-0.003322232541157155,-0.03141953709091083,0.012903968325823977,0.568179570999819,0.005101600018303731,1,-0.015998870134353638,20,0.0451931034932371,61
2021-05-04,538.9346313476562,40273595.0,19.479999542236328,-0.005002552322613596,-0.015966078418475638,0.002783092616461813,36.708746007404834,-1.9860034496006165,-0.6393393944007271,-0.03606539065737713,-0.02487558268240586,-0.023255516605992788,-0.017623668046191865,0.012198830973524885,0.29545672349248314,-0.01015209110403792,0,-0.015998870134353638,20,0.0451931034932371,61
2021-05-05,533.4633178710938,29254785.0,19.149999618530273,0.0001733096275653434,0.006140185317964564,-0.0011029890401905718,28.205020392717486,-2.859930122511173,-1.0834575400228164,-0.031147781836711186,-0.018272556931631767,-0.018272556931631767,-0.012611976933115221,0.01222777219170022,0.36363249156891886,0.003419004668395065,1,-0.015998870134353638,20,0.0451931034932371,61
2021-05-06,535.2872314453125,30725590.0,18.389999389648438,0.014040604323368955,0.007670394096875199,-0.0002939674112609758,33.80286071703638,-3.3665413318623223,-1.5400742983907176,-0.028239143372996045,-0.011824621107197952,-0.04098365782185409,-0.01773353441093939,0.012302498176874859,0.2272718283999276,0.02044264713495081,1,-0.015998870134353638,20,0.0451931034932371,61
2021-05-07,546.2299194335938,28075722.0,16.690000534057617,-0.0014529787552246543,0.014940238805908335,0.0022592693141363362,47.368305173560195,-2.852172823521073,-1.802494003416789,-0.021666436868081784,-0.006767796482521571,-0.04241443809716394,-0.009405073501032923,0.012293337590505583,0.2727289321847491,-0.016694469179102,0,-0.015998870134353638,20,0.0451931034932371,61
2021-05-10,537.1109008789062,20434079.0,19.65999984741211,-0.038688629827298815,-0.046567648933562134,-0.006984398409560111,42.35291523747429,-3.144117235040426,-2.0708186497415166,-0.0016667090566968579,-0.0049834044027892155,-0.018032914776625608,0.0074587078897701,0.012688570402407126,0.5454517796920849,-0.030560026818105657,0,-0.015998870134353638,20,0.0451931034932371,61
2021-05-11,520.69677734375,59349193.0,21.84000015258789,0.004807986815584142,0.002999518730864681,-0.0007746834120708757,38.709612414482024,-4.6464069877812335,-2.5859363173494603,0.0017003815670806333,-0.03442633401577988,-0.02644629013477595,-0.028880354095702,0.01255449686919245,0.3181799512921573,-0.019264464964407813,0,-0.015998870134353638,20,0.0451931034932371,61
2021-05-12,510.66583251953125,131741482.0,27.59000015258789,-0.04111638531783268,-0.04195554014003744,0.006696384970054758,34.95148407019148,-6.570653452541137,-3.382879744387796,-0.033840567933630106,-0.06393429114311422,-0.056198117617123455,-0.06622411594933875,0.01329297785682116,0.0,-0.02321463211099073,0,-0.015998870134353638,20,0.0451931034932371,61
2021-05-13,498.8109130859375,66765627.0,23.1299991607666,0.0049902345492967015,0.015007993451107149,0.0038328026526472936,23.809393284755657,-8.949066296243245,-4.496117054758886,-0.04273486964865936,-0.0697672169106206,-0.08496727951747118,-0.07971621367151338,0.01356355049339691,0.0,0.018281636088167685,1,-0.015998870134353638,20,0.0451931034932371,61
2021-05-14,507.92999267578125,37533726.0,18.809999465942383,0.03411481372147507,0.030228678631886607,-0.0031044780426563445,25.23351098433669,-9.983063556407046,-5.593506355088518,-0.06814344937929195,-0.08833346050342394,-0.11631697513236561,-0.10401347359040991,0.013928692420786598,0.0,-0.014362482238184038,0,-0.015998870134353638,20,0.0451931034932371,61
2021-05-17,500.6348571777344,56270958.0,19.719999313354492,-0.02365290566580658,-0.008985664470119947,0.000819688136178387,23.478149780274123,-11.261356394768086,-6.727076363024432,-0.07011685994338634,-0.07166670459458846,-0.08688536336024821,-0.07781486473443389,0.014228870038089203,0.138889198756563,0.04189425499349175,1,-0.015998870134353638,20,0.0451931034932371,61
2021-05-18,521.6085815429688,43689316.0,21.34000015258789,0.009471925257322322,-0.008623746959634637,0.0033726628756043375,38.46149687659446,-10.461415718824014,-7.473944234184349,-0.06791156843304424,-0.06632666244511864,-0.0895523307518229,-0.08803971825119883,0.014358559044762477,0.02777979191765948,-0.008741129658373703,0,-0.015998870134353638,20,0.0451931034932371,61
2021-05-19,517.0491333007812,28908777.0,22.18000030517578,0.014074275434798889,0.01984539162936394,-0.003161713514924669,37.593956394570554,-10.079179827146959,-7.9949913527768715,0.0017511231851101705,-0.03214870375162582,-0.04983382166367789,-0.03214870375162582,0.015648243934762184,0.34722253208989634,0.0,0,-0.015998870134353638,20,0.0451931034932371,61
2021-05-20,517.0491333007812,29709287.0,20.670000076293945,0.007829317385469547,0.026388580029959474,-0.0026675804134449477,37.593956394570554,-9.664844814270054,-8.328962045075508,0.012499956673733159,-0.030769096993992107,-0.04222988518742543,-0.04384462064381456,0.015683651906892172,0.27777932711614833,0.010582041810893283,1,-0.015998870134353638,20,0.0451931034932371,61
2021-05-21,522.5205688476562,27376731.0,20.149999618530273,-0.012623704363556199,-0.004569310714482189,0.002136927485614226,44.094445653669055,-8.793614890877734,-8.421892614235954,0.036563394537644234,-0.034071610666458696,-0.04060881742215805,-0.04545467349939958,0.015678901755595893,0.27777932711614833,-0.008725990035950315,0,-0.015998870134353638,20,0.0451931034932371,61
2021-05-24,517.9610595703125,15629736.0,18.399999618530273,0.015914232820281704,0.023223315272959066,-5.370506244251061e-05,41.085337481373244,-8.374536746345598,-8.412421440657884,0.02872556529889425,-0.043405441083349317,-0.048172538619938754,-0.0052083484636348265,0.015071846545157688,0.36111266044948165,0.026408409627122653,1,-0.015998870134353638,20,0.0451931034932371,61
2021-05-25,531.6395874023438,33039911.0,18.84000015258789,0.005720506220302735,0.0037432008784428206,0.0022684271317261473,49.27539148987561,-6.859598239141633,-8.101856800354634,0.034608461924230394,-0.03565342143914363,-0.06885233885965414,-0.012173756355157606,0.015129807224181599,0.2916685258727113,0.0034303887670610322,1,-0.015998870134353638,20,0.0451931034932371,61
2021-05-26,533.4633178710938,18703987.0,17.360000610351562,0.015050558145475845,0.0020129898046732375,-0.006850546741188235,49.275317683577455,-5.4490257731511065,-7.571290594913929,0.019230906496404465,0.021015705367751103,-0.044262210000922786,-0.011864366593771658,0.015143490749024982,0.5000009296030223,-0.0051283353830428036,0,-0.015998870134353638,20,0.0451931034932371,61
2021-05-27,530.7275390625,62169719.0,16.739999771118164,-0.0019828505472042623,0.00582303586021915,-0.005481574945320644,43.41083401043304,-4.500018010759845,-6.957036078083113,0.03174588934232658,0.044642668257407925,-0.028239143372996045,-0.02337221215516383,0.014958485337079594,0.5277774679101037,0.013745940400945678,1,-0.015998870134353638,20,0.0451931034932371,61
2021-05-28,538.0228881835938,29086873.0,16.760000228881836,0.013734261728748587,0.008638083764219928,0.004301047842272254,50.39373709787669,-3.1232459820097347,-6.190278058868437,0.02645475039170342,0.06398542040531452,-0.030000093704277364,-0.025125707014367338,0.014969446672364072,0.4861098716404147,0.011864253150352111,1,-0.015998870134353638,20,0.0451931034932371,61
2021-05-31,544.4061279296875,30657474.0,16.760000228881836,0.0,0.0,-0.0060099979469249165,61.20682840645705,-1.4997815810839938,-5.252178763311549,0.029668342760411637,0.05924614797658001,-0.016666532803413348,0.005110633277940924,0.014901298848304547,0.5972225320898963,0.0016753087319427706,1,-0.015998870134353638,20,0.0451931034932371,61
2021-06-01,545.3181762695312,17818326.0,17.899999618530273,0.009798798226346772,-0.0038411296223227476,-0.003740046758353377,67.92450507006022,-0.13798901671202657,-4.229340813991644,0.0510560936401534,0.08743152843712898,0.015305824518300204,-0.00830563694394637,0.014477567227839687,0.694443204973748,-0.00501696067141133,0,-0.015998870134353638,20,0.0451931034932371,61
2021-06-02,542.5823364257812,21872755.0,17.479999542236328,0.00371279632322441,0.007138508915733421,0.0023658256413328083,75.0,0.7122713697384597,-3.2410183772456236,0.025729063808101138,0.04545476352483924,0.01184474804655311,-0.006644242718100157,0.01448014757544157,0.7083342629363557,0.0016804900159950176,1,-0.015998870134353638,20,0.0451931034932371,61
2021-06-03,543.494140625,21077164.0,18.040000915527344,-0.017906687294208634,-0.018076446964183535,-0.0013704629347449648,72.41374667842202,1.4430492568411637,-2.3042048504282664,0.017093993624677006,0.04938254699703104,0.017093993624677006,-0.011627869485103415,0.014500347370821462,0.6666657370636443,-0.001677670707121548,0,-0.015998870134353638,20,0.0451931034932371,61
2021-06-04,542.5823364257812,15756180.0,16.420000076293945,0.023026978892639605,0.02387557063154322,0.0028971699929969397,78.74995973643996,1.9264145113932045,-1.4580809780639723,0.024054906939729337,0.05114602389021883,0.015331785810635212,-0.009966919987685507,0.01450316363579363,0.6805530766141626,-0.005041695028240034,0,-0.015998870134353638,20,0.0451931034932371,61
2021-06-07,539.8468017578125,17077625.0,16.420000076293945,-0.010794319360430737,-0.006994089000500359,-0.003178454040775325,66.66685258830813,2.0649467514305115,-0.7534754321650755,0.008474450329762906,0.03839421598726411,-0.006677742976061829,-0.02459023858269993,0.014348294277518544,0.6666657370636443,-0.005067920880512333,0,-0.015998870134353638,20,0.0451931034932371,61
2021-06-08,537.1109008789062,13396324.0,17.06999969482422,-0.019454966729821388,-0.006404172740554048,0.0031522926766149872,68.96537796662197,1.9317027468583774,-0.21643979636038493,-0.008374861960524949,0.04225364394314868,0.005093735529160481,-0.034257735595701666,0.014338989932869901,0.6250018592060447,-0.005093280984997173,0,-0.015998870134353638,20,0.0451931034932371,61
2021-06-09,534.375244140625,20023490.0,17.889999389648438,0.010438081955693512,-0.004017378280936512,-0.0012996551722471716,65.5737075355039,1.5870665619106603,0.14426147529382416,-0.015050434311157934,0.010291395912211954,0.031523382224276864,-0.03442633401577988,0.014340245558798152,0.583332403730311,0.022184177547433404,1,-0.015998870134353638,20,0.0451931034932371,61
2021-06-10,546.2299194335938,28527745.0,16.100000381469727,0.00947665896907357,0.011945613301987956,0.0069815143394595935,69.11754573497828,2.244638331411693,0.5643368465173979,-0.015125985005740916,0.0017094451276808975,0.0464284275768283,-0.03140487273310599,0.01430881310453967,0.5416666666666666,0.005008363101520086,1,-0.015998870134353638,20,0.0451931034932371,61
2021-06-11,548.9656372070312,24227710.0,15.649999618530273,8.461424840855436e-05,0.004333287808222508,-0.007991440532836847,75.75746819987404,2.9524838611648647,1.0419662494468913,0.00503368592980169,0.029209677716136362,0.09506409163002139,-0.009917386458238253,0.014736818438827388,0.7222206728838517,0.0,0,-0.015998870134353638,20,0.0451931034932371,61
2021-06-14,548.9656372070312,24227710.0,16.389999389648438,0.02317112698605861,0.014105664215114722,0.00303002470849556,68.62732488857858,3.4734171524397652,1.5282564300454662,0.011764667503368242,0.020338816923534786,0.08078996145723494,-0.016340063350992584,0.014644220943616412,0.7638873395505184,0.011628091849317457,1,-0.015998870134353638,20,0.0451931034932371,61
2021-06-15,555.3490600585938,26012250.0,17.020000457763672,-0.012728255029869517,-0.009019059953548347,-0.00015194752635017128,71.4285543542438,4.3511915864413595,2.092843461324645,0.016891524446429385,0.008375198300362596,0.09653898312585651,-0.027463910453939033,0.014526722263012921,0.8730150298376327,-0.006568310528409227,0,-0.015998870134353638,20,0.0451931034932371,61
2021-06-16,551.7013549804688,25856919.0,18.149999618530273,-0.011971578923847925,-0.007740274538063585,-0.002735540137186243,70.17539533523794,4.698335349453259,2.613941838950368,0.03395603989761398,0.018394552438509848,0.06468543599458698,-0.0016392760895342917,0.01447359237560695,0.9841276755331412,0.005809112104944392,1,-0.015998870134353638,20,0.0451931034932371,61
2021-06-17,554.90625,22872361.0,17.75,0.013192332314594601,0.009590707644842045,0.004237852911618267,67.62787709931544,5.172432939132364,3.1256400589867672,0.032423116583006006,0.016806700001991137,0.0670192046517355,0.0033165001627226687,0.01439779097794577,0.9206341280473748,-0.004950402482119753,0,-0.015998870134353638,20,0.0451931034932371,61
2021-06-18,552.1592407226562,32652017.0,20.700000762939453,-0.02795502296889718,-0.024414289431116454,0.0002529073491499556,58.760180683424714,5.2657971717237615,3.5536714815341663,0.015884026593422584,0.020997667724396152,0.0732176388296859,0.010821465662573582,0.014420629191644368,0.9764199302850113,-0.033167462124071956,0,-0.015998870134353638,20,0.0451931034932371,61
2021-06-21,533.8455200195312,44279632.0,17.889999389648438,-0.014249986628870892,0.006083440259379236,0.0034676060407665688,40.69588787230209,3.8180131135706006,3.6065398079414535,0.005817492569977656,0.017650600939135064,0.05672249791116135,0.022807283334369766,0.014196484754615438,0.9286042872274534,-0.008576320310065944,0,-0.015998870134353638,20,0.0451931034932371,61
2021-06-22,529.26708984375,27823974.0,16.65999984741211,0.0016645535105954679,0.004237069299596774,0.005993308042535395,39.51493911025711,2.2749683461396444,3.340225515581092,-0.027542921018565925,-0.011116638495847875,0.030667286962452467,-0.009442910201185595,0.015122878564945439,0.609827667352626,0.029411595117437406,1,-0.015998870134353638,20,0.0451931034932371,61
2021-06-23,544.8336791992188,34392376.0,16.31999969482422,0.01504427111639628,0.003701239492160946,0.00010018741461803593,50.85701879138757,2.281883780683984,3.12855716860167,-0.0469650028976224,-0.014603708512191726,-0.004462605146065335,-0.0358830244157019,0.01488169425343632,0.530133512383919,-0.008403353813425274,0,-0.015998870134353638,20,0.0451931034932371,61
2021-06-24,540.2552490234375,16524230.0,15.970000267028809,0.010254203056345279,0.017696648539498927,0.0030196518945295736,48.577882448427864,1.8960665853993532,2.882059051961207,-0.01244817638973017,0.019571331518945856,0.02131423276393396,-0.020542960280252598,0.015450055962743372,0.801092364392023,0.0016951848615756049,1,-0.015998870134353638,20,0.0451931034932371,61
2021-06-25,541.1710815429688,18841696.0,15.619999885559082,-0.0060559140948188706,-0.0037863630753254274,-0.0045872105787782,50.827695704619025,1.645238424436343,2.634694926456234,-0.026402659866531564,-0.01093801382456605,0.017952168032900007,-0.02877368433006766,0.015499375766204285,0.7330331494158072,-0.0016923160729875875,0,-0.015998870134353638,20,0.0451931034932371,61
2021-06-28,540.2552490234375,15028407.0,15.760000228881836,0.026430929238806744,0.025192169194753422,-0.001444073621782116,52.01102066022467,1.356913613868187,2.3791386639386247,-0.01990034462758672,-0.014198622164619978,0.005851411582141974,-0.014198622164619978,0.01537516923122142,0.7492316378447644,0.008474568611887001,1,-0.015998870134353638,20,0.0451931034932371,61
2021-06-29,544.8336791992188,28659610.0,16.020000457763672,0.005183712588376244,0.007742744946380498,-0.0017871681871741707,56.53483176577103,1.4807856012190541,2.1994680513947107,0.012006711236748346,-0.015866909681104158,-0.007624599895734607,-0.012586492394559223,0.015369217870460264,0.7330331494158072,0.0,0,-0.015998870134353638,20,0.0451931034932371,61
2021-06-30,544.8336791992188,24883853.0,15.829999923706055,-0.0005821931849813167,-0.001063062605945353,0.002153447075292414,48.97585312741755,1.5609612539728914,2.071766691910347,0.029411595117437406,-0.018934723430099165,-0.0008884667546328329,-0.0042185888760528645,0.01542724701828992,0.8140126370880073,-0.00336120709501031,0,-0.015998870134353638,20,0.0451931034932371,61
2021-07-01,543.0023803710938,18250994.0,15.479999542236328,-0.014480776570504283,-0.015021029178121426,-0.0020770441327403466,45.56711620723512,1.459901687887168,1.9493936911057113,0.0,-0.01244817638973017,0.004149310846106813,0.016103198522678275,0.015099570075465618,0.8140126370880073,-0.008431357275420548,0,-0.015998870134353638,20,0.0451931034932371,61
2021-07-02,538.4241333007812,18322419.0,15.069999694824219,0.0041377820551027344,0.0063033811711807886,0.0021927857820869256,42.66319123484313,0.998870618388878,1.7592890765623448,0.005084876736731303,-0.021452037400743418,-0.0009048124296993088,0.007547759573857338,0.015093012980284566,0.7816221374663859,0.005101829714332151,1,-0.015998870134353638,20,0.0451931034932371,61
2021-07-05,541.1710815429688,28836816.0,15.069999694824219,0.0,0.0,0.002116288814962397,39.60610106636216,0.8454105733624147,1.5765133759223589,-0.005075933167669411,-0.02487526497591297,-0.007663727412122956,0.009299262505029882,0.015066288807542943,0.7006458884123322,0.0016918649390793572,1,-0.015998870134353638,20,0.0451931034932371,61
2021-07-06,542.086669921875,12997112.0,16.440000534057617,0.009587170644776544,-0.002385573465354729,0.0011024363241982638,42.657323099784556,0.7885824250250835,1.4189271857429038,0.0016951848615756049,0.013722249693449706,0.0024530659084098794,0.01099194927883751,0.015076935639428248,0.7492316378447644,0.0033785776983921156,1,-0.015998870134353638,20,0.0451931034932371,61
2021-07-07,543.9181518554688,16966158.0,16.200000762939453,-0.014993885268656082,-0.013963440015823725,-0.0025707007491830858,41.42865168699812,0.8811733755885598,1.311376423712035,-0.005041922667815335,0.024221381461502878,0.009263950954684796,-0.007585174968106956,0.014741986521187722,0.765425808116193,-0.010100818544013901,0,-0.015998870134353638,20,0.0451931034932371,61
2021-07-08,538.4241333007812,21140426.0,19.0,-0.0032136068503503257,-0.011932294245094677,-0.0005484749429269797,39.7261287123831,0.5054049948802231,1.1501821379456727,-0.0016803794969055819,-0.0016803794969055819,0.017858064757828584,0.01267382763117153,0.014513678209510647,0.7978195463559609,-0.006803006413505286,0,-0.015998870134353638,20,0.0451931034932371,61
2021-07-09,534.76123046875,29029415.0,16.18000030517578,0.02282171861610882,0.017245767815627033,0.0028118780778858543,50.87721760118435,-0.0869574095961525,0.9027542284373077,-0.008431357275420548,-0.0033893529511581644,-0.014290293986288116,0.03404544972885071,0.013773605586567464,0.7006458884123322,0.015410896364195903,1,-0.015998870134353638,20,0.0451931034932371,61
2021-07-12,543.0023803710938,31304547.0,16.170000076293945,0.0171699170297841,0.01238721102508622,-0.00032184803806400986,62.29510346312163,0.10734562650930002,0.7436725080517061,-0.006803006413505286,-0.011844407975280524,-0.02587485586629601,0.04718427671249614,0.01345951026865929,0.6358594914721787,0.023608811999166868,1,-0.015998870134353638,20,0.0451931034932371,61
2021-07-13,555.822021484375,52540315.0,17.1200008392334,0.010356466332343661,-0.005480548781636063,0.00029335951163789176,60.34492863882245,1.281003471508825,0.8511387007431299,0.0033839554451129406,0.005084876736731303,-0.010862714224294079,0.08859362561208184,0.013065419241471846,0.7743423272676567,0.009884602224235817,1,-0.015998870134353638,20,0.0451931034932371,61
2021-07-14,561.3161010742188,38418875.0,16.329999923706055,0.00395490463690118,-0.0035234159938545284,0.002145965054271892,69.49160201682648,2.6242117963078044,1.2057533198560648,0.025337925325630062,0.02016825079776008,0.0008516471167365758,0.0942886411497339,0.013250823895772207,1.0,0.0016312544969050435,1,-0.015998870134353638,20,0.0451931034932371,61
2021-07-15,562.2317504882812,22012834.0,17.010000228881836,-0.05514935487023054,-0.021719681772050747,-0.001877246831716306,69.49149861605378,3.7197207015165077,1.7085467961881535,0.03198633684020358,0.030252208158690452,0.01742744694562215,0.121208587509402,0.013036637161225818,1.0,-0.040716574364619396,0,-0.015998870134353638,20,0.0451931034932371,61
2021-07-16,539.339599609375,57970545.0,18.450000762939453,-0.015230015557693877,-0.022466090884252776,-0.0031073033461498367,49.3976116478345,2.7094809337585275,1.9087336237022283,0.04421721783076227,0.035413049394085405,0.013201329933265837,0.07788056098529905,0.011479913753750943,1.0,-0.011884515885176805,0,-0.015998870134353638,20,0.0451931034932371,61
2021-07-19,532.9298095703125,40644341.0,22.5,-0.003369838369898348,0.0006549328794700493,0.003310667475223461,42.35293656363829,1.3757829822991425,1.8021434954216113,0.008561520319286808,0.0017002698281400885,-0.023217289810278485,0.04311092480959022,0.013139784629046155,0.49334163658763264,-0.0017182571377590827,0,-0.015998870134353638,20,0.0451931034932371,61
2021-07-20,532.0140991210938,15354333.0,19.729999542236328,0.009102927514316628,0.013801367198665204,0.0037644428540022368,41.860445289090684,0.24213636931153815,1.4901420701995969,-0.018549772827694655,-0.01522858898734758,-0.0017153097944612172,0.030714056453689187,0.013290928670538275,0.33811873475695925,0.006884858508310554,1,-0.015998870134353638,20,0.0451931034932371,61
2021-07-21,535.6769409179688,25828732.0,17.90999984741211,0.012628767524141438,0.03064919548243239,-0.002785146330062438,45.454566112165644,-0.3566151797948578,1.120790620200706,-0.04283371554746962,-0.018581107707800526,0.005190213655934528,0.01816872069624753,0.013205529000077756,0.3174343851289963,0.010256444146326205,1,-0.015998870134353638,20,0.0451931034932371,61
2021-07-22,541.1710815429688,26058172.0,17.690000534057617,-0.011113969325198036,-0.00891830577727104,-0.0013393424013419253,51.68532509706178,-0.3833795039687402,0.8199565953668169,-0.04567686568616691,-0.015151564457605904,-0.016806483576250808,0.034203114346767594,0.013158718254103703,0.19444614168300645,-0.010152317469247052,0,-0.015998870134353638,20,0.0451931034932371,61
2021-07-23,535.6769409179688,15271451.0,17.200000762939453,0.001973363559081953,0.0063324570670466596,0.0012195828206831294,46.739122559667074,-0.8382587308404936,0.4883135301253548,-0.037459053009763266,0.005101829714332151,0.0016951848615756049,0.017928488333980308,0.01261959792033039,0.3611137341161615,-0.00854699880852694,0,-0.015998870134353638,20,0.0451931034932371,61
2021-07-26,531.0985107421875,21619179.0,17.579999923706055,-0.009760987385618147,-0.0009573412262751102,0.0008072048895577666,43.7500607531727,-1.550323680664519,0.08058608796737998,-0.0067910064346452526,0.0017123725450629568,-0.010152317469247052,0.004149531884795721,0.012716374272548993,0.19444614168300645,0.0,0,-0.015998870134353638,20,0.0451931034932371,61
2021-07-27,531.0985107421875,17785992.0,19.360000610351562,-0.018244801188764814,-0.01859976826562193,0.0010314739798571448,42.553183945791055,-2.0905418187812757,-0.3536394933823512,-0.003436285220377422,-0.021922315737862963,-0.016948911274442313,0.0006989870552840394,0.012762027324558294,0.05555709849970283,-0.0017244117635566436,0,-0.015998870134353638,20,0.0451931034932371,61
2021-07-28,530.1826782226562,36158305.0,18.309999465942383,0.013475303930506,0.017562346969428155,-0.0008307485781863244,44.94367296317211,-2.563023674205283,-0.7955163295469376,-0.0017209851776839313,-0.04448098453559113,-0.025209837389676082,-0.01287004250838375,0.012578386301543693,0.05555709849970283,0.006908641016251327,1,-0.015998870134353638,20,0.0451931034932371,61
2021-07-29,533.8455200195312,23224896.0,17.700000762939453,0.009385633323224951,0.01857630826125578,-0.004456871264529649,49.43818962476324,-2.611801011049465,-1.1587732658474432,-0.010256672026795144,-0.055465045082407016,-0.026890777013080625,-0.026126542258297802,0.012433622791452166,0.027774846183897958,-0.005145700721143509,0,-0.015998870134353638,20,0.0451931034932371,61
2021-07-30,531.0985107421875,18999281.0,18.239999771118164,0.004218721163446348,0.006987207381027094,-0.0019355838620490617,42.168739524951796,-2.8393874023701073,-1.4948960931519761,-0.013536498481314108,-0.050488487076899236,-0.01686338896950068,-0.02103846295475298,0.012482637581960178,0.1388890431833036,0.017241129651171194,1,-0.015998870134353638,20,0.0451931034932371,61
2021-08-02,540.2552490234375,23482491.0,19.459999084472656,0.0018860671584892685,0.006244532524528168,0.002840781628680622,39.24045399626057,-2.2548860807994515,-1.6468940906814713,-0.00854699880852694,-0.015279962519266554,-0.013605672750373166,-0.021165129995278753,0.012483807266611247,0.05555709849970283,0.006779948623640841,1,-0.015998870134353638,20,0.0451931034932371,61
2021-08-03,543.9181518554688,22747702.0,18.040000915527344,0.013263821114428254,0.005675789396986319,-0.00011461536470191991,37.66246020190338,-1.4790493655516457,-1.6133251456555062,0.017241129651171194,0.013745598991790953,-0.0016923160729875875,-0.005959386421052981,0.012775546036758779,0.3333314818003566,0.0033670891331534225,1,-0.015998870134353638,20,0.0451931034932371,61
2021-08-04,545.7495727539062,20313271.0,17.969999313354492,0.0027868808789037747,0.011846929417607122,-0.0025285900086162716,38.46172909135967,-0.7082485697920902,-1.432309830482823,0.02413797224806058,0.022375445977918407,0.0033785776983921156,0.0024619589323291446,0.012816053543207955,0.444447530332739,0.0,0,-0.015998870134353638,20,0.0451931034932371,61
2021-08-05,545.7495727539062,15116242.0,17.280000686645508,0.004042417216677974,-0.00361952391972975,-0.004868857324872744,56.60388985656704,-0.09627360365800541,-1.1651025851178596,0.029361378956089812,0.018803556895087503,0.0033670891331534225,0.01093415942610676,0.012798814270487215,0.5000046288324418,-0.008389362886413232,0,-0.015998870134353638,20,0.0451931034932371,61
2021-08-06,541.1710815429688,13687213.0,16.149999618530273,-0.008471728352821062,-0.0036239034040209672,0.00042214695517728273,58.82353709969796,0.01905533137119164,-0.9282710018200494,0.022298684334635777,0.00846033974669047,0.01360533267373576,0.016083590671617465,0.012770450478625142,0.5000046288324418,0.006767910890225881,1,-0.015998870134353638,20,0.0451931034932371,61
2021-08-09,544.8336791992188,17390951.0,16.719999313354492,8.459170774943736e-05,-0.003601951579438545,0.0034587822656699796,62.9628486717209,0.4013686367345599,-0.6623430741091276,0.018965541414727838,0.010256444146326205,0.011986379544755232,0.01271735073220448,0.01281545780936111,0.3611137341161615,-0.00672241419002062,0,-0.015998870134353638,20,0.0451931034932371,61
2021-08-10,541.1710815429688,17190865.0,16.790000915527344,-0.015733355404942473,-0.012027287944052278,-0.0013190604335480138,55.55556927057232,0.4041548192217306,-0.449043495442956,0.008474568611887001,0.02586180939923355,0.003372542910168308,-0.002556140161313003,0.012389458734377395,0.47222052498366024,-0.0016923160729875875,0,-0.015998870134353638,20,0.0451931034932371,61
2021-08-11,540.2552490234375,19969687.0,16.170000076293945,-0.003179655089704747,-0.0023639453952818412,0.0014611821242085377,48.97943359754928,0.3286741079972444,-0.29349997475491596,-0.005050521485868598,0.018965541414727838,-0.026359049075240892,-0.014198622164619978,0.012406348269071929,0.3611137341161615,-0.006779496724977463,0,-0.015998870134353638,20,0.0451931034932371,61
2021-08-12,536.5925903320312,15444622.0,15.59000015258789,-0.002500538728165802,-0.011331174174846081,-0.001247040309911407,51.063784525842266,-0.026386676555716804,-0.24007731511507613,-0.01006748150574599,0.018998302310720083,-0.03752048446584022,-0.015866909681104158,0.0124082151958401,0.3333314818003566,-0.008532527831039305,0,-0.015998870134353638,20,0.0451931034932371,61
2021-08-13,532.0140991210938,22524428.0,15.449999809265137,-0.0017283944273446261,0.0066647585196748516,0.00017988092582732484,51.063712107782315,-0.669503266162792,-0.3259625053246193,-0.016778725772826464,0.005145815052263636,-0.04560247644140192,-0.0337741991038637,0.012301065201626693,0.22222283939988113,0.0051636438812328045,1,-0.015998870134353638,20,0.0451931034932371,61
2021-08-16,534.76123046875,19315705.0,16.1200008392334,-0.007532512655825219,-0.0037181402139510045,0.0004137683724649843,53.99995200857447,-0.9465954922110313,-0.4500891027019017,-0.016920679493381163,0.001723952073649615,-0.013582352368687323,-0.035684624809507626,0.012327456462801716,0.08333194468360079,0.0,0,-0.015998870134353638,20,0.0451931034932371,61
2021-08-17,534.76123046875,0.0,17.90999984741211,-0.03070751839684982,-0.019809496769654045,-0.0006581203164657268,55.1021657423391,-1.1529031280925892,-0.5906519077800393,-0.018487199149055833,-0.010169301574799006,0.0034365142755181655,-0.03630346483077096,0.012319428401891,0.16666759243315504,-0.017123040638573506,0,-0.015998870134353638,20,0.0451931034932371,61
2021-08-18,525.6044921875,43716164.0,21.56999969482422,-0.005940185098400108,-0.014735229219632662,0.003947547414152153,41.81830741655063,-2.0318537241896593,-0.8788922710619633,-0.011844407975280524,-0.016835109024182615,0.0051636438812328045,-0.031509044802249475,0.012302474856346755,0.16666759243315504,-0.026132717351115442,0,-0.015998870134353638,20,0.0451931034932371,61
2021-08-19,511.8690185546875,38868947.0,21.670000076293945,0.0006337447827449161,0.008426759412047291,-0.002050272910535056,34.32831663310705,-3.7930425012514206,-1.4617223170998548,-0.02711821284924143,-0.036912682248658846,-0.018803215074384205,-0.015437102163430638,0.011491716610548573,0.0,-0.012522086190815629,0,-0.015998870134353638,20,0.049956995932782286,61
2021-08-20,505.4593505859375,45614061.0,18.559999465942383,-0.021715303435519973,0.0063753741854233326,0.00631416798043416,20.312695278326288,-5.640978247154408,-2.2975735031107654,-0.04607512705690808,-0.06208077090789854,-0.0541456555748252,-0.032872006635059736,0.012102948765911828,0.0,0.025362116712467797,1,-0.015998870134353638,20,0.049956995932782286,61
2021-08-23,518.2788696289062,33685159.0,17.149999618530273,0.02626701415738264,0.026258255724128654,-0.001677456572554803,31.080986137507992,-6.001866805364102,-3.0384321635614326,-0.0499136180394949,-0.06598972519967472,-0.05641010098409038,-0.07226852912461745,0.01125636690984324,0.0,0.010600742084920123,1,-0.015998870134353638,20,0.049956995932782286,61
2021-08-24,523.7730102539062,24844800.0,17.219999313354492,0.010364112848133322,0.0010113323426990117,-0.0024954892170808707,34.61527943941206,-5.777937884527091,-3.5863333077545647,-0.030821906863734316,-0.04873929528244658,-0.02413797224806058,-0.04067777117252569,0.011951841182385766,0.22580548056837593,0.022727270078868544,1,-0.015998870134353638,20,0.049956995932782286,61
2021-08-25,535.6769409179688,27504657.0,16.790000915527344,0.04388542074906665,0.008118681864333954,-0.00029026000624543524,43.955981172458344,-4.587048245319011,-3.786476295267454,-0.02054789986404193,-0.032148930130297626,-0.013793110581395096,-0.032148930130297626,0.012077669137407968,0.32258033303983513,0.015384666219489196,1,-0.015998870134353638,20,0.049956995932782286,61
2021-08-26,543.9181518554688,43822008.0,18.84000015258789,0.00914300011169189,-0.0006405112507523736,-0.00029403683720852225,51.578957708294155,-2.944322461804745,-3.6180455285749122,0.01916355145396209,-0.008474342662555312,0.01036296152437699,-0.008474342662555312,0.012605289572825421,0.5322584633379884,0.008417498405160595,1,-0.015998870134353638,20,0.049956995932782286,61
2021-08-27,548.49658203125,27105651.0,16.389999389648438,0.0033022893476959414,0.019600123635315825,0.0011368208333430996,52.083424463408754,-1.2585021619884174,-3.1461368552576134,0.06261198107139809,0.013651999031340623,0.018868064745713342,-0.0016803794969055819,0.01276435806212006,0.6774207420451772,0.010016504632246681,1,-0.015998870134353638,20,0.049956995932782286,61
2021-08-30,553.9906005859375,36575609.0,16.190000534057617,0.004220008832220179,0.002907066995393892,-0.0015617977666271265,57.142808560419795,0.5149084096032084,-2.4139278022854493,0.08514479234665062,0.03098128966391278,0.032758651996122934,0.006722974316519581,0.012829633111132891,0.7580660940763891,0.014875974237879452,1,-0.015998870134353638,20,0.049956995932782286,61
2021-08-31,562.2317504882812,52721470.0,16.479999542236328,0.00016786616840236412,-0.008333228256229619,-0.005159072661616082,61.32079209041467,2.5558784119249367,-1.4199665594433721,0.06890447025671964,0.03595879622823772,0.02542381881032707,0.020236044282778698,0.012903887145517004,0.8548387963778236,-0.001628597839355872,0,-0.015998870134353638,20,0.049956995932782286,61
2021-09-01,561.3161010742188,30092045.0,16.110000610351562,0.012183900485599253,-0.005199378440473579,-0.005788106784613389,63.10680491255227,4.052758905933501,-0.3254214663679974,0.07342634973827988,0.051369692592433625,0.03366976919291864,0.04421721783076227,0.013008579023815688,1.0,-0.009787853188835016,0,-0.015998870134353638,20,0.049956995932782286,61
2021-09-02,555.822021484375,24112463.0,16.40999984741211,0.002739453525497204,0.0033442013414288763,0.0037324773544429313,62.500072103043905,4.741069081754063,0.6878766432564146,0.04786310217556333,0.06794388065081325,0.028523207524949967,0.03722486329796704,0.012999704346165479,0.983871574644765,0.021416912679040667,1,-0.015998870134353638,20,0.049956995932782286,61
2021-09-03,567.7260131835938,51562454.0,16.40999984741211,0.026326685819072937,0.0057367305988855755,-0.0016262187852567056,65.78954600176695,6.175920334180773,1.7854853814412863,0.02188540608232792,0.08586767578509269,0.01845617336838612,0.025337925325630062,0.013104065345841905,0.8870977972583182,0.017741849997575665,1,-0.015998870134353638,20,0.049956995932782286,61
2021-09-06,577.7985229492188,55589014.0,16.40999984741211,0.0,0.0,-0.0007094580716562326,68.80006142948328,8.033215737366277,3.0350314526262845,0.03505843387598029,0.12318826929499993,0.049069384056724674,0.04377103659237913,0.013484736571809673,1.0,-0.012678401263551353,0,-0.015998870134353638,20,0.049956995932782286,61
2021-09-07,570.4729614257812,26526056.0,18.139999389648438,0.005888410671301525,-0.0032527747782045147,-0.00267686535439815,69.91864279292632,8.812439812210414,4.19051312454311,0.04297531824204315,0.11484098003634458,0.06050441631738113,0.07312894651852786,0.013604037045602188,1.0,-0.006420496630389461,0,-0.015998870134353638,20,0.049956995932782286,61
2021-09-08,566.8102416992188,37817737.0,17.959999084472656,-0.022534011522074793,-0.01229630674593818,0.0021101781649590645,76.78581099538353,9.030333570015387,5.158477213637566,0.014658031906491953,0.08916066742201267,0.054145317224394196,0.06678070309197204,0.013724049166831209,0.8987331305554735,0.0,0,-0.015998870134353638,20,0.049956995932782286,61
2021-09-09,566.8102416992188,18735512.0,18.799999237060547,0.006481324039781855,0.003896211753731116,0.002881360677490674,81.90476432309107,9.0981382683525,5.946409424580553,0.009787961924636823,0.05811954632188954,0.04915267870841045,0.043844856281945566,0.013602363195782764,0.848100539569104,0.004846650864001267,1,-0.015998870134353638,20,0.049956995932782286,61
2021-09-10,569.557373046875,16304725.0,20.950000762939453,0.002363910097512578,0.007614580325081555,-0.0014853093066332645,79.78727100610178,9.266723501126421,6.610472239889727,0.01976931425908357,0.04208737981194077,0.05631395571170583,0.01976931425908357,0.013129649029781124,0.848100539569104,-0.011254413484978132,0,-0.015998870134353638,20,0.049956995932782286,61
2021-09-13,563.1473388671875,15198774.0,19.3700008392334,0.005285824170031761,0.009664415066369392,0.0007563923680651286,72.63141720300494,8.781860503910139,7.04474989269381,0.003225781135184791,0.03839730584579115,0.07056819356442645,0.01468205162275682,0.013065150593186104,0.8860762484127218,-0.0032517916122136725,0,-0.015998870134353638,20,0.049956995932782286,61
2021-09-14,561.3161010742188,14441901.0,19.459999084472656,-0.004287354694939238,-8.407709359925519e-05,-0.0004013982372002012,66.6666137658504,8.155822257604655,7.266964365675979,-0.025356908161080383,0.01652868888310599,0.05308183686681134,0.0016284892806410767,0.013186998386257552,0.7974654173750533,-0.009787853188835016,0,-0.015998870134353638,20,0.049956995932782286,61
2021-09-15,555.822021484375,23433501.0,18.18000030517578,-0.012917311589724312,0.004745800763990893,-0.00013753358462487153,58.024655800515305,7.134118453387941,7.240395183218372,-0.016051348566418988,-0.001628597839355872,0.0496574341827134,0.04074705710606197,0.011518595052591535,0.7721508093536561,-0.00703358930919018,0,-0.015998870134353638,20,0.049956995932782286,61
2021-09-16,551.91259765625,22467022.0,18.690000534057617,-0.0017604689763216497,0.002262155448886638,-0.0008286278713395268,52.323769981316175,5.9404749002236485,6.980411126619428,-0.019386065046923973,-0.009787853188835016,0.05749100273308816,0.04295539769584278,0.01146574385183396,0.696201922874102,0.0,0,-0.015998870134353638,20,0.049956995932782286,61
2021-09-17,551.91259765625,40717715.0,20.809999465942383,-0.025167484695531317,-0.015096782609563486,0.00290812873130486,48.47222670960192,4.937586362556772,6.571846173806897,-0.026283300736252846,-0.00703358930919018,0.07823012850949551,0.03740220149809814,0.011526398469554184,0.6421589514050312,0.0,0,-0.015998870134353638,20,0.049956995932782286,61
2021-09-20,551.91259765625,40717715.0,25.709999084472656,-0.02590244301712563,-0.024240296791474214,0.0032137649227486076,41.36709786328409,4.095578689312902,6.076592676908098,-0.03097980330977612,-0.0278539562396799,0.09190303239313513,0.03030867207100396,0.011488676593513518,0.6421589514050312,0.0,0,-0.015998870134353638,20,0.049956995932782286,61
2021-09-21,551.91259765625,40717715.0,24.360000610351562,0.0022670960486310676,0.0020370222746517452,-0.0005758707281434683,42.01072171962361,3.389212806408864,5.5391167028082515,-0.019949914410564373,-0.04480095442411469,0.0648950400996009,0.0198486513408207,0.01139082277098069,0.6421589514050312,-0.023333277301854305,0,-0.015998870134353638,20,0.049956995932782286,61
2021-09-22,539.03466796875,40642293.0,20.8700008392334,0.007915564451171697,0.02002672312285836,-0.001707175212354528,37.32735710310103,1.7698695007842389,4.785267262403449,-0.016752598758476345,-0.03253504552282971,0.053724775525761936,0.03030867207100396,0.011265611735325956,0.6421589514050312,0.003413106473794336,1,-0.015998870134353638,20,0.049956995932782286,61
2021-09-23,540.8744506835938,21696296.0,18.6299991607666,0.0027616602466629114,0.013314673237722063,-0.0005303275156031129,26.09812495110269,0.6277470761851873,3.953763225159797,-0.030202749921265815,-0.04900330249362017,0.006268194119065873,0.01494290996122749,0.011783119284865291,0.4641374277023806,0.017006806943192565,1,-0.015998870134353638,20,0.049956995932782286,61
2021-09-24,550.072998046875,16736973.0,17.75,-0.0047337434736121065,-0.0010209921609071193,-0.000682211458426174,24.930103082087072,0.4595552559640055,3.254921631320639,-0.019999809787873635,-0.045757449508804005,-0.005595880853565993,0.018407018177747814,0.0117919118795328,0.4895701587489084,0.006689009226847009,1,-0.015998870134353638,20,0.049956995932782286,61
2021-09-27,553.75244140625,19464241.0,18.760000228881836,0.0044104353089693404,-0.002455175759878858,0.001517060419170324,33.81373347245872,0.616060790088909,2.727149463074293,-0.0033331357486439117,-0.034209679168522356,0.0028740671633487036,0.03751597447675503,0.012056885560956838,0.6167287515661848,-0.013289237579193758,0,-0.015998870134353638,20,0.049956995932782286,61
2021-09-28,546.3934936523438,16707080.0,23.25,-0.03659065864898947,-0.03803579544464131,-0.002625588217266994,31.555539381427835,0.14461988300797657,2.21064354706103,0.0033335781024261824,-0.016682840905962615,-0.0004298975098776525,0.03728966646753995,0.012054284666817969,0.6675925261874528,-0.023569077729264087,0,-0.015998870134353638,20,0.049956995932782286,61
2021-09-29,533.5155029296875,49310524.0,22.559999465942383,-0.0025022574258415364,-0.015251616836237547,0.003033913578156522,25.599150467305606,-1.253694844096458,1.5177758688295324,-0.009999960188159629,-0.026585033626002952,-0.028170335137036373,0.02879876821492533,0.012218978697583082,0.565864133209023,0.0,0,-0.015998870134353638,20,0.049956995932782286,61
2021-09-30,533.5155029296875,30465107.0,23.139999389648438,0.0002686899775912188,-0.0017617284686628487,0.0026786537597112137,22.477632920761152,-2.3349534497298237,0.7472300051176612,-0.010238979729931708,-0.04013248430696548,-0.04952752663130067,-0.012475114505472562,0.012495041103420016,0.3878417657704785,-0.010344672157497459,0,-0.015998870134353638,20,0.049956995932782286,61
2021-10-01,527.9964599609375,36704493.0,21.100000381469727,-0.0008060007169524708,0.0009483604402111823,0.000870062684014794,22.78771933803573,-3.59574976276474,-0.12136594845881897,-0.013605648676149329,-0.033333348078459446,-0.04013248430696548,-0.01912539394078816,0.01244606608525625,0.3878417657704785,-0.0034845759195736292,0,-0.015998870134353638,20,0.049956995932782286,61
2021-10-04,526.1566162109375,20957803.0,22.959999084472656,-0.0227680767048839,-0.02487439354689802,-0.0029673035435864303,22.784683343963337,-4.689344099042728,-1.0349615785756008,-0.04013383344451349,-0.04333319767817345,-0.06998015292600013,-0.03252977863708584,0.01252485627018042,0.31154779131036403,0.0,0,-0.015998870134353638,20,0.049956995932782286,61
2021-10-05,526.1566162109375,33824024.0,21.299999237060547,0.0022014623563515467,0.014839323955132322,0.004622746792353416,24.902768741415457,-5.492708959670267,-1.926511054794534,-0.0498342275931698,-0.046666775780599634,-0.08937701410984733,-0.03590100207335167,0.012531574108017444,0.28611421652794244,-0.0017480323181235935,0,-0.015998870134353638,20,0.049956995932782286,61
2021-10-06,525.2368774414062,32508846.0,21.0,0.0007321837666851572,0.003575811933534734,-0.0004052439552877374,26.22962232154609,-6.13290037386048,-2.7677889186077236,-0.03703718597769845,-0.046666775780599634,-0.07768351562900377,-0.027744397001448262,0.012474277094517563,0.28611421652794244,0.015761698852161832,1,-0.015998870134353638,20,0.049956995932782286,61
2021-10-07,533.5155029296875,27933054.0,19.540000915527344,0.013627321279090499,0.011019529199423062,0.0028703642809331242,35.71429925570921,-5.904181068262119,-3.395067348538603,-0.015517122638088132,-0.02559722286386168,-0.07334617690248735,-0.03596841110596416,0.012420795562735537,0.273399960344413,-0.008620750800984456,0,-0.015998870134353638,20,0.049956995932782286,61
2021-10-08,528.9161987304688,18279079.0,18.770000457763672,-0.007127816395676834,-0.008615096475093287,0.0006260929330723641,33.33333333333333,-6.024596977850479,-3.9209732744009784,0.0,-0.013605648676149329,-0.058740538402619946,-0.014146318741670272,0.0126417276143554,0.3878417657704785,0.0,0,-0.015998870134353638,20,0.049956995932782286,61
2021-10-11,528.9161987304688,18279079.0,20.0,0.001999157620100389,-0.007713480059220568,0.0029139603243388823,33.33333333333333,-6.050283551142229,-4.346835329749228,0.001741941166801153,-0.03846180305437086,-0.07135571628016035,-0.020988320453091625,0.012705899998738189,0.3242620474938935,0.0,0,-0.015998870134353638,20,0.049956995932782286,61
2021-10-12,528.9161987304688,26522907.0,19.850000381469727,-0.009613669924276702,-0.013373797706530466,-0.0002495532860183891,40.98356732696853,-6.001459258978912,-4.677760115595166,0.005244792965646061,-0.04485080483385284,-0.060785406898267946,-0.014305809919612389,0.012666219590417398,0.3242620474938935,-0.006956340716910869,0,-0.015998870134353638,20,0.049956995932782286,61
2021-10-13,525.2368774414062,18914374.0,18.639999389648438,0.0071427882907944,0.004593898370081062,0.0030560564493047337,36.507889697998664,-6.18832102169381,-4.979872296814895,0.005244792965646061,-0.03198664538453555,-0.05772131296740768,-0.0058229667141206365,0.012598623609077585,0.3242620474938935,0.0035024189815768825,1,-0.015998870134353638,20,0.049956995932782286,61
2021-10-14,527.0764770507812,13916927.0,16.860000610351562,0.02345893702757107,0.03084801197537379,-0.004593172827468184,27.272507923179845,-6.117451823965325,-5.207388202244981,0.0,-0.015517122638088132,-0.05502686626429132,-0.01781047780706746,0.012614814630488143,0.273399960344413,0.047120525553402626,1,-0.015998870134353638,20,0.049956995932782286,61
2021-10-15,551.91259765625,53150216.0,16.299999237060547,0.020433498327278254,0.007039876139008028,-0.00037861546088968634,48.71785274361819,-4.010983978881882,-4.968107357572361,-0.012069051121378349,-0.012069051121378349,-0.045000097317832055,-0.01437043858103293,0.012628754488333943,0.2988301601832594,-0.016666674039229723,0,-0.015998870134353638,20,0.049956995932782286,61
2021-10-18,542.7140502929688,19158568.0,16.309999465942383,0.004178844552022998,0.007352777065523064,0.0003966132769770425,47.49997511752821,-3.048695468506935,-4.584224979759276,0.04347834114549398,0.04529601902460079,0.0,0.05005304532169985,0.014315312549904766,0.6421589514050312,0.016949160166971344,1,-0.015998870134353638,20,0.049956995932782286,61
2021-10-19,551.91259765625,17386359.0,15.699999809265137,0.014045505993494078,0.012780093776943335,-0.001814297267368814,63.157945282979334,-1.526235501558176,-3.9726270841190563,0.02608702776662608,0.03146864179199693,-0.016666674039229723,0.06025961841835081,0.01394315307631668,0.5150003585877548,-0.0033331357486439117,0,-0.015998870134353638,20,0.049956995932782286,61
2021-10-20,550.072998046875,16372520.0,15.489999771118164,-0.011713381681661805,-0.002138130261618798,-0.004397263985292166,61.538598956720584,-0.46278067576145077,-3.2706578024475355,0.04347834114549398,0.04895116900893792,0.0,0.09190303239313513,0.013962443739212538,0.5650860875539649,-0.003344615571708176,0,-0.015998870134353638,20,0.049956995932782286,61
2021-10-21,548.2332153320312,16169014.0,15.010000228881836,0.006055836403842996,0.011211503237329445,-0.0007295224928105526,64.86487698196716,0.228920987433753,-2.570742044471278,0.04728556137652262,0.04728556137652262,0.020477959459863415,0.061345600372891385,0.013495159365113267,0.48680681553718336,0.006711345138018299,1,-0.015998870134353638,20,0.049956995932782286,61
2021-10-22,551.91259765625,13995403.0,15.430000305175781,-0.017714403385071686,-0.012241912906757024,0.00044957070593443227,68.4211904849212,1.0617556840351199,-1.8442424987699984,0.040139788441387214,0.02758628816130848,0.0136053101401572,0.04670001049933359,0.01343738518448233,0.4375117572604712,-0.011666528062481585,0,-0.015998870134353638,20,0.049956995932782286,61
2021-10-25,545.4736938476562,16785568.0,15.239999771118164,-0.005164986567219421,0.00656024516926057,0.0006650025718368813,62.65076422382057,1.188516972321736,-1.2376906045516516,0.0,0.04347834114549398,0.0033442826968543837,0.03030867207100396,0.013031976966902352,0.507513034592473,0.010118225931826874,1,-0.015998870134353638,20,0.049956995932782286,61
2021-10-26,550.992919921875,19998808.0,15.979999542236328,0.004751825054684078,0.0001680432902544382,-0.0011064362481889578,65.90920915222415,1.714567161688251,-0.6472390513036711,0.005084894251766281,0.03130457179592838,-0.014950268277950984,0.002859882478422726,0.012961526982275548,0.38501108956419755,0.0,0,-0.015998870134353638,20,0.049956995932782286,61
2021-10-27,550.992919921875,14961858.0,16.979999542236328,-0.003765836108957199,-0.009628737813331845,-0.0003560047541382172,62.02546955395523,2.107175519035991,-0.09635613723573873,-0.0016663466974309316,0.041739544457885636,0.008417791066263502,0.004551236912690104,0.012990612038344286,0.49001590858947713,-0.00667817376921187,0,-0.015998870134353638,20,0.049956995932782286,61
2021-10-28,547.3132934570312,16570044.0,16.530000686645508,0.01986809259703337,0.02337299404202975,-0.0012159936409591454,62.8205150017439,2.0972298072947524,0.3423610516703595,0.0016723632649964237,0.04903700327732996,0.03275896744558304,-0.005411067734528263,0.0128974174918915,0.49001590858947713,-0.008403309802712755,0,-0.015998870134353638,20,0.049956995932782286,61
2021-10-29,542.7140502929688,25763960.0,16.260000228881836,-0.019912030112496537,0.0036174923225729128,-0.001411970392591222,59.03616962084414,1.6986463356373633,0.6136181084637603,-0.0016779754478080111,0.03839445941409414,0.02586202359926948,-0.02653435530507442,0.01271663037030815,0.42000998641383236,0.0,0,-0.015998870134353638,20,0.049956995932782286,61
2021-11-01,542.7140502929688,16089351.0,16.40999984741211,0.00369385685827317,0.015939062853475683,0.0033689728389292295,59.03616962084414,1.367008044901354,0.7642960957512791,-0.016666674039229723,-0.016666674039229723,0.0278744110010134,-0.03314006269488856,0.012773330739121817,0.3325080994461024,0.0033897420631328057,1,-0.015998870134353638,20,0.049956995932782286,61
2021-11-02,544.5537109375,15192404.0,16.030000686645508,-8.769735778746401e-05,0.012143946795241778,-0.0005608215380703552,62.96288407961381,1.238352591667308,0.859107394934485,-0.005059168912842638,0.0,0.03146864179199693,-0.02358303680807783,0.012692951285197537,0.3325080994461024,0.0,0,-0.015998870134353638,20,0.049956995932782286,61
2021-11-03,544.5537109375,10224009.0,15.100000381469727,-0.0008763298269089947,0.011640305112825322,0.0020646575213145724,62.025293065782634,1.1234418793994791,0.9119742918274838,-0.011686554856799258,-0.013333427702140188,0.03496505443388176,-0.04081599523007973,0.012230457060845674,0.36750815750664795,-0.008445782365504972,0,-0.015998870134353638,20,0.049956995932782286,61
2021-11-04,539.9545288085938,17932145.0,15.4399995803833,0.03315489861650711,0.03498165563847033,-0.002476811217840602,38.59652798876888,0.6537230389418482,0.8603240412503568,-0.011686554856799258,-0.010033735756839857,0.036777374791717055,-0.057537031839454134,0.011871318225332644,0.42702267293442064,0.022146436800968505,1,-0.015998870134353638,20,0.049956995932782286,61
2021-11-05,551.91259765625,33270827.0,16.479999542236328,8.517441556032956e-05,0.010977576311520965,0.0030443315205987975,58.333342549043245,1.2321798892345441,0.9346952108471943,-0.01344525107723371,-0.015100665723844608,0.012069051121378349,-0.05349672058236188,0.01179042363913596,0.3320732578940628,0.0033335781024261824,1,-0.015998870134353638,20,0.049956995932782286,61
2021-11-08,553.75244140625,19752355.0,17.219999313354492,0.02640056349944886,0.012452923211143663,-0.0015785487615485039,51.923214340400776,1.8181130495580646,1.1113787785893685,0.016949160166971344,0.0,0.04347834114549398,-0.026283300736252846,0.012297426545647305,0.6018822635086284,0.01494982739389017,1,-0.015998870134353638,20,0.049956995932782286,61
2021-11-09,562.0309448242188,39538660.0,17.780000686645508,0.007195425789324528,-0.0007256824174949328,-0.001038380748334622,61.01679856677422,2.9168516894266077,1.4724733607568163,0.020339239618584637,0.01517717105695282,0.04695685769389257,-0.02303734006962055,0.01231188427785876,0.6433945192915485,0.0016368901367949107,1,-0.015998870134353638,20,0.049956995932782286,61
2021-11-10,562.950927734375,16027674.0,18.729999542236328,-0.029397492535829794,-0.028298399159511378,-0.0025142983222369297,63.793125145147144,3.8178352811374907,1.9415457448329514,0.032094600653129524,0.02003297048519026,0.06260868200526604,-0.013214521624736908,0.01251554026207145,0.9705518212920105,-0.009804098016910956,0,-0.015998870134353638,20,0.049956995932782286,61
2021-11-11,557.4317016601562,18463848.0,17.65999984741211,-8.460068546034538e-05,0.019352716834770023,0.0009988865953174386,54.999961294189596,4.039945869507392,2.3612257697678394,0.033784026125177835,0.021702652393783106,0.07180388870767374,-0.0003487739695398062,0.012396362373363827,1.0,-0.0033002440281962864,0,-0.015998870134353638,20,0.049956995932782286,61
2021-11-12,555.592041015625,15821327.0,16.290000915527344,0.0042306704823691366,0.007971866001364125,0.0015382331008222394,59.99990348689774,4.021171311891408,2.693214878192553,0.032367860475447374,0.018487415387288486,0.05759168912114143,-0.006920163890949738,0.012480082168477563,0.8536559708823496,0.006622453261736494,1,-0.015998870134353638,20,0.049956995932782286,61
2021-11-15,559.2714233398438,15551452.0,16.489999771118164,-0.004802468566120099,-0.0001976544999341412,-0.0007338040674534918,58.49035816810827,4.2541485668377845,3.0054016159215995,0.006666713851070094,0.023728869218890614,0.006666713851070094,-0.0004137663853904794,0.01239699606807067,0.8048767856651567,0.003289278751968716,1,-0.015998870134353638,20,0.049956995932782286,61
2021-11-16,561.1110229492188,20917108.0,16.3700008392334,-0.00033856226259565414,0.01730475185337732,-0.0010366346222370204,59.999710459296004,4.534948965428725,3.311311085823025,0.009966514855588526,0.030508465807983054,0.030508465807983054,0.013333317113694676,0.012385368232574225,0.9024367744660604,0.0,0,-0.015998870134353638,20,0.049956995932782286,61
2021-11-17,561.1110229492188,19717852.0,17.110000610351562,0.008299221307716431,-0.0072446394892947685,0.0017367335924207694,64.70585939329598,4.703268947624679,3.589702658183356,-0.0016367815392935858,0.030405287263975733,0.016666452862338588,0.016666452862338588,0.012393241686985289,0.9512143413167353,0.004918177404861446,1,-0.015998870134353638,20,0.049956995932782286,61
2021-11-18,563.8706665039062,20030651.0,17.59000015258789,0.036368599385107725,0.017883620930803756,-0.0021581998868929197,73.46940710006608,5.001687576811719,3.872099641909029,-0.003268321792382567,0.030405287263975733,0.020066472889118447,0.016666452862338588,0.012393241686985289,0.9512143413167353,0.008156989852309726,1,-0.015998870134353638,20,0.049956995932782286,61
2021-11-19,568.4701538085938,35554348.0,17.90999984741211,0.007050538344158586,0.0030923544637753153,0.0023683804502110384,75.92605335266579,5.545402725673398,4.206760258661903,0.011551127832474029,0.04429287360193701,0.028523355999881206,0.021666598839086726,0.012411933774556247,1.0,-0.0048548312372534985,0,-0.015998870134353638,20,0.049956995932782286,61
2021-11-22,565.7103271484375,20312168.0,19.170000076293945,0.00394319960705003,-0.016589869688735992,-0.0004819405370708463,70.90888472275505,5.688037792766977,4.5030157654829175,0.02317908076837738,0.030000322918261046,0.030000322918261046,0.05460777866248523,0.011871199526811116,1.0,-0.004877760368936057,0,-0.015998870134353638,20,0.049956995932782286,61
2021-11-23,562.950927734375,19431694.0,19.3799991607666,-0.027174139106115436,-0.003298619528457114,-0.0008454839627064503,67.2414187590663,5.514844940020339,4.705381600390402,0.011513021298571013,0.021594280851964465,0.037099192003259285,0.04591800635702881,0.011904400323461198,0.9361642953747809,-0.014705875975292382,0,-0.015998870134353638,20,0.049956995932782286,61
2021-11-24,554.6722412109375,20391940.0,18.579999923706055,-0.005356061579360194,0.009279105045421066,-0.0006518208123295066,62.903186105323094,4.655897256482831,4.695484731608889,0.003279038746174745,0.0016368901367949107,0.021702652393783106,0.023411310377395855,0.011669501742719211,0.8723384730932018,0.0,0,-0.015998870134353638,20,0.049956995932782286,61
2021-11-25,554.6722412109375,11888265.0,18.579999923706055,0.0,0.0,0.0005873650129220032,53.06128805113205,3.929873888965062,4.542362563080124,-0.011475058366237079,-0.014705875975292382,0.006677619904052801,0.0016610306987572265,0.01186333205470137,0.6808497121414474,-0.01160870402464853,0,-0.015998870134353638,20,0.049956995932782286,61
2021-11-26,548.2332153320312,26588102.0,28.6200008392334,-0.029989108655856023,-0.02916791601786095,-0.00010804853762869104,44.44437618037116,2.8026127885872256,4.194412608181544,-0.016313005515964374,-0.004950311295537135,0.013445585630534218,0.0151516217794887,0.011673003997737012,0.6808497121414474,-0.005033481020852992,0,-0.015998870134353638,20,0.049956995932782286,61
2021-11-29,545.4736938476562,23379558.0,22.959999084472656,0.01870346660411304,0.04083174152477276,0.0032127476153762657,31.25032830621639,1.6673596395253298,3.6890020144503013,-0.035598946296442446,-0.013245016379539565,0.010169563577878904,0.02758628816130848,0.01121011673008883,0.5319129111407895,0.0050589451251259465,1,-0.015998870134353638,20,0.049956995932782286,61
2021-11-30,548.2332153320312,62021697.0,27.190000534057617,-0.017856992659915694,-0.019772222656467497,-0.003888186544208083,34.00004511982631,0.979047807651682,3.1470111730905774,-0.03577207685563666,-0.024670900239798677,0.005084894251766281,0.022413952082559696,0.01124472981294164,0.4680842653324562,0.006711345138018299,1,-0.015998870134353638,20,0.049956995932782286,61
2021-12-01,551.91259765625,21403404.0,31.1200008392334,0.029705328482007243,-0.0058619048410633035,-0.006015391135506087,43.750043198484946,0.7221268962051681,2.6620343177134957,-0.02614386383832057,-0.022950551834646338,0.006756917307930266,0.038327445173762964,0.01113004533609472,0.5319129111407895,0.02499984517617615,1,-0.015998870134353638,20,0.049956995932782286,61
2021-12-02,565.7103271484375,45125742.0,27.950000762939453,0.008870194161103129,1.8387026011978946e-05,0.0009355301659201842,59.016279317674034,1.6132797952041074,2.4522834132116182,-0.004975268905944796,-0.016393235771098413,0.013513610450071045,0.04895116900893792,0.011142025179864887,0.6170182428063598,-0.011381980316764184,0,-0.015998870134353638,20,0.049956995932782286,61
2021-12-03,559.2714233398438,23045832.0,30.670000076293945,-0.019474131288584884,-0.0016479469469097285,0.0026879558407451043,50.0,1.7794468077489682,2.3177160921190882,0.019900195317873015,0.0032625578059193305,0.04769993946837303,0.07517478583153037,0.011728774779845668,0.9361642953747809,-0.013157878941227663,0,-0.015998870134353638,20,0.049956995932782286,61
2021-12-06,551.91259765625,23589363.0,27.18000030517578,-0.0015923291442061505,-0.0011749043661599679,-0.0007767573687550433,42.85725118842805,1.3023272125302583,2.1146383162013223,0.0201341467446976,-0.01618155396043408,0.013333317113694676,0.064798469719473,0.011892785452609305,0.7872303179008773,0.011666859827818232,1,-0.015998870134353638,20,0.049956995932782286,61
2021-12-07,558.3516845703125,18606530.0,21.889999389648438,0.026691514388778925,0.04965169805989511,7.234314124260344e-05,48.05211368221133,1.4273335830672522,1.9771773695745083,0.011804242589913194,-0.024390096538872474,-0.003322502281575046,0.034482774400254046,0.0118879190854652,0.6170182428063598,-0.008237179704404296,0,-0.015998870134353638,20,0.049956995932782286,61
2021-12-08,553.75244140625,20801543.0,19.899999618530273,-0.004251126027704499,-0.006094655868066456,0.0030152288191467314,43.0381075807805,1.1421159448098024,1.810165084621567,0.018456505288817926,-0.008169882910704862,-0.006546365974665291,0.05565245668500274,0.011904803823810678,0.7659564555703947,0.009966514855588526,1,-0.015998870134353638,20,0.049956995932782286,61
2021-12-09,559.2714233398438,11039070.0,21.579999923706055,-0.01888357435961041,-0.02142040821152602,-0.004033519989395717,43.749854852247886,1.3458999329596963,1.717312054289193,0.0033335781024261824,-0.001658276250997237,-0.016339765821409613,0.04695685769389257,0.011995239675458427,0.6595744380475878,-0.004934027261289109,0,-0.015998870134353638,20,0.049956995932782286,61
2021-12-10,556.511962890625,10497451.0,18.690000534057617,-0.003096241122125698,0.009060374006781613,0.0019869610513112423,43.75007257423723,1.2700939626782883,1.6278684359670121,-0.011381980316764184,0.008291711369700971,0.003300353521711097,0.05739136876925888,0.012070030203053694,0.7872303179008773,-0.006611615930524284,0,-0.015998870134353638,20,0.049956995932782286,61
2021-12-13,552.83251953125,17711657.0,20.309999465942383,-0.02274842408427491,-0.02560624324269034,-0.0017915667600949536,43.20983406731676,0.9027109662663406,1.4828369420268779,-0.004934027261289109,0.015100777054487313,0.0016557506355172613,0.05954472504209818,0.012039878517153746,0.7111106851431891,-0.003327589359133243,0,-0.015998870134353638,20,0.049956995932782286,61
2021-12-14,550.992919921875,22579034.0,21.889999389648438,-0.0011164125500734423,-0.00524849581458664,0.003976679770889113,47.29734818935509,0.45783929407025425,1.2778374124355532,0.0016667890512129802,0.013490706823432896,-0.011513021298571013,0.04886585458069548,0.012098786516056063,0.4516117294520548,0.0016691280434335543,1,-0.015998870134353638,20,0.049956995932782286,61
2021-12-15,551.91259765625,21827730.0,19.290000915527344,0.03534281658037952,0.03690957278526308,0.0013804370735586158,47.99992214497667,0.17744017592872297,1.057757965134187,-0.013179443801804802,0.005033815012781329,-0.018032265654241875,-0.0016663466974309316,0.009694776294861554,0.3870997431506849,0.012976448199929713,1,-0.015998870134353638,20,0.049956995932782286,61
2021-12-16,559.074462890625,21809022.0,20.56999969482422,-0.027805804219074526,-0.0427351896441871,-0.0016016422960428711,57.77582434515987,0.5270490316831911,0.9516161784439879,-0.003322502281575046,0.0,-0.016393235771098413,0.016949160166971344,0.00933171775278864,0.4193514554794521,0.003305503262271303,1,-0.015998870134353638,20,0.049956995932782286,61
2021-12-17,560.9224853515625,24105733.0,21.56999969482422,-0.002144538298292531,-0.0014019066890337273,0.0006488768386792021,61.22736123986994,0.9423734422587131,0.9497676312069331,-0.00035217327579972757,-0.011730145163270644,-0.008505857634018343,0.012976448199929713,0.009179210358128749,0.6705072773972602,-0.014827063833750764,0,-0.015998870134353638,20,0.049956995932782286,61
2021-12-20,552.6056518554688,21381070.0,22.8700008392334,-0.011863926347298825,-0.007617612731269041,0.002503808657290607,52.94016249324859,0.5935796566421914,0.8785300362939847,0.007925296768156453,0.0029521658765594427,-0.013277158715306214,0.019723722748090422,0.009171430992524801,0.735314640410959,-0.001672319668968858,0,-0.015998870134353638,20,0.049956995932782286,61
2021-12-21,551.6815185546875,17001461.0,21.010000228881836,0.021750575587071053,0.03346653480612627,-0.00042407306586322857,49.83863598391985,0.2398236962633291,0.7507887682878537,-0.00041037324644654927,0.001255731799132409,-0.023164992159547704,0.007975504586655413,0.009455748570080386,0.4436558219178082,0.005025252385562062,1,-0.015998870134353638,20,0.049956995932782286,61
2021-12-22,554.453857421875,9831802.0,18.6299991607666,0.03286791009190604,0.008975156873625378,-0.0030630283447893314,40.70886785076636,0.18108667173919457,0.6368483489781219,0.0012497413449708006,-0.011946173352657019,-0.02001845742583963,-0.00041868785482301885,0.009403995534344536,0.4112478595890411,0.009999700578104509,1,-0.015998870134353638,20,0.049956995932782286,61
2021-12-23,559.9982299804688,16654439.0,17.959999084472656,-0.005111402748451677,0.010398459247750402,-0.0006923632525830392,50.608900542835755,0.5752900996865264,0.6245366991198029,0.004604460518597975,0.0012666599064443673,-0.0003937168165937255,0.016463055277468275,0.009248927358619555,0.5084696061643835,-0.0032999415477540373,0,-0.015998870134353638,20,0.049956995932782286,61
2021-12-24,558.1502685546875,11059689.0,17.959999084472656,0.0,0.0,-0.0031142829512521564,55.75738728933296,0.7301672004412012,0.6456627993840826,0.0016523149440015317,0.0012995597670353298,0.009602046711232104,0.01634378543352355,0.00924591692594227,0.7029023972602739,0.003310867216039348,1,-0.015998870134353638,20,0.049956995932782286,61
2021-12-27,559.9982299804688,16259872.0,17.68000030517578,0.01673847985506205,0.027240461936308913,0.0019764833964968087,51.6604970719559,0.9906043908333686,0.7146511176739399,-0.004942245799145484,0.002943882204351711,0.018089114167681553,0.012989910349169964,0.00926364373146933,0.6380971746575342,0.014851753311249327,1,-0.015998870134353638,20,0.049956995932782286,61
2021-12-28,568.315185546875,33892718.0,17.540000915527344,-0.005215874155839462,-0.011714308974350218,0.00015897270692888377,63.661724085805766,1.8468225265994533,0.9410853994590426,0.013377673753748542,0.012961810667893703,0.026627381478948164,0.023176737483050713,0.009206881303662333,0.7029023972602739,0.0016259855255069677,1,-0.015998870134353638,20,0.049956995932782286,61
2021-12-29,569.2392578125,24518766.0,16.950000762939453,-0.005325346677586218,0.0017935409775311495,-0.005371417516269572,60.23334941631315,2.5703174572739727,1.2669318110220287,0.030150850504771176,0.03143827261420373,0.036630342075646194,0.04717242024614299,0.009351169080821613,0.9945654965753424,-0.0016233459884268386,0,-0.015998870134353638,20,0.049956995932782286,61
2021-12-30,568.315185546875,19681276.0,17.329999923706055,-0.008154093431395837,-0.011829436643087443,0.0029925320044581483,62.5921700695687,3.0341516814019087,1.6203757850980047,0.026666602085473556,0.03139384792053912,0.03139384792053912,0.048875107444173116,0.009349697498153255,1.0,0.0,0,-0.015998870134353638,20,0.049956995932782286,61
2021-12-31,568.315185546875,19681276.0,17.219999313354492,-0.0009135646014901688,-0.0014853384908752876,0.0014954966241516043,67.92478695289645,3.3629773364149287,1.9688960953613897,0.014851753311249327,0.01652860802919176,0.004604579894391891,0.04363476757594298,0.009352788965346808,0.9684452512604184,0.02601652018477374,1,-0.015998870134353638,20,0.049956995932782286,61
2022-01-03,583.1007690429688,69089158.0,16.600000381469727,0.0705676753996527,0.020538915057569218,0.0015691196372695781,78.59936479079524,4.761756492180098,2.5274681747251315,0.01821179271042772,0.013179539755264091,0.016170613819358026,0.04363476757594298,0.009352788965346808,0.9684452512604184,0.03961952046381212,1,-0.015998870134353638,20,0.049956995932782286,61
2022-01-04,606.2029418945312,79434666.0,16.90999984741211,0.03571427890169532,-0.004524205490554323,-0.002794019421395566,84.6609281174623,7.646309431526106,3.5512364260853264,0.041254664435824706,0.05518422963121594,0.056509258022306996,0.07990717353473609,0.009988597052765724,1.0,-0.009146368783256698,0,-0.015998870134353638,20,0.049956995932782286,61
2022-01-05,600.6583862304688,69593809.0,19.729999542236328,-0.0475262614934322,-0.03220999820715886,-0.003953035838036634,77.10850468353232,9.376848639504146,4.716358868769091,0.06666680270244374,0.09882771400912738,0.08570092765287063,0.09836764819072874,0.011149660020687726,1.0,-0.009230797057306228,0,-0.015998870134353638,20,0.049956995932782286,61
2022-01-06,595.1138305664062,53210211.0,19.610000610351562,0.011097203887482587,0.007518272775622004,0.0029401680820926313,71.26444635253085,10.183524790621505,5.809792053139574,0.05519494305207906,0.08333340672105294,0.08470562171265827,0.08470562171265827,0.011286801412345344,0.9087004064370625,-0.015527860809027794,0,-0.015998870134353638,20,0.049956995932782286,61
2022-01-07,585.8729858398438,38249908.0,18.760000228881836,-0.03868612826928275,-0.028835716589425964,0.0008552395448278016,70.45468874311362,9.96232305287515,6.64029825308669,0.04715454680969611,0.0627066278176669,0.06408767859534037,0.058863103618848944,0.01122665393324219,0.8174008128741251,0.014195417141241506,1,-0.015998870134353638,20,0.049956995932782286,61
2022-01-10,594.189697265625,38289770.0,19.399999618530273,0.012226770991876412,0.002389109467966888,0.001375818452457933,73.95848526963246,10.33892746834556,7.380024096138464,0.030894476761294642,0.049668913278396065,0.052759014912657554,0.040717684217556505,0.01152710594699771,0.6652361636522249,0.01244185535300546,1,-0.015998870134353638,20,0.049956995932782286,61
2022-01-11,601.58251953125,33196585.0,18.40999984741211,0.03327742111647458,0.018408113440556484,-0.0021368538113663016,75.24768467958268,11.10590618007916,8.125200512926604,0.019017173036585566,0.061056384564552646,0.07480959652923813,0.06594170280591372,0.011572465173341333,0.8021835439221378,0.013824722553876123,1,-0.015998870134353638,20,0.049956995932782286,61
2022-01-12,609.8992309570312,38860063.0,17.6200008392334,0.023689473562745533,0.006649572673263826,0.0010181915789688745,75.96171433216647,12.243693761071427,8.94889916255557,-0.00762190686313946,0.05853676767824312,0.0918153351526696,0.08277742501774177,0.011664896393206545,0.9239176753890499,0.0015150227833846674,1,-0.015998870134353638,20,0.049956995932782286,61
2022-01-13,610.8232421875,38137411.0,20.309999465942383,0.0526358752689442,-0.022908244862934413,-0.0010279950885446754,77.66989046109964,13.069303801475257,9.772980090339509,0.015384526277165467,0.07142861738099615,0.10506488445276863,0.09052457448093731,0.011787388020926912,1.0,0.016641739263896893,1,-0.015998870134353638,20,0.049956995932782286,61
2022-01-14,620.9884033203125,95200777.0,19.190000534057617,0.010560923594225446,0.02328797050360354,-0.0011812339167283081,79.46435574374232,14.378107384449322,10.694005549161473,0.02639732235115777,0.07479662293331235,0.09256151502487597,0.08859604820627487,0.011786321083229785,1.0,0.01636903036029902,1,-0.015998870134353638,20,0.049956995932782286,61
2022-01-17,631.1533813476562,59614236.0,19.190000534057617,0.0,0.0,-0.0010157396047735245,79.82459952039203,16.0505516595083,11.76531477123084,0.05993691180372673,0.09268310809388525,0.10708416855691438,0.10671217980423231,0.011992262659376095,1.0,-0.030746796892353823,0,-0.015998870134353638,20,0.049956995932782286,61
2022-01-18,611.7474365234375,43593330.0,22.790000915527344,-0.04855661199181105,-0.0444469230230472,-0.004150620006049377,67.16418572555204,15.629906400035452,12.538233096991762,0.06220855772513856,0.08240876166833955,0.14214065532708542,0.1193229562036171,0.012177623434014838,1.0,-0.012084462833499732,0,-0.015998870134353638,20,0.049956995932782286,61
2022-01-19,604.3547973632812,40381333.0,23.850000381469727,-0.021071786055728348,-0.030867357382289295,0.0033729503376602743,63.829826103942274,14.532496233540996,12.93708572430161,0.01689696203291935,0.00914626809889496,0.10887788687595079,0.07612938414602399,0.013194198825539087,0.7735058869791192,-0.004587169398052815,0,-0.015998870134353638,20,0.049956995932782286,61
2022-01-20,601.58251953125,46474584.0,25.59000015258789,-0.02045635331797424,-0.03251211683528743,0.0011411707123594184,62.50003440048216,13.285939082495474,13.006856395940384,-0.0090907371452984,0.006153932447376498,0.09000016732400051,0.06831141020465026,0.013330038149464225,0.68722360262606,-0.015360893022228983,0,-0.015998870134353638,20,0.049956995932782286,61
2022-01-21,592.3416748046875,49577684.0,28.850000381469727,-0.02961111039494202,-0.017157153140424874,0.0024720838148857283,53.62319603590961,11.420723626053018,12.68962984196291,-0.015128308842926153,0.010869666663076982,0.07425789462268773,0.06862337353692594,0.013326636533405548,0.6548673007659341,0.018720390036977008,1,-0.015998870134353638,20,0.049956995932782286,61
2022-01-24,603.4305419921875,47134502.0,29.899999618530273,0.01148292552167951,0.01314779407060973,0.00273396976775353,48.79994039727751,10.713803786235758,12.29446463081748,-0.046130859066701,0.01104111150571474,0.061258424793985355,0.06791295975351441,0.013346633627034615,0.5470139110513358,-0.01837637709037865,0,-0.015998870134353638,20,0.049956995932782286,61
2022-01-25,592.3416748046875,52318736.0,31.15999984741211,-0.02762756315651327,-0.03709819259674996,-0.0009858684610533075,46.56491051337396,9.153272582974523,11.66622622124889,-0.04392409226466343,0.015552011031304547,0.07755794516213665,0.08790470688564267,0.013600293158479763,0.6764362690343758,-0.007800471636774997,0,-0.015998870134353638,20,0.049956995932782286,61
2022-01-26,587.7211303710938,29957189.0,31.959999084472656,0.004898673248691976,0.016756912636296084,0.0012326381455518565,46.92307301484074,7.45773293804757,10.824527564608626,-0.031721852124191985,-0.015360893022228983,0.04227669762984143,0.08045564960149743,0.013805196798318898,0.5470139110513358,0.0,0,-0.015998870134353638,20,0.049956995932782286,61
2022-01-27,587.7211303710938,29957189.0,30.489999771118164,-0.054436033892395486,-0.04784267684179633,-0.0012094978497395603,50.833320490437174,6.044330276773735,9.868488107041648,-0.02752301638831689,-0.03636354902618333,0.03246767032480635,0.07745091468193999,0.013845813934527001,0.47621606343168227,0.0,0,-0.015998870134353638,20,0.049956995932782286,61
2022-01-28,587.7211303710938,29957189.0,27.65999984741211,0.010568845093832824,0.01831069739326452,0.003325596475219461,46.84686775356174,4.868082262650091,8.868406938163337,-0.023041542448668517,-0.037821271721213856,0.034146447812308356,0.07202758595198766,0.013839406872953524,0.45818362065224094,0.0,0,-0.015998870134353638,20,0.049956995932782286,61
2022-01-31,587.7211303710938,29957189.0,24.829999923706055,0.04268327202650268,0.054431816888465656,0.0025399246859625357,42.71839368287267,3.8910437072809145,7.872934291986853,-0.007800471636774997,-0.05357148824574609,0.034146447812308356,0.06488080334985669,0.013819461154611015,0.45818362065224094,0.0,0,-0.015998870134353638,20,0.049956995932782286,61
2022-02-01,587.7211303710938,29957189.0,21.959999084472656,0.003425050915626393,0.007938122247713508,-0.0020340162921449467,37.234029098175775,3.081215281196478,6.914590489828779,-0.026033504318873413,-0.06881409853786213,0.007923778484649091,0.03890825775376161,0.013315805306134389,0.45818362065224094,0.0,0,-0.015998870134353638,20,0.049956995932782286,61
2022-02-02,587.7211303710938,29957189.0,22.09000015258789,0.008939321313340187,0.02458366662649647,-0.001011834938484557,36.559181786351694,2.411620756130901,6.0139965430892035,-0.007800471636774997,-0.0392748783532062,-0.030487828821281093,0.05086923065254201,0.01317281344417858,0.45818362065224094,0.0,0,-0.015998870134353638,20,0.049956995932782286,61
2022-02-03,587.7211303710938,29957189.0,24.350000381469727,-0.0347161020705844,-0.04576371887404973,0.00030636052156918225,28.04863805550879,1.859526803374365,5.183102595146236,0.0,-0.02752301638831689,-0.021538458724542076,0.06488080334985669,0.012976399390784717,0.45818362065224094,0.0,0,-0.015998870134353638,20,0.049956995932782286,61
2022-02-04,587.7211303710938,29957189.0,23.219999313354492,0.009846432581657183,0.005978068561084848,-0.0002486011289392076,16.901188329919222,1.4057833725437376,4.427638750625737,0.0,-0.023041542448668517,-0.012422329671411658,0.05260026361948378,0.012879714342778941,0.45818362065224094,-0.0015722971625020676,0,-0.015998870134353638,20,0.049956995932782286,61
2022-02-07,586.7970581054688,56836469.0,22.860000610351562,0.010659393480538126,-0.00021429922351001718,0.002022027810925975,23.52919845573446,0.9605508927542132,3.734221179051432,0.0,-0.007800471636774997,0.003154513991801,0.06134273445112148,0.012793342014845869,0.45818362065224094,-0.011024036301746087,0,-0.015998870134353638,20,0.049956995932782286,61
2022-02-08,580.3281860351562,39718217.0,21.440000534057617,0.01144648405456894,0.023983745126847644,0.0009352869523764351,23.999619556889456,0.08474019907362162,3.00432498305587,-0.0015722971625020676,-0.027564869076404985,-0.012441547193053126,0.04921695194302633,0.012730792059538946,0.4466558393846571,0.007962266266320128,1,-0.015998870134353638,20,0.049956995932782286,61
2022-02-09,584.9489135742188,30048791.0,19.959999084472656,0.014630932881017467,0.03354617562064699,-0.000747489279132485,32.69236387284596,-0.23379692475737102,2.356700601493222,-0.012579000403251661,-0.020281349904162083,-0.03533070328016685,0.042795527738209715,0.012836872851461976,0.3659568020381483,0.02527629167669665,1,-0.015998870134353638,20,0.049956995932782286,61
2022-02-10,599.7342529296875,34587133.0,23.90999984741211,-0.006453127445694817,-0.03219181381988623,-0.00088112628861714,56.89641035919185,0.6987585755235841,2.0251121962992946,-0.004716891487506314,-0.004716891487506314,-0.04090891759883253,0.05809425623188824,0.012820899465838354,0.42360027684948937,0.0015409046527972148,1,-0.015998870134353638,20,0.049956995932782286,61
2022-02-11,600.6583862304688,26723278.0,27.360000610351562,-0.029668818261791685,-0.048315967573850815,0.001645029539128151,46.80866611673147,1.4951502014411062,1.919119797327657,0.020440174664144717,0.020440174664144717,-0.018154170457070795,0.08846090620315694,0.013312558085393474,0.6046509127410494,-0.019999823192060062,0,-0.015998870134353638,20,0.049956995932782286,61
2022-02-14,588.6453247070312,27826382.0,28.329999923706055,-0.010247034681011402,0.0014709014699874068,0.0028605704772510787,45.83338493355955,1.1437581036215079,1.7640474585864272,0.022012575677186064,0.022012575677186064,-0.032738159007709045,0.088321572620778,0.013312675502957705,0.6162793466081239,-0.006279521772558416,0,-0.015998870134353638,20,0.049956995932782286,61
2022-02-15,584.9489135742188,21970460.0,25.700000762939453,0.03965934866333187,0.05467034676560756,-0.0015839209130393828,46.80860033726813,0.560546220334686,1.523347210936079,0.003149754375950442,0.001572504863580404,-0.06734980417891545,0.05289252823946522,0.01362454072451889,0.46511815444212934,0.020536836994667018,1,-0.015998870134353638,20,0.049956995932782286,61
2022-02-16,596.9619140625,25191741.0,24.290000915527344,-0.007388566584540013,0.00034885573053755614,-0.0014751218320701032,58.333195731934865,1.0555278752825643,1.4297833438053762,0.007962266266320128,-0.004716891487506314,-0.043806514501335436,0.0428337762348705,0.013670638196631864,0.41860595499309944,-0.0015477540083331798,0,-0.015998870134353638,20,0.049956995932782286,61
2022-02-17,596.0379638671875,18135080.0,28.110000610351562,-0.031067834693514262,-0.03743010384571499,-0.00035581921065863664,57.37705983050352,1.35759977881753,1.415346630807807,0.020536836994667018,0.015723075475560178,-0.01223268737674521,0.08026747836924475,0.01375517145252452,0.56976637914946,-0.012402966938870219,0,-0.015998870134353638,20,0.049956995932782286,61
2022-02-18,588.6453247070312,20804191.0,27.75,-0.003757483750303492,-0.01119033709323869,0.0009312888004138209,50.724719531339744,0.9890683767448536,1.3300909799952165,-0.006163211529846335,0.014150986014136446,-0.009216616979467407,0.08040226801272299,0.013754388764544816,0.5421690294394996,-0.00784945405944304,0,-0.015998870134353638,20,0.049956995932782286,61
2022-02-21,584.0247802734375,23797502.0,27.75,0.0,0.0,0.0011962768307509641,47.297308152658516,0.32047107413052345,1.128166998822278,-0.019999823192060062,0.001572504863580404,-0.006240233052781652,0.06166693012857971,0.013920772422376378,0.4177226831248333,-0.007911450942670983,0,-0.015998870134353638,20,0.049956995932782286,61
2022-02-22,579.404296875,34086593.0,28.809999465942383,-0.020115588510284943,-0.008341453199022686,-0.0020667391326812945,44.30379111852419,-0.5755963836236333,0.7874143223330958,-0.00784945405944304,-0.004724423535765188,-0.0321590644959453,0.04290468970554917,0.013928036441109182,0.35443025275001816,-0.0031900482041428146,0,-0.015998870134353638,20,0.049956995932782286,61
2022-02-23,577.5559692382812,31953054.0,31.020000457763672,-0.008639227154554674,-0.023321926520298297,0.0008988658941737615,43.209786948126506,-1.4185289738686606,0.34622566309274455,-0.009478805021346903,-0.0015920115244932864,-0.0218410732858757,0.038079401762806775,0.01398160133379617,0.2727289102989691,-0.03359968854479556,0,-0.015998870134353638,20,0.049956995932782286,61
2022-02-24,558.1502685546875,73663161.0,30.31999969482422,-0.03468507647281238,0.03702479146787452,0.0012680530722726235,34.31374897931829,-3.610813776041141,-0.4451822247340326,-0.032507844080295945,-0.012638615380553997,-0.017295891890757975,0.031353204917138555,0.013991207688576864,0.14705679521262388,0.0,0,-0.015998870134353638,20,0.049956995932782286,61
2022-02-25,558.1502685546875,89012516.0,27.59000015258789,-0.005809682765569146,0.015742127804872608,0.006978153222107819,34.65348218086794,-5.287266954084657,-1.4135991706041575,-0.06356590957173047,-0.06933735095479909,-0.050314443854919566,-0.017886055573908433,0.014782032079269838,0.0,0.0,0,-0.015998870134353638,20,0.049956995932782286,61
2022-02-28,558.1502685546875,89012516.0,30.149999618530273,-0.03793954435467717,-0.006702028604448462,-0.0037196669370429536,37.23416140557974,-6.540473666750245,-2.438974069833375,-0.05180548434241139,-0.0707692070072441,-0.050314443854919566,-0.019480366305770658,0.014778931527649034,0.0,0.0,0,-0.015998870134353638,20,0.049956995932782286,61
2022-03-01,558.1502685546875,66720867.0,33.31999969482422,0.009718819225186914,-0.03635481555068554,0.00045775877592668657,33.707760937276205,-7.447795465371428,-3.440738348940986,-0.04430379085393543,-0.05180548434241139,-0.050314443854919566,-0.017886055573908433,0.014777674806802213,0.0,-0.004966683557990903,0,-0.015998870134353638,20,0.049956995932782286,61
2022-03-02,555.3781127929688,40693457.0,30.739999771118164,0.014437568329122241,0.03368074531793863,0.002545122402115574,18.4209863077986,-8.294925590976732,-4.411575797348135,-0.03668255212283633,-0.045813650384925464,-0.050314443854919566,-0.017886055573908433,0.014777674806802213,0.0,0.0016638615104542787,1,-0.015998870134353638,20,0.049956995932782286,61
2022-03-03,556.3021850585938,33792420.0,30.479999542236328,-0.00748088498053423,-0.02236426405945835,-0.0027204410374684906,18.42091540984518,-8.790387296788822,-5.2873380972362725,-0.038399493082137304,-0.06965905242855674,-0.05503123149188671,-0.04754350829531684,0.014192480486189684,0.0,-0.011628232296939323,0,-0.015998870134353638,20,0.049956995932782286,61
2022-03-04,549.8333740234375,55917115.0,31.979999542236328,-0.034286359967521496,-0.024205358365344987,0.0028601534116379224,19.999773545810257,-9.594424701049661,-6.1487554179989505,-0.003311085921143264,-0.06666652330462608,-0.053458934329384644,-0.08231691631186333,0.012665208636450303,0.012194905847916476,-0.03193283654161028,0,-0.015998870134353638,20,0.049956995932782286,61
2022-03-07,532.275634765625,86496560.0,36.45000076293945,-0.05492103886073396,-0.049092949219300186,0.002691523452047706,16.470397172786832,-11.515647739757014,-7.222133882350564,-0.01490081614183636,-0.0659343564869227,-0.06446553371959507,-0.08461550420696207,0.012705259934539406,0.0,-0.02256902001237504,0,-0.015998870134353638,20,0.049956995932782286,61
2022-03-08,520.2626953125,79029914.0,35.130001068115234,0.007150781311217047,0.018696836270899686,0.005329603901337077,1.1764523047275617,-13.847944176717078,-8.547295941223867,-0.0463578273572528,-0.08860779072350977,-0.09291359352732864,-0.10559021244889288,0.013478717390796568,0.0,0.008880823802578597,1,-0.015998870134353638,20,0.049956995932782286,61
2022-03-09,524.883056640625,52155415.0,32.45000076293945,0.04950016563552251,0.039694320577485565,0.0009725650712339995,6.741462965739046,-15.148854792869997,-9.867607711553093,-0.06788059663627177,-0.10207311523486884,-0.10350262518356723,-0.11198722609353973,0.013686082701091139,0.0,0.033450531438131925,1,-0.015998870134353638,20,0.049956995932782286,61
2022-03-10,542.440673828125,45630467.0,30.229999542236328,-0.00943310904614747,-0.021665437228392648,-0.0012507469270610638,24.999851389508095,-14.594842596347348,-10.813054688511945,-0.054908638727200865,-0.09119966791638345,-0.10268564577130812,-0.11664059633470447,0.013549648156221809,0.0416659098552261,-0.020442768753963447,0,-0.015998870134353638,20,0.049956995932782286,61
2022-03-11,531.3516845703125,38943098.0,30.75,-0.024528748982596937,-0.020840456480545222,0.0011567703893768932,23.364386754600602,-14.879056199736624,-11.626254990756882,-0.024917233120356652,-0.028145815941721164,-0.09553161057866,-0.09831044583743564,0.01448384046771526,0.19999856893836693,-0.00521740668663373,0,-0.015998870134353638,20,0.049956995932782286,61
2022-03-14,528.5794067382812,33919577.0,31.770000457763672,-0.020806504939062664,-0.03073959745739352,0.00389743246888985,23.809430951178285,-15.153319149679533,-12.331667822541412,-0.03361325508105151,-0.048013206288996524,-0.11538455676129311,-0.12878774459752118,0.01451512912265988,0.09999928446918346,-0.024475750974712662,0,-0.015998870134353638,20,0.049956995932782286,61
2022-03-15,515.6420288085938,74092231.0,29.829999923706055,0.028096490635561633,0.04355701074138629,0.0035197769856842864,21.36743355278236,-16.227551675796008,-13.110844593192333,-0.006944199181635136,-0.05298010855209134,-0.102040932710448,-0.13464424692597565,0.014499247284824518,0.0749991881477274,0.004952843058331657,1,-0.015998870134353638,20,0.049956995932782286,61
2022-03-16,518.1959228515625,43438327.0,26.670000076293945,0.04025591731581235,0.05025723801216042,0.00027709438903933403,28.111102342931815,-16.680528042678247,-13.824781283089516,-0.008881410382750587,-0.0761591315832697,-0.11848365414021966,-0.16964306249271444,0.014505681685186914,0.0,0.04301080714741201,1,-0.015998870134353638,20,0.049956995932782286,61
2022-03-17,540.4839477539062,60959900.0,25.670000076293945,0.007569424174854733,0.007329181714075261,-0.004905526087041756,42.22119858767098,-15.06737046847968,-14.07329912016755,-0.012740235571446545,-0.06694932530635544,-0.13194475117334026,-0.17896990150778225,0.014212672909730736,0.026573884900904426,-0.0017184080609904395,0,-0.015998870134353638,20,0.049956995932782286,61
2022-03-18,539.55517578125,46242430.0,23.8700008392334,0.0021598500258921405,0.020136422111954433,-0.007082709597816872,41.87866864993682,-13.70588272049065,-13.99981584023217,-0.0036072628190096934,-0.028434612930778647,-0.09320549944979695,-0.11649168351979022,0.01540781807396165,0.2800264195339429,0.008606151624104497,1,-0.015998870134353638,20,0.049956995932782286,61
2022-03-21,544.1986694335938,21400273.0,23.530000686645508,0.0018739963870315623,-0.0026396464367511863,0.006317034814020683,44.14420968874903,-12.112576498711292,-13.622367971927995,0.015438910704821396,-0.018693296419924788,-0.08339512243678049,-0.10722115860541404,0.015338815167674723,0.27239494217935145,-0.005119585794363557,0,-0.015998870134353638,20,0.049956995932782286,61
2022-03-22,541.41259765625,20246949.0,22.940000534057617,0.0011225385867874582,0.006604885280136807,0.001904321675453291,44.139053492397785,-10.948475338544426,-13.087589445251282,0.029549510435328274,0.022400113567510482,-0.06819250173117197,-0.09538816078361023,0.015431569970461571,0.32528903371764556,0.012006645845602515,1,-0.015998870134353638,20,0.049956995932782286,61
2022-03-23,547.9131469726562,25902069.0,23.56999969482422,-0.015788680996856375,-0.024821169485883754,0.002020406549248399,46.6367682280477,-9.393098981679941,-12.348691352537015,0.04997763449810311,0.04065235223341568,-0.06557027523554293,-0.08597922333462404,0.015299993510863587,0.293552856895546,0.0016953308167564352,1,-0.015998870134353638,20,0.049956995932782286,61
2022-03-24,548.842041015625,20060758.0,21.670000076293945,0.024394836703195644,0.05130460754826904,0.0032423198586866153,49.58409215219124,-7.993355599151187,-11.47762420185985,0.05734746803402824,0.04387661221040218,-0.05132458816886598,-0.09200295834586714,0.015111886138468523,0.37958716584297025,0.01184422814901942,1,-0.015998870134353638,20,0.049956995932782286,61
2022-03-25,555.3426513671875,26122381.0,20.809999465942383,-0.011026439196403559,-0.0020890087167115823,0.003214343626089411,60.66733429827552,-6.287030976827168,-10.439505556853314,0.015464091572844119,0.01180104571127405,-0.016676920290956576,-0.07343672687457892,0.014903269696273985,0.39051322844006925,-0.023411388881134476,0,-0.015998870134353638,20,0.049956995932782286,61
2022-03-28,542.34130859375,26391576.0,19.6299991607666,-0.003748022839869747,0.006192263282444488,0.000610785588096352,60.11775367385869,-5.915664032695645,-9.534737252021781,0.029260168921701135,0.04515082476171273,-0.00503021739068632,-0.0550915686551241,0.015015191571382145,0.4669762827121389,0.008561714751308847,1,-0.015998870134353638,20,0.049956995932782286,61
2022-03-29,546.9846801757812,14892032.0,18.899999618530273,0.027461867885320457,0.0221049901687691,0.004000848124449341,60.126162817035954,-5.186880642200435,-8.665165930057512,-0.0034130198109026955,0.026035637559907343,-0.028323841896330748,-0.07721318739840177,0.015397770505461506,0.31404873832299046,0.018675607135488548,1,-0.015998870134353638,20,0.049956995932782286,61
2022-03-30,557.199951171875,41230239.0,19.329999923706055,-0.023066300815555496,-0.032259654570362395,-0.005398931505235405,57.249941536598094,-3.741893340645902,-7.68051141217519,0.010291748924300181,0.06078374068848813,-0.020004627799999453,-0.06931254993263736,0.015478589433750465,0.36866612870340326,-0.005000019717029902,0,-0.015998870134353638,20,0.049956995932782286,61
2022-03-31,554.4139404296875,22700114.0,20.559999465942383,-0.023142805848048842,-0.022692715235105965,-0.003587334239694262,62.3346090617194,-2.7893839944669025,-6.702285928633533,0.01694940931885003,0.07526888306198654,0.003280356818068153,-0.051931396749249625,0.015790548568989368,0.48882266452630035,-0.01340020463437186,0,-0.015998870134353638,20,0.049956995932782286,61
2022-04-01,546.9846801757812,29732696.0,19.6299991607666,-0.014099157355720426,-0.018186091403288085,0.003158542970105538,59.37676852983941,-2.6039756780347716,-5.8826238785137805,0.010152100235892636,0.025773184816441308,-0.003394278648586213,-0.056671758458600396,0.015800531381596275,0.4560523738825536,0.0,0,-0.015998870134353638,20,0.049956995932782286,61
2022-04-04,546.9846801757812,29732696.0,18.56999969482422,0.019457166703378492,0.017319957124697805,0.0018276505532142107,68.39237310960968,-2.4290378155532153,-5.1919066659216675,-0.015050115763357796,0.013769684228816192,-0.005181012980006616,-0.06931254993263736,0.01590925105842602,0.36866612870340326,0.0,0,-0.015998870134353638,20,0.049956995932782286,61
2022-04-05,546.9846801757812,29732696.0,21.030000686645508,-0.021853377534962526,-0.04529405831446409,-0.00277313382152089,67.41571374241691,-2.264296894058589,-4.606384711549052,0.008561714751308847,0.00511947363834464,0.027634263996759945,-0.06931254993263736,0.01590925105842602,0.36866612870340326,-0.0186759418897795,0,-0.015998870134353638,20,0.049956995932782286,61
2022-04-06,536.7692260742188,37645873.0,22.100000381469727,-0.012878085070567202,-0.023200086193102876,0.002263185631593334,47.36839829535234,-2.924330437809317,-4.269973856801105,0.0,0.010291748924300181,0.05136248496008444,-0.06931254993263736,0.01590925105842602,0.36866612870340326,-0.020760988748897424,0,-0.015998870134353638,20,0.049956995932782286,61
2022-04-07,525.6253662109375,42904743.0,21.549999237060547,-0.006523006611614757,0.0010895504362329334,0.0025198154052490374,41.379448407985905,-4.297093910607259,-4.275397867562336,-0.03666677474520119,-0.020338845599909727,0.022645366969297864,-0.08525576490238329,0.016126323054148302,0.2485074391129924,0.0017667524477329444,1,-0.015998870134353638,20,0.049956995932782286,61
2022-04-08,526.5540161132812,28024587.0,21.15999984741211,-0.012236366838354495,-0.02416934507388646,0.0025517279341435994,38.55422736184621,-5.249570782719502,-4.47023245059377,-0.051926136987893945,-0.042301196099565064,-0.030999348737103527,-0.09426186964647076,0.016328050226526288,0.1174284303055191,-0.015873192504376687,0,-0.015998870134353638,20,0.049956995932782286,61
2022-04-11,518.1959228515625,36820094.0,24.3700008392334,-0.01732288803398896,-0.020854644009178247,0.003205020156220151,35.955057009511435,-6.60273166029242,-4.8967322925335,-0.0373514374405044,-0.051839409746454845,-0.009029177089954987,-0.09982905533429687,0.016261625010897538,0.12835162121259983,-0.001792200394764687,0,-0.015998870134353638,20,0.049956995932782286,61
2022-04-12,517.2672119140625,30671407.0,24.260000228881836,-0.0013326050352640006,-0.002494236493288282,0.0048457784786037905,30.120574468809565,-7.661740836763556,-5.449734001379511,-0.05263174338807275,-0.04452064661051669,-0.01964413246969343,-0.13595743394647242,0.015787910923206017,0.030040031358855,0.02872527435702521,1,-0.015998870134353638,20,0.049956995932782286,61
2022-04-13,532.1258544921875,35865970.0,21.81999969482422,0.04166700124530176,0.02357696658112518,0.00024112050736491142,40.8162184057901,-7.218830774071307,-5.80355335591787,-0.05432961715156015,-0.05432961715156015,0.0031517661762827665,-0.1388329476921839,0.015771084956063764,0.019985063928637102,0.0,0,-0.015998870134353638,20,0.049956995932782286,61
2022-04-14,532.1258544921875,19056590.0,22.700000762939453,-0.03093617454206976,-0.029205113826028306,-0.005899197170308623,36.26365927819787,-6.789555587926998,-6.0007538023196965,-0.008650592016967162,-0.04500017745326956,0.02688159251421829,-0.09601617110094862,0.016305625987217163,0.20270350397231948,-0.019197210481341043,0,-0.015998870134353638,20,0.049956995932782286,61
2022-04-15,521.9105224609375,28253360.0,22.700000762939453,0.0,0.0,0.0034469010597268923,37.499925314277526,-7.190753303977203,-6.2387537026511986,0.01236715101500896,-0.04020116435064036,-0.01546409157284423,-0.09030371346322541,0.016296762468705255,0.20270350397231948,-0.0017793278011811742,0,-0.015998870134353638,20,0.049956995932782286,61
2022-04-18,520.9818725585938,15800959.0,22.170000076293945,0.00416830457790951,0.018813022585640438,0.004998936235429685,33.33322901034519,-7.497216426380305,-6.490446247397021,-0.008818646350130077,-0.04584069467317775,-0.03270222233484066,-0.12572224430670276,0.016101463263954622,0.07797028105681188,0.007130232116223434,1,-0.015998870134353638,20,0.049956995932782286,61
2022-04-19,524.6965942382812,16614705.0,21.3700008392334,0.006884834121658523,0.022053760175130943,0.003538203450695221,27.272727272727266,-7.3555534233150865,-6.6634676825806345,0.005376247832481029,-0.0475384568519015,-0.04266235509021776,-0.1259250179663357,0.016100969738732113,0.07314524206453382,0.008849282666496316,1,-0.015998870134353638,20,0.049956995932782286,61
2022-04-20,529.3397827148438,27606307.0,20.31999969482422,-0.004424373342171273,-0.00349800977575232,0.0013589222115946153,32.91126076846602,-6.79034311881378,-6.688842769827264,0.014362755173921604,-0.0407471849674792,-0.030874795840236335,-0.10863711607762672,0.0161070134368784,0.13241007762524065,-0.008771659769739593,0,-0.015998870134353638,20,0.049956995932782286,61
2022-04-21,524.6965942382812,18383650.0,22.68000030517578,-0.013634955245189984,-0.02656099619197494,-0.0030833851240669174,34.21042618289492,-6.640528506650412,-6.679179917191894,-0.005235738413805313,-0.013841038193847077,-0.03389837305498966,-0.0936347213434856,0.01618041000723473,0.21482538688843772,-0.012389391236960479,0,-0.015998870134353638,20,0.049956995932782286,61
2022-04-22,518.1959228515625,29283846.0,28.209999084472656,-0.02027451920665524,-0.022528855780283186,0.004303314967822658,31.325201030989064,-6.966048923905646,-6.736553718534645,-0.01396147206753573,-0.0017669846859779126,-0.04399343521983656,-0.09442060221469384,0.016188344718650716,0.14624437351020014,-0.019713085395003715,0,-0.015998870134353638,20,0.049956995932782286,61
2022-04-25,507.9806823730469,43389591.0,27.020000457763672,0.00585285698283422,0.017579532307764767,0.0007511784906242269,27.659508268416687,-7.956592093273116,-6.98056139348234,-0.007117311204724808,-0.015873192504376687,-0.06688974532061276,-0.1027779982345376,0.016263696421990676,0.06007997645217566,-0.0018285410402840707,0,-0.015998870134353638,20,0.049956995932782286,61
2022-04-26,507.05181884765625,35825421.0,33.52000045776367,-0.03605557674627524,-0.043804305199585114,-0.004001911578310646,30.95228780671006,-8.716082640036348,-7.327665642793142,-0.024955168059296873,-0.019713085395003715,-0.06335609269704645,-0.08988544664065679,0.015747970464160564,0.0,-0.03662980977394381,0,-0.015998870134353638,20,0.049956995932782286,61
2022-04-27,488.4786071777344,55941533.0,31.600000381469727,-0.027056261462916842,-0.004884708951744199,0.0036651209235754045,28.260772501835078,-10.693420237066562,-8.000816561647826,-0.03362853043908254,-0.019748773614716164,-0.073005447456576,-0.09154962845283421,0.015744495453857036,0.0,0.009505657931884626,1,-0.015998870134353638,20,0.049956995932782286,61
2022-04-28,493.1219177246094,45380836.0,29.989999771118164,0.05495236217031141,0.05577036944643976,0.002525581784408981,31.249908004136472,-11.750347481860103,-8.75072274569028,-0.07719271604250721,-0.08202429358766283,-0.12333336327400846,-0.1248259927516755,0.016612362922800824,0.0,0.013182747857350963,1,-0.015998870134353638,20,0.049956995932782286,61
2022-04-29,499.62261962890625,36664644.0,33.400001525878906,-0.024049564168520332,-0.04470026841920238,0.002655316089686943,39.361690970415985,-11.925942778357125,-9.38576675222365,-0.06017701822423649,-0.07329833053272694,-0.11055281665099359,-0.1165068880078961,0.016719130125773342,0.06756722550814637,0.0,0,-0.015998870134353638,20,0.049956995932782286,61
2022-05-02,499.62261962890625,36664644.0,32.34000015258789,0.00893160191566622,0.035105865708189965,-0.0006349043113590414,39.78495649519157,-11.927609261044438,-9.894135253987809,-0.03584224113622869,-0.04270445195651218,-0.086587544886366,-0.10039195258104594,0.01689561249019738,0.16216231818926657,-0.013011224169804936,0,-0.015998870134353638,20,0.049956995932782286,61
2022-05-03,493.1219177246094,26317509.0,29.25,-0.0013866693370830907,0.007494408920845963,0.0017191021218201374,24.99997065910219,-12.311562249691633,-10.377620653128574,-0.01645350509215371,-0.040998073166711335,-0.086587544886366,-0.10188628941609779,0.016887856410696126,0.16216231818926657,0.005649864013750117,1,-0.015998870134353638,20,0.049956995932782286,61
2022-05-04,495.9079895019531,16569622.0,25.420000076293945,0.025205625550145383,0.03904907917169442,-0.002119750644664742,27.586249878656957,-12.249826674516669,-10.752061857406193,-0.02747234228388029,-0.06017701822423649,-0.09847215909934137,-0.10314298654488496,0.016907593034291055,0.06756722550814637,0.014981310976864837,1,-0.015998870134353638,20,0.049956995932782286,61
2022-05-05,503.33734130859375,20374772.0,31.200000762939453,-0.040004140121899234,-0.050022285869678274,-0.006189235153336137,38.09531633754042,-11.46920433703201,-10.895490353331358,0.015209227620311294,-0.06315753001111646,-0.07612440241985063,-0.06832483564588765,0.016292458908372987,0.10810880422903545,-0.025830458539734646,0,-0.015998870134353638,20,0.049956995932782286,61
2022-05-06,490.3359069824219,32467268.0,30.190000534057617,-0.005643056052452189,-0.007808929032266487,0.012541078282115592,32.98970818456631,-11.76405391246334,-11.069203065157755,0.020715817360382083,-0.04070781698268011,-0.04240287157945,-0.03253232291379238,0.016140732018959658,0.21621716438092758,-0.015151493462478238,0,-0.015998870134353638,20,0.049956995932782286,61
2022-05-09,482.9065856933594,23709774.0,34.75,-0.04725513038356388,-0.051293387098860554,0.0014624635640354544,27.722749727263817,-12.453650532655672,-11.34609255865734,-0.01858745437382736,-0.05376347948828064,-0.06878327393303463,-0.06581875566590589,0.01652438649580156,0.027026534941543907,-0.0038462114513865275,0,-0.015998870134353638,20,0.049956995932782286,61
2022-05-10,481.0492248535156,41679907.0,32.9900016784668,0.01741118517053808,0.025106847656289677,0.003406402477327486,23.469475691914383,-13.000176378632545,-11.676909322652381,-0.03345732014287639,-0.04936033504768944,-0.06810037594277207,-0.10975225680371692,0.015699261183582815,0.0,0.005791592867889994,1,-0.015998870134353638,20,0.049956995932782286,61
2022-05-11,483.83526611328125,27157254.0,32.560001373291016,-0.011146100103755718,-0.030408962691258812,-0.003673782665213121,27.083408926445443,-13.057967680215654,-11.953120994165037,-0.024482166452467258,-0.051281926279714396,-0.070017944741806,-0.0946688627843062,0.015447178202708954,0.0,-0.03071019029899369,0,-0.015998870134353638,20,0.049956995932782286,61
2022-05-12,468.9765930175781,32532963.0,31.770000457763672,-0.0015940616054979095,0.005430421648199735,0.0015956719826561994,24.761980172238694,-14.139744272506789,-12.390445649833387,-0.02434468418384761,-0.009505720406633111,-0.09075031399290001,-0.08464979916849924,0.015488923837077891,0.036585879012081476,0.011881300868558098,1,-0.015998870134353638,20,0.049956995932782286,61
2022-05-13,474.54864501953125,29074177.0,28.8700008392334,0.037290404707917,0.05063654918735794,0.0044629864882697046,32.00006309419865,-14.381659172037644,-12.788688354274239,-0.0682658437414625,-0.04896420913198085,-0.11867354487947834,-0.09049967454910046,0.015737584091440174,0.0,0.017612400249260363,1,-0.015998870134353638,20,0.049956995932782286,61
2022-05-16,482.9065856933594,21163106.0,27.469999313354492,-0.006046354759263184,-0.01693730296525675,-0.001324587601386762,37.96303367863429,-13.740569775501058,-12.979064638519603,-0.03219683025060738,-0.05018582751116962,-0.09074712120783324,-0.08422929611612173,0.015849606739438728,0.06315846640305814,0.01923074127886304,1,-0.015998870134353638,20,0.049956995932782286,61
2022-05-17,492.1932373046875,24496974.0,26.100000381469727,0.032186376044495146,0.050149633386914916,-0.002353733057646634,52.040789979756575,-12.340888555367883,-12.851429421889259,0.0,-0.03345732014287639,-0.07308370765040795,-0.1065292730705909,0.014520332634073655,0.15789460940059213,0.015094442103477546,1,-0.015998870134353638,20,0.049956995932782286,61
2022-05-18,499.62261962890625,30568176.0,30.959999084472656,-0.02989710944331425,-0.051700648642589275,-0.0035709624715448696,53.465352333189195,-10.510978028768932,-12.383339143265195,0.02316605427347973,-0.0018832673757578355,-0.06194695618480217,-0.08777960179509847,0.014905183495872203,0.2631575670300941,-0.02973979261935611,0,-0.015998870134353638,20,0.049956995932782286,61
2022-05-19,484.7639465332031,29019751.0,29.350000381469727,-0.0035347227405148063,-0.006062629145284437,0.004539631126624144,42.72729255287209,-10.142811475349845,-11.935233609682125,0.03262960478769372,0.0074905631802459904,-0.05614005229972707,-0.08191135390147608,0.01505150401756145,0.3473686249590526,0.015325584389299207,1,-0.015998870134353638,20,0.049956995932782286,61
2022-05-20,492.1932373046875,22651205.0,29.43000030517578,0.006318610057572727,-0.002657196781563509,-0.004697343518617725,46.610155803113166,-9.146124325226765,-11.377411752791055,0.03366341465795353,-0.03690049048835298,-0.07610616905766199,-0.1046312024660605,0.015646749378989248,0.17894754683917102,-0.0037735795242466175,0,-0.015998870134353638,20,0.049956995932782286,61
2022-05-23,490.3359069824219,17054170.0,28.479999542236328,0.007931178782770276,0.005474140055663712,0.0038005856878970956,48.672564312842795,-8.4091778449951,-10.783764971231864,0.037181841040616614,0.0037878733656195873,-0.05017925537465773,-0.10169478497793638,0.01573000049566277,0.2631575670300941,-0.015151493462478238,0,-0.015998870134353638,20,0.049956995932782286,61
2022-05-24,482.9065856933594,17802308.0,29.450000762939453,-0.030382312186880145,-0.02462708586924378,-0.007505118220247797,44.06777300943242,-8.328619447986682,-10.292735866582829,0.015384593023090476,0.015384593023090476,-0.03473513069079104,-0.10659922101619312,0.015717659591697956,0.24210497550419366,0.007692359707159202,1,-0.015998870134353638,20,0.049956995932782286,61
2022-05-25,486.62127685546875,22176476.0,28.3700008392334,0.019048832551065376,0.019766145574841687,0.0014140509828020065,42.10524495198738,-7.874262212920257,-9.809041135850315,-0.018867897621233087,0.0038610619119265888,-0.04761886706011664,-0.1304349044603348,0.015666186259886698,0.15789460940059213,-0.019084003455246523,0,-0.015998870134353638,20,0.049956995932782286,61
2022-05-26,477.3345947265625,28327403.0,27.5,0.006525494602399373,0.0387384287614978,-0.004121005100007014,43.636378845078944,-8.16936708789018,-9.481106326258288,-0.02602232617709388,0.005758180391784773,-0.003802275667703525,-0.10273978923486227,0.01542078257273544,0.2000001383650714,0.03112835889599963,1,-0.015998870134353638,20,0.049956995932782286,61
2022-05-27,492.1932373046875,27866643.0,25.719999313354492,0.03043953145424827,0.0403191019542517,-0.003298202059625277,54.2372786952905,-7.122171589535924,-9.009319378913816,-0.015325710296262285,0.01782178862106054,-0.03201505029606799,-0.12733461826908155,0.015528446949396788,0.09473683482289098,0.032075704970701,1,-0.015998870134353638,20,0.049956995932782286,61
2022-05-30,507.9806823730469,34476433.0,25.719999313354492,0.0,0.0,-0.0005799542361255572,60.902292608248324,-4.961157600021295,-8.199687023135311,0.0,0.037181841040616614,-0.01486998793156502,-0.11666676160051459,0.016064377936756052,0.27173882371515184,0.02376574681305965,1,-0.015998870134353638,20,0.049956995932782286,61
2022-05-31,520.05322265625,72405873.0,26.190000534057617,0.016316663780976848,-0.005347763727272192,-0.015872479522662797,63.63634901258581,-2.2484664164136348,-7.009442901790976,0.035985077044862424,0.051923285833192834,0.016728751693325217,-0.08375196702423005,0.016936811059462945,0.5000005868156605,-0.019642917501119683,0,-0.015998870134353638,20,0.049956995932782286,61
2022-06-01,509.8378601074219,29155176.0,25.690000534057617,-0.0057712576624260326,-0.016026099109108793,0.005566975948988917,65.94200241176392,-0.9124157332495884,-5.790037468082699,0.07692302831106623,0.05660375486694469,0.054613887486300694,-0.04923621903062525,0.01729066467583886,0.6547606985297137,-0.016393450473104032,0,-0.015998870134353638,20,0.049956995932782286,61
2022-06-02,501.4798583984375,21420890.0,24.719999313354492,0.016780914712665185,0.035732659280171,0.0047185849166335725,60.28364562848166,-0.521989656464541,-4.736427905759068,0.04770975778531095,0.020445912729297522,0.028089627310620147,-0.06791199354325927,0.017525487781145065,0.5238080893712427,0.0,0,-0.015998870134353638,20,0.049956995932782286,61
2022-06-03,501.4798583984375,21420890.0,24.790000915527344,-0.026676400144056367,-0.03020598394166074,-0.0009372287861050266,57.5757319261219,-0.21015167999235018,-3.8311726606057244,0.050583519272694666,0.03448258061429388,-0.0036903340120307826,-0.08319213211368215,0.017672678192905775,0.47945129013801474,0.0,0,-0.015998870134353638,20,0.049956995932782286,61
2022-06-06,501.4798583984375,17615003.0,25.06999969482422,-0.007038388714240895,4.894626425611115e-05,0.008934408796311022,54.09833946033538,0.03656071388178361,-3.057625985708223,0.01886783561798766,0.01886783561798766,0.0227271779556113,-0.06574402175377658,0.01747446510108189,0.5147053919851156,-0.009259155580297884,0,-0.015998870134353638,20,0.049956995932782286,61
2022-06-07,496.8365783691406,19497532.0,24.020000457763672,0.007840199872707343,0.009870240557520171,0.0006913903292402601,48.73947630544624,-0.14096685124775377,-2.474294158816129,-0.012797384231700626,0.0227271779556113,0.038461419362112226,-0.04593672483228339,0.017207012182447582,0.5147053919851156,0.01682274345482071,1,-0.015998870134353638,20,0.049956995932782286,61
2022-06-08,505.1947326660156,18835521.0,23.959999084472656,-0.0039428024400280925,-0.02388315235730598,0.0008066598187788099,59.821478869933436,0.38829841173486557,-1.9017756447059302,-0.0446428236104891,0.028846143516101597,0.032818582174064304,-0.05643758633444229,0.01724823306679932,0.44117674064587836,-0.005514847240471132,0,-0.015998870134353638,20,0.049956995932782286,61
2022-06-09,502.4086608886719,16338602.0,26.09000015258789,-0.028030364200546165,-0.026931885649260745,0.0011494686050941283,55.14022250715969,0.5762891351184862,-1.406162688741047,-0.009107066784777351,0.038168195050097165,0.04414615479420925,-0.025089333227484856,0.017309262822913823,0.5735322757970787,-0.02033289706016428,0,-0.015998870134353638,20,0.049956995932782286,61
2022-06-10,492.1932373046875,21357130.0,27.75,-0.02388563588256809,-0.036016889289854026,0.00498995426452975,50.86206530228589,-0.09789766819073975,-1.1445096846309857,0.001852123220263957,0.05252932940356625,0.07128728462966305,-0.02872509736391171,0.017325782959546725,0.5294134419059816,-0.026415056669726322,0,-0.015998870134353638,20,0.049956995932782286,61
2022-06-13,479.1919250488281,32854092.0,34.02000045776367,-0.03529541516111112,-0.056137395590782235,0.0019029841677364878,48.36066236125387,-1.6621327775962982,-1.2480343032240482,-0.01851843287068089,0.0,0.037181841040616614,-0.07504355755389491,0.016953889881665515,0.36764712278455014,-0.005813913129536719,0,-0.015998870134353638,20,0.049956995932782286,61
2022-06-14,476.40594482421875,36304444.0,32.689998626708984,0.01917010066782243,0.0063187027976523424,0.0015754511710839303,45.454555330322016,-3.090974858123957,-1.61662241420403,-0.04444432408669363,-0.05667293722613864,-0.007692296511545238,-0.0994763343981373,0.017373477950647444,0.16923115034977584,-0.007797323275384405,0,-0.015998870134353638,20,0.049956995932782286,61
2022-06-15,472.6912536621094,35680283.0,29.6200008392334,0.022250066158951087,0.017718255450345,-0.003738798333152271,47.8260881989278,-4.471541881632959,-2.187606307689816,-0.04112143596992224,-0.08392848256779606,-0.032075394954473535,-0.08718846560547078,0.017178468327751027,0.12307752197821921,0.0034568075311054436,1,-0.015998870134353638,20,0.049956995932782286,61
2022-06-16,474.32525634765625,26909199.0,32.95000076293945,-0.04672721915816258,-0.06235135006182557,-0.005838823728256393,40.4523093260139,-5.371877177197405,-2.824460481591334,-0.0643385152342717,-0.07285964686397706,-0.053903416115947844,-0.09269155308480181,0.01720144934688788,0.061538508206095,-0.013779403693955139,0,-0.015998870134353638,20,0.049956995932782286,61
2022-06-17,467.7893371582031,43566737.0,31.1299991607666,0.005678985652316504,0.004550279778338329,0.009896223501687063,26.167580279853,-6.537433971716325,-3.5670551796163323,-0.05589753268054942,-0.05414893857851866,-0.02153355310393712,-0.09600088592865874,0.017162309828784396,0.08860803010746818,-0.005988118488404748,0,-0.015998870134353638,20,0.049956995932782286,61
2022-06-20,464.9881591796875,34209693.0,31.1299991607666,0.0,0.0,0.00020206488993435023,13.314110420466989,-7.599574615603103,-4.373559066813687,-0.04958194931755511,-0.06718220218820126,-0.04958194931755511,-0.11627776253839206,0.017160368208238862,0.0,0.014056163749549544,1,-0.015998870134353638,20,0.049956995932782286,61
2022-06-21,471.52410888671875,33223685.0,30.190000534057617,0.022941255639214564,0.027469062745580697,3.3649272604296954e-05,23.158350690205594,-7.823744948393937,-5.063596243129737,-0.029641079339334242,-0.07276802568959106,-0.05169465960330555,-0.11379611705937287,0.01714208755416342,0.0,-0.020792054729231957,0,-0.015998870134353638,20,0.049956995932782286,61
2022-06-22,461.72015380859375,31034893.0,28.950000762939453,-0.023461680982530986,-0.011195172791292118,0.0007070604458019325,22.69848015449918,-8.692299375491984,-5.789336869602187,-0.010247218764873445,-0.05094727438448621,-0.023570763257033667,-0.09006596136074374,0.01726383560972631,0.1186950362785501,-0.018200095362442714,0,-0.015998870134353638,20,0.049956995932782286,61
2022-06-23,453.3168029785156,43548940.0,29.049999237060547,-0.009304151342919731,-0.00647780516017582,-0.001759568201539774,20.34998213341659,-9.944085965783074,-6.620286688838365,-0.023209864300467897,-0.08605509132685862,-0.051171463787578864,-0.09106749561488381,0.01729146668514685,0.0,0.00205960771588809,1,-0.015998870134353638,20,0.049956995932782286,61
2022-06-24,454.2504577636719,27911980.0,27.229999542236328,0.021397899321771385,0.04446467219275663,-0.0019749280622988197,21.255191796988612,-10.73702794436582,-7.443634939943856,-0.04429123916130351,-0.09771300085337198,-0.050316469858643464,-0.10597539318813742,0.0174682572941595,0.0,0.024666038601993234,1,-0.015998870134353638,20,0.049956995932782286,61
2022-06-27,465.45501708984375,37909718.0,26.950000762939453,-0.0006982829693595871,-0.0018355877711182522,0.0027319055458230324,32.31311319933664,-10.342108489095097,-8.023329649774105,-0.028942257377603475,-0.07708919315672658,-0.07708919315672658,-0.07007092820670546,0.016625105583066242,0.01399018391554125,-0.0020059624849938507,0,-0.015998870134353638,20,0.049956995932782286,61
2022-06-28,464.5213317871094,15274062.0,28.360000610351562,-0.017703172127199296,-0.02631672708970534,-0.008890682858296861,24.982449237940287,-9.989321891718305,-8.416528098162946,0.0010040210722350729,-0.028666818535359573,-0.0837151229541706,-0.05610559912329138,0.017031570626177436,0.1818829084620172,-0.013065259615798408,0,-0.015998870134353638,20,0.049956995932782286,61
2022-06-29,458.4522399902344,30533789.0,28.15999984741211,-0.008181074133197797,-0.021986581122996784,0.008188896340560747,24.012658410553968,-10.083227784786743,-8.749868035487706,-0.014851365959087648,-0.024946399528021135,-0.10678116863790044,-0.07025560185379176,0.01687859392234917,0.1678922672612594,-0.03055004661987437,0,-0.015998870134353638,20,0.049956995932782286,61
2022-06-30,444.4465026855469,46311432.0,28.709999084472656,-0.022713672633197235,-0.01073149973233134,-0.0002021708586102955,22.98264088073796,-11.159158992723803,-9.231726226934926,-0.007077693688272713,-0.030123285678675504,-0.1007881605857216,-0.08240295379190621,0.016968659838226756,0.07695104167285907,-0.04726893850520575,0,-0.015998870134353638,20,0.049956995932782286,61
2022-07-01,423.43798828125,61744377.0,26.700000762939453,-0.05810398493716462,-0.038255272004889984,-0.000313508567219567,21.0730617972102,-13.550848022729838,-10.095550586093909,-0.019567552393131016,-0.06299212041158897,-0.1137301025310099,-0.09870868296356261,0.01745741862657332,0.0,-0.029768545585164174,0,-0.015998870134353638,20,0.049956995932782286,61
2022-07-04,410.8328552246094,52445919.0,26.700000762939453,0.0,0.0,0.004730923233973838,19.12447210395402,-16.27579052058354,-11.331598572991837,-0.06783145499536813,-0.09481051694419829,-0.15562313981348663,-0.14613598238956726,0.01873119395280288,0.0,0.013636507811407128,1,-0.015998870134353638,20,0.049956995932782286,61
2022-07-05,416.4351806640625,50084244.0,27.540000915527344,-0.01155863706321858,0.0078016042341040315,-0.0035574907572391012,23.974090977501135,-17.778328732899126,-12.620944604973296,-0.11735218197184238,-0.11646598496317973,-0.18075901086700663,-0.1837822837532539,0.018921258683446567,0.0,-0.02354249836652411,0,-0.015998870134353638,20,0.049956995932782286,61
2022-07-06,406.6312561035156,40549763.0,26.729999542236328,-0.0072262420090137836,0.00664754183732974,0.0030549056215776194,20.883544257938908,-19.53500845127661,-14.00375737423396,-0.10351763812019033,-0.11683162575233474,-0.16182664724283113,-0.15071449034428686,0.018823386135440844,0.051293779458849886,0.05051659376458084,1,-0.015998870134353638,20,0.049956995932782286,61
2022-07-07,427.1728820800781,48151202.0,26.079999923706055,0.0673638270074648,0.044817502171864865,0.0002451058252566085,34.40859207332501,-19.05005506496593,-15.013016912380355,-0.11303463996123697,-0.11931230909169988,-0.19509996876325375,-0.1579504853517939,0.018991581456134138,0.0,0.020764915359424707,1,-0.015998870134353638,20,0.049956995932782286,61
2022-07-08,436.0430908203125,37897895.0,24.639999389648438,0.010663366916912498,0.004654888522985123,-0.001208516784162117,39.383544624008564,-17.74541618684094,-15.559496767272472,-0.038865466374678914,-0.05767251671823992,-0.14975016289630638,-0.11199756696384533,0.02076556966823889,0.18110800403916363,-0.01070655209241711,0,-0.015998870134353638,20,0.049956995932782286,61
2022-07-11,431.37457275390625,21941710.0,26.170000076293945,-0.029444191243362727,-0.024572034455457747,0.0,35.06944712399434,-16.893453650167544,-15.826288143851487,0.029768473514214078,-0.04008222035261422,-0.11408150748242762,-0.09877778376282942,0.021040111440243394,0.25931339061311504,-0.02705648178791198,0,-0.015998870134353638,20,0.049956995932782286,61
2022-07-12,419.7030944824219,23036423.0,27.290000915527344,-0.00012656960400725392,0.0017543165268854022,0.0037375108318897787,34.589017712810374,-16.96450173967105,-16.0539308630154,0.0500001819914484,-0.07321963043607971,-0.09978747511250208,-0.0801788848814945,0.0206021728419493,0.2181527741267515,0.04671874467155157,1,-0.015998870134353638,20,0.049956995932782286,61
2022-07-13,439.31109619140625,44035695.0,26.81999969482422,0.02768648010166208,0.007501528879211294,6.0292840538211934e-05,45.25315427933821,-15.262667465606114,-15.895678183533542,0.00784735288970606,-0.09648262466712243,-0.11902213009268536,-0.11557413789444504,0.02084701953132763,0.1152496185368875,0.00956434114192195,1,-0.015998870134353638,20,0.049956995932782286,61
2022-07-14,443.5128173828125,31936258.0,26.399999618530273,0.029277829497011743,0.01922890569711644,-0.0033148844532467914,46.43964514944138,-13.420207953954673,-15.40058413761777,0.08036726050289489,-0.04175166381395767,-0.07061725219600534,-0.09027727265172525,0.021991374672821917,0.2881261988408257,0.03684208136115896,1,-0.015998870134353638,20,0.049956995932782286,61
2022-07-15,459.8527526855469,51846909.0,24.229999542236328,0.02342540262955839,0.025448091165464648,0.005129964154072741,48.20359521684169,-10.52027807932069,-14.424522925958355,0.038251340354679364,-0.0021007822023406675,-0.06496056988848131,-0.098905097088402,0.021813464863376337,0.32517123799073944,0.006091400876864883,1,-0.015998870134353638,20,0.049956995932782286,61
2022-07-18,462.6539001464844,39179575.0,25.299999237060547,-0.02394018513763374,-0.0052714044142291305,-0.00025736300774925613,49.408281734943635,-7.904910681178592,-13.120600477002403,0.05460391958153066,0.08599786842957968,-0.016966150876526198,-0.07959981270043048,0.022482951781857562,0.4692344719423152,-0.009081648625289152,0,-0.015998870134353638,20,0.049956995932782286,61
2022-07-19,458.4522399902344,19874865.0,24.5,0.030748850885572887,0.0461155413242873,-0.003042345806122171,50.0,-6.10092437679458,-11.71666525696084,0.07251082787028929,0.12613656445160304,-0.005020039730304404,-0.045609923231377025,0.02207010880325213,0.49393116470892434,0.008146679098633092,1,-0.015998870134353638,20,0.049956995932782286,61
2022-07-20,462.1871032714844,35436652.0,23.8799991607666,0.004759268767918767,0.024907807328573783,-0.0011401876953881507,56.0897691074462,-4.320080778253839,-10.23734836121944,0.09232513654824959,0.10089699736503999,-0.02772258862298138,-0.0685523383035962,0.021954176480728844,0.4568866636836623,0.012121138489292749,1,-0.015998870134353638,20,0.049956995932782286,61
2022-07-21,467.7893371582031,22285593.0,23.110000610351562,0.014209614266581294,0.015263038208837676,0.00317934136341691,67.02510682096087,-2.4286994063454586,-8.675618570244643,0.05207245452801201,0.13662463554898485,0.0010113257111237228,-0.05740718415701629,0.022000478315831323,0.48981558737247455,0.003991905024626874,1,-0.015998870134353638,20,0.049956995932782286,61
2022-07-22,469.6567077636719,25216400.0,23.030000686645508,-0.016744442915496482,-0.025507367634437172,-1.3340914888027022e-05,74.60939853963008,-0.7702063811223638,-7.094536132420187,0.05473690685795152,0.09508200726681659,0.03192587189487739,-0.031304705678119604,0.02198026342947275,0.5392084347810411,-0.006958220333052378,0,-0.015998870134353638,20,0.049956995932782286,61
2022-07-25,466.38873291015625,15245346.0,23.360000610351562,-0.0002318076109539824,-0.006114488532585449,-0.002653919986508213,71.31475898594084,0.27726687119212556,-5.6201755316977255,0.02131977034141852,0.07708783294816857,0.03391576108882033,-0.03486195507401846,0.021953933572043133,0.5556723585007954,-0.009008857509174129,0,-0.015998870134353638,20,0.049956995932782286,61
2022-07-26,462.1871032714844,18024265.0,24.690000534057617,-0.0217842577035654,-0.016307815450316232,0.0009059601811458595,74.89543788633007,0.7596043270864925,-4.344219559940882,0.008072627859593062,0.08116880865907028,0.00200602805003669,-0.022931214157390967,0.021784141328199655,0.5268598193354107,0.014141350247049322,1,-0.015998870134353638,20,0.049956995932782286,61
2022-07-27,468.7230529785156,17166365.0,23.239999771118164,0.038024131579862175,0.04751419269025936,0.0030944219450737,71.29190538654636,1.6502338850906995,-3.145328870934566,0.008146679098633092,0.10122395890707891,-0.005025018994595398,-0.06096413310658333,0.021244518072936154,0.48981558737247455,-0.0019920415997872754,0,-0.015998870134353638,20,0.049956995932782286,61
2022-07-28,467.7893371582031,33844011.0,22.329999923706055,0.011183496591566255,0.011508072827207227,-0.002038713434828976,67.70838475704234,2.254730038771754,-2.065317088993302,0.014141350247049322,0.06695017959276561,0.022403234388166604,-0.07728173679978945,0.020731833921921166,0.5474406657032441,0.015967881049972155,1,-0.015998870134353638,20,0.049956995932782286,61
2022-07-29,475.2589416503906,29045617.0,21.329999923706055,-0.0014670774068615833,0.007688875047758614,0.0018654255451322488,73.73737407085211,3.298509092584993,-0.9925518526776429,0.0,0.05473690685795152,0.052521134335872244,-0.10049718609780212,0.020337236412030838,0.5925791439893976,-0.009823104117082537,0,-0.015998870134353638,20,0.049956995932782286,61
2022-08-01,470.5904235839844,24117969.0,22.84000015258789,-0.024525578158809513,0.0037679975282647327,0.002908236353866167,79.78154764116032,3.706277461727268,-0.052785989796660736,0.011928359148524637,0.033502439367539605,0.12238144616991908,-0.06782336339193318,0.020339632072480008,0.6962790674632663,-0.023809448151713153,0,-0.015998870134353638,20,0.049956995932782286,61
2022-08-02,459.38592529296875,39838155.0,23.93000030517578,-0.0030122513438979315,-0.0011986852579419782,0.005532912952061597,63.030387307231834,3.0897111925499416,0.5757134466726598,0.009008988376735694,0.01715434244688563,0.14545469672016487,-0.06159656125193913,0.020247106895624936,0.648913468874159,0.018292706420805604,1,-0.015998870134353638,20,0.049956995932782286,61
2022-08-03,467.7893371582031,27603474.0,21.950000762939453,0.005345759568110564,0.026459353201949698,-0.006685899478526491,64.94261272426796,3.2417937094519402,1.108929499228516,-0.006060701301892957,0.002036603208120935,0.10313908772168445,-0.08393942927220044,0.020540629695834207,0.5352354749378275,-0.0019960829880456554,0,-0.015998870134353638,20,0.049956995932782286,61
2022-08-04,466.8555908203125,26027618.0,21.440000534057617,0.02207831983592423,0.009153534524583673,-0.0008108983206702725,55.31917754173975,3.2495162731251526,1.5370468540078432,-0.0019920415997872754,0.012121138489292749,0.15040182016681602,-0.06718220218820126,0.02077407948730792,0.6204943574195722,0.031999962870779,1,-0.015998870134353638,20,0.049956995932782286,61
2022-08-05,481.7949523925781,32784279.0,21.149999618530273,0.015268056119986273,-0.00909324638086495,0.00032398554970947124,62.27548613519486,4.410279133356141,2.111693309877503,-0.0019960829880456554,-0.0019960829880456554,0.09289613270159647,-0.06034376061287661,0.020737640017593085,0.6110208042287152,-0.007751976774980296,0,-0.015998870134353638,20,0.049956995932782286,61
2022-08-08,478.0600891113281,19333128.0,21.290000915527344,-0.020385582525595858,-0.016064048946623388,-0.00022371069755522388,62.65059386968654,4.971511321832224,2.6836569122684475,0.013752525558994089,0.0258449297715857,0.10492509234854341,-0.04631833778224903,0.021187978230532076,0.7847748271908856,-0.0039062058631964547,0,-0.015998870134353638,20,0.049956995932782286,61
2022-08-09,476.19268798828125,21164373.0,21.770000457763672,-0.031043543623141323,-0.045747212874083454,0.0018600869157348043,59.259244314442476,5.205601279377163,3.188045785690191,0.01587296543447536,0.02502495317231479,0.10822500746713093,-0.04846367842121879,0.02120264296081633,0.8348197646320302,-0.019607812978847172,0,-0.015998870134353638,20,0.049956995932782286,61
2022-08-10,466.8555908203125,20861380.0,19.739999771118164,0.040605317580499456,0.04248842399212038,0.0009099748000620522,49.41174027747817,4.584842340642751,3.4674050966807033,0.03658527997912464,0.030302846223231983,0.1345941791911789,-0.032508673634012664,0.02098704491634962,0.9254658208564965,0.027999942998801597,1,-0.015998870134353638,20,0.049956995932782286,61
2022-08-11,479.9275207519531,23740033.0,20.200000762939453,0.009586150590891407,-0.0033492744014829157,-0.003916327686917409,55.6701152508198,5.0890188664872085,3.7917278506420042,-0.0019960829880456554,-0.003984148307484059,0.06269929184057133,-0.025744036123435454,0.020808124403026908,0.8012423242889462,0.005836668783083532,1,-0.015998870134353638,20,0.049956995932782286,61
2022-08-12,482.72869873046875,19535923.0,19.530000686645508,0.01496868482231184,0.02992585294926431,0.0013005635116274394,59.06739120715653,5.649490241244223,4.163280328762448,0.027999942998801597,0.025947969800869997,0.08210518826496438,0.007391964701518816,0.021243549609807746,0.9751551382805432,0.011605346650100046,1,-0.015998870134353638,20,0.049956995932782286,61
2022-08-15,488.3309326171875,21273166.0,19.950000762939453,0.007814145914324389,0.003093378390820911,-0.000210354578339067,64.28569761008168,6.471126184040031,4.624849499817965,0.0019380575351686247,0.01571723627995003,0.04974624140298389,0.02123467483393382,0.021219470971930467,1.0,0.003824110896716304,1,-0.015998870134353638,20,0.049956995932782286,61
2022-08-16,490.1983642578125,20720414.0,19.690000534057617,-0.017691493530629376,-0.01029794813762186,0.0013258375377005471,62.365586107304786,7.190081926120342,5.1378959850784405,0.021484419510844344,0.03769840639359523,0.05549944021345832,0.02952757855943866,0.021282269300473045,1.0,0.003809418271511378,1,-0.015998870134353638,20,0.049956995932782286,61
2022-08-17,492.06573486328125,27143102.0,19.899999618530273,-0.008337836321379521,-0.024796029095448202,-0.0012974273469312791,63.82976651971504,7.820392120766314,5.674395212216016,0.029411783554887272,0.06707310187005278,0.06924630637262097,0.047904099814978895,0.021158837080371213,1.0,-0.013282675959640278,0,-0.015998870134353638,20,0.049956995932782286,61
2022-08-18,485.52978515625,17831084.0,19.559999465942383,0.0007848586540915026,0.02280041480856032,-0.00027052376956115953,55.91400041259446,7.703717315204187,6.08025963281365,0.053999876061614716,0.05189600483960577,0.06464618199060057,0.05823282840441113,0.021130148618176966,1.0,-0.001923212301317978,0,-0.015998870134353638,20,0.049956995932782286,61
2022-08-19,484.59600830078125,14022812.0,20.600000381469727,-0.023187985122721577,-0.027815815696432544,0.0012693909777732326,58.426920903156,7.45002445838503,6.354212597927926,0.011673146802498868,0.03999993724638706,0.037924011064081053,0.029702990802737528,0.021157066754363924,0.9234975176075015,-0.013487356638308023,0,-0.015998870134353638,20,0.049956995932782286,61
2022-08-22,478.0600891113281,11494000.0,23.799999237060547,-0.022477100131637395,-0.037235796566073565,0.0042804096583544116,61.90473411207335,6.644977818033169,6.412365641948975,0.0038682381536945254,0.005813792556964792,0.0318089793888916,0.04954484724890462,0.020883456577068204,0.9125677750840592,-0.015624951125347453,0,-0.015998870134353638,20,0.049956995932782286,61
2022-08-23,470.5904235839844,19191108.0,24.110000610351562,0.009267560712581169,0.0073644796643508315,0.0009866863868770448,51.80720092366385,5.342646273490402,6.198421768257261,-0.021032547438298188,0.0,0.02502495317231479,0.05458276854119881,0.020788216900270075,0.8360656498960356,-0.001984136891697408,0,-0.015998870134353638,20,0.049956995932782286,61
2022-08-24,469.6567077636719,14363212.0,22.81999969482422,-0.005463204231009988,0.0006528179591678285,0.0012710719903399337,51.80722132460914,4.186931735564542,5.796123761718718,-0.04000001245111384,-0.01176470060463164,0.018181641705316,0.03597126990417587,0.02095454694574487,0.7486341393890447,0.00994034260942267,1,-0.015998870134353638,20,0.049956995932782286,61
2022-08-25,474.32525634765625,9357138.0,21.780000686645508,0.023492613819798835,0.036595796223690025,0.0011600877468875836,44.444429312854844,3.606162890777341,5.358131587530443,-0.04554071846891683,0.005999964439619365,0.001991911383968148,0.009027060660121933,0.02062302287845035,0.737705111274552,0.007873990924351038,1,-0.015998870134353638,20,0.049956995932782286,61
2022-08-26,478.0600891113281,12914846.0,25.559999465942383,-0.032317196183997754,-0.05810368755404394,-0.0005628272937328038,50.0,3.4079840688492027,4.968102083794196,-0.02307691340704876,-0.011673146802498868,0.013971928537658718,0.021105434540173107,0.020671064238670576,0.7923498946425401,-0.02636712896262916,0,-0.015998870134353638,20,0.049956995932782286,61
2022-08-29,465.45501708984375,26590824.0,26.209999084472656,-0.0223034494939236,-0.01927500412216976,0.0030807079910377677,43.113763079567924,2.2083455249540975,4.416150772026176,-0.013487356638308023,-0.009671290792154341,0.005893939525283276,0.04276966586860054,0.020583167313602636,0.8360656498960356,-0.0050151356901343425,0,-0.015998870134353638,20,0.049956995932782286,61
2022-08-30,463.1206970214844,24214535.0,26.209999084472656,-0.0007241577458261261,-0.013069818614501738,0.0028730851951361824,47.36838257397708,1.0570778794126454,3.7443361935034702,-0.02636712896262916,-0.046845108510209066,-0.010912688054783848,0.04726893850520564,0.02043536596724354,0.6885248419638101,0.01814518746253424,1,-0.015998870134353638,20,0.049956995932782286,61
2022-08-31,471.52410888671875,39357089.0,25.8700008392334,0.006764323839861586,-0.01153350276189713,0.0022622757618622202,43.66195691853301,0.8133987289426159,3.1581487005912994,-0.015873095133579374,-0.055238183581712286,0.008129921973847543,0.09371551405037581,0.018973616796995024,0.6612019144731037,-0.028712757352289175,0,-0.015998870134353638,20,0.049956995932782286,61
2022-09-01,457.9853515625,39168672.0,25.559999465942383,-0.02051604595561607,-0.019212719652391463,-0.003416930506516702,33.93935864401193,-0.46680231485555623,2.4331584975019283,0.003976098056682087,-0.0417456947744389,0.007983875287119968,0.14772736135947162,0.018430520441214838,0.7595628102990623,-0.01121310320122304,0,-0.015998870134353638,20,0.049956995932782286,61
2022-09-02,452.84991455078125,29982959.0,25.469999313354492,-0.009064179479334022,-0.010163918544730532,0.00710453974581382,26.82924009987022,-1.8741536371153416,1.5716960705784744,-0.034448734421133054,-0.0567306773669628,-0.01899996365519918,0.09977584226236624,0.01900900652264906,0.6010933314568192,0.002061933342345723,1,-0.015998870134353638,20,0.049956995932782286,61
2022-09-05,453.7836608886719,15903415.0,25.469999313354492,0.0,0.0,0.00212124646175349,25.92592144249535,-2.880934553389011,0.6811699457849774,-0.05273432176153914,-0.06551043179517002,-0.06007750329897965,0.11366233597030662,0.01869047510405246,0.45806537591636903,0.006172735308044519,1,-0.015998870134353638,20,0.049956995932782286,61
2022-09-06,456.5847473144531,16700285.0,26.90999984741211,-0.01075418497522862,-0.010691519493275292,0.0023846062832659776,26.82926926484849,-3.4134433677475045,-0.137752716921519,-0.02507515393032922,-0.05078112307551963,-0.05078112307551963,0.06229510328234111,0.017096708975661887,0.4709690833125631,-0.03374229991921196,0,-0.015998870134353638,20,0.049956995932782286,61
2022-09-07,441.17852783203125,34678562.0,24.639999389648438,-0.0009996001396826992,0.0155669829914169,0.0036726685016230665,24.043710381572836,-5.020737658304199,-1.114349705198055,-0.014112843043004974,-0.029761923676357438,-0.0411764841595188,0.04710923513429899,0.01684376388340475,0.5096780968454934,0.005291031642568944,1,-0.015998870134353638,20,0.049956995932782286,61
2022-09-08,443.5128173828125,27931552.0,23.610000610351562,0.0036274931346262917,0.017874758430260318,0.0015941896240934117,26.344112096323556,-6.036586296047801,-2.098797023368004,-0.06435637220403057,-0.0606361613938039,-0.055000011766302426,0.022727243786151652,0.017600131682394656,0.29677514856533393,0.0,0,-0.015998870134353638,20,0.049956995932782286,61
2022-09-09,443.5128173828125,27931552.0,22.790000915527344,0.01607672986084152,0.02392241666326078,0.0003533638600961009,28.48838247807784,-6.763686097174059,-3.0317748381292153,-0.03160043029828752,-0.06496056988848131,-0.07587542242229794,0.056729919825234454,0.017055870316760334,0.07964647843652671,0.024210439834011277,1,-0.015998870134353638,20,0.049956995932782286,61
2022-09-12,454.2504577636719,21597212.0,23.8700008392334,0.007604445522854109,0.0034242674041138343,-0.00028191133038779626,40.223443081649144,-6.399708234658249,-3.7053615174350223,-0.020618524742863187,-0.07226554258636397,-0.08123793230191279,0.00956434114192195,0.01548283443052385,0.04587183472945872,0.013360672935265328,1,-0.015998870134353638,20,0.049956995932782286,61
2022-09-13,460.3195495605469,16507036.0,27.270000457763672,-0.04065717700492377,-0.06181417050572813,0.0010696608845459643,44.736809511587765,-5.557465170718103,-4.075782248091639,0.001028677132371536,-0.024072271035396553,-0.0697897113968654,0.024210439834011277,0.015856014265139273,0.2568804753543088,-0.026369037781119542,0,-0.015998870134353638,20,0.049956995932782286,61
2022-09-14,448.1813659667969,22645714.0,26.15999984741211,0.010785482271749247,0.011411752083694937,0.007632050374805743,36.407755745363836,-5.8025433398308905,-4.42113446643949,0.008179866427998617,-0.0060484177860173904,-0.060952497755686785,0.001015100751868614,0.014937671615496525,0.37614604623046144,-0.0015715640064722924,0,-0.015998870134353638,20,0.049956995932782286,61
2022-09-15,447.4770202636719,23104850.0,26.270000457763672,-0.015553192498478974,-0.01619517985459018,-0.0015971034548785124,33.582487130020866,-5.9846174219795785,-4.733831057547508,0.015873025754852277,-0.0495048768026618,-0.08918395610025054,-0.03128155663467924,0.015452744433502147,0.13761490447815616,-0.00944402164724678,0,-0.015998870134353638,20,0.049956995932782286,61
2022-09-16,443.25103759765625,39087513.0,26.299999237060547,-0.001154406942817987,0.00533423806147626,0.004924518868563821,36.902240793692734,-6.3961827141488925,-5.066301388867785,0.008938192371197529,-0.022944688652108747,-0.0783736982898634,-0.023939723201693353,0.015396022142576666,0.12377359260005566,-0.010593103353311095,0,-0.015998870134353638,20,0.049956995932782286,61
2022-09-19,438.5556335449219,17182380.0,25.760000228881836,0.004365443153651727,0.0057741869146432645,0.0012491050330740716,35.902175443611014,-7.020305329438088,-5.457102176981846,-0.0005902417582901442,-0.021196596586855687,-0.08531843018703289,-0.04097056265697063,0.015395421780637854,0.040727520462112705,0.020342656749468446,1,-0.015998870134353638,20,0.049956995932782286,61
2022-09-20,447.4770202636719,19842582.0,27.15999984741211,-0.0010229289218982585,-0.014911108202653178,0.001951339515686934,36.28100321779877,-6.717609231893334,-5.709203587964144,-0.034551036659417944,-0.03355790138835768,-0.082634916543319,-0.06249330904136152,0.015326389611735521,0.0,-0.011542579459067115,0,-0.015998870134353638,20,0.049956995932782286,61
2022-09-21,442.3119812011719,24154633.0,27.989999771118164,-0.012923807430131884,-0.00966333493305771,0.000542755829479491,40.11366536936818,-6.815926126473414,-5.930548095665998,-0.027899161156929697,-0.019947506140647997,-0.049115753661713724,-0.04722531826621046,0.015671008305746963,0.1667234129435121,-0.013800429828754956,0,-0.015998870134353638,20,0.049956995932782286,61
2022-09-22,436.2078857421875,29702508.0,27.350000381469727,-0.019574835877409824,-0.028115740224803232,0.0035419145010713304,39.62939156165968,-7.302217050562263,-6.204881886645251,-0.013096003563119685,0.0025691489898895803,-0.058222795736710076,-0.051623785074633166,0.015729155969674346,0.07019885150098179,-0.02045207455613185,0,-0.015998870134353638,20,0.049956995932782286,61
2022-09-23,427.2865295410156,29757787.0,29.920000076293945,-0.023271169075985143,-0.014462554017080853,0.002807592860585073,34.983057343524294,-8.311673203140629,-6.626240149944326,-0.025183716729954342,-0.016470621263510954,-0.08036125020829732,-0.056209308622869436,0.015804814316891232,0.0,-0.018681160533020935,0,-0.015998870134353638,20,0.049956995932782286,61
2022-09-26,419.3043212890625,32342267.0,32.2599983215332,-0.01164187412007378,-0.014707930207541353,0.00801250572114487,30.04371871429538,-9.644595084055652,-7.229911136766592,-0.036016854338718485,-0.03658583744557564,-0.1062074846379586,-0.08840299868801049,0.015884114362675898,0.0,0.0033593735671151315,1,-0.015998870134353638,20,0.049956995932782286,61
2022-09-27,420.7129211425781,24961404.0,32.599998474121094,0.0002736298658054803,0.01035196091067303,0.0010065612168248528,37.11357559811978,-10.466630243648126,-7.8772549581429,-0.043897081198678634,-0.07693142819635956,-0.09915178504107325,-0.1036471163786774,0.016089334182585756,0.0,-0.02232132332689274,0,-0.015998870134353638,20,0.049956995932782286,61
2022-09-28,411.3220520019531,34402652.0,30.18000030517578,-0.01232355398080498,0.012184938627858966,-0.004650746861577515,31.3849175101888,-11.740526209035181,-8.649909208321358,-0.0598111141111185,-0.08604159535648659,-0.0915695976268125,-0.11477116099782414,0.015852705234912064,0.01935916008666891,-0.0068493562308501454,0,-0.015998870134353638,20,0.049956995932782286,61
2022-09-29,408.5047607421875,41094780.0,31.84000015258789,-0.039512124569989426,-0.032917735233262135,-0.00012627340739845838,30.394561617951467,-12.829538861225274,-9.485835138902141,-0.0700635083749267,-0.08224195998272366,-0.12767545868843122,-0.12594470395433766,0.01610354287389096,0.0,-0.029884989291704578,0,-0.015998870134353638,20,0.049956995932782286,61
2022-09-30,396.2966003417969,48266800.0,31.6200008392334,-0.010392554068464954,-0.0173216525753509,-0.0012787324089980068,18.070208712062367,-14.510418676377185,-10.490751846397151,-0.06350899629626006,-0.08709332045368567,-0.1080396799843063,-0.11075908457215422,0.015780278999696543,0.0,-0.011848668785332195,0,-0.015998870134353638,20,0.049956995932782286,61
2022-10-03,391.60101318359375,36044395.0,30.100000381469727,0.01006413762278413,0.037551532067919835,0.005453555861455461,11.557573098466747,-16.036563163246,-11.599914109766921,-0.07252727866826891,-0.10593192857560874,-0.12488312880677965,-0.15283105265015462,0.01596927229547617,0.0,0.02877723799799603,1,-0.015998870134353638,20,0.049956995932782286,61
2022-10-04,402.8702087402344,40375000.0,29.06999969482422,0.051407957234078205,0.044620040785311677,-0.0006068155133903685,24.40323003296234,-16.15054038732012,-12.510039365277562,-0.06606969377348837,-0.10706650825982034,-0.13703148232199924,-0.16119455162674357,0.016014182437871737,0.0,0.03729593505948792,1,-0.015998870134353638,20,0.049956995932782286,61
2022-10-05,417.8956298828125,46496536.0,28.549999237060547,0.022936327864488737,0.009399586014327,-0.004898758765475852,35.6164452673693,-14.857177945949445,-12.97946708141194,-0.042410659396641015,-0.0996851447190592,-0.11764418082329231,-0.16381396953290195,0.015844048983084825,0.11217067412549346,0.013483156077830127,1,-0.015998870134353638,20,0.049956995932782286,61
2022-10-06,423.5301818847656,30331834.0,30.520000457763672,-0.0017453310446159387,-0.0058527343379278784,-0.0033040285834535776,40.54057298206609,-13.225067292914105,-13.028587123712374,0.01598158389239046,-0.05520165031942548,-0.0527743225936943,-0.12585124882597098,0.017070056570744466,0.2617298516294515,-0.02882469869912152,0,-0.015998870134353638,20,0.049956995932782286,61
2022-10-07,411.3220520019531,31941781.0,31.360000610351562,-0.06186958089782546,-0.060621674782986634,0.0004916685892324413,37.81515863683359,-12.769503013604606,-12.97677030169082,0.036781508042352584,-0.029063444911940017,-0.0450553731816935,-0.11059074914819278,0.017258757447932083,0.317814733046013,0.0,0,-0.015998870134353638,20,0.049956995932782286,61
2022-10-10,411.3220520019531,31941781.0,32.45000076293945,-0.033117972015087926,-0.03454329568659176,0.005453593564254122,32.420115445682654,-12.26705803108456,-12.834827847569569,0.03791466201627047,-0.03736246390966569,-0.07258136432407614,-0.11895228398310775,0.017536123557874685,0.1962981481323974,-0.08333352500085134,0,-0.015998870134353638,20,0.049956995932782286,61
2022-10-11,377.0451354980469,95793819.0,33.630001068115234,-0.059163888120654096,-0.02498531887993649,0.0025795610253211976,25.266914121191036,-14.467949939323944,-13.161452265920445,0.0503600301184961,-0.019036935423344947,-0.0945038249891047,-0.14294964506829821,0.016853228410315148,0.1962981481323974,-0.009962594136874836,0,-0.015998870134353638,20,0.049956995932782286,61
2022-10-12,373.2887878417969,53570085.0,33.56999969482422,0.010401929551546951,-0.00896550927237838,0.0010222224035347782,25.724651759060336,-16.32707019397793,-13.794575851531944,-0.06410271268988066,-0.10379473377223036,-0.18090566464535252,-0.21892952192475768,0.020799460938430877,0.0,-0.006289278868325532,0,-0.015998870134353638,20,0.049956995932782286,61
2022-10-13,370.9410705566406,38046284.0,31.940000534057617,0.03915154107952534,0.029400477443366047,-0.0016056337842464963,27.099251032955337,-17.78486470462832,-14.592633622151219,-0.1067415853415945,-0.09246590105014751,-0.1671032840989385,-0.2355823419967018,0.020628585602044995,0.0,0.04303801967207388,1,-0.015998870134353638,20,0.049956995932782286,61
2022-10-14,386.9056396484375,54504366.0,32.02000045776367,-0.04052859683052712,-0.04459090609500449,0.002341520702051625,37.6344078506904,-17.450808001038695,-15.164268497928715,-0.12416850929984835,-0.09195410628091505,-0.1710388382892447,-0.2432837446973819,0.02056809065008347,0.0,-0.03640775244034522,0,-0.015998870134353638,20,0.049956995932782286,61
2022-10-17,372.81927490234375,41512192.0,31.3700008392334,0.015175279571425726,0.022818011298131102,0.003560580503860322,33.33335457313001,-18.11391166884306,-15.754197132111585,-0.05936081528981496,-0.023696798522268137,-0.1271184795293453,-0.21371147747985764,0.021891369311237703,0.13932060541545946,0.025188879144360188,1,-0.015998870134353638,20,0.049956995932782286,61
2022-10-18,382.2101745605469,40093216.0,30.5,-0.01818461474620492,0.004205008544579947,0.0008134965474435596,39.86927757519735,-17.677879394031493,-16.138933584495568,-0.09360737386243168,-0.04796141391096087,-0.14989286105213073,-0.23213922955856248,0.022378047145064514,0.01652549711418019,-0.028255554837837593,0,-0.015998870134353638,20,0.049956995932782286,61
2022-10-19,371.4106140136719,46385177.0,30.760000228881836,-0.0007847544413950303,0.007555304729488288,0.000906509330880656,37.77089876727139,-17.996304756319773,-16.51040781886041,0.013698728815788597,-0.051282109551587185,-0.14585518975849776,-0.21128080295016605,0.022884457804609667,0.10520171073218927,0.005056866328693177,1,-0.015998870134353638,20,0.049956995932782286,61
2022-10-20,373.2887878417969,52938069.0,29.979999542236328,-0.0012567325296163334,0.006917685046656574,0.004216576925899718,41.86044954951337,-17.890871389985023,-16.786500533085334,-0.0050314230946604255,-0.11123594635860656,-0.16029718886419386,-0.22308801242100817,0.02312433480786982,0.004383380872664866,-0.020125610625374102,0,-0.015998870134353638,20,0.049956995932782286,61
2022-10-21,365.776123046875,35923505.0,29.690000534057617,0.002673798147608819,0.03704475008584174,-0.0018038895389356213,41.04238699750441,-18.20368322176796,-17.06993707082186,0.006329084244117933,-0.11862529801155575,-0.1442410831095745,-0.20676501447085327,0.023128634336890122,0.021916904363324326,-0.006418537610322628,0,-0.015998870134353638,20,0.049956995932782286,61
2022-10-24,363.4283752441406,46714078.0,29.850000381469727,-0.03858818414343923,0.006359469075701174,0.00267958280093894,35.41665820392103,-18.42859906031441,-17.341669468720372,-0.054611549784494895,-0.11073057895486205,-0.1439558756046303,-0.22118407551642782,0.023235596541833953,0.0,-0.041343639307367175,0,-0.015998870134353638,20,0.049956995932782286,61
2022-10-25,348.4029235839844,76416687.0,28.459999084472656,-0.00244741722899644,0.02259781483477541,0.004080113857687806,24.30556417501677,-19.593414176677356,-17.79201841031177,-0.025188879144360188,-0.1164383881795501,-0.13325869352632258,-0.23379923295131022,0.023104333037949763,0.0,0.01347684883598399,1,-0.015998870134353638,20,0.049956995932782286,61
2022-10-26,353.0982971191406,58850484.0,27.280000686645508,-0.004906711689580345,-0.011793563399972173,-0.0026089072376338507,23.776182775612824,-19.90817212912384,-18.215249154074183,-0.08845199114710378,-0.07596494217125593,-0.1718749149947979,-0.27121520595531223,0.023622889765074775,0.0,0.02526610099543447,1,-0.015998870134353638,20,0.049956995932782286,61
2022-10-27,362.01971435546875,45684455.0,27.389999389648438,0.0018079282759928539,-0.015035781770242118,-0.008195023386873834,31.182774157042417,-19.21622359860845,-18.415444042981036,-0.04930477537148992,-0.0540881252806692,-0.1415527190906264,-0.24139114596548783,0.023635588206615037,0.03813619503102665,-0.015564128860790283,0,-0.015998870134353638,20,0.049956995932782286,61
2022-10-28,356.38519287109375,40184472.0,25.75,0.01739137566018245,0.03975895521251571,0.0025060024412564275,29.896892019712567,-18.90458787574903,-18.513272809534637,-0.03018862032122982,-0.024050602398338672,-0.11379315703019688,-0.21830374525741725,0.02413174227712264,0.11059665108001492,0.027667937143508015,1,-0.015998870134353638,20,0.049956995932782286,61
2022-10-31,366.2456359863281,38409054.0,25.8799991607666,-0.007418085231208127,-0.020220557807868578,0.002215745939227798,45.18830022087061,-17.658403879977186,-18.34229902362315,-0.02567398357649986,-0.07888343732874048,-0.10071095092988547,-0.24418457899739443,0.02388344015616844,0.07132335537689473,0.0038462189040922024,1,-0.015998870134353638,20,0.049956995932782286,61
2022-11-01,367.654296875,41426496.0,25.809999465942383,0.000487389532625393,0.007674746462651205,0.004163334716003719,47.43592058187886,-16.36844171690035,-17.94752756227859,0.007751900880867968,-0.017632239957919404,-0.06474798671008108,-0.20031146250242549,0.02417914374447085,0.15942861256450278,0.00893984841079698,1,-0.015998870134353638,20,0.049956995932782286,61
2022-11-02,370.9410705566406,22535650.0,25.860000610351562,-0.017213449404096193,-0.030914589240193524,-0.003835907343443412,50.0,-14.90905987986423,-17.33983402579572,0.05525606126658977,-0.0380834385224903,-0.08741254900766604,-0.1881321270873899,0.024196699012896457,0.17201531160390088,-0.02784805294480941,0,-0.015998870134353638,20,0.049956995932782286,61
2022-11-03,360.611083984375,39731333.0,25.299999237060547,-0.003965609537125103,-0.015297544522817619,0.003844503233182639,37.49997823862881,-14.419810248294596,-16.755829270295497,0.05053202913487742,-0.0012642165821733498,-0.11235953661285958,-0.18255965886871206,0.024266477111761536,0.2013833670912861,-0.005208308650341942,0,-0.015998870134353638,20,0.049956995932782286,61
2022-11-04,358.73291015625,28397417.0,24.549999237060547,0.03649641772462475,0.04596458036478457,-0.0030234853325058486,42.42422949308635,-14.021992520410436,-16.209061920318486,-0.0038910322151975985,-0.03396218764222514,-0.14855871102359763,-0.21019901320527556,0.02446861852916726,0.10908263445099971,0.0209423936789237,1,-0.015998870134353638,20,0.049956995932782286,61
2022-11-07,366.2456359863281,35387706.0,24.350000381469727,0.004481344676954713,0.021841069770505372,-0.004696764211378102,41.23710338598515,-12.951211413595729,-15.557491818973936,0.006587583693482557,-0.019255529398572557,-0.12785393243504828,-0.18687586198023343,0.024052419458558558,0.09230073264028638,0.0230768967973618,1,-0.015998870134353638,20,0.049956995932782286,61
2022-11-08,374.69744873046875,31838223.0,25.540000915527344,0.03601003309595985,0.021533233576482402,-0.00465640067779749,51.85186458828024,-11.290469513697246,-14.704087357918599,0.0,0.007751900880867968,-0.10958910614257789,-0.17421634362776983,0.02432948213823969,0.15942861256450278,0.04511256884827164,1,-0.015998870134353638,20,0.049956995932782286,61
2022-11-09,391.60101318359375,52260831.0,26.09000015258789,-0.00030731704716235875,-0.03138537247101947,-0.0018901016272467874,58.82352595187561,-8.512219641291665,-13.465713814593213,0.01915699589351827,0.0754715972988842,-0.006226540396753855,-0.15515981941271972,0.024685877702135938,0.23494744339407583,-0.02278167160770639,0,-0.015998870134353638,20,0.049956995932782286,61
2022-11-10,382.6796875,32044942.0,23.530000686645508,0.08984583842507554,0.10214363320087672,0.0038440005829478707,58.035695633099586,-6.95019549788401,-12.162610151251373,0.055696023618928114,0.10904248584201404,0.049056456926206415,-0.13791828606735734,0.02546091038897249,0.3859845596904957,0.08343567538737928,1,-0.015998870134353638,20,0.049956995932782286,61
2022-11-11,414.60882568359375,80016195.0,22.520000457763672,0.04220812365004445,0.030832517247427527,-0.015981455828401714,68.98957039445898,-3.100129142985793,-10.350113949598258,0.06119779589631591,0.057068641085786576,0.03164550349128015,-0.16866514171441838,0.025498029508051162,0.34352875328027793,0.007927482474111791,1,-0.015998870134353638,20,0.049956995932782286,61
2022-11-14,417.8956298828125,61933190.0,23.729999542236328,-0.013951258716670245,-0.009746217455226747,-0.00972552207609323,78.24430936833548,0.21382892466965586,-8.237325374744676,0.15575910083913524,0.16337276064541717,0.07160191839108054,-0.07490838047401172,0.028596684943226057,0.6682463360090684,0.07865175595847518,1,-0.015998870134353638,20,0.049956995932782286,61
2022-11-15,450.76385498046875,113379796.0,24.540000915527344,0.10521996842074266,0.030263395874725596,-0.0066759595166066,82.29818434894378,5.429764695726533,-5.503907360650435,0.14102555449537824,0.14102555449537824,0.12090671812039777,-0.06610706034340896,0.028633268236888807,0.701421548394251,0.014583196519038166,1,-0.015998870134353638,20,0.049956995932782286,61
2022-11-16,457.3374328613281,85726375.0,24.110000610351562,-0.012552965337463196,-0.042620653340061265,0.0061510743123134315,82.01896224138507,9.978834379264413,-2.4073590126674653,0.20300753716825248,0.22605354761765617,0.17936121271167815,0.016949350922065953,0.031134168398998015,1.0,-0.004106690543121072,0,-0.015998870134353638,20,0.049956995932782286,61
2022-11-17,455.45928955078125,45144984.0,23.93000030517578,0.02555091756003547,0.010509818040014052,-0.0014157670755384766,84.14244151805696,13.279378005362844,0.7299883909385967,0.16786580592148592,0.23291128743182732,0.2313526205379075,0.04282649196543131,0.031150437885619397,1.0,0.004123624994891051,1,-0.015998870134353638,20,0.049956995932782286,61
2022-11-18,457.3374328613281,35859717.0,23.1200008392334,0.009695415841795674,0.0018130747172104833,-0.0003222242284840471,83.21922290352134,15.863765463627601,3.7567438054763977,0.19018412638058102,0.2630207716258548,0.22012582318386964,0.01783838929294257,0.03101730961996104,0.9827589684572298,-0.010266893179802783,0,-0.015998870134353638,20,0.049956995932782286,61
2022-11-21,452.6419982910156,29710180.0,22.360000610351562,-0.02844280335769489,-0.017694353826310905,0.0027816244093905595,80.26760571034198,17.333222219181835,6.472039488217486,0.10305764019201669,0.2748689064020635,0.2503206306955126,0.03397025696512257,0.03095832557802505,1.0,0.018672381990150644,1,-0.015998870134353638,20,0.049956995932782286,61
2022-11-22,461.0939025878906,37343127.0,21.290000915527344,0.032653606300025784,0.030267239648911426,0.0006332427232416116,80.9678057796798,18.961202387880405,8.969872068150071,0.08314604394869307,0.23589731539603287,0.24547786888391387,0.037674955189923365,0.03092117695930268,0.9568967207778201,0.002036650037642751,1,-0.015998870134353638,20,0.049956995932782286,61
2022-11-23,462.0329895019531,33475337.0,20.350000381469727,-0.006905863112261268,0.01073695518084361,-0.0007645079131286536,87.24144461340376,20.09551626376168,11.195000907272394,0.022916761167262267,0.23057657357995365,0.32345015318662074,0.07912108318319877,0.030837731674407565,1.0,0.008129909998727314,1,-0.015998870134353638,20,0.049956995932782286,61
2022-11-24,465.7892761230469,27396552.0,20.350000381469727,0.0,0.0,-0.000884044595383715,88.77556456873963,21.054861780009333,13.166973081819783,0.010267160095003058,0.17985647112036163,0.3085109536681121,0.10190371537677057,0.030659507193663088,1.0,0.004032304825341226,1,-0.015998870134353638,20,0.049956995932782286,61
2022-11-25,467.66748046875,39949969.0,20.5,-0.006953688988020401,-0.012614718287004445,-0.005363641239729655,88.29793044955305,21.716372582082727,14.876852981872373,0.02268037299767034,0.21717794630279896,0.2866406376578883,0.10714278719571957,0.030670580605249593,1.0,-0.03514065816578493,0,-0.015998870134353638,20,0.049956995932782286,61
2022-11-28,451.23333740234375,38926919.0,22.209999084472656,-0.026781303371356313,-0.026347828355548164,0.0005013785441942975,77.25753896918332,20.676184474910315,16.036719280479964,0.022587365181966357,0.1279728059277918,0.3122528371651725,0.13698616009658848,0.03041084095381272,1.0,0.013527580861211197,1,-0.015998870134353638,20,0.049956995932782286,61
2022-11-29,457.3374328613281,38182197.0,21.889999389648438,0.0013885178609864823,-0.003035011036445212,0.0025090282774300476,75.36234682576668,20.112532638669563,16.851881952117886,-0.003112086138693182,0.07977520015914008,0.23205109649194067,0.10459749987374756,0.03095437977967755,0.8622043002911163,0.006160336094281904,1,-0.015998870134353638,20,0.049956995932782286,61
2022-11-30,460.15478515625,57111603.0,20.579999923706055,0.046010197817082155,0.05848770936820258,-0.0019383461963815574,81.3688392398638,19.666468475526926,17.414799256799697,-0.008146864891249495,0.014583196519038166,0.2439333274454285,0.1540281508014072,0.030557348311769646,0.9133854358977508,0.01734692226312262,1,-0.015998870134353638,20,0.049956995932782286,61
2022-12-01,468.1370544433594,41746878.0,19.84000015258789,-0.003615188142804704,-0.007835628250235094,-0.005428787960220394,76.8868067692936,19.72963092929541,17.87776559129884,-0.00406508710065856,0.006160336094281904,0.24050643533684135,0.17506025179898166,0.030457583521709672,0.9370081480304427,-0.01203611623662848,0,-0.015998870134353638,20,0.049956995932782286,61
2022-12-02,462.50250244140625,28319679.0,19.059999465942383,-0.014271886134599066,-0.011929960965528452,-0.006179764975580926,71.88941582818623,19.10479815155884,18.12317210335084,0.005040430170170529,0.027835122004169044,0.2981771088978602,0.16200464637783196,0.03028410243168666,1.0,-0.007106631206202585,0,-0.015998870134353638,20,0.049956995932782286,61
2022-12-05,459.2156677246094,28360444.0,20.75,0.0014724339783751539,-0.011976566996437898,-0.0016280663193990463,55.84414981504185,18.13534066280073,18.125605815240817,-0.0110441248174169,0.01129378268418324,0.28926699878179085,0.10674165836838867,0.029916745207922275,0.9529411374892697,-0.022494980754046878,0,-0.015998870134353638,20,0.049956995932782286,61
2022-12-06,448.8856201171875,40561068.0,22.170000076293945,-0.025238845882708194,-0.02356422212182141,0.0008186396765614834,44.44445781764596,16.34507426659701,17.769499505512055,0.017690027887164117,0.014522888857890104,0.25384611474729435,0.08425724391361822,0.029906994776521045,0.9254900281589051,-0.006276053627812583,0,-0.015998870134353638,20,0.049956995932782286,61
2022-12-07,446.0683898925781,36563503.0,22.68000030517578,-0.004022301714377674,-0.00010474140698113477,0.002306691777625547,43.9024554564841,14.531438932376318,17.121887390884908,-0.01848047445244516,-0.026476781415204376,0.19799486662660604,0.09132398307459577,0.029761598411059118,0.8392151495317384,-0.007368386269222649,0,-0.015998870134353638,20,0.049956995932782286,61
2022-12-08,442.7815856933594,27238567.0,22.290000915527344,0.01968707220678856,0.026738980816889635,0.00011425350804961099,40.71862066925656,12.682703917509286,16.234050696209785,-0.03061229768346041,-0.03455294312768442,0.13908895757490924,0.0844747752315016,0.029790266020480138,0.8156861005931517,0.02120873795675493,1,-0.015998870134353638,20,0.049956995932782286,61
2022-12-09,452.17242431640625,25915337.0,22.829999923706055,-0.0013613661954334777,-0.008638358274299485,-0.005679400441186089,49.717497320383046,11.838859292685413,15.35501241550491,-0.054162490470123226,-0.049395062551009894,0.15705536550946242,0.1743463686608231,0.026595050640047913,0.7882352461406396,-0.013499351343806976,0,-0.015998870134353638,20,0.049956995932782286,61
2022-12-12,446.0683898925781,20973334.0,25.0,-0.003222415510757193,0.021385341154628534,0.0075731691396832,40.69763399513755,10.555880167715372,14.395185965947004,-0.02233518320543293,-0.03313263547170919,0.09060009412698555,0.21132066926167892,0.02662589630747862,0.8666660039842505,-0.007368386269222649,0,-0.015998870134353638,20,0.049956995932782286,61
2022-12-13,442.7815856933594,33272826.0,22.549999237060547,0.0009947487011583434,0.015227373589687065,-0.0004463614642967739,38.41804818509092,9.168206955134906,13.349790163784585,-0.028629854676290423,-0.01144628971675532,0.06741578038915108,0.20253168306006164,0.026722960096672212,0.8156861005931517,0.01908785726883755,1,-0.015998870134353638,20,0.049956995932782286,61
2022-12-14,451.23333740234375,30636639.0,21.139999389648438,-0.006086230223306677,-0.01568652798519199,-0.002574982797804437,41.71120950176091,8.65073141830129,12.409978414687927,-0.013598195509659239,-0.031827368857388794,-0.01770831711308185,0.14441750214779403,0.02608543566441328,0.7882352461406396,0.005756115204543999,1,-0.015998870134353638,20,0.049956995932782286,61
2022-12-15,453.8306884765625,24222008.0,22.829999923706055,-0.024620035556777053,-0.04171726429446354,-0.003813575353422971,42.18473240442671,8.35391412991288,11.598765557732918,0.011578824294206091,-0.019387927805372906,-0.013347027862543714,0.21032727591817713,0.025409203660575103,0.8588229027121043,-0.019771000497339708,0,-0.015998870134353638,20,0.049956995932782286,61
2022-12-16,444.8580017089844,47601400.0,22.6200008392334,-0.016879266724765696,-0.009509927177307698,0.010684150398249992,46.067649225734975,7.310393787124667,10.741091203611267,0.02495384437882886,-0.03056020844965568,-0.003575733576155704,0.1873851579130843,0.02520619261593898,0.8805155567245952,-0.009554090533876125,0,-0.015998870134353638,20,0.049956995932782286,61
2022-12-19,440.6077880859375,21075559.0,22.420000076293945,-0.002621206091015571,-0.013747577440855085,-0.0012723086589110366,39.43952505728154,6.070463157892277,9.806965594467469,-0.016176180178346322,-0.0381500654359318,-0.027287141300169293,0.19775252759095574,0.024970984700566058,0.8055771352137202,-0.019292503391782567,0,-0.015998870134353638,20,0.049956995932782286,61
2022-12-20,432.10736083984375,31139235.0,21.479999542236328,-0.006307511960633727,-0.006238879852591195,0.0004842320542652878,33.480495632942876,4.351731709000262,8.715918817374028,-0.012241624670951579,-0.040521003411911005,-0.026586596582982125,0.18034026854476815,0.025066106758164047,0.7700800418407482,0.0032786239200910394,1,-0.015998870134353638,20,0.049956995932782286,61
2022-12-21,433.5240783691406,36182644.0,20.06999969482422,0.02010053713946003,0.023555955919671412,-0.002004141984302543,27.904625426050686,3.0685693601085404,7.586448925920931,-0.02410720137966138,-0.03737758245176925,-0.06286472578656932,0.18134381555700463,0.02504666447044916,0.6990858550948044,0.01960795079896349,1,-0.015998870134353638,20,0.049956995932782286,61
2022-12-22,442.02459716796875,14047382.0,21.969999313354492,-0.024111827450114753,-0.0420381629325014,-0.0014646554788004806,37.38925047396963,2.7063773458108926,6.610434609898924,-0.03924634455235876,-0.028121946785914176,-0.06170319388566514,0.1928735010795779,0.02499031393397871,0.7109180496338935,-0.027778011748199494,0,-0.015998870134353638,20,0.049956995932782286,61
2022-12-23,429.74603271484375,24927413.0,20.8700008392334,-0.005180968640507988,0.000852597980826042,0.0019882954114212037,33.661382217952465,1.412280143524299,5.570803716623999,-0.026014307997162867,-0.001709620611718199,-0.051020236345673764,0.26871667040249836,0.02401348593352904,0.7730116537872819,0.0032967810208808235,1,0.0,0,0.049956995932782286,61
2022-12-26,431.1628112792969,8793306.0,20.8700008392334,0.0,0.0,0.0001659157541351597,39.0964368687523,0.4953113361219721,4.555705240523594,-0.03397032072276074,-0.049596990872379454,-0.0810863473250204,0.21707194914576733,0.02453646520595301,0.656461904183228,0.0010954575494097618,1,-0.015998870134353638,20,0.049956995932782286,61
2022-12-27,431.6351318359375,10264001.0,21.649999618530273,-0.007611324071090664,-0.017874284076816904,-0.0008489209231152817,40.85643990641243,-0.1910780991890988,3.606348572581055,-0.021436245708844504,-0.03341545590547401,-0.04447926263291779,0.19099262880456336,0.024326622248608144,0.669139800949511,-0.013129197062745401,0,-0.015998870134353638,20,0.049956995932782286,61
2022-12-28,425.9681091308594,32578949.0,22.139999389648438,-0.016953723133557697,-0.01472989104816047,0.00010089656376099931,39.660375432206465,-1.1787402588927307,2.649330806286298,-0.001092851098366876,-0.025173706896521986,-0.05619986289900736,0.21114777064282242,0.024127292678828766,0.666357039349169,-0.0110865192977595,0,-0.015998870134353638,20,0.049956995932782286,61
2022-12-29,421.24560546875,23020759.0,21.440000534057617,0.040240884165102075,0.03320166834253868,0.00019208767641454294,29.822710794245452,-2.315840644710363,1.656296516086966,-0.01742918009699901,-0.05599149304200579,-0.07429386182256525,0.16306671609531653,0.02400713244696377,0.6145580627929779,0.0056052954001977184,1,-0.015998870134353638,20,0.049956995932782286,61
2022-12-30,423.6068115234375,21683478.0,21.670000076293945,-0.019868293628144462,-0.001120276062526293,-0.0015588763526886984,34.59316868868581,-2.991981596248138,0.7266408936199452,-0.04700867741829029,-0.07180008720255437,-0.10016607002059663,0.14576548961692315,0.024117925263253116,0.5713923884679166,0.0,0,-0.015998870134353638,20,0.049956995932782286,61
2023-01-02,423.6068115234375,21683478.0,21.670000076293945,0.0,0.0,-0.0010527684814520821,36.22661412054889,-3.487625001626782,-0.11621228542940015,-0.014285696025214789,-0.04777072707225105,-0.0840983361444545,0.14197872693839408,0.024105139796682582,0.5929748072151533,0.010033537097568601,1,-0.015998870134353638,20,0.049956995932782286,61
2023-01-03,427.8570861816406,14885824.0,22.899999618530273,-0.00617522242046975,-0.012290191132006356,0.002359058602062758,32.130047782729264,-3.4971513436294117,-0.7924000970694025,-0.017524701941338816,-0.038585283833394435,-0.07754277282744282,0.17469160083219193,0.023601187696698965,0.5929748072151533,-0.007726307970580049,0,-0.015998870134353638,20,0.049956995932782286,61
2023-01-04,424.55133056640625,19188422.0,22.010000228881836,0.03093357768988847,0.0273771470379649,-0.002272171303189241,27.857247043097118,-3.7284684259734604,-1.379613762850214,-0.008752868744087539,-0.009836154260233543,-0.04684608504513266,0.19268980923797274,0.023571645721293933,0.6046775197392579,0.020022358162174125,1,-0.015998870134353638,20,0.049956995932782286,61
2023-01-05,433.0518493652344,23549581.0,22.459999084472656,-0.007730782756590893,-0.019825154772080578,0.0012300256185848735,41.00727852926847,-3.18910602589807,-1.7415122154597853,-0.0033260202679114004,-0.02069723055865469,-0.0482371309281826,0.15919833262465044,0.023497935255207377,0.5335412265021985,0.0,0,-0.015998870134353638,20,0.049956995932782286,61
2023-01-06,433.0518493652344,20886011.0,21.1299991607666,0.03089919784287609,0.04668617966629629,-0.0021181091840254407,43.84621464393778,-2.7301855583074257,-1.9392468840293136,0.028026984123304288,-0.02029920475064595,-0.021974121423520843,0.15573738447507202,0.023441431299143334,0.5894420067800678,0.04907294399398232,1,-0.015998870134353638,20,0.049956995932782286,61
2023-01-09,454.302978515625,46666263.0,21.969999313354492,0.02869216526859697,0.019213952607028295,-0.002008250125457245,64.96805140751619,-0.6442724898413417,-1.6802520051917194,0.022296709082248345,0.0076924890487219955,-0.042286026132792864,0.10584966531280982,0.022513379690602194,0.5894420067800678,0.010395187618394974,1,-0.015998870134353638,20,0.049956995932782286,61
2023-01-10,459.0255432128906,32646014.0,20.579999923706055,0.011953722746341544,0.012855695194007533,-0.0032557516594241553,66.46335841226485,1.3740608301329758,-1.0693894381267803,0.07246381823227388,0.053669209474883184,0.01846037246671961,0.18716251046281362,0.02325254562088419,0.7415555072852937,-0.003086558260166683,0,-0.015998870134353638,20,0.049956995932782286,61
2023-01-11,457.6087341308594,21051115.0,21.09000015258789,0.006275376147237832,0.012519822536487979,-0.0009651326875864674,61.07371402177614,2.8266954893225034,-0.29017245263692365,0.07284782241053711,0.06345732623859757,0.03668616321090812,0.1071292137982447,0.01964493706054176,0.8186454442690354,0.0041278638109711885,1,-0.015998870134353638,20,0.049956995932782286,61
2023-01-12,459.4976806640625,20963689.0,18.829999923706055,0.06382986857507,0.012444759880754441,7.88445475705668e-05,74.80303141320763,4.083271706557582,0.5845163792019775,0.07786432684205757,0.07427932824492234,0.014128824712326127,0.09503115469090528,0.019645746049833178,0.7754746218612089,0.02774935212083296,1,-0.015998870134353638,20,0.049956995932782286,61
2023-01-13,472.2484436035156,77606949.0,18.350000381469727,-0.0022988279092156505,0.003946735307672311,-0.003597797916299106,78.80783847167777,6.038390610312888,1.6752912254241596,0.061068510243270646,0.0908070605335971,0.012487018466122768,0.019375612279232568,0.01551782228635919,0.8157580119996954,0.010000040711778846,1,-0.015998870134353638,20,0.049956995932782286,61
2023-01-16,476.970947265625,34373918.0,18.350000381469727,0.0,0.0,-0.0015234636804044577,79.9998788343868,7.878089295869927,2.9158508395133134,0.09051247395833895,0.11482731334075069,0.061571202022458804,0.03260395863268162,0.015935102139969827,1.0,-0.003960488781899585,0,-0.015998870134353638,20,0.049956995932782286,61
2023-01-17,475.0819091796875,27770329.0,19.360000610351562,0.02523038707133729,0.002435164773090248,0.0016413781756230428,84.2103808723327,9.078977372617658,4.148476146134183,0.049896148213829816,0.12597563186076144,0.08252954251592826,0.047230692640083616,0.015975882795820757,1.0,0.0,0,-0.015998870134353638,20,0.049956995932782286,61
2023-01-18,475.0819091796875,27770329.0,20.34000015258789,0.005393883388846277,-0.006415009150882001,-0.0017376122490909696,90.14069316275645,9.916379969811828,5.3020569108697115,0.034979242885727846,0.11037522697005953,0.09945340495083999,0.03879952753340388,0.015988783224033937,0.9661009152205248,0.0,0,-0.015998870134353638,20,0.049956995932782286,61
2023-01-19,475.0819091796875,27770329.0,20.520000457763672,-0.011959395007328455,-0.028331557653210493,-0.0030155918344667576,89.78087143885428,10.459457446590022,6.333537018013774,0.038183657228516577,0.11902112883704064,0.09586049053349432,0.04957540611210498,0.015890017998934077,0.9661009152205248,0.0,0,-0.015998870134353638,20,0.049956995932782286,61
2023-01-20,475.0819091796875,27770329.0,19.850000381469727,0.029751184443015166,0.031083514787746624,0.005101912827120358,89.78087143885428,10.765749401939445,7.219979494798909,0.033915793640356906,0.09705549087496257,0.07478613684287128,0.0303365681334955,0.015650817594931685,0.9661009152205248,0.0,0,-0.015998870134353638,20,0.049956995932782286,61
2023-01-23,475.0819091796875,27770329.0,19.809999465942383,0.05086245113909982,0.05014514656614577,-0.0007021084755080009,89.06233513281006,10.883035128758024,7.9525906215907325,0.005999946880821838,0.09705549087496257,0.10549457822435837,0.028242398214465947,0.015650145661550333,0.9661009152205248,0.0,0,-0.015998870134353638,20,0.049956995932782286,61
2023-01-24,475.0819091796875,27770329.0,19.200000762939453,-0.011499196287325986,-0.00718613593605355,-0.0008147110518731404,94.21470831076917,10.850902463117222,8.532252989896032,-0.003960488781899585,0.04573804629666944,0.10186198055922047,0.019950294120094414,0.015607269750397298,0.9661009152205248,0.0,0,-0.015998870134353638,20,0.049956995932782286,61
2023-01-25,475.0819091796875,27770329.0,19.079999923706055,-0.022736918137633455,0.0018018079916519714,-0.0008417569896871369,93.20368431256051,10.702070289602489,8.966216449837324,0.0,0.034979242885727846,0.10065625835170411,0.01585406088853114,0.015597970114005485,0.9661009152205248,0.0,0,-0.015998870134353638,20,0.049956995932782286,61
2023-01-26,475.0819091796875,27770329.0,18.729999542236328,0.011254378288270583,0.01631047299961863,-0.0006574500152405349,93.20368431256051,10.463502970870366,9.265673754043933,0.0,0.038183657228516577,0.11529924188230756,0.05285197214069992,0.014547031642300416,0.9661009152205248,0.0,0,-0.015998870134353638,20,0.049956995932782286,61
2023-01-27,475.0819091796875,27770329.0,18.510000228881836,-0.0016049488941002332,-0.0071900753127635,-0.001282785825150401,87.93073481175128,10.157349054816734,9.444008814198494,0.0,0.033915793640356906,0.12780264770009886,0.03879952753340388,0.014419565180421916,0.9661009152205248,0.0795228053550594,1,-0.015998870134353638,20,0.049956995932782286,61
2023-01-30,512.8617553710938,124428936.0,19.940000534057617,-0.0018225935612921074,-0.02668009303184582,0.001562496941712288,94.53108079385811,12.815508514148235,10.118308754188442,0.0,0.005999946880821838,0.12151621800208456,0.03243935411509158,0.01439718535523405,0.9661009152205248,-0.03867405188815487,0,-0.015998870134353638,20,0.049956995932782286,61
2023-01-31,493.0273132324219,72530854.0,19.399999618530273,-0.004294771832122679,0.019266115833111996,-0.005321298343589742,72.4550413927978,13.169831697557868,10.728613342862328,0.0795228053550594,0.07524736739464588,0.21070233390880655,0.09553762194901338,0.018690235602940735,1.0,0.015325784334133674,1,-0.015998870134353638,20,0.049956995932782286,61
2023-02-01,500.5833435058594,33710990.0,17.8700008392334,0.021675756261965384,0.051866598976085365,-0.0021265717722409594,74.3016608513104,13.900112028907301,11.362913080071323,0.03777328436631122,0.03777328436631122,0.1523177461717069,0.06599923379848693,0.019618908826843636,0.7835049588984696,0.018867696775886733,1,-0.015998870134353638,20,0.049956995932782286,61
2023-02-02,510.0281982421875,43077053.0,18.729999542236328,0.020160460532016256,0.022245253032961543,-0.016582837368281922,73.25574449107823,15.067298854043088,12.103790234865677,0.05367797391023488,0.05367797391023488,0.179087915795757,0.09008332835468091,0.019678377909349235,0.8659798313035171,0.003703911131981652,1,-0.015998870134353638,20,0.049956995932782286,61
2023-02-03,511.91729736328125,31635865.0,18.329999923706055,-0.020589752692381724,-0.01901114595200537,0.0003385474287380674,72.28911488357173,15.96075172266643,12.875182532425828,0.07355845042140396,0.07355845042140396,0.17775319281001734,0.13620970551259348,0.019443869479104137,0.9690714231942008,-0.02952033281933908,0,-0.015998870134353638,20,0.049956995932782286,61
2023-02-06,496.8053283691406,30870136.0,19.43000030517578,-0.029896582868994437,-0.016991643829138425,0.014311345312556512,61.85565945755627,15.273348304275544,13.354815686795773,0.07753481551675279,0.07753481551675279,0.18211548597159322,0.14762065405836267,0.01938581231001429,0.9896911406032755,-0.0057033719535039,0,-0.015998870134353638,20,0.049956995932782286,61
2023-02-07,493.97186279296875,23481767.0,18.65999984741211,0.029620202067466517,0.031161060821615738,0.0010846105035744458,60.00000646218587,14.33469767918325,13.550792085273269,-0.03130751481037053,0.04572562913827305,0.09355507637741334,0.12200991283588403,0.019979937897356012,0.8247423951009933,0.03250455472996894,1,-0.015998870134353638,20,0.049956995932782286,61
2023-02-08,510.0281982421875,35096191.0,19.6299991607666,-0.0028558746884613795,-0.02193237254071767,0.0009600229505188906,65.81193583539857,14.716776539471084,13.783988976112832,0.0019158158892944588,0.03976146691398563,0.0761315358083905,0.0924413702134863,0.01981045270007469,0.793814817603007,0.0,0,-0.015998870134353638,20,0.049956995932782286,61
2023-02-09,510.0281982421875,18861972.0,20.709999084472656,0.025562296896026293,0.0013058631208722193,0.00047958285565607994,65.81193583539857,14.84841352072823,13.996873885035912,0.018867696775886733,0.07355845042140396,0.11455083830707236,0.14338565520191238,0.020184128675432747,0.9690714231942008,0.009259598324713458,1,-0.015998870134353638,20,0.049956995932782286,61
2023-02-10,514.7508544921875,28495684.0,20.530000686645508,-0.01365192438913776,-0.015841906180269594,-0.0012815549168979645,67.21313602841666,15.159071329169251,14.229313373862581,0.0,0.07355845042140396,0.10996903728675766,0.15187310114427066,0.02012025397654016,0.9690714231942008,-0.007339443123154599,0,-0.015998870134353638,20,0.049956995932782286,61
2023-02-13,510.9728698730469,22768977.0,20.34000015258789,0.00775912655840072,0.01533306793517264,0.005926048172392839,65.07938868774346,14.928333558994495,14.369117410888965,0.005535185358066519,0.083499170450408,0.09000010791852509,0.14076423842152463,0.019992070629631948,1.0,0.007393708828570933,1,-0.015998870134353638,20,0.049956995932782286,61
2023-02-14,514.7508544921875,21883297.0,18.90999984741211,0.01924884046697284,0.021034701312000692,0.001298833356684792,66.15386756699793,14.878810334783395,14.471055995667852,0.02851728976098933,-0.0036830305209248904,0.07128719852298726,0.12591079194820787,0.02005536132498166,0.9595960156397888,-0.03669733418800192,0,-0.015998870134353638,20,0.049956995932782286,61
2023-02-15,495.8608703613281,61796793.0,18.229999542236328,-0.05308286243877691,0.00366481164530863,0.0009496980651897413,57.33333764145447,13.163557674779838,14.20955633149025,0.04206513217520569,0.044061537113106564,0.083499170450408,0.15711272476767846,0.019737940514374733,1.0,0.005714173527201494,1,-0.015998870134353638,20,0.049956995932782286,61
2023-02-16,498.6943054199219,29975138.0,20.170000076293945,-0.02091418923660504,-0.024841473834562366,0.0017620875929991175,58.16992207999551,11.895715707373938,13.746788206666988,-0.027777538437457117,-0.00943393983398888,0.043737639299966435,0.12540196467115994,0.020606639186686888,0.7979794254531688,-0.01893928939800371,0,-0.015998870134353638,20,0.049956995932782286,61
2023-02-17,489.2493896484375,28121975.0,20.020000457763672,-0.007927709052468757,-0.016159081841255807,-0.0016170479276262917,39.837426138014415,10.013387942508757,13.000108153835342,-0.022222090585045873,-0.022222090585045873,0.04970173728779814,0.15409814924388177,0.020305270044745617,0.828281842570774,-0.0019305472075242802,0,-0.015998870134353638,20,0.049956995932782286,61
2023-02-20,488.30487060546875,20065156.0,20.020000457763672,0.0,0.0,0.003976474793814022,47.572838376084654,8.349170790625351,12.069920681193345,-0.049541374475051136,-0.04428040980759729,0.02982113230371719,0.12854029120811017,0.020601528431744523,0.7272723712295772,-0.0019342189321591707,0,-0.015998870134353638,20,0.049956995932782286,61
2023-02-21,487.3603820800781,13504100.0,22.8700008392334,-0.027302869380653516,-0.03313852679538831,-0.0002897448229778332,42.708329827372076,6.874805894211136,11.030897723796905,-0.04436243214480262,-0.017110238715788872,0.027833013992498712,0.10470067442856257,0.02044775298339624,0.7171711303598588,-0.017441831704480215,0,-0.015998870134353638,20,0.049956995932782286,61
2023-02-22,478.85992431640625,24575245.0,22.290000915527344,-0.009242500427402267,-0.004772497003328491,0.003952011034348946,32.631665229114915,4.963232140725211,9.817364607182567,-0.05321112567968567,-0.013384326539387481,0.025844959917736166,0.1340660412878416,0.019893434027875904,0.7070702158630279,0.021696251459887073,1,-0.015998870134353638,20,0.049956995932782286,61
2023-02-23,489.2493896484375,25376835.0,21.139999389648438,0.03742946009802539,0.03333581211268899,-0.0003018271428945063,38.46154563112588,4.237788603760407,8.701449406498135,-0.034285718154234424,-0.06111088373780649,0.007952344771961828,0.1106243669197442,0.020146476934922986,0.6161613326457744,-0.013513643323699975,0,-0.015998870134353638,20,0.049956995932782286,61
2023-02-24,482.6378479003906,41692491.0,21.670000076293945,-0.021869429520615102,-0.017967000284100032,-0.006309991704757989,42.105250627342116,3.09371083730548,7.579901692659604,-0.01893928939800371,-0.04074050937843077,0.02982113230371719,0.1334790742529246,0.02035624921446934,0.7272723712295772,0.0,0,-0.015998870134353638,20,0.049956995932782286,61
2023-02-27,482.6378479003906,41692491.0,20.950000762939453,-0.009193108875938827,0.00548526390029247,0.012343504893300494,43.47823491089036,2.162097648917097,6.4963408839111025,-0.013513643323699975,-0.06238553333432939,0.01590449683455586,0.1330375151444072,0.020363849680796742,0.6565646642602105,0.0,0,-0.015998870134353638,20,0.049956995932782286,61
2023-02-28,482.6378479003906,41692491.0,20.700000762939453,-0.0026345491041293023,0.0024328772725963344,-0.0019245327814509938,30.666753977789952,1.4075619868017952,5.478585104489241,-0.011605501083885028,-0.05545308497434742,-0.05893188009083239,0.14573978134044885,0.020245961031382414,0.6476675211477368,0.021526420642782762,1,-0.015998870134353638,20,0.049956995932782286,61
2023-03-01,493.0273132324219,39560848.0,20.579999923706055,0.01550470531898851,-0.0008652728497845485,0.0015687512432163153,39.534941387706766,1.629150232579434,4.70869813010728,-0.009690024781110584,-0.06238553333432939,-0.021072798713554164,0.1393533691412019,0.0202498215559011,0.6476675211477368,-0.005747138176124156,0,-0.015998870134353638,20,0.049956995932782286,61
2023-03-02,490.1938171386719,16558784.0,19.59000015258789,0.0068991503695639,0.009567542297564735,-0.0027768952012560133,34.52373488261706,1.5581595660082712,4.0785904172874785,0.029585664192383954,-0.005714419705756368,-0.015094450048054875,0.16387956902610723,0.02043563074194728,0.7591612426065533,-0.005780234183966004,0,-0.015998870134353638,20,0.049956995932782286,61
2023-03-03,487.3603820800781,23253895.0,18.489999771118164,0.008536236391464724,0.01482183259885228,0.0013350510728340481,34.93970697465109,1.258754286202759,3.514623191070535,0.001930360078554294,-0.017045488967619593,-0.038888793152760615,0.1456952168616581,0.02046365877988641,0.7277475946134498,0.009689899544923053,1,-0.015998870134353638,20,0.049956995932782286,61
2023-03-06,492.0828552246094,21922085.0,18.610000610351562,-0.002338821027425997,-0.011144719225874122,-0.003362565654610128,35.71422801614165,1.3865542262471422,3.0890093981058566,0.009784840124395178,-0.0038610320387252317,-0.04797047376536756,0.14794218505893375,0.020439937735315758,0.664739217208986,0.005758230715099399,1,-0.015998870134353638,20,0.049956995932782286,61
2023-03-07,494.9163818359375,24861078.0,19.59000015258789,-0.008149131951575739,-0.01074276113639494,0.00250505783283983,49.25373710153217,1.6969175075132057,2.8105910199873265,0.019569553787186722,0.007736938225613388,-0.009505681350145068,0.13631394472948766,0.020297799977557686,0.7225425299567109,-0.005725263327952312,0,-0.015998870134353638,20,0.049956995932782286,61
2023-03-08,492.0828552246094,24512408.0,19.110000610351562,0.022284692822273078,0.026657250756382478,0.004948438893666696,44.776143155726125,1.6947052203364024,2.5874138600571417,0.02544047050798426,0.015503926937208146,0.0019120907770502349,0.14285710258802475,0.02029479517588979,0.6718747791247383,0.0019193068764433718,1,-0.015998870134353638,20,0.049956995932782286,61
2023-03-09,493.0273132324219,21557577.0,22.610000610351562,-0.02146864432322515,-0.020115780548203288,-4.879129801615978e-05,53.448215351138884,1.749000446444029,2.419731177334519,-0.0019156301942389042,0.02761335880650151,-0.03518500169093941,0.08316009028253601,0.019006289185801353,0.6033048979589657,-0.0172412907316688,0,-0.015998870134353638,20,0.049956995932782286,61
2023-03-10,484.5268859863281,24045605.0,24.799999237060547,-0.01833922612068184,-0.018884585326052195,0.002899933725023729,46.96969771145437,1.0935110518661872,2.154487152240853,0.005780358696259258,0.007721876948480366,-0.033333225630189034,0.07407380814047992,0.018960758852358706,0.6198331262053168,0.005847964634577485,1,-0.015998870134353638,20,0.049956995932782286,61
2023-03-13,487.3603820800781,21466947.0,26.520000457763672,0.005616118749616872,-0.0007592421005381267,0.0004802740985374587,50.0,0.7935231969050847,1.8822943611736993,-0.0058139647741912714,0.003913986634399569,-0.058715722843580176,0.05882350979728268,0.019175684062823117,0.4529912688839106,-0.011627929548382654,0,-0.015998870134353638,20,0.049956995932782286,61
2023-03-14,481.6933898925781,20474770.0,23.729999542236328,0.017665654283035126,0.030269925005790732,-0.012121795567030746,52.30767165928569,0.09737922496225337,1.5253113339314102,-0.00959690648514,0.009784840124395178,-0.04621084442083068,0.06063730588530647,0.01918318492987241,0.35555485349162325,0.001960703691664012,1,-0.015998870134353638,20,0.049956995932782286,61
2023-03-15,482.6378479003906,23208597.0,26.139999389648438,-0.029006628034257798,-0.010883182176448236,-0.002495492162647772,43.63629848038637,-0.37380107408438334,1.1454888523282516,-0.02671762832805713,-0.00195686685559604,-0.0642203200074748,0.019999952179815317,0.018832004447736896,0.16666641023116122,-0.0063947206833074866,0,-0.015998870134353638,20,0.049956995932782286,61
2023-03-16,479.551513671875,21965994.0,22.989999771118164,0.03535050740337731,0.04053220442578742,0.004641388756255305,46.81309262334601,-0.9849028870186771,0.7194105044588659,-0.019193937004587602,-0.021072798713554164,-0.026666799603086266,0.01188101847136136,0.018775336327079926,0.19047490829866326,0.02574242341706201,1,-0.015998870134353638,20,0.049956995932782286,61
2023-03-17,491.8963317871094,33118483.0,25.510000228881836,0.0019033913462986884,-0.0046964879770553525,0.0009501745798927708,57.61803124733203,-0.46769057870614006,0.4819902878258647,-0.027332764735072845,-0.021710399223142884,-0.03838582382032185,0.009408071336382884,0.0187930331029007,0.11267263238226533,-0.011582869057147449,0,-0.015998870134353638,20,0.049956995932782286,61
2023-03-20,486.1987609863281,11837312.0,24.149999618530273,0.006371151011770992,0.010115044237978266,0.0022586744123582747,52.67880920589851,-0.5116445254898849,0.2832633251627148,0.015209570436488073,0.009307177755548457,0.0054102104053188604,0.03539268130932394,0.019195397152423382,0.42386865783707933,0.009765649886412486,1,-0.015998870134353638,20,0.049956995932782286,61
2023-03-21,490.9468078613281,18284799.0,21.3799991607666,0.027321109662555187,0.0006998827075279657,-0.0036579630154522924,48.28970673088985,-0.1614890974658465,0.19431284063700255,-0.0023834951228332013,-0.011957527428171577,-0.0043131038536010635,0.023399863458989367,0.019293150098825707,0.2802406698505699,0.030947555361061863,1,-0.015998870134353638,20,0.049956995932782286,61
2023-03-22,506.1404113769531,42385987.0,22.260000228881836,0.0012972220600862006,-0.008078543839672658,-0.0008490095930143715,60.894987877731474,1.3267148841123912,0.4207932493320803,0.019210182582770408,-0.00802069626364732,0.0073588783847036154,0.03339402821933213,0.019342925857836257,0.3999324548878659,0.00938106960243923,1,-0.015998870134353638,20,0.049956995932782286,61
2023-03-23,510.8885498046875,26728246.0,22.610000610351562,0.021269663346070278,0.02673282666505794,-0.004268366821229441,65.66500339116396,2.8563362840387185,0.9079018562734079,0.048696063888908014,0.028567457701665466,0.05696965996787262,0.06537504711744035,0.01988718313698585,0.7829424743359347,0.001858454042448221,1,-0.015998870134353638,20,0.049956995932782286,61
2023-03-24,511.8380126953125,21926240.0,21.739999771118164,-0.019029490343568378,-0.016727811546049298,-0.006985169374756017,63.848718088049104,4.097947397375094,1.5459109644937452,0.06534654826312214,0.0362276816981244,0.044229304346806275,0.07536940458715091,0.01992029030666677,0.9026365672927796,-0.014842020359281727,0,-0.015998870134353638,20,0.049956995932782286,61
2023-03-27,504.2413024902344,16111177.0,20.600000381469727,-0.022954977282753863,-0.012072025887857496,0.006072023832427664,56.12771748394568,4.41801400944297,2.12033157348359,0.040540413944037734,0.05636658666193184,0.06050119136315302,0.07736792920423108,0.019917980245187514,0.9265712316289604,-0.011299475718028806,0,-0.015998870134353638,20,0.049956995932782286,61
2023-03-28,498.54364013671875,17234120.0,19.969999313354492,0.0016545694583138815,-0.008532309175427022,-0.005210878373039907,54.0915811302595,4.163916335318959,2.529048525850664,0.03710939424712678,0.03463744906409438,0.0447612110898985,0.06137761246454465,0.020084685048493735,0.735068529824475,0.009523772795737129,1,-0.015998870134353638,20,0.049956995932782286,61
2023-03-29,503.2916564941406,17280749.0,19.1200008392334,0.02147325819259116,0.03265661431695621,0.006033856244355151,56.20159012294689,4.296144062619362,2.8824676332044037,0.015473839841191994,0.034981277712568204,0.032955957154049864,0.04938460190484206,0.020182261174083404,0.5484314762506441,0.009434047497732356,1,-0.015998870134353638,20,0.049956995932782286,61
2023-03-30,508.03973388671875,19201564.0,19.020000457763672,-0.00312623831475789,0.01620149459580289,0.005635242649384864,64.8809112235363,4.729546386691425,3.251883383901808,-0.005628388523774452,0.042793594997988293,0.020819015470812108,-0.018660192101921158,0.016032436987534968,0.6807216212585262,-0.0037385314239793965,0,-0.015998870134353638,20,0.049956995932782286,61
2023-03-31,506.1404113769531,23558838.0,18.700000762939453,0.005947803291266096,0.007044347274677731,-0.005374277782982939,62.02780735619028,4.863695740821413,3.5742458552857292,-0.005576198407769906,0.05940596453697422,0.03640583810749787,0.030449470549352098,0.014904452793567955,0.8130134668396717,0.0,0,-0.015998870134353638,20,0.049956995932782286,61
2023-04-03,506.1404113769531,23558838.0,18.549999237060547,-0.0019350414224894585,-0.00941859900134534,0.005699800335432492,66.88278406188303,4.913371779062004,3.8420710400409845,-0.01113164942235556,0.028957482846220017,0.038534173041971265,0.011101184134842734,0.014741404507007913,0.7600941777473186,0.0,0,-0.015998870134353638,20,0.049956995932782286,61
2023-04-04,506.1404113769531,23558838.0,19.0,-0.007216828620743354,-0.01810067174660146,-0.001520067838502559,66.44507347339002,4.896298911255485,4.052916614283885,0.003766269992838467,0.041015428237970664,0.028567457701665466,-0.007622690036812929,0.014448500493672347,0.7600941777473186,0.0,0,-0.015998870134353638,20,0.049956995932782286,61
2023-04-05,506.1404113769531,23558838.0,19.079999923706055,-0.02137351013433131,-0.017985686406125745,-0.0030611598664394,69.4444506437481,4.827124454583668,4.2077581823438415,0.015237926288962589,0.030947555361061863,0.022678638155760877,-0.011284803260376175,0.014436138192563243,0.7600941777473186,-0.005628388523774452,0,-0.015998870134353638,20,0.049956995932782286,61
2023-04-06,503.2916564941406,25423363.0,18.399999618530273,0.00044366909924287157,-0.004604683448186764,0.005117619823123309,59.67749794218205,4.490666875889019,4.264339921052877,0.005660246590727391,0.0,0.028567457701665466,0.0187902232016246,0.0136705426473011,0.7600941777473186,0.001886870135517249,1,-0.015998870134353638,20,0.049956995932782286,61
2023-04-07,504.2413024902344,8557482.0,18.399999618530273,0.0,0.0,-0.0009953675874764256,66.66672304763966,4.2516400560771785,4.261799948057738,-0.009345878040391331,-0.014869961977913126,0.020819015470812108,0.01886705378010145,0.013669713021156858,0.6807216212585262,-0.003766572601708207,0,-0.015998870134353638,20,0.049956995932782286,61
2023-04-10,502.342041015625,7435151.0,18.969999313354492,-0.013519720158168824,0.017970079407278794,-0.003847904979152328,61.11108796708205,3.864408554761951,4.182321669398581,-0.0037521384264738167,-0.014842020359281727,0.04068797227583065,-0.01134622707508659,0.01270570317281048,0.707180840661387,-0.009451699145554993,0,-0.015998870134353638,20,0.049956995932782286,61
2023-04-11,497.59405517578125,22675697.0,19.100000381469727,0.00247145069954402,-0.0056124775717557585,0.004250978290440077,39.53499843425009,3.1382265017808777,3.9735026358750405,-0.007504578326387068,-0.003766572601708207,0.030740411995748174,-0.015070063288761038,0.012717596245775212,0.6542632521422972,-0.007633533478538901,0,-0.015998870134353638,20,0.049956995932782286,61
2023-04-12,493.795654296875,23816473.0,19.09000015258789,-0.026557533308960046,-0.01829920170751298,-0.0013858526299423968,28.571362985271975,2.230510845979495,3.6249042778959315,-0.016885346455386863,-0.0019047178310751534,0.03300993041807998,-0.033330297884268334,0.012702903741163497,0.5219739574210467,-0.019230940374876382,0,-0.015998870134353638,20,0.049956995932782286,61
2023-04-13,484.29949951171875,25536889.0,17.799999237060547,0.0020719415108234607,0.007344725581338807,-0.0010957903902104604,21.5687411229311,0.7363906673080578,3.047201555778357,-0.02438998507646184,-0.01886779181561138,0.023118382540913363,-0.03361668806494489,0.012706717501129287,0.4161421815293936,0.011764749621381299,1,-0.015998870134353638,20,0.049956995932782286,61
2023-04-14,489.9971618652344,18072504.0,17.06999969482422,0.0017230936787435702,-0.0014601879451088262,0.0001477816927988318,34.693905659115146,0.011906149058916071,2.440142474434469,-0.03773588681107609,-0.046729089855585104,0.009900888026583177,-0.059157463683104816,0.012953042225418277,0.16494513365401164,0.007752070271552558,1,-0.015998870134353638,20,0.049956995932782286,61
2023-04-17,493.795654296875,14634287.0,16.950000762939453,0.009059764539408377,-0.001227839434351008,0.001806190430197363,44.680935443153956,-0.2528319678322646,1.9015475859811222,-0.028248659034185053,-0.03189480458160043,-0.003860914991935638,-0.011825309974188847,0.011839898975073862,0.3377162866708741,-0.009615531989476844,0,-0.015998870134353638,20,0.049956995932782286,61
2023-04-18,489.04754638671875,15168888.0,16.829999923706055,0.0017047763193707155,0.0035999971658580154,-0.0012948662398797328,34.042668121712396,-0.8361330383682457,1.3540114611112486,-0.01701308276223723,-0.02438998507646184,0.01562507747887998,-0.00982295380117082,0.011868930538876029,0.45289859766468693,-0.009708763309581037,0,-0.015998870134353638,20,0.049956995932782286,61
2023-04-19,484.29949951171875,21123233.0,16.459999084472656,-0.010324352456874464,-0.010182891292564555,-0.0004791770225415215,23.40437170426449,-1.6623682940489175,0.7507355100792155,-0.0171756649826601,-0.03377099438421305,-0.003868568741454803,-0.00041255700260312,0.011593237636582833,0.3089209402698066,0.005882406317617717,1,-0.015998870134353638,20,0.049956995932782286,61
2023-04-20,487.1483459472656,17221961.0,17.170000076293945,0.023615666150780923,-3.2777762283831e-05,0.0028109870956032346,29.166850784341293,-2.063500835190439,0.1878882410252846,-0.019230940374876382,-0.04315188310258855,-0.04315188310258855,-0.00820260319907029,0.011687480021179817,0.16494513365401164,-0.0038986706469015253,0,-0.015998870134353638,20,0.049956995932782286,61
2023-04-21,485.2491149902344,25016683.0,16.770000457763672,-0.043901963250152165,-0.008154236528398973,0.0007138464920868337,28.000172253773513,-2.505768391515346,-0.35084308548284154,0.005882406317617717,-0.03207545831243663,-0.0464684594448197,-0.00043507051580093936,0.011720234528501922,0.25133117285721424,-0.007827796649481411,0,-0.015998870134353638,20,0.049956995932782286,61
2023-04-24,481.45068359375,16886512.0,16.889999389648438,-0.008551093380824493,-0.004610361917086969,0.0021499357690617504,25.92609344341612,-3.1267273189365596,-0.9060199321735852,-0.009689947706892799,-0.037664878712246774,-0.051947876174851415,0.013342504455658988,0.011409247475853082,0.17647008782907547,-0.017751450034533045,0,-0.015998870134353638,20,0.049956995932782286,61
2023-04-25,472.90423583984375,36898412.0,18.760000228881836,-0.027764565544715625,-0.033655738592541895,-0.0017305958027742374,22.22238659104113,-4.2593692929378335,-1.576689804326435,-0.025000160685300532,-0.04158791364472958,-0.0451978423503413,-0.015940144678139423,0.010964654913907476,0.05882241739794549,-0.013052100892829599,0,-0.015998870134353638,20,0.049956995932782286,61
2023-04-26,466.7318420410156,31269245.0,18.84000015258789,-0.0004862191234623614,0.005746140594165228,0.003980776032341815,21.052786731552672,-5.590611720418735,-2.3794741875448953,-0.033009695409267126,-0.049618396922398,-0.05142860570810559,-0.020167527480264513,0.011107556851471224,0.0,0.0040690815384909484,1,-0.015998870134353638,20,0.049956995932782286,61
2023-04-27,468.6310119628906,29537148.0,17.030000686645508,0.017264375893984774,0.006363380551555942,-0.0021307654530519082,22.222269832563953,-6.418396514900451,-3.1872586530160065,-0.036274366354735466,-0.054807716553107455,-0.07264140778290573,-0.0329563997696628,0.011276672177237297,0.0,0.017224098747462113,1,-0.015998870134353638,20,0.049956995932782286,61
2023-04-28,476.7027587890625,24824100.0,15.779999732971191,0.007529764769912184,0.018146608200865222,-4.894741266836533e-05,31.756884694290562,-6.34990170376102,-3.8197872631650096,-0.03801169425787099,-0.032352888170699035,-0.07757015700786773,-0.029021420509049656,0.011300602140812526,0.04210443702771036,0.0,0,-0.015998870134353638,20,0.049956995932782286,61
2023-05-01,476.7027587890625,24824100.0,16.079999923706055,-0.0037959673912919545,0.00805354224698207,0.0038920080033559845,34.058075640107276,-6.223874125759949,-4.300604635683998,-0.01761230662181401,-0.027131591998543647,-0.0581610397553628,-0.03311085208714126,0.011112717872340925,0.22105438354468318,-0.0019921775071835013,0,-0.015998870134353638,20,0.049956995932782286,61
2023-05-02,475.7530822753906,15325791.0,17.780000686645508,-0.012145709387469616,-0.007363139164979882,-0.0005594376441980797,35.60610892942789,-6.129964900487778,-4.666476688644754,-0.009861705396795761,-0.034615321862545345,-0.0581610397553628,-0.02752188599268457,0.011084924576867454,0.22105438354468318,-0.009980129545077099,0,-0.015998870134353638,20,0.049956995932782286,61
2023-05-03,471.0050048828125,11369311.0,18.34000015258789,-0.003134082935628779,-0.01317712166029239,0.0008461435758913005,38.52465321131851,-6.3652961553036675,-5.006240581976537,0.006024150810338025,-0.02718439998227784,-0.06003735014735112,-0.02381666674493932,0.011057161367564964,0.20000013531442676,0.004032294640911038,1,-0.015998870134353638,20,0.049956995932782286,61
2023-05-04,472.90423583984375,13140291.0,20.09000015258789,0.009552640488927233,-0.005322375540187441,-0.003511702439530473,34.21061385392828,-6.325627903612201,-5.27011804630367,0.009155498847283283,-0.027450977426799028,-0.06941829916041453,-0.042833945783735894,0.011030950793877179,0.09473565988448207,0.004016036007967516,1,-0.015998870134353638,20,0.049956995932782286,61
2023-05-05,474.8034362792969,7488897.0,17.190000534057617,0.017726664082495347,0.02245695795372793,-0.0006167011944236966,31.81818447412597,-6.070958692403394,-5.430286175523615,0.009118525594485227,-0.029239779270365807,-0.06037735826175106,-0.044476495028185736,0.011008418237380144,0.13684145005645995,0.008000008227088795,1,-0.015998870134353638,20,0.049956995932782286,61
2023-05-08,478.60186767578125,11243634.0,16.979999542236328,0.006708095404357239,0.005559073916810542,-0.0016292353143386729,39.8148434691735,-5.499238045811921,-5.444076549581276,-0.0039842909963230255,-0.02152642506343927,-0.058380513586563265,-0.03511485669913328,0.011009565619312168,0.17894656365630407,0.01190474216828008,1,-0.015998870134353638,20,0.049956995932782286,61
2023-05-09,484.29949951171875,16197743.0,17.709999084472656,-0.005611458085005516,-0.018704417014456687,0.00032704000167660396,50.0,-4.534127443526586,-5.262086728370338,0.003983842870016074,-0.005917150011511052,-0.04725898173253895,-0.0292589176491328,0.011085804483272507,0.26315746742812607,-0.013725488713399514,0,-0.015998870134353638,20,0.049956995932782286,61
2023-05-10,477.6522521972656,18859212.0,16.940000534057617,-0.001880885149558087,0.009997143038824374,0.0020204003000325876,41.52541818954295,-4.256580433276213,-5.060985469351514,0.017963976597803688,0.024096345112320394,-0.026717673826239796,-0.0004692958867421604,0.010932887420645708,0.38947348479979216,-0.007952294538570825,0,-0.015998870134353638,20,0.049956995932782286,61
2023-05-11,473.85382080078125,13382927.0,16.93000030517578,-0.017314564373732688,-0.006268549229621834,-0.0011549336057862236,40.16394090372436,-4.29362980521239,-4.90751433652369,0.014112901658246635,0.02339761116039374,-0.032692475033212376,-0.019919817530874684,0.01109554337146977,0.24210457234213711,-0.006012014239231922,0,-0.015998870134353638,20,0.049956995932782286,61
2023-05-12,471.0050048828125,18465362.0,17.030000686645508,0.0,-0.001970602508663988,0.0027274715849956443,40.833344938366565,-4.500982807391097,-4.826208030697171,0.002007985737854767,0.01114482120168403,-0.021568634123035557,-0.01627501903969486,0.011019211576934603,0.15789366857031512,-0.001008041263992232,0,-0.015998870134353638,20,0.049956995932782286,61
2023-05-15,470.53021240234375,13315766.0,17.1200008392334,0.026729183850974225,0.026839494862112234,0.0036516729492317435,47.57281371644803,-4.650020795489979,-4.790970583655733,-0.008000008227088684,-0.011952424862662125,-0.03875972854643872,-0.024102633202481405,0.011047395698417032,0.09473565988448207,0.019172629156950505,1,-0.015998870134353638,20,0.049956995932782286,61
2023-05-16,479.551513671875,21140315.0,17.989999771118164,0.002568206193859668,-0.0012873878934033245,-0.002174600343595179,62.3852578061841,-3.9941487954852732,-4.631606226021641,-0.016865072659736247,-0.012948417589187966,-0.04711552580927303,-0.018811954529047603,0.011008747460032066,0.08420955062755449,0.02772257556727964,1,-0.015998870134353638,20,0.049956995932782286,61
2023-05-17,492.8459167480469,41406763.0,16.8700008392334,0.05822067883822735,0.024918726830860605,0.0011319512009602128,69.17283713162058,-2.374249418516513,-4.180134864520616,-0.009803821487799902,0.007984039490227968,-0.01941740181502649,-0.025096381732273576,0.010669785151168109,0.28421103908624873,0.021194737322808743,1,-0.015998870134353638,20,0.049956995932782286,61
2023-05-18,503.2916564941406,43096277.0,16.049999237060547,0.019476114117708,0.0316224575813977,0.0004386347885725339,70.28975010910284,-0.2447621272598326,-3.3930603170684592,0.0318090503727102,0.046370870030709055,0.017646966897435945,0.013671683877256147,0.011378644509127416,0.5789468342851576,0.003773679635063587,1,-0.015998870134353638,20,0.049956995932782286,61
2023-05-19,505.19091796875,32099068.0,16.809999465942383,-0.0007553301128295775,-0.006204455438233225,-0.003280141882412324,71.12667768678836,1.577936946511386,-2.3988608643524905,0.06212429741225134,0.06425702785328413,0.033138387271918424,0.02514498197185433,0.011739370383271492,0.8105280036589021,-0.0018797160533562396,0,-0.015998870134353638,20,0.049956995932782286,61
2023-05-22,504.2413024902344,17208135.0,17.209999084472656,-0.009289356516711367,0.0036054580670876746,-0.0022905982863488106,71.12674207550842,2.9122425422452807,-1.3366401830329364,0.07258078519663091,0.0640001300908406,0.04109601102295035,-0.001875948623861201,0.010735187790937878,0.8526344704030138,-0.0018833165617411218,0,-0.015998870134353638,20,0.049956995932782286,61
2023-05-23,503.2916564941406,19588873.0,18.530000686645508,-0.013955433631935077,-0.011695063576008913,0.0013389437537105753,75.37311320913093,3.8486954789040055,-0.29957305064554807,0.07164490015587943,0.05357153104931478,0.04733739025223849,-0.013011149529568389,0.010635628551828025,0.8315815753170248,-0.009433926225790978,0,-0.015998870134353638,20,0.049956995932782286,61
2023-05-24,498.54364013671875,19086681.0,20.030000686645508,-0.003427679239556225,-0.016790200444202208,0.004709616568235431,69.28571297399839,4.159764759980192,0.5922945114795999,0.04950488559714872,0.03921572704818033,0.06425702785328413,-0.016697384698270423,0.01063314965357488,0.8850564097941972,0.03428565552079865,1,-0.015998870134353638,20,0.049956995932782286,61
2023-05-25,515.6365356445312,63827245.0,19.139999389648438,0.12004870169371995,0.06806138005964701,9.733202517114847e-05,74.99999065783422,5.719611106062132,1.6177578303961064,0.011560861508739473,0.04373765190753298,0.06815861964032788,-0.011299475718028806,0.010485037331610693,0.7701142971548719,0.04235736203344875,1,-0.015998870134353638,20,0.049956995932782286,61
2023-05-26,537.4775390625,95808471.0,17.950000762939453,0.02238726262385282,0.06262136259754647,-0.001577467327915194,79.52380864933225,8.61883445777562,3.017973155872009,0.024528280950221415,0.08817638058323563,0.10030391178073139,0.03428565552079865,0.011608993561644404,1.0,0.0035333734876275003,1,-0.015998870134353638,20,0.049956995932782286,61
2023-05-29,539.3766479492188,54657853.0,17.950000762939453,0.0,0.0,-0.0024317613065398813,78.71284986451519,10.943581274636642,4.603094779624936,0.06390974173400954,0.14112914616740868,0.12748988578924902,0.06792459625993685,0.013202250067253157,1.0,-0.003520932717312464,0,-0.015998870134353638,20,0.049956995932782286,61
2023-05-30,537.4775390625,40136130.0,17.459999084472656,-0.011917340426140233,0.0010491587725565132,-0.00485579828710947,82.81257270602146,12.488755065833516,6.180226836866652,0.06967962617394852,0.14631671618995923,0.13147372865926488,0.06168201416601682,0.013148683447626128,1.0,-0.014134402418705672,0,-0.015998870134353638,20,0.049956995932782286,61
2023-05-31,529.880615234375,81176782.0,17.940000534057617,-0.03324195905432348,-0.027106055927718087,0.0008285623590460478,79.50001124797939,12.951016903805908,7.534384850254503,0.06792459625993685,0.12079208122416629,0.1297405294609948,0.06191390171809119,0.013146607835763083,0.9738576094604955,-0.012544744241936079,0,-0.015998870134353638,20,0.049956995932782286,61
2023-06-01,523.2333984375,24477529.0,15.649999618530273,0.0025357829076033678,0.015510358467855312,0.002768221503654411,76.44233740485566,12.63533561467392,8.554575003138387,0.06285703512146412,0.07514457810809261,0.12499996760376453,0.0469043832971896,0.013365417326610288,0.8692813258136677,0.019963707863700497,1,-0.015998870134353638,20,0.049956995932782286,61
2023-06-02,533.6790771484375,30206141.0,14.600000381469727,0.001011892826986216,-0.001522806910548291,-0.00205902953817072,79.03932288143633,13.077288056087752,9.45911761372826,0.014732980050517375,0.03962263567465185,0.10642569633210264,0.03377123556296446,0.01353152936630884,0.7777783379018453,-0.012455571366127183,0,-0.015998870134353638,20,0.049956995932782286,61
2023-06-05,527.0317993164062,16827391.0,14.729999542236328,-0.008995541403430174,-0.016359109714348397,0.002753178441449622,72.3214167864634,12.744250990183446,10.116144289019298,-0.007067201209352891,0.05639087752058458,0.1240000311086793,0.054409142507640285,0.013846842782663953,0.9215694676370816,0.009008917196271948,1,-0.015998870134353638,20,0.049956995932782286,61
2023-06-06,531.77978515625,20228086.0,13.960000038146973,0.01805215092936341,0.012839264949689122,-0.0006913027091105528,69.90291171259096,12.716847589702525,10.636284949155943,-0.022887250828802608,0.045197600263245485,0.10119043595841726,0.04716975240089649,0.013970342734214925,0.8300656395391579,0.0142857306821782,1,-0.015998870134353638,20,0.049956995932782286,61
2023-06-07,539.3766479492188,27604813.0,13.9399995803833,0.004708508911724474,-0.003199274144382036,-0.00045683059769185963,68.9999803963725,13.156473893725547,11.140322738069864,-0.010600915372553699,0.05660361799071678,0.09803909707196046,0.054613698897759244,0.014022107116675293,0.8954245565392734,-0.015845045918099987,0,-0.015998870134353638,20,0.049956995932782286,61
2023-06-08,530.8302001953125,23080195.0,13.649999618530273,-0.003489743446403404,0.010681108671079409,0.0026475905649385734,62.61678986894065,12.669211218289774,11.446100434113847,0.017921079657997163,0.08190458071293838,0.1292245466613262,0.07372388514152206,0.014137275821561601,1.0,0.010733550707923811,1,-0.015998870134353638,20,0.049956995932782286,61
2023-06-09,536.5278930664062,19091713.0,13.829999923706055,0.028617157766269496,0.003030430392392258,-0.0021847668096783845,65.17856604847708,12.597591046701837,11.676398556631446,0.014518954219089109,0.029465841732470688,0.12024041359051396,0.06679369392343348,0.014294833285713581,0.8823529411764706,0.015929290721898637,1,-0.015998870134353638,20,0.049956995932782286,61
2023-06-12,545.0744018554688,26392389.0,15.010000228881836,0.04143961030724608,0.03310381148664754,0.000495978614851067,68.33336770216843,13.079688866417655,11.957056618588688,0.0053380693378324295,-0.0017668570816004037,0.1391129340544821,0.08653830465636325,0.014285174466857644,0.9607851539115915,0.03310106187795325,1,-0.015998870134353638,20,0.049956995932782286,61
2023-06-13,563.116943359375,56174363.0,14.609999656677246,-0.002428503258042558,0.011533202169796253,0.0016405400768413347,75.37316189079243,14.747635610194152,12.515172416909781,0.034234371744674474,0.010563590262784972,0.1584259362911713,0.1254903265541769,0.014034064873116151,1.0,-0.00505912135431319,0,-0.015998870134353638,20,0.049956995932782286,61
2023-06-14,560.26806640625,23583314.0,13.880000114440918,0.005711590231484154,0.015226728098931996,-0.004340447382571333,69.7478996135451,15.659106429026792,13.143959219333183,0.058928825573761445,0.04770321070829642,0.1742574620349926,0.14922490819293976,0.014731119751297638,1.0,0.00638547134506795,1,-0.015998870134353638,20,0.049956995932782286,61
2023-06-15,563.8456420898438,27392154.0,14.5,-0.01666012657217497,-0.008473812796644165,0.005013448997665648,63.916063282389,16.48016104043279,13.811199583553105,0.03873252306428765,0.05734773135347493,0.13680168053958086,0.1346152229792834,0.014771851687884177,0.9704427664218023,-0.0033840485981506685,0,-0.015998870134353638,20,0.049956995932782286,61
2023-06-16,561.9375610351562,38128802.0,13.539999961853027,-0.005799533865712303,-0.009417367967030188,-0.002538162116159981,61.90564841751033,16.783417748249462,14.405643216492377,0.06219586203344041,0.07761783512600995,0.12031589400371501,0.15294646963421776,0.014641225208028286,1.0,-0.01018683503524842,0,-0.015998870134353638,20,0.049956995932782286,61
2023-06-19,556.2131958007812,14346885.0,13.539999961853027,0.0,0.0,0.001784501265216898,59.50334264787741,16.37310349495624,14.79913527218515,0.04735945380868589,0.05295033119475079,0.11232712435641301,0.16031001808119538,0.014534213345417709,0.9803521121228072,0.0,0,-0.015998870134353638,20,0.049956995932782286,61
2023-06-20,556.2131958007812,16221413.0,13.880000114440918,-0.005642205161914049,-0.006964023895757676,0.0027289097851679323,64.47209085926247,15.865044139869497,15.012317045722021,0.020435364250082744,0.055369327851232386,0.10306948886154244,0.14177375419230498,0.014684697944752759,0.9214071915090857,-0.0034303753199962372,0,-0.015998870134353638,20,0.049956995932782286,61
2023-06-21,554.30517578125,21703937.0,13.199999809265137,-0.022504407791686387,-0.02682069014724231,0.005244933169579857,68.0151487484801,15.133986989569735,15.036651034491564,-0.01225988249866572,0.045946482597777116,0.10515083773747547,0.14624257647945438,0.014650587216965119,0.9214071915090857,0.0,0,-0.015998870134353638,20,0.049956995932782286,61
2023-06-22,554.30517578125,21703937.0,12.90999984741211,0.014659620818122665,0.0056737095017267425,-0.0009788985314920229,63.606999629564015,14.388754327772858,14.907071693147824,-0.01064292431165681,0.027677371441258147,0.11184885565732894,0.15132285542453383,0.014584256025987478,0.9017599321229642,0.0,0,-0.015998870134353638,20,0.049956995932782286,61
2023-06-23,554.30517578125,21703937.0,13.4399995803833,-0.011829632530257372,-0.01769256420448162,0.0022895214931535346,69.72188360369363,13.640908175906134,14.653838989699487,-0.01692035123874125,0.04422313496349717,0.07499204859171593,0.17212986006954245,0.01420678684196984,0.9017599321229642,-0.012048247163317649,0,-0.015998870134353638,20,0.049956995932782286,61
2023-06-26,547.6267700195312,27142262.0,14.25,-0.01766268739461474,0.0025836350010901565,0.00010326359102408311,61.14801300816918,12.366786563954292,14.196428504550449,-0.013582265687750894,0.033133939436478466,0.03130853941934353,0.18763093890761073,0.013967985192734003,0.8998004162188825,-0.00348460715331389,0,-0.015998870134353638,20,0.049956995932782286,61
2023-06-27,545.718505859375,21501718.0,13.739999771118164,0.019678265636317027,0.03602052804210709,0.00022582732332154798,54.849495518049615,11.075384894361832,13.572219782512725,-0.01543729247359571,0.00468260508175411,0.015295660465985295,0.16856707311315544,0.014191194007175877,0.826193030192036,0.003496792100079471,1,-0.015998870134353638,20,0.049956995932782286,61
2023-06-28,547.6267700195312,18175426.0,13.430000305175781,-0.011363690293129114,-0.009040698997426877,-0.0003386645052837478,64.29529462244048,10.089613947834778,12.875698615577136,-0.018868106727128353,-0.03089666845434713,0.015332671968486977,0.1447773183558425,0.014073135378990888,0.8057434200198839,-0.0017424707575535159,0,-0.015998870134353638,20,0.049956995932782286,61
2023-06-29,546.6725463867188,16937929.0,13.539999961853027,-0.0027744420189149688,0.0013021131014181453,0.002032675426720365,59.392305779706604,9.12618452388881,12.125795797239471,-0.012048247163317649,-0.022562942892327076,0.03349085487361503,0.1487803666390195,0.014063355316999657,0.826193030192036,0.00523575524555242,1,-0.015998870134353638,20,0.049956995932782286,61
2023-06-30,549.5347900390625,22654976.0,13.59000015258789,0.002782160963194613,0.016291421032377018,0.001957740034576938,54.61538558701712,8.495685927264617,11.399773823244502,-0.013769724202509326,-0.030457086871283456,0.04479673510753268,0.1490677974636352,0.014061071319060165,0.8159672439956046,0.005208373826494306,1,-0.015998870134353638,20,0.049956995932782286,61
2023-07-03,552.39697265625,14785585.0,13.569999694824219,0.022096853649285153,0.008320054152735512,0.0009223125029154122,33.8264815626531,8.133210871710617,10.746461232937724,-0.008606063862680036,-0.0220714397045223,0.02971020144792913,0.1667281331241659,0.013902809486639788,0.8466400240699073,0.010362553466824798,1,-0.015998870134353638,20,0.049956995932782286,61
2023-07-04,558.1212158203125,17219541.0,13.569999694824219,0.0,0.0,-0.0018686456158967246,47.019576873801014,8.213169062108364,10.239802798771853,0.008710681978802093,-0.006861079840144835,0.048128354632005044,0.16809478704548475,0.01390453188360203,0.8773121500706399,-0.005128136148389473,0,-0.015998870134353638,20,0.049956995932782286,61
2023-07-05,555.2590942382812,14913592.0,14.180000305175781,-0.020940369476511567,-0.021951508593128555,-0.00031523483706941136,37.83789391419214,7.953899608587108,9.782622160734904,0.022727303230089646,0.0034303753199962372,0.04953447159771729,0.17547846787697852,0.013941379262640625,0.9386550939249647,-0.02920955683321491,0,-0.015998870134353638,20,0.049956995932782286,61
2023-07-06,539.0402221679688,28564891.0,15.4399995803833,-0.015644959719212537,-0.012376067624886744,0.004704298353081393,26.923218877256005,6.366312383169884,9.0993602052219,0.013937091166083437,0.0017209264836590688,0.029445928646428587,0.1601690919736023,0.013995440225114357,0.9079836219978024,0.0,0,-0.015998870134353638,20,0.049956995932782286,61
2023-07-07,539.0402221679688,18796190.0,14.829999923706055,0.008248430111595262,6.708341184191724e-05,0.0032891535876820033,30.434939822708557,5.049925669430763,8.289473298063674,-0.013961418529605196,-0.027538897849486044,0.015466380717667372,0.1130307231608556,0.014816884848284018,0.7341766521898383,0.0,0,-0.015998870134353638,20,0.049956995932782286,61
2023-07-10,539.0402221679688,18454982.0,15.069999694824219,-0.004589502873054818,0.020647203000440317,-0.002167456816167368,30.434939822708557,3.9610195470490908,7.423782547860758,-0.019097185585552734,-0.027538897849486044,0.004682569413500204,0.1285202146295974,0.014596419266273699,0.7341766521898383,0.0212389891565945,1,-0.015998870134353638,20,0.049956995932782286,61
2023-07-11,550.4888916015625,17850636.0,14.84000015258789,0.014934547475259352,0.0005285167019970505,0.0032310640020125625,46.428538788789936,3.9760323171273058,6.734232501714068,-0.024179622897015807,-0.015679561923636842,-0.01107037803822608,0.13756647832242197,0.014502345878253067,0.7341766521898383,0.001732856868838839,1,-0.015998870134353638,20,0.049956995932782286,61
2023-07-12,551.4428100585938,15588228.0,13.539999961853027,0.026071364651033102,0.018595698095117408,-0.0030134404822088623,47.368249746067555,4.018579608579898,6.191101923087235,-0.013675029729038668,0.00874147695371863,-0.022425274015868912,0.16875380493786007,0.014689677369148207,0.8568645021191984,0.012110785814777758,1,-0.015998870134353638,20,0.049956995932782286,61
2023-07-13,558.1212158203125,25442137.0,13.609999656677246,0.01607311974255987,0.020330652324215936,-0.007410692182331924,53.12483756562349,4.5388689192444645,5.8606553223186815,-0.006872979153853875,0.006968322675179772,-0.01575184608372282,0.171960472512789,0.014673766579389246,0.852862444110566,0.010256600371511881,1,-0.015998870134353638,20,0.049956995932782286,61
2023-07-14,563.8456420898438,23121873.0,13.34000015258789,-0.004073218174865723,-0.012304022286569793,-0.0024489496393167443,63.49192809720809,5.3514273816451805,5.7588097341839815,0.03539808880235662,0.02094246273983358,-0.010152470538415725,0.16383996277446333,0.014534166837031863,0.9193739659981285,0.0,0,-0.015998870134353638,20,0.049956995932782286,61
2023-07-17,563.8456420898438,13807834.0,13.479999542236328,-0.0033287045094171352,0.023170839593770864,-0.00025192838579823906,65.57379112310424,5.9270623321683615,5.792460253780858,0.04601775322462931,0.026041758065515674,0.0033955392680506957,0.1440606950956913,0.014073244053737197,1.0,-0.01692035123874125,0,-0.015998870134353638,20,0.049956995932782286,61
2023-07-18,554.30517578125,20932006.0,13.300000190734863,-0.015650355793940585,0.0013160387748223368,0.0,55.072481236469166,5.549450666711323,5.7438583363669515,0.04601775322462931,0.02072543840807417,0.01372215968028967,0.12031589400371501,0.013793338028135623,1.0,0.0,0,-0.015998870134353638,20,0.049956995932782286,61
2023-07-19,554.30517578125,22499123.0,13.760000228881836,-0.0008725603073679311,-0.010592498926345728,-0.0015186069095689536,55.88251619828755,5.190359468228394,5.63315856273924,0.006932536219912855,-0.006837296148030858,-0.0034303753199962372,0.09721920182171218,0.014123393582989884,0.8539023916075027,-0.0034425136339572004,0,-0.015998870134353638,20,0.049956995932782286,61
2023-07-20,552.39697265625,15108109.0,13.989999771118164,-0.05045611499404212,-0.03624990599873523,0.004540036607663556,52.238825922141906,4.697649482599559,5.446056746711304,0.005190684637545795,-0.0017179699836161744,0.0,0.09928554651071098,0.01411277394145437,0.8539023916075027,-0.03281541559379442,0,-0.015998870134353638,20,0.049956995932782286,61
2023-07-21,534.2698364257812,46711021.0,13.600000381469727,-0.006233262820563801,0.009552792572597113,-0.0001771974418194322,38.554144432942735,2.8120493161281956,4.919255260594682,-0.010256272296779056,0.02477876406803503,-0.0034425136339572004,0.09756830960435581,0.014126233019254761,0.8246811875413587,-0.003571266594977085,0,-0.015998870134353638,20,0.049956995932782286,61
2023-07-24,532.36181640625,25268835.0,13.90999984741211,0.010282466488601205,-0.0017654214484151831,0.009156598400786198,32.91142520726946,1.150474377122464,4.165499083900239,-0.05245372750322663,-0.008849776966552647,-0.03614496171216608,0.07166112133987923,0.0150322336780827,0.3865099802749355,0.019713568203309828,1,-0.015998870134353638,20,0.049956995932782286,61
2023-07-25,542.8565673828125,19590349.0,13.859999656677246,0.021068975961390457,0.01704888796377979,-0.0007024221354253735,42.52885649807084,0.672747942959063,3.4669488557120043,-0.055837667853389394,-0.012389438648676032,-0.027874739601821963,0.032436182476504705,0.014142988881437515,0.22477009758172262,-0.005272559685780442,0,-0.015998870134353638,20,0.049956995932782286,61
2023-07-26,539.9943237304688,13314305.0,13.1899995803833,-0.00907078539111228,-0.014885721147351094,-0.0042811141890044535,50.68496271965955,0.06246707847935795,2.786052500265475,-0.020653980692678098,-0.013864628942002688,-0.005244349322652386,0.010007912757982185,0.012899325822839123,0.4831835717645715,0.0053005069249068,1,-0.015998870134353638,20,0.049956995932782286,61
2023-07-27,542.8565673828125,12200358.0,14.40999984741211,-0.0006037248794487082,0.01862476588207196,0.001540150649083527,52.63165426324876,-0.18805794653542307,2.1912304109052956,-0.025817641032507388,-0.020760967627646676,-0.013937314073945495,0.001145165968156947,0.012917348653728533,0.4127062133392246,-0.003515002312753035,0,-0.015998870134353638,20,0.049956995932782286,61
2023-07-28,540.9484252929688,18540078.0,13.329999923706055,0.015198804387047682,0.022156052990268682,0.0026366433109039633,51.28210806386263,-0.5344115892949048,1.6461020108652555,-0.017270922444707848,-0.027350059458077447,-0.006980374319376925,0.010007912757982185,0.012928603717071805,0.4831835717645715,-0.0035275139658028642,0,-0.015998870134353638,20,0.049956995932782286,61
2023-07-31,539.0402221679688,24208467.0,13.630000114440918,-0.016954350781783756,0.0025624319848203125,0.0018276753650217081,41.17652039502093,-0.9519024522626296,1.1265011182396787,0.01250040412512643,-0.04060901616975965,-0.015624788278615465,0.020887365456270235,0.012741538251786927,0.43619916710625783,0.003540001370074819,1,-0.015998870134353638,20,0.049956995932782286,61
2023-08-01,540.9484252929688,16259643.0,13.930000305175781,-0.007564229993410221,-0.0008856161721302325,0.0014479631182464647,42.0292314054031,-1.1159272101174338,0.6780154525682562,0.012544862452386063,-0.04399328126388624,-0.024179622897015807,0.03020989061033119,0.012590207522871181,0.3261931367900285,-0.0105823162376103,0,-0.015998870134353638,20,0.049956995932782286,61
2023-08-02,535.2239379882812,25583234.0,16.09000015258789,-0.027439055640574028,-0.037999451757577574,0.0062454493864865235,32.35318744196505,-1.688373774507454,0.20473760715311418,-0.003515002312753035,-0.024096384215528843,-0.030768926248581296,0.013621197561974885,0.012229946156555491,0.3780269846375245,0.0,0,-0.015998870134353638,20,0.049956995932782286,61
2023-08-03,535.2239379882812,25583234.0,15.920000076293945,-0.007523398068404186,-0.0009483832952458249,0.0011109649518115106,25.806687936207894,-2.117631068265837,-0.259736127930676,-0.008834140531759682,-0.034423704895187424,-0.03608253598706879,0.015543917240858462,0.01218527155240749,0.133081295928271,-0.012477664492481555,0,-0.015998870134353638,20,0.049956995932782286,61
2023-08-04,528.5455932617188,26279173.0,17.100000381469727,0.012423698618384993,-0.0023948045258006534,0.00032876483677957147,23.188659757492815,-2.9625566632922755,-0.800300235002996,-0.014060121684313809,-0.031088212857848685,-0.007079776281515238,0.006476652419232565,0.012109810026856075,0.133081295928271,0.007220234532617775,1,-0.015998870134353638,20,0.049956995932782286,61
2023-08-07,532.36181640625,14369551.0,15.770000457763672,0.0019757082532523285,0.010869907403832535,0.0003634997101045201,31.7461768110644,-3.2863460192244247,-1.2975093918472818,-0.02292793813852556,-0.010714142505886537,-0.019469101700874236,-0.0200806889372781,0.01205593443345784,0.0,-0.01075277200197744,0,-0.015998870134353638,20,0.049956995932782286,61
2023-08-08,526.637451171875,19010690.0,15.989999771118164,-0.019304590304059843,-0.01604263550784013,0.00042652007585042284,28.985655053737915,-3.9592204219792393,-1.8298515978736734,-0.012389438648676032,0.0,-0.012389438648676032,0.0028853222939726475,0.011859508081010045,0.10810815483888817,0.0036232555918644938,1,-0.015998870134353638,20,0.049956995932782286,61
2023-08-09,528.5455932617188,14389090.0,15.960000038146973,-0.005397224457466154,-0.018736633184047835,0.004105387823833073,31.88425012076209,-4.289065437802833,-2.3216943658595053,-0.026455339274429335,-0.029877351008448017,-0.04332774156494856,-0.018434161620199507,0.01185469776799537,0.0,-0.005415089291292308,0,-0.015998870134353638,20,0.049956995932782286,61
2023-08-10,525.6834716796875,17892615.0,15.850000381469727,0.008725264326470583,-0.0037280253623653836,-0.002720516060018996,41.509659430392354,-4.726930172552443,-2.802741527198093,-0.012477664492481555,-0.02120157558260649,-0.041522377985927617,-0.03032394942320693,0.011591057834853214,0.05128285043609205,-0.00907451910517354,0,-0.015998870134353638,20,0.049956995932782286,61
2023-08-11,520.9131469726562,17608427.0,14.84000015258789,-0.02964140024586115,-0.022927303783500275,0.0010249841079341682,39.28584892404391,-5.396657161620283,-3.321524654082531,-0.01782518611640016,-0.031634683514871864,-0.058119532497880044,-0.06647548457052532,0.010306735040809326,0.0,-0.009157268595128998,0,-0.015998870134353638,20,0.049956995932782286,61
2023-08-14,516.1430053710938,20939030.0,14.819999694824219,0.011740228821667253,0.028709194901746615,0.00480438042102449,22.000232864916597,-6.240395788944966,-3.905298881055018,-0.014440469065235662,-0.03703731702234225,-0.07614228418625713,-0.07024301721500847,0.010358248127584443,0.0,0.001848285227660229,1,-0.015998870134353638,20,0.049956995932782286,61
2023-08-15,517.0969848632812,14066307.0,16.459999084472656,-0.014934830937945898,-0.01700756228542022,0.0003135457817806664,25.000133279310788,-6.754228021358813,-4.4750847091157775,-0.03046576695647074,-0.04247775185455471,-0.08460229743364589,-0.08460229743364589,0.0103407018249785,0.0,0.0,0,-0.015998870134353638,20,0.049956995932782286,61
2023-08-16,517.0969848632812,28269840.0,16.780000686645508,0.0010907002449764835,-0.02078804590499983,-0.001225512175489496,20.000028432960065,-7.079831872721684,-4.996034141836959,-0.018115814375457506,-0.04409189363435151,-0.06712582264007672,-0.07979636757022135,0.010355744665033978,0.019998464609243052,0.0036901048462858466,1,-0.015998870134353638,20,0.049956995932782286,61
2023-08-17,519.005126953125,22843138.0,17.889999389648438,-0.00152554166031027,-0.009692300094118256,0.0015031977294908128,24.44452658410684,-7.102036297560062,-5.41723457298158,-0.021660588120292035,-0.03386797906149874,-0.06712582264007672,-0.07032593119475405,0.010276523124097804,0.019998464609243052,-0.00919140388880657,0,-0.015998870134353638,20,0.049956995932782286,61
2023-08-18,514.2347412109375,17592345.0,17.299999237060547,-0.0058925786908499145,0.004755724785265203,-0.0005138810643254832,22.9167416363789,-7.419041632094377,-5.817595984804139,-0.012704117755925504,-0.030302850608881715,-0.06044900199680192,-0.06689533640798961,0.010306990723871309,0.05999923230462153,-0.0037104066812719827,0,-0.015998870134353638,20,0.049956995932782286,61
2023-08-21,512.3267211914062,16633821.0,17.1299991607666,0.01602642925022546,0.028301287499604255,0.00017556763480008897,18.749966679994657,-7.73506687715269,-6.201090163273849,-0.012820574409632468,-0.027075908366707258,-0.03749995573187659,-0.072289482979906,0.010370153199526324,0.0,0.007448926674784362,1,-0.015998870134353638,20,0.049956995932782286,61
2023-08-22,516.1430053710938,14594304.0,16.969999313354492,-0.0034572125649895424,-0.009281792245085962,0.0004451197536554652,28.26103282728542,-7.590083167326952,-6.478888764084471,-0.007393850425123305,-0.03763435805763127,-0.03763435805763127,-0.07573166628054373,0.010370841618646078,0.0,0.020332438280813214,1,-0.015998870134353638,20,0.04606648155900299,61
2023-08-23,526.637451171875,20636332.0,15.979999542236328,0.021465547465265855,0.021067630544012284,0.001904946196743973,42.10523952919099,-6.552831499824833,-6.493677311232544,-0.001844875371763588,-0.019927268327440406,-0.04920924534542992,-0.06884685923484235,0.010465990598844812,0.07407539042230295,0.021739417655220583,1,-0.015998870134353638,20,0.04606648155900299,61
2023-08-24,538.0862426757812,23280827.0,17.200000762939453,-0.017936605887009183,-0.0335118338400604,-0.0037901822213773917,58.06460599957075,-4.752199885375376,-6.145381826061111,0.018450052094417524,-0.003610175005089644,-0.024735209189459262,-0.03832778088424649,0.010865822473378393,0.2777761981599031,-0.03191513616428299,0,-0.015998870134353638,20,0.04606648155900299,61
2023-08-25,520.9131469726562,24144537.0,15.680000305175781,0.006160078970133709,0.004121981246762996,-0.0013090351627094154,42.10526315789473,-4.657226056806621,-5.847750672210213,0.03676479235315844,0.023593610345906235,-0.008787449565231698,-0.013985714432708796,0.011401775473965085,0.5000011847134059,0.005494665797893594,1,-0.015998870134353638,20,0.04606648155900299,61
2023-08-28,523.775390625,8991985.0,15.079999923706055,0.009667008395123355,0.012077930005359727,-6.600817961854855e-05,47.94528351161441,-4.301415431879946,-5.53848362414416,0.012987076186241842,0.0,-0.03703731702234225,-0.04878071071274004,0.012383383730310742,0.1666654819532607,0.005464289842750825,1,-0.015998870134353638,20,0.04606648155900299,61
2023-08-29,526.637451171875,10516678.0,14.449999809265137,0.011489612863445853,0.025919535803867744,0.0001886243790714115,48.648625283238424,-3.745314922208081,-5.179849883756944,0.02234642262455111,0.01478734609300525,-0.02831853897947545,-0.04188459053424132,0.012424718593575568,0.2222226171266909,0.00543494133577993,1,-0.015998870134353638,20,0.04606648155900299,61
2023-08-30,529.4996948242188,15117416.0,13.880000114440918,-0.003155426536788908,0.00395359594810385,-0.0016028849651440469,52.702701534434205,-3.0386148592045856,-4.751602878846473,0.020332438280813214,0.018450052094417524,-0.026455339274429335,-0.04166676847804285,0.012427539986439844,0.2777761981599031,-0.010810779033818108,0,-0.015998870134353638,20,0.04606648155900299,61
2023-08-31,523.775390625,40431378.0,13.569999694824219,-0.012766315435253528,0.00741234998153506,0.0010010172886230073,52.00005459153166,-2.9069440353166556,-4.38267111014051,0.00543494133577993,0.02398526838097248,-0.010695043247837432,-0.04145076632467348,0.012430321443783428,0.3333333333333333,-0.0018217018491794024,0,-0.015998870134353638,20,0.04606648155900299,61
2023-09-01,522.8212280273438,13669766.0,13.09000015258789,-0.004061130849418726,0.0032444520793881715,0.0002830540251703706,54.92943913528475,-2.8467711009118375,-4.075491108294776,-0.02659583337350646,0.00919116868821579,-0.02139020053234597,-0.06153828993013977,0.012390393114255813,0.2222226171266909,0.01642348740115307,1,-0.015998870134353638,20,0.04606648155900299,61
2023-09-04,531.4077758789062,9531157.0,13.09000015258789,0.0,0.0,0.0017354415040899962,59.49360015677713,-2.0822184478955705,-3.6768365762149355,0.0036629543058694924,0.016697601558748332,-0.01083040953770753,-0.0584193335103077,0.012376857023438102,0.20370199245100618,-0.008976768733091056,0,-0.015998870134353638,20,0.04606648155900299,61
2023-09-05,526.637451171875,12220686.0,14.010000228881836,0.0151303569121497,0.0002579398369748631,-0.00016324073626783342,55.95229663275276,-1.8400196969720355,-3.3094732003663556,0.014571866854605098,0.03724391857431786,-0.0017920904504085122,-0.014159326104396297,0.01186452929243277,0.37036984383107885,-0.003623023799932068,0,-0.015998870134353638,20,0.04606648155900299,61
2023-09-06,524.7294311523438,14067008.0,14.449999809265137,-0.024735819177773566,-0.007961929918368638,0.0014658741223405602,53.57139865151493,-1.7815006806044948,-3.0038786964139836,0.0,0.020332438280813214,0.0,-0.0230089898416318,0.011940152462888617,0.2777761981599031,-0.014545489229184416,0,-0.015998870134353638,20,0.04606648155900299,61
2023-09-07,517.0969848632812,20717005.0,14.399999618530273,-0.02395388340300575,-0.019797686741398812,0.0009215558948310054,51.72418103698671,-2.3242065605768403,-2.8679442692465553,-0.009009001739762268,-0.003623023799932068,-0.007220119055056373,-0.026548651523755185,0.011949652499226632,0.24074087237556363,-0.005535216286555067,0,-0.015998870134353638,20,0.04606648155900299,61
2023-09-08,514.2347412109375,15283568.0,13.84000015258789,-0.004552984257389925,-0.0045001735580657565,0.0030531171425924875,51.136304982352584,-2.9512439195958677,-2.884604199316418,-0.012750514593191653,-0.03900723740515122,-0.016333948619252414,-0.06065863861690768,0.0116281001290918,0.09259246095776971,-0.0055658474043770445,0,-0.015998870134353638,20,0.04606648155900299,61
2023-09-11,511.3725891113281,14631968.0,13.800000190734863,-0.0004461733810622315,0.0009085808550355345,0.0016733677994777985,47.12636198018637,-3.637199921991737,-3.035123343851482,-0.01642337065922883,-0.012820574409632468,-0.012820574409632468,-0.06747403025112009,0.011634077132795103,0.03703532578433951,0.014925590468313654,1,-0.015998870134353638,20,0.04606648155900299,61
2023-09-12,519.005126953125,16028336.0,14.229999542236328,0.00982125952929147,-0.007884023369777227,-0.00556332326305542,45.2382004108046,-3.5243168490588914,-3.132962044892964,-0.03770209559775728,-0.023679618660342405,-0.009242431283817965,-0.08376070535192681,0.011444332029155613,0.0,-0.0055146306527521505,0,-0.015998870134353638,20,0.04606648155900299,61
2023-09-13,516.1430053710938,16191392.0,13.479999542236328,0.008178718952045472,0.005470031139030773,0.0017958901124717208,34.66676731928803,-3.624029931235782,-3.231175622161528,-0.014492558783593013,-0.014492558783593013,0.0036901048462858466,-0.07952622453641989,0.011588227561644515,0.14545633250883866,0.022304533785719727,1,-0.015998870134353638,20,0.04606648155900299,61
2023-09-14,527.6553344726562,17144287.0,12.819999694824219,0.007944949516539124,0.006676109208370695,-0.002155596677621885,55.11595466111154,-2.742490794568994,-3.1334386566430212,-0.016363529986098913,-0.025225112655747783,-0.001844875371763588,-0.08460229743364589,0.011597351847012874,0.11111411237440602,0.014545456648588972,1,-0.015998870134353638,20,0.04606648155900299,61
2023-09-15,535.330322265625,42517441.0,13.789999961853027,-0.024270349852880124,-0.030087379570582606,-0.000815148181333325,58.17105541432339,-1.4083230339856527,-2.788415532111548,0.020418509328896217,0.0074076482345351025,0.01666690186725739,-0.048077922546966745,0.011943738799530795,0.3792630871863038,-0.032258097616970405,0,-0.015998870134353638,20,0.04606648155900299,61
2023-09-18,518.0615844726562,36684692.0,14.0,-0.004705872979760661,0.004625510550277934,0.00028554359396615325,44.96207943526469,-1.7245487659137098,-2.5756421788719805,0.04102325137545337,0.023926140653238726,0.04102325137545337,-0.034231781236538916,0.012184934633140966,0.5839876454953443,-0.0037034981828883984,0,-0.015998870134353638,20,0.04606648155900299,61
2023-09-19,516.1429443359375,18901683.0,14.109999656677246,-0.007429767687012312,-0.009577734798716264,0.0006430824687451153,42.06556908676654,-2.105704905642142,-2.4816547242260127,0.013080473032299977,-0.02511478381018506,0.01119376180089482,-0.06215708970758649,0.013115579519631316,0.21245712036926645,-0.005576193232035176,0,-0.015998870134353638,20,0.04606648155900299,61
2023-09-20,513.2648315429688,24635567.0,15.140000343322754,-0.009980808481151238,-0.017406652924101707,0.0025549508158961842,43.537798652358674,-2.6099279170549607,-2.5073093627918026,-0.005514748253047652,-0.019927384223406674,-1.1825241374996409e-07,-0.03392834641594422,0.01215090322414937,0.1515169138879115,-0.014953389276745055,0,-0.015998870134353638,20,0.04606648155900299,61
2023-09-21,505.58978271484375,32012694.0,17.540000915527344,-0.022110318978551757,-0.01764145683454532,0.0009036943995639479,40.21432676356674,-3.5874862750544025,-2.7233447452443227,-0.005576310825050612,-0.021848592681751988,-0.02539245851040306,-0.03587219119544849,0.012166188987155943,0.06010175764078913,-0.009487621479738917,0,-0.015998870134353638,20,0.04606648155900299,61
2023-09-22,500.7929382324219,29049309.0,17.200000762939453,0.0032802802307119183,0.007918876449352963,0.004033278269981899,31.831937448317603,-4.69515080171368,-3.1177059565381944,-0.04181811556944648,-0.022253469823421912,-0.06039266084808259,-0.06864941295200155,0.011914092267349874,0.0,0.005747172315778704,1,-0.015998870134353638,20,0.04606648155900299,61
2023-09-25,503.67108154296875,17116402.0,16.899999618530273,0.007006018324823504,0.007182121479708536,-0.0002178097385048261,36.057728291679794,-5.279877664759624,-3.550140298182481,-0.06451602421292713,-0.02613942991650542,-0.03862488181986801,-0.07259592142974769,0.011963240987967493,0.0,-0.011428722731187446,0,-0.015998870134353638,20,0.04606648155900299,61
2023-09-26,497.9147644042969,26392692.0,18.940000534057617,-0.022611397395371102,-0.017654683766628376,-0.0008777210926956824,34.4481727293677,-6.13702084584628,-4.067516407715241,-0.02777759123818424,-0.015060462238977612,-0.038383454896652514,-0.07218386622595807,0.011969833401060646,0.07167496950559159,0.0057804548767868,1,-0.015998870134353638,20,0.04606648155900299,61
2023-09-27,500.7929382324219,16846401.0,18.219999313354492,0.013643498046824742,0.009547574138495829,0.002710100200153054,39.99216233703225,-6.509036299487207,-4.555820386069634,-0.03531614668314953,-0.04063613527797183,-0.05453977248231079,-0.07955224357177038,0.012060846175031819,0.0,0.001915663166744297,1,-0.015998870134353638,20,0.04606648155900299,61
2023-09-28,501.7522888183594,19733331.0,17.34000015258789,0.01135297580996486,0.017724728516556265,0.001118344873288768,42.154680300704804,-6.649794955176787,-4.974615299891065,-0.02429913865918709,-0.029739949934293075,-0.054214869002572,-0.07095441557537197,0.012115613860565878,0.06688191914628966,0.0,0,-0.015998870134353638,20,0.04606648155900299,61
2023-09-29,501.7522888183594,19733331.0,17.520000457763672,0.0056707354483049865,0.003887777767865863,-0.005120149624754378,43.7279100620687,-6.684294814133864,-5.316551202739625,-0.007590133400003363,-0.049090843893741076,-0.04204684336230713,-0.07245817649507236,0.012101131937938754,0.09552858344241111,0.019120429933693783,1,-0.015998870134353638,20,0.04606648155900299,61
2023-10-02,511.34600830078125,25427911.0,17.610000610351562,0.008630520599701486,0.004239612388045266,0.005745343056007934,45.13104094772563,-5.86983936242126,-5.427208834675952,0.001915663166744297,-0.0627239520174323,-0.04029855346248956,-0.06253765348338125,0.012021965175831258,0.09552858344241111,-0.0075046912153210465,0,-0.015998870134353638,20,0.04606648155900299,61
2023-10-03,507.5085144042969,14490129.0,19.780000686645508,-0.025556168811062818,-0.02095481609373595,0.0019166355232618226,44.57822505880049,-5.47096535225279,-5.435960138191319,0.015237973826690121,-0.01296289161974995,-0.03775211520935018,-0.04461297037133416,0.012433792110770172,0.3343477630002606,-0.017013068941089116,0,-0.015998870134353638,20,0.04606648155900299,61
2023-10-04,498.8742370605469,28358964.0,18.579999923706055,0.014752433886103367,0.014316214226094415,0.0001516111518740093,31.25006212874348,-5.784884302166347,-5.505744970986325,0.019267856038528874,-0.01672875707474708,-0.03632278092834518,-0.039801824337612035,0.012345291651246038,0.23881993924057557,0.015384492097716862,1,-0.015998870134353638,20,0.04606648155900299,61
2023-10-05,506.5491638183594,24945684.0,18.489999771118164,0.004153599686119058,-0.005238061565079888,-0.0006344507962983137,31.250007455455147,-5.352662720396609,-5.475128520868382,-0.003831326333488594,-0.02803736706284954,-0.049273382731776616,-0.06290379646640254,0.01252193666653617,0.023884424908781097,0.007575999016302681,1,-0.015998870134353638,20,0.04606648155900299,61
2023-10-06,510.38677978515625,15336587.0,17.450000762939453,0.02596827365799248,0.020026528145129507,-0.002709645805099248,43.93953999034136,-4.646893965585889,-5.3094816098118836,0.009560245377847165,0.0018975484400893805,-0.020398148420282647,-0.03814443372535525,0.012697549927063153,0.2149385530626989,0.0,0,-0.015998870134353638,20,0.04606648155900299,61
2023-10-09,510.38677978515625,15336587.0,17.700000762939453,-0.0033601221090353572,-0.0022616945075542016,-0.0026612155142728966,45.31257144788455,-4.0409851808699955,-5.0557823240235065,0.017208672803728176,0.019157301991111098,-0.007482888878180272,-0.034356191231303734,0.01274604446708651,0.31046941555328833,0.0,0,-0.015998870134353638,20,0.04606648155900299,61
2023-10-10,510.38677978515625,15336587.0,17.030000686645508,0.018204536977774355,0.01289744890005573,0.0006008641088628419,47.54104772205089,-3.52021920787746,-4.748669700794298,-0.0018758893196654247,0.013333499754669909,-0.0019277711538763231,-0.029098673857206436,0.012725101265585138,0.31046941555328833,0.02255632713825606,1,-0.015998870134353638,20,0.04606648155900299,61
2023-10-11,521.8992309570312,46639969.0,16.09000015258789,0.015340352127916956,0.007334708381162347,-0.003758872824822568,63.076994602107284,-2.153723047715289,-4.229680370178496,0.005671363729213175,0.025048494787618614,-0.016605514513052477,-0.020207528354151072,0.012654958019320959,0.31046941555328833,0.011029147341470091,1,-0.015998870134353638,20,0.04606648155900299,61
2023-10-12,527.6553344726562,34161176.0,16.690000534057617,0.00456529400974337,0.003049903139558996,0.0013337411367397856,71.21209857419163,-0.5993861967951943,-3.5036215355018356,0.04615390450337076,0.042145747500164976,0.011152385145273724,0.011152385145273724,0.013059807372210188,0.5970521271496172,0.005454763128961426,1,-0.015998870134353638,20,0.04606648155900299,61
2023-10-13,530.5335693359375,31123496.0,19.31999969482422,-0.021207628683510782,-0.02695418030831198,0.0034498526735733392,71.21214019874438,0.8548324783105272,-2.631930732739363,0.04166657880786717,0.05162516690317309,0.0,0.020418509328896217,0.013161972953850189,0.7403404442168773,-0.01446654507192724,0,-0.015998870134353638,20,0.04606648155900299,61
2023-10-16,522.8585815429688,19875676.0,17.209999084472656,0.00840144499403861,0.01434708076896829,0.0007802568918739983,69.11774680883212,1.3721861749991149,-1.8311073511916676,0.03947357249194794,0.05736153308908443,-0.008960360977473991,0.025984650589693237,0.013183145654537482,0.8119891608468639,0.011009027591733611,1,-0.015998870134353638,20,0.04606648155900299,61
2023-10-17,528.61474609375,18364998.0,17.8799991607666,-0.002411644003443403,-0.007951468397977113,-0.0002609097479768785,70.42257559689659,2.2210640362847016,-1.0206730736963938,0.024435981204415924,0.02251425268859375,0.009259511251341834,0.0074246946508329525,0.013378812885490329,0.6209335133274939,-0.019963804829655984,0,-0.015998870134353638,20,0.04606648155900299,61
2023-10-18,518.0615844726562,26418940.0,19.219999313354492,-0.015384612713166712,-0.017616101283518426,0.004303052871834856,60.49380825197251,2.0189803619763325,-0.4127423865618486,0.03571402518746014,0.041587936143745674,0.024163464588009775,0.02796389222740947,0.013393705184807711,0.7642233497602061,0.01111108362106572,1,-0.015998870134353638,20,0.04606648155900299,61
2023-10-19,523.8178100585938,22881262.0,21.399999618530273,0.03694192816788511,-0.01338233526023802,0.0021748199303619486,63.21837021155081,2.2968304603340357,0.12917218281732828,-0.00735323268696475,0.03846129141718069,0.00934557100915634,0.01119376180089482,0.013755485353641485,0.5015205049763017,0.018315517258857383,1,-0.015998870134353638,20,0.04606648155900299,61
2023-10-20,533.4118041992188,45984177.0,21.709999084472656,-0.017220976237704244,-0.015330656978860824,-0.0014508549811510507,63.21849124790402,3.2536774436517817,0.754073234984219,-0.007272786160491984,0.03409076052966631,0.03605299783922011,0.014869531520594892,0.013813018765898933,0.6448118607744662,-0.021582899275112033,0,-0.015998870134353638,20,0.04606648155900299,61
2023-10-23,521.8992309570312,22747367.0,20.3700008392334,-0.002190266143337838,-0.0053073314412988015,-0.0005038966791286459,57.89477913771275,3.0478830272886626,1.2128351934451078,0.0054251701110712425,0.04511289344867975,0.06513443676328001,0.012863409186470554,0.013745533064691716,0.8836378774768505,0.0,0,-0.015998870134353638,20,0.04606648155900299,61
2023-10-24,521.8992309570312,15007814.0,18.969999313354492,0.005816993634086165,0.013763635367801452,-0.0029692153040949965,63.95345267425934,2.8519143759808685,1.54065102995226,-0.0018348184763582465,0.02255632713825606,0.0361905816752901,-0.030082560071143294,0.013730370352178183,0.6410292382015819,0.0,0,-0.015998870134353638,20,0.04606648155900299,61
2023-10-25,521.8992309570312,16526355.0,20.190000534057617,-0.04364887432417641,-0.041298544811049775,-0.000992725378481718,60.256419144733925,2.6658772346316937,1.765696270888147,-0.012703987518970505,0.02255632713825606,0.048169823968625014,0.0018929911638931873,0.01280922512272134,0.6410292382015819,-0.023897070647332597,0,-0.015998870134353638,20,0.04606648155900299,61
2023-10-26,509.4273681640625,28188348.0,20.68000030517578,-0.002168214930130974,-0.005433884890711171,0.005474476980509069,49.42526634310857,1.494834838584211,1.71152398442736,0.007407703252657605,0.0,0.042145747500164976,-0.0035819927807795304,0.012781076467884157,0.6410292382015819,0.003766268278112772,1,-0.015998870134353638,20,0.04606648155900299,61
2023-10-27,511.34600830078125,15679643.0,21.270000457763672,-0.016695330634258543,0.01212831652139612,-0.0006609096449337049,50.561711812818004,0.7133702390420922,1.5118932353503065,-0.02747222720991782,-0.03454521373655961,0.01529655074175773,-0.03267918559440952,0.013268292938722365,0.3076956329886716,-0.0018758893196654247,0,-0.015998870134353638,20,0.04606648155900299,61
2023-10-30,510.38677978515625,21404842.0,19.75,0.0008141538735200182,-0.01298698056408909,0.0017028794282381021,50.0,0.016462420615539486,1.2128070724033533,-0.04136728082267249,-0.03616653524709679,0.019120429933693783,-0.03428460242921216,0.013251948550171297,0.35897483999207197,-0.005639380749773659,0,-0.015998870134353638,20,0.04606648155900299,61
2023-10-31,507.5085144042969,25667058.0,18.139999389648438,0.002905104065135111,0.009641515266511691,-0.005136671932754799,40.74068983338328,-0.7593407999366946,0.8183774979353438,-0.022058762475591465,-0.023853107126993844,-0.0018758893196654247,-0.025561740928430554,0.01315779169834849,0.3333376834065641,-0.001890314268054305,0,-0.015998870134353638,20,0.04606648155900299,61
2023-11-01,506.5491638183594,13603347.0,16.8700008392334,0.017263419910863886,0.0233403695714145,0.004818957001067936,35.52640776024474,-1.4350397710431935,0.3676940441396363,-0.027573745464896438,-0.03992743646562957,0.0,-0.0292886225772111,0.013180088955662283,0.2564107165141558,0.03598489583731834,1,-0.015998870134353638,20,0.04606648155900299,61
2023-11-02,524.7772827148438,29401438.0,15.65999984741211,0.03052366886215574,0.023576805798275924,-0.0008054883399617463,46.73911239518316,-0.49398486753477755,0.19535826180475355,-0.02941193668847475,-0.022222108334891466,0.015384492097716862,-0.04677878869843921,0.012902409826294035,0.23077029737372484,0.003656336259650672,1,-0.015998870134353638,20,0.04606648155900299,61
2023-11-03,526.696044921875,15426176.0,14.90999984741211,0.014478445621978864,0.02553926279612173,-0.006727043338677685,52.325556449847014,0.402001969308003,0.23668700330540346,0.03013170377182761,0.001831691549668113,0.03598489583731834,-0.0035321613624172965,0.014044136267404472,0.7179504956228747,0.0018213342591617554,1,-0.015998870134353638,20,0.04606648155900299,61
2023-11-06,527.6553344726562,29215201.0,14.890000343322754,0.008824479273005004,-0.002802136181839665,-0.0021642199929325923,49.3826932622888,1.175929261833403,0.42453545501100337,0.030018884223038,-0.012590196213272287,0.03195471705513997,0.003747862522619272,0.014043100327169928,0.7692329651811982,0.009091156209207307,1,-0.015998870134353638,20,0.04606648155900299,61
2023-11-07,532.4523315429688,14777790.0,14.8100004196167,-0.002051650992033749,0.007712893354478112,0.0003926512985428232,60.00005937824195,2.151548083388775,0.7699379806865577,0.03383425153521635,0.011029147341470091,0.03383425153521635,0.020418509328896217,0.013850120437119863,0.7948717530441677,0.0018019878952724167,1,-0.015998870134353638,20,0.04606648155900299,61
2023-11-08,533.4118041992188,15314834.0,14.449999809265137,-0.004436884200101021,0.00034854526657812634,-0.0006791163810595524,57.14300645373551,2.9679418667766413,1.2095387579045744,0.04914955400886312,0.020220571252013153,0.04323300021035181,0.035426603595727135,0.013876596834555832,0.9230803738561686,0.001798174455304169,1,-0.015998870134353638,20,0.04606648155900299,61
2023-11-09,534.3709716796875,13165684.0,15.289999961853027,-0.004130405957348038,-0.0058542373567708195,0.0042331222103415556,50.81949688158361,3.6502587112714764,1.6976827485779549,0.053030667701372325,0.022058996371917106,0.022058996371917106,0.04309815496014502,0.013839083666545434,0.9487240555515227,0.0,0,-0.015998870134353638,20,0.04606648155900299,61
2023-11-10,534.3709716796875,12994933.0,14.170000076293945,0.06352321606584188,0.040378380691029614,0.0011640889396631326,63.26522530570061,4.143239045718815,2.1867940080061268,0.018281448684692503,0.04896400365280695,0.012727317944663419,0.029606344771138104,0.013666347094874813,0.9743595808595691,0.025134623867550276,1,-0.015998870134353638,20,0.04606648155900299,61
2023-11-13,547.8021850585938,43866014.0,14.760000228881836,-0.010468005409589809,-0.009741793762775064,0.0028615993590586086,71.42852093652645,5.553696625204566,2.8601745314458147,0.014571832904025195,0.0450281472919265,0.007233099968684709,0.035315728623481535,0.013630781076320748,0.9743595808595691,0.001751383341034085,1,-0.015998870134353638,20,0.04606648155900299,61
2023-11-14,548.7615966796875,21568576.0,14.15999984741211,0.02582447189451953,0.03621847708142978,-0.0031317602473895922,71.87496893557885,6.6720002526928965,3.622539675695231,0.03818183816159548,0.073307943613248,0.04770621425398769,0.03818183816159548,0.013745597859200619,1.0,0.01573444734737639,1,-0.015998870134353638,20,0.04606648155900299,61
2023-11-15,557.3960571289062,50305088.0,14.180000305175781,-0.0011121522866619493,0.00719563569254178,-0.005194670295959769,91.6667020110232,8.160918740233114,4.530215488602808,0.03063046994170704,0.081285497887287,0.038112539869185724,0.025089694820982,0.013578495617882639,1.0,0.0034421487417788388,1,-0.015998870134353638,20,0.04606648155900299,61
2023-11-16,559.314697265625,28291435.0,14.319999694824219,-0.002631497717001552,0.0032353766964878794,-0.002132410680105945,91.6667020110232,9.387502309864885,5.501672852855224,0.044963858581445804,0.10037898972582204,0.0759262486066965,0.0759262486066965,0.012732006658638698,1.0,-0.005145675184082821,0,-0.015998870134353638,20,0.04606648155900299,61
2023-11-17,556.4366455078125,22031704.0,13.800000190734863,0.01055408378626943,0.006592144153952928,-0.005361010585086534,88.70959632236747,10.011932575364995,6.403724797357178,0.04667866876737703,0.06581347113980995,0.06776571266841924,0.08364301673295493,0.012704071111610832,1.0,-0.005172399798259453,0,-0.015998870134353638,20,0.04606648155900299,61
2023-11-20,553.5585327148438,22010114.0,13.40999984741211,0.003816080123956622,0.015248198081731168,-0.0032132626900811534,88.70982389082,10.157469425815066,7.154473723048756,0.041292800315791744,0.05646634500615799,0.04316522642981191,0.08411216064631066,0.01269798714209239,0.9531261416146402,0.013864596549557406,1,-0.015998870134353638,20,0.04606648155900299,61
2023-11-21,561.2333984375,35921706.0,13.350000381469727,-0.015506247773056092,-0.01918645923129203,-0.008404013385645337,91.30443602017215,10.767979387082505,7.877174855855507,0.010508077209721689,0.049091133074728344,0.06066171375603946,0.09487681840092632,0.012467009912395799,0.9062512891702739,-0.013674998216470113,0,-0.015998870134353638,20,0.04606648155900299,61
2023-11-22,553.5585327148438,21969125.0,12.850000381469727,0.0024388060552269497,0.0032602749545636023,-0.0029871571577547718,75.86227321589189,10.511347140831276,8.404009312850661,0.0227271766706596,0.054053790714237104,0.07536736049282888,0.12068952173807856,0.012452126595241114,1.0,0.0017329505266165945,1,-0.015998870134353638,20,0.04606648155900299,61
2023-11-23,554.517822265625,14486134.0,12.850000381469727,0.0,0.0,0.004589758947224354,75.43875705962452,10.267019081399553,8.77661126656044,-0.006884735485624405,0.03776955882307509,0.06066171375603946,0.09904767813758042,0.012697919950049687,0.8787897774511103,-0.005190188019662756,0,-0.015998870134353638,20,0.04606648155900299,61
2023-11-24,551.6397705078125,10058969.0,12.460000038146973,-0.008312068288624519,0.000793058065801544,0.003045899881200631,71.1866910652302,9.729002722744099,8.967089557797172,-0.00857634355658976,0.03770199291067389,0.08851203708207711,0.11368021578763132,0.012511129721040005,0.8923081064018773,-0.012174064672685558,0,-0.015998870134353638,20,0.04606648155900299,61
2023-11-27,544.924072265625,18528520.0,12.6899995803833,-0.006337768085789119,-0.0022999024005504465,0.0006958739453368779,60.65572744633209,8.660882892822428,8.905848224802224,-0.008620702893538446,0.032316124459088824,0.07879940696306331,0.10153264631657444,0.01255846124741282,0.8461552766610306,0.012324099051571835,1,-0.015998870134353638,20,0.04606648155900299,61
2023-11-28,551.6397705078125,26343906.0,12.6899995803833,0.007921048137888409,-0.005605301675727481,-0.0035086629839250483,64.17911298110477,8.261062567983458,8.776891093438472,-0.015598098374299041,-0.005253927186619212,0.06766886182868403,0.08604202593462285,0.012757821411722986,0.7384614255267608,-0.0017391995145864536,0,-0.015998870134353638,20,0.04606648155900299,61
2023-11-29,550.6803588867188,24868842.0,12.979999542236328,0.009185518245726554,0.009415468916628589,-0.00802538501065364,62.68664652981075,7.777135602190583,8.576939995188894,-0.017093829334456245,0.005244852856941096,0.08695668122004996,0.0994265154364109,0.012850994980310346,0.8461552766610306,0.005226577962474721,1,-0.015998870134353638,20,0.04606648155900299,61
2023-11-30,553.5585327148438,47192647.0,12.920000076293945,-0.015877928006103326,-0.00766780390721522,-0.006491401865898361,64.28582464693174,7.538960129785323,8.36934402210818,-0.005199402877974713,-0.012048341850101063,0.0871212474929366,0.07692315955813722,0.012587022117963198,0.8307700213126749,0.003466011312857953,1,-0.015998870134353638,20,0.04606648155900299,61
2023-12-01,555.4771728515625,28051165.0,12.630000114440918,0.012742950346840809,0.0036755664045600156,0.00981686899414469,56.8965876570348,7.419495253424884,8.179374268371522,-0.001729952604339835,-0.010291459493058097,0.054844694974418795,0.09073743002045886,0.012509474930090319,0.8769248085896686,-0.008635483507304365,0,-0.015998870134353638,20,0.04606648155900299,61
2023-12-04,550.6803588867188,26847171.0,13.079999923706055,-0.015626526998842705,-0.011992199036125584,-0.005896645950528856,51.6129263965407,6.858692937104479,7.915238002118113,0.006956355485786547,-0.001724316081616717,0.054644663097777046,0.11346133270888048,0.012138070380382143,0.8947370183375905,-0.006968696726029289,0,-0.015998870134353638,20,0.04606648155900299,61
2023-12-05,546.8428344726562,22229723.0,12.850000381469727,-0.0032986143490457698,-0.005696597046732865,0.007521885066418044,40.35069312677189,6.035028856391477,7.539196172972787,0.010563465469897393,-0.005199402877974713,0.04363648561816191,0.0871212474929366,0.012088418002089818,0.8070186110442978,0.0,0,-0.015998870134353638,20,0.04606648155900299,61
2023-12-06,546.8428344726562,21518089.0,12.970000267028809,0.011996989374151168,-0.0072377286491625,0.002940513077498652,38.181734055904826,5.32093273781129,7.095543485940488,-0.008695776286652523,-0.025640961505334015,0.027026838041982026,0.07142828954708813,0.0121348461774653,0.7368425458439761,-0.007017377026528271,0,-0.015998870134353638,20,0.04606648155900299,61
2023-12-07,543.0054321289062,20840397.0,13.0600004196167,0.01471641945784219,0.027900436334176826,-0.0008535741997394153,37.499928995265975,4.394700745829027,6.555374937918196,-0.006968696726029289,-0.012131866542190894,0.025179477033885123,0.07142828954708813,0.0121348461774653,0.7368425458439761,0.007066968609697133,1,-0.015998870134353638,20,0.04606648155900299,61
2023-12-08,546.8428344726562,33507214.0,12.350000381469727,0.010675841123138907,0.007105963521382819,-0.0019720937647662584,43.859521842980556,3.9250559163320986,6.029311133600977,-0.019064109687157105,-0.020761082285294163,0.01615817644824169,0.06390967328244779,0.012207138705339056,0.6666687129198005,0.00701760025394349,1,-0.015998870134353638,20,0.04606648155900299,61
2023-12-11,550.6803588867188,27378610.0,12.630000114440918,0.005979027228071532,0.033973025422084246,-0.0005568435956523343,39.622648304042045,3.8184978873199498,5.587148484344772,-0.015544002167688697,-0.008695776286652523,0.023339334383688515,0.04779390739833955,0.011783615473497737,0.7368425458439761,0.006968585890123613,1,-0.015998870134353638,20,0.04606648155900299,61
2023-12-12,554.517822265625,29403010.0,12.069999694824219,0.006438827499452016,0.0071212871669623645,-0.002594788416349525,51.020323371812665,3.997619041399048,5.269242595755628,0.0,0.010563465469897393,0.0052540386048609555,0.04363648561816191,0.011717907968746565,0.8070186110442978,-0.001729952604339835,0,-0.015998870134353638,20,0.04606648155900299,61
2023-12-13,553.5585327148438,22977731.0,12.1899995803833,0.00511818515283835,0.015462401362851041,0.004631688947277279,48.979676628187335,4.015874693206115,5.018569015245726,0.01403508889417937,0.005217266614339744,0.01048948326698862,0.04520779516310025,0.011733996421480637,0.8771935601065466,0.01393714738282803,1,-0.015998870134353638,20,0.04606648155900299,61
2023-12-14,561.2735595703125,39409958.0,12.479999542236328,0.01779778786620745,0.02669045339458509,-0.010043531382914583,59.290761272641234,4.599856338297968,4.9348264798561745,0.012280856251254857,0.005226577962474721,-0.006884735485624405,0.05871559204647392,0.01148324956770429,0.8596512180135756,0.005154576395191457,1,-0.015998870134353638,20,0.04606648155900299,61
2023-12-15,564.1666870117188,54323262.0,12.279999732971191,-0.008796455329521558,0.004766303141265027,0.0008762037854230798,70.0345823743005,5.235762593017171,4.995013702488374,0.0336426237391112,0.01393714738282803,0.0035022543020306607,0.061781881262106264,0.011551549938190322,1.0,0.0,0,-0.015998870134353638,20,0.04606648155900299,61
2023-12-18,564.1666870117188,26122277.0,12.5600004196167,0.003803420340487973,-0.0032086375850133297,0.00524301763827939,65.16289467735048,5.674312933973624,5.1308735487854245,0.03167976509332626,0.015643332588355152,0.013892042456786324,0.08899540888752377,0.011053030085846785,1.0,0.0,0,-0.015998870134353638,20,0.04606648155900299,61
2023-12-19,564.1666870117188,28254292.0,12.529999732971191,0.00913250904908125,0.005304857052633949,0.0008677068074613992,66.71235031797032,5.953241971088005,5.29534723324594,0.02449030169200994,0.02449030169200994,0.019163563868935363,0.07702845565447958,0.010964495019782292,1.0,0.0,0,-0.015998870134353638,20,0.04606648155900299,61
2023-12-20,564.1666870117188,38121456.0,13.670000076293945,-0.03687309079591494,-0.028577973610827256,-0.0033465989557395215,64.1554489894317,6.103932903629584,5.457064367322669,0.017400459207371988,0.03167976509332626,0.0052265039507362054,0.05765692204481776,0.010652489601525697,1.0,-0.013674867663705181,0,-0.015998870134353638,20,0.04606648155900299,61
2023-12-21,556.4517822265625,24923414.0,13.649999618530273,0.02508987620724179,0.027679477319281443,0.0012791495872452874,51.12628689280807,5.5370011111795066,5.473051716094037,0.019163563868935363,0.03167976509332626,0.019163563868935363,0.08098777225093756,0.010018951392314224,1.0,0.008665220415785768,1,-0.015998870134353638,20,0.04606648155900299,61
2023-12-22,561.2735595703125,18690214.0,13.029999732971191,0.005850922294175609,0.0034624117591826042,-0.003736782960108931,62.23475123610047,5.414367260058498,5.46131482488693,-0.008590779418580441,0.02476282796092577,0.0034876425667182964,0.06620540751932258,0.01030059604550883,0.8661014157226838,-0.0017181558837160438,0,-0.015998870134353638,20,0.04606648155900299,61
2023-12-25,560.3092041015625,9548143.0,13.029999732971191,0.0,0.0,-0.0036226354270691985,66.65876387204722,5.179655775091192,5.404983014927783,-0.005128142990382112,0.026389163737643884,0.017463913186737123,0.07544431238398008,0.010354835852381304,0.9497873688235926,0.008605891914537755,1,-0.015998870134353638,20,0.04606648155900299,61
2023-12-26,565.1311645507812,16094308.0,12.989999771118164,0.012603041620852018,0.018050521043227796,0.0012773344446850299,70.21246168458318,5.3213954078883035,5.388265493519888,-0.006837487925046792,0.01748536162486314,0.02823353310851351,0.09988045228287246,0.009547195742755653,0.9330501782034109,0.010238890156709424,1,-0.015998870134353638,20,0.04606648155900299,61
2023-12-27,570.91748046875,33401336.0,12.430000305175781,0.0019146292627716388,0.0016969062273046731,-0.0056780331319218336,79.5746475120514,5.833388750027211,5.477290144821353,0.0017095613074411542,0.019139767666605856,0.024456891551798865,0.1051834870653039,0.009594249183628124,1.0,0.0016891328462358413,1,-0.015998870134353638,20,0.04606648155900299,61
2023-12-28,571.8818359375,25514849.0,12.470000267028809,0.0004778365448847577,-0.001402192903186994,-0.0031445393355279405,78.25045622008746,6.244974411603039,5.630826998177691,0.01196595547459367,0.031358829695519175,0.03674930702620949,0.11859770487996135,0.009643666561948564,1.0,0.0,0,-0.015998870134353638,20,0.04606648155900299,61
2023-12-29,571.8818359375,18416318.0,12.449999809265137,-0.006685840599291448,-0.007890825520220357,-0.004788328985291246,76.18851600042822,6.49627401071109,5.803916400684371,0.027729363448520727,0.018900367185136435,0.03310093177101314,0.12684185527165637,0.00955467050786718,1.0,0.0,0,-0.015998870134353638,20,0.04606648155900299,61
2024-01-01,571.8818359375,18416318.0,12.449999809265137,0.0,0.0,-0.0005179379186538435,73.69471355658906,6.619129548351793,5.966959030217856,0.018900367185136435,0.01367530040925824,0.029532560270161268,0.12897597466485577,0.009536030240348409,1.0,0.0,0,-0.015998870134353638,20,0.04606648155900299,61
2024-01-02,571.8818359375,26059058.0,13.199999809265137,-0.023749890361157933,-0.036506110195532626,-0.00044000291677548375,75.6759623065594,6.639952211194441,6.101557666413173,0.020654009877445922,0.01367530040925824,0.0385005143340198,0.08976103725178253,0.00798469153437862,1.0,-0.02529522785759053,0,-0.015998870134353638,20,0.04606648155900299,61
2024-01-03,557.4159545898438,37106763.0,14.039999961853027,-0.013395019588507306,-0.02034035886554808,0.006860424901047546,45.454440843650254,5.426623851372597,5.966570903405058,0.011945317848617965,0.01367530040925824,0.04578829580713073,0.08579102017431595,0.007987014707098406,1.0,0.00346031180473072,1,-0.015998870134353638,20,0.04606648155900299,61
2024-01-04,559.3447875976562,15309129.0,14.130000114440918,-0.010382395561946534,-0.008210641808474639,0.005275459898703483,44.18605335743239,4.568035617361943,5.686863846196435,-0.023648822011581916,-0.011965847288205378,0.019334842573887956,0.05640162843597629,0.00902919605673364,0.6331203861222607,-0.0068965404359632165,0,-0.015998870134353638,20,0.04606648155900299,61
2024-01-05,555.4872436523438,18158971.0,13.350000381469727,0.004842160174596932,0.0063036166551639905,0.0003898027981255048,40.42552045460666,3.535570838754893,5.256605244708127,-0.021922445428418702,0.00519902256313709,0.03009059302535877,0.05050678616949078,0.0089528866592313,0.674108708172231,0.012152922563342106,1,-0.015998870134353638,20,0.04606648155900299,61
2024-01-08,562.238037109375,17761275.0,13.079999923706055,0.02640289116967387,0.03279275924296665,-0.003284639253521182,48.148261009698494,3.2248931160337406,4.85026281897325,-0.02866779683302967,-0.01030926153442635,0.015807849412571517,0.041385359827695645,0.009039125213112308,0.5629374953219933,0.005145734102731003,1,-0.015998870134353638,20,0.04606648155900299,61
2024-01-09,565.1311645507812,22501510.0,12.760000228881836,-0.003423162177019212,0.0005341372475513584,-0.007463136321570363,50.877278692820326,3.175524518161751,4.51531515881095,-0.01686327178466107,0.0034424439107783034,0.020987997912294887,0.0521492874923446,0.0092010250508062,0.7429065147141616,-0.003412963385569845,0,-0.015998870134353638,20,0.04606648155900299,61
2024-01-10,563.202392578125,13037716.0,12.6899995803833,-0.010697833119792444,-0.003889588238339736,0.011070581272880409,56.86264776763222,2.9467949520027332,4.201611117449307,-0.011804311594636019,0.0,0.019139767666605856,0.057563367962157885,0.009218185011350365,0.766221880277567,0.003424651596075634,1,-0.015998870134353638,20,0.04606648155900299,61
2024-01-11,565.1311645507812,23997409.0,12.4399995803833,0.004166539244792933,0.004707475237199388,0.0018254264271539977,54.16671611110892,2.887871318762336,3.938863157711913,0.01038082591758438,-0.01351349039845573,0.01742157205306616,0.028112716487036282,0.008443454947227227,0.6994278298327454,-0.003412963385569845,0,-0.015998870134353638,20,0.04606648155900299,61
2024-01-12,563.202392578125,16496053.0,12.699999809265137,0.00019764258389720624,-0.003802937897811054,-0.007192046382251016,53.06124294135578,2.6549337129204105,3.6820772687536127,0.010344919772967032,-0.011804311594636019,0.006872949766994152,0.029830017206267323,0.008452502630257716,0.766221880277567,0.003424651596075634,1,-0.015998870134353638,20,0.04606648155900299,61
2024-01-15,565.1311645507812,21143076.0,12.699999809265137,0.0,0.0,0.00587818268824547,50.0,2.596039236499223,3.464869662302735,0.013888975874682519,-0.015176987296941502,-0.0017092367482763882,0.010416893652112735,0.008134138119267173,0.6994278298327454,-0.010238998158462076,0,-0.015998870134353638,20,0.04606648155900299,61
2024-01-16,559.3447875976562,27223860.0,13.84000015258789,0.004247310758890732,0.013204425657758811,0.0038422436149398997,36.95652473009395,2.058721023823068,3.183639934606802,0.005145734102731003,-0.011804311594636019,0.0017095613074411542,0.010399274886913945,0.008133972619312022,0.766221880277567,0.001724189668501852,1,-0.015998870134353638,20,0.04606648155900299,61
2024-01-17,560.3092041015625,42592335.0,14.789999961853027,0.012589813012585438,-0.00876534745952684,0.008430854010390787,36.95661146791263,1.6912175182052351,2.8851554513264888,-0.010238998158462076,-0.021922445428418702,-0.008546941046099654,0.005226366942798544,0.008253902212013869,0.5658376152742168,0.012048117962907945,1,-0.015998870134353638,20,0.04606648155900299,61
2024-01-18,567.0598754882812,27209996.0,14.130000114440918,0.09791151932847919,0.0335557119861023,0.002686100789593082,45.28301436178025,1.9225293834770127,2.692630237756594,-0.005137031579923845,0.005190467707096191,-0.006837487925046792,0.01219504530733384,0.008213785834107598,0.5992356973310703,0.06462596126947906,1,-0.015998870134353638,20,0.04606648155900299,61
2024-01-19,603.7066650390625,161106401.0,13.300000190734863,0.010351306441527264,0.04020660356475547,0.0012079320549103212,68.1318383255022,5.005238081020366,3.1551518064093482,0.0034128553838170816,0.013793080871926433,0.019063813973731802,0.010381557952542364,0.008145232968699258,0.8330138170535033,0.0,0,-0.015998870134353638,20,0.04606648155900299,61
2024-01-22,603.7066650390625,65168775.0,13.1899995803833,-0.010245254670857684,0.002502530037111761,-0.0062316810741828155,68.1318383255022,7.3634259428446285,3.9968066336964045,0.07191779188920777,0.08680563224039983,0.07560146874054596,0.09059228493556915,0.012610550414202679,1.0,0.003194882687822309,1,-0.015998870134353638,20,0.04606648155900299,61
2024-01-23,605.6354370117188,41072439.0,12.550000190734863,0.00973197431837991,0.00653345810666961,-0.0005034596135321534,82.05127372927289,9.280957491176991,5.0536368051925225,0.0682593757131491,0.0737563544133184,0.07745270043722807,0.08870561197197202,0.012614758286850835,1.0,-0.0015925051278725677,0,-0.015998870134353638,20,0.04606648155900299,61
2024-01-24,604.6709594726562,26635005.0,13.140000343322754,0.020940878831476883,0.01541705723182174,0.000860763428329081,80.51936310046324,10.600592746826464,6.163027993519311,0.0827587034696029,0.07167233909871884,0.07167233909871884,0.09788211327511886,0.012562788745982023,1.0,0.023923558955555313,1,-0.015998870134353638,20,0.04606648155900299,61
2024-01-25,619.1368408203125,52243347.0,13.449999809265137,0.00034344861144242067,-0.002469216476835845,-0.00328079755907984,87.4998831314444,12.667663977740176,7.463955190363484,0.07917370453020922,0.07362995512981407,0.059121467039672915,0.10964259104689988,0.012370039741717577,0.9846003917632269,0.0031152595767047764,1,-0.015998870134353638,20,0.04606648155900299,61
2024-01-26,621.0656127929688,41153025.0,13.260000228881836,0.006005487354177275,-0.029103780815504576,0.0007350350663963834,86.74685290370103,14.296665538494153,8.830497259989619,0.09183680169080755,0.09556308279770764,0.08263071479678352,0.12235715030184546,0.012718101512688738,1.0,0.006211268022263905,1,-0.015998870134353638,20,0.04606648155900299,61
2024-01-29,624.9232177734375,27825490.0,13.600000381469727,-0.0023878278853982637,0.010633085566111422,-0.0013380371723147322,86.90464261039187,15.71775302141873,10.20794841227544,0.028753944190401004,0.10273965625388781,0.0860033904990889,0.12781507960179317,0.012697612887457991,1.0,-0.009259340649466541,0,-0.015998870134353638,20,0.04606648155900299,61
2024-01-30,619.1368408203125,36161825.0,13.3100004196167,-0.007864556885271878,-0.015559613435898734,-0.002817131452696353,82.95439180928216,16.190429634042744,11.404444656628902,0.03514381066672878,0.10580208095616972,0.09274884863056632,0.1289198537119398,0.012702836672145838,1.0,-0.021806817036933768,0,-0.015998870134353638,20,0.04606648155900299,61
2024-01-31,605.6354370117188,41277950.0,14.350000381469727,-0.02671039271185005,-0.013673714359344169,-0.000830523890604784,70.99992531919715,15.299218931178984,12.18339951153892,0.022292955437368978,0.10689659499547433,0.08263071479678352,0.1146035716318472,0.01284167743342242,0.9293636063573052,0.0,0,-0.015998870134353638,20,0.04606648155900299,61
2024-02-01,605.6354370117188,44946369.0,13.880000114440918,0.003806567610049827,0.004590571743282812,0.0027568595221623138,72.44889590088714,14.426626854221013,12.632044980075339,0.0015950452456052755,0.08089503541680232,0.08650538619289372,0.09979487598958459,0.013277802850949406,0.76454709304015,0.011146326550623975,1,-0.015998870134353638,20,0.04606648155900299,61
2024-02-02,612.3860473632812,26334815.0,13.850000381469727,0.020813176648258214,0.013141049661874682,-0.00035210710893140984,73.78629740368108,14.117076316510065,12.929051247362285,-0.021806817036933768,0.06802731632214498,0.0827587034696029,0.10751279679061487,0.013201816695340183,0.76454709304015,0.017322957386144866,1,-0.015998870134353638,20,0.04606648155900299,61
2024-02-05,622.994384765625,44017740.0,13.670000076293945,0.026263500939132323,0.011845357543322832,0.0029391269736438463,80.55548881574205,14.559921741379185,13.255225346165666,-0.01397527934392473,0.014376820444175653,0.10243044167283899,0.11985749608263796,0.013261869697598901,0.8469542320814281,0.0,0,-0.015998870134353638,20,0.04606648155900299,61
2024-02-06,622.994384765625,44017740.0,13.0600004196167,0.004966760609327769,-0.011355729590492913,0.00046286652961713415,80.37375936024984,14.740955373497286,13.55237135163199,-0.003086511995321284,0.03194882687822331,0.1080616102898615,0.14730783138414316,0.013354657096972837,0.9752968296738216,0.0,0,-0.015998870134353638,20,0.04606648155900299,61
2024-02-07,622.994384765625,44017740.0,12.829999923706055,0.04690913692339227,0.016241488109380864,-0.004412846837899997,78.99993481247829,14.714802744832014,13.784857630271995,0.006230519153409553,0.028662371276617193,0.10238900956884733,0.1392567397658322,0.01335136444297127,0.9740199524003305,0.0,0,-0.015998870134353638,20,0.04606648155900299,61
2024-02-08,622.994384765625,44017740.0,12.789999961853027,0.07001096885513358,0.01571422733149186,0.005281733404715716,66.12894993650703,14.52662273382839,13.933210650983275,0.028662371276617193,0.030303134301255197,0.10616430784996345,0.13131760505331935,0.013346260327222874,0.9729721639459512,0.0,0,-0.015998870134353638,20,0.04606648155900299,61
2024-02-09,622.994384765625,44017740.0,12.930000305175781,-0.004636161684800966,0.01993967046430445,-0.0020244159448720156,66.12894993650703,14.213642694052623,13.989297059597146,0.028662371276617193,0.006230519153409553,0.10238900956884733,0.12348847909021465,0.013339380802694211,0.9729721639459512,0.0,0,-0.015998870134353638,20,0.04606648155900299,61
2024-02-12,622.994384765625,44017740.0,13.930000305175781,-0.01990826982349425,-0.0015895093239881586,0.0020604504828647396,64.99992088899671,13.806451578056794,13.952727963289076,0.017322957386144866,0.0031055848736858405,0.10616430784996345,0.12543542904170168,0.013327523853924954,0.9722214164598787,0.0,0,-0.015998870134353638,20,0.04606648155900299,61
2024-02-13,622.994384765625,44017740.0,15.850000381469727,-0.022305601526891317,-0.02014452998095506,-0.002531229780123878,66.10171491461898,13.330088719905575,13.828200114612377,0.0,-0.003086511995321284,0.10238900956884733,0.10996567385530032,0.013219141363185557,0.9722214164598787,0.0,0,-0.015998870134353638,20,0.04606648155900299,61
2024-02-14,622.994384765625,44017740.0,14.380000114440918,0.013484836032953584,0.021760532620363593,0.005762511191539366,54.545441469224315,12.804960113434845,13.623552114376873,0.0,0.006230519153409553,0.11379313543143743,0.10427361116535461,0.01321849434277449,0.9722214164598787,0.07894738389010048,1,-0.015998870134353638,20,0.04606648155900299,61
2024-02-15,672.1781616210938,112945296.0,14.010000228881836,-0.0018566529598014192,-0.001601183320570354,-0.003927712441166409,78.49460682568308,16.171101266483106,14.13306194479812,0.0,0.028662371276617193,0.1118760502329712,0.10427361116535461,0.01321849434277449,0.9722214164598787,-0.020086140274460096,0,-0.015998870134353638,20,0.04606648155900299,61
2024-02-16,658.6766967773438,44232811.0,14.239999771118164,-0.01813526163747392,-0.006673816112691688,-0.0026288406984117385,66.990239361457,17.547065358783243,14.815862627595147,0.07894738389010048,0.10987257439509346,0.18537422709074192,0.19145312386573332,0.017711546940382048,1.0,-0.00732058601382779,0,-0.015998870134353638,20,0.04606648155900299,61
2024-02-19,653.8547973632812,34408673.0,14.239999771118164,0.0,0.0,0.002255126060222823,67.6470679482494,18.040480402525873,15.460786182581293,0.05727549538852217,0.07559063374055253,0.09105420715327783,0.16752142928932257,0.018098208379687192,0.8842972094249382,0.01327426730579262,1,-0.015998870134353638,20,0.04606648155900299,61
2024-02-20,662.5342407226562,30166461.0,15.420000076293945,-0.01073489787769355,-0.015639368472295412,0.0021989185165642855,80.4123576811405,18.913846868285418,16.15139831972212,0.049535619184218005,0.049535619184218005,0.08306705098406342,0.17504304640192636,0.01797427626124883,0.8429752325479218,-0.008733518250318872,0,-0.015998870134353638,20,0.04606648155900299,61
2024-02-21,656.7479858398438,30564485.0,15.34000015258789,7.987357262062567e-05,-0.0023582140896855064,-0.0007738215560203487,75.72819351968599,18.920984343761234,16.705315524529944,0.06346743554021983,0.06346743554021983,0.09394893401826576,0.1804123487125684,0.0180174677498401,0.9173550001464539,0.016152735289506337,1,-0.015998870134353638,20,0.04606648155900299,61
2024-02-22,667.3562622070312,33145643.0,14.539999961853027,0.029759093441479312,0.049705885421328144,0.0015456807377836057,76.63557814244885,19.557196898353936,17.275691799294744,0.05417962328330961,0.05417962328330961,0.08612456998531037,0.1721170757723276,0.01810512463595385,0.8677688371139369,0.007225375241278087,1,-0.015998870134353638,20,0.04606648155900299,61
2024-02-23,672.1781616210938,46448923.0,13.75,0.0035639413891999094,-0.011214095029341675,0.0008814408362198822,75.24756383897996,20.217432934004364,17.86404002623667,-0.007173543696262774,0.07120750768579631,0.07788168657970895,0.18088738344045852,0.018189779202204513,0.9586780231229837,0.0014346724184317594,1,-0.015998870134353638,20,0.04606648155900299,61
2024-02-26,673.1425170898438,28798079.0,13.739999771118164,0.008569380914090319,0.010496233381483977,0.004705245996972307,75.49022710251785,20.581242424582342,18.407480505905806,0.020497863230637403,0.07894738389010048,0.08229814656501233,0.17736482874758708,0.018171000343866452,1.0,0.0,0,-0.015998870134353638,20,0.04606648155900299,61
2024-02-27,673.1425170898438,33006829.0,13.430000305175781,-0.015691986570948502,-0.0018398483810810884,-0.0016865689324997435,75.49022710251785,20.631734277034298,18.852331260131507,0.0294984755091523,0.08049531994270676,0.07716035817681499,0.17706574118820306,0.018171849545268234,1.0,0.0,0,-0.015998870134353638,20,0.04606648155900299,61
2024-02-28,673.1425170898438,33006829.0,13.84000015258789,-0.009409715410382713,-0.011233356218232737,0.0008653250591499351,75.49022710251785,20.4361739417526,19.169099796455725,0.016011665081062887,0.08049531994270676,0.08722736672877929,0.17706574118820306,0.018171849545268234,1.0,-0.011461299345611353,0,-0.015998870134353638,20,0.04606648155900299,61
2024-02-29,665.4274291992188,54368302.0,13.399999618530273,0.010127125073880805,0.027010781206487255,0.002277027285789046,70.00002876778927,19.434617677060373,19.222203372576658,0.02496319989323581,0.08049531994270676,0.11146487796555204,0.17706574118820306,0.018171849545268234,1.0,-0.0014494105543908509,0,-0.015998870134353638,20,0.04606648155900299,61
2024-03-01,664.4629516601562,23390635.0,13.109999656677246,0.040646491127443785,0.04287361740827045,-0.0010426928511686473,69.36933854926599,18.351507094176213,19.04806411689657,-0.0028902598462680062,-0.010043070137230048,0.09872604628705539,0.16357503837898113,0.018319536185759065,0.9344263315598569,0.05224983353328927,1,-0.015998870134353638,20,0.04606648155900299,61
2024-03-04,699.1810302734375,88861397.0,13.489999771118164,0.03256180474216519,0.010627707814552245,-0.0017586998206308158,76.87075005661569,20.06331553435291,19.251114400387838,-0.011477924159765451,0.00878466615127338,0.08503933837340005,0.19204150184233515,0.017757599629605266,0.9262288448609302,0.006896496336830982,1,-0.015998870134353638,20,0.04606648155900299,61
2024-03-05,704.0029296875,64403889.0,14.460000038146973,-0.02379600615222144,-0.020501956518010456,-0.001584294895698446,77.63157456447153,21.560487165421023,19.712988953394476,0.038682021299389024,0.06932155746648605,0.12229106292262082,0.2500000818392667,0.019233176487929386,1.0,0.006849260437315152,1,-0.015998870134353638,20,0.04606648155900299,61
2024-03-06,708.8248291015625,43687122.0,14.5,0.04890010593372174,0.02420168238760234,0.000990196821442746,67.92450689761203,22.872434269340715,20.344878016583724,0.04584528805441268,0.06259101253334776,0.13003093912692498,0.26736110996656115,0.01913381381879137,1.0,0.03401359431263207,1,-0.015998870134353638,20,0.04606648155900299,61
2024-03-07,732.9345092773438,71817344.0,14.4399995803833,0.05389531953308313,0.03359388715699785,-0.002425451004595569,82.9059967760432,25.562937863136767,21.388489985894335,0.053008554809436115,0.07929501785243143,0.13777081533122892,0.2607201617767303,0.01910855228170914,1.0,0.03157906395348786,1,-0.015998870134353638,20,0.04606648155900299,61
2024-03-08,756.0798950195312,87139744.0,14.739999771118164,-0.0189677697915136,-0.04027431987160224,-0.0009280926429229286,88.97058549787982,29.225922300808065,22.95597644887708,0.101449199590951,0.0982657251966692,0.1764704902646579,0.29692813854983235,0.019600830072828045,1.0,-0.02295914475210037,0,-0.015998870134353638,20,0.04606648155900299,61
2024-03-11,738.720947265625,64759810.0,15.220000267028809,-0.050214970472116316,-0.013631018877862555,0.0005789736572445747,77.24140218770474,30.377963594389257,24.440373877979518,0.137881191314686,0.12482067729795254,0.21362232711611684,0.34246570146566113,0.019915092190684207,1.0,0.005221840431674174,1,-0.015998870134353638,20,0.04606648155900299,61
2024-03-12,742.5784301757812,58110339.0,13.84000015258789,0.03869924015433357,0.02092134600349671,-0.0028868258741585606,81.11885233567429,31.242091864593363,25.80071747530229,0.05655175881520136,0.0974213164535982,0.18575859643347692,0.3071672447100471,0.020446884662988003,0.911764870127211,0.01168849795810667,1,-0.015998870134353638,20,0.04606648155900299,61
2024-03-13,751.258056640625,36754557.0,13.75,-0.015650825056699014,-0.02474898920844315,0.0011670135758301559,80.85105236958773,32.255472057936345,27.091668391829103,0.05479451698504234,0.10315187545443649,0.19195043861453853,0.3184930319215111,0.02038711309162766,0.9313723665253212,0.006418351638673769,1,-0.015998870134353638,20,0.04606648155900299,61
2024-03-14,756.0798950195312,42010806.0,14.399999618530273,-0.017728899905982476,-0.01751923711416714,0.0002484507667166458,80.8510437744291,33.06649524752879,28.286633762969043,0.05986419464573034,0.1160460638981673,0.20588254888244895,0.32935166871888,0.020393601907284262,0.975490707062434,-0.03954070893238271,0,-0.015998870134353638,20,0.04606648155900299,61
2024-03-15,726.1839599609375,73316437.0,14.40999984741211,-0.018908706277538156,-0.005422625387685787,0.0038016886083072077,66.08190337804153,30.940225203389787,28.81735205105319,0.03157906395348786,0.13623193430635183,0.12482067729795254,0.3517242169482575,0.02021135710241914,1.0,0.01934576465325777,1,-0.015998870134353638,20,0.04606648155900299,61
2024-03-18,740.2325439453125,43589856.0,14.329999923706055,0.0015687316409140895,-2.309163066938069e-05,0.0024646821955720544,68.7445324333072,30.04243371795019,29.06236838443259,-0.03954070893238271,0.09288856232927922,0.1024892234898871,0.2960414618306151,0.02145825629873551,0.8418372025739255,-0.002617668084601177,0,-0.015998870134353638,20,0.04606648155900299,61
2024-03-19,738.2948608398438,30152375.0,13.819999694824219,-0.012953777417972878,-0.009414418644510536,0.0011802450064548609,68.00817191385413,28.842098902221323,29.01831448799034,0.0020462350299970122,0.05871371203509401,0.13210539546449152,0.30538691934060136,0.021534411844431698,0.8959964878591202,-0.005249407190988431,0,-0.015998870134353638,20,0.04606648155900299,61
2024-03-20,734.4192504882812,41280325.0,13.039999961853027,0.013939203609466322,0.015992606587244884,0.002825426998389391,69.48292670146961,27.263815256129988,28.667414641618272,-0.005768507624068109,0.04870992677198882,0.11434974294242051,0.22293640868131348,0.019519488840027726,0.8832797980198543,0.03430087532125925,1,-0.015998870134353638,20,0.04606648155900299,61
2024-03-21,759.6104736328125,46026103.0,12.920000076293945,0.019744181965547947,0.022910521952810736,0.0010021719335595591,73.63515761097811,27.726125752845746,28.479156863863768,-0.022414143853100588,0.036108246122190435,0.11826646799550078,0.21651671750346013,0.01956893291571291,0.8569394570207249,0.0012753247007863955,1,-0.015998870134353638,20,0.04606648155900299,61
2024-03-22,760.5792236328125,30660820.0,13.0600004196167,0.007816445458875165,0.002119260386300059,0.003803263646266597,68.3240396868941,27.849646788701648,28.353254848831345,0.004669584043350383,0.03639610908997937,0.1382383243407126,0.2542371651514084,0.02008615674528687,1.0,-0.006369304079099081,0,-0.015998870134353638,20,0.04606648155900299,61
2024-03-25,755.73486328125,19877101.0,13.1899995803833,-0.0022058068749263304,-0.003416594078301527,0.0016309646746559547,65.43711437994443,27.24260293645625,28.131124466356326,0.047364394655212694,0.0059508639800096574,0.13151433215045505,0.2578398411859013,0.02006597088754351,1.0,0.0025639721013475114,1,-0.015998870134353638,20,0.04606648155900299,61
2024-03-26,757.6725463867188,40990702.0,13.239999771118164,-0.009912274156441914,-0.008097808574601184,-0.006294041552667218,64.83175123489667,26.61111477645568,27.827122528376197,0.020942499033226536,0.02303158733836108,0.12269667135047824,0.22062654562754624,0.019937847900026097,0.9687347233651317,-0.0038362432752763187,0,-0.015998870134353638,20,0.04606648155900299,61
2024-03-27,754.7659301757812,18794479.0,12.779999732971191,-0.015485299192876334,0.009907564420604587,0.004767770651749492,57.60837196163716,25.58123170804481,27.377944364309922,0.02624653993234083,0.02032662894256765,0.12557523429409656,0.21995571929899738,0.019939265309592565,0.9812404401010163,-0.012837045839487637,0,-0.015998870134353638,20,0.04606648155900299,61
2024-03-28,745.0769653320312,27190918.0,13.010000228881836,-0.004682207177268194,0.001073432466728308,0.0029512331100887135,45.76853706191805,23.709910379639723,26.644337567375885,0.027704447662520337,0.004669332334141352,0.12125725387071817,0.207773865187735,0.019983801939858443,0.9624812741200953,0.00910288325688624,1,-0.015998870134353638,20,0.04606648155900299,61
2024-03-29,751.8593139648438,9802000.0,13.010000228881836,0.0,0.0,0.0012101572572218444,55.500137721267485,22.51461908302656,25.81839387050602,-0.019132843483944062,-0.014552601861230197,0.11969680334437593,0.20341242227624035,0.020052245654091846,0.8999491451781081,-0.007731971107109659,0,-0.015998870134353638,20,0.04606648155900299,61
2024-04-01,746.0459594726562,21041261.0,13.649999618530273,0.039985235299745625,0.011597900430724284,-0.0026266618358599114,51.42822953035252,20.857817063989614,24.82627850920274,-0.011464827590634386,0.03535654244592146,0.13152932317193655,0.24143877325708019,0.019621638323268062,0.9437221081391745,0.02597401322417814,1,-0.015998870134353638,20,0.04606648155900299,61
2024-04-02,765.4237670898438,37974481.0,14.609999656677246,-0.008975989485519364,-0.015146844031925233,0.0025364619011380984,55.362112583316964,20.86786489814949,24.034595786992092,-0.012820506608000715,0.007853498977982376,0.06702831909053764,0.23184000453101072,0.01970909952519209,0.9019302742136831,-0.012658221791872482,0,-0.015998870134353638,20,0.04606648155900299,61
2024-04-03,755.73486328125,30890544.0,14.329999923706055,0.012694434424730616,0.0033886355863388395,0.0007497134359799595,49.87403723043232,19.865022699177302,23.200681169429135,0.010230304291860559,0.03674535431431769,0.08724514460416777,0.24990399501342186,0.019950228637138166,1.0,0.0,0,-0.015998870134353638,20,0.04606648155900299,61
2024-04-04,755.73486328125,30890544.0,16.350000381469727,-0.016478635608771164,-0.030066315036453517,-0.0021942336743966395,63.80085080571141,18.852938096573098,22.33113255485793,0.0012837531037510619,0.02902376643694593,0.06618000986103456,0.21306849910944692,0.02005354659865091,0.9319739814181147,0.0,0,-0.015998870134353638,20,0.04606648155900299,61
2024-04-05,755.73486328125,30890544.0,16.030000686645508,0.012172319824621969,0.01325885887390399,0.0024805489664398994,58.33338801650994,17.845146022207246,21.433935248327796,0.014304425509207963,-0.005102102309131551,0.031108310108616477,0.21306849910944692,0.02005354659865091,0.9319739814181147,0.0038462408213240096,1,-0.015998870134353638,20,0.04606648155900299,61
2024-04-08,758.6416015625,32202226.0,15.1899995803833,0.010115819266008907,0.0012990423704033471,0.001971982305842168,60.82476570115606,17.084078407778634,20.563963880217965,0.005154620345086958,-0.006369304079099081,-0.00045634296131147334,0.21306849910944692,0.02005354659865091,0.9319739814181147,0.04597684041557626,1,-0.015998870134353638,20,0.04606648155900299,61
2024-04-09,793.5215454101562,56857731.0,14.979999542236328,0.01827878395356497,0.009412694225359619,-0.001195805343893186,73.64343470154537,19.075555673121585,20.26628223879869,0.01688319858839127,0.0038462408213240096,0.026966413191085614,0.21773425268978386,0.02003986257335561,0.9523822583748542,-0.004883910592807905,0,-0.015998870134353638,20,0.04606648155900299,61
2024-04-10,789.6460571289062,27480849.0,15.800000190734863,0.005639646922551922,-0.016518804874261384,-0.0033236826467953895,64.4860159724941,20.10928887369664,20.234883565778283,0.036708787378187724,0.047314633735112244,0.06860300968116717,0.2737218260942831,0.020998862779882416,1.0,0.006134927595703665,1,-0.015998870134353638,20,0.04606648155900299,61
2024-04-11,794.490478515625,25200651.0,14.90999984741211,0.006701985228251273,0.02421952825285456,0.006782125595073074,65.7658378564894,21.07647768706272,20.403202390035172,0.04487181350933134,0.04621317094294586,0.05109828793043447,0.2675010825755304,0.02104629853052845,0.977273483786383,-0.002438977172193879,0,-0.015998870134353638,20,0.04606648155900299,61
2024-04-12,792.552734375,31508936.0,17.309999465942383,-0.03179334131283862,-0.032879768270004495,0.001289503566611172,67.59263471887319,21.439481040310284,20.610458120090197,0.051282026432002636,0.06632001186826852,0.05080228127888731,0.2752771099446074,0.021025833584947477,1.0,-0.014670027009243802,0,-0.015998870134353638,20,0.04606648155900299,61
2024-04-15,780.9259643554688,38913470.0,19.229999542236328,-0.01669943166187715,-0.013898633259044058,0.0009155415847534876,60.16950962220153,20.552069181150728,20.598780332302304,0.04871797356799723,0.05412371657080928,0.0913938864989976,0.27216673818523107,0.021046216952206914,0.9862215326526848,-0.022332465864161932,0,-0.015998870134353638,20,0.04606648155900299,61
2024-04-16,763.4859619140625,49508969.0,18.399999618530273,-0.0024261483938586847,0.008854199875046875,0.004179325060941874,53.38346398848473,18.231366598948853,20.125297585631614,0.029374032147817752,0.04675315835430238,0.05497383321363758,0.16178419494038265,0.017840995498550945,0.9035485585947248,0.020304655369265845,1,-0.015998870134353638,20,0.04606648155900299,61
2024-04-17,778.98828125,34472074.0,18.209999084472656,-0.005507908416652829,-0.03245816328588813,0.0033683409634026606,62.58997729012399,17.442039718336105,19.588646012172514,-0.0378509993456686,-0.0025316762545130045,0.03412065071882364,0.15912095516588165,0.017917338417913386,0.7795401824948192,0.0,0,-0.015998870134353638,20,0.04606648155900299,61
2024-04-18,778.98828125,43598591.0,18.0,-0.04862251145724228,-0.01655243385852523,-0.004920221304314132,60.60607796003354,16.624851538729672,18.995887117483946,-0.01349690254600544,0.03076928046932803,0.06068608731604863,0.1913780924929036,0.018010587764213496,0.887455229214458,-0.06716420600137396,0,-0.015998870134353638,20,0.04606648155900299,61
2024-04-19,726.6681518554688,130968654.0,18.709999084472656,-0.0345506806870749,-0.04115133108715252,0.002408928500440055,44.444444444444436,11.62146185612687,17.52100206521253,-0.0195121246696226,0.03076928046932803,0.0255101901432635,0.17577059926792926,0.0179663046797758,0.887455229214458,-0.010666627693839192,0,-0.015998870134353638,20,0.04606648155900299,61
2024-04-22,718.9170532226562,46540798.0,16.940000534057617,0.016053160089283036,0.017425602037079546,0.0027178153354217027,35.714291070996026,6.950667634306342,15.406935179031294,-0.08312958830618034,-0.03846151982400203,-0.044585850787997705,0.10646422603978256,0.020986297212792136,0.4784002410847688,0.016172531910679355,1,-0.015998870134353638,20,0.04606648155900299,61
2024-04-23,730.5437622070312,30423647.0,15.6899995803833,0.0283622731081834,0.022109003482438272,0.002430425847365969,42.352955998800866,4.139490340929228,13.15344621141088,-0.07940434044089073,-0.052362733941859974,-0.048717892805339336,0.07726126798466981,0.020972739526490508,0.4187890278266086,0.03846154167490656,1,-0.015998870134353638,20,0.04606648155900299,61
2024-04-24,758.6416015625,39457128.0,15.970000267028809,-0.0034473950015472266,0.010583279604368778,-0.0024398701951591217,50.75378618328792,4.131250411899828,11.349007051508671,-0.04314709287443219,-0.07936493163594316,-0.035805420572597724,0.08683055165787756,0.021072427836842888,0.5082063171156573,-0.02171142654492697,0,-0.015998870134353638,20,0.04606648155900299,61
2024-04-25,742.17041015625,28534926.0,15.369999885559082,0.02714905848190874,0.019627908602453337,0.003808770229507319,46.759263309856074,2.7637736554734147,9.63196037230162,-0.02611936556330574,-0.03926373757773971,0.0051349315486672875,0.12701483311779094,0.021801465909672798,0.7242977866296527,0.020887569779567183,1,-0.015998870134353638,20,0.04606648155900299,61
2024-04-26,757.6725463867188,32571247.0,15.029999732971191,0.012593387837741998,0.026056111969166684,-0.0029515783315217092,49.781622149788745,2.8975303842881885,8.285074374698935,-0.04726370342140496,-0.065853612817521,-0.0039010133328789554,0.10254573335351092,0.022131271578398483,0.5976231370028976,0.01662412364010213,1,-0.015998870134353638,20,0.04606648155900299,61
2024-04-29,770.2681884765625,26765837.0,14.670000076293945,0.0014458801815424582,0.0064409993365557305,0.0008607137638918516,44.174762477191116,3.974085818483445,7.422876663455837,0.04266651077535677,-0.04400992700604012,0.007731808749192215,0.12557523429409656,0.02230618520749405,0.7168450941174096,-0.006289265815715539,0,-0.015998870134353638,20,0.04606648155900299,61
2024-04-30,765.4237670898438,39051972.0,15.649999618530273,-0.008375377036164977,-0.01940711479459012,-0.003839184473235724,43.96134854055804,4.385802634157585,6.815461857596187,0.07142845620884475,-0.013647613686020188,0.03246747562446117,0.1575540091629677,0.022281084830349282,0.8137141371150847,0.0,0,-0.015998870134353638,20,0.04606648155900299,61
2024-05-01,765.4237670898438,39051972.0,15.390000343322754,-0.01747481020331465,-0.035439547178233055,0.005543625559814025,42.57426298356739,4.658392132088579,6.384047912494665,0.047745264126870746,0.002538101906842005,0.0,0.15194348334611818,0.02232101915858194,0.6950280170343569,-0.022784847069578174,0,-0.015998870134353638,20,0.04606648155900299,61
2024-05-02,747.9837036132812,40527228.0,14.680000305175781,0.009559803299400427,0.021667447127184936,-0.004225153435658102,39.449534921824274,3.4276421778404256,5.792766765563818,0.008939880852006032,-0.01741298872736574,0.012820506608000715,0.0947433267611677,0.020958912539782278,0.6787766736726231,0.010362738694072116,1,-0.015998870134353638,20,0.04606648155900299,61
2024-05-03,755.73486328125,29901556.0,13.489999771118164,0.03912489168768518,0.02406762600011847,-0.004002988704028487,43.925250426613495,3.042644071212294,5.2427422266935135,0.007832828387495772,-0.03980108351176659,-0.010256453743995309,0.0624724302572206,0.021300302500666023,0.4571129125799938,0.007692320117332008,1,-0.015998870134353638,20,0.04606648155900299,61
2024-05-06,761.5482177734375,32599878.0,13.489999771118164,0.008971441166785388,0.022106881868960926,-0.0021362587285993495,49.50496037562387,3.1700767497696916,4.82820913130875,-0.0025574149607365815,0.03999997984164105,0.0,0.06618000986103456,0.02132803420035099,0.48717932151236276,0.017811679954630844,1,-0.015998870134353638,20,0.04606648155900299,61
2024-05-07,775.1126708984375,33890214.0,13.229999542236328,-0.012042105530978953,-0.007379043669943797,-0.00043067197592394635,48.999988030975835,4.315855573428507,4.725738419732702,-0.011320694316055535,0.05929914217458121,0.0038313430280529914,0.03903992530561329,0.020735371184211798,0.5641025848109547,0.002499951572690673,1,-0.015998870134353638,20,0.04606648155900299,61
2024-05-08,777.0504150390625,21757193.0,13.0,0.017645549810809014,0.0011494541419432291,0.0031243083104899316,49.504928881279604,5.318939875849992,4.84437871095616,0.012658221791872482,0.06100785606157255,-0.023198959899952798,0.02517296915878786,0.02034736461491709,0.7435896607561814,-0.007481230747092504,0,-0.015998870134353638,20,0.04606648155900299,61
2024-05-09,771.2371215820312,21923999.0,12.6899995803833,-0.00564052952257077,-0.0063898613533920345,-0.0009516764309563941,64.93507024750454,5.5804789267491515,4.991598754114758,0.015189818306039049,0.02426549432386471,-0.015950997255201327,0.05188626086117365,0.019998656885850487,0.7692302101042243,0.007537621432311958,1,-0.015998870134353638,20,0.04606648155900299,61
2024-05-10,777.0504150390625,25101318.0,12.550000190734863,0.04531120401137834,0.010139096096443811,0.0001793319460277054,69.73682629109538,6.185531747510254,5.230385352793857,0.031088134482636143,0.03916447089242192,-0.029268263827451846,0.03859348755856806,0.02003550267967795,0.692307754432864,0.02119699063575653,1,-0.015998870134353638,20,0.04606648155900299,61
2024-05-13,793.5215454101562,34812619.0,13.600000381469727,-0.01909397917077693,0.003132272316665796,0.0026346452966479195,70.70061598610741,7.9030219159145645,5.764912665417999,0.028205066080006613,0.025575519061308505,-0.019559984671761343,0.034332222024709314,0.019992186775324734,0.7692302101042243,0.007326096639680868,1,-0.015998870134353638,20,0.04606648155900299,61
2024-05-14,799.3349609375,28691846.0,13.420000076293945,0.03783897999085273,0.016761108469917296,-0.0016192227613095467,65.67162916118986,9.622319190595817,6.536393970453563,0.041984639830423554,0.030188650240878134,0.016129033518668123,0.04952075916482057,0.02021863855231658,0.987178917698747,0.01696959691833655,1,-0.015998870134353638,20,0.04606648155900299,61
2024-05-15,812.8993530273438,39467772.0,12.449999809265137,0.0238892116047833,0.02878301633266278,-0.0017854125279843647,77.8626045969019,11.941750678603285,7.617465312083508,0.031250024607372584,0.044303816141726626,0.04695436564879851,0.1007334298329825,0.019172929308297358,1.0,0.0023838193111664907,1,-0.015998870134353638,20,0.04606648155900299,61
2024-05-16,814.837158203125,43927195.0,12.420000076293945,-0.02153226673604236,-0.00545879126515969,-0.008739389928487662,75.21371156839551,13.777463503131798,8.849464950293166,0.046134635918673395,0.062025230961932465,0.04353219758701443,0.09816754164134633,0.019125359956363684,1.0,-0.00713437578743592,0,-0.015998870134353638,20,0.04606648155900299,61
2024-05-17,809.0238037109375,26207289.0,11.989999771118164,-0.0036129953411673243,-0.00687986927109796,0.0028877622974334827,68.18182859420493,14.594948537181835,9.9985616676709,0.0565325960084202,0.08937822343841861,0.046019789791446275,0.10367442795986803,0.01910884344418342,1.0,0.0,0,-0.015998870134353638,20,0.04606648155900299,61
2024-05-20,809.0238037109375,28808661.0,12.149999618530273,0.012328603872848287,0.02153916253683774,0.0012515050063168776,71.42856285783365,15.069104064859971,11.012670147108715,0.04114712257153563,0.07051274596267465,0.11333323422140151,0.10158305786926891,0.01912976475738482,0.9393937851363776,0.007185640849530106,1,-0.015998870134353638,20,0.04606648155900299,61
2024-05-21,814.837158203125,19705349.0,11.859999656677246,0.0007816134963085641,-0.0031334181355903157,0.0012995161060771476,72.97296837144526,15.73260913504032,11.956657944695037,0.01953602695534684,0.06234087984120795,0.1253367827127816,0.06505088040954377,0.018458821345156796,0.9393937851363776,0.027348390582018656,1,-0.015998870134353638,20,0.04606648155900299,61
2024-05-22,837.1216430664062,36628342.0,12.289999961853027,0.016138487273941626,0.010328345668182859,0.0009004381018689056,89.65520050309055,17.850840000941503,13.135494355944331,0.01939386868233961,0.051249952163267665,0.1153844579295793,0.07133765015451798,0.018478262292954455,1.0,0.012731454224342409,1,-0.015998870134353638,20,0.04606648155900299,61
2024-05-23,847.7794189453125,37266618.0,12.770000457763672,0.006019889882289631,-0.00016190927994463866,-0.00033810014699131585,89.91598907381527,20.157187159711953,14.539832916697856,0.029797403514783882,0.07730673179593373,0.10344811218138927,0.10769223935467398,0.018843077270829588,1.0,-0.009142752730774029,0,-0.015998870134353638,20,0.04606648155900299,61
2024-05-24,840.0283813476562,34136382.0,11.930000305175781,0.018524453279445963,0.018521325047697212,-9.6243747411906e-05,83.47115010670106,21.116126382756534,15.855091609909591,0.04042802958916547,0.09924612706176639,0.14229752000868445,0.11892587766087925,0.018907634698876935,1.0,0.0023067603234028233,1,-0.015998870134353638,20,0.04606648155900299,61
2024-05-27,841.9661254882812,26726954.0,11.930000305175781,0.0,0.0,-0.0009869189434805747,81.65145249798445,21.78137030510345,17.040347348948366,0.038323443011816005,0.08104746499032212,0.10869581503736159,0.11296542114986274,0.018971061225874258,0.9398502615236911,-0.00460297534435683,0,-0.015998870134353638,20,0.04606648155900299,61
2024-05-28,838.090576171875,25329216.0,12.920000076293945,-0.003687573522386023,0.01856956183263625,-0.0036968990725814166,78.37846273986348,21.74519143491989,17.981316166142673,0.04071860633301472,0.06105011307926733,0.09308178383106158,0.13003912973349396,0.018811240652949486,0.9548875777312447,-0.00924866705759897,0,-0.015998870134353638,20,0.04606648155900299,61
2024-05-29,830.33935546875,33436835.0,14.279999732971191,-0.03180484369075132,-0.018531910482400216,0.003236723675793307,76.99112774871153,20.850706720596122,18.555194277033365,0.028537503149743904,0.048484824420691464,0.09493670330921633,0.11469068827823725,0.018823251975526284,0.924812471670043,-0.022170155274663594,0,-0.015998870134353638,20,0.04606648155900299,61
2024-05-30,811.9306030273438,38065102.0,14.470000267028809,-0.00894122680939069,-0.008824915917208465,0.006315619238836723,64.28578927975227,18.443780248570988,18.532911471340892,-0.00810191404538596,0.021454073467345403,0.08480999829116431,0.11298686753249987,0.018845319077176254,0.8646613122554506,-0.020286452247071263,0,-0.015998870134353638,20,0.04606648155900299,61
2024-05-31,795.4594116210938,77438401.0,12.920000076293945,-0.012552311110118897,-0.009645736847649133,-0.000636234547158887,50.7936865050796,15.03388492043382,17.833106161159478,-0.04228554635422355,-0.003567038084260621,0.08549236982724961,0.06075959218554172,0.018860997455372546,0.7218053873454079,0.030450692625157316,1,-0.015998870134353638,20,0.04606648155900299,61
2024-06-03,819.6817016601562,28345488.0,13.109999656677246,0.02588711150224743,0.0056896066490790265,0.003356387546574968,57.241402381036174,14.12325063602998,17.091135056133577,-0.05305650465649814,-0.016766369577291496,0.052564133626663345,0.052564133626663345,0.019037359473551434,0.5939853577046352,-0.008274368720291969,0,-0.015998870134353638,20,0.04606648155900299,61
2024-06-04,812.8993530273438,28223635.0,13.15999984741211,-0.016005172572225557,-0.007033416284918825,-0.0046419102039185756,50.0,12.707799945221154,16.214468033951093,-0.026467126352858417,0.013173775481428063,0.07633592007697887,0.08461544052799397,0.019555572305595584,0.7819555994678112,0.017878532208815967,1,-0.015998870134353638,20,0.04606648155900299,61
2024-06-05,827.4328002929688,31975446.0,12.630000114440918,0.06853803289160676,0.04518329192800885,0.0004487073545036413,54.30465565383032,12.613373687911121,15.494249164743099,-0.030057876631421565,-0.0023781502307215208,0.048749921846984456,0.07564093245334336,0.01961906717082451,0.7293230981569957,0.04683838400006968,1,-0.015998870134353638,20,0.04606648155900299,61
2024-06-06,866.1884155273438,62925136.0,12.579999923706055,-0.005217195670796704,-0.008557322031926606,-0.0023756310030170757,65.94595993458069,15.487266881787491,15.492852708151979,-0.0035004425077990176,-0.011573996268865905,0.06483798770170335,0.0906768078481146,0.019771439352114423,0.8421058115902147,-0.01677848021837658,0,-0.015998870134353638,20,0.04606648155900299,61
2024-06-07,851.6550903320312,41075399.0,12.220000267028809,0.014314769715560338,-0.002723653809260984,-0.0013363032114330764,61.00002488297913,16.40304595677344,15.674891357876271,0.0668256773395357,0.021714370708518782,0.12311556496468934,0.09157516961890089,0.019818292347834193,1.0,0.0,0,-0.015998870134353638,20,0.04606648155900299,61
2024-06-10,851.6550903320312,41075399.0,12.739999771118164,0.022933371904680477,0.014215292787360001,0.00608832729111719,59.7938378660969,16.933607386386143,15.926634563578247,0.07064556392187815,0.013840852574197982,0.09601008357896368,0.07852762974412264,0.020007269706285684,0.901316013053205,0.004550680663520268,1,-0.015998870134353638,20,0.04606648155900299,61
2024-06-11,855.5307006835938,48228488.0,12.850000381469727,-0.014569486580015334,0.000555717686673729,-0.002190993617724568,55.42860989401023,17.465479333513485,16.234403517565294,0.039007078732045786,0.011507547097730386,0.07326019722857913,0.07195128621705948,0.019998725512903957,0.901316013053205,0.029444928181927565,1,-0.015998870134353638,20,0.04606648155900299,61
2024-06-12,880.7217407226562,48106925.0,12.039999961853027,0.043871751758276734,0.028980284298805836,-0.000562872544702997,58.94738168313762,19.69269297801418,16.926061409655073,0.05244357434593261,0.020809355226710124,0.07030311758187646,0.07946217781742648,0.019991226014006012,0.9276321297164318,0.014908648766835508,1,-0.015998870134353638,20,0.04606648155900299,61
2024-06-13,893.8521118164062,55857091.0,11.9399995803833,0.0027488329503537745,0.014771186960841565,-0.003552426383712781,64.20387262374318,22.260679789839287,17.992985085691917,0.06440274111785205,0.06067686051742549,0.08343269980807966,0.12779159731172873,0.020250242931168522,1.0,0.003264555452273221,1,-0.015998870134353638,20,0.04606648155900299,61
2024-06-14,896.7701416015625,38408123.0,12.65999984741211,-0.002313432647123914,-0.0007335871531519711,0.003043370457556316,64.38812388372577,24.251729613420252,19.244733991237585,0.03193727345362918,0.10089718072408171,0.09697023855358378,0.17075120749504724,0.01992356525078979,1.0,-0.0010846896434565378,0,-0.015998870134353638,20,0.04606648155900299,61
2024-06-17,895.7974243164062,26292426.0,12.75,0.027418792773695078,0.016038775652425175,0.0015480119319866148,65.38472177880877,25.45770026597495,20.487327246185057,0.05297338298294263,0.12736128141850034,0.1084595255271088,0.15119850091013487,0.019755309584177108,1.0,0.023887108483522823,1,-0.015998870134353638,20,0.04606648155900299,61
2024-06-18,917.1954345703125,37876013.0,12.300000190734863,0.013822966512235357,0.013540552769629732,-0.0014838275415750557,71.58529060394825,27.81939660642513,21.953741118233072,0.05183123365958564,0.09286009740376988,0.10725719095957875,0.14994980781863498,0.01976077188947135,0.9945307821527174,0.040296912359015113,1,-0.015998870134353638,20,0.04606648155900299,61
2024-06-19,954.1555786132812,72228052.0,12.300000190734863,0.0,0.0,0.0014396198742181454,82.36149441378024,32.301085895317556,24.02321007364997,0.07207775692613594,0.12830134647611224,0.12561807636866673,0.2621929724432712,0.016550313373413134,1.0,0.0,0,-0.015998870134353638,20,0.04606648155900299,61
2024-06-20,954.1555786132812,48225374.0,13.279999732971191,-0.02398556804322638,-0.02690496440829926,0.0010293992607994795,89.03523995743485,35.44427737926094,26.307423534772166,0.08337915881396385,0.15315174631153594,0.13980517230228995,0.32721233184848253,0.01717803335311009,1.0,-0.011213093424534248,0,-0.015998870134353638,20,0.04606648155900299,61
2024-06-21,943.45654296875,88376132.0,13.199999809265137,-0.008096761918464535,-0.012739679527908554,-0.0012290844763791497,82.61529390686422,36.64948407590066,28.375835642997867,0.06746470249349379,0.10155661459912535,0.12547622328495178,0.30608955681272376,0.017146469155521434,1.0,-0.0309277796955697,0,-0.015998870134353638,20,0.04606648155900299,61
2024-06-24,914.2775268554688,66391994.0,13.329999923706055,-0.035353011754147956,-0.03015596499317197,0.0006802312668354737,73.89345090030918,34.84840559755423,29.67034963390914,0.052060610853756906,0.10779182051378156,0.12312460378441514,0.24361298012869947,0.01659381811590025,0.9495293197990882,0.005319061227784028,1,-0.015998870134353638,20,0.04606648155900299,61
2024-06-25,919.140625,57368432.0,12.84000015258789,0.028544414979811528,0.0178981249942618,-0.0012823314551579923,72.64658990096663,33.42811085143296,30.421901877413905,0.02062977860554227,0.07353027914037735,0.08588397938842496,0.23189703381327864,0.017015813102213544,0.8065786045850701,0.01587308754781125,1,-0.015998870134353638,20,0.04606648155900299,61
2024-06-26,933.730224609375,44967166.0,12.550000190734863,-0.003070816683986566,-0.002805648411361994,0.004702765421042532,68.93943413347773,33.098239884120744,30.957169478755276,0.0021208025643943973,0.07435142218225499,0.09670798256476676,0.21311063649238693,0.016832497138316374,0.8301661969496021,0.0,0,-0.015998870134353638,20,0.04606648155900299,61
2024-06-27,933.730224609375,39729446.0,12.239999771118164,-0.0025570353272516,-0.005727833559951656,0.0033503928761773327,75.05702829743933,32.46260605065254,31.25825679313473,-0.02140673330610443,0.060187550091841624,0.12451640219107518,0.21221444501830966,0.01681996674038732,0.9009304542440318,0.006249936267161749,1,-0.015998870134353638,20,0.04606648155900299,61
2024-06-28,939.5659790039062,39138210.0,12.4399995803833,0.012701591167449067,0.009439047008968915,-0.0018506650194456409,75.91522636410417,32.06018837156569,31.418643108820923,-0.02140673330610443,0.044613770293535415,0.1500123546617067,0.21988663633928662,0.01674731391848983,0.9009304542440318,0.002070437354556365,1,-0.015998870134353638,20,0.04606648155900299,61
2024-07-01,941.5112915039062,19935737.0,12.220000267028809,-0.008515054855592674,0.000893622914151182,-0.0005534020679501817,75.63797089801493,31.53472721704952,31.441859930466645,-0.004123734149536373,0.04772219258539723,0.1811614336036742,0.2275108500695695,0.016730658986125132,0.9292357427055703,-0.008264443522607468,0,-0.015998870134353638,20,0.04606648155900299,61
2024-07-02,933.730224609375,25427569.0,12.029999732971191,0.019555666621936085,0.012386064511803907,0.0005445543450566248,67.63749365876285,30.14295912757086,31.18207976988749,0.029787196828630735,0.05103147871002722,0.1486303641974689,0.25873235868074684,0.016152463372431453,0.9362753677799396,0.01979162826354619,1,-0.015998870134353638,20,0.04606648155900299,61
2024-07-03,952.2102661132812,24070411.0,12.09000015258789,0.03864527577906962,0.019248001521643854,0.0015711929888313492,68.74999019495566,30.1832243725637,30.982308690422734,0.01587308754781125,0.018027553796981843,0.1486418596989174,0.23552620102148603,0.016274331764994907,0.893953409076145,0.026557698528935303,1,-0.015998870134353638,20,0.04606648155900299,61
2024-07-04,977.498779296875,41893299.0,12.09000015258789,0.0,0.0,0.0014950641568265421,72.6775633987215,31.88812013901213,31.163470980140616,0.01979162826354619,-0.002038779150489445,0.15080072457380544,0.25036109847028243,0.016426328839949208,0.9893651382612108,0.0,0,-0.015998870134353638,20,0.04606648155900299,61
2024-07-05,977.498779296875,19998094.0,12.479999542236328,0.008219821572732045,0.0008121144670156788,-0.003522176733286364,73.07692440305087,32.86046730487317,31.502870245087127,0.046874946889301494,0.02446477409639991,0.1285059483296882,0.26110540570037455,0.016640710173393112,1.0,0.029850693147944307,1,-0.015998870134353638,20,0.04606648155900299,61
2024-07-08,1006.6777954101562,40146763.0,12.369999885559082,0.014348417460446461,0.019252816980620757,-0.0034946094601715494,74.21051710283433,35.575470303631505,32.317390256796,0.040372683920701036,0.03608246355577238,0.14776367850485284,0.2579605652070025,0.016656799469702565,1.0,0.004830960051982025,1,-0.015998870134353638,20,0.04606648155900299,61
2024-07-09,1011.541015625,46373121.0,12.510000228881836,-0.01130582013379744,-1.6938888723894152e-06,0.0024079002019752327,68.78980229801627,37.68514013115191,33.39094023166719,0.06921478743197795,0.10106369875729682,0.18202521987825726,0.30527663573191055,0.016934744526466677,1.0,0.004807673741912266,1,-0.015998870134353638,20,0.04606648155900299,61
2024-07-10,1016.4041748046875,46206302.0,12.850000381469727,0.035389161200938934,0.024169124927056806,0.0011240498501070562,69.75307709440942,39.29649938777516,34.57205206288878,0.08333326796631968,0.1005291117722058,0.18235501638544305,0.3017701246246032,0.0169358580554441,1.0,0.033492814346877786,1,-0.015998870134353638,20,0.04606648155900299,61
2024-07-11,1050.4464111328125,41724336.0,12.920000076293945,-0.034284189893210026,-0.03469870327867741,0.002442485876554823,79.56990988620223,42.82675698095977,36.22299304650298,0.06741568640446616,0.08854158087246145,0.15405823179827505,0.28087785477749994,0.016775548768122536,1.0,-0.03703701121302938,0,-0.015998870134353638,20,0.04606648155900299,61
2024-07-12,1011.541015625,68983062.0,12.460000038146973,0.01544722885150529,0.013251629585919744,-0.006140502852808205,75.51020734862506,42.00100979002855,37.37859639520809,0.07462682653006425,0.12499990194947963,0.17519038915530372,0.3141504656580971,0.017301831620082826,1.0,0.0,0,-0.015998870134353638,20,0.04606648155900299,61
2024-07-15,1011.541015625,38393309.0,13.119999885559082,-0.011369134272733672,0.00043635266663399896,0.004977382227690175,74.86912353673641,40.87541287644967,38.07795969145641,0.034825860706048095,0.0766045580933008,0.12798248815294588,0.2443619395905392,0.01848421888829416,0.847422042761735,0.014423141903307402,1,-0.015998870134353638,20,0.04606648155900299,61
2024-07-16,1026.130615234375,32125609.0,13.1899995803833,0.004427095978806861,0.004555407660941091,0.0007988501995308539,74.86912353673641,40.691560985630645,38.60067995029126,0.004830960051982025,0.0743801213570503,0.1292073276465593,0.24140265995680088,0.018497313206340456,0.847422042761735,-0.023696648918363872,0,-0.015998870134353638,20,0.04606648155900299,61
2024-07-17,1001.8147583007812,54022399.0,14.479999542236328,-0.07976773780713298,-0.06811126731805828,-0.0003284897586730562,66.2037226682192,38.144069509680776,38.50935786216916,0.014423141903307402,0.09895833741877169,0.11876986796723044,0.2683565187174757,0.01844208138255311,0.9046390759332811,-0.02427193131507621,0,-0.015998870134353638,20,0.04606648155900299,61
2024-07-18,977.498779296875,81990095.0,15.930000305175781,0.0039134168716086215,0.0051232107355774215,-0.002226498352794204,58.297873817619305,33.77374516200473,37.562235322136274,-0.014353951769934148,0.05209405312334536,0.04994906570348334,0.23830071959010923,0.018979782871707204,0.8092779125008048,-0.034825860706048095,0,-0.015998870134353638,20,0.04606648155900299,61
2024-07-19,943.45654296875,92507621.0,16.520000457763672,-0.0354917419241948,-0.031134417145359694,0.0045613217759497005,50.37313057146543,27.249195892926537,35.499627436294325,-0.06944441055043449,0.0,0.02446477409639991,0.1996246973474438,0.01951575408707373,0.7139162703368139,-0.03195872940623612,0,-0.015998870134353638,20,0.04606648155900299,61
2024-07-22,913.3048706054688,83062356.0,14.90999984741211,0.021596077588423634,0.039996870348629754,0.004350571135180781,46.39175102112727,19.421575782556033,32.28401710554667,-0.06730767374191216,-0.034825860706048095,0.0,0.12702443041949696,0.02009208334647028,0.5804104979118928,0.04259847588683119,1,-0.015998870134353638,20,0.04606648155900299,61
2024-07-23,952.2102661132812,47213266.0,14.720000267028809,0.002775411994378807,-0.014591576343421231,0.0008389052827177945,50.0,16.171060798899703,29.061425844217275,-0.09711533541606732,-0.09275353566991518,-0.0010638523002367561,0.07729068457650667,0.020739664161877815,0.4621626169571011,0.0,0,-0.015998870134353638,20,0.04606648155900299,61
2024-07-24,952.2102661132812,47213266.0,18.040000915527344,-0.05900375313841921,-0.054141426348626065,-0.0017433766743549794,45.454547449216136,13.440075432229946,25.93715576181981,-0.0720379530867129,-0.05865382480319903,0.03597887005949851,0.1335453506769042,0.021582238246840812,0.614740574195366,0.0,0,-0.015998870134353638,20,0.04606648155900299,61
2024-07-25,952.2102661132812,47213266.0,18.459999084472656,0.0030036180410946134,-0.019642952607553776,-0.001114429733563016,45.454547449216136,11.147251279628449,22.979174865381538,-0.049514635092455794,-0.063157856178367,0.01979162826354619,0.130936551112512,0.02158754175143728,0.614740574195366,-0.056179877550259105,0,-0.015998870134353638,20,0.04606648155900299,61
2024-07-26,898.7152099609375,82081735.0,16.389999389648438,0.010357018645400284,0.01953306499468299,-0.002194732292683632,32.15434323656228,4.956432990883286,19.374626490481887,-0.025870634029624084,-0.09351847364930532,0.01979162826354619,0.1361662965626793,0.02155883172426829,0.614740574195366,0.02164514365464476,1,-0.015998870134353638,20,0.04606648155900299,61
2024-07-29,918.1680297851562,40809258.0,16.600000381469727,-0.011917992425447665,-0.0030392653099498013,0.004748300459719967,35.27608796794013,1.6013851097143288,15.819978214328376,-0.04742278098684449,-0.11153853765816002,-0.04347833995253558,0.08234687907041027,0.023364168447615633,0.40494534441979774,-0.00423724503955758,0,-0.015998870134353638,20,0.04606648155900299,61
2024-07-30,914.2775268554688,41761392.0,17.690000534057617,-0.03418541606489034,-0.03881386783903862,0.0015641212361443557,33.84617731328633,-1.3558165706035652,12.384819257341988,0.005324792778629961,-0.09230766167415516,-0.024793395394614004,0.1308454520148623,0.023229448058750414,0.48123480177044486,-0.0063829802858208495,0,-0.015998870134353638,20,0.04606648155900299,61
2024-07-31,908.4417114257812,39894991.0,16.360000610351562,0.07286134653015974,0.07014718981786072,-0.0026727836282015582,25.33787128529208,-4.122796706889176,9.083296064495755,-0.039836515744201995,-0.10900472777859593,-0.020833316991579975,0.1493704310974604,0.022964231176373195,0.4267709086218782,0.02783724356283024,1,-0.015998870134353638,20,0.04606648155900299,61
2024-08-01,933.730224609375,47382270.0,18.59000015258789,-0.04595891317256284,-0.07138877689711454,-0.005775112476597344,35.81562398472582,-4.22635790777349,6.421365270041907,-0.04596522033537176,-0.09320390431597736,-0.04596522033537176,0.1082859475645892,0.022613603698346287,0.4022039218688937,-0.05937508089167931,0,-0.015998870134353638,20,0.04606648155900299,61
2024-08-02,878.2899169921875,76144485.0,23.389999389648438,-0.052598348588316024,-0.05182126192169956,0.004427055244088818,29.793524630918483,-8.681920619720245,3.4007080920894768,-0.019407521806436567,-0.044776070941984325,-0.044776070941984325,0.1486418596989174,0.02287116193962464,0.4766409723429091,-0.097452852701846,0,-0.015998870134353638,20,0.04606648155900299,61
2024-08-05,792.6980590820312,144057989.0,38.56999969482422,-0.012745107845784975,-0.01916540245246956,-0.003900105801548759,20.873795502090857,-18.901647357016145,-1.0597629977316478,-0.022727214074453883,-0.06907220736580444,-0.10149256899947179,0.061463742652227316,0.024723121050920723,0.13398385076805414,0.07975459603089563,1,-0.015998870134353638,20,0.04606648155900299,61
2024-08-06,855.9193725585938,102930842.0,27.709999084472656,0.050287131897877924,0.010647230708761724,0.002764724507885674,33.40708118177595,-21.64985671879549,-5.1777817419444165,-0.1366525152618132,-0.13205536880963098,-0.21256030211825827,-0.0848433841043359,0.028096030088389675,0.0,0.045454509799810694,1,-0.015998870134353638,20,0.04606648155900299,61
2024-08-07,894.8247680664062,59158704.0,27.850000381469727,-0.0022525104850363853,-0.030935444913897547,0.003029438503285631,40.89936045031178,-20.45272587376803,-8.23277056830914,-0.0638298028582085,-0.1011235616559002,-0.15384610279025857,0.005007053060529509,0.030664659378134965,0.2452830948230727,-0.02608682781420857,0,-0.015998870134353638,20,0.04606648155900299,61
2024-08-08,871.4816284179688,38236391.0,23.790000915527344,0.06133910596751169,0.06862205530920518,-0.003905008009258193,41.88597761750548,-21.143854148066225,-10.814987284260559,-0.014989341845613291,-0.06026557378036923,-0.11961718551740896,0.05068915600274826,0.031435944008879335,0.3962264284981893,0.042410627834929215,1,-0.015998870134353638,20,0.04606648155900299,61
2024-08-09,908.4417114257812,49494621.0,20.3700008392334,0.015618333771105997,-0.004346623227274304,-0.007344664716750882,49.46004518711178,-18.495998121345337,-12.351189451677515,-0.06666657515284768,-0.0847802639482449,-0.17037021671752506,0.018644483151369906,0.031721560739501484,0.30566080717527017,0.0064239844519340394,1,-0.015998870134353638,20,0.04606648155900299,61
2024-08-12,914.2775268554688,38331663.0,20.709999084472656,0.003051730199842506,0.007298013033550932,0.0007652887976525857,45.454550773667656,-15.745151306915545,-13.029981822725121,0.03433011566027333,0.010822673698007712,-0.10192300915797947,0.03147415286964539,0.03206696688722218,0.44905680840568996,0.001063652026837003,1,-0.015998870134353638,20,0.04606648155900299,61
2024-08-13,915.25,25764381.0,18.1200008392334,0.02809758293160325,0.04184185777074467,-0.0060429459505582095,45.58137953347555,-13.332921314770942,-13.090569721134287,0.15337424682763867,-0.00423724503955758,-0.09615377653217072,0.022851000483240735,0.0320054620516924,0.4716983321370919,0.007438986850416551,1,-0.015998870134353638,20,0.04606648155900299,61
2024-08-14,922.0585327148438,36780856.0,16.190000534057617,-0.013751821926137553,-0.001812909516253458,0.0020472686912957894,46.45308464445549,-10.747924593647099,-12.62204069563685,0.06931800978408709,0.001063652026837003,-0.10805701885139563,0.02060712945396892,0.03200353926474239,0.47547128795540744,-0.005274175089744815,0,-0.015998870134353638,20,0.04606648155900299,61
2024-08-15,917.1954345703125,19476402.0,15.229999542236328,0.02347477144182397,0.0486545208438145,-0.009596021142668665,52.45480206567241,-8.98809824425473,-11.895252205360427,0.030434746131676738,0.01498920747231125,-0.07961174950268779,0.02931590076682533,0.032017074976138836,0.5018867147105021,0.027571498063861055,1,-0.015998870134353638,20,0.04606648155900299,61
2024-08-16,942.48388671875,44062316.0,14.800000190734863,0.0033340415389047084,-0.0006049976772242172,0.01398656718686797,53.180661333828965,-5.489576024265489,-10.61411696914144,0.052455272333542524,-0.01770831617449231,-0.06169147829518451,0.0,0.031828602507724256,0.48301909400279286,0.004127925139635336,1,-0.015998870134353638,20,0.04606648155900299,61
2024-08-19,946.3743896484375,21348863.0,14.649999618530273,0.005213734113068913,0.018629626075866712,-0.009462871123850913,54.198464018834024,-2.3756558059596955,-8.966424736505092,0.037473153054080166,0.07308972639285516,-0.0010309497106664178,-0.01223248299977897,0.031499391271298964,0.5811320477704088,0.0,0,-0.015998870134353638,20,0.04606648155900299,61
2024-08-20,946.3743896484375,24039959.0,15.880000114440918,-0.01943592242825365,-0.013342654113899233,-0.007001673407422859,55.038751645224096,0.09109827739621323,-7.154920133724831,0.03510625805641476,0.1938649007723927,0.036208630992020874,-0.008155052634238658,0.03150520045581441,0.5962262390571139,-0.015416179578234601,0,-0.015998870134353638,20,0.04606648155900299,61
2024-08-21,931.784912109375,29758188.0,16.270000457763672,-0.0034873349828355993,0.013784880354503981,-0.000485705808362491,49.734036516572644,0.8588692424091278,-5.55216225849804,0.03400643501604761,0.10568170319529879,-0.006128768689571684,0.0030927197457404354,0.031452763952650335,0.5962262390571139,-0.007306782413939561,0,-0.015998870134353638,20,0.04606648155900299,61
2024-08-22,924.9765625,24349754.0,17.549999237060547,-0.02916476842274196,-0.03436459242944556,-0.006270599155635659,57.36200133435637,0.9074953089232167,-4.260230745013788,0.010548548762835619,0.04130433729816674,-0.021450466069094398,0.019148874099662594,0.03116372360427548,0.5396226665299534,-0.0021030938283909117,0,-0.015998870134353638,20,0.04606648155900299,61
2024-08-23,923.03125,27592153.0,15.859999656677246,0.029079578239822768,0.027865694769163785,0.010727248962346891,77.91674260154596,0.7800692036686314,-3.2521707552773047,0.008483609530102854,0.06138389191191851,-0.028600514594789406,0.006349341266468356,0.031181261601767322,0.5132079501788915,0.0010536308274367023,1,-0.015998870134353638,20,0.04606648155900299,61
2024-08-26,924.0037841796875,25057581.0,16.149999618530273,-0.012902765279397377,-0.025111607611870257,-0.008756060974664415,69.88642137296254,0.7489253326475591,-2.451951537692332,-0.020639755217963685,0.016059961129834877,0.027056446546753543,-0.011458314540316983,0.031090183315626414,0.5056606177341948,-0.008421033579899428,0,-0.015998870134353638,20,0.04606648155900299,61
2024-08-27,916.2227172851562,18693037.0,15.430000305175781,0.008753779438708253,0.011040988764363435,0.0017163104694757347,57.638914309520445,0.09527821325082186,-1.9425055875037014,-0.023638219412362105,0.010638189213368232,0.006355867559336259,-0.010416756546310357,0.03109044048757371,0.5094338103538546,0.023354594740141676,1,-0.015998870134353638,20,0.04606648155900299,61
2024-08-28,937.6207275390625,31059233.0,17.110000610351562,-0.007915715605538609,-0.018253119909226623,-0.0035839014234928523,73.94371269922289,1.289039513599164,-1.2961965672831284,-0.03186019475282087,0.0010627886207661419,0.002127571084873603,-0.02484472856658526,0.03110354818897768,0.4792451909791002,-0.021784173886982505,0,-0.015998870134353638,20,0.04606648155900299,61
2024-08-29,917.1954345703125,43530708.0,15.649999618530273,-0.00029549676587004026,-0.0059906510136722435,0.00908661017777379,53.60001686790174,0.580264574614489,-0.9209043389036049,0.006263049931208187,0.016877664781647317,0.032119855073018844,-0.0041322541746995345,0.031312811084036,0.5622641902613553,0.0010604012821970876,1,-0.015998870134353638,20,0.04606648155900299,61
2024-08-30,918.1680297851562,63834981.0,15.0,0.015075435797321957,0.02576324983223155,-0.0039083263225860865,51.66665795102156,0.09592981534490264,-0.7175375080539035,-0.008412243342314385,0.0,-0.01770831617449231,-0.01770831617449231,0.031472986314328016,0.48301909400279286,0.00423724503955758,1,-0.015998870134353638,20,0.04606648155900299,61
2024-09-02,922.0585327148438,18646835.0,15.0,0.0,0.0,0.004331737370221411,52.84557408145284,0.02572555315327918,-0.5688848958124669,-0.00526874925940346,-0.025799758782348192,0.04540427030010341,-0.03575075541568995,0.031318955240997655,0.486792523423797,-0.008438733099150664,0,-0.015998870134353638,20,0.04606648155900299,61
2024-09-03,914.2775268554688,19547575.0,20.719999313354492,-0.06528834731086852,-0.07750218806668607,-0.00203152061097156,46.77420987321939,-0.6502779749886258,-0.5851635116476988,-0.002105241881201536,-0.025693697124059667,0.16319009760490122,-0.056716435617351846,0.031038793430746513,0.5018867147105021,-0.054255399187277176,0,-0.015998870134353638,20,0.04606648155900299,61
2024-09-04,864.6730346679688,79709021.0,21.31999969482422,0.0023678316589124115,0.002490039431865876,0.0015659122730726782,34.11757974644294,-5.129553301453257,-1.4940414696088105,-0.0021230541362816657,-0.033915607970849915,0.06818183600918548,-0.06467655385399251,0.03106004077089026,0.4716983321370919,0.014623200449670914,1,-0.015998870134353638,20,0.04606648155900299,61
2024-09-05,877.3173217773438,30512026.0,19.899999618530273,0.0175917205475129,-0.005959142542587226,-0.0008130132213054475,28.662376848250503,-7.571839519428977,-2.709601079572844,-0.07780085350988009,-0.07202507420889481,-0.0336956848697777,-0.1410627724080571,0.03171921364891165,0.2792451436188313,0.017738387739445916,1,-0.015998870134353638,20,0.04606648155900299,61
2024-09-06,892.8795166015625,24458336.0,22.3799991607666,-0.04202797165443373,-0.04516675253560476,0.0016272898106874933,33.727807355181085,-8.157594211131027,-3.799199705884481,-0.04347831584186945,-0.05152480901120804,0.006696289593584037,-0.13269229005481653,0.031814903827649704,0.32830185730398354,-0.02069719620111865,0,-0.015998870134353638,20,0.04606648155900299,61
2024-09-09,874.3994140625,35885268.0,19.450000762939453,0.0380053260208828,0.02154479369017759,0.0005905528468521659,30.31913615274209,-9.997751004485167,-5.038909965604618,-0.0275423586568474,-0.03266599413447535,-0.017130647600707594,-0.12153104175006124,0.03195341527081946,0.38867933285483675,0.005561853280990903,1,-0.015998870134353638,20,0.04606648155900299,61
2024-09-10,879.2626953125,33498628.0,19.079999923706055,-0.002150249241283153,0.011866137012161326,0.002563547314850423,34.83148166819787,-10.937580745665969,-6.218644121616888,-0.051687736690662844,-0.053684163383838635,-0.043617076458309145,-0.16759255417938124,0.031553031009777056,0.34999983004576474,-0.0033186541013922044,0,-0.015998870134353638,20,0.04606648155900299,61
2024-09-11,876.3447265625,18029342.0,17.690000534057617,0.048020932048324916,0.04903144289825634,0.001557220455938646,35.63217188652939,-11.782042229546505,-7.331323743202812,-0.03829781495712514,-0.04033956075895151,-0.03931964456432668,-0.13076911194823804,0.031142760212539623,0.3708336046064396,0.04793769786834301,1,-0.015998870134353638,20,0.04606648155900299,61
2024-09-12,918.3546752929688,39454846.0,17.06999969482422,0.010765957962039163,-0.002388915384881618,-0.0015859972927726451,48.882823378460145,-8.95816808338077,-7.656692611238404,0.013498387744927287,-0.06535265185251538,-0.04957798722142648,-0.13365378859992783,0.03113955739595765,0.3583333398700347,0.007446802783643625,1,-0.015998870134353638,20,0.04606648155900299,61
2024-09-13,925.1934814453125,25347586.0,16.559999465942383,0.006241670316315062,0.016750290694631742,-0.005730778859112329,50.27645576112135,-6.098097898780452,-7.344973668746814,0.046775952664981135,0.0012638971793392795,0.0012638971793392795,-0.10503140471721484,0.032012296382670745,0.6008923088418314,0.0,0,-0.015998870134353638,20,0.04606648155900299,61
2024-09-16,925.1934814453125,13626239.0,17.139999389648438,-0.01982593058056359,-0.014064939327712689,0.0004698615258813543,52.16279221025747,-3.787808176956446,-6.633540570388741,0.03619073373610582,0.007651596910644098,-0.01834557122629854,-0.07648247964067645,0.0318609654925252,0.7169637770309881,0.0,0,-0.015998870134353638,20,0.04606648155900299,61
2024-09-17,925.1934814453125,13626239.0,17.610000610351562,-0.010231892408297028,0.00033808706955174017,-0.0023482640189050885,46.659171428308895,-1.9345862219438459,-5.693749700699762,0.05809023492687504,0.0033999454690132325,-0.022381108824165663,-0.05350932293663446,0.03165529477849785,0.8306287326168341,-0.006335839539475585,0,-0.015998870134353638,20,0.04606648155900299,61
2024-09-18,919.3316040039062,28424324.0,18.229999542236328,-0.0004183295265346443,-0.010751014340881992,0.0024009018886061995,50.623054900538015,-0.9281992870239719,-4.740639617964604,0.052237842430569836,0.01193943225027927,-0.022381108824165663,-0.01935760757561722,0.031195419236463354,0.8306287326168341,0.02019123337433415,1,-0.015998870134353638,20,0.04606648155900299,61
2024-09-19,937.89404296875,32739630.0,16.329999923706055,0.05344340934306868,0.042672872294993835,-0.005025171841719578,55.21805523219862,1.351622636812749,-3.5221871670091334,0.04905247460097595,0.06321299166791539,-0.013365002956827188,0.00659881885272573,0.030802944639397693,0.7938799624098126,0.013541704085834771,1,-0.015998870134353638,20,0.04606648155900299,61
2024-09-20,950.5947265625,60133709.0,16.149999618530273,-0.012144016927713275,-0.013142775805211393,-0.0003461304571514834,57.21240812427747,4.135564742604288,-1.9906367850864493,0.021276493931440932,0.06904767486943575,0.013965197597912038,-0.015034728834595557,0.030247279142714637,0.9102499839292766,0.004111003185711226,1,-0.015998870134353638,20,0.04606648155900299,61
2024-09-23,954.5026245117188,14497067.0,15.890000343322754,0.0039061934467035098,0.005149938140391441,0.006956707184216482,60.36975311400359,6.581328169101084,-0.2762437942489425,0.02745506278049681,0.06463941538339957,0.029861910485154297,-0.001696620597649634,0.030318364258421146,0.9898720005142632,0.010235462050848465,1,-0.015998870134353638,20,0.04606648155900299,61
2024-09-24,964.2723999023438,26785975.0,15.390000343322754,0.041256701570097976,0.013126187777370735,-0.0017505941198043828,82.31243242815108,9.201878996872324,1.6193807639753108,0.03167893381676268,0.09160940545128637,0.03300726777770446,0.002407407775379733,0.030323629054406654,1.0,0.01823707725709789,1,-0.015998870134353638,20,0.04606648155900299,61
2024-09-25,981.85791015625,39405222.0,15.40999984741211,0.002088258636295137,0.008001177602724896,-0.007296520762731573,82.86189773246608,12.552985118692732,3.8061016349187953,0.04223864439250402,0.0966829424733302,0.0524432342821215,0.07294545503937311,0.028997865635156234,1.0,0.009950294527922399,1,-0.015998870134353638,20,0.04606648155900299,61
2024-09-26,991.627685546875,38321585.0,15.369999885559082,0.024568192496143615,0.034676918899773757,0.005141959081656822,82.21420197328389,15.814796953346217,6.20784069860428,0.0680127887260995,0.12040145891860399,0.04718025243884605,0.06936625792339624,0.028946543565147632,1.0,-0.014778330884034685,0,-0.015998870134353638,20,0.04606648155900299,61
2024-09-27,976.9730834960938,35783779.0,16.959999084472656,-0.04742288489438495,-0.017563321632850015,-0.01264795450138878,84.31875945234304,17.02109384592302,8.370491328068029,0.0572918049548965,0.07978726762678168,0.08115200770862163,0.08460249368421136,0.028954612547482984,1.0,-0.04300004616808917,0,-0.015998870134353638,20,0.04606648155900299,61
2024-09-30,934.9631958007812,61603217.0,16.729999542236328,-0.024161274703530577,-0.008466163469955323,0.0036554889324060813,64.92597340531495,14.421009557051661,9.580594973864756,0.027749319659053917,0.0559662417529061,0.06404606978604721,0.07543838114033075,0.029045211004025573,0.926332732277205,0.015673988149051965,1,-0.015998870134353638,20,0.04606648155900299,61
2024-10-01,949.6177978515625,26760355.0,19.260000228881836,-0.009212856434286154,-0.02863297845178414,0.00015832654460190554,68.47290397830965,13.388592576293945,10.342194494350593,-0.020470796212774145,0.01055964460558756,0.013995492290431955,0.0013204790408514189,0.02956921537021209,0.7151530882902055,0.0,0,-0.015998870134353638,20,0.04606648155900299,61
2024-10-02,949.6177978515625,26760355.0,18.899999618530273,0.021677204045724263,0.01477833661141581,0.0057631161172468914,59.99998438158292,12.427142319845075,10.75918405944949,-0.015197574930346902,0.02639914449904568,0.0386537675465366,0.08121222785255933,0.02809583955616463,0.7888203560130005,0.0,0,-0.015998870134353638,20,0.04606648155900299,61
2024-10-03,949.6177978515625,26760355.0,20.489999771118164,0.020932765332944303,0.005100753967045568,0.0015742442471626816,58.1699218303395,11.532249471404043,10.913797141840401,-0.03283582275113195,0.03294371009954711,0.0982391722394953,0.19795650685867594,0.023270709842100886,0.6904398354805268,0.005143992321129387,1,-0.015998870134353638,20,0.04606648155900299,61
2024-10-04,954.5026245117188,40934818.0,19.209999084472656,0.009360330602008915,0.015927129509747617,0.006475584055064321,59.49364686158719,11.089373731453747,10.948912459763072,-0.042364577257788416,0.012500084599858186,0.08241086124658548,0.10947108839571729,0.020011852583710354,0.6690953233735172,0.028659204220129908,1,-0.015998870134353638,20,0.04606648155900299,61
2024-10-07,981.85791015625,39667071.0,22.639999389648438,0.018491922547137163,-0.001928240422941263,0.01005679869258036,65.5913805137217,12.798204713319251,11.318770910474308,-0.0230000799039054,0.004111003185711226,0.0690161514116745,0.06669222687506537,0.018842435738883716,0.7075722647564332,0.004975085101039722,1,-0.015998870134353638,20,0.04606648155900299,61
2024-10-08,986.7427368164062,30845902.0,21.420000076293945,0.008346476849171669,0.013335186186360648,-0.006747083567230305,68.64863641858867,14.380856700909249,11.931188068561298,0.05015674902080414,0.028659204220129908,0.1228940623307293,0.12665359559977318,0.018765894751289827,0.9230451557072631,0.009900974175892419,1,-0.015998870134353638,20,0.04606648155900299,61
2024-10-09,996.512451171875,46975717.0,20.860000610351562,0.005858726303787254,0.010596039507933863,0.001500498127376071,67.0454488982978,16.236292232922665,12.792208901433572,0.039094611588826655,0.023302893369485878,0.12223882814192022,0.08619267962468724,0.01770836401108267,0.9615220970901792,0.0,0,-0.015998870134353638,20,0.04606648155900299,61
2024-10-10,996.512451171875,46975717.0,20.93000030517578,-0.007267430139904274,-0.005253755510355673,0.0017874650250226942,64.41716639237009,17.50495206874041,13.73475753489494,0.049382660504476705,0.014925317466040422,0.13712380638237898,0.08994525393098307,0.017737058139694943,1.0,0.024509918012404208,1,-0.015998870134353638,20,0.04606648155900299,61
2024-10-11,1020.9368896484375,43058754.0,20.459999084472656,0.027075059823837844,0.007933599637483413,-0.0009929871833751491,68.4782671435037,20.247817948850525,15.037369617686057,0.049382660504476705,0.0049260077105512945,0.08510630803286623,0.08878716325798952,0.01773949003699498,1.0,0.0,0,-0.015998870134353638,20,0.04606648155900299,61
2024-10-14,1020.9368896484375,36858874.0,19.700000762939453,0.0073372707541126125,0.018041810925232937,-0.0020343946585824613,66.66666666666666,22.166042579149348,16.463104209978717,0.06960092453460098,0.04500001780501406,0.10348474143328068,0.10723652938004191,0.018055627074437683,1.0,0.02392343410635367,1,-0.015998870134353638,20,0.04606648155900299,61
2024-10-15,1045.3612060546875,42850176.0,20.639999389648438,-0.026429369772327016,-0.05283300941307301,0.0006846983628858716,67.95579900732426,25.364699167156687,18.243423201414313,0.0398010537858462,0.09195409427215062,0.10348474143328068,0.11310725192033444,0.018017910916810823,1.0,-0.02336447561358257,0,-0.015998870134353638,20,0.04606648155900299,61
2024-10-16,1020.9368896484375,52652149.0,19.579999923706055,0.0018703069300287645,0.0020698673960060088,0.0005909743352694452,57.65306057399309,25.633334226012607,19.72140540633397,0.05940603062091543,0.10082309790290056,0.12988388593232658,0.10915552062550815,0.017903588436490415,1.0,-0.009569481252798662,0,-0.015998870134353638,20,0.04606648155900299,61
2024-10-17,1011.1670532226562,54173771.0,19.110000610351562,0.09793034671633993,0.009494089562269048,-0.0011191169434519033,59.162270613694226,24.772325349543735,20.731589394975924,0.024509918012404208,0.07510294347708002,0.11052082317415857,0.07878752934945621,0.018344530024182702,0.8648261465108541,0.048309222192289836,1,-0.015998870134353638,20,0.04606648155900299,61
2024-10-18,1060.0157470703125,85011961.0,18.030000686645508,-0.024582117233382994,0.0007320264430128454,-0.002084877285687514,82.32320029280591,27.71220194586067,22.127711905152875,0.014705889558678242,0.06481476601464742,0.07812504067300874,0.06846409231159378,0.01842886144225175,0.8107559970882264,0.0,0,-0.015998870134353638,20,0.04606648155900299,61
2024-10-21,1060.0157470703125,36491060.0,18.3700008392334,0.005827173947321684,0.001265180336007754,-0.0008108075314693375,80.87428317437255,29.69971549629861,23.642112623382022,0.038277446743384846,0.11054251696014927,0.11510796078524033,0.13761849252382552,0.01956951922652198,1.0,-0.009216632316667805,0,-0.015998870134353638,20,0.04606648155900299,61
2024-10-22,1050.2459716796875,41197877.0,18.200000762939453,-0.01718241834023848,-0.0046977974393184185,0.0002808461051442279,76.68389170110271,30.139070634326345,24.94150422557089,0.038277446743384846,0.07960198324584944,0.11054251696014927,0.14599200676537416,0.01950564646007792,1.0,-0.013953320784344747,0,-0.015998870134353638,20,0.04606648155900299,61
2024-10-23,1035.591552734375,31423466.0,19.239999771118164,0.011991154462144049,-0.011431932085699259,-0.0011543711676430535,71.15387156845077,28.970816075783773,25.747366595613467,0.004672801704049823,0.06435642492608151,0.08915900920326103,0.13782276784202874,0.019585635618981842,0.9499864864653749,0.0,0,-0.015998870134353638,20,0.04606648155900299,61
2024-10-24,1035.591552734375,38236996.0,19.079999923706055,-0.014587343946718567,0.005113594516571673,-0.0003123109124840706,70.44338174173616,27.72536517007927,26.14296631050663,0.014354132203983516,0.03921586881984651,0.054726495577729795,0.12076548869737902,0.019763077049178023,0.8749674659701078,0.004717002260606007,1,-0.015998870134353638,20,0.04606648155900299,61
2024-10-25,1040.4764404296875,22009575.0,20.329999923706055,0.02783823612519254,0.010706551349856985,-0.0006311938616798685,66.66670137428277,26.823303619423086,26.27903377228992,0.024154761998896435,0.03921586881984651,0.04433505420258044,0.13028364522866065,0.019687898594292593,0.8749674659701078,-0.014084804477178192,0,-0.015998870134353638,20,0.04606648155900299,61
2024-10-28,1025.821533203125,40142324.0,19.799999237060547,-0.04305938068631732,-0.00022255784911706655,0.0025012638112038577,60.52625781536423,24.641829137223795,25.951592845276696,-0.018433034315412766,0.019138842938644762,0.0650001090166652,0.1096986338608219,0.019428798917983107,0.8999742227374203,-0.009523557362203783,0,-0.015998870134353638,20,0.04606648155900299,61
2024-10-29,1016.0520629882812,45415773.0,19.34000015258789,0.01160869285873889,0.02312118798894458,-0.0015593671303683054,55.26319337147735,21.872547185174426,25.135783713256245,-0.03225821310833732,0.004784471600756346,0.09717851762552532,0.1184328819557432,0.019227758139015182,0.8249527026288122,-0.009615488006635697,0,-0.015998870134353638,20,0.04606648155900299,61
2024-10-30,1006.2822265625,38201984.0,20.350000381469727,-0.012491033116858952,-0.03350975121159849,-0.00033745516386241015,52.50000780920549,18.6742618704277,23.843479344690536,-0.032558000328931525,-0.028037335704299116,0.06995895115595041,0.10660797373442543,0.01932090687430794,0.7749407513525252,0.0,0,-0.015998870134353638,20,0.04606648155900299,61
2024-10-31,1006.2822265625,38201984.0,23.15999984741211,-0.020259250572516208,-0.04011654722773972,-0.004296436667535208,45.714270414610986,15.955670676589875,22.265917611070407,-0.02830201356363582,-0.014354132203983627,0.05967077369351803,0.09134310985624094,0.01941026258298896,0.7249269253662324,-0.004854270001057759,0,-0.015998870134353638,20,0.04606648155900299,61
2024-11-01,1001.3974609375,54480255.0,21.8799991607666,0.012648256455744855,0.011053757675494102,-8.469656393517155e-05,44.44445601364982,13.25422139308057,20.46357836747244,-0.02830201356363582,-0.00483087996645859,0.05967077369351803,0.10063104145572588,0.01934028551946696,0.7249269253662324,0.014634151395852113,1,-0.015998870134353638,20,0.04606648155900299,61
2024-11-04,1016.0520629882812,26747978.0,21.979999542236328,-0.007203968713677011,-0.005484466406044608,0.0018830568818823945,41.176490043713216,12.155684124945196,18.80199951896699,-0.037558735569302226,-0.05529944842312262,0.04913012832182684,0.15812269006634727,0.017188931835680172,0.6841965080177224,0.009615127581268812,1,-0.015998870134353638,20,0.04606648155900299,61
2024-11-05,1025.821533203125,32385622.0,20.489999771118164,0.021925306539454237,0.01685365462907118,-0.0003382976410999383,51.612831715732106,11.935811420610776,17.428761899295747,-0.009523557362203783,-0.04147455752760154,0.034825968684806696,0.15813518981920582,0.01718910251189579,0.7631475454254295,0.00952409285145639,1,-0.015998870134353638,20,0.04606648155900299,61
2024-11-06,1035.591552734375,55349259.0,16.270000457763672,-0.012974965414290995,0.031187237146611757,-0.0028108766924117567,58.06457203684096,12.406900615769246,16.424389642590448,0.009615127581268812,-0.023255922074616353,0.03960383484838337,0.14889132758645918,0.01707195773254779,0.8157801454587066,0.004717002260606007,1,-0.015998870134353638,20,0.04606648155900299,61
2024-11-07,1040.4764404296875,43975446.0,15.199999809265137,0.041248344902743206,0.022705172042057464,0.016098729025626257,40.90916319274851,13.024276062134618,15.744366926499284,0.029126347855707335,0.0,0.03921586881984651,0.18434611926713096,0.01666125355867806,0.8670220578705904,0.02347404841367773,1,-0.015998870134353638,20,0.04606648155900299,61
2024-11-08,1064.900634765625,37099479.0,14.9399995803833,4.956593847271762e-05,-0.00814966149799179,-0.00929648605804334,51.851862135604236,15.307918754180719,15.657077292035572,0.03398073916499178,0.004717002260606007,0.04411785242232735,0.1833510576266293,0.016660043425409225,0.8936179121420307,-0.004587176996459941,0,-0.015998870134353638,20,0.04606648155900299,61
2024-11-11,1060.0157470703125,34690205.0,14.970000267028809,-0.035536707170830684,-0.025352873123497655,0.00627458984621776,53.8461760262044,16.532970634030335,15.832255960434525,0.06341455446539057,0.02347404841367773,0.04306215747804609,0.21516179933294488,0.01687857268600137,1.0,-0.03225821310833732,0,-0.015998870134353638,20,0.04606648155900299,61
2024-11-12,1025.821533203125,51099848.0,14.710000038146973,-0.011749562025046068,-0.009260354382414016,0.004336932611868294,46.66657226202952,14.576615637281748,15.58112789580397,0.04326912535636307,0.03333349199681557,0.038277446743384846,0.15425529546321726,0.01549251266104742,0.9664428095059,-0.014285603787931977,0,-0.015998870134353638,20,0.04606648155900299,61
2024-11-13,1011.1670532226562,42331232.0,14.020000457763672,-0.026646499161174564,-0.02003470491503223,0.001235439255507842,42.42419194043719,11.70872524950937,14.80664736654505,0.0,0.009615127581268812,-0.018691790682865972,0.10876433284053633,0.016431166205105645,0.7315424760471999,0.0,0,-0.015998870134353638,20,0.04606648155900299,61
2024-11-14,1011.1670532226562,44627940.0,14.3100004196167,0.00985740057233131,-0.00033961182816699687,-0.00020971256315938103,40.62494021070042,9.328369814650614,13.710991856166164,-0.02358507024050971,0.004854330655171157,-0.009569481252798662,0.09292496488738555,0.01663277273343162,0.6308721624249529,0.0,0,-0.015998870134353638,20,0.04606648155900299,61
2024-11-15,1011.1670532226562,34791611.0,16.139999389648438,-0.01320951718419916,-0.03416863426151773,0.003986669276656585,44.827617406680226,7.357112766659839,12.4402160382649,-0.028169198328918732,0.004854330655171157,0.0,0.09292496488738555,0.01663277273343162,0.6308721624249529,-0.009661699571816507,0,-0.015998870134353638,20,0.04606648155900299,61
2024-11-18,1001.3974609375,31815076.0,15.579999923706055,0.007902889412657377,0.011415982233701438,-0.0023173876056459264,44.82757877838303,4.94949817051031,10.942072464713982,-0.0504587750149994,0.009755958713945745,-0.04608298884489692,0.0998937149759509,0.016581630392472037,0.5864657486630388,0.014634151395852113,1,-0.015998870134353638,20,0.04606648155900299,61
2024-11-19,1016.0520629882812,24349599.0,16.350000381469727,0.01168126738651809,0.006216315473490885,-0.0006007286302424086,53.333374982559384,4.175813984751699,9.588820768721526,-0.05529944842312262,-0.014423081832717344,-0.05529944842312262,0.06770852042917386,0.016439781985894,0.5112788559323029,-0.014423081832717344,0,-0.015998870134353638,20,0.04606648155900299,61
2024-11-20,1001.3974609375,40203197.0,17.15999984741211,-0.006906787567848016,-0.007096771631971643,-0.0036001887929690835,48.48487716888303,2.353035453570783,8.141663705691377,-0.009523557362203783,-0.009523557362203783,-0.032558000328931525,0.0688593515161664,0.01645983820693719,0.6240608390737918,-0.014634273295814126,0,-0.015998870134353638,20,0.04606648155900299,61
2024-11-21,986.7427368164062,41429227.0,16.8700008392334,0.01528985711334796,0.016133450312228126,0.004516555234781006,45.714247975047634,-0.27092042471883815,6.459146879609334,-0.009661699571816507,-0.033018897949282144,-0.033018897949282144,0.04913012832182684,0.01664158639556863,0.5112788559323029,0.02970310809323773,1,-0.015998870134353638,20,0.04606648155900299,61
2024-11-22,1016.0520629882812,25187973.0,15.239999771118164,-0.006065799094291169,-0.0014607953345848745,0.0010408579018676978,50.0,0.014427005428501616,5.170202904773168,-0.024154580915594637,-0.051643364064150044,-0.04716996366857995,0.023302893369485878,0.01675712813854275,0.3984959333363083,-0.009615488006635697,0,-0.015998870134353638,20,0.04606648155900299,61
2024-11-25,1006.2822265625,49566674.0,14.600000381469727,-0.026304522779964534,0.0064813185466288115,0.00194435698150075,44.73689748349876,-0.5415347742099357,4.027855368976548,0.004831061049760388,-0.045871483387832646,-0.023474224396008103,0.034825968684806696,0.01713909383027719,0.6240608390737918,-0.019417504583024825,0,-0.015998870134353638,20,0.04606648155900299,61
2024-11-26,986.7427368164062,27312402.0,14.100000381469727,-0.006699989534943884,-0.012101209367162413,-0.007261611146034852,37.499972667772234,-2.5296517633676103,2.716353942507716,0.004877948881982341,-0.050691247423750085,-0.019047471717242637,0.014778269333558525,0.01715462651717321,0.5488720674340444,-0.00990091232070578,0,-0.015998870134353638,20,0.04606648155900299,61
2024-11-27,976.9730834960938,31276090.0,14.100000381469727,-0.014414623915135372,-0.015129251005014721,0.002257764605386736,34.146324367697616,-4.837810902779665,1.20552097345024,-0.02884628380722365,-0.03809512193090281,-0.02884628380722365,0.009999920658358308,0.01726990051419361,0.3984959333363083,0.004999960329179043,1,-0.015998870134353638,20,0.04606648155900299,61
2024-11-28,981.85791015625,33689956.0,14.100000381469727,0.0,0.0,0.0003024211586037939,27.02705075697814,-6.20139316273071,-0.27586185378595013,-0.024390292959740822,-0.033816340848511706,-0.02912616589336714,0.044932129824994504,0.015946458659789924,0.23728844966682444,-0.008955252642545819,0,-0.015998870134353638,20,0.04606648155900299,61
2024-11-29,973.0651245117188,40094983.0,13.510000228881836,0.01915127981866771,0.015155603743005841,0.0024526484448965657,26.455049540950824,-7.900474492880221,-1.8007843816048044,-0.004950456160352945,-0.028985460882053116,-0.024271835238195982,0.03395061926769727,0.015793998408184493,0.27966099002855793,0.03915660704627233,1,-0.015998870134353638,20,0.04606648155900299,61
2024-12-02,1011.1670532226562,31168404.0,13.34000015258789,0.052745477617113457,0.026135835977558974,-0.00170188817196526,46.11402133623194,-6.1021595752544044,-2.6610594203347246,-0.04230781083218793,-0.037681141399439566,-0.0282927983452812,0.024691330252238464,0.015866946782331658,0.20338957027605975,0.019323700949136047,1,-0.015998870134353638,20,0.04606648155900299,61
2024-12-03,1030.70654296875,43414538.0,13.300000190734863,0.02309669646944945,-0.0038494025332032056,0.004701136177487131,55.05050744083538,-3.0649773714403636,-2.7418430105558524,0.004854330655171157,0.009755958713945745,-0.00480783410965957,0.06481476601464742,0.01693880851448491,0.51327400358588,0.014218075150398857,1,-0.015998870134353638,20,0.04606648155900299,61
2024-12-04,1045.3612060546875,33466290.0,13.449999809265137,0.009050309263028966,0.017061618910701126,-0.0039120209053116195,58.21597524752621,0.5185428050293694,-2.0897658474388083,0.04455447657429645,0.014422961690928382,0.004762046425728306,0.07983625869652666,0.017150438034005455,0.6276593694276279,0.004672801704049823,1,-0.015998870134353638,20,0.04606648155900299,61
2024-12-05,1050.2459716796875,31425359.0,13.539999961853027,0.017987961049688916,-0.0186282253378528,-0.004651336042930887,59.17430417063456,3.709902676280308,-0.9298321426949852,0.07000000687211072,0.04390239323757528,0.00943388664625222,0.06467666577980902,0.01674227474985654,0.7872344950562695,-0.009302136369421454,0,-0.015998870134353638,20,0.04606648155900299,61
2024-12-06,1040.4764404296875,30765288.0,12.770000457763672,-0.006265374928372536,0.006949286798550558,0.0003032821885522452,59.174321128607566,5.388641932373957,0.33386267231880334,0.06965168871792704,0.06435642492608151,0.009389478579606703,0.06435642492608151,0.01674086611685494,0.8404248743713584,0.009389478579606703,1,-0.015998870134353638,20,0.04606648155900299,61
2024-12-09,1050.2459716796875,22247131.0,14.1899995803833,-0.018963674579194012,-0.008389141638710296,0.0020171769247800952,58.21593104538558,7.421820287633977,1.7514541953818383,0.06927729112868519,0.02403850976845856,-0.022935655720886183,0.04411785242232735,0.016771436987493553,0.7340441157411808,-0.009302136369421454,0,-0.015998870134353638,20,0.04606648155900299,61
2024-12-10,1040.4764404296875,28506584.0,14.180000305175781,-0.036300550294268485,-0.024734729997828442,-0.0005310753893845721,59.61541349566918,8.150851317679326,3.031333619841336,0.03864734153717153,0.04368927916710752,-0.009216632316667805,0.053921574632231906,0.016818050798728106,0.8404248743713584,-0.01877942644542796,0,-0.015998870134353638,20,0.04606648155900299,61
2024-12-11,1020.9368896484375,25264194.0,13.579999923706055,0.01385843117446317,0.027192596903578448,0.00472647811741278,58.21599934534454,7.070431676986459,3.839153231270361,0.009478835200557922,0.05445563631574912,0.01428602027957293,0.019138842938644762,0.016490322177416725,0.7340441157411808,0.01825117788394004,1,-0.015998870134353638,20,0.04606648155900299,61
2024-12-12,1039.5701904296875,22791260.0,13.920000076293945,-0.013011296405716744,-0.00907153527448068,-0.001168319802240636,55.956402683434995,7.629791488885303,4.59728088279335,-0.02336447561358257,0.04500001780501406,0.009661941016218867,0.0,0.016758926993171046,0.5212772815696585,0.0047171500673015565,1,-0.015998870134353638,20,0.04606648155900299,61
2024-12-13,1044.4739990234375,20423659.0,13.8100004196167,0.04977541154300846,0.033637786941277614,-0.0006095614844506825,59.91721783981544,8.372274175328698,5.35227954130042,-0.010165029467264608,0.05877864778239994,0.028089460704350033,-0.005539726930231081,0.016584504403649798,0.7241759286151507,0.01877919402603756,1,-0.015998870134353638,20,0.04606648155900299,61
2024-12-16,1064.08837890625,39722392.0,14.6899995803833,0.006119623426307008,0.02063782877548337,0.0009948574552680611,70.07645405769875,10.423260724586044,6.366475777957545,0.003842046238066832,0.07338550392251642,0.03293911297310359,0.02305442149622494,0.016180692999971935,0.7775736674657541,-0.009216575588056997,0,-0.015998870134353638,20,0.04606648155900299,61
2024-12-17,1054.2811279296875,37880707.0,15.869999885559082,-0.007714411111071073,-0.016413438691629256,-0.002501633362811728,70.06277899620133,11.129030612915813,7.318986744949199,0.013180157410576765,0.052336876992708614,0.06260343211781194,0.052336876992708614,0.016333715837135818,0.9911553182736256,0.009302311040909172,1,-0.015998870134353638,20,0.04606648155900299,61
2024-12-18,1064.08837890625,41863190.0,27.6200008392334,-0.02541610709260267,-0.03845611854476838,0.0003948023999278405,70.8085928981076,12.337502476684222,8.322689891296204,0.013267659856189606,0.022872257018021314,0.037625104395705655,-0.005409937688637623,0.014621610081494131,0.884363828255794,-0.013824691304772818,0,-0.015998870134353638,20,0.04606648155900299,61
2024-12-19,1049.377685546875,42702851.0,24.09000015258789,-0.004704410539516313,-0.015592451776015981,0.007653556048109023,68.74949201271536,11.970209993969547,9.052193911830873,0.042266558976698176,0.01791454737663445,0.06260343211781194,0.0038420484291799006,0.014692285418580883,0.9911553182736256,-0.03271045595057154,0,-0.015998870134353638,20,0.04606648155900299,61
2024-12-20,1015.0520629882812,52030520.0,18.360000610351562,0.013203919697043265,0.014599034686988643,-0.0014688883539788478,50.97256847186409,8.807806277835425,9.003316385031784,0.009434182710773786,-0.0008267455017454406,0.06347647303951987,-0.0008267455017454406,0.014781227339837095,0.8309700770885657,0.04347843341673574,1,-0.015998870134353638,20,0.04606648155900299,61
2024-12-23,1059.1849365234375,30728473.0,16.780000686645508,0.051467944651014674,0.030985423483714136,-0.00042905113412716744,56.34763818176673,9.750336796172178,9.152720467259863,-0.028169141656628316,-0.02443532256329295,-0.0009842015349675881,-0.0198335817744566,0.015482499376495606,0.4571972035705717,0.0,0,-0.015998870134353638,20,0.04606648155900299,61
2024-12-24,1059.1849365234375,26461906.0,14.270000457763672,-0.0049672452587256055,0.010707703754578857,-0.00024526060488960777,53.29657469924621,10.377671683231483,9.397710710454188,-0.0046081157167158215,0.008511306003348595,0.052572437994512944,0.022782518577683097,0.01689616529459896,0.9377615671063974,0.004629448752270893,1,-0.015998870134353638,20,0.04606648155900299,61
2024-12-25,1064.08837890625,15481622.0,14.270000457763672,0.0,0.0,0.00018390283940372676,53.300734563854895,11.142067107525463,9.746581989868444,0.004651329198483989,0.01798070130835816,0.07341548815525756,0.01798070130835816,0.01688431631213698,0.9377615671063974,0.0,0,-0.015998870134353638,20,0.04606648155900299,61
2024-12-26,1064.08837890625,14374900.0,14.729999542236328,-0.015848444197782863,0.00033825837144640936,0.0028792111504165607,55.905428393829965,11.613977287727039,10.120061049440164,0.0,0.042266558976698176,0.08916857268822032,0.03730360931656107,0.016734608579352456,0.9911553182736256,0.004608459871341175,1,-0.015998870134353638,20,0.04606648155900299,61
2024-12-27,1068.9921875,24948385.0,15.949999809265137,-0.007042201889793653,-0.010113373528816583,0.00041578320025936755,54.80545253595117,12.242541478694193,10.54455713529097,0.014018492638051994,0.023584928369702718,0.0837498663497187,0.047277415860650374,0.016652742899547185,0.9911553182736256,0.0,0,-0.015998870134353638,20,0.04606648155900299,61
2024-12-30,1068.9921875,23954634.0,17.399999618530273,-0.006149885253519782,-0.01882900840205104,0.0026587407296438936,57.695229373513506,12.595490158469602,10.954743739926698,0.05314025406038847,0.023474197059463853,0.09858236676236554,0.062318462238689865,0.016571128179486232,1.0,-0.013761615606112665,0,-0.015998870134353638,20,0.04606648155900299,61
2024-12-31,1054.2811279296875,28397820.0,17.350000381469727,-0.014471727391040856,-0.009266785904266217,-0.0014782773801352844,59.2390116859177,11.55494673492467,11.074784338926293,0.009259243252413452,0.004608459871341175,0.05718652926146195,0.062318462238689865,0.016571128179486232,1.0,-0.0093021952555562,0,-0.015998870134353638,20,0.04606648155900299,61
2025-01-02,1044.4739990234375,43177098.0,17.93000030517578,0.020709873545190938,0.008347471300082843,0.001251537494249222,51.42862121622707,9.825690786806035,10.824965628502241,-0.004629794500142559,0.0,0.022872257018021314,0.052809867265569244,0.016711803677585343,0.8466432817597089,0.00938953857675684,1,-0.015998870134353638,20,0.04606648155900299,61
2025-01-03,1054.2811279296875,30415096.0,16.1299991607666,0.03487453381094818,0.028308254972368774,0.0020975544231986998,52.777741282131245,9.141222013288143,10.488216905459423,-0.018433036457905505,-0.018433036457905505,-0.000848708586191349,0.0279729130725499,0.01665619322524019,0.7444080146646654,0.04651155520454586,1,-0.015998870134353638,20,0.04606648155900299,61
2025-01-06,1103.3173828125,69289786.0,16.040000915527344,0.05464734156727591,0.028369513260089407,0.0012929662335154912,59.52379823407696,12.412507870690433,10.873075098505625,-0.009216575588056997,0.0046727145529659175,0.003842105905482729,0.027743222193530537,0.016653314672980105,0.8466432817597089,0.0044446037651011405,1,-0.015998870134353638,20,0.04606648155900299,61
2025-01-07,1108.22119140625,48758688.0,17.81999969482422,-0.03904368698369198,-0.018434567487561337,-0.005362688493261603,63.41465117662845,15.225215049971894,11.74350308879888,0.032109865454465814,0.08695644592294949,0.06039631455457162,0.06539820636746385,0.01804635982449682,1.0,-0.022124022475840888,0,-0.015998870134353638,20,0.04606648155900299,61
2025-01-08,1083.702880859375,45211419.0,17.700000762939453,-0.02033859913677072,-0.009573581916398899,-0.00034527787352645056,54.54544168707677,15.299519661909244,12.454706403420953,0.03669718484846274,0.046296216262066814,0.055201563528819,0.0651093560067404,0.018045285899202023,1.0,-0.0045248236760582206,0,-0.015998870134353638,20,0.04606648155900299,61
2025-01-09,1078.79931640625,27263215.0,17.700000762939453,0.0,0.0,0.005983308797275377,57.14280210554141,14.792214490820015,12.922208020900767,0.027906933122727517,0.023147935257097574,0.0415448526752189,0.01765633851639903,0.01807255281908562,0.8185926010557276,0.0,0,-0.015998870134353638,20,0.04606648155900299,61
2025-01-10,1078.79931640625,22021522.0,19.540000915527344,0.006035018109846302,-0.024190510223085493,-0.0027125588031043923,68.57141129816642,14.226180929529846,13.183002602626583,0.03286373563622069,0.013824920741189795,0.056675811545743526,0.017720085185386925,0.01807212098111077,0.7823118438112046,-0.022727293300702778,0,-0.015998870134353638,20,0.04606648155900299,61
2025-01-13,1054.2811279296875,56690300.0,19.190000534057617,-0.03364194958143296,-0.003460104980847145,0.008080683673291622,48.38703978517419,11.664718734610688,12.879345829023405,0.023255835494949473,0.013824920741189795,0.0377359088762903,0.05164424949991253,0.01731213231461544,0.7823118438112046,0.013953640239393161,1,-0.015998870134353638,20,0.04606648155900299,61
2025-01-14,1068.9921875,28695247.0,18.709999084472656,0.0004469245001808009,0.005161344540757673,-0.0012629097569892833,52.941167856810765,10.698475684546565,12.443171800128038,-0.04444437806083745,-0.013761615606112665,0.00938953857675684,0.04263793462180532,0.017545453757332987,0.6009053480473465,-0.02293579762626885,0,-0.015998870134353638,20,0.04606648155900299,61
2025-01-15,1044.4739990234375,35489482.0,16.1200008392334,0.026557534319022524,0.021347758577277887,-0.0030888493404357398,44.73689554761429,7.8636608160293235,11.527269603308296,-0.035398171601890516,0.0,0.004608459871341175,0.05718652926146195,0.01765503983156212,0.7097503293221585,0.037558504924599,1,-0.015998870134353638,20,0.04606648155900299,61
2025-01-16,1083.702880859375,47542962.0,16.600000381469727,0.03863620206666862,0.0018026065315257522,-0.004746202771525931,54.34781432239015,8.68240713882119,10.958297110410875,-0.03619892733405772,-0.0093021952555562,-0.0093021952555562,0.03293911297310359,0.018052049843446195,0.5283438335583005,0.013574808953766615,1,-0.015998870134353638,20,0.04606648155900299,61
2025-01-17,1098.4139404296875,59214050.0,15.970000267028809,-0.015317212239647326,0.028429481256493583,0.0014330122044485805,56.24998379308253,10.398462062414183,10.846330100811537,0.004545390767821456,0.037558504924599,0.018433151176113993,0.08219056182229711,0.01883001407561861,0.8185926010557276,0.0,0,-0.015998870134353638,20,0.04606648155900299,61
2025-01-20,1098.4139404296875,29834528.0,15.970000267028809,0.0,0.0,0.002040049502909147,56.24998379308253,11.624448545999485,11.001953789849127,0.018181902532881322,0.04186057336212068,0.04672889042543127,0.08106068620064022,0.01881345428886659,0.9274375823305396,0.0,0,-0.015998870134353638,20,0.04606648155900299,61
2025-01-21,1098.4139404296875,21904213.0,15.0600004196167,0.034042586265163655,0.01294974190636533,-0.018049163113836197,60.00002212785919,12.452506918654535,11.29206441561021,0.04186057336212068,-0.004444271847066306,0.08212571599134688,0.09688109195060424,0.018636634803346826,0.9274375823305396,0.013392779250355202,1,-0.015998870134353638,20,0.04606648155900299,61
2025-01-22,1113.124755859375,42960405.0,15.100000381469727,0.02057602692755589,0.01688017831412103,0.008293035215003464,65.21735836354416,14.132874032149857,11.860226338918139,0.027522888636346998,-0.008849542900472684,0.03703697300965336,0.11317154861820766,0.018446760326916507,0.9274375823305396,0.0,0,-0.015998870134353638,20,0.04606648155900299,61
2025-01-23,1113.124755859375,42960405.0,15.020000457763672,0.006362087525098925,-0.004497859407811999,-9.201915309597908e-05,63.63635334966141,15.288342579393657,12.545849587013242,0.06572758814496549,0.027149392623805335,0.05092578026362804,0.09553909332716293,0.018031885727083124,1.0,0.0,0,-0.015998870134353638,20,0.04606648155900299,61
2025-01-24,1113.124755859375,42960405.0,14.850000381469727,-0.012198420758662731,-0.018871598035105297,0.0018231069883152262,52.94120231190172,16.01939807846611,13.240559285303817,0.027149392623805335,0.031818187990210856,0.04608299265849358,0.10617551068337283,0.01793728626609454,1.0,0.0,0,-0.015998870134353638,20,0.04606648155900299,61
2025-01-27,1113.124755859375,42960405.0,17.899999618530273,-0.13327016360526234,-0.09148356447126238,0.0028461453505732592,51.51512865580893,16.40960511530693,13.874368451304441,0.013392779250355202,0.031818187990210856,0.04608299265849358,0.12808000943662723,0.017604127651342182,1.0,0.0,0,-0.015998870134353638,20,0.04606648155900299,61
2025-01-28,1113.124755859375,42960405.0,16.40999984741211,0.05246733557916983,0.011083224440501471,0.005285148140542928,60.7143111161689,16.528318832315335,14.405158527506622,0.013392779250355202,0.055813982030807896,0.041284275858540775,0.1393607200272735,0.017492776093931652,1.0,0.0,0,-0.015998870134353638,20,0.04606648155900299,61
2025-01-29,1113.124755859375,42960405.0,16.559999465942383,-0.0003457877716632751,0.0022560108629232634,-0.0012520013183110468,62.96295613337931,16.43297124498781,14.810721071002861,0.013392779250355202,0.041284275858540775,0.041284275858540775,0.133692303484356,0.017497653224302332,1.0,0.0,0,-0.015998870134353638,20,0.04606648155900299,61
2025-01-30,1113.124755859375,42960405.0,15.84000015258789,0.02876480865680553,0.022860390245733164,-0.004627997644679804,62.96295613337931,16.17099839172556,15.082776535147403,0.0,0.06572758814496549,0.055813982030807896,0.14393654424511193,0.017400963760255652,1.0,0.0,0,-0.015998870134353638,20,0.04606648155900299,61
2025-01-31,1113.124755859375,42960405.0,16.43000030517578,0.005621013348472426,-0.0029181195871885723,0.006893228711458477,77.27272212937325,15.78146412330966,15.222514052779855,0.0,0.027149392623805335,0.06572758814496549,0.10083170956942555,0.01645941194588859,1.0,-0.05726857656964501,0,-0.015998870134353638,20,0.04606648155900299,61
2025-02-03,1049.377685546875,97946226.0,18.6200008392334,-0.04548066798043293,-0.01815047046661944,-0.003354747105550504,43.75,10.211191333971783,14.220249509018242,0.0,0.013392779250355202,0.055813982030807896,0.07996283079103716,0.01624407849756999,1.0,0.02336438704952326,1,-0.015998870134353638,20,0.04606648155900299,61
2025-02-04,1073.895751953125,53308108.0,17.209999084472656,0.021271292987062207,0.010514067454417741,0.004843438559004598,59.37500729313745,7.6865077925792775,12.91350116573045,-0.05726857656964501,-0.04464278272326916,-0.04888864990790376,0.003842192984514936,0.018514925736599592,0.35000183592094464,0.013698550723319824,1,-0.015998870134353638,20,0.04606648155900299,61
2025-02-05,1088.6065673828125,40385340.0,15.770000457763672,0.022151575249729216,0.023090140007079984,-0.002891986256126744,51.85187575546076,6.794396188528026,11.689680170289966,-0.035242234708870224,-0.022321446928260213,-0.030973455226540603,0.022518325145883367,0.018845303300792732,0.6000007468152995,0.004504553500193076,1,-0.015998870134353638,20,0.04606648155900299,61
2025-02-06,1093.51025390625,29971252.0,15.5,0.009253324728125456,0.00021405160561727143,-0.0021221627178528157,47.999972118801786,6.4091966067273916,10.633583457577451,-0.02202645152531313,-0.02202645152531313,0.004524936317922279,0.04625777680583387,0.0188815988632533,0.7499998444134792,0.008968483716743192,1,-0.015998870134353638,20,0.04606648155900299,61
2025-02-07,1103.3173828125,27883220.0,16.540000915527344,-0.02080756346662327,-0.016347281551089443,-0.0007860262820782449,51.85178697050805,6.816697854456606,9.870206336953283,-0.017621117354435167,-0.017621117354435167,0.0136363986111947,0.04119442815607166,0.01884525825188038,0.8000003734076497,-0.017777751224335003,0,-0.015998870134353638,20,0.04606648155900299,61
2025-02-10,1083.702880859375,28527108.0,15.8100004196167,0.008878256986653232,0.014638671044946427,0.0009726337705842081,45.16122038123061,5.493592432861533,8.994883556134933,-0.008810668341755923,-0.008810668341755923,0.02272718014683761,0.06039631455457162,0.018809290497471022,0.8999989420116591,0.004524936317922279,1,-0.015998870134353638,20,0.04606648155900299,61
2025-02-11,1088.6065673828125,18898928.0,16.020000457763672,0.0037990973088850577,-0.0005311592278757216,0.0011422745347031693,41.379277784406625,4.785543606611327,8.153015566230213,0.03271004880822459,-0.02643178569619109,0.027906933122727517,0.06147881602412375,0.01878347588789003,0.6999993154193088,-0.009008994865923659,0,-0.015998870134353638,20,0.04606648155900299,61
2025-02-12,1078.79931640625,24172954.0,15.890000343322754,-0.011305940090998723,0.0021298991453009286,-0.0018895087172872138,38.70964374391705,3.3939235810016726,7.201197169184505,0.013698550723319824,-0.02202645152531313,0.018348478232272036,0.04716985673940566,0.018605155507925273,0.7499998444134792,-0.0090907815356428,0,-0.015998870134353638,20,0.04606648155900299,61
2025-02-13,1068.9921875,33210403.0,15.100000381469727,-0.022046812289839735,0.012886034810488889,0.0016004999541816556,36.36362950580256,1.4826107298858915,6.057479881324783,-0.009008994865923659,-0.030837010202530712,0.03286373563622069,0.03286373563622069,0.018663541983268417,0.6500000311173042,-0.027523117020265886,0,-0.015998870134353638,20,0.04606648155900299,61
2025-02-14,1039.5701904296875,64486940.0,14.770000457763672,0.010256249096207481,0.0008823623827647342,-0.007319906963362488,30.76917675880175,-2.3788063497299845,4.370222635113829,-0.022421432555082332,-0.039647459215209846,-0.013574471028174662,0.004608459871341175,0.018508636217971917,0.5500014625132948,0.023584928369702718,1,-0.015998870134353638,20,0.04606648155900299,61
2025-02-17,1064.08837890625,35491271.0,14.770000457763672,0.0,0.0,0.0015391983887540484,38.6363353478525,-3.4211573302191027,2.8119466420472428,-0.05777774679876124,-0.06607935457593928,-0.05357156153442566,-0.01395352445404019,0.01894799764687626,0.2499995332404378,0.013824920741189795,1,-0.015998870134353638,20,0.04606648155900299,61
2025-02-18,1078.79931640625,21616188.0,15.350000381469727,-0.005689118330025722,0.016841878196961924,0.0012581943498035653,42.55318022006193,-3.025304453619583,1.6444964229138777,-0.018099519987960888,0.014018492638051994,-0.03125011460616545,0.0,0.019247736640920766,0.49999968882695855,-0.0090907815356428,0,-0.015998870134353638,20,0.04606648155900299,61
2025-02-19,1068.9921875,26400293.0,15.270000457763672,-0.008829075973424305,0.011781960596474628,0.0004493902906270719,40.8163368987489,-3.463021976399432,0.6229927430512158,-0.009008994865923659,0.004566145684259171,-0.017857224222558976,0.028037217928873925,0.019229853277183555,0.6500000311173042,-0.009174296212115629,0,-0.015998870134353638,20,0.04606648155900299,61
2025-02-20,1059.1849365234375,29643124.0,15.65999984741211,-0.0042298660959138035,0.0001770237841800526,0.0007610438798688612,39.21569584540403,-4.548843224839857,-0.4113744505269987,-0.0090907815356428,-0.0180178775973846,-0.039647459215209846,0.05314025406038847,0.018558416368560128,0.4000023234239303,0.013888807253974678,1,-0.015998870134353638,20,0.04606648155900299,61
2025-02-21,1073.895751953125,28972910.0,18.209999084472656,-0.009295323809949685,-0.03277201441316202,-0.0016155224353523456,56.097547647526696,-4.174206866978011,-1.1639409338172013,-0.009174296212115629,-0.03139002790343781,-0.04845801789242743,0.0,0.017388259186987436,0.26666932200830124,-0.01826492374866351,0,-0.015998870134353638,20,0.04606648155900299,61
2025-02-24,1054.2811279296875,30822970.0,18.979999542236328,-0.033242617269398256,-0.025902361047843825,0.0024378228572174976,44.999971994391416,-5.3978183962553885,-2.010716426304839,0.0330189936566474,-0.02666651619715754,-0.035242234708870224,0.013888807253974678,0.017516962915491596,0.46666799433748396,-0.018604622081818345,0,-0.015998870134353638,20,0.04606648155900299,61
2025-02-25,1034.6666259765625,45158522.0,19.43000030517578,-0.011896507288905789,-0.022915806679840944,-0.002236579215236012,36.585362891865906,-7.859664412362918,-3.180506023516455,-0.009216575588056997,-0.027149279981941277,-0.05286346172784373,-0.009216575588056997,0.017739460363780903,0.20000033191770433,0.004739269954220138,1,-0.015998870134353638,20,0.04606648155900299,61
2025-02-26,1039.5701904296875,36768449.0,19.100000381469727,0.0277233602808451,0.020851390062708086,0.002403748003681816,36.585324388536435,-9.307724788695168,-4.405949776552197,-0.04090908267971893,-0.04954952782981126,-0.0704845790822789,-0.02764972676417099,0.017968572226506926,0.0,-0.0188678957262306,0,-0.015998870134353638,20,0.04606648155900299,61
2025-02-27,1019.9556884765625,55283596.0,21.1299991607666,-0.06952009931727343,-0.06092582680368519,-0.0008542199220611391,30.232560832219377,-11.900863703293908,-5.90493256190054,-0.027523117020265886,-0.03636369191189748,-0.06607935457593928,-0.027523117020265886,0.017969492227486814,0.062499124825548556,0.0,0,-0.015998870134353638,20,0.04606648155900299,61
2025-02-28,1019.9556884765625,55283596.0,19.6299991607666,-0.0030923442855643746,0.017069397770310024,0.004622788151135149,33.33333333333333,-13.796902867685503,-7.483326623057533,-0.03703720350823447,-0.045871709444497255,-0.08370047193037444,-0.045871709444497255,0.018191014096845776,0.0,-0.01923073931027519,0,-0.015998870134353638,20,0.04606648155900299,61
2025-03-03,1000.3411865234375,65621663.0,22.780000686645508,-0.041876658722124094,-0.040148923860596875,0.00010029005274558855,28.571411636819704,-16.689863589692322,-9.324634016384492,-0.05022839822064684,-0.0188678957262306,-0.08370047193037444,-0.032558146535858534,0.018078308614565546,0.0,-0.019607812031905647,0,-0.015998870134353638,20,0.04606648155900299,61
2025-03-04,980.7266845703125,64569262.0,23.510000228881836,0.04064293363305049,0.006368806826804185,-0.0004892272620616867,27.272711842639026,-20.330919996759576,-11.52589121245951,-0.05116276861767688,-0.05990779868147478,-0.046729123078200874,-0.0422536248305494,0.018258519523112804,0.0,0.019999967637995608,1,-0.015998870134353638,20,0.04606648155900299,61
2025-03-05,1000.3411865234375,41994320.0,21.93000030517578,0.02377758478978964,0.02090999440511143,-0.0028611765666530786,34.78257104897868,-21.38721850749721,-13.49815667146705,-0.05213267737841565,-0.09090906004894583,-0.08675801837688923,-0.06976739069949522,0.018408963392619652,0.0,-0.01470585902392918,0,-0.015998870134353638,20,0.04606648155900299,61
2025-03-06,985.6303100585938,45187017.0,24.8700008392334,-0.04574547091730363,-0.04529875608924616,0.00019216094991714172,37.2093023255814,-23.14459103581214,-15.42744354433607,-0.03773579145246109,-0.06422030186872862,-0.08108106592777531,-0.09333324924743114,0.017130776543511854,0.14814794326044967,0.0,0,-0.015998870134353638,20,0.04606648155900299,61
2025-03-07,985.6303100585938,40822280.0,23.3700008392334,0.0071083533558184975,0.03158299475460935,0.0017315585352613017,28.947345147671584,-24.257693831092297,-17.193493601687315,-0.0336537937929815,-0.06944455489168122,-0.09865471627932731,-0.1106195065554536,0.017204696986316582,0.037036985815112416,-0.006965200070074284,0,-0.015998870134353638,20,0.04606648155900299,61
2025-03-10,978.7651977539062,46849886.0,27.860000610351562,-0.036420071946093535,-0.048492416731706234,-0.0009403841713142569,21.977964109695932,-25.400986246787397,-18.83499213070733,-0.0336537937929815,-0.08219181585735891,-0.10666656266568242,-0.09049765626073614,0.016930148581085554,0.037036985815112416,-0.02705410278029763,0,-0.015998870134353638,20,0.04606648155900299,61
2025-03-11,952.2855834960938,50204233.0,26.920000076293945,0.00187513222435709,-0.00704185853899475,0.0012063354165599005,20.100432421714842,-28.119592140085842,-20.691912132583035,-0.02156862984369956,-0.07162788764328287,-0.09683252204908166,-0.09272727293300698,0.016942804130764978,0.0,0.01750779871642849,1,-0.015998870134353638,20,0.04606648155900299,61
2025-03-12,968.9580078125,34184887.0,24.229999542236328,0.03626352853757453,0.024450957485938618,6.697012528866786e-05,27.669867422022378,-28.599108867257655,-22.27335147951796,-0.029000027756642233,-0.07962085604405578,-0.12522520805147874,-0.11727272254083831,0.017367142920658347,0.0,-0.023279401701046032,0,-0.015998870134353638,20,0.04606648155900299,61
2025-03-13,946.4012451171875,37035693.0,24.65999984741211,-0.031495080157462274,-0.006199433395782106,0.0011408531144070366,19.62615599371837,-30.44828271333165,-23.9083377262807,-0.03137247484531336,-0.06792440112966425,-0.10181811104558247,-0.08093014079151561,0.017351789536447396,0.10365897854005918,-0.0062175936573051205,0,-0.015998870134353638,20,0.04606648155900299,61
2025-03-14,940.5169067382812,34333748.0,21.770000457763672,0.014569660080127278,0.032684022650291134,0.0018871601352579148,20.99999906648,-32.0194825749453,-25.530566696013622,-0.03980099286828365,-0.07211533225452005,-0.11467898813134447,-0.11467898813134447,0.01747489016335692,0.0,0.01147024980614142,1,-0.015998870134353638,20,0.04606648155900299,61
2025-03-17,951.3048706054688,31491061.0,20.510000228881836,0.012349983453361357,0.014173331512768339,-0.0012860909638311435,27.748678816655044,-32.02500691501018,-26.829454739812935,-0.045771120124776354,-0.07788454207940487,-0.09528292038699604,-0.09953056982017172,0.01719188788168909,0.0,0.005696585417118483,1,-0.015998870134353638,20,0.04606648155900299,61
2025-03-18,956.7240600585938,21575327.0,21.700000762939453,-0.013819017211868179,-0.016067947743103383,0.0009233778296404704,27.947016338383676,-31.232077744555113,-27.70997934076137,-0.028056092729343174,-0.04901959109410303,-0.10599073398086412,-0.12217187256059958,0.01615491449192108,0.06249984529741263,-0.019567505309580513,0,-0.015998870134353638,20,0.04606648155900299,61
2025-03-19,938.0033569335938,35245036.0,19.899999618530273,0.003638833424731036,0.009914949810780227,0.000691720867479928,28.08063645650938,-31.74830525067091,-28.517644522743282,0.0046608671174095395,-0.024474325915007644,-0.11315844799968855,-0.12899497644364033,0.0160031646909189,0.09389580718859607,0.034663875456973026,1,-0.015998870134353638,20,0.04606648155900299,61
2025-03-20,970.5181884765625,28715956.0,19.799999237060547,0.021351289359560877,-0.0071549152785587156,0.0007308017918177256,38.73631783234637,-29.197177216414616,-28.65355106147755,-0.031946328560500614,-0.06231656801664964,-0.1225348810759258,-0.14603837186675084,0.01619274154788266,0.0,-0.01319787409195794,0,-0.015998870134353638,20,0.04606648155900299,61
2025-03-21,957.7094116210938,39214916.0,19.280000686645508,-0.004169690010361715,-0.009436302833543797,-0.0004847648711218122,39.97605086722324,-27.887481585836213,-28.500337166349283,0.025482789127553085,-0.015332444049060201,-0.08371224418835288,-0.11643675234410589,0.017231916169278386,0.18567023643266442,0.0,0,-0.015998870134353638,20,0.04606648155900299,61
2025-03-24,957.7094116210938,16121506.0,17.479999542236328,0.0250664285880986,0.02989721556663638,-0.00037294347691796403,44.03806004198329,-26.543560717595824,-28.108981876598595,0.01827984670944005,-0.02832796247493663,-0.10819145165694144,-0.1396207778330243,0.01711064136946648,0.11252796521944006,0.018518510257176768,1,-0.015998870134353638,20,0.04606648155900299,61
2025-03-25,975.4447631835938,26167428.0,17.149999618530273,-0.0014352039646454706,-0.007004437284339082,0.001100854006351959,43.4879285698549,-23.773354662363545,-27.241856433751586,0.006732374881617931,-0.02151260198169269,-0.09159958738731622,-0.1396207778330243,0.01711064136946648,0.11252796521944006,-0.010101123867586659,0,-0.015998870134353638,20,0.04606648155900299,61
2025-03-26,965.5916748046875,21735917.0,18.329999923706055,-0.04090655315410496,-0.03273728466282244,0.0010299623953369252,44.621891165016386,-22.11804523436092,-26.217094193873454,0.019567505309580513,0.02431957396905715,-0.05723762737304161,-0.12368783638226344,0.017436675325263155,0.2138025762680674,-0.02244888103566478,0,-0.015998870134353638,20,0.04606648155900299,61
2025-03-27,943.9152221679688,34563256.0,18.690000534057617,-0.030316909155225558,-0.02073533393257454,0.001307340140583202,39.971110411990644,-22.298268596725393,-25.433329074443844,0.02941174748167441,-0.003474178427414265,-0.07116259806797876,-0.13253957409363903,0.01746408189331076,0.1575382451278044,-0.006263131577427861,0,-0.015998870134353638,20,0.04606648155900299,61
2025-03-28,938.0033569335938,33101234.0,21.649999618530273,-0.01777237999325676,-0.029520376818979677,0.0006920720797163327,40.155160712274586,-22.656959698793344,-24.878055199313746,-0.027411095046402822,-0.002626817073672516,-0.07455271554215281,-0.15201308999795804,0.017704699715755147,0.03375866839026638,-0.0441175886878965,0,-0.015998870134353638,20,0.04606648155900299,61
2025-03-31,896.6209106445312,51064611.0,22.280000686645508,0.004538702223947366,-0.0033792961674189437,0.0022469010496022346,37.45862905616767,-25.980950326620246,-25.098634224775047,-0.020576235806374688,-0.0026725195333324736,-0.08034891365268548,-0.15732414359123725,0.01769859775920307,0.0,0.037362569439825855,1,-0.015998870134353638,20,0.04606648155900299,61
2025-04-01,930.1209716796875,32197752.0,21.770000457763672,0.015903579073027307,0.0028169961013468914,0.001606192017939545,41.86665166896319,-25.616767740755677,-25.202260927971174,-0.06378605058622044,-0.0574831073093669,-0.10368489998834629,-0.19450097042150005,0.01873928383558725,0.0,-0.002118563154180575,0,-0.015998870134353638,20,0.04606648155900299,61
2025-04-02,928.1504516601562,24849656.0,21.510000228881836,0.01037714322564498,0.008941131828846816,-0.0010711050560909818,45.81721535631605,-25.19670300705502,-25.201149343787947,-0.04646474430390235,-0.027806438125196675,-0.05160022021099275,-0.16440545699516096,0.019835435117947726,0.16207369522946155,0.0,0,-0.015998870134353638,20,0.04606648155900299,61
2025-04-03,928.1504516601562,24849656.0,30.020000457763672,-0.07635421220507654,-0.0988393354380026,0.0017769790735353563,47.08724744221993,-24.580450546098177,-25.077009584249993,-0.03877542041992499,-0.010504125812137222,-0.07216611275815932,-0.11552297667120881,0.017965395686467264,0.15254029584986337,0.0,0,-0.015998870134353638,20,0.04606648155900299,61
2025-04-04,928.1504516601562,24849656.0,45.310001373291016,-0.06722580196810446,-0.07602814650155743,-0.006956769059006995,44.25429517039827,-23.817512571888642,-24.825110181777724,-0.016701468667497776,-0.043654758168841235,-0.058317868080802415,-0.13571643246367038,0.01749220382045331,0.15254029584986337,-0.09978774650868749,0,-0.015998870134353638,20,0.04606648155900299,61
2025-04-07,835.5324096679688,23820773.0,46.97999954223633,-0.004291598451265699,0.02704258919388991,0.0039779856690886906,29.01022678550136,-30.33667833424215,-25.92742381227061,-0.010504125812137222,-0.030864226248861537,-0.058317868080802415,-0.147395873339639,0.01729377708611472,0.15254029584986337,-0.037735795303258435,0,-0.015998870134353638,20,0.04606648155900299,61
2025-04-08,804.0029296875,116648736.0,52.33000183105469,-0.032838547217809655,-0.03572714421307854,-0.005500181172965579,27.77777440381587,-37.61374189767059,-28.26468742935061,-0.06813191645580663,-0.1275721011724409,-0.1463402953176426,-0.23591716979034238,0.022728747858520453,0.0,-0.037990298785738785,0,-0.015998870134353638,20,0.04606648155900299,61
2025-04-09,773.4586181640625,107582838.0,33.619998931884766,0.12293981365632956,0.18734816328191917,0.003050360677505859,17.105246534594144,-45.32308159854915,-31.67636626319032,-0.13559316027939183,-0.1757576030615542,-0.15571237912077662,-0.27128590357382787,0.02311149191190767,0.0,0.09936313291950838,1,-0.015998870134353638,20,0.04606648155900299,61
2025-04-10,850.3118896484375,19416428.0,40.720001220703125,-0.047999821730211445,-0.07969604437323252,-0.01489084234874749,35.23034388702277,-44.71591490277956,-34.28427599110817,-0.1666667653066385,-0.1989796118317696,-0.20176249958426262,-0.2862816627831507,0.023542722365789807,0.0,0.0301274592632097,1,-0.015998870134353638,20,0.04606648155900299,61
2025-04-11,875.9296264648438,76103586.0,37.560001373291016,0.03937000308485317,0.025068669840898172,0.006081981557515048,39.49366207211067,-41.687051279397565,-35.76483104876605,-0.08386416434155808,-0.09916497829597948,-0.10153130711155367,-0.21889880593617417,0.028723800335921312,0.25169678305843524,-0.026996638824920316,0,-0.015998870134353638,20,0.04606648155900299,61
2025-04-14,852.282470703125,66326054.0,30.889999389648438,-0.007894120384475345,0.00308704018162409,-0.012941415741642648,34.41395707442976,-40.72532666338748,-36.756930171690335,-0.056263319273191725,-0.06617644810107493,-0.06867210978421068,-0.1880513704969854,0.029236156456583277,0.33559564411392084,0.013872803641645781,1,-0.015998870134353638,20,0.04606648155900299,61
2025-04-15,864.1060180664062,30562095.0,30.1200008392334,0.00956118658830829,0.0046637262033144555,-0.0001606647441906306,37.22084180350233,-38.56454346615624,-37.11845283058352,0.020047170931182023,-0.049450597699683074,-0.10409113099496681,-0.2027233868787044,0.029434169635875675,0.2581504954722468,-0.02508547934937444,0,-0.015998870134353638,20,0.04606648155900299,61
2025-04-16,842.4295043945312,42128082.0,32.63999938964844,-0.035975358181606465,-0.040955862816407396,0.0045493231013253865,37.22083608221498,-38.16132075877522,-37.32702641622186,0.0747548126500821,-0.07097458892262809,-0.09680747653248645,-0.16878530567595085,0.029353046577981608,0.2968729698470946,-0.009356729806812125,0,-0.015998870134353638,20,0.04606648155900299,61
2025-04-17,834.547119140625,33684502.0,29.649999618530273,0.00046148791199085437,-0.00640364611156885,-0.0038519004653240208,37.03703647054486,-38.039312951209695,-37.46948372321943,0.08917204438704562,-0.09235673711336168,-0.1018907361392617,-0.2083087071579115,0.029198972810143407,0.22588173351121055,0.0035418869878491854,1,-0.015998870134353638,20,0.04606648155900299,61
2025-04-18,837.5029907226562,20101219.0,29.649999618530273,0.0,0.0,0.0,41.803269254854975,-37.27443032106089,-37.430473042787725,-0.018539985974241113,-0.10084930988516527,-0.14010151581947516,-0.22641115316914562,0.029050664818277894,0.20333205887742511,-0.01764707725725967,0,-0.015998870134353638,20,0.04606648155900299,61
2025-04-21,822.7235107421875,18415705.0,33.81999969482422,-0.025570070691850466,-0.02102040177994402,0.0,34.29394704643016,-37.42937332641122,-37.43025309951243,-0.043869546800549775,-0.09766461975573193,-0.12551450308394352,-0.21654900707807445,0.02907988666626934,0.21317062824717076,-0.022754401460825524,0,-0.015998870134353638,20,0.04606648155900299,61
2025-04-22,804.0029296875,28888527.0,30.56999969482422,0.02394154626539091,0.021359824355082768,0.0019087153159529358,32.692306710493966,-38.61760153922296,-37.66772278745454,-0.03468211652476161,-0.015330223911806606,-0.14094661620837423,-0.223248478738177,0.02913618007507667,0.16397737508943877,0.06985281167595248,1,-0.015998870134353638,20,0.04606648155900299,61
2025-04-23,860.164794921875,37863656.0,28.450000762939453,0.04233823427829031,0.039631495181885246,0.004099782822633236,41.80520996060916,-34.628314148350796,-37.05984105963379,-0.069555224847754,0.0,-0.1757576030615542,-0.2513212495484438,0.029087495690195194,0.10876731907613048,-0.010309204466917521,0,-0.015998870134353638,20,0.04606648155900299,61
2025-04-24,851.2971801757812,32238198.0,26.469999313354492,0.04036488897981627,0.05629380708678977,-0.0012526095055448438,40.930223244474064,-31.815567492531272,-36.010986346213286,0.021052551501137717,0.11210189494510336,-0.10918370842844871,-0.18412198403759972,0.031308022000984814,0.32582640438975297,0.027777791718793132,1,-0.015998870134353638,20,0.04606648155900299,61
2025-04-25,874.9443359375,34640282.0,24.84000015258789,0.005603747662086489,0.010317956765157454,-0.002987707483269153,55.55556129129062,-27.362895237122075,-34.281368124395044,0.020070839202470214,0.001158740150924098,-0.09812114458697252,-0.17722563113283885,0.031242042492005132,0.2925034839673282,0.01013506160548161,1,-0.015998870134353638,20,0.04606648155900299,61
2025-04-28,883.8119506835938,21830091.0,25.149999618530273,-0.010296957518056149,-0.003760868613991275,0.0025712712450653985,62.01779815437848,-22.85511841639095,-31.996118182794227,0.044705924193221946,-0.0011248512409841593,-0.06722686068228867,-0.15835953743935505,0.031602264829188674,0.41171165906668833,0.005574165033709333,1,-0.015998870134353638,20,0.04606648155900299,61
2025-04-29,888.7384643554688,24362874.0,24.170000076293945,0.006609644764446365,-0.009176960188136518,-0.002862987748134538,68.81030892310633,-18.66992900847322,-29.330880347930027,0.07425148199095188,0.036994166915643945,-0.014285814449419676,-0.1334800514680371,0.03157761146138872,0.4476861829620503,0.006651974086282486,1,-0.015998870134353638,20,0.04606648155900299,61
2025-04-30,894.6503295898438,35405654.0,24.700000762939453,0.01343622208695816,0.007944205337463428,-0.0032134330087744134,59.41424513652865,-14.706569949288792,-26.40601826820178,0.10539207201757805,0.028506277903470822,-0.04449153237507042,-0.12864992626991856,0.03160188872264648,0.508103584268345,0.0,0,-0.015998870134353638,20,0.04606648155900299,61
2025-05-01,894.6503295898438,35405654.0,24.600000381469727,0.0361749897989434,0.00415364995756784,-0.008963004576923672,54.46011028128708,-11.433777866460105,-23.411570187853446,0.04009177644976836,0.061988362139387077,-0.03609341784016995,-0.10565480893664825,0.031525686881349504,0.5341605232263472,0.04625544184176911,1,-0.015998870134353638,20,0.04606648155900299,61
2025-05-02,936.0327758789062,43873135.0,22.68000030517578,0.037980584205363765,0.035169868337439514,0.00248493598366184,68.39829393774026,-5.438161255811906,-19.81688840144514,0.0509259873327792,0.07201895383823276,-0.03609341784016995,-0.08776793405818417,0.03140613264604668,0.5341605232263472,-0.01263155272760541,0,-0.015998870134353638,20,0.04606648155900299,61
2025-05-05,924.209228515625,52770209.0,23.639999389648438,-0.016064291286740806,-0.009294784167029557,-0.043825255887390946,63.20349257385584,-1.6219564501719788,-16.177902011190508,0.06981980159452106,0.11764708454501349,0.00849250701182247,-0.06428647696495149,0.032102277132769294,0.7662386827534843,-0.019189758136244572,0,-0.015998870134353638,20,0.04606648155900299,61
2025-05-06,906.473876953125,37538894.0,24.760000228881836,-0.023356004959752097,-0.010325555567885392,-0.0502958895994855,64.3172038183831,-0.028354445608783863,-12.947992498074164,0.04570800134665021,0.12335337017643533,0.10613211147954793,-0.062316551059917624,0.03208239119575885,0.7105123638571886,0.00869558893990896,1,-0.015998870134353638,20,0.04606648155900299,61
2025-05-07,914.356201171875,36907620.0,23.549999237060547,0.013118056772282616,0.01743358335585299,0.028038417507629143,67.84143024853171,1.849306657417742,-9.988532666975784,0.019955716230329212,0.12745096253001642,0.12745096253001642,-0.08031046965343736,0.03220378202420894,0.6478860008032719,-0.010775784383383225,0,-0.015998870134353638,20,0.04606648155900299,61
2025-05-08,904.5032958984375,27985917.0,22.479999542236328,0.0038960192984829334,0.010049352880049822,0.013780265518076762,64.52995288132335,2.5133471960114093,-7.488156694378346,0.022026339152040997,0.06300119066709997,0.18216563846978295,-0.06580638209229195,0.03222945696474312,0.6975606321621133,0.03376895203862085,1,-0.015998870134353638,20,0.04606648155900299,61
2025-05-09,935.0474243164062,36383573.0,21.899999618530273,0.007419376566421665,0.00813915978337465,-0.004004524059058268,72.8000424206428,5.4415333926847325,-4.90221867696573,0.011013203687200157,0.06250004929144715,0.06373121075891985,-0.05017642651087373,0.032007012067328824,0.6487805276035319,0.008429996259093686,1,-0.015998870134353638,20,0.04606648155900299,61
2025-05-12,942.9298706054688,23402547.0,18.389999389648438,0.05925664100321981,0.07039744224364708,-0.0007465812307537734,79.4979470991517,8.302483724901776,-2.261278196592229,-0.00105268916633261,0.0686936138794545,0.06749149254165032,-0.03499695881831821,0.03232968347037657,0.7999994560850635,0.012539158777194359,1,-0.015998870134353638,20,0.04606648155900299,61
2025-05-13,954.75341796875,38047856.0,18.219999313354492,0.03749064256159129,0.03146248038446209,0.004850160725067942,74.74231741895932,11.392542792229278,0.4694860011720724,0.020255848472656934,0.06688970416857298,0.10635839996516716,-0.0036679733143091253,0.03215065407172797,0.839024144081858,0.03095978438477287,1,-0.015998870134353638,20,0.04606648155900299,61
2025-05-14,984.3123779296875,40475123.0,18.6200008392334,0.003969327733835959,0.005957776720509678,0.0010495309053717428,81.3953803294776,16.041679405483933,3.5839246820344446,0.053260818919464104,0.07427939293834518,0.10490309985941737,0.015136900919560325,0.032186515105368484,0.8975605717271203,-0.0060060244407909025,0,-0.015998870134353638,20,0.04606648155900299,61
2025-05-15,978.4005737304688,24662270.0,17.829999923706055,-0.002772683864704306,-0.005700730591584824,-0.002803567472373425,76.64976726240657,19.029757278546526,6.673091201336861,0.07650866989052396,0.1002202149536453,0.168421064071266,0.034697086437926794,0.03248231121707171,1.0,0.005035272672716307,1,-0.015998870134353638,20,0.04606648155900299,61
2025-05-16,983.3270874023438,16878650.0,17.239999771118164,0.0,-0.0020801535747894118,-0.005692240792755765,76.16583537145095,21.54697884205234,9.647868729479958,0.0816992908341252,0.09361226545238144,0.17237307671492164,0.022657017395953716,0.03249410056186056,0.9719625383688201,-0.01402807837783171,0,-0.015998870134353638,20,0.04606648155900299,61
2025-05-19,969.5328979492188,19906139.0,18.139999389648438,-0.0037071641749020223,-0.004973392079574257,0.001180119416830605,70.29704609881665,22.173220180822682,12.152939019748503,0.051633384393560355,0.050526341322855384,0.17411770261722914,0.0483193691512116,0.03233476726611832,0.9953271379725979,-0.006097579784784535,0,-0.015998870134353638,20,0.04606648155900299,61
2025-05-20,963.62109375,20897857.0,18.09000015258789,-0.00025842095456241054,-0.0014149828872110914,-0.0018806606512049573,67.32672842249104,21.939581918316776,14.110267599462158,0.02821315579563488,0.049040485677023904,0.17844316503680924,-0.0010152210839967646,0.03199270735063607,0.9299064906554338,0.012270040071021171,1,-0.015998870134353638,20,0.04606648155900299,61
2025-05-21,975.4447631835938,26248757.0,20.8700008392334,-0.008736119459192837,-0.018007317460100314,1.6576947628355043e-05,69.15889013745627,22.449706973240495,15.778155474217826,0.009287922529898962,0.063043423809366,0.198529331385074,0.006172730535141779,0.03193741103965791,0.9018690290242538,-0.008080874065422461,0,-0.015998870134353638,20,0.04606648155900299,61
2025-05-22,967.5623168945312,18747545.0,20.280000686645508,0.023101822895772006,-0.005671744976336823,-0.004119872627882826,58.88889041841693,21.96474134964319,17.0154726493029,-0.009008943649316925,0.06681046394547896,0.1340207933901656,0.018518510257176768,0.03198746265695097,0.9579442417533812,0.002036645103141499,1,-0.015998870134353638,20,0.04606648155900299,61
2025-05-23,969.5328979492188,22213030.0,22.290000915527344,-0.021458859456564894,-0.01530536863240417,0.0008260363716483532,63.529399332660674,21.491669434097275,17.910712006261775,-0.011077525020874779,0.06971673987484772,0.13657408884491185,-0.008080874065422461,0.03189403005349445,0.9205607666006297,-0.008130085395327225,0,-0.015998870134353638,20,0.04606648155900299,61
2025-05-26,961.6505126953125,19329052.0,22.290000915527344,0.0,0.0,-0.0025093902970623194,67.49998064191414,20.24731546936539,18.3780326988825,-0.01402807837783171,0.036880988852542984,0.10810809113972653,0.004081666451120292,0.03185242922671599,0.9299064906554338,-0.011270473724971142,0,-0.015998870134353638,20,0.04606648155900299,61
2025-05-27,950.812255859375,26355315.0,18.959999084472656,0.02969066543972776,0.03375098671155752,-0.0018851068666331239,61.34969768140066,18.177065345191636,18.33783922814433,-0.008130085395327225,0.019853695034417473,0.08807140699049576,0.018789071423818804,0.031675951383632446,0.8925233049694496,0.0020725238263850088,1,-0.015998870134353638,20,0.04606648155900299,61
2025-05-28,952.7828369140625,26471533.0,19.309999465942383,-0.0077903903541103325,-0.005486407931606152,0.0016646820635146664,65.80641886734239,16.505125812435836,17.97129654500263,-0.013292400896682821,-0.004127937156548578,0.06984483511572037,0.013655493694238574,0.03171309500459087,0.8411215332012593,0.0,0,-0.015998870134353638,20,0.04606648155900299,61
2025-05-29,952.7828369140625,48602590.0,19.18000030517578,0.0051494954860102915,0.005390524409315756,-0.0004938834265796332,57.258070559225395,15.00710907523478,17.37845905104906,-0.023232403437759785,-0.03203204767366774,0.06497790857671726,0.06263731483705803,0.03090764289791246,0.8504672572560634,0.0,0,-0.015998870134353638,20,0.04606648155900299,61
2025-05-30,952.7828369140625,48602590.0,18.56999969482422,-0.019426822087302842,-0.02107197690075091,-0.0033355992252407374,54.31033239791627,13.662428052353789,16.635252851310007,-0.01527496443630083,-0.02618328065643949,0.06497790857671726,0.024364427772712638,0.03039588448732044,0.8504672572560634,-0.021716620349236493,0,-0.015998870134353638,20,0.04606648155900299,61
2025-06-02,932.0916137695312,33676511.0,18.360000610351562,0.007862447993007837,0.01570597671077656,0.0007001895010041448,40.80003250915683,10.802623945377718,15.468727070123549,-0.01727642359592585,-0.031062146949465186,0.017894737734400756,0.026539215931907334,0.030392301477590165,0.8504672572560634,0.004228299076135089,1,-0.015998870134353638,20,0.04606648155900299,61
2025-06-03,936.0327758789062,26020787.0,17.690000534057617,0.014216887472481288,0.027234809731778276,0.0038934277980975374,25.252554326164102,8.753324554672872,14.125646567033414,-0.030737672923330184,-0.03861785841293708,0.008528788731709813,0.004246253505911124,0.03059506567656287,0.7523365757470848,0.04210534964192991,1,-0.015998870134353638,20,0.04606648155900299,61
2025-06-04,975.4447631835938,37233567.0,17.610000610351562,0.024239587271300822,0.013886834334076337,-0.0007136504799458709,48.87221371955224,10.191971317831644,13.338911517193061,-0.015544057083183627,-0.028629840141555896,0.032608660522171595,0.00849250701182247,0.03060014629222133,0.7710280238566931,0.008080748922188352,1,-0.015998870134353638,20,0.04606648155900299,61
2025-06-05,983.3270874023438,24414444.0,18.479999542236328,0.004644331703480775,-0.00445631147169645,-0.0007976061250243305,50.0,11.831757792824078,13.037480772319265,0.023784985824188754,0.0,0.06681046394547896,0.16745293407735629,0.026842150160882497,0.9579442417533812,-0.003006052263846648,0,-0.015998870134353638,20,0.04606648155900299,61
2025-06-06,980.3711547851562,13670307.0,16.770000457763672,0.009048884457632633,0.005416198450961307,0.00011020349999935064,54.399987709946814,12.745855046870702,12.979155627229552,0.03205793524493994,0.01629328698787158,0.08714594171335888,0.2230391844275288,0.026021606207802653,0.9953271379725979,0.010050240932224286,1,-0.015998870134353638,20,0.04606648155900299,61
2025-06-09,990.22412109375,21674308.0,17.15999984741211,0.008870312607051511,0.01957104451108349,-0.0009216583404251244,60.46510287812899,14.102767814152571,13.203878064614157,0.028955515152276012,0.011178843811141315,0.048472119477667386,0.2675159753371632,0.025153204314214576,0.9781418933785573,0.03980120109724994,1,-0.015998870134353638,20,0.04606648155900299,61
2025-06-10,1029.63623046875,44877640.0,16.950000762939453,0.026376742007287124,0.020604797773358552,-0.0001303752620813725,67.51592934704769,18.149146737930096,14.192931799277346,0.06236780426456301,0.029713090172802437,0.05015669983804094,0.16454224990686583,0.02038804964740505,1.0,0.01913873272331945,1,-0.015998870134353638,20,0.04606648155900299,61
2025-06-11,1049.3421630859375,37178498.0,17.260000228881836,0.0077191625219446,-0.0019018054065331746,-0.0008323425859342315,74.55623492360684,22.684541981144775,15.891253835650833,0.1000001890980291,0.0829017233671765,0.0784315731063987,0.17547825688263252,0.020743887162210928,1.0,-0.014615741749475442,0,-0.015998870134353638,20,0.04606648155900299,61
2025-06-12,1034.0052490234375,25221606.0,18.020000457763672,0.009891194551069349,0.0031763062743852544,-0.002723416236173337,67.92075687190106,24.755943491713083,17.664191766863283,0.07575764686168607,0.10134452724255394,0.06606620684078734,0.2312140624225676,0.02027526763571436,1.0,-0.014354227123531627,0,-0.015998870134353638,20,0.04606648155900299,61
2025-06-13,1019.1629028320312,28393455.0,20.81999969482422,-0.02009932635492051,-0.0260822553205462,-0.009470802353383045,65.39067004441047,24.912712574562192,19.113895928403064,0.051537440868196116,0.08524756005517853,0.05683221860853771,0.19661850213381404,0.020452492273671935,0.937486908025051,-0.0048543041023262345,0,-0.015998870134353638,20,0.04606648155900299,61
2025-06-16,1014.215576171875,28580673.0,19.110000610351562,0.021695814999878937,0.030331041422871907,-0.0006841860324496851,67.51949102404359,24.356973261174403,20.16251139495733,0.03956843064744797,0.06966967009288805,0.03644343361307678,0.2097901337922885,0.020138713520695888,0.8769896692189695,0.019512294345013004,1,-0.015998870134353638,20,0.04606648155900299,61
2025-06-17,1034.0052490234375,26517379.0,21.600000381469727,-0.008252949240451501,-0.008286959915382974,-0.01694628077349214,70.43126578694768,25.2226559837311,21.174540312712086,0.02422830808405796,0.08810717872486906,0.04608680975877166,0.2152885713826005,0.020073729774640867,0.8568244205075184,0.009569248637429473,1,-0.015998870134353638,20,0.04606648155900299,61
2025-06-18,1043.89990234375,37931721.0,20.139999389648438,-0.0018700059479256348,0.005239653824277157,0.02213760753044025,71.83338403397723,26.40277683198451,22.220187616566573,0.004243264198947605,0.1046677805192644,0.07304131855347062,0.23462872428816683,0.020199290670162906,0.937486908025051,-0.0189573260202619,0,-0.015998870134353638,20,0.04606648155900299,61
2025-06-19,1024.1103515625,24002557.0,20.139999389648438,0.0,0.0,-0.003555156620861588,65.61090699632807,25.447832968926832,22.865716687038628,-0.005186354778867086,0.07017838604898219,0.07017838604898219,0.26883441242858974,0.01988166147614477,0.9778174054479533,0.019323650767768097,1,-0.015998870134353638,20,0.04606648155900299,61
2025-06-20,1043.89990234375,57831332.0,20.6200008392334,-0.018688523219246855,-0.007529973017705194,0.001001978324495223,74.56758843834012,25.988307406700073,23.49023483097092,-0.009569484749021084,0.041474769364783226,0.05844381667267107,0.273764452525753,0.01975654434035307,0.8725955530270414,-0.03317532053545824,0,-0.015998870134353638,20,0.04606648155900299,61
2025-06-23,1009.2681884765625,32143872.0,19.829999923706055,0.003866203939741686,0.006297601514684947,-0.001295159830334014,64.17955530219072,23.352949151656162,23.46277769510797,0.024271879836854415,0.06480071067831017,0.07670395151297527,0.21360454241627358,0.01713585867410079,0.9725200777004465,0.02941173268988284,1,-0.015998870134353638,20,0.04606648155900299,61
2025-06-24,1038.9525146484375,28163537.0,17.479999542236328,0.04645294839171954,0.0376733443658972,0.004770922482972173,62.777431892280205,23.3900597387468,23.448234103835738,-0.004878043496419404,0.019232077846959905,0.04951661248303951,0.1855650552820607,0.0179693349249938,0.7702151726049528,0.01904759890585228,1,-0.015998870134353638,20,0.04606648155900299,61
2025-06-25,1058.7420654296875,38783736.0,16.760000228881836,0.012040601276188667,0.009450737778096796,-0.00727242575527054,64.47934886470142,24.73123522128219,23.704834327325027,0.0047845652908169445,0.009048131664370684,0.09269996073977671,0.1874498433494094,0.018023275152552736,0.9372341261047467,0.004672892347301394,1,-0.015998870134353638,20,0.04606648155900299,61
2025-06-26,1063.689453125,36056692.0,16.59000015258789,0.0057016398848339644,0.008767072244792562,-0.003944568587657682,65.87535304418697,25.894839700714897,24.142835402003,0.014217994515196342,0.00895790017252951,0.1112102615731545,0.19792684927013293,0.018146229383523216,1.0,0.004651157986739207,1,-0.015998870134353638,20,0.04606648155900299,61
2025-06-27,1068.6368408203125,32549027.0,16.31999969482422,0.020356341268716882,0.0006370655860341579,-0.017820919230510768,65.22527280044787,26.90606114946081,24.695480551494565,0.038647301535536194,0.02870798202388003,0.11640282750070252,0.19685317535615976,0.018145422633763186,1.0,-0.018518385250265834,0,-0.015998870134353638,20,0.04606648155900299,61
2025-06-30,1048.847412109375,32413717.0,16.729999542236328,-0.00910001995231513,0.00027949637817070716,0.00957698278482022,54.03790102424106,25.813063001030855,24.918997041401823,0.023696657525327236,0.04854369978617146,0.12159539342825054,0.19447431636249846,0.018142118295177447,1.0,0.02358476182584157,1,-0.015998870134353638,20,0.04606648155900299,61
2025-07-01,1073.584228515625,44299887.0,16.829999923706055,-0.007991631548946332,-0.007038629269337959,0.003835740796985343,54.98979131877669,26.63586675189299,25.26237098350006,0.039215764535841746,0.034146424834271105,0.12526214871482866,0.17235458080054977,0.01847364157336922,0.8794309309510316,0.0,0,-0.015998870134353638,20,0.04606648155900299,61
2025-07-02,1073.584228515625,23822731.0,16.639999389648438,0.03970092759330268,0.018801598672265163,0.0006608253165516498,58.69563001888611,26.976970924199463,25.605290971639942,0.033333298085241436,0.03827734871710531,0.14695153437075126,0.14695153437075126,0.01751390051158212,1.0,0.0046084039185874115,1,-0.015998870134353638,20,0.04606648155900299,61
2025-07-03,1078.53173828125,36973556.0,16.3799991607666,0.0051369784038042265,0.006428442761257758,-0.008820979000624507,63.63641716404289,27.33146105845867,25.95052498900369,0.014018677041904404,0.028435989030392905,0.10060996689523449,0.1616246574814142,0.017339147684564172,1.0,-0.0045872639534089155,0,-0.015998870134353638,20,0.04606648155900299,61
2025-07-04,1073.584228515625,20363322.0,16.3799991607666,0.0,0.0,-0.0017605120273233021,63.63636363636363,26.903052708743417,26.141030532951635,0.013953588721449695,0.05314015880780665,0.09681890400315174,0.18981006039186976,0.016956882380205294,1.0,-0.0046082902150611504,0,-0.015998870134353638,20,0.04606648155900299,61
2025-07-07,1068.6368408203125,18829372.0,17.790000915527344,-0.023977896025447087,-0.018756449247931406,-0.0005568275052999505,58.536560413266514,25.866154240152355,26.086055274391782,0.004629624870049254,0.028435989030392905,0.09507937200671313,0.17414222940652357,0.01699645363038141,0.9715706829419187,0.0,0,-0.015998870134353638,20,0.04606648155900299,61
2025-07-08,1068.6368408203125,27461252.0,16.809999465942383,-0.005716218826455455,0.018050244713385455,0.0057887679791917,56.41025641025641,24.758998411596394,25.820643901832707,0.01886778618363394,0.05882346537976568,0.07918684069213744,0.18146262779379052,0.016892273204686798,0.9324304216898854,0.009259363970029355,1,-0.015998870134353638,20,0.04606648155900299,61
2025-07-09,1078.53173828125,23618216.0,15.9399995803833,0.017466844209953702,0.004390897463295795,0.0013347628020465852,64.86488829494243,24.398751352926865,25.53626539205154,-0.0046082902150611504,0.02857139835877831,0.03787804779733439,0.14286913479449526,0.016237437746906534,0.9324304216898854,0.009174188361003255,1,-0.015998870134353638,20,0.04606648155900299,61
2025-07-10,1088.4263916015625,22350503.0,15.779999732971191,-0.00897173518364136,0.007463752853770211,0.003384095530795994,62.85714285714286,24.627775131909402,25.354567340023113,0.0046084039185874115,0.0186916846867049,0.027817023104714345,0.14380906990326792,0.01624431599594208,1.0,0.0,0,-0.015998870134353638,20,0.04606648155900299,61
2025-07-11,1088.4263916015625,28249780.0,16.399999618530273,0.002785488823109805,-0.002100413179628613,0.0012805520532523929,78.57142857142857,24.526551310520972,25.188964134122685,0.009174188361003255,0.023255789933695592,0.05263139875694334,0.14000785031720908,0.016206052046511286,1.0,-0.004545337804351068,0,-0.015998870134353638,20,0.04606648155900299,61
2025-07-14,1083.4791259765625,25760632.0,17.200000762939453,-0.007508633335074677,-0.008702124343884066,-0.0010259100165578294,69.56529201880352,23.773086371421414,24.90578858158243,0.01382487064518334,0.018518499480196793,0.06796115574562522,0.10577334594822307,0.015608095727230589,1.0,0.013698614703407275,1,-0.015998870134353638,20,0.04606648155900299,61
2025-07-15,1098.3212890625,45416390.0,17.3799991607666,0.0362094307272518,0.012731221966429507,0.004556208285113161,68.18189464995284,24.095836692413286,24.743798203748604,0.013888988840078387,0.03301882949545387,0.06829272930920727,0.10739829377393728,0.015590263232226512,0.9683546700637818,0.01801788684969341,1,-0.015998870134353638,20,0.04606648155900299,61
2025-07-16,1118.1107177734375,31013743.0,17.15999984741211,0.0025743652281933205,-0.003917018799897143,0.0014311890542244576,72.0000434257809,25.652751209249118,24.925588804848708,0.027777863450225926,0.02304156477883179,0.06220088350596442,0.11694399872979866,0.015680997857440142,1.0,0.0,0,-0.015998870134353638,20,0.04606648155900299,61
2025-07-17,1118.1107177734375,30648595.0,16.520000457763672,0.033844126419426024,0.007273288039830517,0.00043893272951911477,70.83337616968954,26.580216985012385,25.256514440881446,0.036697092989827595,0.04147461193555002,0.07108997257598193,0.15324680589848416,0.015623942475530249,1.0,0.02212398124233661,1,-0.015998870134353638,20,0.04606648155900299,61
2025-07-18,1142.8477783203125,46645034.0,16.40999984741211,-0.02117270927078274,-0.0008749275680647317,7.486413359902855e-05,88.0,28.977282271927834,26.000668007090724,0.02727269974425739,0.036697092989827595,0.09178734114689857,0.16032196163559487,0.015560605599152798,1.0,-0.00432899970509093,0,-0.015998870134353638,20,0.04606648155900299,61
2025-07-21,1137.900390625,26749324.0,16.649999618530273,-0.006447526898628375,0.001186160001621639,-0.0008570458320372731,80.95240333211923,30.130436030746296,26.82662161182184,0.05000006168416382,0.06451617671438203,0.09478674703810785,0.17161711401305757,0.01576645247622924,1.0,-0.01739139296779124,0,-0.015998870134353638,20,0.04606648155900299,61
2025-07-22,1118.1107177734375,50457506.0,16.5,-0.01779362801666262,-0.0175470626489026,-0.0015113747849135883,67.9999644699559,29.111873921653114,27.283672073788097,0.05022825391249364,0.06481486241061929,0.1274509626054905,0.17604868519185657,0.01570744035355035,0.9765255374339457,0.013274323240093366,1,-0.015998870134353638,20,0.04606648155900299,61
2025-07-23,1132.952880859375,29747757.0,15.369999885559082,0.02442458858085983,-0.00016314403141370892,0.0022295619800545285,70.37030606314266,29.166086145923828,27.660154888215246,0.01801788684969341,0.04629624870049165,0.0761903956234089,0.15324680589848416,0.016048675558428337,0.8826271079681057,0.0,0,-0.015998870134353638,20,0.04606648155900299,61
2025-07-24,1132.952880859375,15055463.0,15.390000343322754,0.005284394950451299,0.001167137846462607,-0.005605654715466812,73.07692307692307,28.876183060712265,27.903360522714653,0.013274323240093366,0.05045854530423988,0.07009338520952157,0.17813370439946685,0.01600932347583548,0.9530504956662686,0.0,0,-0.015998870134353638,20,0.04606648155900299,61
2025-07-25,1132.952880859375,22476546.0,14.930000305175781,0.01655630784473283,0.0002639348701130029,0.005363622959012604,76.0,28.319977702660935,27.98668395870391,0.013274323240093366,0.040909049616386195,0.06511621181434757,0.19156318597868238,0.015840078289277408,0.9530504956662686,0.0,0,-0.015998870134353638,20,0.04606648155900299,61
2025-07-28,1132.952880859375,20606376.0,15.029999732971191,-0.011604286607228897,0.01616055597985966,0.0027559243417745183,76.0,27.561469485353882,27.901641064033907,-0.008658106222580564,0.040909049616386195,0.06018512331063919,0.1890987504863746,0.015850422759621896,0.9530504956662686,-0.008733508239819443,0,-0.015998870134353638,20,0.04606648155900299,61
2025-07-29,1123.0582275390625,31763255.0,15.979999542236328,-0.005849656986751106,0.0004688677834554511,0.006277126261405197,68.00003553018438,25.863788771195686,27.494070605466263,-0.0043479286995476985,0.04566193634623161,0.08018846953233405,0.1890987504863746,0.015850422759621896,0.9530504956662686,0.017621126221224026,1,-0.015998870134353638,20,0.04606648155900299,61
2025-07-30,1142.8477783203125,34182363.0,15.479999542236328,0.0065471109131165495,0.008280753273688157,0.0010959038727660353,70.37043467771562,25.81760663557361,27.158777811487735,0.004424883588878714,0.022522497490399473,0.04608301585413743,0.1787137467510429,0.015964471111336597,0.9061021497357827,0.004328999705091041,1,-0.015998870134353638,20,0.04606648155900299,61
2025-07-31,1147.795166015625,33230751.0,16.719999313354492,-0.005310703461962274,-0.03099878834983305,0.0046648917126204115,71.42863437171476,25.881869717141853,26.90339619261856,0.008733723730356635,0.02212398124233661,0.06451617671438203,0.22611099749996555,0.015565084835390175,1.0,0.0,0,-0.015998870134353638,20,0.04606648155900299,61
2025-08-01,1147.795166015625,33230751.0,20.3799991607666,-0.0265292188772831,-0.014320828348579284,0.0026150269764380063,74.07407407407408,25.637268203075337,26.650170594709916,0.01310053172290071,0.02654875565570114,0.0642201108005902,0.22623394777803618,0.015564973525761486,1.0,-0.021551701217241148,0,-0.015998870134353638,20,0.04606648155900299,61
2025-08-04,1123.0582275390625,23939021.0,17.520000457763672,0.016113271376897442,0.017512142745777615,-0.0030428543721531254,58.62068965517242,23.180149210128548,25.95616631779364,0.01310053172290071,0.004328999705091041,0.06912446692944307,0.17668904415409958,0.014430442152358062,1.0,0.013215844665918075,1,-0.015998870134353638,20,0.04606648155900299,61
2025-08-05,1137.900390625,17012960.0,17.850000381469727,-0.02732216331306958,-0.011151429767982668,0.0023176060718361757,57.14289490867659,22.174884955158177,25.19991004526655,-0.008733508239819443,-0.013043464268243543,0.05092598780047175,0.14210036713810736,0.014940574375956486,0.8522497562042598,-0.021739214390539052,0,-0.015998870134353638,20,0.04606648155900299,61
2025-08-06,1113.163330078125,22023406.0,16.770000457763672,-0.004731857752552582,-0.0020479632699319517,0.001783585840453794,48.484850750565066,19.161252746468563,23.992178585506952,0.013215844665918075,0.01769920682897208,0.06481486241061929,0.1606832627326389,0.014983798631577535,0.9372043550543762,0.04888895029890228,1,-0.015998870134353638,20,0.04606648155900299,61
2025-08-07,1167.584716796875,61370031.0,16.56999969482422,0.048623419771952836,0.015026285707046672,-0.0007582910609321702,56.41024829925732,20.923090238632312,23.378360916132024,-0.025974105042944506,-0.017467231970176078,0.032109942218356835,0.12415291282602037,0.015448991974139311,0.7499993390981597,-0.004237388254959229,0,-0.015998870134353638,20,0.04606648155900299,61
2025-08-08,1162.63720703125,25958258.0,15.149999618530273,-0.0032561184887859307,0.007866912097244105,-0.003563459079548914,56.41021261088904,21.670334329666503,23.036755598838923,0.01724136097379292,0.030567763693076788,0.07272731147104516,0.1339778867972845,0.016031010357975457,1.0,0.004255420122204923,1,-0.015998870134353638,20,0.04606648155900299,61
2025-08-11,1167.584716796875,35579367.0,16.25,0.0010751709530090192,-0.0013472834399026468,0.001439209000700048,63.888894600379565,22.403499746057378,22.910104428282615,0.012930914378343816,0.026200847955264228,0.06818174936064358,0.10796768483230568,0.015866349158577403,0.9687492530431504,0.0,0,-0.015998870134353638,20,0.04606648155900299,61
2025-08-12,1167.584716796875,28917167.0,14.729999542236328,0.009087462607636043,0.029930978587810575,0.003249476487076741,60.60607420034992,22.72260655666514,22.87260485395912,0.039647533997754225,0.030567763693076788,0.07762548331930841,0.12918645035854137,0.015633400882018766,1.0,0.016949134822131118,1,-0.015998870134353638,20,0.04606648155900299,61
2025-08-13,1187.374267578125,37809952.0,14.489999771118164,-0.011666389864556814,0.008993015678937955,-0.0023340628022624488,64.86486846948738,24.29232555542717,23.15654899425273,0.026086928536487086,0.039647533997754225,0.06306299297311857,0.1456310993585146,0.015399562496055588,1.0,-0.02083341472215916,0,-0.015998870134353638,20,0.04606648155900299,61
2025-08-14,1162.63720703125,32991791.0,14.829999923706055,-0.0018223855266876754,-0.0012082301512297278,0.0020617018015440802,57.14284035807315,23.271999991681696,23.179639193738524,0.06666671053096196,0.038960997345818704,0.06194695096261693,0.1707316427340153,0.015483264479320089,1.0,0.004255420122204923,1,-0.015998870134353638,20,0.04606648155900299,61
2025-08-15,1167.584716796875,22231552.0,15.09000015258789,-0.008796656276873205,-0.022555470269011058,0.004652728781409321,58.139540221442864,22.60206478780924,23.064124312552668,-0.004237388254959229,0.012930914378343816,0.03982296972028032,0.12440164895613304,0.01573898420917637,0.8611105209229325,0.0,0,-0.015998870134353638,20,0.04606648155900299,61
2025-08-18,1167.584716796875,18219895.0,14.989999771118164,0.010590997301139993,0.004097147317362104,-0.002992125774545329,60.97557012568492,21.819613391181974,22.81522212827853,0.004255420122204923,0.01724136097379292,0.02164499852545476,0.11848340456343509,0.015705518708273025,0.8888889650422023,0.004237283705532668,1,-0.015998870134353638,20,0.04606648155900299,61
2025-08-19,1172.5321044921875,17867547.0,15.569999694824219,-0.036079647899931566,-0.018143121111172444,0.0012037876283805815,57.89470608554724,21.352588513209184,22.522695405264663,0.0,0.039647533997754225,0.026086928536487086,0.1400965872627633,0.01533328836882221,0.8888889650422023,-0.04219404889945566,0,-0.015998870134353638,20,0.04606648155900299,61
2025-08-20,1123.0582275390625,66982023.0,15.6899995803833,-0.017619197795371244,-0.0071744461506302315,0.002737679299698925,44.68086781820692,16.796717430067247,21.37749981022518,0.004237283705532668,0.030434749959234786,0.04867262772252334,0.12322273606850054,0.015122600304011436,0.9166667237816517,0.013215844665918075,1,-0.015998870134353638,20,0.04606648155900299,61
2025-08-21,1137.900390625,23424804.0,16.600000381469727,-0.005555616900106641,-0.00489450194716079,0.005739473988298771,48.000005921668176,14.219877398220888,19.945975327824325,-0.054166610979575314,0.008888989776768108,-0.008733508239819443,0.11274509626054896,0.01570007806004054,0.5666670230641244,-0.013043464268243543,0,-0.015998870134353638,20,0.04606648155900299,61
2025-08-22,1123.0582275390625,19205763.0,14.220000267028809,0.024897761262442808,0.02698432727322153,0.007790624202977492,50.0,10.8549455328166,18.12776936882278,-0.02127647064505578,-0.025423702233196677,0.00436691573781256,0.09523811202290089,0.015218680732528266,0.6428571428571429,0.030836862192588743,1,-0.015998870134353638,20,0.04606648155900299,61
2025-08-25,1157.6898193359375,25103514.0,14.789999961853027,0.011159182796613765,0.00031972483299713694,-0.004872876866823028,53.84612099664391,10.85753392368565,16.673722279795353,-0.038135553349795015,-0.034042416028686184,-0.008733508239819443,0.06074771581241789,0.015161853684302536,0.5357142857142857,0.004273500218003434,1,-0.015998870134353638,20,0.04606648155900299,61
2025-08-26,1162.63720703125,35508897.0,14.619999885559082,0.013285858080824609,0.008967586633598312,0.002525750082704059,60.41664524857664,11.130492690816709,15.565076361999624,-0.008474671960492008,-0.008474671960492008,0.021834039962720153,0.08837200174804316,0.015817974424157027,0.7857134045110555,0.012766050377958527,1,-0.015998870134353638,20,0.04606648155900299,61
2025-08-27,1177.4794921875,21952558.0,14.850000381469727,0.002387706762813746,0.002873652121715642,0.0033701253722726587,52.49999383159261,12.401506008687875,14.932362291337276,-0.008438913888181188,-0.004237388254959229,0.035242143747894694,0.08796287253093427,0.015816619474688594,0.8214276902253413,-0.025210057898102378,0,-0.015998870134353638,20,0.04606648155900299,61
2025-08-28,1147.795166015625,19975237.0,14.430000305175781,-0.004262587755470615,0.0048827204008181635,0.0009297408164834486,46.66669956486648,10.888006024549213,14.123491037979663,0.04845809710836613,-0.008333324766088501,0.030302997935636844,0.12264136669740022,0.015554922165385569,0.9166667523391149,0.0,0,-0.015998870134353638,20,0.04606648155900299,61
2025-08-29,1147.795166015625,19522740.0,15.359999656677246,-0.031057210613732344,-0.0314553727415412,-0.002688503744142423,45.45455055240966,9.578135597949995,13.214419949973731,0.008695642845495621,-0.012765840389302174,0.0,0.06912446692944307,0.01579090855750785,0.6666670093564594,0.004310446595449102,1,0.0,0,0.04606648155900299,61
2025-09-01,1152.74267578125,22018940.0,15.359999656677246,0.0,0.0,0.002220177645487098,46.66669956486648,8.837404440488172,12.33901684807662,0.022026407776529977,-0.016949134822131118,0.0,0.06912446692944307,0.01579090855750785,0.6666670093564594,-0.004291946389745616,0,-0.015998870134353638,20,0.04606648155900299,61
2025-09-02,1147.795166015625,14037411.0,17.170000076293945,-0.010741915296557547,-0.011197857293404834,0.002120392800051274,40.47621285590246,7.761675211139391,11.423548520689174,-0.0042732893319604726,-0.012711746567171889,0.026431798026389508,0.068807374753999,0.01578964348165796,0.7083346612562802,0.0,0,-0.015998870134353638,20,0.04606648155900299,61
2025-09-03,1147.795166015625,19511981.0,16.350000381469727,0.013135371857072142,-0.002254968692459669,0.0038758813655075386,45.945987399104816,6.830415271209176,10.504921870793176,-0.012765840389302174,-0.02109702444972783,0.008695642845495621,0.06912446692944307,0.01578683763449925,0.6666670093564594,0.0,0,-0.015998870134353638,20,0.04606648155900299,61
2025-09-04,1147.795166015625,24333323.0,15.300000190734863,0.016508926922743417,0.01341721017679709,-0.0007155659478953469,44.44445205977056,6.022956169882491,9.60852873061104,-0.025210057898102378,0.022026407776529977,0.031111190066842598,0.0740741121507178,0.015757811331551998,0.6666670093564594,0.01724136097379292,1,-0.015998870134353638,20,0.04606648155900299,61
2025-09-05,1167.584716796875,27133819.0,15.180000305175781,0.034862421101475416,0.016503590653059508,-0.0009113950204554522,50.0,6.90034746427159,9.066892477343151,0.0,0.008695642845495621,-0.016949134822131118,0.0740741121507178,0.015757811331551998,0.6363636363636364,0.0,0,-0.015998870134353638,20,0.04606648155900299,61
2025-09-08,1167.584716796875,27281959.0,15.109999656677246,0.015529409771012581,0.008367751198435025,-0.007004631226877445,48.71795034014853,7.5091258577188,8.755339153418282,0.01724136097379292,0.039647533997754225,0.004255420122204923,0.08256871388647302,0.015897191612986653,0.8095238095238095,0.016949134822131118,1,-0.015998870134353638,20,0.04606648155900299,61
2025-09-09,1187.374267578125,31329096.0,15.039999961853027,0.015089570997558255,0.0017591912510932506,-0.004852509178164821,69.69694024265416,9.479168526214835,8.900105027977594,0.012875415587061623,0.008547105879028294,0.0,0.07272731147104516,0.015859390760802682,0.8095238095238095,0.02083331191522131,1,-0.015998870134353638,20,0.04606648155900299,61
2025-09-10,1212.1112060546875,39665156.0,15.350000381469727,0.03794042461938063,0.023756667079452454,0.0006758799645232294,71.42854121593184,12.887941566315476,9.697672335645171,0.03448272194758584,0.02127668063371213,0.016949134822131118,0.09090911130055002,0.01602733991923823,1.0,0.012244986336328312,1,-0.015998870134353638,20,0.04606648155900299,61
2025-09-11,1226.9534912109375,30345708.0,14.710000038146973,-0.005874701480938271,0.006260444865207493,-0.003782383940657219,79.99997180155627,16.595761521122768,11.07729017274069,0.056034423164827096,0.029411734214452645,0.02083331191522131,0.11872132742953045,0.016243809253354242,1.0,0.016129014606510284,1,-0.015998870134353638,20,0.04606648155900299,61
2025-09-12,1246.7430419921875,26492972.0,14.760000228881836,0.0016221977140851163,0.0010591633757675023,0.0017595008979807147,78.1249903618694,20.890276801357913,13.039887498464136,0.06896555024717266,0.06896555024717266,0.05531930665105467,0.11711709809270365,0.016221562082968582,1.0,-0.003968249694345172,0,-0.015998870134353638,20,0.04606648155900299,61
2025-09-15,1241.795654296875,24589707.0,15.6899995803833,0.00790496145982611,0.009678833385238894,-0.000168380656651812,75.0,23.622196286801,15.15634925613151,0.06779664383795092,0.08620691122096558,0.06779664383795092,0.1150443530985048,0.016180820799133175,1.0,0.024000003932058034,1,-0.015998870134353638,20,0.04606648155900299,61
2025-09-16,1271.5987548828125,40130070.0,16.360000610351562,0.005764539631195165,0.003199782249463601,-0.0029982346654272574,77.1585025900129,27.870845545364773,17.699248513978162,0.06355936013241803,0.0772531288956324,0.06355936013241803,0.11061957868514027,0.016208674460405973,0.9629630306547198,-0.011718703876197,0,-0.015998870134353638,20,0.04606648155900299,61
2025-09-17,1256.697265625,29283972.0,15.720000267028809,0.0027857149381065316,-0.0031254008455898763,-0.0048651948491017505,84.3550859140936,29.693220088683347,20.0980428289192,0.07093339446919233,0.10786209293505777,0.08448949927348037,0.11265802760865529,0.0162661905073741,1.0,0.015810213714333665,1,-0.015998870134353638,20,0.04606648155900299,61
2025-09-18,1276.56591796875,24191307.0,15.699999809265137,0.022261176946463346,0.035962379860790206,0.001304608418786879,86.09783773647405,32.367585857010454,22.551951434537454,0.03678380279597948,0.094879385132288,0.11899564493532844,0.10440006522429424,0.0163833297918205,0.9059459759319456,-0.015564141313881175,0,-0.015998870134353638,20,0.04606648155900299,61
2025-09-19,1256.697265625,44913316.0,15.449999809265137,-0.014033812374720567,-0.00731267682050063,0.0008010681923562579,76.89157679608536,32.50906157563418,24.5433734627568,0.04043545832274997,0.1121896622026477,0.12186086628161452,0.14171691378726248,0.016200223804685478,1.0,0.02371532057150061,1,-0.015998870134353638,20,0.04606648155900299,61
2025-09-22,1286.500244140625,28859955.0,16.100000381469727,0.029297451101016447,0.015703817591961267,0.0035037367829144905,81.79265407352194,34.62687631853032,26.560074033911505,0.007984182223232272,0.07632212681970896,0.11899564493532844,0.10922288724996365,0.01637684218169402,0.8784067461829352,0.03474908933571563,1,-0.015998870134353638,20,0.04606648155900299,61
2025-09-23,1331.2049560546875,33953781.0,16.639999389648438,0.0369732385325241,-0.003461254422409743,5.624330335418648e-05,84.88936362897513,39.4577124513396,29.139601717397127,0.03599995674736234,0.10184745109543747,0.11126505792248786,0.13552846360634185,0.016690773128627875,1.0,0.0,0,-0.015998870134353638,20,0.04606648155900299,61
2025-09-24,1331.2049560546875,44737182.0,16.18000030517578,-0.00707450607515081,-0.0017770430925596603,0.0018631834557791827,84.88936362897513,42.79289503457949,31.8702603808336,0.04687500749980544,0.12113340536672768,0.14498740278050182,0.17498704363144646,0.017377124341535433,1.0,-0.0149254059817715,0,-0.015998870134353638,20,0.04606648155900299,61
2025-09-25,1311.336181640625,25861812.0,16.739999771118164,-0.01442768029735797,-0.0019580876806415404,0.0029761291609058382,77.33706799933515,43.333288045003655,34.16286591366761,0.059288495700380306,0.09825315483027297,0.13055468472032494,0.17498704363144646,0.017377124341535433,1.0,-0.015151549001877207,0,-0.015998870134353638,20,0.04606648155900299,61
2025-09-26,1291.4674072265625,25793295.0,15.289999961853027,-0.011928083443011328,0.0032427928699267916,0.006501132916399088,71.90343424245211,41.67787278031096,35.66586728699628,0.027237342923270846,0.0687741556906174,0.14248275342777816,0.16764754443243124,0.0175134667018297,0.9088762325768098,0.0,0,-0.015998870134353638,20,0.04606648155900299,61
2025-09-29,1291.4674072265625,25793295.0,16.1200008392334,-0.00047540249528499334,0.0015955557696420986,-0.0038447164917891907,69.78932227690305,39.90593349566234,36.513880528729494,0.02766787400008397,0.035872961571062234,0.12517237000541748,0.13004324086334762,0.01761456560610961,0.8177524651536197,0.0038462334616071736,1,-0.015998870134353638,20,0.04606648155900299,61
2025-09-30,1296.4346923828125,36642789.0,16.280000686645508,0.022179118028446965,0.00866334270059288,0.00046643707979932003,67.3338452350482,38.45914417120048,36.902933257223694,0.003860988840507895,0.039999941019130514,0.12034319051413123,0.12517237000541748,0.017619660432808763,0.8177524651536197,0.015325609890330716,1,-0.015998870134353638,20,0.04606648155900299,61
2025-10-01,1316.3033447265625,33837323.0,16.290000915527344,0.03286901736627934,0.02048094993856453,-0.0005285909728485194,67.99521670847786,38.47230264616701,37.21680713501236,-0.026119391693766092,0.01953126912450376,0.1295000456250084,0.1295000456250084,0.017613878910254014,0.8405338268959135,0.030188747135926786,1,-0.015998870134353638,20,0.04606648155900299,61
2025-10-02,1356.0408935546875,29593487.0,16.6299991607666,-0.001247999339619832,0.019399180008252248,0.0001609605957935134,70.37557574323218,41.21412810832817,38.016271329675526,-0.011194077411106673,0.0474307382788155,0.1468103226953681,0.17207043450539028,0.017273216600784087,0.9316570344704419,0.025641014100046267,1,-0.015998870134353638,20,0.04606648155900299,61
2025-10-03,1390.8111572265625,31032341.0,16.649999618530273,0.014161275734339451,-0.006434833075009583,0.0005517760856561527,75.00001023973681,45.66630153417873,39.54627737057617,0.03409096198209993,0.06225685212746135,0.18143108954008924,0.19170439234129466,0.017689234881011033,1.0,0.0,0,-0.015998870134353638,20,0.04606648155900299,61
2025-10-06,1390.8111572265625,31032341.0,16.3700008392334,0.03494302013899997,0.028907553676716047,-0.0014377836443657532,72.222232335543,48.634057904469955,41.36383347735493,0.07692315690207119,0.10671933111501031,0.1911865042581935,0.24942236206159563,0.01749545893027026,1.0,0.024999989028856362,1,-0.015998870134353638,20,0.04606648155900299,61
2025-10-07,1425.5814208984375,38395572.0,17.239999771118164,-0.027678557294484762,-0.02056378180350349,0.0029750124162626346,79.31033898326629,53.17868512106429,43.726803806096804,0.07692315690207119,0.0810811451929545,0.1911865042581935,0.1911865042581935,0.016107141819963405,1.0,-0.013937227332289637,0,-0.015998870134353638,20,0.04606648155900299,61
2025-10-08,1405.7127685546875,23064494.0,16.299999237060547,0.035676569258393576,0.03397868764676559,0.000858699164537402,72.41381355856797,54.548301868797125,45.891103418636874,0.09961684092104695,0.0708955179399684,0.20061673882000264,0.22616187773536467,0.016358961667922653,1.0,0.017667860786052092,1,-0.015998870134353638,20,0.04606648155900299,61
2025-10-09,1430.5487060546875,39052134.0,16.43000030517578,-0.015236985626907451,-0.0029153668159226376,-0.0003831349420129193,79.66101836112361,56.98094474102322,48.109071683114145,0.06792463468722554,0.05597020365730909,0.1597226075734055,0.20394927094548443,0.016617882354618772,0.9343235402115185,0.0,0,-0.015998870134353638,20,0.04606648155900299,61
2025-10-10,1430.5487060546875,39052134.0,21.65999984741211,-0.06409236145398167,-0.06324377727317176,0.0019099105336322086,77.35850281434068,58.23750602563314,50.13475855161795,0.054945107374075874,0.09090920092276766,0.16593556015135702,0.22522047905801812,0.016722826408817736,1.0,-0.017361126814406158,0,-0.015998870134353638,20,0.04606648155900299,61
2025-10-13,1405.7127685546875,53850992.0,19.030000686645508,0.0792062526090258,0.04929616586138663,0.0026714343990570377,65.30612859025773,56.577101692770384,51.42322717984844,0.028571491263678306,0.10769245747115153,0.14742866643056973,0.2048001587339121,0.016631312032725398,1.0,0.007067109578928532,1,-0.015998870134353638,20,0.04606648155900299,61
2025-10-14,1415.6470947265625,39889256.0,20.809999465942383,-0.02294569763736931,-0.02277694878169534,0.0008478417882813449,66.66666666666666,55.42394367141469,52.22337047816169,0.010714331166166824,0.08846166824563384,0.13200007077704345,0.2090725808991798,0.01651008561354661,0.9192302226075661,0.028070064096854086,1,-0.015998870134353638,20,0.04606648155900299,61
2025-10-15,1455.3843994140625,41056405.0,20.639999389648438,0.02963445546583099,0.02994217613567618,-0.0002313105345168598,76.3636314891826,57.058787832929056,53.19045394911517,-0.006968613666144874,0.09195403597588148,0.11328128412411442,0.2124577123707272,0.01651409006738388,0.9515379747689723,0.013651992210699904,1,-0.015998870134353638,20,0.04606648155900299,61
2025-10-16,1475.2532958984375,37737678.0,25.309999465942383,-0.01598247712080969,0.004870647024278085,-0.002414963299084749,83.6363847589872,59.274389242180405,54.40724100772822,0.03533554789464266,0.10566033676408493,0.1581026228224094,0.2464914780716987,0.016881882811958543,1.0,-0.02356909544880026,0,-0.015998870134353638,20,0.04606648155900299,61
2025-10-17,1440.48291015625,38077331.0,20.780000686645508,-0.015875169925897326,-0.0032411726729032475,6.860517943563238e-05,74.19354199392512,57.56106169173654,55.03800514452988,0.031249960001040966,0.08791209978280956,0.155642082506664,0.2581773157822025,0.016928523150691595,1.0,0.020689744006068933,1,-0.015998870134353638,20,0.04606648155900299,61
2025-10-20,1470.2861328125,33015553.0,18.229999542236328,0.008879007725831833,0.015793762300268188,0.0003266778205262,76.11939805796042,57.94020958699571,55.61844603302305,0.006944331262205061,0.03571423242587346,0.14624496253665908,0.28264312110758016,0.015855304659332593,0.9012752055156312,0.0,0,-0.015998870134353638,20,0.04606648155900299,61
2025-10-21,1470.2861328125,34601251.0,17.8700008392334,-0.01071542729821462,-0.0066462698133354925,-0.0008033787001248127,74.60317646072139,57.57697549254635,56.01015192492771,0.04593638594049687,0.057142894758206886,0.14285725129779747,0.2921044275280851,0.01597896051835172,0.9858965569589717,-0.013513542684413182,0,-0.015998870134353638,20,0.04606648155900299,61
2025-10-22,1450.4173583984375,27360948.0,18.600000381469727,-0.01911658458607568,-0.02364290265638358,0.002614607328592866,66.10168361949033,55.05126904941949,55.81837534982607,0.03859651059185154,0.03135893275453072,0.10447765847417623,0.3091806789344411,0.015719595691157547,0.9848311505116238,-0.006849372137380683,0,-0.015998870134353638,20,0.04606648155900299,61
2025-10-23,1440.48291015625,23570046.0,17.299999237060547,0.006404074269330762,0.02543145440188166,0.0022101202829689637,59.259235661543,51.652582727941535,54.985216825449164,-0.00341287224023068,0.031802079943909156,0.08955225249240484,0.2528548961676207,0.015537239919494806,0.9241553797766816,0.0,0,-0.015998870134353638,20,0.04606648155900299,61
2025-10-24,1440.48291015625,23570046.0,16.3700008392334,0.014549578623000547,0.01891958864630716,0.0009724995900872724,59.259235661543,48.401160878032215,53.668405635965776,-0.02356909544880026,0.006944331262205061,0.09848483579096268,0.23897885036250344,0.015653001345254342,0.8938173080184915,0.020689744006068933,1,-0.015998870134353638,20,0.04606648155900299,61
2025-10-27,1470.2861328125,32851952.0,15.789999961853027,0.011154121526710803,0.027381637317633878,0.001894395419437922,58.49056516285788,47.679635471017264,52.470651602976076,0.0,0.006944331262205061,0.11538464083247724,0.2233613576404181,0.01562710479843206,0.8938173080184915,-0.003378447939754503,0,-0.015998870134353638,20,0.04606648155900299,61
2025-10-28,1465.31884765625,28381919.0,16.420000076293945,0.01099743532416797,0.0037290813508943366,-0.007530777372024122,61.99994790035993,46.17472945053805,51.211467172488476,0.0,0.04593638594049687,0.13846166351960232,0.28096560810266125,0.015062652604491111,0.9848311505116238,0.020338986721973207,1,-0.015998870134353638,20,0.04606648155900299,61
2025-10-29,1495.1219482421875,30631103.0,16.920000076293945,0.011806442847700271,0.01851641213711841,-0.0018953750952860338,62.745042293618035,46.84691960145642,50.33855765828207,-0.003378447939754503,0.03508766635040628,0.13026815486018273,0.27663793248307034,0.015104565068583388,0.9696619282418099,0.0,0,-0.015998870134353638,20,0.04606648155900299,61
2025-10-30,1495.1219482421875,27867757.0,16.90999984741211,-0.006129392337233641,-0.01527445992200882,0.003997594261948789,62.745042293618035,46.83969627694569,49.638785382014795,0.03082188005052089,0.02730381667147408,0.13584908390001194,0.2970127502470543,0.015263966870436206,1.0,-0.003322246116296612,0,-0.015998870134353638,20,0.04606648155900299,61
2025-10-31,1490.15478515625,31928423.0,17.440000534057617,-0.009201201702040196,0.001754456243070912,0.002135980229634127,68.08504519503119,45.90401033462513,48.891830372536866,0.037931056106740524,0.013467959976086519,0.10256405640018484,0.3026034544406109,0.015205414261123823,1.0,0.006666722370821221,1,-0.015998870134353638,20,0.04606648155900299,61
2025-11-03,1500.0892333984375,29118770.0,17.170000076293945,0.014745467957482328,0.005853098316866978,0.0016628250572858772,68.08506188267651,45.44029203064974,48.201522704159444,0.03448279368660612,0.03448279368660612,0.07142855262089642,0.29827588517302095,0.015248242473581286,0.9856988768499361,-0.0033113264502250273,0,-0.015998870134353638,20,0.04606648155900299,61
2025-11-04,1495.1219482421875,33925673.0,19.0,-0.03545892694762087,-0.04007723618920944,0.003940632008074152,59.999975424752435,44.16289121557611,47.39379640644278,0.020270272514185672,0.020270272514185672,0.07857146932139081,0.30693113006020156,0.015215219611482433,1.0,-0.029900296692392914,0,-0.015998870134353638,20,0.04606648155900299,61
2025-11-05,1450.4173583984375,56305422.0,18.010000228881836,-0.001394210228953141,0.03018813488782368,0.0005145621648123822,44.444456580387396,39.092619692406515,45.733561063635534,0.020338986721973207,0.01689182457443117,0.048780466919892795,0.2805254528715231,0.015192021918187503,0.9850609994504157,0.0034245598253936915,1,-0.015998870134353638,20,0.04606648155900299,61
2025-11-06,1455.3843994140625,27411394.0,19.5,-0.014984440585273928,-0.02390451017077455,-0.0008441462583944626,53.84612961015377,35.070915990971116,43.601032049102656,-0.029900296692392914,0.0,0.031802079943909156,0.24223736190850387,0.016151150891548977,0.8411592650524385,-0.00341287224023068,0,-0.015998870134353638,20,0.04606648155900299,61
2025-11-07,1450.4173583984375,20329390.0,19.079999923706055,-0.0094729982946693,-0.010120593477111584,0.002780553192774038,44.11764068114154,31.124108782150415,41.10564739571221,-0.026578132221819373,0.010344787260402999,0.01736095615218125,0.22571664146183235,0.016047823346660363,0.8447630383584359,0.010273931962774485,1,-0.015998870134353638,20,0.04606648155900299,61
2025-11-10,1465.31884765625,25281744.0,17.600000381469727,0.030610677636720096,0.030168342529511616,-0.00038733360616827195,48.648621721682225,28.86591300341661,38.65770051725309,-0.026666643729661876,0.0068966095829001706,0.013888833186634919,0.19660419865221357,0.015899142327149646,0.8181421640310199,-0.0067797177782006335,0,-0.015998870134353638,20,0.04606648155900299,61
2025-11-11,1455.3843994140625,22444166.0,17.280000686645508,-0.013885431910210522,-0.024766135736991934,0.0,51.428529299420305,25.975223425220975,36.121205098846666,-0.02317887827473808,-0.003378447939754503,0.04240274431230184,0.194274158028646,0.015878333502986234,0.865384242755351,0.006825996105350063,1,-0.015998870134353638,20,0.04606648155900299,61
2025-11-12,1465.31884765625,23642502.0,17.510000228881836,-0.001888996877738136,0.014675370665460763,-8.074886659015235e-05,57.142857142857146,24.20691579865843,33.73834723880902,-0.026578132221819373,-0.0067797177782006335,0.028070064096854086,0.1673491251962267,0.01585760239797806,0.8269223952841785,-0.010169451707829458,0,-0.015998870134353638,20,0.04606648155900299,61
2025-11-13,1450.4173583984375,21255597.0,20.0,-0.02897237905077865,-0.03719073962152486,0.003223070095614844,52.63159937009504,21.356904517410385,31.262058694529294,0.010273931962774485,-0.019933558343502966,0.006825996105350063,0.1799999803397101,0.01581582867701646,0.8571424272531718,-0.020547948087746515,0,-0.015998870134353638,20,0.04606648155900299,61
2025-11-14,1420.6142578125,26861702.0,19.829999923706055,0.009284038693299301,-0.0011057818311495105,0.001957261013469047,36.84209164799802,16.50315085125885,28.310277125875206,-0.00341287224023068,-0.029900296692392914,-0.01683503271543263,0.1406250224994161,0.01564353585462199,0.7959181831085023,0.010489469027826104,1,-0.015998870134353638,20,0.04606648155900299,61
2025-11-17,1435.5157470703125,26602730.0,22.3799991607666,-0.009865865089369374,-0.015483315408946319,-0.018326170463155322,42.49999232019267,13.701005089498267,25.38842271859982,-0.020547948087746515,-0.046666647006376794,-0.013793049680537184,0.13043474882232542,0.015906794054741474,0.6734691932811968,-0.027681637654558,0,-0.015998870134353638,20,0.04606648155900299,61
2025-11-18,1395.7783203125,42198432.0,24.690000534057617,-0.014538426450643516,-0.02307134541622602,0.020307929943259806,26.190458079363296,8.179517755991583,21.946641726078173,-0.020338986721973207,-0.04304643009925113,-0.023648720453940175,0.12451360863094374,0.01582363187419797,0.7346934374258665,-0.00711749716814869,0,-0.015998870134353638,20,0.04606648155900299,61
2025-11-19,1385.8438720703125,35591948.0,23.65999984741211,0.016048331157736406,0.018165083033149676,-0.0023030738201144096,24.999972073435686,2.967860666192337,18.150885514101006,-0.04095555725728539,-0.06644516726310223,-0.050675722797898226,0.11067188454359367,0.016272957048709114,0.5116278538121221,0.04301085024328288,1,-0.015998870134353638,20,0.04606648155900299,61
2025-11-20,1445.4501953125,25964403.0,26.420000076293945,-0.017246947899663745,-0.0476699461890111,0.002565641148130293,41.8181923794936,3.605752143177142,15.241858839916233,-0.05423732569403328,-0.04452062432528214,-0.04452062432528214,0.0772200614668741,0.015991642078002827,0.45238059015933013,-0.048109943579699554,0,-0.015998870134353638,20,0.04606648155900299,61
2025-11-21,1375.90966796875,54518246.0,23.43000030517578,-0.008792837367839312,0.008557895783078306,0.005422820276357987,31.343278654971726,-1.4829590192925934,11.896895268074468,-0.003424643987591458,-0.006825828355424224,0.0034483471627657636,0.08582092392174001,0.016449849436014588,0.7380952938216415,-0.007220276500312428,0,-0.015998870134353638,20,0.04606648155900299,61
2025-11-24,1365.9752197265625,79134658.0,20.520000457763672,0.03482892721830333,0.046323773363386334,-0.00043059997457040033,30.882349752330867,-6.245432763974122,8.26842966166475,-0.031468493011317045,-0.051369828138267404,-0.04482749620437754,0.03358214053420783,0.018182961167208554,0.40476235057313215,0.02909097343367595,1,-0.015998870134353638,20,0.04606648155900299,61
2025-11-25,1405.7127685546875,27427405.0,18.559999465942383,0.0001404725288882691,0.0016380206690571608,0.0027920716971145954,43.28359084886961,-6.735595674356091,5.267624594460583,-0.048442887154440895,-0.06779659463780585,-0.07094599531208379,0.041666689938790524,0.01805733430969218,0.3571429407324623,0.017667860786052092,1,-0.015998870134353638,20,0.04606648155900299,61
2025-11-26,1430.5487060546875,29213211.0,17.190000534057617,0.018547099331712058,0.027595295375684614,-0.0012091894024681693,46.47890639007517,-5.061653132070205,3.2017690491544255,0.00711749716814869,-0.03412956115193544,-0.04067789013763201,0.08846166824563384,0.018371985912575505,0.5476194098406698,-0.003472293627771128,0,-0.015998870134353638,20,0.04606648155900299,61
2025-11-27,1425.5814208984375,22039774.0,17.190000534057617,0.0,0.0,-0.0044348084794223475,46.47887421445473,-4.088727698218463,1.743669699679848,0.03225820374526789,-0.02372872065160203,-0.043189281157579584,0.10769245747115153,0.018522386378008505,0.6585368192776284,0.003484392461511998,1,-0.015998870134353638,20,0.04606648155900299,61
2025-11-28,1430.5487060546875,23152513.0,16.350000381469727,0.005345636594497716,0.01821735934665414,0.002105664976116417,44.92756513795124,-2.883618326488886,0.8182120944461012,-0.013745734359091433,-0.017123304100155057,-0.04651160891959927,0.09961684092104695,0.018544843876204645,0.5945944868867289,-0.020833420442177286,0,-0.015998870134353638,20,0.04606648155900299,61
2025-12-01,1400.7454833984375,30559208.0,17.239999771118164,-0.01313860606750894,-0.0006576538937566045,0.0019863050869839416,42.46577971088654,-4.284047625187895,-0.20223984948069812,0.03971121023271884,0.0069930652797225434,-0.03999992463555557,0.08679257846287491,0.018433714397522127,0.517241729969391,0.01418442868425851,1,-0.015998870134353638,20,0.04606648155900299,61
2025-12-02,1420.6142578125,23544477.0,16.59000015258789,0.015329548546699323,0.018366196516981237,0.000608734112671927,44.000017038889965,-3.7474555540991332,-0.9112829904043852,0.0254545347307511,-0.024221443577220447,-0.06622522699862177,0.03296699240873391,0.018220816270879042,0.25925898957095084,0.013985958703768286,1,-0.015998870134353638,20,0.04606648155900299,61
2025-12-03,1440.48291015625,20301540.0,16.079999923706055,0.011503460482797268,0.01832856796985949,0.0001911236723253218,48.684201591381566,-1.6993788948659585,-1.0689021712967,0.01060066436839291,0.017793611735164028,-0.04983385503589599,0.021428574563183922,0.017925289113345788,0.40740737369636887,-0.003448262420134296,0,-0.015998870134353638,20,0.04606648155900299,61
2025-12-04,1435.5157470703125,20696944.0,15.779999732971191,-0.008529502827709368,-0.008864702178681738,-0.002780117606670518,52.11266435612482,-0.47163521833499544,-0.9494487807043591,0.006944331262205061,0.03942654666020373,-0.006849372137380683,0.03571423242587346,0.018042217393915223,0.555554847623746,0.010380667267870125,1,-0.015998870134353638,20,0.04606648155900299,61
2025-12-05,1450.4173583984375,21072604.0,15.40999984741211,0.006110734687703401,0.010929871736999441,0.0016062935130458644,52.11268093142518,1.6843795084650992,-0.4226831228704675,0.006968613666144874,-0.006872909405252647,-0.013651824460774176,0.006968613666144874,0.017648757180987056,0.5185179791419017,0.023972592075337973,1,-0.015998870134353638,20,0.04606648155900299,61
2025-12-08,1485.1876220703125,24257260.0,16.65999984741211,0.024260226204434465,0.01101879860496413,-0.002901310503285237,62.85711878336757,6.128065874985623,0.8874666767007506,0.013888833186634919,0.054151585793915435,0.0,0.031802079943909156,0.01756840480977219,0.6296294947854755,-0.010033405232020565,0,-0.015998870134353638,20,0.04606648155900299,61
2025-12-09,1470.2861328125,24235825.0,16.93000030517578,0.00510159063582738,-0.00036750756449210886,-0.003494935499670837,61.971833910968805,8.351028234171963,2.3801789881949933,0.06028371297475443,0.08727274157111986,0.013559352250086976,0.038194376594358426,0.017741285012516893,0.8888884843564263,0.01689182457443117,1,-0.015998870134353638,20,0.04606648155900299,61
2025-12-10,1495.1219482421875,23319221.0,15.770000457763672,0.022181317642156584,0.01288305770619047,-0.00043961550810267536,57.81248020053475,11.978701646909485,4.299883519937892,0.034965068615097517,0.04593638594049687,0.01023903609550647,0.027777751704382236,0.017823087259757456,0.7777778789108934,-0.02000001796205908,0,-0.015998870134353638,20,0.04606648155900299,61
2025-12-11,1465.219482421875,28924982.0,14.850000381469727,-0.014403332084012899,-0.007500545986443896,-0.0023755066327988406,66.04779423054482,12.299004606870767,5.8997077373244675,0.037931056106740524,0.045138793187675885,0.020338986721973207,0.06360415988781831,0.017754972422422313,0.9629622213201148,0.006802755093318513,1,-0.015998870134353638,20,0.04606648155900299,61
2025-12-12,1475.18701171875,22107664.0,15.739999771118164,-0.04202060463058077,-0.05098983701580462,0.0033175603858714986,69.62158406486904,13.20492516491754,7.360751222843082,0.020692030311881826,0.027804838743238136,0.010205423933826951,0.035017475668883025,0.018041483851383655,0.739999199025724,-0.020270288161955086,0,-0.015998870134353638,20,0.04606648155900299,61
2025-12-15,1445.2845458984375,25889058.0,16.5,-0.014724063831976775,-0.006136239356029138,0.00449008499969894,57.3701451057282,11.378826617437198,8.164366301761905,0.017077604026790816,0.03120362520698139,0.038414899474740416,0.013606448105847546,0.0175544614503664,0.8143205098565346,-0.010344794675505087,0,-0.015998870134353638,20,0.04606648155900299,61
2025-12-16,1430.3333740234375,32168064.0,16.479999542236328,-0.003023557006142541,-0.004573439058531692,0.0002745306503300071,49.958361815991324,8.625763313941889,8.256645704197902,-0.02686736381242605,0.03179668471387176,0.006805079531911673,-0.02031430811462709,0.017712956420318386,0.5913574875621438,-0.0034843378047024753,0,-0.015998870134353638,20,0.04606648155900299,61
2025-12-17,1425.349609375,30535812.0,17.6200008392334,-0.034545325170532215,-0.037814493626185275,0.004478345884427748,49.95517807686335,5.972940317152052,7.799904626788733,-0.027173458211591228,0.006841488572628673,0.024756835099144503,-0.007045926099679689,0.017404730719148952,0.4798764315139688,0.0,0,-0.015998870134353638,20,0.04606648155900299,61
2025-12-18,1425.349609375,30534136.0,16.8700008392334,0.027874046235084382,0.025139959575539494,0.00518285581531619,48.975040080550954,3.826450045397678,7.005213710510522,-0.046666654147655806,-0.010505713517703907,0.02850662913829516,-0.030563114508562528,0.01710020570463069,0.44271577609856355,0.0,0,-0.015998870134353638,20,0.04606648155900299,61
2025-12-19,1425.349609375,38763280.0,14.90999984741211,0.014999384015492279,0.029756883436626858,-0.0037303888670811025,55.496380504847714,2.101120629688012,6.02439509434602,-0.02721085374934662,-0.00708187124805848,-0.013906107593803618,-0.030563114508562528,0.01710020570463069,0.44271577609856355,0.024475474767018612,1,-0.015998870134353638,20,0.04606648155900299,61
2025-12-22,1460.2357177734375,22661665.0,14.079999923706055,0.014985210834182583,0.010993369394593389,-0.00032362001212404845,58.29461326355117,3.508359841418269,5.52118804376047,-0.033783786020244344,-0.017283128113633084,0.03593254888544961,-0.017283128113633084,0.016977915947058417,0.44271577609856355,0.017064848413563594,1,-0.015998870134353638,20,0.04606648155900299,61
2025-12-23,1485.1544189453125,20739075.0,14.0,0.012513780633703009,0.0054537588747178845,0.0008982802507242482,59.1581808216984,6.558732994331876,5.728697033874752,0.010344794675505087,-0.01680050649903253,0.06900600881013341,0.013712628923202574,0.017365630504012335,0.7028385436103187,0.003355721522868116,1,-0.015998870134353638,20,0.04606648155900299,61
2025-12-24,1490.13818359375,12987261.0,13.470000267028809,0.006229853767608873,0.002760104059158053,-0.0013541653938790033,61.19747496460336,9.271448365357855,6.437247300171373,0.03832745981985086,0.01011251198048857,0.056513430174149004,0.031011481270692087,0.017552944734246415,0.8886409104893043,0.010033494953638922,1,-0.015998870134353638,20,0.04606648155900299,61
2025-12-26,1505.0894775390625,18823612.0,13.600000381469727,0.013520777142285834,0.0004538938835816353,0.002562756491433227,61.2053772921193,12.483833448091445,7.646564529755388,0.04545451431186698,-0.003333349934630303,0.041654979859724106,0.01350216827745987,0.017277383181424546,0.9258015659047095,0.01324501753612184,1,-0.015998870134353638,20,0.04606648155900299,61
2025-12-29,1525.0244140625,21124648.0,14.199999809265137,-0.006339903170881289,-0.004074858987184515,-0.00602469435943731,58.6934527186969,16.448644805970616,9.406980584998434,0.055944076905474205,0.027210937061310503,0.05577237152159076,0.027141280511354227,0.017328473270025915,1.0,-0.006535980148883347,0,-0.015998870134353638,20,0.04606648155900299,61
2025-12-30,1515.056884765625,20325400.0,14.329999923706055,-0.004453138665939882,-0.0012774556891911315,-0.001982110917127744,59.98520033454431,18.572399005060106,11.24006426901077,0.06993007472125123,0.033783786020244344,0.06604158782427416,0.02000001796205897,0.01716704726308896,1.0,0.01973686012782183,1,-0.015998870134353638,20,0.04606648155900299,61
2025-12-31,1544.9593505859375,29695967.0,14.949999809265137,0.014386989221531366,-0.011991772143320478,-0.0023692492856227654,60.86955827210796,22.410039608188526,13.474059336846322,0.03754268322910126,0.04827584925417905,0.08160754592608033,0.013333318092798363,0.01720235436689842,0.9373305263287158,0.02258067855022805,1,-0.015998870134353638,20,0.04606648155900299,61
2026-01-02,1579.8455810546875,37512761.0,14.510000228881836,0.05172908294635348,0.04014331753554501,0.001917140625415037,74.46808288875536,27.94430017956347,16.36810750538975,0.04026849388705034,0.08013934278836299,0.08752910375889611,0.03677776696461832,0.0174449517926102,1.0,0.0536277163782215,1,-0.015998870134353638,20,0.04606648155900299,61
2026-01-05,1664.569091796875,66871820.0,14.899999618530273,0.008260120694568274,0.010720094980448458,0.0017633995608958841,80.64514854645627,38.72037641087718,20.838561286487238,0.06020072396547227,0.10839163294641252,0.0967471879852575,0.053167735545680106,0.01774113872143412,1.0,0.020958115010468514,1,-0.015998870134353638,20,0.04606648155900299,61
2026-01-06,1699.455322265625,46751692.0,14.75,0.016074448397346286,0.02746006151998026,0.003695945317161664,90.4761849220614,49.50486048806465,26.57182112680272,0.10596022139399586,0.16783214507405675,0.1595617081832983,0.11333332625737058,0.01946501387150817,1.0,-0.017595323294788412,0,-0.015998870134353638,20,0.04606648155900299,61
2026-01-07,1669.5528564453125,49857449.0,15.380000114440918,-0.02672323727334258,-0.009941282542940355,0.000556001467722611,86.36361274711736,55.00470275674138,32.258397452790454,0.11437909229168342,0.19230770548344078,0.17170089865869853,0.17170089865869853,0.01896009071404465,1.0,0.0059701789364712265,1,-0.015998870134353638,20,0.04606648155900299,61
2026-01-08,1679.5203857421875,29215618.0,15.449999809265137,-0.0021024349563686373,-0.018319788641178003,-0.0013653985571981941,88.0596856690272,59.48199230993691,37.70311642421975,0.10197371018421375,0.14334476011245711,0.12413598903955303,0.14715593840189167,0.019249639746298553,0.9103320840054923,-0.002967373716178612,0,-0.015998870134353638,20,0.04606648155900299,61
2026-01-09,1674.53662109375,37387656.0,14.489999771118164,0.01767242909938549,0.027256180637466265,0.00304299038122946,86.76468469403045,61.91441751715274,42.54537664280635,0.08709681268003377,0.1308725640360715,0.14230852638829194,0.15795662263496868,0.019222426251447683,0.9402215113535825,0.005952337560734877,1,-0.015998870134353638,20,0.04606648155900299,61
2026-01-12,1684.5040283203125,29987449.0,15.119999885559082,0.025152176236015178,0.004720656912223342,0.0015374978232687297,87.14283364889391,63.90970715891763,46.81824274602861,0.059936895842597426,0.12374586433003709,0.12000002612663141,0.14277969178663064,0.01922018870314156,0.9252767976795373,0.01183437870055326,1,-0.015998870134353638,20,0.04606648155900299,61
2026-01-13,1704.4390869140625,30171800.0,15.979999542236328,-0.0016879607323825319,0.009531194411121158,-0.0007406428934867426,86.5671467186859,66.3349136075633,50.72157691833555,0.011976034291203863,0.1192052389301177,0.149659862245334,0.15742894385737105,0.019156623701932256,0.9551658589778647,0.0,0,-0.015998870134353638,20,0.04606648155900299,61
2026-01-14,1704.4390869140625,29100816.0,16.75,-0.012378826405095356,-0.006004140186555484,0.0014887274555150931,85.4838531263432,67.47905069858143,54.07307167438473,0.002932565853978053,0.11764708236612509,0.15540543224293257,0.16318648984845918,0.019192331371863214,1.0,-0.011695964230580391,0,-0.015998870134353638,20,0.04606648155900299,61
2026-01-15,1684.5040283203125,36391886.0,15.84000015258789,0.04441938352764274,0.017636838948224876,-0.00335893987830016,79.99996231740428,66.01620128721584,56.461697596950955,0.020895553162076697,0.1250000604285788,0.17931039375677105,0.17513698870518057,0.01907578521084475,1.0,0.029585801818144075,1,-0.015998870134353638,20,0.04606648155900299,61
2026-01-16,1734.3414306640625,53551629.0,15.859999656677246,0.0022245006988907967,0.011497627219594797,0.0016978112646923726,81.94440475558694,68.09340605174748,58.788039287910266,0.002967301034528802,0.09032255617693208,0.17770028925627956,0.18575751232720772,0.01884514998589082,0.9411013684875659,0.011494239929334293,1,-0.015998870134353638,20,0.04606648155900299,61
2026-01-19,1754.2763671875,29580038.0,15.859999656677246,0.0,0.0,0.0013876592712758207,81.94440475558694,70.53510379731847,61.13745218979191,0.03571424405830559,0.09779174082712272,0.2167831802504594,0.20816607843112234,0.01922617858833582,1.0,0.008522769972260757,1,-0.015998870134353638,20,0.04606648155900299,61
2026-01-20,1769.2276611328125,29401234.0,20.09000015258789,-0.04450933601066909,-0.0168050109957687,-0.0018666165410358149,84.93147973113307,72.83699181814904,63.47736011546334,0.04142010805207774,0.05389219097765863,0.23076917806623642,0.2568445444794816,0.018555865736342363,1.0,-0.019718338818200953,0,-0.015998870134353638,20,0.04606648155900299,61
2026-01-21,1734.3414306640625,45192749.0,16.899999618530273,-0.003178876165360278,0.031803161672472324,0.004225198331249791,75.67564525984167,71.0274669900316,64.98738149037699,0.038011668892228734,0.04105570646845291,0.24125874065984365,0.27664284324450117,0.018450541622184895,1.0,0.011494239929334293,1,-0.015998870134353638,20,0.04606648155900299,61
2026-01-22,1754.2763671875,32069478.0,15.640000343322754,0.003832953603947642,0.0016289460229255148,-0.0013351674979606987,74.64785136811093,70.39056963095436,66.06801911849247,0.017543803107765488,0.03880594374034563,0.18771333254919997,0.199862462427566,0.01791236023308355,0.9134878629696765,0.005681846648173838,1,-0.015998870134353638,20,0.04606648155900299,61
2026-01-23,1764.243896484375,27601167.0,16.09000015258789,0.022909815522274224,-0.01207171878890867,-0.001769903822365304,67.8571178635912,69.88453478207248,66.83132225120848,0.04142010805207774,0.044510315016079716,0.18120805810435892,0.2749938517238062,0.015889101088955283,0.9629232401094131,-0.008474549298310374,0,-0.015998870134353638,20,0.04606648155900299,61
2026-01-26,1749.292724609375,22960198.0,16.149999618530273,-0.006450264467240396,-0.003881679788138803,-0.006750241196508577,59.61537374540508,67.4989777020985,66.96485334138649,0.01724139508612388,0.05357140253644088,0.18394650637672227,0.291563617704234,0.015752931903810847,0.9864748827770169,0.014245015040258213,1,-0.015998870134353638,20,0.04606648155900299,61
2026-01-27,1774.21142578125,28985200.0,16.350000381469727,0.016921693361432233,0.023986271771277323,0.002221819049822882,70.5882183434678,66.84854899842685,66.94159247279457,-0.0028408537396618083,0.038461585843558854,0.16225164730378938,0.2444168991990776,0.015487506625345133,0.9458998623868103,0.022471883828230288,1,-0.015998870134353638,20,0.04606648155900299,61
2026-01-28,1814.081298828125,29301156.0,16.350000381469727,0.011704142336177448,0.023352944555712796,-0.01050238363220013,73.6841833864818,68.75764972722777,67.3048039236812,0.0028169154020836196,0.040935659949873804,0.16339870327383332,0.2402314009107389,0.015429931143735165,1.0,-0.008241731991095569,0,-0.015998870134353638,20,0.04606648155900299,61
2026-01-29,1799.130126953125,32224002.0,16.8799991607666,-0.008033906933492596,0.001643173336035808,0.005120485824171128,71.18643364156657,68.27713488110612,67.4992701151662,0.04597703010158205,0.06432744517292965,0.1973684401353406,0.27252030100451585,0.01559053138554978,1.0,-0.016620513087040045,0,-0.015998870134353638,20,0.04606648155900299,61
2026-01-30,1769.2276611328125,40825139.0,17.440000534057617,-0.026476168330012095,-0.03869042763570618,0.0029453572698179276,63.492062874938284,64.73719423957732,66.94685494004842,0.025568240332357384,0.06804738766170293,0.16451615783340268,0.2576503822193854,0.01573862604307093,0.9638280271951334,-0.00563383080416735,0,-0.015998870134353638,20,0.04606648155900299,61
2026-02-02,1759.2601318359375,28251381.0,16.34000015258789,0.0326718298465174,0.01700575433522533,0.007056381660207167,59.01637303668915,60.43086012649678,65.6436559773381,0.0028248728298669867,0.02011497266451867,0.11987379168519463,0.2630614784067531,0.015578706863056244,0.8860040790722004,0.01983005800986537,1,-0.015998870134353638,20,0.04606648155900299,61
2026-02-03,1794.1463623046875,26744162.0,18.0,-0.01643426803800596,-0.020672488552433643,-0.00018679128920895405,63.23527928582131,59.15122802257065,64.34517038638461,0.005697964146502921,0.002840923324086919,0.056886217884080104,0.23837989247334002,0.015615340273083277,0.8589742784558909,-0.008333374723178522,0,-0.015998870134353638,20,0.04606648155900299,61
2026-02-04,1779.195068359375,26952301.0,18.639999389648438,-0.029813848254780728,-0.04357965568465527,-0.0001235239417486378,64.17909356484634,56.28188337545157,62.732512984198,0.011235941914115033,0.014084508014033492,0.05571846390926316,0.2455172842766149,0.015721024368233468,0.9487180050808763,-0.011204469300727049,0,-0.015998870134353638,20,0.04606648155900299,61
2026-02-05,1759.2601318359375,26299986.0,21.770000457763672,0.01531897838527696,-0.0005932438009643715,0.0026573312511892766,54.09835868096992,51.802180999053235,60.54644658716905,-0.01923079769979774,0.02586205743706338,0.06567160272332107,0.23941173894501966,0.01580562979244832,0.9102562733750145,0.00849862602735696,1,-0.015998870134353638,20,0.04606648155900299,61
2026-02-06,1774.21142578125,33263592.0,20.3700008392334,0.05478791391692117,0.05699284177279029,-0.0002622091433629459,53.33334694094162,48.894800238264224,58.21611731738809,-0.022160706732596624,0.002840923324086919,0.04747768873225833,0.21293372672988875,0.015984458726796148,0.8589742784558909,0.01966288114905801,1,-0.015998870134353638,20,0.04606648155900299,61
2026-02-09,1809.0975341796875,36529289.0,17.360000610351562,0.01880463693428469,0.014158943928058276,-0.002331814588317105,56.249990432145545,48.84266954021905,56.341427761954286,0.0028169154020836196,0.0056497456597341955,0.0595238129951412,0.19460423680884564,0.01570602952022816,0.8974360101617528,0.035812716044876014,1,-0.015998870134353638,20,0.04606648155900299,61
2026-02-10,1873.88623046875,41859169.0,17.790000915527344,0.018288692040738352,-0.006793219151515761,-0.00043710449322398315,70.0000034991009,53.41354383073326,55.75585097571008,0.028328614649921313,0.03418799422701957,0.07396450454536008,0.23043909196033674,0.015710608899787995,0.9871794227647127,0.018616983161091172,1,-0.015998870134353638,20,0.04606648155900299,61
2026-02-11,1908.7723388671875,40488310.0,17.649999618530273,0.03365479584202058,0.022786173580571,-0.002613923188501621,71.23287579306775,59.16894921456446,56.43847062348096,0.044444461075980435,0.05617977837314947,0.09941519462656578,0.2533333703460612,0.0163174510114841,1.0,0.0,0,-0.015998870134353638,20,0.04606648155900299,61
2026-02-12,1908.7723388671875,40488310.0,20.81999969482422,-0.01601220641445411,-0.02498355585679435,-0.0045014801042541075,70.42253035236794,63.00387993734307,57.75155248625339,0.07282915336950535,0.05219779295461113,0.11988298879197634,0.3027211020373275,0.015927751043951017,1.0,0.0,0,-0.015998870134353638,20,0.04606648155900299,61
2026-02-13,1908.7723388671875,40488310.0,20.600000381469727,-0.004726967258418813,0.006575341903163112,0.002549725303937489,73.5293958734583,65.29046235618853,59.25933446024042,0.08498584394976394,0.060941790852974353,0.133136108181648,0.2939188887267008,0.015958519839373325,1.0,0.0,0,-0.015998870134353638,20,0.04606648155900299,61
2026-02-16,1908.7723388671875,40488310.0,20.600000381469727,0.0,0.0,-0.0015246937984533249,71.42855476618422,66.33789345521359,60.67504625923505,0.07584265952220748,0.07887321728003416,0.10057472255410338,0.32068964847377535,0.015433974805599219,1.0,0.0,0,-0.015998870134353638,20,0.04606648155900299,61
2026-02-17,1908.7723388671875,40488310.0,20.290000915527344,-0.005895756732518298,-0.00022242439955466597,-0.0013388956482243142,67.27271512708893,66.40254296635612,61.82054560065927,0.05509642393752756,0.08498584394976394,0.08806820554014494,0.33449472237226163,0.015235625411829804,1.0,0.0,0,-0.015998870134353638,20,0.04606648155900299,61
2026-02-18,1908.7723388671875,40488310.0,19.6200008392334,-0.005326802331282687,0.00962381088699682,0.0015641391420189166,71.15381807305246,65.69647015638088,62.5957305118036,0.018616983161091172,0.06388886602052701,0.07887321728003416,0.33916081101264894,0.01518651866474416,1.0,0.0,0,-0.015998870134353638,20,0.04606648155900299,61
2026-02-19,1908.7723388671875,40488310.0,20.229999542236328,-0.00516203984715613,-0.004997328655290012,0.004879556670309926,80.43475251246782,64.39460148581475,62.955504706605836,0.0,0.07282915336950535,0.10057472255410338,0.33916081101264894,0.01518651866474416,1.0,0.0,0,-0.015998870134353638,20,0.04606648155900299,61
2026-02-20,1908.7723388671875,40488310.0,19.09000015258789,0.028163963262128888,0.010659111897196594,0.001582666624481588,84.09089390886115,62.64077729678638,62.89255922464195,0.0,0.08498584394976394,0.08806820554014494,0.33916081101264894,0.01518651866474416,1.0,-0.00783287329272242,0,-0.015998870134353638,20,0.04606648155900299,61
2026-02-23,1893.8211669921875,69816209.0,21.010000228881836,-0.0013493849966029758,-0.005684936284309439,-0.0021533548382927092,75.0,59.360157428780894,62.186078865469746,0.0,0.07584265952220748,0.08192089691839977,0.30716727144414535,0.014971140404806595,1.0,0.03421050273804305,1,-0.015998870134353638,20,0.04606648155900299,61
2026-02-24,1958.6097412109375,40961679.0,19.549999237060547,0.04245480258696266,0.014473788559009604,-0.0024182185904723097,86.00002253422876,61.28172148777912,62.00520738993163,-0.00783287329272242,0.04683198733722049,0.08262107327696477,0.2751678497762482,0.015035644576403082,0.9642858288396597,0.02544529484109348,1,-0.015998870134353638,20,0.04606648155900299,61
2026-02-25,2008.4471435546875,40832607.0,17.93000030517578,0.005132911132305962,0.016212714109510307,-0.0018355200278042938,94.64287276385426,66.06448643335875,62.817063198617056,0.026109662912093157,0.04521272922796071,0.1039325487087821,0.31438128542373156,0.015648907320335245,1.0,-0.009925547001528368,0,-0.015998870134353638,20,0.04606648155900299,61
2026-02-26,1988.51220703125,58561388.0,18.6299991607666,-0.028163919201776633,-0.031906957819069603,-0.0034419943738348557,87.71931558497477,67.46854395941205,63.74735935077606,0.05221932582418631,0.05221932582418631,0.10714285233639775,0.33443703748341513,0.015908767814614224,1.0,0.0,0,-0.015998870134353638,20,0.04606648155900299,61
2026-02-27,1988.51220703125,58561388.0,19.860000610351562,-0.005918157441115679,-0.012063744625025907,-0.0007131871425752889,86.00002253422876,67.79971673384807,64.55783082739046,0.041775473449801925,0.041775473449801925,0.10526313646853813,0.3039215560713999,0.016088189944726085,0.9595960070789313,-0.010025051117588779,0,-0.015998870134353638,20,0.04606648155900299,61
2026-03-02,1968.5772705078125,48884884.0,21.440000534057617,-0.014603078429392458,0.004814517678193075,0.004102837192432096,73.1707506495322,65.69628489162073,64.78552164023652,0.041775473449801925,0.041775473449801925,0.1239436567242187,0.3125000302142895,0.015990699728312175,0.9569892954553356,-0.02025320301849398,0,-0.015998870134353638,20,0.04606648155900299,61
2026-03-03,1928.707275390625,43090471.0,23.56999969482422,-0.043293223370182154,-0.04577405776897203,0.005099596730266498,54.76190059630553,60.11910893874233,63.85223909993769,0.039473686754887494,0.03133162107541754,0.11898020928458997,0.27419357005167466,0.016054515022206416,0.9069768369151128,-0.036175701599433396,0,-0.015998870134353638,20,0.04606648155900299,61
2026-03-04,1858.9349365234375,68160943.0,21.149999618530273,0.012205115761102725,0.0192662475033758,0.0063104298674527826,41.071425447229146,49.49852400689679,60.98149608132951,-0.01526718936965199,0.010443852374384388,0.07499996427999656,0.2208201222445052,0.016327873701504993,0.7681158545697998,0.0187667840241863,1,-0.015998870134353638,20,0.04606648155900299,61
2026-03-05,1893.8211669921875,48120463.0,23.75,-0.010015682788651059,-0.011715263046032542,-0.0032772450369655814,47.61905502455593,43.39641432268013,57.46447972959964,-0.0744416936791441,-0.026109662912093157,0.04481794581276133,0.1167664626745819,0.015656095679128807,0.5588234658467515,-0.005263184016844447,0,-0.015998870134353638,20,0.04606648155900299,61
2026-03-06,1883.8536376953125,30082724.0,29.489999771118164,-0.042304814021427384,-0.03925197659474111,0.00872272824550624,46.15384615384615,37.32588258261512,53.436760300202735,-0.04761903884936747,-0.00783287329272242,0.076487287309708,0.1143694936725046,0.015597485404701173,0.6617648012298728,-0.04232805912757398,0,-0.015998870134353638,20,0.04606648155900299,61
2026-03-09,1804.11376953125,76459172.0,25.5,0.02894745991459824,0.039343963829421735,-0.0032470342924506568,37.03703479709982,25.78338666397667,47.90608557295752,-0.052631595102042406,-0.013054831456046578,0.06179771492892017,0.1283581890939789,0.015319711132566303,0.6268655897959893,0.02209949050360982,1,-0.015998870134353638,20,0.04606648155900299,61
2026-03-10,1843.9837646484375,41375691.0,24.93000030517578,-0.004617215793161655,0.00700607081941218,-9.416103239789919e-06,42.69663632565735,19.626805293605685,42.250229517087156,-0.08354434618364648,-0.047368462780154164,-0.002754834692037411,0.07418390681456599,0.016829189571741225,0.3880594941498394,0.048648625389458466,1,-0.015998870134353638,20,0.04606648155900299,61
2026-03-11,1933.6910400390625,36167313.0,24.229999542236328,0.02152178105040381,0.0062872157442566134,-0.0008836226453298179,52.33644838419327,21.735741512725554,38.14733191621484,-0.04392761505243359,-0.05852415320452298,-0.01595746066869408,0.10119046751214689,0.017096768911623837,0.4923078430382456,-0.02835053059514614,0,-0.015998870134353638,20,0.04606648155900299,61
2026-03-12,1878.869873046875,34040589.0,27.290000915527344,-0.05034406575900929,-0.034291175436125476,0.0011834075149077528,47.45762535954382,18.767142704821936,34.27129407393626,0.04021448090885471,-0.03722084683957205,0.013054831456046578,0.14792900909071993,0.01852074424311328,0.7692307692307693,-0.01061006768452244,0,-0.015998870134353638,20,0.04606648155900299,61
2026-03-13,1858.9349365234375,31214304.0,27.190000534057617,0.004751819867662377,0.0004540282211726865,0.0026499563387061276,47.05881989712641,14.637195509240428,30.344474360997097,-0.00789477602526667,-0.05513787322837993,-0.01566581053770877,0.10233911406515839,0.019106141440228815,0.5999999246347233,-0.010723848442334205,0,-0.015998870134353638,20,0.04606648155900299,61
2026-03-16,1839.0,31249086.0,23.510000228881836,0.005675379064193464,0.019564160857770574,0.008380462709563163,39.09091374673816,9.644424901040793,26.20446446900584,-0.013227514427479825,-0.0651629243459686,-0.026109662912093157,0.09064322145363035,0.01920986744524041,0.5384615384615384,0.016856987493202746,1,-0.015998870134353638,20,0.04606648155900299,61
2026-03-17,1870.0,23812211.0,22.3700008392334,0.019765715350204216,0.005206335686146701,-0.006781109201310698,36.92350724628992,8.095736533920899,22.582718881988853,0.019337045732883196,-0.06582280129364027,-0.036553515286477656,0.09171600012957026,0.019193235734388428,0.38181827088623604,0.018716577540107027,1,-0.015998870134353638,20,0.04606648155900299,61
2026-03-18,1905.0,23068156.0,25.09000015258789,-0.018527092486746777,-0.005321053907867412,-0.0018782115046350745,42.33043784750202,9.582140388354901,19.982603183262064,0.014108711719879263,-0.030438665389870945,-0.020312709943291596,0.07821906744394336,0.01884880900712908,0.49491332342302785,-0.02887139107611547,0,-0.015998870134353638,20,0.04606648155900299,61
2026-03-19,1850.0,31040569.0,24.059999465942383,-0.0022970190607916052,0.008745193845365984,0.004585233777771203,38.44651759884625,6.250039244240952,17.236090395457843,-0.014837447888512156,0.02478035275549395,-0.0019763168138879905,0.08591783805087894,0.018970393743033765,0.622601285964567,-0.00540540540540535,0,-0.015998870134353638,20,0.04606648155900299,61
2026-03-20,1840.0,46312322.0,26.780000686645508,-0.028188606717073794,-0.024504971982803325,-0.0071524381885594845,39.09445813080748,2.7704723735619154,14.34296679107866,-0.015365552165705898,-0.023139020598119786,-0.030790648874379434,0.04565401086679266,0.01953268580169421,0.4219487733992912,-0.016304347826086918,0,-0.015998870134353638,20,0.04606648155900299,61
2026-03-23,1810.0,34902948.0,26.149999618530273,0.027973582328501223,0.013365302284764402,0.006905285819817086,39.76015739315688,-2.3804187345035643,10.998289685962215,-0.010185905999942846,-0.02327868620885143,-0.03602961833992324,0.06092143534591221,0.019281181829743164,0.35001245882581805,0.0,0,-0.015998870134353638,20,0.04606648155900299,61
2026-03-24,1810.0,27001025.0,26.950000762939453,0.01418226509039866,0.01281080846792304,-0.0049873146018064585,45.201158114522904,-6.388889901968014,7.52085376837617,-0.015769439912996175,0.003262671439107301,-0.044260339071673926,0.03176445505096637,0.01940960560128761,0.23425136116793602,0.01933701657458564,1,-0.015998870134353638,20,0.04606648155900299,61
2026-03-25,1845.0,40964040.0,25.329999923706055,0.013109978150036339,0.012072086935002835,0.0020024107948439784,45.213383086137156,-6.6645993362838,4.683763147444176,-0.03208556149732622,-0.01842953571498318,-0.07587511594783425,0.025935248299174374,0.019395461320793377,0.23425136116793602,-0.0027100271002710175,0,-0.015998870134353638,20,0.04606648155900299,61
2026-03-26,1840.0,20958470.0,27.440000534057617,-0.062228654632458635,-0.04792819589124908,0.00031634010450520833,45.65812599240952,-7.20352155022033,2.3063062079112746,-0.03149606299212604,-0.045866189687299164,-0.08137985810540549,0.05471198390309251,0.01954551859814459,0.34407839948269275,-0.010869565217391353,0,-0.015998870134353638,20,0.04606648155900299,61
2026-03-27,1820.0,28974140.0,31.049999237060547,0.0019318785413249273,-0.016899866901495364,-0.00018472719949447214,51.78389412545872,-9.13910423578045,0.01722411917292962,-0.00540540540540535,-0.02068790053237779,-0.07468508692384213,0.037080459105814256,0.019449774369788436,0.32401314822616517,-0.02197802197802201,0,-0.015998870134353638,20,0.04606648155900299,61
2026-03-30,1780.0,39889700.0,30.610000610351562,-0.031339874335644446,-0.042283963631192356,0.0014719379020335932,42.81724218167387,-13.742320251694764,-2.7346847550006093,-0.010869565217391353,-0.020944754847769587,-0.08474285771814816,0.003262643838343182,0.019233387472529503,0.24375214320005487,-0.011235955056179803,0,-0.015998870134353638,20,0.04606648155900299,61
2026-03-31,1760.0,49221091.0,25.25,0.06777255041716024,0.06242642279346322,0.001938961860005195,26.883792594441047,-18.78766248351735,-5.945280300703958,-0.016574585635359074,-0.032082653616095747,-0.09579368477579098,-0.010632986834322233,0.01949643061223893,0.08323013314783427,0.05397727272727271,1,-0.015998870134353638,20,0.04606648155900299,61
2026-04-01,1855.0,35537379.0,24.540000915527344,0.010474856929950649,0.028216159006125396,-0.0031555578204207624,47.13012716309646,-14.948113947383717,-7.7458470300399105,-0.027624309392265234,-0.05882352941176472,-0.08747168507281977,-0.005215643715916207,0.019402417366399177,0.0029691281217239657,-0.02425876010781669,0,-0.015998870134353638,20,0.04606648155900299,61
2026-04-02,1810.0,25132417.0,23.8700008392334,-0.00717438800408654,0.003983445657964824,0.0020069684313648306,44.45100257769703,-15.35931536269345,-9.26854069657062,0.005420054200542035,-0.026246719160105014,-0.0021167693640727903,0.0544205296485345,0.02108334157850766,0.38420890199574786,0.0,0,-0.015998870134353638,20,0.04606648155900299,61
2026-04-03,1810.0,25132417.0,23.8700008392334,0.0,0.0,-0.001996690480016272,46.555819477434675,-15.506446780811302,-10.516121913418756,-0.016304347826086918,-0.021621621621621623,-0.044260339071673926,0.008836312370272603,0.021244285857978572,0.20362164068699973,0.0,0,-0.015998870134353638,20,0.04606648155900299,61
2026-04-06,1810.0,25132417.0,24.170000076293945,0.008022655592703432,0.01055988851809575,0.000779587026702,42.30769230769231,-15.445009039669458,-11.501899338668897,-0.005494505494505475,-0.016304347826086918,-0.03920349023805492,0.017313970900914688,0.021199326544418483,0.20362164068699973,0.027624309392265234,1,-0.015998870134353638,20,0.04606648155900299,61
2026-04-07,1860.0,17953562.0,25.780000686645508,0.010416659225387814,0.01108628548895263,-0.0015330159053532633,44.444444444444436,-11.23225856966178,-11.447971184867475,0.016853932584269593,0.0,0.003262671439107301,0.028841594967033757,0.02111715010167143,0.20125004974747934,0.048387096774193505,1,-0.015998870134353638,20,0.04606648155900299,61
2026-04-08,1950.0,46515921.0,21.040000915527344,0.059596855484087774,0.06335057881544848,-0.0006266985661774749,61.36363636363636,-0.624180468434588,-9.283213041580899,0.05681818181818188,0.027624309392265234,0.00868567048073543,0.04835307279174694,0.0214881038878189,0.4025000994949587,0.002564102564102555,1,-0.015998870134353638,20,0.04606648155900299,61
2026-04-09,1955.0,31835073.0,19.489999771118164,-0.0011205347607230465,0.020986021863915072,-0.005443006460909006,63.2183908045977,8.09296539968841,-5.807977353327037,0.05121293800539073,0.05691056910569103,0.008434108460578127,0.07788549990158655,0.022517650579242498,0.7647501890404215,0.023017902813299296,1,-0.015998870134353638,20,0.04606648155900299,61
2026-04-10,2000.0,28637625.0,19.229999542236328,0.013981274469004656,0.023050705663548277,0.0001702281183058041,71.11111111111111,18.42015415220999,-0.9623510522196322,0.08011049723756902,0.0625,0.04051910568434858,0.04328638964968512,0.02187643109988779,0.7848751940151694,-0.0050000000000000044,0,-0.015998870134353638,20,0.04606648155900299,61
2026-04-13,1990.0,28968757.0,19.1200008392334,-0.0027792735087250886,0.016838280575613762,0.001298647737427494,69.56521739130434,25.50361936683862,4.3308430315920186,0.1049723756906078,0.098901098901099,0.07588488478267075,0.04779389310877913,0.021972018642355696,0.9660002387879009,0.03266331658291466,1,-0.015998870134353638,20,0.04606648155900299,61
2026-04-14,2055.0,39113405.0,18.360000610351562,0.02792436377328955,0.020421504184965578,-0.0039601185393721705,71.42857142857143,35.94788847383438,10.654252120040493,0.09944751381215466,0.1179775280898876,0.08210984230560081,0.04255492364323521,0.021993024458777145,0.925750228838405,0.012165450121654597,1,-0.015998870134353638,20,0.04606648155900299,61
2026-04-15,2080.0,40343568.0,18.170000076293945,-0.012608935113376685,0.0016445928372867957,-0.003925227774549067,73.52941176470588,45.71535984286152,17.6664736646047,0.10483870967741926,0.16761363636363646,0.09893048128342241,0.07660822516927035,0.022519778816675474,1.0,,0,-0.015998870134353638,20,0.04606648155900299,61
