Date,Close,Volume,VIX_Close,ADR_Ret,SOX_Ret,FX_Ret,RSI_14,MACD,MACD_Signal,Ret_5D,Ret_10D,Ret_20D,Ret_42D,Vol_42D,Position_42D,Next_Day_Return,Target_Binary,PTT_Score,PTT_Volume,News_Score,News_Volume
2016-03-03,116.52049255371094,28822000.0,16.700000762939453,-0.0024372513437260768,0.0009016136731045954,0.035256439854321364,71.0526343721375,2.10646185324201,1.9715527809781108,0.0337835904381798,0.0337835904381798,0.04794521683254138,0.09677416090459179,0.013567878664715899,1.0,-0.00974027036961811,0,0.016939663887023927,20,0.016505164759499685,84
2016-03-04,115.38555145263672,32794000.0,16.860000610351562,0.0036648596331965155,0.010452065283889533,-0.04694661241898612,69.23071354330953,2.081870778072158,1.9936163803969205,0.02325561139670418,0.019867639885128963,0.05479463218665792,0.11594211582038394,0.013423991131713496,1.0,-0.003278802339224618,0,0.016939663887023927,20,0.016505164759499685,84
2016-03-07,115.0072250366211,23906000.0,17.350000381469727,0.002028486662309703,0.0031662069626721134,-0.0007234977477315052,62.856938719301745,2.008699358036722,1.9966329759248809,0.023490074819772166,0.009933853331423492,0.044520647284737924,0.12546104728988583,0.013166936895193196,0.9333332437027815,0.0,0,0.016939663887023927,20,0.016505164759499685,84
2016-03-08,115.0072250366211,35683000.0,18.670000076293945,-0.0020243802340056405,-0.022476532258961957,0.038623750201208784,61.76457155330057,1.9284801616210814,1.983002413064121,0.020134253168279992,0.006622479850658225,0.041095870543052415,0.14285693707277614,0.01276895625470918,0.9111102446824434,0.0065789774825602,1,0.016939663887023927,20,0.016505164759499685,84
2016-03-09,115.76385498046875,24004000.0,18.34000015258789,0.003651074503539631,0.008244400064439938,-0.03294432553502591,56.66662409241213,1.9040113261992957,1.9672041956911561,0.0,0.01672224583641846,0.041095870543052415,0.13432837280960874,0.012760544888067379,0.9111102446824434,0.009804065008501617,1,0.016939663887023927,20,0.016505164759499685,84
2016-03-10,116.89881134033203,28302000.0,18.049999237060547,0.0,0.005145580328779653,0.04074210851562876,60.606053198627684,1.9536802807018034,1.9644994126932858,0.0,0.0337835904381798,0.04794521683254138,0.15037576712756562,0.012661036238872062,0.9555548982648422,0.003236227579125339,1,0.016939663887023927,20,0.016505164759499685,84
2016-03-11,117.2771224975586,29566000.0,16.5,0.024656507092696955,0.01942527951161299,-0.0040954464636281385,61.764684948017255,2.000509208814975,1.9717013719176237,0.0032468004411043694,0.026577918167149495,0.05821933986371608,0.16165412593268913,0.012686822269912886,1.0,0.006451641443226963,1,0.016939663887023927,20,0.016505164759499685,84
2016-03-14,118.03375244140625,32751000.0,16.920000076293945,-0.005128136303331643,-0.004232847347294011,-0.041908497552258894,69.69682710406023,2.0747586584548543,1.99231282922507,0.01639348272906016,0.04026864168469446,0.06164397847614711,0.16104868319790944,0.012686971136249996,1.0,-0.009615394559599588,0,0.016939663887023927,20,0.016505164759499685,84
2016-03-15,116.89881134033203,28689000.0,16.84000015258789,-0.01348146238610648,-0.0014321664910051934,0.0035662109279768206,69.69678451148616,2.018750718816875,1.9976004071434312,0.0263159762686338,0.04698008196547687,0.07586212843500029,0.18631180339956654,0.012346188041997292,1.0,0.009708748002321688,1,0.016939663887023927,20,0.016505164759499685,84
2016-03-16,118.03375244140625,30962000.0,14.989999771118164,0.03617362509602007,0.008818952310328143,0.034938207758066664,67.74172563260032,2.0424007602823053,2.006560477771206,0.016447543213990334,0.016447543213990334,0.04745734486367437,0.12773732136863858,0.010995153168445609,0.9302325472326392,0.01602587305732306,1,0.016939663887023927,20,0.016505164759499685,84
2016-03-17,119.92534637451172,48193000.0,14.4399995803833,-0.00038791463373522017,0.007199155686034242,-0.0397751449810998,78.78789360274463,2.1885511548373415,2.042958613184433,0.019607998207389343,0.019607998207389343,0.05405401722631997,0.13868623883461995,0.01103414434200515,1.0,0.006308792847825151,1,0.01833360195159912,20,0.017063163575671968,84
2016-03-18,120.68193054199219,55975000.0,14.020000457763672,0.010477374123829986,0.013634682668976383,0.03471415573069203,79.99994238054768,2.338469988377909,2.102060888223128,0.0258902122226754,0.02922107301624477,0.04966926665711746,0.14855114186867402,0.011195050157865314,1.0,0.003134905236571228,1,0.01833360195159912,20,0.017063163575671968,84
2016-03-21,121.06025695800781,26100000.0,13.789999961853027,-0.004224264933079369,0.0013777056359254303,-0.03706654020230793,76.6666330553679,2.4594584183453776,2.173540394247578,0.02903215880407095,0.04590157972707276,0.0562914126191858,0.1858736243420278,0.01023871028840574,1.0,-0.00937475776125074,0,0.01833360195159912,20,0.017063163575671968,84
2016-03-22,119.92534637451172,25809000.0,14.170000076293945,-0.004628047187999695,-0.0009764396683716869,0.03334813043972362,67.74210126745325,2.4356877295413284,2.225969861306328,0.02564100906733402,0.05263175352208771,0.059602786099950844,0.1851850026045132,0.010239661142442668,1.0,0.006308792847825151,1,0.01833360195159912,20,0.017063163575671968,84
2016-03-23,120.68193054199219,27478000.0,14.9399995803833,-0.0050367407472692305,-0.013090427928487691,-0.0005531639441691549,67.7419543706942,2.449661137946393,2.2707081166343412,0.0258902122226754,0.04276358582101758,0.06020093485238198,0.14440452084362154,0.009846021216158417,0.9333351259419598,-0.006269241501876799,0,0.01833360195159912,20,0.017063163575671968,84
2016-03-24,119.92534637451172,24853000.0,14.739999771118164,0.0019471261684569363,-0.00048015982004678825,0.0029213789734618967,70.00029578280937,2.372338306237424,2.291034154554958,0.022435769818472284,0.04248368856024354,0.07770253053304566,0.14336917277738492,0.009838091590010324,0.9777770308575168,-0.003155000793632845,0,0.01833360195159912,20,0.017063163575671968,84
2016-03-25,119.54698181152344,10175000.0,14.739999771118164,0.0,0.0,0.0031276237522079864,70.00006050082584,2.254539617608984,2.283735247165763,0.0,0.0258902122226754,0.05315623833160932,0.15272775273215267,0.009561357769607114,0.926831211796724,0.006329143006224447,1,0.01833360195159912,20,0.017063163575671968,84
2016-03-28,120.3036117553711,15268000.0,15.239999771118164,-0.003886587956239085,-0.001396091895593532,0.0012838091608937674,71.87507089936953,2.1969123828069144,2.2663706742939933,-0.00940446283359575,0.019354664112023245,0.06040269183077229,0.13261639988692098,0.009449089714510778,0.8999984874839295,0.0,0,0.01833360195159912,20,0.017063163575671968,84
2016-03-29,120.3036117553711,18977000.0,13.819999694824219,0.013265512661050582,0.013424320711975524,-0.0014653459028017846,70.00006050082584,2.1267268013203164,2.238441899699258,-0.006250153614816623,0.01923059520700776,0.0671141321115547,0.13571400790541155,0.00946262169668386,0.9428557764498384,0.015723247107274796,1,0.01833360195159912,20,0.017063163575671968,84
2016-03-30,122.19517517089844,43616000.0,13.5600004196167,0.01886808871241419,0.009864365316416102,-0.0007949181220339163,71.87501772487589,2.1983958426897487,2.2304326882973564,0.0031541737613840493,0.02912604821212872,0.04605264336274084,0.11188773910338834,0.00901622776755569,0.9428557764498384,0.0030962704024122267,1,0.0194204181432724,20,0.017463190214974538,84
2016-03-31,122.57352447509766,49433000.0,13.949999809265137,-0.00982630364243997,-0.005728585180126755,-0.008291770020537714,71.87510634892024,2.2596755678276708,2.2362812642034195,0.012539115194048822,0.03525620971474219,0.055555511619017395,0.12152781424853965,0.00921909164556388,1.0,-0.021604813208450646,0,0.0194204181432724,20,0.017463190214974538,84
2016-04-01,119.92534637451172,31564000.0,13.100000381469727,-0.0030530960617705105,0.0069435389876040254,-0.004350205040574373,56.7568746058592,2.0706847852784165,2.203161968418419,0.02208188828003066,0.02208188828003066,0.05194821776604264,0.13684233095333598,0.008980163341096258,1.0,0.0,0,0.010818076133728028,20,0.010481421436582292,84
2016-04-04,119.92534637451172,31564000.0,14.119999885559082,-0.01033726457048223,-0.009096395138930014,0.0029128868112613393,61.76485591318253,1.899017536440354,2.142333082022806,0.0031649863280096557,-0.006269241501876799,0.039344570136569335,0.08561686315092731,0.009113293116359151,0.7941191124692752,0.0,0,0.010818076133728028,20,0.010481421436582292,84
2016-04-05,119.92534637451172,31564000.0,15.420000076293945,-0.013152521270571094,-0.006011337850037823,0.0,58.06466302664183,1.74287917867332,2.062442301352909,-0.003144256230881548,-0.00937475776125074,0.04276358582101758,0.08561686315092731,0.009113293116359151,0.7941191124692752,-0.03154606362868029,0,0.010818076133728028,20,0.010481421436582292,84
2016-04-06,116.14217376708984,58134000.0,14.09000015258789,0.0043120291156149015,0.010248320062667071,0.0,36.11093371695287,1.2988951384783434,1.9097328687779962,-0.003144256230881548,0.0,0.04276358582101758,0.08561686315092731,0.009113293116359151,0.7941191124692752,0.0065147529850744235,1,0.005902031064033508,20,0.006698185489291237,84
2016-04-07,116.89881134033203,35238000.0,16.15999984741211,-0.00975823616825544,-0.015850547251915148,0.0014520954078542925,36.11118424701237,0.9966007237867416,1.7271064397797453,-0.04953551885615004,-0.03761753523923539,0.003268021669500465,0.05136992450959976,0.010479564544871199,0.4999988137153486,0.019417496004643153,1,0.005902031064033508,20,0.006698185489291237,84
2016-04-08,119.16869354248047,41032000.0,15.359999656677246,-0.003547359996742383,0.005768099150806005,-0.027798318647281883,43.90245342071647,0.9294763212933503,1.5675804160824665,-0.04629640176430194,-0.025236825455798195,0.0,0.05821933986371608,0.010508827317767765,0.5588231107230642,0.006349426259016022,1,0.0067705601453781124,20,0.006992517482666742,84
2016-04-11,119.92534637451172,21758000.0,16.260000228881836,0.009098206960288513,-0.0010576663169600264,0.029481735158849887,50.0,0.9266534247862808,1.4393950178232293,-0.0063093654086128215,-0.0031643481358598624,0.016129071080860147,0.07876730966755607,0.010866661290420975,0.7352936291769082,0.0,0,0.0067705601453781124,20,0.006992517482666742,84
2016-04-12,119.92534637451172,14859000.0,14.850000381469727,0.002351927383073882,-0.0012824118444250132,-0.0018494932531949448,47.368588643061344,0.9138816007447161,1.3342923344075268,0.0,-0.003144256230881548,0.01602587305732306,0.08561686315092731,0.01088424042247102,0.7941191124692752,0.01892701472212832,1,0.0067705601453781124,20,0.006992517482666742,84
2016-04-13,122.19517517089844,39611000.0,13.84000015258789,0.023464962075779194,0.02300898020781883,-0.0002780322807258706,57.14265135979049,1.0745295445749719,1.2823397764410158,0.0,-0.003144256230881548,0.0258902122226754,0.08561686315092731,0.01088424042247102,0.7941191124692752,0.0,0,0.007478922605514526,20,0.0072137585708073205,84
2016-04-14,122.19517517089844,31338000.0,13.720000267028809,-0.03324411818152917,-0.008567459546115486,-0.0008958428859857648,58.53655897265381,1.1881479672958335,1.2635014146119794,0.052117169908901584,0.0,0.03525620971474219,0.11379294925925354,0.011096820100760836,0.9655139082058415,-0.012383832886935786,0,0.007478922605514526,20,0.0072137585708073205,84
2016-04-15,120.68193054199219,48779000.0,13.619999885559082,0.006324094299667626,-0.008523788147420275,0.0026281332929005696,51.16280487661892,1.1429104310271043,1.2393832178950044,0.04530725137270131,-0.0030867131039875595,0.01892701472212832,0.09491475808959504,0.010859452890300885,0.9642823445693909,-0.00940446283359575,0,0.007478922605514526,20,0.0072137585708073205,84
2016-04-18,119.54698181152344,20279000.0,13.350000381469727,0.0015711610214732552,0.0006979045644281978,-0.002682887434367398,47.82608314426945,1.0039060758956566,1.192287789495135,0.012698276321811752,0.006308792847825151,0.0,0.07770253053304566,0.011088320425634198,0.8214261277411613,-0.0031643481358598624,0,0.007478922605514526,20,0.0072137585708073205,84
2016-04-19,119.16869354248047,26577000.0,13.239999771118164,-0.013333529404145672,-0.012389513248357797,0.0015460493761483285,40.47628307901511,0.8533821627961373,1.1245066641553354,-0.003155000793632845,-0.003155000793632845,-0.012500181186706705,0.04635755928776231,0.010827914006041736,0.7142825246305685,-0.022222287666731178,0,0.007478922605514526,20,0.0072137585708073205,84
2016-04-20,116.52049255371094,40996000.0,13.279999732971191,-0.0015896978577177867,0.00982563243705803,-0.004013617491971377,33.33327731424315,0.5144726686676506,1.0024998650577985,-0.0063093654086128215,-0.0063093654086128215,-0.0063093654086128215,0.04304651969558715,0.010847009685996166,0.6785706311576422,0.019480409785540997,1,0.0043844044208526615,20,0.004952392407826015,84
2016-04-21,118.79035949707031,29723000.0,13.949999809265137,0.0015922290207810441,-0.006650348249526483,-0.0008368448218674107,46.808378261830335,0.4241543577105489,0.8868307635883487,-0.046439498198280416,0.0032573764925372117,-0.03448269322169362,0.019867639885128963,0.011426557804852184,0.42857009097410936,-0.003184503108202952,0,0.004972341656684876,20,0.005121950592313494,84
2016-04-22,118.41207122802734,28990000.0,13.220000267028809,-0.0035771656376137884,0.002021981541911133,-0.024540136866591955,45.83326681057989,0.31838163840214406,0.7731409385511078,-0.027863748867876792,0.016181072630681692,-0.00946411173078443,0.050167074747856866,0.011668281893026744,0.6428544162164537,0.006389739716621268,1,0.004972341656684876,20,0.005121950592313494,84
2016-04-25,119.16869354248047,14306000.0,14.079999923706055,-0.0023931073278771198,-0.005545374363173705,0.02798801528426753,47.99992739915541,0.2922403291180018,0.6769608166644866,-0.01880860957204389,-0.006349170171807028,-0.009493427322869397,0.057432444401446014,0.011554293615709097,0.5769239122341085,0.003174393020496824,1,0.004972341656684876,20,0.005121950592313494,84
2016-04-26,119.54698181152344,18119000.0,13.960000038146973,0.0,0.013677591964407876,0.0009282406811834676,60.97563974865041,0.2986057141994678,0.6012897961714828,-0.0031643481358598624,-0.0063093654086128215,-0.009433783377995386,0.046511490791615095,0.011322061476915623,0.6538462731763012,-0.009493427322869397,0,0.004972341656684876,20,0.005121950592313494,84
2016-04-27,118.41207122802734,28845000.0,13.770000457763672,0.009596186468110002,0.010142088059066134,6.17860192151376e-05,54.76196649774369,0.20965574754053762,0.5229629864452938,0.003174393020496824,-0.003155000793632845,-0.006289336893610553,0.06040269183077229,0.011188254089722084,0.6923051267095237,-0.02236441116259924,0,0.004972341656684876,20,0.005121950592313494,84
2016-04-28,115.76385498046875,48915000.0,15.220000267028809,-0.04316824761637994,-0.027258325834518593,-0.0004944934254422773,39.5347517464397,-0.07367735431988365,0.40363491829225834,0.01623387125182707,-0.030959519781203815,-0.030959519781203815,0.05033583594290181,0.01131363699897274,0.45000151250844483,-0.019607734588160897,0,0.0028843224048614503,20,0.0036711962450118292,84
2016-04-29,113.49398803710938,66445000.0,15.699999809265137,-0.023593031209896753,-0.026181133745821872,-0.002041000975202545,31.91464620784498,-0.47589435719281425,0.22772906319524383,-0.02547769473394179,-0.052631539514019554,-0.055555794155306204,0.0065789774825602,0.011481143073084168,0.1,0.0,0,0.0013998359441757201,20,0.0026893161592029388,84
2016-05-02,113.49398803710938,66445000.0,14.680000305175781,0.004239377055486271,0.0076393722233587535,-0.03135842682032941,31.91464620784498,-0.7855983411281073,0.02506358233057359,-0.04153363031246338,-0.059561050047850506,-0.053628015526576256,-0.019607734588160897,0.011833086391322804,0.0,-0.016666370885925152,0,0.0013998359441757201,20,0.0026893161592029388,84
2016-05-03,111.60245513916016,68550000.0,15.600000381469727,-0.015618566254319899,-0.01176438123285628,0.03243755675597715,19.565128755505924,-1.17018273816592,-0.21398568176872515,-0.047619096397563565,-0.05063276113450654,-0.053628015526576256,-0.025974010667749958,0.011782477840350112,0.0,-0.003390220520883447,0,0.00030097663402557374,20,0.001996768372399466,84
2016-05-04,111.2240982055664,52973000.0,16.049999237060547,0.004288140737230606,-0.012013274970874788,-0.0024167788062906537,19.14879922833434,-1.48834220361708,-0.4688569861383961,-0.06645526764438558,-0.06349182976167433,-0.06940060201585929,-0.03278656873282304,0.011961235227780087,0.0,0.0034017532144379192,1,0.00030097663402557374,20,0.001996768372399466,84
2016-05-05,111.60245513916016,38269000.0,15.90999984741211,0.0034158224663014547,0.0030083053568850104,0.004348347414711906,22.727337311410665,-1.6904689558791262,-0.7131793800865421,-0.06070304275498217,-0.045454616883833676,-0.04234530319181118,-0.032894688397620664,0.01196182817894851,0.0,0.0033896052606663396,1,0.00030097663402557374,20,0.001996768372399466,84
2016-05-06,111.98074340820312,36510000.0,14.720000267028809,-0.0038296393798520345,0.0010835295363633701,0.0010514719900036607,26.19045103893471,-1.7993889260083051,-0.9304212892708947,-0.035947315697206994,-0.06050915569531068,-0.04530718610775597,-0.02960483479517717,0.011978368307670852,0.03333709780638777,-0.003378154649893661,0,0.00030097663402557374,20,0.001996768372399466,84
2016-05-09,111.60245513916016,38478000.0,14.569999694824219,-0.001708428487655178,-0.0015059168198529038,0.0009886158917913335,26.19045103893471,-1.894396070209723,-1.1232162454586605,-0.01333325804369001,-0.054313109745706134,-0.06031743674117762,-0.032679557646934754,0.011941508182880475,0.06666814556679519,-0.003390220520883447,0,0.00030097663402557374,20,0.001996768372399466,84
2016-05-10,111.2240982055664,29785000.0,13.630000114440918,0.0008555167120105622,0.012190922854010688,0.00018518976358583572,30.55546997060671,-1.9774256272330035,-1.2940581218135292,-0.016666370885925152,-0.06349182976167433,-0.06940060201585929,-0.04530718610775597,0.011830855752905553,0.03333709780638777,0.0,0,0.00030097663402557374,20,0.001996768372399466,84
2016-05-11,111.2240982055664,40057000.0,14.6899995803833,-0.0072681711711272134,-0.003119679968503819,0.003641077112841229,16.666610647458796,-2.019942509490761,-1.4392349993489757,-0.003390220520883447,-0.0696201901531801,-0.07255553919162683,-0.051613001436986994,0.011816686667879005,0.0,-0.006802751886099689,0,0.00030097663402557374,20,0.001996768372399466,84
2016-05-12,110.46746826171875,23749000.0,14.40999984741211,-0.009905156861061193,-0.017935759376901395,-0.0002152115007149069,16.12893782425553,-2.0905921135097145,-1.5695064221811235,0.0,-0.06070304275498217,-0.08978322548323381,-0.05769243199499452,0.01175667542027759,0.0,-0.013698692578978156,0,0.00030097663402557374,20,0.001996768372399466,84
2016-05-13,108.95420837402344,60038000.0,15.039999961853027,-0.007394413170059622,0.0039475405572151345,0.00036892962664447637,9.090847979251365,-2.2428358442978578,-1.7041723066044705,-0.010169909577940395,-0.04575164432493706,-0.09597520436283735,-0.05501632569974957,0.011716364810297029,0.0,0.0034723433051515595,1,0.00030097663402557374,20,0.001996768372399466,84
2016-05-16,109.33253479003906,31133000.0,14.680000305175781,0.012708274160673216,0.015901852586500453,0.0026129815804909473,9.091125758851689,-2.3063758526771068,-1.824613015818998,-0.027027281138392367,-0.040000177468444864,-0.09717877494417448,-0.07692328575159069,0.011737649841594573,0.0,0.01730101126037087,1,0.00030097663402557374,20,0.001996768372399466,84
2016-05-17,111.2240982055664,30277000.0,15.569999694824219,-0.006923498405166817,-0.006901593775292758,0.0024220800508625295,22.857225170409038,-2.1789804773461015,-1.8954865081244188,-0.0203393406201563,-0.036666728511730806,-0.08544295193991902,-0.0883283801523711,0.011427436642811772,0.027778664744097147,0.0,0,0.000796055793762207,20,0.002128552822839646,84
2016-05-18,111.2240982055664,31057000.0,15.949999809265137,0.024836393946086277,0.01637208392317069,-0.0026608957532309185,28.57155204141678,-2.0543375994959376,-1.9272567263987226,0.0,-0.003390220520883447,-0.06666679897839134,-0.07836991249601244,0.011746955568368848,0.16666694676129384,0.0,0,0.000796055793762207,20,0.002128552822839646,84
2016-05-19,111.2240982055664,35132000.0,16.329999923706055,-0.011479676142735928,-0.007099384807711329,0.002667995009822288,36.3636863637322,-1.9332716684224778,-1.9284597148034737,0.0,0.0,-0.045454616883833676,-0.08125010634871921,0.011724292960431837,0.16666694676129384,0.010204299316144194,1,0.000796055793762207,20,0.002128552822839646,84
2016-05-20,112.35906219482422,36306000.0,15.199999809265137,0.028387497555370844,0.031547642714196744,0.0029056804278901893,44.000132293378314,-1.7258494193680463,-1.8879376557163883,0.006849346289489189,-0.003390220520883447,-0.06369423683485453,-0.07255553919162683,0.011668563904935682,0.16666694676129384,0.037036891173682474,1,0.000796055793762207,20,0.002128552822839646,84
2016-05-23,116.52049255371094,50127000.0,15.819999694824219,0.015056394618480073,0.006585681076358041,-0.0017078302621472696,70.96739568133782,-1.2117053560738213,-1.752691195787875,0.0312503194838738,0.003378427175126042,-0.05111817545651054,-0.06896532322435767,0.011749183661165135,0.2500018206150766,-0.01948060621608383,0,0.0012181520462036133,20,0.002232350054241362,84
2016-05-24,114.25060272216797,24470000.0,14.420000076293945,0.008240578731415926,0.024168721274953286,-0.0025661279041121476,61.11104264372736,-0.9761511579342255,-1.5973831882171452,0.06574399630883465,0.044067466154022794,-0.022222287666731178,-0.028391444542239186,0.013149168781352494,0.5555553688258041,0.023178946588176208,1,0.00037795007228851317,20,0.001727256036940075,84
2016-05-25,116.89881134033203,30719000.0,13.899999618530273,0.006129818475129278,0.005585957605831027,0.001255753883455002,66.66652261803586,-0.5692228091344447,-1.3917511124006052,0.027210870354803074,0.027210870354803074,-0.04430374576671192,-0.04430374576671192,0.013464036254676147,0.3888884220645103,0.003236227579125339,1,0.0007418125867843627,20,0.0018099149068196614,84
2016-05-26,117.2771224975586,17196000.0,13.430000305175781,0.006904654481317829,0.00306038910522366,-0.0017131188191020774,66.66657063438446,-0.21373876480731724,-1.1561486428819476,0.05102053625355096,0.05102053625355096,-0.012779608295012568,-0.028301730640992617,0.013930397940905106,0.5833334733806469,0.009677494692047706,1,0.0007418125867843627,20,0.0018099149068196614,84
2016-05-27,118.41207122802734,22992000.0,13.119999885559082,0.00040350653995147034,0.005971839527971756,-0.0020835600507722596,70.4543475371366,0.1577473653987056,-0.8933694412258171,0.054421877899202054,0.06164397847614711,0.013072020773195137,-0.0251570939031045,0.013942678457596776,0.6111110177462354,0.003194676565656085,1,0.0007418125867843627,20,0.0018099149068196614,84
2016-05-30,118.79035949707031,36339000.0,13.119999885559082,0.0,0.0,-0.0014432057933450038,72.72721022678054,0.4771769035134241,-0.6192601722779689,0.053872014548390856,0.08680585169814159,0.04333342475647162,-0.030959519781203815,0.013801472324375083,0.6944447712215095,-0.003184503108202952,0,0.0007418125867843627,20,0.0018099149068196614,84
2016-05-31,118.41207122802734,69656000.0,14.1899995803833,-0.003225448549734722,0.005246386085623556,0.003997572764000257,71.11115791813512,0.6918274557478696,-0.3570426466728012,0.019480409785540997,0.0865051260834111,0.04666653759870676,-0.030864454573107603,0.013802133130416625,0.7428574721121047,0.015974220429783692,1,0.0007418125867843627,20,0.0018099149068196614,84
2016-06-01,120.3036117553711,26926000.0,14.199999809265137,0.021440066094003285,0.005619413117846195,-0.0009189155464620624,77.08335521580882,1.0030090136028775,-0.08503231461766549,0.0364240398449287,0.06462604002575056,0.06101672297778826,-0.012618476345764407,0.013407146302258602,0.7142879367567069,0.0,0,0.0010585010051727295,20,0.0018764109838576544,84
2016-06-02,120.3036117553711,21977000.0,13.630000114440918,-0.00277239910430338,0.00019908523199818617,-0.00036778734804510105,84.09097471666652,1.2353819262972223,0.1790505335653121,0.02912604821212872,0.08163261106440944,0.08163261106440944,0.0031541737613840493,0.013637978630303428,0.8571431040840786,0.0094340370493331,1,0.0010585010051727295,20,0.0018764109838576544,84
2016-06-03,121.43856048583984,31853000.0,13.470000267028809,0.013900040228653321,0.003084859805169593,-0.00018401982594273836,84.78266873888902,1.4938992702826255,0.4420202809087748,0.02580630555525021,0.08163261106440944,0.07796563799032219,0.0031541737613840493,0.013637978630303428,0.8571431040840786,0.0031151217284202115,1,0.0010585010051727295,20,0.0018764109838576544,84
2016-06-06,121.81685638427734,28757000.0,13.649999618530273,-0.002350182321271266,-0.002692691956697524,-0.011011629549171453,83.33338134982027,1.709594306382641,0.6955350860035482,0.025558958866485515,0.08080788601877331,0.08445931675198981,0.045602613994218055,0.012750950776860271,0.942858048308288,0.006211522060899144,1,0.0010585010051727295,20,0.0018764109838576544,84
2016-06-07,122.57352447509766,47046000.0,14.050000190734863,0.023164355863380948,0.009734226896563225,0.004559109232755265,84.09099659179869,1.91946457488676,0.9403209837801906,0.02547763050823737,0.045454354976443456,0.09152487937994347,0.04207095852863052,0.012726776032710233,0.9714281598598691,0.02160456423479773,1,0.0010585010051727295,20,0.0018764109838576544,84
2016-06-08,125.22167205810547,45214000.0,14.079999923706055,0.010360877305946925,-0.0005066291714121984,-0.0018523482471236585,86.2745532236622,2.273266848001583,1.206910156624469,0.03514382616495704,0.07284794613442158,0.10204107250710215,0.0285715218603404,0.012421660695896425,1.0,0.0,0,0.0013364940881729127,20,0.0019303049360002791,84
2016-06-09,125.22167205810547,45214000.0,14.640000343322754,-0.003798116032586285,0.0010278664388974068,-0.003402431305954967,85.4166911751113,2.5245561862197263,1.4704393625435206,0.04088040442821361,0.07119713727064991,0.1258501896474673,0.04416352208859986,0.012806575839618419,1.0,0.0,0,0.0013364940881729127,20,0.0019303049360002791,84
2016-06-10,125.22167205810547,45214000.0,17.030000686645508,-0.01410603979888958,-0.016710748281658416,0.0,81.08111201650419,2.6926654262912706,1.7148845752930706,0.04088040442821361,0.06774168219136056,0.1335615274664499,0.04416352208859986,0.012806575839618419,1.0,-0.021147677869842063,0,0.0013364940881729127,20,0.0019303049360002791,84
2016-06-13,122.57352447509766,48750000.0,20.969999313354492,-0.008893861559792104,-0.00517852373394001,0.0,78.94769522742035,2.5824410587422477,1.8883958719829061,0.031152473786995705,0.0575076574495923,0.14930551033181083,0.024767728210007167,0.012493482649951912,1.0,0.0,0,0.000676843523979187,20,0.001551758675348191,84
2016-06-14,122.57352447509766,27509000.0,20.5,-0.0023410127193312924,7.188144459058243e-05,0.006083151399195907,74.1938694655982,2.4666534082837046,2.0040473792430658,0.006211522060899144,0.03184740743309766,0.12110749751193861,0.0030962704024122267,0.012938883341156294,0.8372120181464388,0.006172741530429793,1,0.000676843523979187,20,0.001551758675348191,84
2016-06-15,123.33013916015625,29270000.0,20.139999389648438,0.010559228078122151,-0.0008770836660938475,-3.0832017284709856e-05,75.00029935534614,2.4081833047862773,2.084874564351708,0.0,0.03514382616495704,0.10204107250710215,0.01567421008770875,0.012786379252620321,0.8372120181464388,-0.015337521608242088,0,0.000676843523979187,20,0.001551758675348191,84
2016-06-16,121.43856048583984,24408000.0,19.3700008392334,0.0007738356665971668,-0.00011506786456705331,0.0004627298850776729,61.764761708175264,2.1840345453509684,2.1047065605515605,-0.015105475488871534,0.025157410992276752,0.10884368720360627,0.0316457788503377,0.012719310794125667,0.8837229371041957,0.015576425368917013,1,0.0001476675271987915,20,0.0012616529351189023,84
2016-06-17,123.33013916015625,30633000.0,19.40999984741211,-0.00038671468446016544,-0.008189645933209366,-0.0015109400529094152,65.78964965668328,2.134425302771888,2.110650308995626,-0.030211316540400324,0.0094340370493331,0.09183677319095795,0.019047510515420862,0.012948959411094347,0.7674430602253344,0.0,0,0.00039347410202026365,20,0.001305563109261649,84
2016-06-20,123.33013916015625,24911000.0,18.3700008392334,0.020116174568308054,0.011594987480570307,-0.03437203458567695,67.5676397503002,2.071233727500271,2.102766992696555,-0.015105475488871534,0.015576425368917013,0.09764300939348192,0.058441622217708655,0.01263882378913087,0.8837229371041957,0.015337150438895275,1,0.00039347410202026365,20,0.001305563109261649,84
2016-06-21,125.22167205810547,27970000.0,18.479999542236328,0.008342804804076787,0.0033281793586685815,0.031469849794158566,67.56762207292599,2.1490123686195943,2.112016067881163,0.006172741530429793,0.012422605711521317,0.058441622217708655,0.03821673477802623,0.012313549462445133,0.8837229371041957,0.0030216190709164703,1,0.0006123721599578857,20,0.0013417559010641916,84
2016-06-22,125.60004425048828,30359000.0,21.170000076293945,-0.0018802088776455061,-0.0016443013639096948,-6.197759628168154e-05,68.42123977591393,2.2156434176795727,2.132741537840845,0.02160456423479773,0.02160456423479773,0.09602635850085361,0.0575076574495923,0.012491614027823622,1.0,-0.012048729217272403,0,0.0006123721599578857,20,0.0013417559010641916,84
2016-06-23,124.08672332763672,22494000.0,17.25,0.010173301885088692,0.026380211829797773,-0.0010232851486797756,58.9742330146287,2.1218769760298244,2.130568625478641,0.018405112536071577,0.0030216190709164703,0.07443388696933817,0.05396845863477728,0.012469645073083452,1.0,-0.030487641794495257,0,0.0006123721599578857,20,0.0013417559010641916,84
2016-06-24,120.3036117553711,86547000.0,25.760000228881836,-0.0421485426938879,-0.057585722131838546,-0.001241608986000009,45.83336484400537,1.7224456273653175,2.0489440258559766,0.02180660600061768,-0.009063516816339212,0.05806418749931286,0.03797453894127245,0.01263481604786508,0.9090871173978585,0.01633985871140675,1,0.00017992258071899414,20,0.0011150666645595006,84
2016-06-27,122.26935577392578,42874000.0,23.850000381469727,0.006020183386695965,-0.04009478251549781,0.008484403154614961,49.214770848121546,1.5466833171867762,1.9484918841221366,-0.02454004694549894,-0.039274833356739536,0.015974220429783692,0.015974220429783692,0.013447818774024848,0.6818163693055698,0.009646271151994679,1,0.0003759503364562988,20,0.0011448093823024205,84
2016-06-28,123.44879913330078,1327000.0,18.75,0.01445756495517947,0.026884860067359684,0.0018489231797576,45.04768732662835,1.4854384325561512,1.8558811938089397,-0.008601169133953035,-0.002481520397446646,0.02928685704449996,0.05619630405841791,0.01316843245952231,0.7999086076973952,0.012738833427344609,1,0.0003759503364562988,20,0.0011448093823024205,84
2016-06-29,125.02139282226562,31514000.0,16.639999389648438,0.02137766298110999,0.020458122594348538,-0.003045186974738434,49.48572606248866,1.5459755444859837,1.7939000639443485,-0.014157876154073712,0.0071408133359252,0.04253559500343651,0.08771223276546114,0.012799356688125579,0.8707637673978815,0.022012529105736478,1,0.0003759503364562988,20,0.0011448093823024205,84
2016-06-30,127.77342987060547,42398000.0,15.630000114440918,0.016666807370414816,0.018104991214466404,-0.002406563101397974,55.740976342228535,1.7953226697175353,1.794184585098986,-0.004607095735321809,0.013713222685276527,0.03921562285667535,0.10156841771554559,0.012899321345252752,0.9652374664440373,0.021538772399661177,1,0.0005524963140487671,20,0.0011694814477648055,84
2016-07-01,130.5255126953125,36212000.0,14.770000457763672,0.011437198022448358,-0.00962883066937481,-0.0017628802220696072,67.80720274915029,2.1897599570440462,1.873299659487998,0.029710725242010128,0.052165221321972766,0.062091387001944165,0.14489801959357695,0.012886564090406158,1.0,0.0,0,0.0007122516632080078,20,0.0011899726731436594,84
2016-07-04,130.5255126953125,25724000.0,14.770000457763672,0.0,0.0,-0.03290371305383788,67.80720274915029,2.4738374903392355,1.9934072256582456,0.08496753165421933,0.05834237749308269,0.07482756855086592,0.1735362641832605,0.01314210204558336,1.0,-0.012048463196681847,0,0.0007122516632080078,20,0.0011899726731436594,84
2016-07-05,128.952880859375,16346000.0,15.579999923706055,-0.010177062886515098,-0.018247908529507306,0.031460191629444134,62.14728432250965,2.542761365805262,2.103278053687649,0.06752433485175335,0.05834237749308269,0.0714897475564733,0.16955771745842574,0.013155732042070096,1.0,-0.015243952945052097,0,0.0007122516632080078,20,0.0011899726731436594,84
2016-07-06,126.98712921142578,34803000.0,14.960000038146973,-0.004188915170502905,0.0015464127109516834,0.0019257136384553952,61.94874831430546,2.4109721183618404,2.164816866622487,0.044585947896754075,0.029796829414146186,0.05204514116401526,0.15156300033929382,0.013381792047639406,0.9270961174848642,0.01857573365114895,1,0.00035318434238433837,20,0.001009932586124965,84
2016-07-07,129.34600830078125,23769000.0,14.760000228881836,0.006118689337916816,0.012278256523095665,0.0039059908533827237,62.69947618075146,2.4684156596198505,2.22553662522196,0.01572320020426199,0.011043666180333478,0.014098655003593086,0.13785246976047305,0.013652054881864037,0.8359680327538362,0.0,0,0.0004985332489013672,20,0.0010269866103217716,84
2016-07-08,129.34600830078125,0.0,13.199999809265137,0.01596327878206316,0.028233257741359097,-0.002902604946879439,62.69947618075146,2.48529119012548,2.277487538202664,0.012307554330883264,0.04238394593801953,0.03293628151492811,0.16293150843733173,0.01381437850401153,0.9453206733833346,0.033434943764288905,1,0.0004985332489013672,20,0.0010269866103217716,84
2016-07-11,133.67068481445312,50643000.0,13.539999961853027,0.017583477349857102,0.011168666478442946,-0.026881387609381635,66.174293974189,2.8151787927219374,2.385025789106519,-0.009036581202975902,0.07516313445183376,0.03293628151492811,0.16293150843733173,0.01381437850401153,0.9453206733833346,0.00588214343850324,1,0.0006311148405075073,20,0.0010412420545305525,84
2016-07-12,134.4569549560547,41961000.0,13.550000190734863,-0.008455951553259955,0.013344562860354126,0.02498249078042014,66.69443096655141,3.1042783354797194,2.5288762983811592,0.02409622497697006,0.09324764139273167,0.09053472507115501,0.21004569868263356,0.014449376729600623,1.0,-0.014619649103454924,0,0.0006311148405075073,20,0.0010412420545305525,84
2016-07-13,132.49124145507812,50653000.0,13.039999961853027,-0.002966372035147713,0.0007517666260818956,-0.00018631100886046248,65.57607454139111,3.138595380747887,2.650820114854505,0.042682831589330394,0.08917183399141226,0.09694940674869224,0.23406848585861084,0.014155774806762092,1.0,0.002967310864308015,1,0.0006311148405075073,20,0.0010412420545305525,84
2016-07-14,132.88438415527344,34790000.0,12.819999694824219,0.008181370536669563,0.007414043502129042,-0.0006521508123334963,76.66664618272603,3.161076296791279,2.75287135124186,0.04334385915983918,0.059748563539296695,0.07428113158151306,0.21181898608234762,0.014478649749257895,0.9153907966597672,0.002958646807776688,1,0.0006311148405075073,20,0.0010412420545305525,84
2016-07-15,133.2775421142578,41546000.0,12.670000076293945,-0.003688618740785965,-0.0008146111542228773,-0.0038533420801882823,74.99999133668385,3.174028916666842,2.8371028643268565,0.027355895253172724,0.04000013375115441,0.09425197090316484,0.19474454096875737,0.014342356617060114,0.9323126373278138,0.0,0,0.0006311148405075073,20,0.0010412420545305525,84
2016-07-18,133.2775421142578,24749000.0,12.4399995803833,0.023324802300605185,0.015062687466504743,-0.022991000665453787,73.58490358784375,3.1480057109663164,2.8992834336547486,0.030395478493114192,0.021084226080531954,0.08065670745075448,0.19827936809100333,0.01432775077616897,0.9492351347721331,0.005899609100808112,1,0.0006311148405075073,20,0.0010412420545305525,84
2016-07-19,134.06382751464844,42456000.0,11.970000267028809,-0.013386507810600357,-0.003757383958706728,0.021488563825381668,72.54900543211079,3.1544660722182414,2.9503199613674473,-0.002941128795300396,0.021084226080531954,0.08065670745075448,0.19827936809100333,0.01432775077616897,0.9466278140390794,-0.0029325039235684747,0,0.0006311148405075073,20,0.0010412420545305525,84
2016-07-20,133.67068481445312,38053000.0,11.770000457763672,0.010268043263985671,0.016343655823720216,-0.00037512619967949856,66.66669541604155,3.092217466662504,2.9786994624264587,-0.0029238163361258174,0.03963421849293147,0.07061202195447458,0.19317325096741533,0.014300705825028109,0.9805443636310089,0.011764515181201585,1,0.0006311148405075073,20,0.0010412420545305525,84
2016-07-21,135.24325561523438,33130000.0,12.739999771118164,-0.002541202889899341,-0.007314387437593495,0.0018762155769191935,64.28560867536237,3.133655489532572,3.0096906678476816,0.008902047761209175,0.05263175602544434,0.06425666974980748,0.1471860604505828,0.013369574110215448,0.96108797211389,-0.005813973167110853,0,0.0006311148405075073,20,0.0010412420545305525,84
2016-07-22,134.4569549560547,28504000.0,12.020000457763672,0.009461506428812605,0.005512674240162774,0.0003120574671506837,61.36352008863203,3.0676851643875978,3.021289567155665,0.017751306708880366,0.0455928048489882,0.08990915376288977,0.18374216321743053,0.012929591757898309,1.0,0.002923929820690896,1,0.0006311148405075073,20,0.0010412420545305525,84
2016-07-25,134.85009765625,27145000.0,12.869999885559082,0.004326005690409751,0.005482451272261102,0.00021840778936210725,68.29271178755312,3.0124014479575294,3.0195119433160382,0.008849299162388302,0.03951375633787202,0.11764686857002604,0.15019950514813152,0.012657544320399679,0.9562342851391825,0.008746555601018224,1,0.0006311148405075073,20,0.0010463782521181327,86
2016-07-26,136.02957153320312,32685000.0,13.050000190734863,0.016869688273315697,0.03815441344997539,0.0024956119735111137,79.48733514289482,3.0288477178851565,3.021379098229862,0.01179910371279247,0.008823272233803525,0.10289366295170321,0.1498414591392898,0.012657743921051779,0.9766410996433974,0.011560731248613232,1,0.0006311148405075073,20,0.0010463782521181327,86
2016-07-27,137.6021728515625,34117000.0,12.829999923706055,-0.008118165231123742,1.2917160282066575e-05,-0.0012446996992826476,78.37856832662344,3.1326658668099867,3.043636451945887,0.014662747252534691,0.011696059736459263,0.10191085282504497,0.14878128659070233,0.012647308396609542,1.0,0.008571622471583273,1,0.0006311148405075073,20,0.0010463782521181327,86
2016-07-28,138.78164672851562,31071000.0,12.720000267028809,0.0014234140062370226,-0.005690801990130612,-0.0010593013863976486,80.00021346456876,3.2723940606611848,3.0893879736889467,0.029411744561394615,0.038575617077429625,0.10062901832474469,0.15836144813549557,0.012709949933442814,1.0,-0.022663287885887895,0,0.0006311148405075073,20,0.0010463782521181327,86
2016-07-29,135.6363983154297,29795000.0,11.869999885559082,-0.012793197465805983,-0.00485385212528322,-0.003805000831040739,56.75664335517627,3.0936724694931854,3.0902448728497944,0.026163161313921046,0.04437889832375874,0.08615419394359258,0.1720227953893516,0.012686658774840579,1.0,0.02608721477743381,1,0.0003317147493362427,20,0.0008720616961634437,86
2016-08-01,139.17477416992188,34188000.0,12.4399995803833,0.030237658778941467,0.0016171394493829094,-0.034438507936358165,63.63639571202884,3.2006565050390634,3.1123271992876482,0.008771902946637988,0.017698827302424558,0.03915621945916126,0.1274507584297364,0.01317848863734089,0.8297844755864379,-0.005649625839741823,0,0.0004517793655395508,20,0.0009013081705847452,86
2016-08-02,138.38848876953125,15250000.0,13.369999885559082,-0.01607289180919702,-0.016002237897393634,0.025258624752204195,68.29261597064715,3.1852775664180513,3.126917272713729,0.03207025125555352,0.0442477551890057,0.06626491094349851,0.15686280851587364,0.013642883013041661,1.0,-0.019886700682777314,0,0.0004517793655395508,20,0.0009013081705847452,86
2016-08-03,135.6363983154297,21627000.0,12.859999656677246,0.0,0.0010586437600752507,0.0017710232249548152,57.4466714671705,2.9173891017420033,3.085011638519384,0.017341209045507844,0.03225822606332995,0.07317097413624984,0.1395761627598331,0.013683121519160613,0.9583340239929071,0.011594467675853926,1,0.00019795596599578858,20,0.000758263953896456,86
2016-08-04,137.2090301513672,13612000.0,12.420000076293945,0.00852271399197746,0.009305616108704617,0.00195732647725122,59.9999068526922,2.799710489814288,3.027951408778365,-0.014285926562027318,0.014705643976502092,0.0681113838679146,0.11344523526003591,0.014139596017771795,0.81249825650571,0.014326637367716222,1,0.00019795596599578858,20,0.000758263953896456,86
2016-08-05,139.17477416992188,25759000.0,11.390000343322754,0.013732425822263306,0.01337142878154074,-0.0015754345906782152,63.63624816439667,2.8324181031480578,2.988844747652304,-0.011331588968855444,0.01453510215493048,0.06079060307992856,0.11940185075809673,0.01419685939356054,0.8958334428281438,0.005649625839741823,1,0.00019795596599578858,20,0.000758263953896456,86
2016-08-08,139.9610595703125,16200000.0,11.5,0.01042037231838977,-0.0017317930222190414,-0.004354976315241732,63.63624816439667,2.8884890788321798,2.9687736138882794,0.02608721477743381,0.03508795224024763,0.07598816537333586,0.11142721449480297,0.014004696621479388,1.0,0.0028090524621018353,1,0.00019795596599578858,20,0.000758263953896456,86
2016-08-09,140.35421752929688,16413000.0,11.65999984741211,0.010656589297367125,0.008207791977927315,-0.0014263099011769809,65.45441073734573,2.930865104044045,2.9611919119194328,0.005649625839741823,0.03790106201547583,0.04705874563739232,0.11770636240480514,0.014006106560891357,1.0,0.005602476296044934,1,0.00019795596599578858,20,0.000758263953896456,86
2016-08-10,141.1405487060547,19279000.0,12.050000190734863,-0.006122581232377411,-0.007653023637544054,-0.0019678898257765587,64.1509157627182,2.9933927948312657,2.9676320885017997,0.014204423917362874,0.03179195484739261,0.04385985518688584,0.12084605821402539,0.013999365757856805,1.0,-0.01671314161072035,0,0.00019795596599578858,20,0.000758263953896456,86
2016-08-11,138.78164672851562,28180000.0,11.680000305175781,-0.0027377100597779647,0.004451233675117683,-0.007537493657943095,59.64913236350513,2.8200944712303055,2.938124565047501,0.040580186874505486,0.02571453474291574,0.06528210586591232,0.15147662850087307,0.013481477750161364,1.0,0.005665519613985204,1,-1.9496679306030275e-05,20,0.0006396299184754838,86
2016-08-12,139.5679168701172,22947000.0,11.550000190734863,0.003431737460420692,0.004611878809684722,0.0035890989333065004,60.34479182071307,2.7149040070982835,2.8934804534576575,0.011461465585854924,0.0,0.04437889832375874,0.1322318365473032,0.013828077192604675,0.8867922870275002,0.008450676816166736,1,-1.9496679306030275e-05,20,0.0006396299184754838,86
2016-08-15,140.7473602294922,12020000.0,11.8100004196167,0.005130001372747994,0.013592500026806231,0.0022031526612136254,60.34473874921624,2.695637398545017,2.8539118424751297,0.0028248129198709115,0.02898571919865156,0.047197559739409645,0.13166106695845525,0.01382550882623785,0.9245267267612524,-0.01955286518815713,0,-1.9496679306030275e-05,20,0.0006396299184754838,86
2016-08-16,137.99534606933594,34260000.0,12.640000343322754,-0.010547973575460778,-0.007375660482562552,-0.0011151065212341438,50.81971698179234,2.430289069682601,2.7691872879166244,0.005617995902529316,0.011299361317089751,0.05604708787944612,0.1590005651121318,0.013538454790710124,0.9811302170998986,0.008546868674783603,1,-0.00020755231380462647,20,0.0005402662033258482,86
2016-08-17,139.17477416992188,21487000.0,12.1899995803833,-0.0034388184160660806,0.0,-0.003540446018570842,50.819623108256174,2.288784910424795,2.6731068124182586,-0.01680655915785756,-0.00284086273136519,0.02932572213976159,0.11891016266620347,0.013862342026037405,0.8490563827033336,-0.005649625839741823,0,-0.00020755231380462647,20,0.0005402662033258482,86
2016-08-18,138.38848876953125,27253000.0,11.430000305175781,0.0062113976330187,0.007073562529900768,0.004961450994094285,56.36373130778963,2.0891131877793896,2.556308087490485,-0.013927780174829985,0.02608721477743381,0.041176488046791304,0.12847334088539242,0.013883366542956709,0.9056591407467727,-0.008522808715169194,0,-0.00020755231380462647,20,0.0005402662033258482,86
2016-08-19,137.2090301513672,23470000.0,11.34000015258789,-0.01783279383610603,0.008732439820512639,0.0005096428757587201,44.89796888254877,1.814779803770307,2.4080024307464494,-0.002832924729258113,0.008596071387305226,0.023256118317981356,0.10514806658480103,0.013805071452765707,0.8679239687178133,-0.011461576794199235,0,-0.00020755231380462647,20,0.0005402662033258482,86
2016-08-22,135.6363983154297,21337000.0,12.270000457763672,-0.008379958300781976,0.00028853595645794705,0.006048599985366332,43.13716238686616,1.4537128772066978,2.217144520038499,-0.016901353632333693,-0.014124283874566657,0.020468076167662552,0.09242819913125766,0.01390849057793749,0.8113197460839598,0.014492972097071677,1,-0.00020755231380462647,20,0.0005402662033258482,86
2016-08-23,137.6021728515625,20888000.0,12.380000114440918,0.0035212407146143487,0.005042104682158932,0.005980668554621094,55.10210224243946,1.3110730786252134,2.035930231755842,-0.03631302147144322,-0.03089903197474886,0.005830923913633823,0.09307744356579861,0.013894105595852014,0.7358464728452122,-0.008571289799749304,0,-0.00020755231380462647,20,0.0005402662033258482,86
2016-08-24,136.42274475097656,12092000.0,13.449999809265137,-0.0038599331614541654,-0.00869822007008636,0.00047181244615313034,47.91670035739121,1.0902918144063563,1.846802548285945,-0.002849177374256384,-0.019607851664022347,0.011560731248613232,0.14379087081248065,0.013017779521608121,0.8124985597244374,0.01729111946724826,1,-0.00020755231380462647,20,0.0005402662033258482,86
2016-08-25,138.78164672851562,23892000.0,13.630000114440918,0.007397118682363812,0.0039403073518109455,-0.0017606664242352243,48.97964841355209,1.0930645792305427,1.6960549544748647,-0.01977390971430848,-0.0334262832214407,-0.008571289799749304,0.11575581540823832,0.012975965806985916,0.7333331033385326,0.0028327048329039872,1,-9.763538837432861e-05,20,0.0005658566951751709,86
2016-08-26,139.17477416992188,15076000.0,13.649999618530273,0.001398696909585384,0.0049281526017492805,-0.002866129236897108,47.91670035739121,1.114140990538516,1.579672161687595,0.002840972991902113,0.0,0.0,0.12420410488285372,0.013128598823301016,0.8536584673201532,-0.005649625839741823,0,-9.763538837432861e-05,20,0.0005658566951751709,86
2016-08-29,138.38848876953125,16975000.0,12.9399995803833,0.0020950731474618234,0.0027701155920829557,0.0027164610830154867,44.8979963627838,1.0552334632923532,1.4747844220085469,0.014326637367716222,-0.0028168558291313817,0.02608721477743381,0.11320767612769389,0.013035730129011013,0.8611095688304296,-0.011364002228144932,0,-9.763538837432861e-05,20,0.0005658566951751709,86
2016-08-30,136.8158416748047,19471000.0,13.119999885559082,-0.002787396062685299,-0.0019287571269834825,-0.0018585608347463367,39.21551616546274,0.8716020601635819,1.3541479496395539,0.02029020593499853,-0.016759614220222208,-0.005649625839741823,0.08307720086778225,0.012728223238563981,0.8055551213211889,0.014368256114547284,1,-9.763538837432861e-05,20,0.0005658566951751709,86
2016-08-31,138.78164672851562,38524000.0,13.420000076293945,0.004192822850704658,-0.000735630119666375,0.0009152094887070472,50.0,0.8746148732770678,1.2582413343670567,-0.005714525871666765,-0.00854742154810506,-0.011364002228144932,0.04819233305120818,0.012505715380862295,0.6944408358071216,-0.014164733594467571,0,-9.763538837432861e-05,20,0.0005658566951751709,86
2016-09-01,136.8158416748047,22692000.0,13.479999542236328,0.007654566452075295,0.008584125680579868,-3.1513500828750374e-05,43.3961932547145,0.710191860767651,1.1486314396471755,0.01729111946724826,-0.0028247032822649176,0.023188822853962066,0.06325302894979257,0.012667637928540825,0.8333334231749264,0.0,0,-9.763538837432861e-05,20,0.0005658566951751709,86
2016-09-02,136.8158416748047,16999000.0,11.979999542236328,0.00621568782214954,-0.001744239163345096,0.00012611811800744555,39.99999999999999,0.5732770576817359,1.0335605632540876,-0.014164733594467571,-0.011364002228144932,-0.00286561661523832,0.06097545679498517,0.012727073868025749,0.6944408358071216,0.01724166197598742,1,-9.763538837432861e-05,20,0.0005658566951751709,86
2016-09-05,139.17477416992188,22381000.0,11.979999542236328,0.0,0.0,-0.0015764280143676368,53.061142050139445,0.6476515043595725,0.9563787514751847,-0.016949425707255772,-0.00286561661523832,-0.016949425707255772,0.07739928073351998,0.012452644972730166,0.633329754051596,0.005649625839741823,1,3.4689903259277345e-06,20,0.0005883623001187347,86
2016-09-06,139.9610595703125,26024000.0,12.020000457763672,0.012011163249755263,-0.0022926285310211902,-0.005904963105800687,52.08327605974995,0.7612650600003121,0.9173560131802102,0.00568172546273038,0.02608721477743381,-0.005617886880854961,0.07598816537333586,0.012410577060858859,0.8333318239976609,0.039325971317705655,1,3.4689903259277345e-06,20,0.0005883623001187347,86
2016-09-07,145.4651641845703,49761000.0,11.9399995803833,0.011190081311133193,-0.007328236936800736,-0.011467235815621035,64.99982858336767,1.2806770165827288,0.9900202138607139,0.022988696754748794,0.017142801380721107,-0.002801183789880146,0.08206709591568528,0.012420978802510724,0.8636319532285067,-0.010810635038268845,0,9.663403034210205e-05,20,0.0006081371806388677,86
2016-09-08,143.89259338378906,30204000.0,12.510000228881836,-0.001006205065009591,-0.0020395456180126725,0.003245495804292897,63.93436677644136,1.547581852970069,1.101532541682585,0.048158510967440504,0.06628234500119179,0.030640489343159993,0.08823534783628117,0.012812234499547551,1.0,-0.013661507855923793,0,9.663403034210205e-05,20,0.0006081371806388677,86
2016-09-09,141.9268035888672,29793000.0,17.5,-0.04028167088041712,-0.0366112215089367,0.0021779854792007836,62.90315311085654,1.582243928003777,1.1976748189468234,0.05172465134414028,0.036827251843116304,0.036827251843116304,0.07017590448049549,0.012950063106472625,0.8787898746146763,-0.027700599323859043,0,9.663403034210205e-05,20,0.0006081371806388677,86
2016-09-12,137.99534606933594,43036000.0,15.15999984741211,0.013990768371689555,0.020276711986219054,0.01083450115691198,50.74631015708225,1.2777490116943113,1.213689657496321,0.03735650675753366,0.01977390971430859,0.016901353632333693,0.07121649725795831,0.012921429653106541,0.7187487113308284,0.0,0,-6.742775440216064e-05,20,0.0005241417607595754,86
2016-09-13,137.99534606933594,36834000.0,17.850000381469727,-0.017247469063952026,-0.009209811372991594,0.0011698702360081192,53.12498862945862,1.024623376275855,1.1758764012522278,-0.008474438759612735,-0.00284086273136519,-0.01955286518815713,0.038461719535761274,0.013692751029019826,0.3870979857974179,-0.00854742154810506,0,-6.742775440216064e-05,20,0.0005241417607595754,86
2016-09-14,136.8158416748047,52877000.0,18.139999389648438,0.0045632109224027495,0.008999253807811858,0.0033475127066218135,45.901552772307774,0.7205374324238392,1.0848086074865502,-0.014044717202137513,0.00862110980784525,0.0,0.0353983415377932,0.013689987845951716,0.3870979857974179,0.0,0,-6.742775440216064e-05,20,0.0005241417607595754,86
2016-09-15,136.8158416748047,52877000.0,16.299999237060547,0.019566729651700143,0.023031247770719965,-0.0029272107347989573,44.99997089151527,0.4740822065292605,0.9626633272950923,-0.05945975146868232,-0.014164733594467571,-0.016949425707255772,0.026548355442461036,0.013767308324309465,0.26666347548330255,0.0,0,-6.742775440216064e-05,20,0.0005241417607595754,86
2016-09-16,136.8158416748047,52877000.0,15.369999885559082,-0.009253070877405678,-0.0002744324842800516,3.161051986055874e-05,46.55165145331506,0.2755878591015346,0.8252482336563808,-0.049180792023876596,0.0,-0.011364002228144932,0.020527641282325426,0.013743209386100243,0.26666347548330255,0.05172465134414028,1,-6.742775440216064e-05,20,0.0005241417607595754,86
2016-09-19,143.89259338378906,57055000.0,15.529999732971191,0.035281790441310745,0.0018838622526622384,0.00012625745683636502,62.50000000000001,0.6814589442084866,0.7964903757668019,-0.03601125217240786,0.0,-0.00286561661523832,0.023529144514500944,0.013732395556423384,0.2142843281575307,0.0027320894853684052,1,0.002346128225326538,20,0.00045952755351399266,86
2016-09-20,144.2857208251953,23641000.0,15.920000076293945,-0.001002347287184735,-0.004918701241550805,-0.00890071932380776,60.29401944338696,1.023043790325147,0.841801058678471,0.04273511739656821,0.03389852250169345,0.06087005531626666,0.06395393048775722,0.015756639515862838,0.8571456293992243,0.002724857017976756,1,0.002346128225326538,20,0.00045952755351399266,86
2016-09-21,144.6788787841797,25008000.0,13.300000190734863,0.02006697985625161,0.014441114832801194,-0.0021018434666914,65.62502274111034,1.3103716546338262,0.9355151778695421,0.045583963046831766,0.03089903197474886,0.04857152932346964,0.0730997208166213,0.01571372261205731,0.8888896874806841,0.0054346937645510796,1,0.002346128225326538,20,0.00045952755351399266,86
2016-09-22,145.4651641845703,20980000.0,12.020000457763672,0.005245867212941402,0.0035280148836480674,-0.005999672278112711,66.66666666666666,1.5832766896118642,1.0650674802180067,0.05747168612290188,-0.005405317519134423,0.060518750361413076,0.0728867186509905,0.015713405529721267,0.9200016145608549,0.010810844831302902,1,0.002346128225326538,20,0.00045952755351399266,86
2016-09-23,147.0377655029297,23213000.0,12.289999961853027,-0.0176123606908547,-0.010964810270406078,0.007223822072727648,65.62496020298448,1.9044978143257367,1.2329535470395527,0.06321872090166325,0.010928782113106328,0.048158510967440504,0.06936427531909173,0.01568596032399975,1.0,-0.018716583921968954,0,0.002346128225326538,20,0.00045952755351399266,86
2016-09-26,144.2857208251953,24225000.0,14.5,-0.009296146100073455,-0.009880823701111208,-0.0014025444974553603,57.97102182953177,1.914926780315625,1.3693481936947673,0.07471301351506732,0.03601125217240786,0.05649724513587273,0.0685715381947185,0.015674905363692572,1.0,0.0,0,0.002202156186103821,20,0.0003880851490553035,86
2016-09-27,144.2857208251953,0.0,13.100000381469727,0.018766590233181946,0.017824879425994977,0.003128239366415375,47.272747801149386,1.9012750952043973,1.4757335739966935,0.0027320894853684052,0.045583963046831766,0.04261360253369895,0.03965995667602029,0.015946289764762523,0.7586215203426124,0.0,0,0.002202156186103821,20,0.0003880851490553035,86
2016-09-28,144.2857208251953,0.0,12.390000343322754,-0.0023025722436470497,0.0020101916452957003,-0.0011137226102380104,50.980332469841194,1.8689123778642056,1.554369334770196,0.0,0.045583963046831766,0.05459805720558042,0.0637684472397384,0.015501557527012254,0.7586215203426124,0.01907357610992233,1,0.002202156186103821,20,0.0003880851490553035,86
2016-09-29,147.0377655029297,54272000.0,14.020000457763672,0.0023078863186258847,0.0125174397972041,-0.0007645556775839335,62.264164760261636,2.0417951533529504,1.651854498486747,-0.002717452348872995,0.05459805720558042,0.03965995667602029,0.03672322578395826,0.015010882439173217,0.7586215203426124,-0.016042726919044514,0,0.0021976768970489503,20,0.0003968733687733495,86
2016-09-30,144.6788787841797,42592000.0,13.289999961853027,0.006250052653280491,0.015754109582231557,0.0003506768056267262,67.34684502008693,1.9658030009911158,1.7146441989876209,0.010810844831302902,0.07471301351506732,0.07471301351506732,0.062499972434865825,0.015228231636795339,1.0,0.01086959846229707,1,0.0020702242851257323,20,0.00033552840698597045,86
2016-10-03,146.25148010253906,17742000.0,13.569999694824219,0.004249633911940887,-0.007312093741120629,-0.002262765385604104,69.81122956353886,2.0093123542976628,1.7735778300496294,-0.016042726919044514,0.05747168612290188,0.05747168612290188,0.06666706415870194,0.01510728325536787,0.7931049250535331,0.0053762560203791665,1,0.0020702242851257323,20,0.00033552840698597045,86
2016-10-04,147.0377655029297,16859000.0,13.630000114440918,-0.010741967074121783,-0.0025919099738609397,0.00015974281285280334,75.00007463778283,2.083226354163884,1.8355075348724805,0.01362407358192641,0.016393385255475845,0.05084761929613091,0.06590273206651465,0.015096053078820355,0.9310358672376874,-0.0053475064565977615,0,0.0020702242851257323,20,0.00033552840698597045,86
2016-10-05,146.25148010253906,19148000.0,12.989999771118164,0.004606816642601652,0.007699367745325203,0.005461149893893458,72.22234201133588,2.0546720901627964,1.8793404459305438,0.01907357610992233,0.01907357610992233,0.05056196312276451,0.05649724513587273,0.01497515068844379,1.0,0.008064279698024146,1,0.0020702242851257323,20,0.00033552840698597045,86
2016-10-06,147.43089294433594,15524000.0,12.84000015258789,0.007861106522615069,0.005865293068819222,-0.002477499459444199,73.68428220080239,2.102969664548425,1.9240662896541203,0.01362407358192641,0.01086959846229707,0.005405527312168257,0.04494407624190955,0.014995479258314952,0.9310358672376874,0.0026669341052620865,1,0.0020702242851257323,20,0.00033552840698597045,86
2016-10-07,147.82408142089844,15380000.0,13.479999542236328,0.013324465602539082,-0.0018840401868406298,-0.0006050312582275286,62.50002425738443,2.1482096407353595,1.9688949598703682,0.0026736494536732103,0.013513398694352974,0.024589865797397525,0.05042011233871113,0.015031491990560902,1.0,0.0,0,0.0020702242851257323,20,0.00033552840698597045,86
2016-10-10,147.82408142089844,15380000.0,13.380000114440918,0.0032072879383220343,-0.0049103322391506055,0.002198440223191378,61.53853809026223,2.1591730449760007,2.006950576891495,0.021739196924593918,0.00534771400584888,0.04155154405586736,0.04735373906447782,0.015017726352227248,1.0,-0.002659840485955578,0,0.0020702242851257323,20,0.00033552840698597045,86
2016-10-11,147.43089294433594,30294000.0,15.359999656677246,-0.01758303730102706,-0.02113070578263254,0.0005086869406922823,58.97425690549455,2.1117911835586654,2.027918698224929,0.010752720705847318,0.024523290145876064,0.07122512194450414,0.06515583944663517,0.014750240746374689,1.0,0.010666804939872376,1,0.0020702242851257323,20,0.00033552840698597045,86
2016-10-12,149.00350952148438,22604000.0,15.90999984741211,0.020175579068841376,-0.0032993615305360047,0.003940092126797579,60.97559128537418,2.1760535412115303,2.0575456668222496,0.0026736494536732103,0.021798221619941494,0.06837583399558333,0.056337991212809246,0.014750338325758535,0.9677388661027729,-0.005276958931475728,0,0.0020702242851257323,20,0.00033552840698597045,86
2016-10-13,148.21722412109375,37642000.0,16.690000534057617,-0.026156137768439613,-0.011776731291036846,0.0004114729724256083,53.8461844667827,2.1388795895840644,2.0738124513746126,0.018817104736415846,0.032697543937870055,0.08908082351785218,0.058659354452760715,0.014780069362693372,1.0,-0.0026524764751639784,0,0.0020702242851257323,20,0.00033552840698597045,86
2016-10-14,147.82408142089844,33248000.0,16.1200008392334,0.004257906636512487,0.007894934252963726,0.0041761569954068545,63.63641709594712,2.054018191688442,2.0698535994373786,0.005333557716798776,0.008021467234147872,0.08333378873909081,0.07407407816943201,0.014445321553927207,0.9411776121055629,-0.007978695676902459,0,0.0020702242851257323,20,0.00033653267594270926,86
2016-10-17,146.64463806152344,37340000.0,16.209999084472656,-0.0029353674264069873,-0.005423855704896896,-0.001197230847055697,58.33340520680153,1.8700370770145298,2.029890294952809,0.0,0.021739196924593918,0.08046027134971001,0.062147090250826764,0.01442115310614128,0.9117664181583445,0.0026808170186305436,1,0.0020702242851257323,20,0.00033653267594270926,86
2016-10-18,147.0377655029297,38150000.0,15.279999732971191,0.009486582369502727,0.012099366750776497,0.002208052979794539,59.45946796458691,1.7359419588264586,1.971100627727539,-0.007978695676902459,0.002688232342734187,0.019125686826660715,0.059659219964037336,0.014453902225588016,0.8235316947993612,0.013368973690745634,1,0.0020702242851257323,20,0.00033653267594270926,86
2016-10-19,149.00350952148438,33272000.0,14.40999984741211,0.0038884832487693366,-0.004676335523309372,-0.0034621271944385024,57.14285714285714,1.7679103553578273,1.9304625732535967,-0.0026665201136283345,0.0,0.01907357610992233,0.07163329804692564,0.01436789540732439,0.8529417472292521,0.005276958931475617,1,0.0020702242851257323,20,0.00033653267594270926,86
2016-10-20,149.789794921875,13226000.0,13.75,0.0025821779962926783,0.007139923396147774,-0.006000901083957344,70.96767731652993,1.835533315003488,1.911476721603575,0.0,0.018817104736415846,0.029891237571420648,0.09855106278307946,0.014321875484368873,1.0,-0.010498517616646996,0,0.0020702242851257323,20,0.00033653267594270926,86
2016-10-21,148.21722412109375,21936000.0,13.34000015258789,0.0006439974727125986,-0.002681385890888177,0.001556932708022929,58.06454036120066,1.7421492643501324,1.8776112301528867,0.010609905900656136,0.016000052162945755,0.029729665941307326,0.08857143617535623,0.0142012171406612,1.0,0.013262279426994983,1,0.0020702242851257323,20,0.00033653267594270926,86
2016-10-24,150.18292236328125,13459000.0,13.020000457763672,0.01061777191670843,0.01873466684051106,0.007011220203312574,61.7646420910962,1.8059394062138665,1.8632768653650829,0.0026595308180938915,0.0026595308180938915,0.008021467234147872,0.08645537363763345,0.01423966618416606,0.8787901597274249,0.010471340898164039,1,0.0020702242851257323,20,0.00033653267594270926,86
2016-10-25,151.7555389404297,18878000.0,13.460000038146973,0.0044571400616124635,-0.0013497332419585284,-0.0021737837212586486,69.44440850755537,1.9607878265780698,1.8827790576076804,0.02412828964311231,0.015957081685943342,0.04087169197588514,0.08215261818494479,0.014147931316822135,1.0,-0.0077720960065058575,0,0.0020702242851257323,20,0.00033653267594270926,86
2016-10-26,150.57608032226562,21043000.0,14.239999771118164,-0.010776635097121123,-0.0017498066020673608,-0.004041305150846886,61.11109314272469,1.9656747866499984,1.899358203416144,0.03208545383808903,0.029333377216446577,0.05177101429381348,0.09039543872474809,0.014208154640084911,1.0,-0.01566554393050612,0,0.0020702242851257323,20,0.00033653267594270926,86
2016-10-27,148.21722412109375,26231000.0,15.359999656677246,-0.014097857666762637,-0.0042068380745112766,0.0004121251624602529,51.2194983419745,1.758931884200905,1.8712729395730963,0.010553917862951456,0.010553917862951456,0.043596548993861894,0.08806795753822616,0.01424034706695312,0.9210520402660435,0.005304952950327957,1,0.001957610249519348,20,0.00028344503668851633,86
2016-10-28,149.00350952148438,24348000.0,16.190000534057617,0.0,-0.005899902164734905,0.003580675593535254,53.48833430964874,1.639632640612973,1.8249448797810717,-0.010498517616646996,0.0,0.008021467234147872,0.08333378873909081,0.014354622488921899,0.7631602062327391,-0.005276958931475728,0,0.001957610249519348,20,0.00028344503668851633,86
2016-10-31,148.21722412109375,25330000.0,17.059999465942383,0.010724664737546297,0.005666293743613382,-0.0019260180460681786,52.27284154369573,1.4647556783335745,1.7529070394915722,0.005304952950327957,0.007978592454281896,0.029891237571420648,0.07365428378987837,0.014231863060974053,0.8157908175771739,0.005304952950327957,1,0.001957610249519348,20,0.00028344503668851633,86
2016-11-01,149.00350952148438,14290000.0,18.559999465942383,-0.012540374120173614,-0.009034391714777157,-0.0018664983903691201,50.0,1.373775062580762,1.6770806441094104,-0.013088693516248306,0.010723788338654172,0.01344084871603668,0.08333378873909081,0.014053789404477138,0.7631602062327391,-0.018469561071301488,0,0.001957610249519348,20,0.00028344503668851633,86
2016-11-02,146.25148010253906,16488000.0,19.31999969482422,-0.010419835378572495,-0.006751800865402613,0.00015844698020073267,44.680803624883666,1.0673032867607901,1.5551251726396864,-0.01813462255256193,0.013368973690745634,0.013368973690745634,0.08908082351785218,0.014059187976734016,0.8157908175771739,-0.008064801360746832,0,0.0018568038940429688,20,0.00023733114087304405,86
2016-11-03,145.07199096679688,25038000.0,22.079999923706055,-0.0036196416477584092,-0.003170617344580351,-0.00041198150531851496,42.8569731254807,0.7209367702413658,1.3882874921600223,-0.028720366544745857,-0.018469561071301488,0.0,0.05084761929613091,0.014202065981842309,0.6315816351543477,0.0,0,0.0018568038940429688,20,0.00023733114087304405,86
2016-11-04,145.07199096679688,14860000.0,22.510000228881836,-0.0013209358812142913,-0.006336627620281532,-0.002599588719438106,45.65200333108055,0.44135118869203893,1.1989002314664257,-0.02122042949426184,-0.031496164058030574,-0.016000052162945866,0.036516809833929464,0.01425667875505434,0.5526316327030869,0.024390692844907358,1,0.0018568038940429688,20,0.00023733114087304405,86
2016-11-07,148.6103973388672,21332000.0,18.709999084472656,0.036706176457365514,0.028634403764645544,-0.00028609319702632696,53.70379421129423,0.499539048342001,1.0590279948415409,-0.026385409090788015,-0.02122042949426184,-0.018617335062381057,-0.0027028685526011564,0.012901992530459715,0.5526316327030869,-0.002645664265851555,0,0.0018514573574066162,20,0.0002460223297740138,86
2016-11-08,148.21722412109375,15437000.0,18.739999771118164,-0.00031875290122396205,0.0021916252791540636,0.001875874853380033,48.00003104939182,0.5080708292899203,0.9488365617312168,0.002652682372813908,-0.010470731290008084,0.005319268081429129,0.032786982596768155,0.013318173524679417,0.7894775546222608,-0.03448301776773177,0,0.0018514573574066162,20,0.0002460223297740138,86
2016-11-09,143.1062469482422,55541000.0,14.380000114440918,-0.023931274054901808,-0.004941482041978751,-0.0012059314905253915,36.065567512230444,0.10125201334597023,0.7793196520541675,-0.005276958931475728,-0.023315885825589966,0.005333557716798776,0.04432158248591733,0.013132513172463056,0.7631602062327391,0.019230672857633246,1,0.0017609238624572755,20,0.00020583632380463356,86
2016-11-10,145.8582763671875,38234000.0,14.739999771118164,-0.037594143217013265,-0.021248436029290385,-0.0010167314347881984,45.31240334992935,0.0009005640368684453,0.6236358344507078,-0.02150565007678351,-0.049608366468541165,-0.039578011230613885,0.03703676264805522,0.013531159233964283,0.42105306162469563,-0.021563101790904593,0,0.001755496859550476,20,0.00021431751029435977,86
2016-11-11,142.71311950683594,67603000.0,14.170000076293945,0.016644082521790615,0.038643280950170444,0.007792399712232445,35.820984575565944,-0.3286283331312063,0.433183000934325,0.005419966977433965,-0.01591547654393377,-0.01591547654393377,0.056979677371879145,0.013820335531859186,0.6052622440475218,-0.005509766170664343,0,0.001673606038093567,20,0.00017897957979246627,86
2016-11-14,141.9268035888672,47989000.0,14.479999542236328,-0.03608410248733107,-0.006163075348427638,0.00984656817510099,30.76925832778028,-0.6457872479227262,0.21738895116291476,-0.016260006113108516,-0.042216388290783446,-0.03457462319356541,0.04310376459217635,0.014190104185852648,0.3947387773111304,-0.002769715895010516,0,0.001673606038093567,20,0.00017897957979246627,86
2016-11-15,141.53370666503906,33505000.0,13.369999885559082,0.012131734463280086,0.019012603354600977,-0.0019375701255238686,31.746139311899,-0.9182723375043906,-0.009743306570546314,-0.04497393096096647,-0.04244055014204884,-0.03217188528009407,0.03735650675753366,0.014225972121529637,0.34210612324939127,0.0,0,0.001673606038093567,20,0.00017897957979246627,86
2016-11-16,141.53370666503906,34833000.0,13.720000267028809,0.02260268279651778,0.011381015569111197,-0.0027555501299536544,35.087779026862435,-1.1212931645270032,-0.2320532781618377,-0.04509271777073787,-0.05013172428242885,-0.03743296029468668,0.03448332395197462,0.014237001833460649,0.0,0.008333088064937932,1,0.001673606038093567,20,0.00017897957979246627,86
2016-11-17,142.71311950683594,22434000.0,13.350000381469727,-0.013060980875728045,0.010833233274726295,-0.0006279973006776407,36.20689309051489,-1.1734925810592074,-0.4203411387413117,-0.01098862080962737,-0.03225795345245264,-0.05013172428242885,-0.016393385255475956,0.01175454527237047,0.0,-0.002754883085332227,0,0.001673606038093567,20,0.00017897957979246627,86
2016-11-18,142.31996154785156,22474000.0,12.850000381469727,0.0,0.006679407789171199,0.0005341271470706843,36.84206584227079,-1.2323794530639987,-0.5827488016058491,-0.021563101790904593,-0.016260006113108516,-0.04724404235101598,-0.010899216563949543,0.011821663661111185,0.11538174468351899,0.0,0,0.001673606038093567,20,0.00017897957979246627,86
2016-11-21,142.31996154785156,15600000.0,12.420000076293945,0.006107957937250941,0.007311237118954317,0.005275590471007119,34.54545582848364,-1.2644716809530507,-0.7190933774752895,-0.002754883085332227,-0.01897009478263234,-0.03978797071805984,-0.01630450316004295,0.011818920288486688,0.07691917276958582,0.016574746161205134,1,0.001673606038093567,20,0.00017897957979246627,86
2016-11-22,144.6788787841797,27599000.0,12.40999984741211,0.008769044951647764,0.010534589666497673,-0.0006559806368339194,46.29629895826895,-1.0870294967037353,-0.7926806013209786,0.0027701459417297514,-0.042328369371571806,-0.05235589167994592,-0.02162168966260558,0.01178404603165071,0.07691917276958582,0.00815182971363182,1,0.00166778564453125,20,0.00018723413001659305,86
2016-11-23,145.8582763671875,22128000.0,12.430000305175781,-0.0006689183209037664,0.001170790417864831,-0.0019692336896713902,51.85182257002642,-0.8415370437704155,-0.802451889810866,0.022222071287825162,-0.023872700071775887,-0.0466319727481439,-0.016042726919044514,0.011950797402527347,0.30769161872404455,-0.01347666400808123,0,0.00166778564453125,20,0.00018723413001659305,86
2016-11-24,143.89259338378906,14980000.0,12.430000305175781,0.0,0.0,-0.002067085814616898,47.45772635027349,-0.7964161058883974,-0.8012447330263723,0.030555051542479505,0.019230672857633246,-0.03133169587746609,0.010898899302013154,0.011657266498794608,0.4230718706429934,-0.00546481522818576,0,0.00166778564453125,20,0.00018723413001659305,86
2016-11-25,143.1062469482422,10116000.0,12.34000015258789,-0.00769462685383937,0.001866585497844797,0.0017888838146780106,36.53824910658041,-0.8147174672963899,-0.803939279880376,0.00826464925599657,-0.01347666400808123,-0.029177653022103955,-0.0027246455100191636,0.01185029995077106,0.23076946042531848,0.010989260563211367,1,0.00166778564453125,20,0.00018723413001659305,86
2016-11-28,144.6788787841797,19096000.0,13.149999618530273,0.0,-0.004175192010331563,-0.0028822356229264434,41.818144610127916,-0.6943194989538597,-0.7820153236950728,0.005524772434162495,0.0027546692467010914,-0.039578011230613885,-0.00817457105393038,0.011880306334481698,0.15384133106831188,-0.01086980939549187,0,0.00166778564453125,20,0.00018723413001659305,86
2016-11-29,143.1062469482422,24408000.0,12.899999618530273,-0.0037088101085834824,-0.0022541561003099897,-0.0020107822610579973,50.0,-0.7175302457237365,-0.7691183081008055,0.016574746161205134,0.019390806568748697,-0.023872700071775887,-0.016042726919044514,0.01162437848756937,0.30769161872404455,0.005494843532800386,1,0.00166778564453125,20,0.00018723413001659305,86
2016-11-30,143.89259338378906,39671000.0,13.329999923706055,0.0047380155624310305,-0.006529262125811952,0.001542620150834395,43.902626041172645,-0.6648098302921426,-0.7482566125390729,-0.01086980939549187,0.011110712213061591,-0.039578011230613885,-0.01086980939549187,0.011480224572497956,0.15384133106831188,0.0,0,0.00166778564453125,20,0.00018723413001659305,86
2016-12-01,143.89259338378906,13908000.0,14.069999694824219,-0.03839699860879797,-0.048529221119010035,0.0018231718189400947,54.54555077270482,-0.6159284811045325,-0.7217909862521649,-0.01347666400808123,0.016666607371010667,-0.016128976726226263,-0.016128976726226263,0.011383420050215594,0.23076946042531848,-0.027322697583123112,0,0.00166778564453125,20,0.00018723413001659305,86
2016-12-02,139.9610595703125,53836000.0,14.119999885559082,0.010858234637733277,0.013037959901726959,0.0003451312938209661,43.90245980395405,-0.8842386287578847,-0.7542805147533089,0.0,0.00826464925599657,-0.008129740104537153,-0.021390233375642276,0.011347934832843756,0.23076946042531848,0.005617995902529316,1,0.0015935003757476807,20,0.00015611634698025015,86
2016-12-05,140.7473602294922,29191000.0,12.140000343322754,0.005543968588131332,0.012303872272723337,0.0006273275761501385,47.61891560720563,-1.0216514995060493,-0.807754711703857,-0.021977987998435977,-0.016574638946525666,-0.03523031125735454,-0.04301098715593343,0.012063236854586611,0.0,0.016759722632835095,1,0.0015935003757476807,20,0.00015611634698025015,86
2016-12-06,143.1062469482422,27309000.0,11.789999961853027,0.01688496513863913,0.013832397247091288,0.0021942102027068255,54.16649821386121,-0.9294951044425943,-0.8321027902516045,-0.027174101622339908,-0.011049759297683814,-0.05291041037623634,-0.04533332588148398,0.012024372066631121,0.06666683916306472,-0.002747101889608139,0,0.0015874862670898437,20,0.0001640299031900805,86
2016-12-07,142.71311950683594,14110000.0,12.220000267028809,0.014232256883996097,0.021206910582794558,-0.0010634429062523765,50.0,-0.8780608574316204,-0.8412944036876078,0.0,-0.01086980939549187,-0.03448301776773177,-0.03191519559809197,0.012323060715484158,0.2666660629292735,0.022038316247448453,1,0.0015874862670898437,20,0.0001640299031900805,86
2016-12-08,145.8582763671875,27257000.0,12.640000343322754,0.0036753533566078467,0.008160279025704487,-0.0014089822994843848,58.49047760973249,-0.5768612749598674,-0.7884077779420597,-0.008196904713554276,-0.021563101790904593,-0.002747101889608139,-0.03457462319356541,0.012326558118872273,0.23333458393221926,0.0026957931023516846,1,0.0015812069177627563,20,0.0001717189023661059,86
2016-12-09,146.25148010253906,24867000.0,11.75,0.002663217802931772,-0.0035614629875307946,-0.004577804222050452,59.2592752310722,-0.302938098693744,-0.6913138420923967,0.013660765555566723,0.013660765555566723,0.0,-0.010666804939872376,0.012813369403864822,0.49999805941552183,-0.005376464685468152,0,0.0015812069177627563,20,0.0001717189023661059,86
2016-12-12,145.4651641845703,18796000.0,12.640000343322754,-0.007304336161891523,-0.007899057395244324,0.00217344141822573,51.999956531121384,-0.14759969366571113,-0.5825710124070596,0.04494407624190955,0.02197830787522803,0.02479352009072744,-0.018469561071301488,0.012707464521793268,0.5333360070275033,0.005405527312168257,1,0.0015812069177627563,20,0.0001717189023661059,86
2016-12-13,146.25148010253906,23591000.0,12.720000267028809,0.015384825979013694,0.01139516812722241,0.001131484099603064,51.02054071351119,0.038512288842809994,-0.45835435215708564,0.03351966209089552,0.0054346937645510796,0.024930883428848416,-0.01856774712144793,0.012708411951669496,0.4666678741414531,0.008064279698024146,1,0.0015812069177627563,20,0.0001717189023661059,86
2016-12-14,147.43089294433594,16571000.0,13.1899995803833,-0.01613955453445093,-0.0014180766159390679,-0.002291848419793463,59.57424846488982,0.2779718489704237,-0.3110891119315838,0.02197830787522803,0.02197830787522803,0.03333321474202133,-0.010638329717617023,0.012733867094294513,0.5333360070275033,-0.0026665201136283345,0,0.0015812069177627563,20,0.0001717189023661059,86
2016-12-15,147.0377655029297,22803000.0,12.789999961853027,0.009708737086107977,0.01754477444675384,0.0004720506408004699,60.869561549014605,0.431054251477093,-0.16266043924984844,0.03305774166946174,0.024589865797397525,0.041666302806959266,0.005361634037261087,0.0127346959223058,0.6333330314646367,-0.010695220462446753,0,0.0015812069177627563,20,0.0001717189023661059,86
2016-12-16,145.4651641845703,35985000.0,12.199999809265137,-0.022546682755662517,-0.010022303384517817,0.003774263368042652,52.173865354500784,0.42062862973739357,-0.04600262545240004,0.008086542396626983,0.02185777631202912,0.030303072422760646,0.0,0.012736088685454856,0.6000015524675826,-0.013513818280420864,0,0.0015812069177627563,20,0.0001717189023661059,86
2016-12-19,143.49937438964844,20535000.0,11.710000038146973,-0.0071234525000324345,0.009801873041180409,0.003634744106353116,51.06376477932785,0.2508517785830122,0.013368255354682411,-0.005376464685468152,0.039325971317705655,0.02209951859536763,-0.02374672481391371,0.012664741101863537,0.4666678741414531,0.0,0,0.0015812069177627563,20,0.0001717189023661059,86
2016-12-20,143.49937438964844,24139000.0,11.449999809265137,0.0013666802328875516,0.009135077857599372,-0.0020605082706165456,48.88869531018209,0.11497701738136357,0.03369000776001864,-0.013513818280420864,0.01955286518815713,0.008287051436564052,-0.04199498727872231,0.012787233586790934,0.29999754192632766,-0.013698092643051774,0,0.0015812069177627563,20,0.0001717189023661059,86
2016-12-21,141.53370666503906,29690000.0,11.270000457763672,-0.005800034885954264,0.0003704036635323593,0.0007195222534543966,44.00001552469591,-0.14959324953900932,-0.0029666436997869542,-0.018817626399138532,0.002747101889608139,-0.008152567979813674,-0.0318306442413927,0.01269814597260803,0.29999754192632766,-0.005555895157949076,0,0.0015812069177627563,20,0.0001717189023661059,86
2016-12-22,140.7473602294922,26269000.0,11.430000305175781,-0.01372678556511675,0.005150632540292133,0.0004376759051663015,52.38096118179878,-0.4179013709072592,-0.08595358914128141,-0.039999664666776624,-0.008264221578734299,-0.029649121118514032,-0.0575912065242703,0.012656964541851782,0.1333375594950858,-0.0027932509679349238,0,0.0015812069177627563,20,0.0001717189023661059,86
2016-12-23,140.35421752929688,22961000.0,11.4399995803833,0.010785949716480836,0.005265080671263744,0.0003125569951614171,48.780506275671364,-0.6547136885656926,-0.19970560902616366,-0.0427808818497869,-0.035040288868003366,-0.021858200483661716,-0.07253889240417555,0.012533398365103188,0.07407434027248709,0.005602476296044934,1,0.0015812069177627563,20,0.0001717189023661059,86
2016-12-26,141.1405487060547,5675000.0,11.4399995803833,0.0,0.0,0.00468581749228858,43.243416180472074,-0.770062006664233,-0.31377688855377756,-0.03513519325347558,-0.04032275481319936,-0.019230672857633135,-0.06788503705961624,0.01249820207427533,0.04347914128442844,0.002785577657085536,1,0.0015812069177627563,20,0.0001717189023661059,86
2016-12-27,141.53370666503906,8252000.0,11.989999771118164,0.001721514857273121,0.012167039475852182,0.0017101553551241988,45.9460791923837,-0.8202959570884047,-0.41508070226070304,-0.016437881305243596,-0.029729561044790298,-0.024456438340272113,-0.047745297194726866,0.012344148554581113,0.1304391113151065,0.011110712213061591,1,0.0015812069177627563,20,0.0001717189023661059,86
2016-12-28,143.1062469482422,21226000.0,12.949999809265137,0.0006872086817115708,-0.019292804264513075,0.0017382591429411232,39.39402136520433,-0.7248601297624759,-0.4770365877610577,-0.013698092643051774,-0.03225795345245264,-0.01098862080962737,-0.05013172428242885,0.01231841201548153,0.17391825259953494,-0.01098862080962737,0,0.0015812069177627563,20,0.0001717189023661059,86
2016-12-29,141.53370666503906,30200000.0,13.369999885559082,0.00034349166718317115,0.00011940781938335476,0.0007437430488335117,33.333297396366774,-0.7672727647938302,-0.5350838231676123,0.011110712213061591,-0.029333377216446577,-0.00546481522818576,-0.03448301776773177,0.012443390070405272,0.3478246929663216,0.008333088064937932,1,0.0015812069177627563,20,0.0001717189023661059,86
2016-12-30,142.71311950683594,36610000.0,14.039999961853027,-0.013044996911772855,-0.0159900578687745,-0.0008050834594918177,40.54045265348596,-0.6976739727828374,-0.5676018530906574,0.005586935586320951,-0.03743296029468668,-0.016393385255475956,-0.05013172428242885,0.012503559751186345,0.18182283277732988,0.0,0,0.0015812069177627563,20,0.0001717189023661059,86
2017-01-02,142.71311950683594,36610000.0,14.039999961853027,0.0,0.0,0.00526799400476663,37.14265120095811,-0.6351943041385084,-0.5811203433002275,0.01680677659042673,-0.018918926006521453,0.019663040169690005,-0.02419367375442849,0.012279875044445231,0.3181815776149657,0.00826464925599657,1,0.0015812069177627563,20,0.0001717189023661059,86
2017-01-03,143.89259338378906,22630000.0,12.850000381469727,0.01947825652595614,0.0009598289854753084,-0.005425360517717026,37.1429300142828,-0.4849152310660827,-0.5618793208533986,0.011141878185951803,-0.005479151990430031,0.013966580077512836,-0.016260006113108516,0.012221762071352898,0.3181815776149657,0.0,0,0.0015812069177627563,20,0.0001717189023661059,86
2017-01-04,143.89259338378906,24369000.0,11.850000381469727,-0.0003413466500991058,0.0026781499811077136,-0.0011467502122889384,38.23531426223145,-0.3616491170512859,-0.5218332800929761,0.016666607371010667,0.0027402139961454353,0.005494843532800386,-0.008129740104537153,0.012293314755889016,0.4545473790802744,0.0027320894853684052,1,0.0015812069177627563,20,0.0001717189023661059,86
2017-01-05,144.2857208251953,20979000.0,11.670000076293945,0.017064909705037934,-0.008881384214009302,6.202567081525778e-05,45.16127012903113,-0.22959115072180225,-0.46338485421874137,0.005494843532800386,0.016666607371010667,0.00826464925599657,-0.03174612301399349,0.011667352035388717,0.4761937324885968,0.002724857017976756,1,0.0015812069177627563,20,0.0001717189023661059,86
2017-01-06,144.6788787841797,22443000.0,11.319999694824219,-0.00570482641631731,0.0077188634162643766,-0.008873973666054358,55.555890969413134,-0.092147480650425,-0.3891373795050781,0.019444231519134325,0.025139800774478083,-0.010781393974747089,-0.026525279495764886,0.011674996411992197,0.5789501637241263,0.0,0,0.0015812069177627563,20,0.0001717189023661059,86
2017-01-09,144.6788787841797,18569000.0,11.5600004196167,0.013837526297915792,0.010928291871432627,0.0030679513608495856,55.555890969413134,0.016586420182136408,-0.30799261956763524,0.013774201588029777,0.03081247810725829,-0.010752720705847207,0.010989260563211367,0.010378858758763028,0.6315829252997183,0.0,0,0.0015812069177627563,20,0.0001717189023661059,86
2017-01-10,144.6788787841797,20198000.0,11.489999771118164,0.0009985174422240117,0.004877071551091516,-0.0011860433109395219,68.18180214382997,0.10158777929390794,-0.2260765397953266,0.013774201588029777,0.02506955025018409,-0.005405317519134423,-0.00808591471380593,0.009938789273492423,0.6315829252997183,-0.01086980939549187,0,0.0015812069177627563,20,0.0001717189023661059,86
2017-01-11,143.1062469482422,29107000.0,11.260000228881836,0.003325920377065028,0.0037700479686630928,-0.002312205148548241,62.500040429130976,0.0415744779614613,-0.17254633624396903,0.005464391056553275,0.022222071287825162,-0.010752720705847207,0.013774201588029777,0.009344587100075736,0.6315829252997183,0.013736255827222266,1,0.0015812069177627563,20,0.0001717189023661059,86
2017-01-12,145.07199096679688,41130000.0,11.539999961853027,-0.02916828607362376,-0.009044407237185803,-0.00046983296049363243,71.4286110325632,0.15089321511607068,-0.1078584259719611,-0.00546481522818576,0.0,-0.029333377216446577,0.008310222801829692,0.009462679953552017,0.4210518789973506,-0.016260006113108516,0,0.0015812069177627563,20,0.0001717189023661059,86
2017-01-13,142.71311950683594,52352000.0,11.229999542236328,0.005121081444790843,0.007090278334971778,-0.00651752165161068,56.24995451711734,0.04665013528173745,-0.0769567137212214,0.0054493967740172344,0.02499958762566501,-0.013369181239996752,0.02499958762566501,0.00967497476125361,0.6842095587108793,-0.011019104664066415,0,0.0015136390924453736,20,0.00014424462651097499,86
2017-01-16,141.1405487060547,30756000.0,11.229999542236328,0.0,0.0,-0.003910888929996359,48.57138104637495,-0.16100066220388953,-0.09376550341775503,-0.013587050811169954,0.0,-0.018918926006521453,0.008333088064937932,0.010020121299853033,0.3684232028647126,0.008356300528866267,1,0.0015136390924453736,20,0.00014424462651097499,86
2017-01-17,142.31996154785156,13159000.0,11.869999885559082,0.006114345231479801,-0.0164274851808206,0.003134665985105478,47.058843674088145,-0.22777105277202736,-0.1205666132886095,-0.024456438340272113,-0.011019104664066415,-0.016437881305243596,-0.011019104664066415,0.010083949988381814,0.15790032744825275,0.0,0,0.0015136390924453736,20,0.00014424462651097499,86
2017-01-18,142.31996154785156,23693000.0,12.479999542236328,-0.004388720509104882,0.014161944363166867,-0.010416335540200938,53.333169460695146,-0.27748835532230487,-0.15195096169534858,-0.01630450316004295,-0.010929206284739035,-0.008218940652621742,0.0,0.010161121358439084,0.31579044128912065,-0.0027624934317607153,0,0.0015136390924453736,20,0.00014424462651097499,86
2017-01-19,141.9268035888672,24627000.0,12.779999732971191,0.004746923541302683,-0.004694431809113109,0.007272515775886168,46.428482319836995,-0.3446414254977981,-0.1904890544558385,-0.005494417030410981,-0.010929206284739035,0.005555248296247095,0.0,0.010161121358439084,0.31579044128912065,0.0027701459417297514,1,0.0015136390924453736,20,0.00014424462651097499,86
2017-01-20,142.31996154785156,23429000.0,11.539999961853027,0.014849860751505739,0.013049660780623418,0.0010766774191464101,48.275820534371164,-0.36196366408671565,-0.22478397638201394,-0.021680183452156054,-0.016348930599903166,0.008379861316417436,-0.019021955508915833,0.009826721292784977,0.2631576797135287,0.02209951859536763,1,0.0015136390924453736,20,0.00014424462651097499,86
2017-01-23,145.4651641845703,36992000.0,11.770000457763672,0.008646644759721323,-0.006709594702047905,-0.0028469348088370205,55.88227236302284,-0.12051092086016979,-0.20392936527764513,-0.002754883085332227,-0.01630450316004295,0.014005592800546696,-0.02425858105184575,0.009747122326953015,0.31579044128912065,0.0027024489665332663,1,0.0015072613954544068,20,0.0001518081787020661,86
2017-01-24,145.8582763671875,55022000.0,11.069999694824219,0.01615544097713917,0.020178132239818458,-0.003521240316906815,57.14266704369667,0.10139417653022065,-0.14286465691607197,0.030640489343159993,0.0054346937645510796,0.030640489343159993,0.010928782113106328,0.010133474725673561,0.7368443630079482,0.0,0,0.0015072613954544068,20,0.0001518081787020661,86
2017-01-25,145.8582763671875,55022000.0,10.8100004196167,0.01589905817472248,0.014484168040493683,-0.0012416103409237378,55.88222200152736,0.2740959573741861,-0.05947253405802036,0.02486169038308983,0.00815182971363182,0.030555051542479505,0.019230672857633246,0.010098277191758959,0.7894709964191092,0.0,0,0.0015072613954544068,20,0.00015105688294699026,86
2017-01-26,145.8582763671875,55022000.0,10.630000114440918,-0.006387864731167814,-0.00600379709331289,-0.0016893347090222166,54.545283473781396,0.4062800197747549,0.033677976708534695,0.02486169038308983,0.019230672857633246,0.019230672857633246,0.00815182971363182,0.00996140017192892,0.7894709964191092,0.0,0,0.0015072613954544068,20,0.00015105688294699026,86
2017-01-27,145.8582763671875,55022000.0,10.579999923706055,0.004500275395958209,0.012564191376992273,0.0004150858367792942,54.545283473781396,0.5052130598917017,0.1279849933451681,0.027700706835538824,0.005419966977433965,0.030555051542479505,0.019230672857633246,0.009805656187344396,0.7894709964191092,0.0,0,0.0015072613954544068,20,0.00015105688294699026,86
2017-01-30,145.8582763671875,55022000.0,11.880000114440918,-0.0019200158821801594,-0.005632555499709868,0.0059681573282290845,54.545283473781396,0.5769672872210379,0.21778145212034208,0.02486169038308983,0.022038316247448453,0.022038316247448453,0.013660765555566723,0.009774002283999713,0.7894709964191092,0.0,0,0.0015072613954544068,20,0.00015105688294699026,86
2017-01-31,145.8582763671875,55022000.0,11.989999771118164,-0.008977233956310893,-0.013126538612593941,-0.004536790830300563,62.06900243712786,0.6266098609152948,0.2995471338793326,0.0027024489665332663,0.033425742668452774,0.022038316247448453,0.013660765555566723,0.009774002283999713,0.7894709964191092,0.0,0,0.0015072613954544068,20,0.00015105688294699026,86
2017-02-01,145.8582763671875,55022000.0,11.8100004196167,0.005499806374293037,0.016764048336884496,-0.0012429953098932467,54.16663971382552,0.6583627621183155,0.3713102595271292,0.0,0.02486169038308983,0.013660765555566723,0.042134696714784425,0.008740520972895535,0.777774663254107,-0.005390749294275299,0,0.0015072613954544068,20,0.00015105688294699026,86
2017-02-02,145.07199096679688,94089000.0,11.930000305175781,-0.009652358900759883,-0.0010727607018289342,-0.0018188527581967096,65.0000097030291,0.6130140600425875,0.4196510196302209,0.0,0.02486169038308983,0.013660765555566723,0.03631269623360489,0.008711382959092524,0.777774663254107,0.0,0,0.0015072613954544068,20,0.00015105688294699026,86
2017-02-03,145.07199096679688,29518000.0,10.970000267028809,0.006172501098191452,0.005150771941214938,-0.006425632580180363,81.24989387327378,0.5704985349400431,0.44982052269218536,-0.005390749294275299,0.022160629975438884,0.0054493967740172344,0.013736255827222266,0.008391605970123676,0.6666652291942032,0.0,0,0.0015072613954544068,20,0.00015105688294699026,86
2017-02-06,145.07199096679688,24779000.0,11.369999885559082,-0.003228649534791961,0.0034957729600120224,-0.00733592797390048,76.92305395746816,0.530687242794869,0.46599386671272214,-0.005390749294275299,0.019336917948927335,0.00271713594908074,0.016528763915415245,0.00837749818848905,0.6666652291942032,0.0,0,0.0015072613954544068,20,0.00015105688294699026,86
2017-02-07,145.07199096679688,23616000.0,11.289999961853027,-0.011337961663531626,0.0033078821970207173,0.002268948651628966,76.92305395746816,0.49344834162363327,0.4714847616949044,-0.005390749294275299,-0.0027028685526011564,0.00271713594908074,-0.005390749294275299,0.007649236869352542,0.6666652291942032,-0.005419861796627012,0,0.0015072613954544068,20,0.00015105688294699026,86
2017-02-08,144.2857208251953,29168000.0,11.449999809265137,-0.006225477702011206,0.0015969541722888891,0.0034926524333713793,71.42900707489632,0.39592681696998966,0.45637317274992145,-0.005390749294275299,-0.005390749294275299,0.00271713594908074,-0.008064801360746832,0.00763650333388332,0.6666652291942032,0.002724857017976756,1,0.0015072613954544068,20,0.00015105688294699026,86
2017-02-09,144.6788787841797,18967000.0,10.880000114440918,-0.00395635399890526,-0.008568742119782202,0.0026103568352322526,71.42900707489632,0.34637210558517495,0.4343729593169722,-0.010781393974747089,-0.010781393974747089,0.008241945422408525,-0.008108081175218662,0.007637228668310308,0.5555579513429946,0.00815182971363182,1,0.0015072613954544068,20,0.00015105688294699026,86
2017-02-10,145.8582763671875,34747000.0,10.850000381469727,0.016550551220230192,-0.0007885472941245864,-0.002282123537286629,55.55522013446552,0.39768292687023177,0.4270349528276241,-0.0027097731271031877,-0.00808591471380593,-0.0027097731271031877,-0.010752720705847207,0.007600650091450871,0.6111148245816416,0.010781812429961013,1,0.0015072613954544068,20,0.00015105688294699026,86
2017-02-13,147.43089294433594,25124000.0,11.069999694824219,0.03191170060096504,0.0027516997535461662,-0.002835091772715792,66.66709791351991,0.558802608653906,0.4533884839928805,0.005419966977433965,0.0,0.022038316247448453,-0.010666804939872376,0.007602991748260566,0.823523502727088,0.0,0,0.0015072613954544068,20,0.00015105688294699026,86
2017-02-14,147.43089294433594,45696000.0,10.739999771118164,-0.01136021954123323,-0.0031790486542528917,0.0018738874775214853,66.66709791351991,0.6786678566763555,0.4984443585295755,0.01626021647472231,0.010781812429961013,0.04456794518619733,0.0026736494536732103,0.007778902599843477,1.0,0.008000388324152619,1,0.0015072613954544068,20,0.00015105688294699026,86
2017-02-15,148.6103973388672,39347000.0,11.970000267028809,0.013405717715273102,0.008217044040190968,-0.008223188204872445,73.33400607015611,0.8589367878055612,0.5705428443847727,0.01626021647472231,0.010781812429961013,0.03591155689545311,0.013513398694352974,0.007589887206708145,1.0,0.0,0,0.0015072613954544068,20,0.00015105688294699026,86
2017-02-16,148.6103973388672,27018000.0,11.760000228881836,0.017952529201007206,0.0007212605589457244,-0.0002276042813668111,73.33400607015611,0.9903846764360935,0.6545112107950368,0.029973004181829577,0.018868459440391394,0.04419925162009419,0.03561703994151655,0.007353880333186489,1.0,0.0026452535600238747,1,0.0015072613954544068,20,0.00015105688294699026,86
2017-02-17,149.00350952148438,20389000.0,11.489999771118164,0.0006191874802823349,0.005724638209400723,0.0010407667556593392,75.00048514957162,1.1134438552991242,0.7462977396958543,0.027174101622339908,0.024390692844907358,0.047091835939326865,0.03561703994151655,0.007353880333186489,1.0,0.002638786682442662,1,0.0015072613954544068,20,0.00015105688294699026,86
2017-02-20,149.39669799804688,13254000.0,11.489999771118164,0.0,0.0,0.00389860068901271,76.47119257006656,1.2285343855267286,0.8427450688620293,0.021563624859922026,0.027100465972010657,0.046961423407816394,0.05277755407143925,0.006988059333994082,1.0,0.0,0,0.0015072613954544068,20,0.00015105688294699026,86
2017-02-21,149.39669799804688,31159000.0,11.569999694824219,-0.0003092911459914305,0.013963979134824056,-0.0037863648520949367,76.47119257006656,1.3047046370095927,0.935136982491542,0.013333739045134463,0.029810765003148054,0.027027321871290866,0.06145293065853408,0.006907359440295254,1.0,-0.00789491262362807,0,0.0015072613954544068,20,0.00015105688294699026,86
2017-02-22,148.21722412109375,25677000.0,11.739999771118164,-0.008042429010194585,-0.00037356641116625955,0.00016240004590084567,72.22238992625815,1.2554246713544899,0.9991945202641316,0.013333739045134463,0.029810765003148054,0.024259313348470313,0.06442614000439639,0.006878953492237419,1.0,0.0,0,0.0015072613954544068,20,0.00015105688294699026,86
2017-02-23,148.21722412109375,35725000.0,11.710000038146973,-0.009977885963818989,-0.016362491629065445,-0.0006496186077135091,72.22238992625815,1.2025081777916284,1.039857251769631,-0.002645664265851555,0.027248041409873913,0.016172875565646727,0.05013920861096577,0.006997396727411482,0.8571399528715982,0.002652682372813908,1,0.0015072613954544068,20,0.00015105688294699026,86
2017-02-24,148.6103973388672,22766000.0,11.470000267028809,0.005354300126822142,-0.0004415298529959477,-0.001560073330761469,73.68444705002788,1.1787098349332155,1.0676277684023479,-0.002645664265851555,0.02445654380686957,0.016172875565646727,0.04722209015462475,0.006995099160684693,0.8571399528715982,0.0,0,0.0015072613954544068,20,0.00015105688294699026,86
2017-02-27,148.6103973388672,22766000.0,12.09000015258789,-0.012217847784773639,0.009204493292020333,-0.0021484370513159545,73.68444705002788,1.1466318189053197,1.0834285785029423,-0.0026382746546014246,0.018868459440391394,0.018868459440391394,0.03846198546885038,0.0068201114395134545,0.9047618167536848,0.0,0,0.0015072613954544068,20,0.00015105688294699026,86
2017-02-28,148.6103973388672,22766000.0,12.920000076293945,-0.0019032688216904514,-0.01325327688078548,-6.520850169533521e-05,82.35278002273878,1.1084324408902262,1.088429350980399,-0.005263172946365691,0.008000388324152619,0.018868459440391394,0.05000003773359918,0.006557792905938491,0.9047618167536848,-0.015873164183453636,0,0.0015072613954544068,20,0.00015105688294699026,86
2017-03-01,146.25148010253906,46186000.0,12.539999961853027,0.0034954982691735026,0.016381609691580312,-0.0003915254283693992,59.090828902382654,0.8776967105913513,1.0462828229025896,-0.005263172946365691,0.008000388324152619,0.018868459440391394,0.041322604764089554,0.0064615518029462055,0.9047618167536848,0.0,0,0.0014448106288909913,20,0.00012677561405093172,86
2017-03-02,146.25148010253906,39980000.0,11.8100004196167,-0.0224823940979898,-0.011093510918383176,0.00381855685915955,52.63189072480405,0.6869186118034634,0.9744099806827644,-0.013262588273469933,-0.015873164183453636,0.0026957931023516846,0.02479352009072744,0.006965143852322384,0.6190454188421198,-0.010752720705847207,0,0.0014448106288909913,20,0.00012677561405093172,86
2017-03-03,144.6788787841797,28197000.0,10.960000038146973,-0.0006480385938849587,-0.00036953227387381826,0.0009103579008833407,31.57948491682191,0.40417078123951455,0.8603621407941144,-0.013262588273469933,-0.015873164183453636,0.008130371189378316,0.016393385255475845,0.006859467499139163,0.6190454188421198,-0.002717452348872995,0,0.0014448106288909913,20,0.00012677561405093172,86
2017-03-06,144.2857208251953,12531000.0,11.239999771118164,0.0,0.00021563495690180012,0.00393049506307408,30.00050454282598,0.14667574026628927,0.7176248606885495,-0.02645520518811817,-0.02902368374538944,-0.0027097731271031877,0.005464391056553275,0.0070725044206927995,0.42856905234948944,0.010898899302013154,1,0.0014448106288909913,20,0.00012677561405093172,86
2017-03-07,145.8582763671875,18812000.0,11.449999809265137,0.014910983936562427,0.0027407490712496596,0.0020060918392126315,33.33296370017575,0.06870911903288857,0.5878417123574173,-0.02910076677751272,-0.03421077735545652,-0.005419861796627012,0.0,0.0070740445216105905,0.38094903664002217,0.008086542396626983,1,0.0014448106288909913,20,0.00012677561405093172,86
2017-03-08,147.0377655029297,31791000.0,11.859999656677246,-0.0028746576195932683,0.002200977087369882,-0.004101033551609623,41.66655885739421,0.10093145090030475,0.49045966006599484,-0.018519033802219087,-0.0236847378708841,0.005419966977433965,0.00815182971363182,0.007260144713594346,0.5714198586147946,-0.013369181239996752,0,0.0014448106288909913,20,0.00012677561405093172,86
2017-03-09,145.07199096679688,28489000.0,12.300000190734863,-0.0076872147165438776,0.0015117267300817083,0.0009403468219246758,32.14298585333262,-0.03178727146942606,0.38601027375891067,0.0053762560203791665,-0.007957635323141976,0.01907357610992233,0.01630429222684815,0.0073607242309384185,0.7142817539158157,-0.005419861796627012,0,0.0014448106288909913,20,0.00012677561405093172,86
2017-03-10,144.2857208251953,20053000.0,11.65999984741211,0.0025821779962926783,0.011677966338034862,0.004729507757632145,27.586211511463418,-0.19812933281031064,0.26918235244506644,-0.008064801360746832,-0.02122042949426184,0.00271713594908074,0.00271713594908074,0.007661870298061291,0.4761835235410987,0.016348930599903166,1,0.0014448106288909913,20,0.00012677561405093172,86
2017-03-13,146.64463806152344,10487000.0,11.350000381469727,0.014166094939422003,0.007520714191262989,0.0003868690340393943,40.00002217794027,-0.1380206915576423,0.1877417436445247,-0.002717452348872995,-0.02910076677751272,-0.010781393974747089,0.008241945422408525,0.007516442330134839,0.38094903664002217,-0.002681025124283254,0,0.0014387845993041992,20,0.00013392886450124341,86
2017-03-14,146.25148010253906,22245000.0,12.300000190734863,-0.009206350870770263,-0.0030618652515456146,-0.0033518142310781096,42.42430301141409,-0.12071716945177968,0.12604996102526383,0.016348930599903166,-0.013227602594059085,-0.005333040227256558,0.01084045985890203,0.007640789322065859,0.6666654345515871,0.002688232342734187,1,0.0014387845993041992,20,0.00013392886450124341,86
2017-03-15,146.64463806152344,14131000.0,11.630000114440918,0.022428821264245613,0.008350654081988207,0.0007761016690102096,44.1177309935379,-0.07442155660712046,0.08595565749878697,0.0026957931023516846,-0.015873164183453636,-0.007999767336701824,0.02479352009072744,0.007198089588628932,0.6190454188421198,0.018766863711503934,1,0.0014387845993041992,20,0.00013392886450124341,86
2017-03-16,149.39669799804688,31507000.0,11.210000038146973,0.01566919971643932,-0.0018315102879152834,-0.014314359380647845,52.499992722848226,0.18223558863894596,0.10521164372681878,-0.0026736494536733213,0.002688232342734187,-0.013227602594059085,0.0389972223144166,0.006965003413337094,0.6315798074546468,0.007894299807310157,1,0.0014324575662612916,20,0.00014093310333961664,86
2017-03-17,150.57608032226562,33764000.0,11.279999732971191,0.0055535915305366945,0.0017849622876731086,0.004884450809568008,55.813758275679994,0.47532526859973245,0.17923436870140153,0.029810765003148054,0.02150554574423902,0.005291020502332211,0.049724131268936045,0.007406792763620967,1.0,0.0,0,0.0014324575662612916,20,0.00014093310333961664,86
2017-03-20,150.57608032226562,16215000.0,11.34000015258789,0.007978048157654571,0.0076547905915695935,-0.004436604767537933,55.813758275679994,0.699537123057894,0.28329491957270003,0.043596548993861894,0.04076062510052281,0.010553917862951456,0.05801096827614116,0.007475889430651437,1.0,0.018276873263226356,1,0.0014324575662612916,20,0.00014093310333961664,86
2017-03-21,153.32814025878906,32246000.0,12.470000267028809,-0.011263338806710488,-0.023580195038286456,-0.00036043252152584415,70.45444922729519,1.0867672931616426,0.44398939429048856,0.026809314767395565,0.043596548993861894,0.007894299807310157,0.06094181306621693,0.0074507481653780065,1.0,-0.007692381947458249,0,0.0014259278774261474,20,0.00014762684356334598,86
2017-03-22,152.148681640625,27396000.0,12.8100004196167,0.006465571080861876,0.011047979739504221,-0.002327306702685772,65.95732206309451,1.283680074635413,0.6119275303594734,0.04838693017867879,0.051213164433650205,0.02631545618761666,0.07734810065442765,0.007889718928646287,1.0,0.0,0,0.0014259278774261474,20,0.00014762684356334598,86
2017-03-23,152.148681640625,18472000.0,13.119999885559082,-0.003976710984056053,-0.0024916957217919755,0.0018070178846829599,72.09289521308042,1.4233276376176036,0.7742075518110996,0.03753320715887609,0.0347592070663878,0.026524970649290047,0.04594582829174443,0.007340825150554527,0.8695638233963996,-0.005167774923339308,0,0.0014259278774261474,20,0.00014762684356334598,86
2017-03-24,151.36241149902344,17541000.0,12.960000038146973,0.0076782694044807975,0.007523699838174247,-0.0009838568778495205,70.4545735208763,1.4537954589987692,0.9101251332486335,0.018420645700041538,0.04878054424335976,0.026524970649290047,0.04312683126463024,0.007338247450186057,0.8695638233963996,0.002597259369171656,1,0.0014259278774261474,20,0.00014762684356334598,86
2017-03-27,151.7555389404297,29251000.0,12.5,0.010971915697998158,0.00159310664607748,-0.004464714802198566,68.2927498833283,1.4924593832244,1.0265919832437869,0.005222151985062151,0.049046368783794314,0.018518315067020508,0.03773618658415856,0.007399046515820037,0.7826103097515373,0.007772196554987731,1,0.0014259278774261474,20,0.00014762684356334598,86
2017-03-28,152.9350128173828,38259000.0,11.529999732971191,0.00542663610690175,0.0030020959883165776,-0.00313276894684289,68.29271986838094,1.599832631611406,1.1412401129173109,0.0078329746374044,0.03485228608741919,0.021163671303501275,0.04043145661749259,0.007402117185154634,0.8260862228402103,-0.015424411007399219,0,0.0014259278774261474,20,0.00014762684356334598,86
2017-03-29,150.57608032226562,33374000.0,11.420000076293945,-0.012593593589785956,-0.0024579328828010505,-0.002216322740302923,66.66666666666666,1.47754830943677,1.2085017522212027,-0.002563961453799224,0.04569890650103381,0.02910035607168493,0.04851789440031595,0.007474057353155477,0.956524086911327,0.0,0,0.0013685792684555054,20,0.0001259730305782584,86
2017-03-30,150.57608032226562,28302000.0,11.539999961853027,0.004251404996642005,0.005285703162313471,0.0033153327293575785,69.99987386221291,1.3649033469416736,1.239782071165297,-0.010335951001362309,0.026809314767395565,0.029569616777173957,0.032345123448472624,0.007899101564304132,0.69565004623661,-0.013054417269937169,0,0.0013685792684555054,20,0.0001259730305782584,86
2017-03-31,148.6103973388672,33635000.0,12.369999885559082,-0.006954857192445818,-0.0004051878766967443,0.001156522712467467,56.410322755282394,1.1042876728417639,1.2126831915005905,-0.010335951001362309,0.007894299807310157,0.029569616777173957,0.032345123448472624,0.007899101564304132,0.69565004623661,0.0,0,0.0013685792684555054,20,0.0001259730305782584,86
2017-04-03,148.6103973388672,33635000.0,12.380000114440918,0.0015224731511871425,-0.005536915647533225,0.0006601246795852056,57.89484435420118,0.8875171284860812,1.1476499788976886,-0.018181622061260616,-0.013054417269937169,0.027174101622339908,0.018868459440391394,0.008182638260298514,0.478265418390696,0.0,0,0.0013685792684555054,20,0.0001259730305782584,86
2017-04-04,148.6103973388672,33635000.0,11.789999961853027,-0.0009121389140845926,-0.005289329278967747,0.0017151541795457081,56.75683613827944,0.7075685011021733,1.0596336833385855,-0.020725053092112145,-0.013054417269937169,0.029973004181829577,0.024390692844907358,0.008130452824345507,0.478265418390696,0.021163671303501275,1,0.0013685792684555054,20,0.0001259730305782584,86
2017-04-05,151.7555389404297,43748000.0,12.890000343322754,0.0012172227218210097,-0.0069466169314240656,0.00306218314352269,57.8946293294603,0.8094141373094885,1.0095897741327662,-0.028277471579902902,-0.03076893068656028,0.018868459440391394,0.024390692844907358,0.008130452824345507,0.478265418390696,-0.0077720960065058575,0,0.0013617247343063355,20,0.00013236181680546252,86
2017-04-06,150.57608032226562,16173000.0,12.390000343322754,-0.0012157428919490343,0.0011675270100814927,-0.002888728810932828,50.0,0.7858957672216889,0.9648509727505508,0.0078329746374044,-0.002583937606005171,0.03208545383808903,0.046070560754642775,0.008725983764674232,0.8260862228402103,-0.00261102532449331,0,0.0013617247343063355,20,0.00013236181680546252,86
2017-04-07,150.18292236328125,18911000.0,12.869999885559082,0.0003043238903577272,0.004684849684920556,0.005794258274659292,48.71791554543573,0.7271505886046157,0.9173108959213638,0.0,-0.010335951001362309,0.037940399926878365,0.037940399926878365,0.008831866667702007,0.69565004623661,-0.0052351116416057275,0,0.0013617247343063355,20,0.00013236181680546252,86
2017-04-10,149.39669799804688,17024000.0,14.050000190734863,-0.010648022875164975,-0.007735008413061517,0.0014729493442899866,35.294144506657986,0.6101197945855859,0.8558726756542083,0.010581527622379738,-0.007792483774941683,0.04087169197588514,0.04087169197588514,0.008793199927660963,0.6521707582129044,0.005262662266100726,1,0.0013617247343063355,20,0.00013236181680546252,86
2017-04-11,150.18292236328125,8441000.0,15.069999694824219,-0.0036899939889935007,-0.00834994080644802,0.0010785409194722373,42.42405709419884,0.5741948222009228,0.7995371049635512,0.005291020502332211,-0.015543689270602234,0.018766863711503934,0.03260890085348844,0.008840591773891465,0.5652223069705908,0.0,0,0.0013617247343063355,20,0.00013236181680546252,86
2017-04-12,150.18292236328125,17283000.0,15.770000457763672,-0.0037039559688808454,-0.01707449977012665,-6.52617253618093e-05,42.42405709419884,0.5395049455781873,0.7475306730864785,0.010581527622379738,-0.01799516280413682,0.02688138443443977,0.029649644187531576,0.008793122877085752,0.6521707582129044,0.0026178606248807856,1,0.0013617247343063355,20,0.00013236181680546252,86
2017-04-13,150.57608032226562,14771000.0,15.960000038146973,-0.01394041687264469,-0.006766311220257948,-0.008358654521796183,46.87482185762923,0.5375410908715992,0.7055327566435027,-0.010362828191501805,-0.00261102532449331,0.02412828964311231,0.0186665722765742,0.008648815647831192,0.6521707582129044,-0.013054417269937169,0,0.0013617247343063355,20,0.00013236181680546252,86
2017-04-14,148.6103973388672,30701000.0,15.960000038146973,0.0,0.0,-0.002074338175904966,38.888888888888886,0.37307001411105034,0.6390402081370122,0.0,0.0,0.007894299807310157,0.021333299386019355,0.008654726366570185,0.69565004623661,-0.007936890121097662,0,0.0013617247343063355,20,0.00013236181680546252,86
2017-04-17,147.43089294433594,17096000.0,14.65999984741211,0.006283508574149499,0.01307276764336307,0.0025075957571374374,30.555166235059986,0.14586787960257652,0.5404057424301251,-0.010470731290008084,0.0,-0.013054417269937169,0.0,0.008820206173682624,0.478265418390696,0.0026669341052620865,1,0.0013617247343063355,20,0.00013236181680546252,86
2017-04-18,147.82408142089844,25063000.0,14.420000076293945,-0.007492962760563215,0.00422594530093745,-0.0017772792624115574,38.70967741935484,-0.0024363402392566513,0.43183732589624874,-0.013158289842099657,-0.007936890121097662,-0.020887695915568383,-0.007936890121097662,0.008905647994072917,0.34782417938454685,-0.007978695676902459,0,0.0013617247343063355,20,0.00013236181680546252,86
2017-04-19,146.64463806152344,30477000.0,14.930000305175781,-0.005662204805510607,0.005508518718658539,0.0017474281765010868,35.2940773574761,-0.21268799026216811,0.3029322626645654,-0.015706452539769766,-0.005291123178789214,-0.03589725166300728,-0.007915438397213537,0.00890581466039736,0.3913068423432849,0.0026808170186305436,1,0.0013617247343063355,20,0.00013236181680546252,86
2017-04-20,147.0377655029297,21488000.0,14.149999618530273,0.005694447935978397,0.01578331061826521,0.000559529957169902,43.3330918349393,-0.3436306781136693,0.17361967450891846,-0.023559831211693694,-0.03367851292012802,-0.0361754273500845,-0.018421156380306503,0.008975127950586387,0.26087235320720076,0.016043038242921304,1,0.0013617247343063355,20,0.00013236181680546252,86
2017-04-21,149.39669799804688,17373000.0,14.630000114440918,0.009122365784272946,-0.004621307611623382,-0.00032895490155659957,52.77781072010367,-0.2541281327673346,0.08807011305366785,-0.02349851856791052,-0.02349851856791052,-0.03359159003275025,-0.01578972311120308,0.008987590619576019,0.3043482662958738,0.0,0,0.0013548046350479125,20,0.0001386286214340565,86
2017-04-24,149.39669799804688,19317000.0,10.84000015258789,0.019326619519204558,0.014965642752860386,-0.0015794780078116633,52.77781072010367,-0.18110900883195313,0.034234288676543656,0.005291020502332211,-0.0052351116416057275,-0.012986800894020156,0.007957738271966885,0.009251908299146247,0.5652223069705908,0.010525937348519365,1,0.0013548046350479125,20,0.0001386286214340565,86
2017-04-25,150.96923828125,31932000.0,10.760000228881836,0.011315005929609212,0.009932536105250911,-0.002933188231843409,46.87495830730699,0.0036084357470826944,0.028109118090651464,0.013333739045134463,0.0,-0.015543689270602234,0.007957738271966885,0.009251908299146247,0.5652223069705908,-0.005208451250869217,0,0.0013548046350479125,20,0.0001386286214340565,86
2017-04-26,150.18292236328125,29909000.0,10.850000381469727,-0.0021166673458048457,-0.008498663242462956,-0.004131821602095909,48.38704427083333,0.08556290245113018,0.03959987496274721,0.02127634976737225,0.005235721249761793,-0.012853659210661617,0.015872650801169064,0.009381045624268341,0.7391293342603155,0.010471340898164039,1,0.0013548046350479125,20,0.0001386286214340565,86
2017-04-27,151.7555389404297,27940000.0,10.359999656677246,0.000606138147855928,0.014001749235835748,-0.0005642657401051521,55.882477166539005,0.2742480616931857,0.08652951230883492,0.02412828964311231,0.0,-0.00261102532449331,0.010581527622379738,0.009421044983680314,0.6521707582129044,0.007772196554987731,1,0.0013548046350479125,20,0.0001386286214340565,86
2017-04-28,152.9350128173828,34852000.0,10.819999694824219,0.0015141012274673127,-0.017355734065436335,0.001162360842920096,62.8570541445948,0.5130420648256404,0.17183202281219603,0.03208545383808903,0.0078329746374044,0.0078329746374044,0.021163671303501275,0.009550742271293069,0.8260862228402103,0.0,0,0.0013548046350479125,20,0.0001386286214340565,86
2017-05-01,152.9350128173828,34852000.0,10.109999656677246,0.009978771082263638,0.009845517379355462,0.0014263672695784546,60.606188908608274,0.6942847503017333,0.2763225683101035,0.023684022918513126,0.02910035607168493,0.02910035607168493,0.04569890650103381,0.00925167678253642,0.956524086911327,0.010282807640897618,1,0.0013548046350479125,20,0.0001386286214340565,86
2017-05-02,154.5076141357422,44119000.0,10.59000015258789,0.015868181533814196,-0.010645733961538895,0.00019876507875737914,64.8649725959143,0.9538216061957314,0.4118223758872291,0.023684022918513126,0.03733355854478204,0.02910035607168493,0.04569890650103381,0.00925167678253642,0.956524086911327,0.007633363885618749,1,0.0013548046350479125,20,0.0001386286214340565,86
2017-05-03,155.68702697753906,25723000.0,10.680000305175781,0.010610310476265372,0.003414219000669183,-0.005199522755405361,66.66666666666666,1.240376901114189,0.5775332809326211,0.023437727412390696,0.04521274646594131,0.039682397076349574,0.06793483218946017,0.009162991290305905,1.0,0.0,0,0.0013548046350479125,20,0.0001386286214340565,86
2017-05-04,155.68702697753906,22088000.0,10.460000038146973,-0.004374489224112099,-0.001210228379443734,0.0001664278829758281,76.4702122073445,1.4507506860091155,0.75217676194792,0.03664933753881683,0.06166191301329382,0.025906718559067787,0.0790189499497087,0.009183019770593681,1.0,-0.002525015669249675,0,0.0013548046350479125,20,0.0001386286214340565,86
2017-05-05,155.29391479492188,17036000.0,10.569999694824219,0.008201170337812869,0.004171520649703053,0.0025297145916141073,81.25017434956997,1.5676813042107653,0.9152776704004891,0.025906718559067787,0.058823401219580074,0.03394261986588365,0.0673856215440829,0.009074527289905529,1.0,0.025316138535975252,1,0.0013548046350479125,20,0.0001386286214340565,86
2017-05-08,159.22535705566406,36538000.0,9.770000457763672,0.016269611903632075,-0.003827835019930337,0.0013944625524744403,85.36591138003892,1.9550476235537815,1.1232316610311477,0.015424211461346538,0.03947354175761042,0.03403178171801402,0.05614985554053242,0.009036997138343694,0.9655204256982104,0.00493857542597298,1,0.0013476014137268066,20,0.00014467987903328829,86
2017-05-09,160.01170349121094,48077000.0,9.960000038146973,0.012293118390904079,0.010266518856170803,-0.0004973107654753228,92.50010188101461,2.2989884996803482,1.358383028760988,0.04113083147148555,0.06578899794522686,0.06578899794522686,0.09756098330591279,0.009462535273560115,1.0,0.009827943989463739,1,0.0013476014137268066,20,0.00014467987903328829,86
2017-05-10,161.58428955078125,28312000.0,10.210000038146973,0.0,0.021051640241093406,0.002852797809529184,93.02335656925511,2.6677070085237915,1.6202478247135488,0.035623418213118985,0.05989607759108617,0.06544539800706906,0.10899195413153828,0.009392151715660565,1.0,0.009732484398826458,1,0.0013476014137268066,20,0.00014467987903328829,86
2017-05-11,163.1569061279297,43718000.0,10.600000381469727,0.004236058838288814,0.0033785177079610484,0.00039690163104433296,92.68302380111683,3.0516387066947743,1.906526001109794,0.037878959395203804,0.07591653570251444,0.07591653570251444,0.10187656150775881,0.009209915070885134,1.0,-0.007229170764107007,0,0.0013476014137268066,20,0.00014467987903328829,86
2017-05-12,161.9774169921875,25009000.0,10.399999618530273,-0.005342991732093849,0.0026955636144931905,-0.0017854433299113737,86.36350004145798,3.2235730838157224,2.1699354176509797,0.047980100175387896,0.07512982568613524,0.08355129034265163,0.11559148675649622,0.00924352364651983,1.0,0.0,0,0.0013476014137268066,20,0.00014467987903328829,86
2017-05-15,161.9774169921875,25666000.0,10.420000076293945,-0.00876442610420669,0.01512576895398432,-0.001656215419829965,84.99990297102715,3.321543629037933,2.4002570599283706,0.043037759760849115,0.0591257947295698,0.08994673248090646,0.10455737852638936,0.009368333910091562,0.9285689203325238,-0.007281435415424808,0,0.0013476014137268066,20,0.00014467987903328829,86
2017-05-16,160.79798889160156,33224000.0,10.649999618530273,-0.0008560242802593265,0.014890840234409897,-0.0033177994739919114,82.92693085746363,3.26636339713923,2.573478327370543,0.01728405567689406,0.0591257947295698,0.09866672959339495,0.08421015432553336,0.009010004764538528,0.9285689203325238,-0.0024448529743196223,0,0.0013476014137268066,20,0.00014467987903328829,86
2017-05-17,160.4048614501953,21567000.0,15.59000015258789,-0.017413792985642385,-0.04366441063962079,0.0019307142296585145,78.94756731802379,3.1545469136062536,2.689692044617685,0.00491392431450377,0.04071239330854581,0.08776585889116806,0.06788534106784305,0.009070570274201469,0.8571415370171178,-0.002451035183284933,0,0.0013476014137268066,20,0.00014467987903328829,86
2017-05-18,160.01170349121094,22461000.0,14.65999984741211,0.013945639917021246,0.018896404103804443,0.0005980347299940902,75.00010781066722,2.9996291259209045,2.751679460878329,-0.007299150826264422,0.030303324331171666,0.0938337982933879,0.06527451841550103,0.009088948140514166,0.8333333333333334,-0.002457343599077233,0,0.0013476014137268066,20,0.00014467987903328829,86
2017-05-19,159.61849975585938,16492000.0,12.039999961853027,0.008595991879349452,0.010940712330602897,0.002722829543789995,72.97279720052322,2.8127043033938435,2.763884429381432,-0.019277165223105075,0.02777801463378049,0.08823541315324701,0.04358993216210205,0.00871335689493403,0.8095232814735138,0.0098521541173211,1,0.0013476014137268066,20,0.00014467987903328829,86
2017-05-22,161.1910858154297,13726000.0,10.930000305175781,0.005682001697624006,0.01086949016712424,-0.00672227019332261,72.97276884991399,2.7596480819107967,2.7630371598873054,-0.014563247643601507,0.027847742563824607,0.06842053335038334,0.049095516534793715,0.008622165723821369,0.7857104573496416,0.0,0,0.0013476014137268066,20,0.00014467987903328829,86
2017-05-23,161.1910858154297,19991000.0,10.720000267028809,0.0,-0.004066126292393668,0.0013002019137837717,70.5880875681772,2.6866308362256746,2.747755895154979,-0.004854572886513808,0.01234557608232234,0.07894677710706177,0.0594313672474851,0.008722769441866894,0.8809478925248672,0.00243936402166689,1,0.0013476014137268066,20,0.00014467987903328829,86
2017-05-24,161.58428955078125,13380000.0,10.020000457763672,0.0033898582413698364,0.0064704333191139,0.0033295724894715217,71.42853974572935,2.6301733965719336,2.7242393954383703,0.0024446631860124413,0.007370600390386617,0.06770814803434844,0.0649347101375275,0.008663934498883166,0.8809478925248672,0.007299150826264533,1,0.0013476014137268066,20,0.00014467987903328829,86
2017-05-25,162.7637176513672,22328000.0,9.989999771118164,0.0014073995957584184,0.005489160857863995,0.0007632179339125411,75.6753978435521,2.650052306330707,2.709401977616838,0.007352820169681307,0.0,0.07591653570251444,0.06476699749463344,0.008663496815265124,0.9047607166487394,0.0,0,0.0013476014137268066,20,0.00014467987903328829,86
2017-05-26,162.7637176513672,32514000.0,9.8100004196167,-0.0016866943395074108,0.0037936392190029977,-0.0031832995771982064,66.66652292158994,2.635426924445653,2.694606966982601,0.017198830461219394,-0.0024098794583308214,0.07253889240417544,0.0642671985500185,0.008655489879766354,0.9761880999641454,0.0,0,0.0013476014137268066,20,0.00014467987903328829,86
2017-05-29,162.7637176513672,32514000.0,9.8100004196167,0.0,0.0,0.0012640998559574346,63.99970813888863,2.593934936650271,2.674472560916135,0.019704595020743287,0.004854384480137863,0.0642671985500185,0.08094006234600726,0.008236051399624305,0.9761880999641454,0.0,0,0.0013476014137268066,20,0.00014467987903328829,86
2017-05-30,162.7637176513672,32514000.0,10.380000114440918,0.007603487608313753,0.00608376801812871,-0.00019935940108528616,57.14264592547142,2.5318664569057603,2.64595134011406,0.00975632013384553,0.004854384480137863,0.0642671985500185,0.08094006234600726,0.008236051399624305,0.9761880999641454,-0.01932382683863698,0,0.0013476014137268066,20,0.00014467987903328829,86
2017-05-31,159.61849975585938,67475000.0,10.40999984741211,-0.01173829802605697,-2.740137239498619e-05,0.00016612370644875085,31.999882013776443,2.203483554251676,2.5574577829415834,0.00975632013384553,0.012224834236520099,0.05343492980463482,0.09523775298323889,0.00789777879900949,0.9761880999641454,0.019704595020743287,1,-1.4171004295349121e-05,20,1.2273705282876657e-05,86
2017-06-01,162.7637176513672,27589000.0,9.890000343322754,0.014988269029092782,0.001035352877273299,-0.0005648281814598644,53.33331608382742,2.1719931514805637,2.4803648566493797,-0.012165723539008355,-0.004902355746743359,0.025252410908247924,0.07407356829745293,0.008563765593183203,0.7857104573496416,0.009661960293367855,1,-2.162158489227295e-05,20,1.799921656763831e-05,86
2017-06-02,164.33633422851562,22573000.0,9.75,0.008080648159121129,0.00993087282141003,0.00036566868768317384,58.82353612653419,2.2480200198343425,2.4338958892863722,0.0,0.017198830461219394,0.04545459445923572,0.09523775298323889,0.008995086594407457,0.9761880999641454,0.014353739563782497,1,-2.162158489227295e-05,20,1.799921656763831e-05,86
2017-06-05,166.69517517089844,21457000.0,10.069999694824219,0.005804227077748747,0.002555688079271201,3.3276554024519456e-05,70.2699810977567,2.4701364161439585,2.4411439946578897,0.009661960293367855,0.029556940328798298,0.05822777695787362,0.08290172059567746,0.008568890627480258,1.0,-0.007075083744983224,0,-2.162158489227295e-05,20,1.799921656763831e-05,86
2017-06-06,165.5157928466797,14912000.0,10.449999809265137,0.001099343735069258,0.003489347013966082,-0.0008307452958501438,66.66660032203683,2.521927750168004,2.4573007457599125,0.024154385118876798,0.034146363166578375,0.04691349577330817,0.10704950490233522,0.008637489812312923,1.0,0.004750608057734196,1,-2.162158489227295e-05,20,1.799921656763831e-05,86
2017-06-07,166.30209350585938,29514000.0,10.390000343322754,0.0008231753188006063,0.007404955587750894,0.0001995015063156469,69.9999708912799,2.5964899276978315,2.4851385821474965,0.01690840707636898,0.02682969104260491,0.03439804236426425,0.10209463394452656,0.008728407470539443,0.9411795146541332,0.007091806839925274,1,-2.162158489227295e-05,20,1.799921656763831e-05,86
2017-06-08,167.48147583007812,18437000.0,10.15999984741211,0.010148062159572202,0.01783953348904954,0.003025919811824762,73.80962942016852,2.7193997401993784,2.531990813757873,0.04187230026734201,0.02919716989933896,0.02919716989933896,0.11315775873462419,0.008652304644996263,0.9803954546008012,-0.0046948515069060726,0,-2.162158489227295e-05,20,1.799921656763831e-05,86
2017-06-09,166.69517517089844,31774000.0,10.699999809265137,-0.028237635063863453,-0.04234566323028777,-0.0026189448242912583,67.50008732675343,2.721981452507322,2.569988941507763,0.028985318391511417,0.028985318391511417,0.026505587809795728,0.11518322585941543,0.008670658771851093,1.0,-0.021225983531564463,0,-2.162158489227295e-05,20,1.799921656763831e-05,86
2017-06-12,163.1569061279297,58256000.0,11.460000038146973,-0.015367280998556887,-0.005146651227534216,0.0028917068373623955,55.10227359136187,2.4107293495771955,2.5381370231216493,0.014353739563782497,0.024154385118876798,0.029126024271262985,0.10994760621101296,0.008735486791694577,0.9622639160551363,0.0024095053696224777,1,-1.4653801918029785e-05,20,1.1773303497669308e-05,86
2017-06-13,163.55003356933594,43566000.0,10.420000076293945,0.009080460488351871,0.006371984206637427,-0.000596548200298086,55.102095777316435,2.1707587588515196,2.4646613702676237,-0.021225983531564463,0.002415701006563964,0.007281812228176809,0.08355129034265163,0.00947289755954215,0.7924555659460604,-0.004807800407056417,0,-1.4653801918029785e-05,20,1.1773303497669308e-05,86
2017-06-14,162.7637176513672,36293000.0,10.640000343322754,0.0025308872778844194,-0.01056492376855056,0.0016580744792584756,50.0,1.8952835645834512,2.350785809130789,-0.011876566238997355,0.004831027020733236,0.017114919761773928,0.10052887616202799,0.009170954106348411,0.8113225094704528,0.004831027020733236,1,-1.4653801918029785e-05,20,1.1773303497669308e-05,86
2017-06-15,163.55003356933594,17748000.0,10.899999618530273,-0.005890853543663144,-0.00839022890304364,-0.0002317487005496499,52.000062099265676,1.7205828039597293,2.2247452080965773,-0.021276796821367294,0.019704595020743287,0.014705640339362613,0.10400008031437702,0.009097981409774763,0.7735856932268962,0.0168270215325681,1,-1.4653801918029785e-05,20,1.1773303497669308e-05,86
2017-06-16,166.30209350585938,32816000.0,10.380000114440918,0.01213335444989272,-0.003296751153087696,0.0010265625993806093,57.89486585697175,1.7836387522084465,2.1365239169189514,-0.023473893105234622,0.004831027020733236,0.022112945496635783,0.10638288428568754,0.009105661713335099,0.8113225094704528,0.007091806839925274,1,-2.2402405738830568e-05,20,1.72811885212743e-05,86
2017-06-19,167.48147583007812,15632000.0,10.369999885559082,0.009478952861134982,0.019386696265293324,0.0030765295479717736,60.000025874710765,1.906796973968227,2.0905785283288068,-0.0023580866370971343,0.011961805565227523,0.04187230026734201,0.13404823868220017,0.009216513346477433,0.9423107495975143,0.016432116935156893,1,-2.2402405738830568e-05,20,1.72811885212743e-05,86
2017-06-20,170.23355102539062,28630000.0,10.859999656677246,-0.0022093524007636978,-0.01198621087558116,0.0011213111326393577,72.88161794985481,2.2010973402269656,2.1126822907084386,0.026505587809795728,0.0047169971078859785,0.039024428570765934,0.1390371395894281,0.009237417497496738,1.0,-0.004618773073025384,0,-3.0237436294555665e-05,20,2.2592932678932367e-05,86
2017-06-21,169.44728088378906,44789000.0,10.75,0.016052941005397114,0.011666454865226772,0.0037553831105905378,66.03800666398155,2.3438684154275506,2.158919515652261,0.040865277188838034,0.02850337177843265,0.05609779947952531,0.1394733170582938,0.009250852131682289,1.0,0.011600827995072782,1,-3.0237436294555665e-05,20,2.2592932678932367e-05,86
2017-06-22,171.4130096435547,24139000.0,10.479999542236328,0.0,-0.002262311626045621,-0.0009189326734712067,66.66688229032576,2.5858256156893447,2.244300735659678,0.041062979691443235,0.018912494194301077,0.04866185539985124,0.134210348384034,0.00931649578008185,0.9607857611423718,-0.004587348290500004,0,-3.0237436294555665e-05,20,2.2592932678932367e-05,86
2017-06-23,170.62667846679688,39621000.0,10.020000457763672,0.0005446196236498224,0.0032443773576753543,-0.000492720252500356,60.00013972367314,2.6831978511879697,2.3320801587653364,0.04807688450204628,0.023474439749177956,0.05314017225088152,0.13541680142956491,0.00933899571938034,1.0,0.02380973673314446,1,-3.0237436294555665e-05,20,2.2592932678932367e-05,86
2017-06-26,174.6892547607422,58686000.0,9.899999618530273,0.015715384861507697,-0.009701544091688219,-0.006014413655630713,70.34890096871806,3.0529890465949165,2.4762619363312526,0.026004392787665864,0.023584985539430336,0.04830905148204967,0.13612570445302508,0.009326048537074288,0.9599983543847883,-0.01627908093988395,0,-3.844499588012695e-05,20,2.7620515158010085e-05,86
2017-06-27,171.84547424316406,43269000.0,11.0600004196167,-0.02878533448695708,-0.02714487955760614,0.002281452364906844,61.267988752202946,3.08106530886937,2.5972226108388763,0.04303627547429101,0.07068256506267723,0.07326901401280961,0.15112275954102028,0.009798811901236784,1.0,-0.01418443242868872,0,-3.124475479125977e-05,20,2.1583119104074876e-05,86
2017-06-28,169.40794372558594,48568000.0,10.029999732971191,0.007409886304499125,0.017660651619795242,0.002210254215414764,53.72536962165307,2.873503646185071,2.6524788179081153,0.009468892636405268,0.050721118747501404,0.055797180863425666,0.12365030791452525,0.010230536196252927,0.8692769656151494,0.007193992534352489,1,-3.124475479125977e-05,20,2.1583119104074876e-05,86
2017-06-29,170.6266632080078,26019000.0,11.4399995803833,-0.015275607878808661,-0.025075440336962407,0.0011850298366968826,57.47758645308159,2.775357417367104,2.677054537799913,-0.00023214983443786696,0.040821297093068365,0.061330259241251905,0.10771196604843647,0.010555229036895795,0.7383111148746734,-0.007142608660969718,0,-3.124475479125977e-05,20,2.1583119104074876e-05,86
2017-06-30,169.40794372558594,30867000.0,11.180000305175781,0.004308810971403343,-0.0052959473413553,-0.002071269219597438,63.03987451204078,2.5696144313209004,2.655566516504111,-0.004587437308183562,0.04326889750023666,0.04830895773395105,0.10432527330403452,0.010510294080198742,0.7905377497948616,0.002398237701510819,1,-3.124475479125977e-05,20,2.1583119104074876e-05,86
2017-07-03,169.81422424316406,19027000.0,11.220000267028809,-0.002288279298438667,-0.013914276544314874,0.0021084958545818377,63.06014544852992,2.4115462706490973,2.6067624673331085,-0.007142697450141733,0.01867595382746723,0.030861157521124172,0.08813140705696942,0.01057858371395954,0.7277020642864055,-0.009569730104695418,0,-3.124475479125977e-05,20,2.1583119104074876e-05,86
2017-07-04,168.18914794921875,21132000.0,11.220000267028809,0.0,0.0,0.0,60.92918060884303,2.130585970085548,2.5115271678835964,-0.027906871113824727,0.013928396567586265,0.018711093881799146,0.09074100482157155,0.010573622904634577,0.748649390721214,0.007246577982160662,1,-3.124475479125977e-05,20,2.1583119104074876e-05,86
2017-07-05,169.40794372558594,23276000.0,11.069999694824219,-0.0017203450153356892,0.02084253885577758,0.0030903725954816164,61.59829414103427,1.9834060703788907,2.4059029483826553,-0.021276826230358314,-0.012009401577171785,0.01615166176327021,0.08303759468827909,0.010704248854477415,0.5796592207546164,-0.004796295260476646,0,-3.124475479125977e-05,20,2.1583119104074876e-05,86
2017-07-06,168.5954132080078,15242000.0,12.539999961853027,-0.009190119664410301,-0.004540287139063737,-0.0008521211853730337,54.91837451968168,1.7806740156978549,2.280857161845695,0.0,-0.00023214983443786696,0.01867595382746723,0.0639507855922854,0.010087871268650505,0.6495655968499824,-0.007228934854149216,0,-3.124475479125977e-05,20,2.1583119104074876e-05,86
2017-07-07,167.37664794921875,20655000.0,11.1899995803833,0.003768302412886726,0.01721226049418556,0.0030506315491787284,49.77555972855468,1.5043223394979464,2.1255501973761457,-0.011904645861378294,-0.01643747135299667,0.006651107965276459,0.05364426182281323,0.010119352758886846,0.5956512098590936,0.0,0,-3.124475479125977e-05,20,2.1583119104074876e-05,86
2017-07-10,167.37664794921875,13292000.0,11.109999656677246,0.010684209353179597,0.011565030703882373,0.00032704000167660396,43.06614108141979,1.270664218948184,1.9545730016905534,-0.011990558008646679,-0.019047610530674275,0.004088137389829383,0.035847286976603776,0.010110811059639731,0.5147816543262625,0.029126291480250588,1,-3.124475479125977e-05,20,2.1583119104074876e-05,86
2017-07-11,172.251708984375,33265000.0,10.890000343322754,0.01085723671182759,0.007796896776055551,0.0,55.67930327172317,1.4620119937555671,1.8560608001035563,-0.01435437051760069,-0.04186065606347067,0.025863090453433824,0.025863090453433824,0.010014248108565741,0.5147816543262625,-0.0070754014992707726,0,-3.955960273742676e-05,20,2.642703610797261e-05,86
2017-07-12,171.032958984375,26426000.0,10.300000190734863,0.008761951160259462,0.01621686475385875,-0.0005884546042222993,49.2063401020825,1.4980450139749735,1.7844576428778398,0.024154715596649945,0.0023639536798980565,0.053204974802711025,0.06343039778614967,0.010852141839856416,0.8382598764575868,0.01900227463810622,1,-3.955960273742676e-05,20,2.642703610797261e-05,86
2017-07-13,174.28297424316406,50090000.0,9.899999618530273,0.01288887194475441,-0.0024980148466793306,-0.0034347250011292907,56.923071589169666,1.7684647511559888,1.7812590645334698,0.009592320307135749,0.009592320307135749,0.050805188357273545,0.05590620075528352,0.010930985615617936,0.7573913334015068,-0.006993112912324184,0,-4.825294017791748e-05,20,3.0936196792957394e-05,86
2017-07-14,173.06419372558594,22335000.0,9.510000228881836,0.0027661267678469326,0.013016742354298838,-0.00341375647568809,46.551639282689166,1.8629539654806706,1.79759804472291,0.03373496898245465,0.021428720262195444,0.06562481486301852,0.08386289806555425,0.011174204948410687,0.9730417940278047,0.0,0,-4.825294017791748e-05,20,3.0936196792957394e-05,86
2017-07-17,173.06419372558594,21372000.0,9.819999694824219,-0.009379297062037328,-0.004319307531269523,-0.0005599353884945257,52.94106383511483,1.915753732082834,1.821229182194895,0.03398052145298536,0.021582518030692555,0.04066154596838145,0.07892112596176681,0.01123997859335272,0.8921712260182225,0.004694966070604378,1,-4.825294017791748e-05,20,3.0936196792957394e-05,86
2017-07-18,173.87672424316406,18613000.0,9.890000343322754,-0.0011139360258478614,0.0034558924915353284,0.00174662195820674,61.70203924414191,2.0001063684915437,1.8570046194542247,0.03398052145298536,0.019138381940067006,0.03333334548097655,0.08157209722532532,0.011223338143882836,0.8921712260182225,0.002336425428810518,1,-4.825294017791748e-05,20,3.0936196792957394e-05,86
2017-07-19,174.28297424316406,20637000.0,9.789999961853027,0.015054421888279768,0.008909301982609641,-0.0015132917046867256,60.0,2.075808788828965,1.900765453329173,0.009433957249948,0.033816547400921326,0.021401029326058474,0.08932689199004518,0.011209396757378257,0.9460856130091113,0.00466213364275303,1,-4.825294017791748e-05,20,3.0936196792957394e-05,86
2017-07-20,175.0955047607422,20770000.0,9.579999923706055,-0.008514085331079446,0.003090193176550793,0.0008566761130206491,65.90893570526171,2.1762811105658955,1.9558685847765176,0.01900227463810622,0.028776870850135028,0.02853804046989361,0.08121968011757863,0.011142419369144166,0.9730417940278047,-0.006960661378734523,0,-4.825294017791748e-05,20,3.0936196792957394e-05,86
2017-07-21,173.87672424316406,15032000.0,9.359999656677246,-0.006925248309958998,-0.008131643795017851,0.0015142879729042047,60.869352215349046,2.132973160546527,1.9912894999305195,0.00466213364275303,0.038554379559037955,0.02148317169650693,0.08626047076346155,0.011146033116396224,1.0,0.002336425428810518,1,-4.825294017791748e-05,20,3.0936196792957394e-05,86
2017-07-24,174.28297424316406,19972000.0,9.430000305175781,0.010320748784319544,-0.004090172036317119,0.00026293988356673736,67.44178936822345,2.1071424514368005,2.014460090231776,0.004694966070604378,0.03883502491887292,0.0190476999585949,0.07607444217848691,0.01123170814466796,0.9212521726785244,-0.002330979269571043,0,-4.825294017791748e-05,20,3.0936196792957394e-05,86
2017-07-25,173.87672424316406,13344000.0,9.430000305175781,-0.003313014178610185,-0.0003808160774549929,-0.003023201823573518,63.41452913155002,2.0304842895823185,2.0176649301018847,0.007042360937529635,0.04126218548743221,-0.0023257327311549947,0.07077287713758551,0.011198593074143033,0.9475007911852596,-0.004673026370348499,0,-4.825294017791748e-05,20,3.0936196792957394e-05,86
2017-07-26,173.06419372558594,14684000.0,9.600000381469727,0.0033240267262844014,0.01157276064645818,0.00013183394279558946,63.41452913155002,1.8824678047945724,1.9906255050404225,0.0,0.009433957249948,0.01182021236780284,0.06827692775855887,0.011212941979602988,0.9212521726785244,0.011737327008134013,1,-4.825294017791748e-05,20,3.0936196792957394e-05,86
2017-07-27,175.0955047607422,23013000.0,10.109999656677246,-0.0011042100648612774,-0.016210119200647632,-0.003163848995921703,72.09296231562011,1.9070897547904906,1.9739183549904362,-0.006993112912324184,0.01187627667364688,0.021582518030692555,0.06328484150430813,0.011252674685933632,0.868752963863784,-0.011601160394905108,0,-4.825294017791748e-05,20,3.0936196792957394e-05,86
2017-07-28,173.06419372558594,19724000.0,10.289999961853027,-0.008844983174440268,-0.003900616275566704,-0.0004958967757818789,64.58318824703144,1.742605333837048,1.9276557507597587,0.0,0.00466213364275303,0.02619075746260413,0.07576496339183625,0.011359155855313942,1.0,0.007042360937529635,1,-4.825294017791748e-05,20,3.0936196792957394e-05,86
2017-07-31,174.28297424316406,19993000.0,10.260000228881836,0.0027886911341314935,-0.007172952991665871,0.00033078290439747526,56.410174920571635,1.6911016796907177,1.8803449365459506,-0.004673026370348499,0.0,0.021582518030692555,0.0842364386978458,0.011067590559565068,0.8352784541980954,-0.011654983899660687,0,-4.825294017791748e-05,20,3.0936196792957394e-05,86
2017-08-01,172.251708984375,19704000.0,10.09000015258789,-0.003337032911115645,0.005510740758614352,-0.0013887909559309186,53.6584628519814,1.4694397456306376,1.798163898362888,0.0,0.007042360937529635,0.026315522270978997,0.07077287713758551,0.010740827220824202,0.9341108867375423,0.018867914499895777,1,-4.825294017791748e-05,20,3.0936196792957394e-05,86
2017-08-02,175.50173950195312,27320000.0,10.279999732971191,0.0064173355177399305,-0.006571209583850268,0.0011920297081542408,53.658505304564734,1.538288929799137,1.746188904650138,-0.009345789471605803,-0.009345789471605803,0.024154715596649945,0.0481657011093648,0.010857734480355525,0.7693930529983568,-0.01157430713177432,0,-5.699396133422852e-05,20,3.535040589266045e-05,86
2017-08-03,173.47042846679688,25694000.0,10.4399995803833,-0.007762386529961973,-0.004760242347800592,-0.00013228304256296397,51.16272163248336,1.4126583341944752,1.6794827905590055,0.014084633706682226,0.006993025360518601,0.03597113359830506,0.05283034930090835,0.011012580743607957,1.0,-0.0023418097528288273,0,-5.699396133422852e-05,20,3.535040589266045e-05,86
2017-08-04,173.06419372558594,21831000.0,10.029999732971191,0.006705765606102476,0.0006024307696834708,-0.0009261668961579872,50.0,1.265724944217368,1.5967312212906781,-0.009281085177862747,-0.009281085177862747,0.02891546790050814,0.048059677468274664,0.011117276407050632,0.8405316728937146,0.014084633706682226,1,-5.699396133422852e-05,20,3.535040589266045e-05,86
2017-08-07,175.50173950195312,21564000.0,9.930000305175781,0.021093583734718147,0.01741632282971084,-3.315315906982086e-05,54.16662428197065,1.3306300716182307,1.5435109913561886,0.0,-0.004673026370348499,0.03398052145298536,0.04066154596838145,0.011115556861901472,0.8086401636801194,0.006944201726321486,1,-5.699396133422852e-05,20,3.535040589266045e-05,86
2017-08-08,176.720458984375,25122000.0,10.960000038146973,-0.002446388999289062,-0.00407919915206012,0.00036425478384360943,55.99985877647847,1.4635375794717334,1.5275163089792976,0.006993025360518601,0.006993025360518601,0.048543758357495026,0.047887467148976626,0.011260313069804809,1.0,-0.01379288371713916,0,-5.699396133422852e-05,20,3.535040589266045e-05,86
2017-08-09,174.28297424316406,28050000.0,11.109999656677246,-0.006539555280681841,-0.002998829039289941,-0.0010922401958785022,48.14810435440657,1.356545675163801,1.4933221822161984,0.025943138830659462,0.016354890245309672,0.025943138830659462,0.06014141563004749,0.01125552594190774,1.0,-0.002330979269571043,0,-5.699396133422852e-05,20,3.535040589266045e-05,86
2017-08-10,173.87672424316406,26273000.0,16.040000915527344,-0.030718621284288705,-0.02794154093663548,0.0006957989668048281,50.0,1.2248534917297889,1.4396284441189167,-0.006944462557737174,0.007042360937529635,0.01900227463810622,0.06819244357643384,0.010944366426638272,0.8253543084984841,-0.007009364042795285,0,-5.699396133422852e-05,20,3.535040589266045e-05,86
2017-08-11,172.657958984375,41417000.0,15.510000228881836,0.022637135880141823,0.005848900075129393,0.0029137557843463835,46.2963104648696,1.0104939713384624,1.353801549562826,0.0023421616004422052,-0.006960661378734523,-0.002330979269571043,0.06314086551043219,0.010960564177075414,0.7962465110329529,-0.007058842036348656,0,-5.699396133422852e-05,20,3.535040589266045e-05,86
2017-08-14,171.43919372558594,29299000.0,12.329999923706055,-0.0024901328549760127,0.025810827303395678,0.0013865901493914645,44.64286193362147,0.7338094378938251,1.229803127229026,-0.0023473066985483237,-0.0023473066985483237,-0.0023473066985483237,0.06078898587338033,0.010996755474469135,0.6915437526140115,0.014218047020681635,1,-5.699396133422852e-05,20,3.535040589266045e-05,86
2017-08-15,173.87672424316406,13512000.0,12.039999961853027,0.010263425785182356,0.0024595091160433125,-0.0016484617961826098,51.66670839958434,0.7031181844560592,1.1244661386744326,-0.023148179544522307,-0.016317029990608356,-0.009389579467701026,0.04823698280016209,0.011060838703894448,0.4930812064829271,-0.004673026370348499,0,-5.699396133422852e-05,20,3.535040589266045e-05,86
2017-08-16,173.06419372558594,25176000.0,11.739999771118164,-0.0021966108305458976,0.0014956654759459287,6.607254286516984e-05,45.61395532114819,0.6062423385147611,1.0208213786424982,-0.016091712060697927,0.009433957249948,0.0,0.04554741661768569,0.010977845043617256,0.6956557949950682,0.004694966070604378,1,-5.699396133422852e-05,20,3.535040589266045e-05,86
2017-08-17,173.87672424316406,8334000.0,15.550000190734863,-0.015134697873419034,-0.025836236765302778,0.0019482239626824605,51.8519007979345,0.5882509638830129,0.9343072956906012,-0.006993112912324184,-0.013889012059279726,-0.006993112912324184,0.03333334548097655,0.010971834458265108,0.6086965751948213,-0.007009364042795285,0,-5.699396133422852e-05,20,3.535040589266045e-05,86
2017-08-18,172.657958984375,13711000.0,14.260000228881836,0.0019555514565730014,0.002047362416127241,-0.0016148629242873636,46.2963001604634,0.4702280034119326,0.8414914372348675,0.0,0.0023421616004422052,-0.006960661378734523,0.021401029326058474,0.010711380826617387,0.6956557949950682,-0.0047057473978623365,0,-5.699396133422852e-05,20,3.535040589266045e-05,86
2017-08-21,171.84547424316406,11882499.0,13.1899995803833,0.0033463388652090753,-0.0068757008801921815,0.0004951273961404379,49.0196540527324,0.3075875507136345,0.734710659930621,0.0,-0.0023473066985483237,-0.007009364042795285,0.018947947018328914,0.010745867400658813,0.5652202313686809,0.014184254841363542,1,-5.699396133422852e-05,20,3.535040589266045e-05,86
2017-08-22,174.28297424316406,14211415.0,11.350000381469727,0.015008591938118654,0.01608236087915582,-3.297537639279646e-05,46.93876299549206,0.3711018678222331,0.6619889015089435,0.0023698228435933277,-0.0208332137856011,-0.013985875617426258,0.0025229391894388,0.010629068352444494,0.4782659106794087,0.00466213364275303,1,-5.699396133422852e-05,20,3.535040589266045e-05,86
2017-08-23,175.0955047607422,11589917.0,12.25,0.0016431531835394697,0.004409988042833657,-0.0009238444439787497,54.34799826571613,0.4814519653315017,0.6258815142734552,0.002336425428810518,-0.01379288371713916,0.002336425428810518,0.021428628917949055,0.010819482920214521,0.7391337718582002,0.006960487087691591,1,-5.699396133422852e-05,20,3.535040589266045e-05,86
2017-08-24,176.3142547607422,15224842.0,12.229999542236328,0.0068338672889523,-0.00044180415648720217,-0.000297251585011038,58.33342462451935,0.6596441845728975,0.6326340483333437,0.011737327008134013,0.00466213364275303,0.011737327008134013,0.0023255580347880667,0.010201775409748919,0.8260929916584471,0.002303864904082964,1,-5.699396133422852e-05,20,3.535040589266045e-05,86
2017-08-25,176.720458984375,10125387.0,11.279999732971191,0.0005432125898439111,-0.005000371517835278,-0.0008919569002594496,53.48827255606917,0.8241399162390337,0.6709352219144817,0.01401872808559057,0.01401872808559057,0.006960487087691591,0.02600464479649167,0.009917692210743734,0.9565269222478427,-0.006896312342249078,0,-5.699396133422852e-05,20,3.535040589266045e-05,86
2017-08-28,175.50173950195312,15236159.0,11.319999694824219,-0.0021709787451286156,0.0019620500853192446,-0.004562841664456196,46.51172744393084,0.8464066428356603,0.7060295060987175,0.023529178868421763,0.023529178868421763,0.021126641970704352,0.04316512613265755,0.009638191601988158,1.0,0.0,0,-5.699396133422852e-05,20,3.535040589266045e-05,86
2017-08-29,175.50173950195312,16160161.0,11.699999809265137,0.0029915668138127405,0.0020690456896028664,0.0011625538552282322,54.05408423367133,0.854206424153972,0.7356648897097684,0.021276471055707846,0.023696715366440024,0.006993025360518601,0.028571597206951127,0.009664370387686866,0.8695693354845874,0.006944201726321486,1,-5.699396133422852e-05,20,3.535040589266045e-05,86
2017-08-30,176.720458984375,19674310.0,11.220000267028809,0.0013558444235775013,0.017357038059234275,0.0013270630432464792,58.974284891543135,0.9478026055606392,0.7780924328799426,0.006993025360518601,0.009345789471605803,0.018867914499895777,0.03597113359830506,0.009585225437589776,0.8695693354845874,-0.004597311310263086,0,-5.699396133422852e-05,20,3.535040589266045e-05,86
2017-08-31,175.90802001953125,26434202.0,10.59000015258789,0.0010831692186870079,0.009622373810862728,-0.0014910068141532618,60.526534283539746,0.945521831910952,0.8115783126861446,0.009280388013691354,0.021126641970704352,0.006944201726321486,0.04066935365391777,0.009628284243036803,1.0,0.0,0,-5.699396133422852e-05,20,3.535040589266045e-05,86
2017-09-01,175.90802001953125,17805405.0,10.130000114440918,0.006762278931826682,0.004513920688206108,0.001493233235081881,65.71460459286334,0.9329597234171843,0.8358545948323526,-0.002304037990361052,0.011682390413143784,0.014051914059812987,0.04589399592322718,0.009525234800906099,0.9130505784217025,0.004618544195731156,1,-5.699396133422852e-05,20,3.535040589266045e-05,86
2017-09-04,176.720458984375,15023185.0,10.130000114440918,0.0,0.0,-0.0017560550309362322,61.2903851163467,0.977295541896325,0.8641427842451471,-0.004597311310263086,0.01882369659802574,0.016432204910361348,0.03836937129981588,0.009476931364118871,0.9130505784217025,0.00229908737619966,1,-5.699396133422852e-05,20,3.535040589266045e-05,86
2017-09-05,177.1267547607422,17357347.0,12.229999542236328,-0.009941046500287487,-0.014035021903275768,-0.0017923809754131215,66.66708400524846,1.0333053699660297,0.8979753013893237,0.006944201726321486,0.028368420889064216,0.006944201726321486,0.048192567174664136,0.009449234381204286,1.0,-0.004587110519229554,0,-5.699396133422852e-05,20,3.535040589266045e-05,86
2017-09-06,176.3142547607422,16012662.0,11.630000114440918,0.011397371073250895,0.0019299990697867475,-0.0008312701677514189,60.000250403776086,1.0005973393087686,0.9184997089732128,0.009259254429047958,0.016317029990608356,0.00229908737619966,0.058252491796117134,0.009356728835369171,1.0,0.0,0,-5.699396133422852e-05,20,3.535040589266045e-05,86
2017-09-07,176.3142547607422,19135540.0,11.550000190734863,0.007244710633563356,0.00142884173847313,0.0008985466217859006,66.6671303786533,0.9635685706820141,0.927513481314973,-0.002298569310917875,0.006960487087691591,0.01165507145146627,0.0533981706589981,0.00940003826873625,0.8666676682617067,0.004608249067000081,1,-5.699396133422852e-05,20,3.535040589266045e-05,86
2017-09-08,177.1267547607422,25512045.0,12.119999885559082,-0.0010655684258311648,-0.01250742862484644,-0.0012967002665950078,74.0745480901121,0.9883914035735302,0.9396890657666845,0.0023093588408638066,0.0,0.01401872808559057,0.02358493741699652,0.008306541574759263,0.8666676682617067,-0.004587110519229554,0,-5.699396133422852e-05,20,3.535040589266045e-05,86
2017-09-11,176.3142547607422,19026886.0,10.729999542236328,0.009066714963139377,0.020091606598443557,-0.0016313142226788147,60.86990603290319,0.9317609575076347,0.9381034441148746,0.006928250008587655,0.00229908737619966,0.025882361882730187,0.035629365313874395,0.008238977437595128,1.0,0.00921658467713904,1,-5.699396133422852e-05,20,3.535040589266045e-05,86
2017-09-12,177.93927001953125,21588321.0,10.579999923706055,0.0005288358902719725,0.0042493593677637165,0.000566836418654848,64.0003064954499,1.0064048627724276,0.9517637278463852,-0.002298569310917875,0.004629670686426612,0.02843609404136327,0.01165507145146627,0.0077628226541317565,0.8571443901915544,-0.004566250376883518,0,-5.699396133422852e-05,20,3.535040589266045e-05,86
2017-09-13,177.1267547607422,17555541.0,10.5,-0.008716802521103073,0.0016426423592501571,0.00013336502394811767,54.16673187618747,0.9886015216061423,0.9591312865983367,0.004587196665385651,0.013888925115474349,0.023364517557196374,0.02816917924498763,0.007794004118716991,1.0,0.0022935552596148323,1,-5.699396133422852e-05,20,3.535040589266045e-05,86
2017-09-14,177.5330047607422,18315567.0,10.4399995803833,-0.003996591890639056,0.004794842158491575,0.0009330493253221217,54.166947066289595,0.9957943281384587,0.9664638949063611,0.004608249067000081,0.00229908737619966,0.023474301342760295,0.023474301342760295,0.007835618179183813,0.874999119695579,0.0,0,-5.699396133422852e-05,20,3.535040589266045e-05,86
2017-09-15,177.5330047607422,44551103.0,10.170000076293945,0.007222954954912542,0.017083260022791702,0.0016645882068238027,61.9049577981717,0.990081634360223,0.9711874427971335,0.006912373600500121,0.00923769559244958,0.021028004372022124,0.021028004372022124,0.007813608356077119,0.9374983861085615,0.004576699751598801,1,-5.699396133422852e-05,20,3.535040589266045e-05,86
2017-09-18,178.34552001953125,17654705.0,10.149999618530273,0.011155442505540236,0.012400992462636484,-0.001096787277343636,65.21765401373077,1.0391389275785627,0.9847777397534194,0.0022935552596148323,0.00923769559244958,0.028235279769572408,0.018648009260179288,0.00780871536707076,0.9374983861085615,0.009111441324867409,1,-5.699396133422852e-05,20,3.535040589266045e-05,86
2017-09-19,179.9705047607422,23410233.0,10.180000305175781,0.006041735393324643,0.003514476672310085,0.0012643308172799461,66.6669796689375,1.1953605021615488,1.0268942922350452,0.01152070921063908,0.009195658751089741,0.03782494595795716,0.018561386046032524,0.007807607668573913,1.0,0.0,0,-5.699396133422852e-05,20,3.535040589266045e-05,86
2017-09-20,179.9705047607422,20320237.0,9.779999732971191,-0.01253278311801509,-0.014060331642971047,0.0007311334298543137,72.72714856187758,1.3041339807988095,1.082342229947798,0.011415325807439647,0.016054886817303604,0.032633884877605546,0.03504655694488501,0.007828485332983354,1.0,-0.0022568904087626462,0,-5.699396133422852e-05,20,3.535040589266045e-05,86
2017-09-21,179.5643310546875,18645565.0,9.670000076293945,0.011105481295033082,-0.004118039847891386,0.00023244900736996144,69.56567180753427,1.3420921202076954,1.1342922079997775,0.016054886817303604,0.020737120801500142,0.027841948350766588,0.032633884877605546,0.007825968585542574,1.0,-0.01131252672518046,0,-5.699396133422852e-05,20,3.535040589266045e-05,86
2017-09-22,177.5330047607422,21557370.0,9.59000015258789,-0.012291248954437672,0.005000542655670515,0.0022575241676539015,53.84634275651554,1.1944937829602509,1.1463325229918722,0.011441964251564851,0.018433428983695377,0.018433428983695377,0.03271057029789337,0.007825255168819488,0.9523902358757164,-0.006864920703857247,0,-5.699396133422852e-05,20,3.535040589266045e-05,86
2017-09-25,176.3142547607422,16876286.0,10.210000038146973,-0.018532885022050305,-0.019702698429435395,-0.0008612100408587064,46.428581010202905,0.9680193730602866,1.1106698930055552,0.0,0.0022935552596148323,0.0045979157197584275,0.025821696209685552,0.008003478328239898,0.7142877583579559,-0.01382492028727822,0,-5.699396133422852e-05,20,3.535040589266045e-05,86
2017-09-26,173.87672424316406,23070901.0,10.170000076293945,0.0018879649472447468,-0.0004791000587961447,0.001359293374854964,40.624926640781624,0.5851037186246231,1.005556658129369,-0.01138949416036139,0.0,0.004629670686426612,0.006960487087691591,0.007888176683084572,0.5714316375369338,0.004673026370348499,1,-5.699396133422852e-05,20,3.535040589266045e-05,86
2017-09-27,174.6892547607422,22590510.0,9.869999885559082,0.002961951425319853,0.023615034631923493,-0.00023175636911654252,44.117686048284284,0.34324797688069,0.8730949218796331,-0.03385988457208233,-0.0228310803788353,-0.009259254429047847,0.004694966070604378,0.007976260147149816,0.2857158187684669,-0.004651290765943172,0,-5.699396133422852e-05,20,3.535040589266045e-05,86
2017-09-28,173.87672424316406,31616062.0,9.550000190734863,-0.005369134031897871,0.0075368095457502005,0.0028810773168770343,38.23528761941795,0.08503095300804375,0.7154821281053153,-0.029345086335236137,-0.013761331557688772,-0.011493882685153056,0.0023311543731820983,0.007934539911258974,0.3809568097755711,0.011682390413143784,1,-5.699396133422852e-05,20,3.535040589266045e-05,86
2017-09-29,175.90802001953125,21380708.0,9.510000228881836,0.01349523055363644,0.008651231684040583,0.002707661603455147,48.64871449468531,0.0437958429262153,0.5811448710694953,-0.031674479993419435,-0.020594934009626087,-0.011547488148304197,0.009433957249948,0.00775329268451049,0.2857158187684669,0.018475911642888088,1,-5.699396133422852e-05,20,3.535040589266045e-05,86
2017-10-02,179.1580810546875,27983551.0,9.449999809265137,0.015445980335721865,0.005982564241255206,-0.0017453565770333412,53.65867288140872,0.27025416298366167,0.5189667294523286,-0.009153141656115693,-0.009153141656115693,0.0,0.002314965758921206,0.00740392167844508,0.5238147191598046,0.009069946574928878,1,-6.604194641113281e-05,20,3.947421561839969e-05,86
2017-10-03,180.7830352783203,36679938.0,9.510000228881836,0.008130450992821059,0.0031219967855249386,0.004255590382075125,60.46511221635824,0.5742249311477394,0.5300183697914108,0.016129304450195336,0.004556105670987742,0.013793660815061726,0.03278744762528363,0.007696243502838689,0.9047715289353756,0.0,0,-6.604194641113281e-05,20,3.947421561839969e-05,86
2017-10-04,180.7830352783203,36679938.0,9.630000114440918,-0.004422619653503768,0.0023764082404864606,-0.000492720252500356,59.52381378228574,0.8058347930295611,0.5851816544390409,0.03971958331523351,0.004514798236846307,0.02064216962884524,0.04460103148184147,0.007783662156123294,1.0,0.008989012894127013,1,-6.604194641113281e-05,20,3.947421561839969e-05,86
2017-10-05,182.40809631347656,23349939.0,9.1899995803833,0.004964614868938622,0.000700243040671733,-3.2847493413368234e-05,63.043574112571214,1.107746707074483,0.6896946649661294,0.03488354521818926,0.004514798236846307,0.02534554295477842,0.030092555158454326,0.007507741730177159,1.0,0.0,0,-6.604194641113281e-05,20,3.947421561839969e-05,86
2017-10-06,182.40809631347656,15642516.0,9.649999618530273,0.0,0.004535992923221155,-0.003089458385340915,61.36372366661004,1.3316634863737704,0.8180884292476577,0.04906563605593073,0.015837027554893357,0.03456238726133454,0.032184373907745645,0.007555476427252021,1.0,0.0,0,0.0,0,3.947421561839969e-05,86
2017-10-09,182.40809631347656,15642516.0,10.329999923706055,0.008060386663265806,0.007058655020645732,0.0008901001993120161,57.50018310306167,1.4919212082023137,0.9528549850385889,0.0369515630567816,0.02746019850959236,0.02981673525192874,0.04662028580586486,0.007197797701049785,1.0,0.0,0,-6.604194641113281e-05,20,3.947421561839969e-05,86
2017-10-10,182.40809631347656,15642516.0,10.079999923706055,0.0051586338809641585,0.006117351949329164,0.00042822519191765274,57.50018310306167,1.6004773012793407,1.0823794482867393,0.018140489335767063,0.03456238726133454,0.03456238726133454,0.04906563605593073,0.007179576345380509,1.0,0.03786144848166306,1,-6.604194641113281e-05,20,3.947421561839969e-05,86
2017-10-11,189.3143310546875,63667562.0,9.850000381469727,0.03541167073954443,0.006618613781933069,-0.0004938558467187937,71.4283127269508,2.2182140224900877,1.3095463631274091,0.008989012894127013,0.04906563605593073,0.025114334196463695,0.05647082466661102,0.007065458785673952,1.0,0.019313520923511573,1,-7.53253698348999e-05,20,4.3329804442649665e-05,86
2017-10-12,192.9706573486328,42390186.0,9.90999984741211,0.0022306643680234384,-0.0033657008513249265,-0.004776508089974207,81.66662284704825,2.968589744636688,1.641355039429265,0.04719079842438223,0.08372052599329072,0.06880708851922424,0.1042651737951672,0.00892051581654688,1.0,0.0,0,-8.482635021209717e-05,20,4.696707392847815e-05,86
2017-10-13,192.9706573486328,23145071.0,9.609999656677246,0.009396544806318907,0.006696379749854042,-0.000662003767853192,85.96481517357171,3.52266086888676,2.0176162053207642,0.05790620728261975,0.10981304823045868,0.08695652173913038,0.10981304823045868,0.009117599594275569,1.0,0.0021051632760777927,1,-8.482635021209717e-05,20,4.696707392847815e-05,86
2017-10-16,193.37689208984375,19964072.0,9.90999984741211,0.0017149216468199668,0.004740798945269908,-0.001589836267585465,96.15374336475587,3.9490240838358375,2.403897781023779,0.05790620728261975,0.0969974952091841,0.08695652173913038,0.11502358283661485,0.009055936329781036,1.0,-0.010503941088670365,0,-8.482635021209717e-05,20,4.696707392847815e-05,86
2017-10-17,191.34567260742188,17652304.0,10.3100004196167,0.008804028313749601,-0.0007102058989241211,-6.631175115734411e-05,87.27282287952656,4.076031611664462,2.7383245471519158,0.060133272579725894,0.07936460890545027,0.0842823081211479,0.11214938590290546,0.00905038477824075,1.0,0.008492403925668413,1,-8.482635021209717e-05,20,4.696707392847815e-05,86
2017-10-18,192.9706573486328,28886850.0,10.069999694824219,0.006060698013670818,0.003300361956846576,0.0012938609660426703,91.22824820635013,4.2587168437445655,3.0424030064704457,0.048997695138409236,0.05842714894591805,0.06320573397180929,0.1082354600562494,0.009156080119598313,0.9056625301275687,0.006315806120653633,1,-8.482635021209717e-05,20,4.696707392847815e-05,86
2017-10-19,194.18942260742188,23481776.0,10.050000190734863,-0.010361329470102265,-0.0025322313583014955,0.0005632748584134539,90.90926474022861,4.45053735284182,3.3240298757447206,0.019313520923511573,0.06741573982066029,0.07223490652078457,0.12293127414910132,0.009129527335685539,0.9791676284837667,-0.006276167066282201,0,-8.482635021209717e-05,20,4.696707392847815e-05,86
2017-10-20,192.9706573486328,24722035.0,9.970000267028809,0.0012174067148700285,0.00513441634340106,0.00039734850874939553,84.00011117763407,4.452882262654612,3.549800353126699,0.006315806120653633,0.06458773778165283,0.08144764311950237,0.11421912238245269,0.008969646668016496,1.0,0.006315806120653633,1,-8.482635021209717e-05,20,4.696707392847815e-05,86
2017-10-23,194.18942260742188,15772559.0,11.069999694824219,0.002188780330515616,0.0047103553763570005,0.000397253821958099,83.67363364385402,4.501197785144626,3.7400798395302846,0.0,0.05790620728261975,0.08695652173913038,0.10208801540802526,0.009067093834166597,0.9399998347371908,-0.004184216146626896,0,-8.482635021209717e-05,20,4.696707392847815e-05,86
2017-10-24,193.37689208984375,14975093.0,11.15999984741211,0.0026688583914358244,0.0066605154928374155,0.0007941290367858844,80.39221318085508,4.422938876460847,3.876651646916397,0.004201797375048333,0.06458773778165283,0.10138243144853054,0.10138243144853054,0.00905965290902654,1.0,0.0,0,-8.482635021209717e-05,20,4.696707392847815e-05,86
2017-10-25,193.37689208984375,16880187.0,11.229999542236328,-0.0038720203641501305,-0.012935798943615184,0.00039671791754303243,78.72340935626248,4.311221054825836,3.963565528498285,0.010615445098616227,0.060133272579725894,0.11214938590290546,0.09425299821647393,0.00911545283585688,0.959998888232011,-0.008403200215132078,0,-8.482635021209717e-05,20,4.696707392847815e-05,86
2017-10-26,191.7519073486328,12959717.0,11.300000190734863,0.0009720212195722944,0.006312697489021968,-0.0003304986804636423,72.54910047517065,4.0449337103163145,3.9798391648618914,0.0021051632760777927,0.021459342314569474,0.1069764557339059,0.10185171177572117,0.009009337700039767,0.959998888232011,0.012711817538050951,1,-8.482635021209717e-05,20,4.696707392847815e-05,86
2017-10-27,194.18942260742188,17773541.0,9.800000190734863,0.023057966339062208,0.02143846058961385,-0.001190138159818388,75.43867741452965,3.9846535754579406,3.9808020469811014,-0.012552255555735359,-0.00631572704754868,0.10280377194402734,0.09259263123428374,0.00915495653755798,0.8800004206689688,0.016736471702362365,1,-8.482635021209717e-05,20,4.696707392847815e-05,86
2017-10-30,197.43946838378906,27784990.0,10.5,-0.00047448546264095004,0.0018677418862445005,-0.002482482563372579,78.46163802867036,4.151279302951934,4.0148974981752685,0.006315806120653633,0.006315806120653633,0.10392591870376822,0.0988508275920188,0.009271126290756548,1.0,0.0,0,-9.459257125854492e-05,20,5.034166713093602e-05,86
2017-10-31,197.43946838378906,22582013.0,10.180000305175781,0.004747217099268841,0.007662433277227709,0.0015264105801429118,70.83353873866261,4.2345184991030465,4.058821698360824,0.016736471702362365,0.021008592340277188,0.1020405399604678,0.12240174360365796,0.009467016712602328,1.0,-0.002057669938613005,0,-9.459257125854492e-05,20,5.034166713093602e-05,86
2017-11-01,197.033203125,20389054.0,10.199999809265137,-0.00543359872501592,-0.003214129422801193,-0.0005301244866768862,62.50008216232459,4.2190691478182885,4.090871188252318,0.021008592340277188,0.03184705299748081,0.0921349344523712,0.12240174360365796,0.009467016712602328,1.0,-0.006185505694828564,0,-9.459257125854492e-05,20,5.034166713093602e-05,86
2017-11-02,195.814453125,15810342.0,9.930000305175781,0.0011877326793205967,0.0045850650092500445,-0.0012927887337764732,58.1396303578588,4.06166217290496,4.085029385182846,0.01890769365275302,0.021052660711143867,0.08988768122883939,0.1149427986853575,0.009491692168245535,0.9827581517515775,-0.008298828261368296,0,-9.459257125854492e-05,20,5.034166713093602e-05,86
2017-11-03,194.18942260742188,16528682.0,9.140000343322754,0.0009489709252819001,0.017716508907853257,0.0016927972203153452,52.17398049500617,3.762418807420687,4.020507269630414,0.021186468664329272,0.008368275139595704,0.0734965008816495,0.10550466184230967,0.009588861383065181,0.9310345497497746,0.002092265226971479,1,-9.459257125854492e-05,20,5.034166713093602e-05,86
2017-11-06,194.59571838378906,21029415.0,9.399999618530273,0.005688427399478391,0.013361843356883396,-0.0007952605178148664,59.5238329453659,3.5175033686754773,3.9199064894394273,0.0,0.006315806120653633,0.06458773778165283,0.10138243144853054,0.009671906614263634,0.8620684519183944,0.018788953993268187,1,-9.459257125854492e-05,20,5.034166713093602e-05,86
2017-11-07,198.25196838378906,20200261.0,9.890000343322754,0.0018856359295700287,-0.000599630325263556,0.001425941522102736,63.8297923349492,3.5771992116110027,3.8513650338737424,-0.014403148586645487,0.002092265226971479,0.06681513768647385,0.10368681561144766,0.00966490880617261,0.8793115953291266,-0.006147556913178809,0,-0.0001045912504196167,20,5.347922790882199e-05,86
2017-11-08,197.033203125,14129103.0,9.779999732971191,-0.0018820869987026256,0.0034787557516435808,-0.0008609533496681809,57.446805110033864,3.485980216496273,3.778288070398249,0.004115185310470171,0.02521023190133964,0.08685947822778695,0.11926607954615442,0.009986395094348831,1.0,-0.006185505694828564,0,-0.0001045912504196167,20,5.347922790882199e-05,86
2017-11-09,195.814453125,20313949.0,10.5,-0.018618715411888753,-0.02003585612717418,-9.943852947802423e-05,57.44685101822765,3.2775638503352127,3.6781432263856417,0.0,0.01890769365275302,0.040772782637795935,0.1175114762693088,0.010017154224235896,0.9499998748009335,-0.0020745122535085203,0,-0.0001045912504196167,20,5.347922790882199e-05,86
2017-11-10,195.40823364257812,14121296.0,11.289999961853027,0.0019212987832812889,0.006488208635701653,0.00033147365422991903,53.33347244363945,3.044518546621674,3.5514182904328484,0.0,0.021186468664329272,0.014736933663595408,0.10045665076352561,0.010054527885245728,0.9000003755971996,-0.004158040035688759,0,-0.0001045912504196167,20,5.347922790882199e-05,86
2017-11-13,194.59571838378906,12087858.0,11.5,0.006950949650869065,0.0027012549711147305,-0.00235266413221491,53.33351695909069,2.7624217946165572,3.3936189912695904,0.0062764027967694425,0.0062764027967694425,0.012631849460622568,0.10321127887500703,0.010020132523489026,0.8833351278532867,0.0020873479037326614,1,-0.0001045912504196167,20,5.347922790882199e-05,86
2017-11-14,195.0019073486328,16880176.0,11.59000015258789,-0.0035703900624106666,-0.0012092302865707172,0.0013949720064847515,54.347849162535745,2.5423277690773602,3.2233607468311445,0.0,-0.014403148586645487,0.006302853876558601,0.09611009314038244,0.010070969109010926,0.8500015023887982,-0.010416564779381576,0,-0.0001045912504196167,20,5.347922790882199e-05,86
2017-11-15,192.9706573486328,28720308.0,13.130000114440918,-0.007644693152956683,-0.009042183010057436,0.000829174754447104,53.19147405888435,2.1788799967138743,3.0144645968076906,-0.016393587724004677,-0.012345865064922301,0.019108008513536223,0.09839805624555908,0.010064812409879728,0.8666654981420459,0.0021051632760777927,1,-0.0001045912504196167,20,5.347922790882199e-05,86
2017-11-16,193.37689208984375,16487172.0,11.760000228881836,0.013480910506637356,0.015395944116488147,0.0,47.61896670756529,1.9017031174178385,2.79191230092972,-0.0206185846442839,-0.0206185846442839,0.0,0.0820045119580235,0.01024585003453731,0.7833329994691559,0.014706132998683508,1,-0.0001045912504196167,20,5.347922790882199e-05,86
2017-11-17,196.22071838378906,18676825.0,11.430000305175781,-0.0007124634188024892,-0.0047063320739050285,-0.0015575469378441564,46.341483524033755,1.8897278523306227,2.611475411209901,-0.012448320316785888,-0.012448320316785888,-0.004184216146626896,0.07449213606932092,0.01018290149427279,0.7999988732084014,-0.01242239116060384,0,-0.0001045912504196167,20,5.347922790882199e-05,86
2017-11-20,193.78318786621094,16265271.0,10.649999618530273,0.0033277140462415478,0.012150615740851967,-0.0018919647305106757,40.42551321147957,1.664363283098453,2.4220529855876114,0.004157883862238254,0.010460383212909097,0.01684225508588333,0.09029376032839576,0.01037191364032334,0.9166675013271101,0.018867893328818885,1,-0.0001045912504196167,20,5.347922790882199e-05,86
2017-11-21,197.43946838378906,20513024.0,9.729999542236328,0.008765613577573994,0.01142264171140761,0.00023278140671512126,50.90911946700503,1.7604975988276408,2.289741908235617,-0.0041754799351526595,-0.0041754799351526595,-0.0020919509196553054,0.07918530772791943,0.010592621810572023,0.8166672509289771,-0.004115339877226121,0,-0.0001045912504196167,20,5.347784175429233e-05,86
2017-11-22,196.62693786621094,26626431.0,9.880000114440918,-0.003992506673594076,-0.006592373288142106,-0.002659748854975663,51.85180290559899,1.7509366071980992,2.1819808480281138,0.012500190732997574,-0.004098319964355168,0.021008592340277188,0.11212824144938249,0.010699658156787629,0.9666670005308441,0.002066172942516653,1,-0.0001045912504196167,20,5.347784175429233e-05,86
2017-11-23,197.033203125,9346763.0,9.880000114440918,0.0,0.0,-0.00013333256186531806,56.862768202887835,1.755900732893764,2.096764825001244,0.018947339288855947,-0.0020619126743390837,0.016806794965228855,0.11520726519266966,0.010648693934887954,0.9333327490710229,0.006185583137558126,1,-0.0001045912504196167,20,5.347784175429233e-05,86
2017-11-24,198.25196838378906,11154453.0,9.670000076293945,0.013676378186531002,0.009472549884565362,0.0003334076500236538,58.49051790118207,1.8370031798476703,2.0448124959705294,0.01890769365275302,0.006224004308926112,0.02754233764551306,0.13317756578765505,0.010326319001195568,0.9499998748009335,-0.028688547617070292,0,-0.0001045912504196167,20,5.347784175429233e-05,86
2017-11-27,192.5644073486328,32247324.0,9.869999885559082,-0.044196533906285085,-0.013073003270639094,-0.0008998942643310137,37.93099875405063,1.4259019012395697,1.9210303770243375,0.010351863028179586,0.014552788734646827,0.020920530695331063,0.1348835888922808,0.010334813031400145,1.0,-0.012658340188247075,0,-9.718835353851318e-05,20,-5.009912309192476e-05,84
2017-11-28,190.12686157226562,44803178.0,10.029999732971191,-0.0038939190530126178,-0.0008081171616852734,0.0003002561434959361,36.0655091688946,0.8931163144576146,1.715447564510993,-0.006289402765009666,-0.01043862142511287,-0.024691420996332702,0.10747662280164816,0.01138496433071437,0.7454540736294272,0.002137052238680104,1,-9.718835353851318e-05,20,-5.009912309192476e-05,84
2017-11-29,190.53317260742188,25762797.0,10.699999809265137,-0.037136668949349194,-0.04388997507166703,-0.00020011067787018,38.983113428917385,0.49792602204027503,1.4719432560168495,-0.03703720877787697,-0.0249999902188206,-0.03703720877787697,0.08083111589315628,0.011524622644267048,0.5744655516459595,-0.036247449503002405,0,-9.718835353851318e-05,20,-5.009912309192476e-05,84
2017-11-30,183.6268310546875,109231770.0,11.279999732971191,0.004821124108655539,0.005960458023487769,-0.00030016247455011413,30.666668002119366,-0.36830360183293465,1.1038938844468928,-0.030991507699394627,-0.012631375021992186,-0.032989518591211464,0.06349192559872385,0.011223870469962142,0.5581415459224138,0.022123756291253294,1,-9.713172912597656e-05,20,-5.0052290871029805e-05,84
2017-12-01,187.68934631347656,37446265.0,11.430000305175781,0.00252519753787972,-0.010922968748351303,0.0004003580120859329,39.75897562604703,-0.7187010517238548,0.7393748972127434,-0.06804118218495059,-0.050419990360721756,-0.062240666487128116,0.015730434949214667,0.012577742043633157,0.1627916117829154,0.012986966530950328,1,-8.715391159057617e-05,20,-4.428908938453311e-05,84
2017-12-04,190.12686157226562,21635032.0,11.680000305175781,-0.00780839462853633,-0.02447070133134377,0.00030019605302311625,43.18184437265439,-0.7905929812594934,0.43338132151829606,-0.05327877526978542,-0.04347844682550772,-0.033472864827895576,0.038202207549639766,0.013014182684579385,0.33333076514141746,-0.019230500682415275,0,-8.715391159057617e-05,20,-4.428908938453311e-05,84
2017-12-05,186.4706268310547,29664765.0,11.329999923706055,-0.004823806768088357,0.0005375527896822607,0.0013336558884173844,41.304413502199274,-1.129574409895298,0.12079017523557724,-0.012658340188247075,-0.018868129553476387,-0.02296482599226457,0.04231591368359,0.013088632224285166,0.487176696740194,-0.010893382034949495,0,-8.718669414520264e-05,20,-4.4324568339756555e-05,84
2017-12-06,184.4393310546875,32371690.0,11.020000457763672,-0.01326519642609425,0.0030524781810410406,-0.0019645716591691897,38.54174084034903,-1.5443261961447092,-0.21223309904048007,-0.019230500682415275,-0.0555554653916146,-0.05942610128302628,0.022271656794205397,0.013458153146378809,0.25641020702195033,-0.0022027040353372884,0,-8.718669414520264e-05,20,-4.4324568339756555e-05,84
2017-12-07,184.03306579589844,41343903.0,10.15999984741211,0.008531774746860066,0.009949206878795636,0.0006339374554074073,33.33333333333333,-1.8840836425267753,-0.5466032077377392,-0.03198310020948547,-0.061983403412487315,-0.06391751172173155,0.011135661093245375,0.01357471890529533,0.1282031773670383,0.0022075666513083902,1,-8.718669414520264e-05,20,4.456694736037143e-05,86
2017-12-08,184.4393310546875,37959260.0,9.579999923706055,-0.0002565765721227464,-0.005046145661232848,0.0005668244210321749,36.4706069501195,-2.0963957107287,-0.8565617083359314,0.0022122842227232375,-0.06597942439607063,-0.06016607630888615,0.008908428492281795,0.013580372273356322,0.027776473620018508,0.0022026213046693055,1,-8.718669414520264e-05,20,4.456694736037143e-05,86
2017-12-11,184.8455810546875,20649609.0,9.34000015258789,0.009487448592763847,0.005927740888842736,-0.00019995730091715291,29.87017548138482,-2.206439117887129,-1.126537190246171,-0.01731592827523054,-0.06967213209385226,-0.056133267178259616,-0.025750823896114605,0.012221612714868008,0.055555033892451845,0.0,0,-8.718669414520264e-05,20,4.456694736037143e-05,86
2017-12-12,184.8455810546875,21796584.0,9.920000076293945,-0.0017784354195850005,-0.009955123541828703,0.00013331033724717223,30.666733439334948,-2.2675108571948783,-1.3547319236359125,-0.02777766631134737,-0.04008438734978981,-0.05010458303030063,-0.04210524234918289,0.011822059526365752,0.08333255083867777,-0.0021977804266785084,0,-8.718669414520264e-05,20,4.456694736037143e-05,86
2017-12-13,184.4393310546875,17920331.0,10.180000305175781,-0.0002542115060963912,-0.00011353950140224889,-0.00019997063368315526,29.333381409678566,-2.3219259138354573,-1.5481707216758216,-0.008714754725630325,-0.02777766631134737,-0.05208321514408265,-0.04210524234918289,0.011822059526365752,0.08333255083867777,0.015418680055356848,1,-8.718669414520264e-05,20,4.456694736037143e-05,86
2017-12-14,187.28314208984375,17193313.0,10.489999771118164,0.0027998694519126843,-0.0004947003602788769,0.000733351117707226,32.91149290907768,-2.111241378041882,-1.6607848529490337,0.0,-0.03198310020948547,-0.04421048469836575,-0.0462183507996593,0.011813533683559798,0.055555033892451845,-0.0021694199052484375,0,-8.718669414520264e-05,20,4.456694736037143e-05,86
2017-12-15,186.87684631347656,42625779.0,9.420000076293945,0.0025378975561984873,0.014978505986539048,-0.0006328816782532609,39.39398250635952,-1.9545264745742656,-1.71953317727408,0.01766028447056245,0.019911638261988607,-0.031512296707968734,-0.021231368664987205,0.011983908452861928,0.250001825820863,-0.013043431044958087,0,-8.718669414520264e-05,20,4.456694736037143e-05,86
2017-12-18,184.4393310546875,14564664.0,9.529999732971191,-0.0025314729372174494,0.02160063571923554,-0.0014331178507402953,39.39402734337654,-2.00391599848939,-1.776409741517142,0.013215810558683483,-0.004328961744280213,-0.047619192036779556,-0.031578951530163435,0.011902720594984947,0.2222211788960148,-0.008810567949344983,0,-8.718669414520264e-05,20,4.456694736037143e-05,86
2017-12-19,182.81431579589844,25714129.0,10.029999732971191,-0.0015231621245763716,-0.0010877249659674293,0.0010346829835869986,36.23185092404946,-2.1494056917338185,-1.8510089315604774,-0.0021977804266785084,-0.02991439752670788,-0.048218098352136196,-0.050209179376599744,0.011999089368654375,0.055555033892451845,-0.0022220332179860858,0,-8.718669414520264e-05,20,4.456694736037143e-05,86
2017-12-20,182.40809631347656,26289333.0,9.720000267028809,0.002542240457082512,0.006987686631248824,-0.00023339455011639476,47.16987282835549,-2.271303664335221,-1.9350678781154262,-0.010988984682236524,-0.01960797310167739,-0.07407410842224205,-0.05263153316820235,0.012031798911872204,0.0,0.0022269816451774282,1,-8.718669414520264e-05,20,4.456694736037143e-05,86
2017-12-21,182.81431579589844,18558164.0,9.619999885559082,-0.005324544117206287,-0.010603282482096521,-0.00023344903584909815,36.36366740477317,-2.3085189985239367,-2.0097581021971282,-0.011013023792678323,-0.011013023792678323,-0.07231380250863273,-0.06066924828219267,0.01197343447053884,0.0,0.011111084216494538,1,-8.718669414520264e-05,20,4.456694736037143e-05,86
2017-12-22,184.8455810546875,19036483.0,9.899999618530273,0.010196408762508824,-0.0005032313151738244,-0.0004003281520147395,34.883765620059364,-2.149330148557283,-2.037672511469159,-0.023861337673422467,-0.006622451214020719,-0.0721649300908992,-0.05462170882877715,0.011978185280542817,0.02563890194386446,0.004395643402200999,1,-8.718669414520264e-05,20,4.456694736037143e-05,86
2017-12-25,185.65809631347656,4579675.0,9.899999618530273,0.0,0.0,-0.002903286869795574,47.22215266735943,-1.9352997167021329,-2.017197952515754,-0.010869539479394397,0.0022026213046693055,-0.06762297211167456,-0.044117531019127965,0.012128586413693021,0.15384400545483962,-0.010940892420653436,0,-8.718669414520264e-05,20,4.456694736037143e-05,86
2017-12-26,183.6268310546875,13755843.0,10.25,-0.01715904066033569,-0.009668288771465638,0.0007362816474554279,47.22225120347552,-1.907595613052905,-1.9952774846231844,0.006607946644675788,0.004395643402200999,-0.03586494062037415,-0.03177966320865233,0.012098833827401134,0.20512662470241075,-0.004424817735634079,0,-8.718669414520264e-05,20,4.456694736037143e-05,86
2017-12-27,182.81431579589844,12515245.0,10.470000267028809,0.0033375396259185397,0.0035587033326238693,0.001137099019661969,45.94598709976063,-1.9289671694356514,-1.982015421585678,0.004444483766228524,-0.006593341280035414,-0.03418785995742912,-0.05439323836956855,0.012009630810688057,0.0769215211914356,0.004444483766228524,1,-8.718669414520264e-05,20,4.456694736037143e-05,86
2017-12-28,183.6268310546875,24304371.0,10.180000305175781,0.016888541863514295,0.002327177930797175,0.0,47.36844706352141,-1.8589127024311551,-1.9573948777547736,0.0022269816451774282,-0.008810567949344983,-0.04051187888120411,-0.07407410842224205,0.011675449599853258,0.02563890194386446,0.015486820526354528,1,-8.718669414520264e-05,20,4.456694736037143e-05,86
2017-12-29,186.4706268310547,25007443.0,11.039999961853027,-0.0022644379647706048,-0.010463554836203315,-0.004209101484265787,54.54553214809782,-1.5559870301398746,-1.877113308231794,0.004444483766228524,-0.01952290523512379,0.0,-0.06995884582839396,0.011711910786279799,0.0769215211914356,0.0,0,-8.718669414520264e-05,20,4.456694736037143e-05,86
2018-01-01,186.4706268310547,25007443.0,11.039999961853027,0.0,0.0,-0.0053004443612346686,54.54553214809782,-1.3009200557790166,-1.7618746577412385,0.008791369353246425,-0.0021737282624111343,-0.006493280020200998,-0.05360810323549525,0.012006482565363344,0.25641020702195033,0.01307192751481745,1,-8.718669414520264e-05,20,-4.4324568339756555e-05,84
2018-01-02,188.9081573486328,18055269.0,9.770000457763672,0.0345521539762792,0.027652448819706077,0.0041145881008741725,61.22455236928662,-0.8918090795267517,-1.5878615420983413,0.004376488468384343,0.011013354715350143,-0.019230500682415275,-0.047717755992100264,0.011982256179218392,0.25641020702195033,0.019354643289714257,1,-8.718669414520264e-05,20,-4.4324568339756555e-05,84
2018-01-03,192.5644073486328,29308091.0,9.149999618530273,0.01682114615750452,0.017209004442005904,-0.005071741944890795,62.745031612824825,-0.2694508037789376,-1.3241793944344606,0.02876119063652749,0.0333335030476376,0.01307192751481745,-0.027196462031126134,0.012121741837845278,0.4102571016926953,0.010548735683425736,1,-7.742643356323242e-05,20,-3.881823448907762e-05,84
2018-01-04,194.59571838378906,29096613.0,9.220000267028809,-0.005274398427483673,0.005634193704170398,-0.000978979436473848,67.27285888719226,0.38326440428411956,-0.9826906346907447,0.053333304398435644,0.055679058333584885,0.044052839746725025,-0.01043862142511287,0.012501415408610285,0.6410245544829074,0.0020873479037326614,1,-7.742643356323242e-05,20,-3.881823448907762e-05,84
2018-01-05,195.0019073486328,22438255.0,9.220000267028809,0.023378945473597534,0.006430089251707294,-0.0007772350502779357,76.00005108146216,0.9226858162950293,-0.6016153444935899,0.05973466549577844,0.06444463901308395,0.05739540632119411,-0.01844243983959848,0.012258875171996971,0.7692325472097878,0.008333408322375169,1,-7.742643356323242e-05,20,-3.881823448907762e-05,84
2018-01-08,196.62693786621094,20233692.0,9.520000457763672,-0.0004709120374964959,0.007414953809390168,-0.003483281769771862,84.00009615326832,1.4644265556967753,-0.18840696445551688,0.045751337154605,0.05494492341118229,0.057268567574740636,-0.010309408486236293,0.012230025658939209,0.7948695230097155,0.0,0,-7.742643356323242e-05,20,-3.881823448907762e-05,84
2018-01-09,196.62693786621094,19043123.0,10.079999923706055,-0.006126706945538296,-0.009711496768409877,0.0012217465843202824,85.71424191276006,1.8721786842229449,0.22371016528017545,0.05446601005078411,0.05908086838407467,0.06373621021558451,0.004149258281217261,0.012261096301744216,0.8974347615048577,-0.02272712634028662,0,-7.742643356323242e-05,20,-3.881823448907762e-05,84
2018-01-10,192.15817260742188,23631220.0,9.819999694824219,-0.020862956140860867,-0.012362276665830119,0.0005084021800005889,69.49158692639364,1.8138245342563266,0.5417330390754057,0.040859964047677444,0.07079633589958201,0.06373621021558451,0.006236708663269308,0.012256001588181457,0.8974347615048577,-0.006342669478113683,0,-7.741153240203857e-05,20,-3.88026237487793e-05,84
2018-01-11,190.9393768310547,30446338.0,9.880000114440918,-0.0065375008853800765,0.006216407113126987,0.002642490116750995,63.157863523774324,1.6502092319311714,0.7634282776465589,-0.0021096045048213385,0.051111187714398154,0.041850301172723814,-0.0125262045671517,0.012743100884371274,0.6153846894670745,0.00851071447151508,1,-7.741153240203857e-05,20,-3.88026237487793e-05,84
2018-01-12,192.5644073486328,21513291.0,10.15999984741211,0.0038997270507434845,0.0059041115445208625,-0.00027035164661226574,64.4067602391599,1.6328468656207633,0.9373119952413999,-0.018789424469880633,0.03982286104033106,0.01952249786292537,-0.020833286057633016,0.012772222616012277,0.5384593159877651,0.012658102468474208,1,-7.741153240203857e-05,20,-3.88026237487793e-05,84
2018-01-15,195.0019073486328,27476533.0,10.15999984741211,0.0,0.0,-0.000168959067103569,73.33327073376088,1.79508037502859,1.108865671198838,-0.012499877735257958,0.03267957329868998,0.03043480852419589,-0.0021052423491828565,0.012744825922972559,0.6410245544829074,0.00208370420305104,1,-7.741153240203857e-05,20,-3.88026237487793e-05,84
2018-01-16,195.40823364257812,21691632.0,11.65999984741211,0.025248633154966615,0.002927157695069349,-0.002028173801541855,76.27121881037792,1.9341431380414633,1.2739211645673632,-0.008264536564587255,0.045751337154605,0.057268567574740636,0.008403358029117847,0.012889941517740809,0.7948695230097155,0.006236708663269308,1,-7.741153240203857e-05,20,-3.88026237487793e-05,84
2018-01-17,196.62693786621094,38046119.0,11.90999984741211,0.021312061377893654,0.028899650222889317,0.0009144910490674896,76.66663536688044,2.1182724985488335,1.4427914313636574,-0.006198053211112109,0.03440865860519371,0.0688891227793127,-0.004140667447877777,0.012691020297840664,0.820515166457359,0.02685962743079906,1,-7.741153240203857e-05,20,-3.88026237487793e-05,84
2018-01-18,201.90826416015625,49896952.0,12.220000267028809,0.0333873497529491,0.004595811265732497,0.00020306324716590218,78.7878563693055,2.6596959184229263,1.6861723287755113,0.023255660678657364,0.021096995927305517,0.0779507151277905,0.014674905657777293,0.012572296553823631,0.8974347615048577,0.02816880865400173,1,-6.790459156036377e-05,20,-3.354748090108236e-05,84
2018-01-19,207.5957794189453,50549292.0,11.270000457763672,0.002243820911220995,0.0010725328626848274,-0.00043985953405867306,82.4999600927351,3.507283052433678,2.050394473507145,0.057446963068319645,0.037578143224842764,0.1044444921128338,0.022633751057719698,0.01291407232131261,1.0,0.023483356887179063,1,-5.804598331451416e-05,20,-2.8709570566813152e-05,84
2018-01-22,212.4708251953125,43400509.0,11.029999732971191,0.03828082108612607,0.0075654356400143286,-0.006058929410731717,83.72089062110345,4.520270549247101,2.544369688655136,0.07805893247498541,0.06458332762764529,0.12307677702896802,0.05578503979041671,0.01356981448140584,1.0,0.017208604007558526,1,-4.847049713134766e-05,20,-2.4156911032540457e-05,84
2018-01-23,216.1271514892578,33527444.0,11.100000381469727,-0.002156254266878599,0.00755922693954969,-0.003473681687524155,83.72092616985371,5.554081420065216,3.1463120349371523,0.089583317846466,0.08057841667595955,0.1444199278902638,0.07835035834299808,0.013991940435767892,1.0,-0.030075382786167504,0,-3.898143768310547e-05,20,-1.9712107522147043e-05,84
2018-01-24,209.62704467773438,41874813.0,11.470000267028809,-0.020527178008124758,-0.023103493516257956,0.00020506182001156503,69.07206235685203,5.782225787791901,3.6734947855081024,0.10602888865254645,0.09917366274765071,0.17699113058750715,0.09016396281556616,0.014176577143652521,1.0,0.0,0,-3.900229930877686e-05,20,-1.9712107522147043e-05,84
2018-01-25,209.62704467773438,44643756.0,11.579999923706055,-0.005073893716387778,-0.016947451041748662,-0.006150072001303908,68.74994864892886,5.895077064070193,4.117811241220521,0.06611559409204126,0.09090881659247096,0.1466664618966207,0.08860743043863817,0.014251588495389534,0.8072274926554838,-0.011627647979148281,0,-3.900229930877686e-05,20,-1.9712107522147043e-05,84
2018-01-26,207.1895751953125,39555523.0,11.079999923706055,0.013747132973002563,0.032632604606241955,-0.0008250882971686524,63.265341320009085,5.721870930772269,4.438623179130871,0.03822914604156802,0.09787225745067119,0.1415926717991638,0.1025640614072667,0.014063987821947588,0.8072274926554838,0.013725426369103344,1,-3.900229930877686e-05,20,-1.9712107522147043e-05,84
2018-01-29,210.03334045410156,30071234.0,13.84000015258789,-0.0069988711236512735,-0.00206330083592543,0.0011698457780222604,65.71430717698283,5.7478146825274905,4.700461479810195,-0.001956707524448542,0.07594948645001254,0.11111105655814368,0.08741996136394459,0.014230239683034274,0.7349398953395131,-0.0212766745769718,0,-3.900229930877686e-05,20,-1.9712107522147043e-05,84
2018-01-30,205.5645294189453,36860591.0,14.789999961853027,-0.011453900318145749,-0.02029867648977146,0.0011341310924968262,65.71423665674496,5.346152471753129,4.829599678198782,-0.011472091469359569,0.07708351836064309,0.1263615295528291,0.1438052884088039,0.012980284540041354,0.8192769339654233,0.007905282983210027,1,-3.898739814758301e-05,20,-1.970643088931129e-05,84
2018-01-31,207.1895751953125,44136808.0,13.539999961853027,0.009580895353165975,0.00818996702825081,0.0030551231667526046,68.8679475936113,5.100168323286795,4.883713407216385,-0.048872258749208974,0.05197475862221901,0.08817179895293203,0.09523813395148073,0.013170224522182201,0.6867462028444049,0.01764710301143535,1,-3.898739814758301e-05,20,-1.970643088931129e-05,84
2018-02-01,210.8458709716797,30559457.0,13.470000267028809,0.00309006557372693,-0.004722771730398478,-0.00266937429237335,70.2702876463136,5.140994441853422,4.935169614143793,-0.011627647979148281,0.05371917725885855,0.07594948645001254,0.08974383462676294,0.013092320424886233,0.7349398953395131,0.0,0,-2.9796361923217772e-05,20,-1.5542620704287574e-05,84
2018-02-02,210.8458709716797,25707560.0,17.309999465942383,-0.02068212464987995,-0.027371255573843678,0.0015441656711152607,68.57146638660272,5.114393885837501,4.971014468482535,0.005814260730618193,0.04426568099478101,0.08350724631999085,0.13071894783036986,0.012859221675011252,0.843374006476569,-0.02504835180501952,0,-2.9796361923217772e-05,20,-1.5542620704287574e-05,84
2018-02-05,205.5645294189453,45594379.0,37.31999969482422,-0.035048370396594475,-0.0471706116908458,0.005447644335912383,60.68369565601224,4.613965703717042,4.899604715529437,0.01764710301143535,0.015655865267739433,0.0812503007712655,0.1431719566861933,0.012680570962975906,0.843374006476569,-0.05533594168058398,0,-2.9790401458740235e-05,20,-1.5528429122198195e-05,84
2018-02-06,194.18942260742188,102409048.0,29.979999542236328,0.014901154587983356,0.03651027898062864,-0.0015334313114026,47.88733474737552,3.261895607931706,4.572062894009891,-0.0212766745769718,-0.03250467808942059,0.04545456309153173,0.11699779890058615,0.013391112844102491,0.6867462028444049,0.004183980416139654,1,-2.9766559600830077e-05,20,-1.5515656698317754e-05,84
2018-02-07,195.0019073486328,80063178.0,27.729999542236328,-0.03922906601376708,-0.022402189061650257,0.002525490713775058,43.51141886488859,2.230222428390988,4.10369480088611,-0.05533594168058398,-0.10150380796984826,-0.012396649641401636,0.05286340769607012,0.01611257669943528,0.3493966907592139,-0.00624978236875906,0,-2.9766559600830077e-05,20,-1.5515656698317754e-05,84
2018-02-08,193.78318786621094,30989550.0,33.459999084472656,-0.03629437058840135,-0.042310385713408616,-0.003778725482047829,35.83339019454044,1.299296047778256,3.5428150502645397,-0.058823750351293835,-0.0697674164685439,0.014798926856057548,0.05494492341118229,0.016118017360919865,0.3734924056888097,-0.02515713861072344,0,-2.9766559600830077e-05,20,-1.5515656698317754e-05,84
2018-02-09,188.9081573486328,65735265.0,29.059999465942383,0.027502681532699524,0.030484321609077103,0.003588010608779557,25.83341080023149,0.166239656462551,2.867499971504142,-0.08092490987295908,-0.07558116766794398,0.01489379028230764,0.048351747228835285,0.016160076730462433,0.33734905955800765,0.01720420814221968,1,-2.9769539833068847e-05,20,-1.551707585652669e-05,84
2018-02-12,192.15817260742188,35635236.0,25.610000610351562,0.025560418705917964,0.01857761521739376,-0.002145109688946767,25.21007421996444,-0.4641165799806686,2.20117666120718,-0.10404620930894826,-0.0882352204711373,-0.018987153702711312,0.02422924800470172,0.016660266556681087,0.19277114976296625,0.0,0,-2.0876526832580566e-05,20,-1.1659803844633557e-05,84
2018-02-13,192.15817260742188,35635236.0,24.969999313354492,-0.003526518268469947,-0.0004925222224290149,0.003071048704622159,29.12623518849547,-0.9526963483623376,1.5704020592932766,-0.0652172670519483,-0.08510633506105636,-0.014583112441699297,0.026030268732032846,0.01670095056437841,0.2891562721172661,0.0,0,-2.0876526832580566e-05,20,-1.1659803844633557e-05,84
2018-02-14,192.15817260742188,35635236.0,19.260000228881836,0.015809102354311433,0.022322890587092026,-0.0019390123391104241,29.12623518849547,-1.3246298267426937,0.9913956820860826,-0.010460147482421966,-0.0652172670519483,-0.016632160142755037,0.028260998610208476,0.016695056036213202,0.2891562721172661,0.0,0,-2.0876526832580566e-05,20,-1.1659803844633557e-05,84
2018-02-15,192.15817260742188,35635236.0,19.1299991607666,0.01091729790657836,0.01216472342279884,-0.006919152577875343,30.927818684773825,-1.6009352035165705,0.47292950496555203,-0.014583112441699297,-0.07254902942737773,-0.02272712634028662,0.041850301172723814,0.016551940216159636,0.2891562721172661,0.0,0,-2.0876526832580566e-05,20,-1.1659803844633557e-05,84
2018-02-16,192.15817260742188,35635236.0,19.459999084472656,-0.0009186715736341222,-0.0034997581569213843,-0.006658437886951529,25.555560656260383,-1.7991694992394969,0.018509704124542267,-0.00838573911742535,-0.0886320338080887,-0.04828971014777517,0.051111187714398154,0.016478788526343394,0.2891562721172661,0.0,0,-2.0876526832580566e-05,20,-1.1659803844633557e-05,84
2018-02-19,192.15817260742188,35635236.0,19.459999084472656,0.0,0.0,0.004111719676289871,29.113946318074085,-1.9339779132761237,-0.37198781935559094,0.01720420814221968,-0.0886320338080887,-0.07436377972005437,0.05345199303647874,0.016470698998038998,0.2804881847205236,0.0,0,-2.0876526832580566e-05,20,-1.1659803844633557e-05,84
2018-02-20,192.15817260742188,35635236.0,20.600000381469727,0.005979414947087314,0.017605804321740415,-0.0013420551164079475,25.33328058268765,-2.0175574067432365,-0.7011017368331202,0.0,-0.0652172670519483,-0.09560207886997352,0.051111187714398154,0.01647147239972425,0.2804881847205236,0.025369883838028517,1,-2.0876526832580566e-05,20,-1.1659803844633557e-05,84
2018-02-21,197.033203125,71504174.0,20.020000457763672,-0.019433012920930803,-0.012060895662110438,0.010233646598035717,28.20502078551077,-1.6711564853309824,-0.8951126865326926,0.0,-0.010460147482421966,-0.11090221065087824,0.03956054297327727,0.016399476977441683,0.2804881847205236,-0.012370933946927565,0,-1.207888126373291e-05,20,-7.921741122291201e-06,84
2018-02-22,194.59571838378906,39239993.0,18.719999313354492,-0.011657582627822793,-0.00245973503276653,-0.0034448593510109093,26.190401666942407,-1.5751584608985354,-1.0311218414058612,0.025369883838028517,0.010416799527686482,-0.06007737013177494,0.06126911261826695,0.016817640245472294,0.42682908954328297,0.022964355515652235,1,-1.207888126373291e-05,20,-7.921741122291201e-06,84
2018-02-23,199.06448364257812,26985776.0,16.489999771118164,0.035621700742498374,0.02193496717298382,0.002156195648349346,40.24387395066914,-1.1255131110164598,-1.0500000953279809,0.012685100733899501,0.0041929876710413705,-0.07170509090109722,0.05973466549577844,0.01684498436079345,0.35365955322257797,0.00612238797046416,1,-4.208087921142578e-06,20,-4.3823605492001485e-06,84
2018-02-26,200.28323364257812,35901810.0,15.800000190734863,0.01161705566718374,0.02159741723284947,-0.027389776374268426,63.158009185737725,-0.663178285769618,-0.9726357334163084,0.035940761412556865,0.05376330189490797,-0.039215735372182925,0.08888892413011051,0.01713677125417331,0.4750000117374143,-0.0020286060344534285,0,-4.208087921142578e-06,20,-4.3823605492001485e-06,84
2018-02-27,199.87693786621094,40818119.0,18.59000015258789,-0.01778839820173317,-0.0040209877412318296,0.02538711227324164,60.71430966833227,-0.32580361811241687,-0.8432693103555301,0.042283192668342684,0.042283192668342684,-0.04642170995539696,0.09070789106484134,0.017144146639112613,0.4657527127914096,0.0,0,-4.208087921142578e-06,20,-4.3823605492001485e-06,84
2018-02-28,199.87693786621094,40818119.0,19.850000381469727,-0.00619000253266988,-0.009238209557237642,0.0024656018206878905,64.15086316863679,-0.05776587429994606,-0.6861686231444133,0.040168810694086066,0.040168810694086066,-0.027668156412057554,0.07189502852533747,0.017026043648671864,0.45205266597035354,-0.01219485103405682,0,-4.208087921142578e-06,20,-4.3823605492001485e-06,84
2018-03-01,197.43946838378906,39719984.0,22.469999313354492,-0.014532979581107552,-0.016064378327084072,0.00201544083215488,72.34051394833665,-0.04154850239734742,-0.5572445989950001,0.014432769178537086,0.040168810694086066,-0.035294426962399594,0.07189502852533747,0.017026043648671864,0.4029825812411987,-0.012345865064922301,0,-4.208087921142578e-06,20,-4.3823605492001485e-06,84
2018-03-02,195.0019073486328,35139170.0,19.59000015258789,0.006788457744441478,0.017639958802841305,-0.0015000383641525783,57.77769060176765,-0.22281841037900563,-0.49035936127180124,0.014613630883653084,0.02748410699739967,-0.0635838991112676,0.04516115743700566,0.01706429537262349,0.31343226686040776,0.00625025186536865,1,-4.208087921142578e-06,20,-4.3823605492001485e-06,84
2018-03-05,196.22071838378906,27337846.0,18.729999542236328,0.011159949904397282,0.008857701238604854,-0.000716989612637442,60.41669438004074,-0.26507266128803053,-0.44530202127504714,-0.02040834316401563,0.014798926856057548,-0.07514476593746056,0.012658102468474208,0.016942154185134298,0.22387858891908619,0.03519664534938749,1,-4.208087921142578e-06,20,-4.3823605492001485e-06,84
2018-03-06,203.1270294189453,34890780.0,18.360000610351562,0.001149984377993185,0.014979711286752906,-0.0003758261479200886,70.7692529939471,0.2557737222719254,-0.30508687256565264,-0.020283850948996318,0.021141675741613852,-0.045454393623100886,0.008350646219230429,0.016892516046727177,0.26865654907659053,-0.01200025570657981,0,3.4868717193603516e-06,20,-1.0019256955101377e-06,84
2018-03-07,200.689453125,30391219.0,17.760000228881836,0.015158353816659975,0.002864365209361397,-0.0019824508540073893,64.78862882765071,0.4664789198771473,-0.15077371407709267,0.016260463000037806,0.05708243715417072,0.04602519896046009,0.04166688511300598,0.017728001765531427,0.5223878588919086,0.010121435018928926,1,3.4868717193603516e-06,20,-1.0019256955101377e-06,84
2018-03-08,202.72071838378906,20645694.0,16.540000915527344,-0.009049890032136076,0.0011282484866181886,0.0019863887721252027,67.1051597646588,0.7882835948287834,0.03703774770408256,0.004065077579550103,0.01855651708448569,0.029166616130573253,0.020661031000509533,0.01780388410750246,0.43283362035716527,0.004008353464922898,1,3.4868717193603516e-06,20,-1.0019256955101377e-06,84
2018-03-09,203.53329467773438,19831063.0,14.640000343322754,0.018036665634334703,0.020762443805692588,0.0024609667298471916,67.94868584647358,1.0962473767742438,0.2488796735181148,0.026748704518055888,0.0417532310961517,0.04612128955040551,0.030991585302134306,0.017863371643607014,0.5074603772569491,0.013971840556669557,1,3.4868717193603516e-06,20,-1.0019256955101377e-06,84
2018-03-12,206.3770294189453,24492615.0,15.779999732971191,0.014128938310553396,0.010299330530721296,-0.00276181528288999,70.5881625141125,1.5518873291440514,0.5094812046433022,0.04375027631831707,0.022449062501676664,0.07741930012112008,0.05919666031354187,0.01747358319151891,0.5373136587466028,0.01968506760565991,1,3.4868717193603516e-06,20,-1.0019256955101377e-06,84
2018-03-13,210.4395751953125,33756883.0,16.350000381469727,-0.005086542473629274,-0.015519789126261396,0.0002735683717138837,69.87946518672578,2.2152625978716856,0.8506374832889788,0.05175962619447483,0.030425890702574065,0.07399558716959942,0.08085106825057897,0.017531683653103144,0.641789772982088,-0.007721931573430596,0,1.0970234870910645e-05,20,2.1698929014660063e-06,84
2018-03-14,208.8145751953125,23772838.0,17.229999542236328,0.0035565772979802013,2.8127986454684617e-05,3.4162245893920584e-05,71.60483007515171,2.580126268836409,1.1965352403984648,0.03599986568643798,0.05284570317047654,0.0951372629112135,0.09282695640797822,0.017716649394509402,0.7910438473750774,-0.007782023828940443,0,1.0970234870910645e-05,20,2.1698929014660063e-06,84
2018-03-15,207.1895751953125,19396493.0,16.59000015258789,0.0035433568092231305,-0.0010046039416491404,-0.0028710952550391466,63.51348744951026,2.7069553413149094,1.4986192605817539,0.04048604420308899,0.044715700693213734,0.08668068790349892,0.07083350124357923,0.01770428274509788,0.7313428903299877,0.0,0,1.0970234870910645e-05,20,2.1698929014660063e-06,84
2018-03-16,207.1895751953125,62929326.0,15.800000190734863,-0.007503392564791267,0.0003305693750608185,-0.0015425247926551533,61.971825025260145,2.7754743543243876,1.7539902793302806,0.02204440102201599,0.049382764709287263,0.07822411289578457,0.060290916780321835,0.017765563449634987,0.6716419332848981,0.0,0,1.0970234870910645e-05,20,2.1698929014660063e-06,84
2018-03-19,207.1895751953125,21440766.0,19.020000457763672,-0.00822783426891116,-0.019486335717978087,-0.0005149474565662171,62.85722564163925,2.797528004353751,1.9626978243349749,0.01796404132978502,0.06250024942007393,0.07822411289578457,0.05371917725885855,0.01775149294605413,0.6716419332848981,-0.007843279638154121,0,1.0970234870910645e-05,20,2.1698929014660063e-06,84
2018-03-20,205.5645294189453,21840151.0,18.200000762939453,0.0051567330864144,0.007656940768127063,0.0015113082453630522,59.45948689525237,2.6532925627651025,2.1008167720210005,0.003937190968660076,0.05590060469592917,0.07822411289578457,0.026156983009705037,0.017289785600195878,0.6716419332848981,-0.001976190845566661,0,1.0970234870910645e-05,20,2.1698929014660063e-06,84
2018-03-21,205.15829467773438,28976737.0,17.860000610351562,-0.0028997805800636822,0.0017644827241194427,-0.00041153515171554744,63.768049674402306,2.477644444697148,2.17618230655623,-0.023166012247661016,0.011999880109370809,0.06976729966574235,-0.009784640158318259,0.016783005218247007,0.6119392944595431,-0.003960356568942447,0,1.0970234870910645e-05,20,2.1698929014660063e-06,84
2018-03-22,204.34579467773438,27000668.0,23.34000015258789,-0.02259489498082401,-0.02769925747595925,-0.0025047161803761764,67.69233258387492,2.2469783186359678,2.190341508972178,-0.017509699761897646,0.022267445962648402,0.0412371692885678,-0.03441663348770885,0.016365178604577462,0.5970146157916925,-0.025844970499565134,0,1.0970234870910645e-05,20,2.1698929014660063e-06,84
2018-03-23,199.06448364257812,52498390.0,24.8700008392334,-0.025406559600498313,-0.03291497112178998,0.003611706811285309,54.666637954390545,1.6193492390754614,2.076143054992835,-0.013725500015613012,0.008016330579831088,0.05010426937922574,-0.0545112297568453,0.016124329060348677,0.7037031111976685,-0.006122541275451532,0,1.0973215103149414e-05,20,2.1684737432570684e-06,84
2018-03-26,197.845703125,36987945.0,21.030000686645508,0.03969021980670906,0.04243453515002882,0.0,39.34424614475227,1.0119382751790624,1.8633020990300804,-0.039215735372182925,-0.02195616713340176,0.0,-0.05038739658517999,0.015951880670069765,0.46296193251768436,0.0308009029142029,1,1.0973215103149414e-05,20,2.1684737432570684e-06,84
2018-03-27,203.9395294189453,31008260.0,22.5,-0.022136819345688896,-0.037794388162018744,-0.0034958797229628358,55.71435546796401,1.0106316314703747,1.6927680055181393,-0.04509817668917104,-0.041338545854474495,-0.01217041722987211,-0.05620143894527618,0.01596950216152655,0.407405526844774,-0.023904369056145902,0,1.8152594566345216e-05,20,4.992598579043434e-06,84
2018-03-28,199.06448364257812,29637411.0,22.8700008392334,-0.013860136461687822,-0.021175652783972487,0.003508143771639327,44.15593411155028,0.6091981976126704,1.4760540439370455,-0.007905060297091482,-0.030887943821091612,0.02032546423866921,-0.015686338336779015,0.016625568886808596,0.6851840774565107,-0.004081668632803126,0,1.8152594566345216e-05,20,4.992598579043434e-06,84
2018-03-29,198.25196838378906,36165345.0,19.969999313354492,0.02506430245747504,0.0223723895051946,-0.0013709742421971205,41.55839784748498,0.22292636186506343,1.2254285075226492,-0.029702971769815623,-0.04669258141398769,-0.004064772215875312,-0.052224360131626124,0.016866770360183334,0.46296193251768436,0.008196485995418445,1,1.8152594566345216e-05,20,4.992598579043434e-06,84
2018-03-30,199.87693786621094,16996346.0,19.969999313354492,0.0,0.0,-0.0012012166131334379,39.18913568917579,0.04737845653670547,0.9898184973254605,-0.02982114852696449,-0.04313733836800515,0.004115185310470171,-0.03557306825173656,0.01657209878569853,0.4259245605859318,0.0020327296420716845,1,1.8152594566345216e-05,20,4.992598579043434e-06,84
2018-04-02,200.28323364257812,17696003.0,23.6200008392334,-0.028793319969260267,-0.03904734268578014,-0.004398266621024494,30.769257438844136,-0.05828794247514679,0.7801972093653391,0.004081362022828605,-0.035294426962399594,0.02499991196938578,-0.035294426962399594,0.016575858955815436,0.49999652224718477,-0.010141963567524725,0,1.8152594566345216e-05,20,4.992598579043434e-06,84
2018-04-03,198.25196838378906,35813944.0,21.100000381469727,0.023059081526587866,0.019639592378207338,0.005798276461005392,30.303044099059704,-0.30244901143367997,0.5636679652055353,0.012320361165681026,-0.033333441348214254,0.020703803819753563,-0.05009648650184051,0.016327098981249528,0.5185169470894687,0.0,0,1.8152594566345216e-05,20,4.992598579043434e-06,84
2018-04-04,198.25196838378906,35813944.0,20.059999465942383,0.0105792355646388,0.012994527559125224,-0.0006520145134425448,32.25805669934155,-0.49029658384924346,0.3528750553945796,-0.02788846797558553,-0.03557306825173656,-0.02400006069650895,-0.059730373328402586,0.01638545058471365,0.43396171593024646,0.0,0,1.8152594566345216e-05,20,4.992598579043434e-06,84
2018-04-05,198.25196838378906,35813944.0,18.940000534057617,-0.014109842040543108,-0.010439662647970915,0.003056028031993785,32.25805669934155,-0.6318831823645894,0.1559234078427458,-0.004081668632803126,-0.03366340271444479,-0.012145554752659327,-0.03557306825173656,0.015951330479336542,0.43396171593024646,0.0,0,1.8152594566345216e-05,20,4.992598579043434e-06,84
2018-04-06,198.25196838378906,35813944.0,21.489999771118164,-0.020775698121138886,-0.030638036325560503,0.0008900786203467348,32.25805669934155,-0.7356119056188959,-0.02238365484958253,0.0,-0.02982114852696449,-0.02204387413199571,0.020920530695331063,0.013415349301594716,0.43396171593024646,0.004098396931001114,1,1.8152594566345216e-05,20,4.992598579043434e-06,84
2018-04-09,199.06448364257812,34694824.0,21.770000457763672,0.015322841171926838,0.006757596386583575,0.0024625006515370806,36.66671465961211,-0.7436817746398958,-0.1666432788076452,-0.008129849795425415,-0.004081668632803126,-0.025948217967519893,0.016666816644750337,0.013403467642496019,0.43396171593024646,0.0020406426851675707,1,1.8152594566345216e-05,20,4.992598579043434e-06,84
2018-04-10,199.470703125,25156994.0,20.469999313354492,0.011841251665831942,0.031983033971348274,-0.0023199893329036714,38.33326238719564,-0.7091243426581002,-0.2751394915777362,-0.006085132428882978,0.0061602577075332565,-0.035432944242659525,0.027253632446244236,0.013371798946197248,0.47169797949518205,0.010183505664404846,1,1.8152594566345216e-05,20,-1.2484400771385016e-05,86
2018-04-11,201.50201416015625,21607935.0,20.239999771118164,-0.004589266450314433,0.00039559048473014613,-0.0017782656707909794,44.444451068721044,-0.5119263365327527,-0.3224968605687395,0.006147402979886918,-0.021912506646836305,-0.052123618193641086,0.05591365626881761,0.012730905750337558,0.3999983306763265,-0.01209680472792074,0,1.8152594566345216e-05,20,-1.2484400771385016e-05,86
2018-04-12,199.06448364257812,20409657.0,18.489999771118164,0.01083435428616375,0.01870635141351884,-0.00013702329598597185,50.0,-0.5460394347138902,-0.36720537539776965,0.01639351075735873,0.012244929245915692,-0.03501939952379529,0.04862578273901352,0.012562977640209881,0.5111118530327438,-0.0020407193376611454,0,1.8152594566345216e-05,20,-1.2484400771385016e-05,86
2018-04-13,198.6582489013672,19742548.0,17.40999984741211,-0.027366161689847512,-0.007658666754142174,0.0033577595418077255,51.85193686352821,-0.5989497395995613,-0.413554248238128,0.004098396931001114,0.004098396931001114,-0.039215735372182925,0.035940761412556865,0.012728910539397759,0.37777796325818597,-0.004090168824404605,0,1.8152594566345216e-05,20,-1.2484400771385016e-05,86
2018-04-16,197.845703125,18350139.0,16.559999465942383,0.0051581528086737105,0.0023469197080561166,0.0008536954716427125,31.707305901353692,-0.6983965106065,-0.4705227007118024,0.002049313915469586,-0.006097196494272317,-0.04117642640032948,0.03382669706807073,0.012736399416309252,0.35555676117820867,-0.022587354511979574,0,1.8152594566345216e-05,20,-1.2484400771385016e-05,86
2018-04-17,193.37689208984375,42756389.0,15.25,-0.013062357180652073,0.018911499116343267,0.0012624332494683976,32.49994835554671,-1.1248380632243595,-0.6013857732143139,-0.006122541275451532,-0.01217041722987211,-0.04509817668917104,0.029598171341885804,0.012758839690382199,0.3111101837090703,0.0,0,2.588033676147461e-05,20,-1.8009612726610762e-05,86
2018-04-18,193.37689208984375,42500048.0,15.600000381469727,-0.009217804741111224,-0.010267169745636795,0.0009541292608565843,34.210482097407905,-1.4461260253810906,-0.7703338236476692,-0.030549905022079882,-0.02459030461936107,-0.05928862028654214,0.006342272440900576,0.01325849979809174,0.06666444090176865,0.02731120949585697,1,2.588033676147461e-05,20,-1.8009612726610762e-05,86
2018-04-19,198.6582489013672,31901989.0,15.960000038146973,-0.057013216266316835,-0.04308742737035487,-0.003200104204841958,46.80872657529868,-1.2600624777141718,-0.8682795544609698,-0.04032278339339357,-0.02459030461936107,-0.05742591400653341,0.006342272440900576,0.01325849979809174,0.06666444090176865,-0.06339489005026167,0,2.5898218154907227e-05,20,-1.800337503122729e-05,86
2018-04-20,186.0643310546875,128452087.0,16.8799991607666,-0.014672663595490465,-0.011704084962030792,0.0035177162262665096,27.272815961148794,-2.104569526682212,-1.1155375489052184,-0.0020407193376611454,0.002049313915469586,-0.02783294750614662,0.03382669706807073,0.013900831132651828,0.309526747867146,-0.010917005141582115,0,2.5910139083862304e-05,20,-1.7972879631574763e-05,86
2018-04-23,184.03306579589844,71009975.0,16.34000015258789,-0.005134497812227967,-0.01325903241866322,0.002892862998967738,27.272815961148794,-2.904274904475841,-1.473285020019343,-0.06339489005026167,-0.06147549216514181,-0.06530623820988835,-0.05567017079529346,0.016577652139185405,0.0,0.0022075666513083902,1,2.5910139083862304e-05,20,-1.7972879631574763e-05,86
2018-04-24,184.4393310546875,40967892.0,18.020000457763672,0.0,-0.008221771227626462,0.0044115365463928136,28.20523685861677,-3.465318927351234,-1.8716918014857213,-0.0698151999812433,-0.07551029481315574,-0.0698151999812433,-0.05427998455268457,0.016555317450663798,0.0,-0.008810567949344983,0,2.5910139083862304e-05,20,-1.7972879631574763e-05,86
2018-04-25,182.81431579589844,46771110.0,17.84000015258789,-0.014968069557918406,-0.0011901086998663546,0.0004730028774555528,26.829378893367533,-3.995023365605988,-2.2963581143097747,-0.0462183507996593,-0.07535628959453244,-0.09561755104474767,-0.07346942217050734,0.016120704782774317,0.01538504209867576,-0.013333451298685906,0,2.5910139083862304e-05,20,-1.7972879631574763e-05,86
2018-04-26,180.37677001953125,48023557.0,16.239999771118164,0.0,0.020946892793056726,0.002228825673021184,25.00009603290215,-4.558954729696893,-2.7488774373871987,-0.05462170882877715,-0.09274199288849094,-0.08163268278362001,-0.08722106952723963,0.016108939599128947,0.0,0.006756944235309259,1,2.5910139083862304e-05,20,-1.7972879631574763e-05,86
2018-04-27,181.59556579589844,34174459.0,15.40999984741211,0.0,-0.007963961723239654,-0.0015162772780326073,25.842841727180385,-4.851601523052835,-3.169422254520326,-0.09202476606401877,-0.09387768868202939,-0.0901640397822121,-0.0975608694772594,0.016202875266172527,0.0,0.015659882697715677,1,2.5910139083862304e-05,20,-1.7972879631574763e-05,86
2018-04-30,184.4393310546875,28500789.0,15.930000305175781,0.00733580876444484,-0.01089726740676722,-0.003138342606499145,30.52646561131054,-4.798741223436252,-3.4952860483035115,-0.024017312901716825,-0.08588962804127143,-0.09146313859655619,-0.09146313859655619,0.016259831895899076,0.04054165169353709,0.0,0,2.5910139083862304e-05,20,-1.795901808627816e-05,86
2018-05-01,184.4393310546875,28500789.0,15.489999771118164,0.012483591751813128,0.017309479724841426,0.0029112570240661384,26.666766825418293,-4.702639949110591,-3.7367568284649275,0.0022075666513083902,-0.06776175503716797,-0.07910748343600926,-0.06584366051792379,0.016407557503407676,0.13513579359617012,-0.017621135898689966,0,2.5910139083862304e-05,20,-1.795901808627816e-05,86
2018-05-02,181.18930053710938,38167942.0,15.970000267028809,-0.030310689614765796,-0.005150242320101639,0.002396579159283263,26.087063023282013,-4.833017283173831,-3.9560089194067083,0.0,-0.0462183507996593,-0.06967213209385226,-0.05416652809995892,0.01631862985652873,0.13513579359617012,-0.011210482497590157,0,2.587735652923584e-05,20,-1.801792965378872e-05,86
2018-05-03,179.1580810546875,31690731.0,15.899999618530273,0.009271565551314476,0.006367929031694697,0.002559188212088559,25.00012715483429,-5.04212224967668,-4.1732315854607025,-0.008888884066405978,-0.0630250668578951,-0.08606556588456493,-0.07660464180586513,0.01646807191998911,0.027027767795691392,0.01133758226513848,1,2.587735652923584e-05,20,-1.801792965378872e-05,86
2018-05-04,181.18930053710938,27208722.0,14.770000457763672,0.012860974960851257,0.023109607095072482,-0.0035267338546910443,29.292975279667772,-4.986456241932444,-4.335876516755051,-0.006756352077442074,-0.09815936642208811,-0.09631121186216107,-0.11799979762822377,0.015453437147821401,0.0,0.002242214399993614,1,2.587735652923584e-05,20,-1.801792965378872e-05,86
2018-05-07,181.59556579589844,23268759.0,14.75,-0.0036279830969229154,0.009061254214044245,0.00020225559346642719,33.70794530468277,-4.853608936110533,-4.439423000626148,-0.0022371981221483983,-0.02620077953654254,-0.08606556588456493,-0.09716580659445462,0.015536374112538928,0.06493358256132492,0.0201341108895714,1,2.587735652923584e-05,20,-1.801792965378872e-05,86
2018-05-08,185.2518310546875,40324763.0,14.710000038146973,0.018985761372255938,0.007290932383300586,0.004684233334417476,39.79595121839046,-4.40254662245934,-4.4320477249927865,-0.015418431863352788,-0.013244902428041438,-0.08775507075408429,-0.10420815768764524,0.015429794719233987,0.07792098197909919,0.006579129444649778,1,2.5904178619384767e-05,20,-1.800684041755144e-05,86
2018-05-09,186.4706268310547,33778934.0,13.420000076293945,0.004338734624872442,0.014157625759223302,-0.0003018438577974125,32.954549334680934,-3.9017528774958237,-4.325988755493394,0.004405242609338611,0.004405242609338611,-0.07128300972299739,-0.08982050652691953,0.015792043799203456,0.19480367442187171,0.0,0,2.5904178619384767e-05,20,-1.800684041755144e-05,86
2018-05-10,186.4706268310547,27530377.0,13.229999542236328,0.010673799891140145,0.017984795183744184,0.0026842008258094463,50.87728430970076,-3.464928685544379,-4.1537767415035916,0.02914811348291302,0.020000135215003212,-0.07459671007136648,-0.09645648376632376,0.015648920545683773,0.23376587267519452,0.015250145676880544,1,2.5904178619384767e-05,20,-1.800684041755144e-05,86
2018-05-11,189.3143310546875,30693910.0,12.649999618530273,0.003520046851582359,-0.007540133154893991,-0.006090252615184588,61.01691786163322,-2.856352942551382,-3.89429198171315,0.04081616488253781,0.0337840444246984,-0.06326521226225268,-0.11389943332670116,0.0152647515788297,0.24657485614087082,0.0,0,2.581477165222168e-05,20,-1.805812813514887e-05,86
2018-05-14,189.3143310546875,19921437.0,12.930000305175781,0.0010021169095351112,0.012617952072174532,-0.0011447174302332552,60.34477399300609,-2.346997554821229,-3.5848330963347657,0.04484277213661425,0.04250525184885001,-0.047035136463519756,-0.09338545512153862,0.0154924662465373,0.3623156849595443,-0.010729187555573949,0,2.581477165222168e-05,20,-1.805812813514887e-05,86
2018-05-15,187.28314208984375,23771769.0,14.630000114440918,-0.016270563184755282,-0.011992705238802581,0.00424704601398318,59.32217524743462,-2.083215700606303,-3.284509617189073,0.04250525184885001,0.026431455656031,-0.04312134120457667,-0.08627482402902964,0.015470752799649951,0.3623156849595443,0.0,0,2.581477165222168e-05,20,-1.805812813514887e-05,86
2018-05-16,187.28314208984375,14409556.0,13.420000076293945,0.012468514047043744,0.014062615900618525,0.003054292856302876,66.0380193214804,-1.8528086558441146,-2.9981694249200816,0.010965133373265212,0.015418680055356848,-0.031512296707968734,-0.09607835281627197,0.01552494766737786,0.2898547253455499,-0.01735381122763402,0,2.581477165222168e-05,20,-1.805812813514887e-05,86
2018-05-17,184.03306579589844,26852737.0,13.430000305175781,-0.020859638086980214,-0.003817225430219673,-0.0025430889423114778,55.17240709392731,-1.9104410327600192,-2.7806237464880694,0.004357336448089555,0.03363245806827475,-0.031512296707968734,-0.09607835281627197,0.01552494766737786,0.3076923076923077,-0.013244902428041438,0,2.5853514671325684e-05,20,-1.80151573447294e-05,86
2018-05-18,181.59556579589844,27664541.0,13.420000076293945,-0.013860305776337123,-0.014411661195338654,0.002885049564254505,43.85962022155171,-2.1282676410814645,-2.6501525254067486,-0.01307209117371988,0.027210521080111683,-0.073619812851215,-0.1047430881383492,0.015676647034173496,0.18749787259015815,0.024608339081427122,1,2.5853514671325684e-05,20,-1.80151573447294e-05,86
2018-05-21,186.0643310546875,16127815.0,13.079999923706055,0.027329763646510408,0.010511459382762656,0.0010369672806294084,52.94117322144856,-1.9181930526996496,-2.503760630865329,-0.04077221843579992,0.002242214399993614,-0.024017312901716825,-0.1148514561346331,0.015763492592261816,0.0967727669803514,0.0,0,2.586245536804199e-05,20,-1.8009612726610762e-05,86
2018-05-22,186.0643310546875,22355097.0,13.220000267028809,0.004306738641794539,0.0056130218154868405,-0.0002339092876837423,60.000062600160255,-1.7317449500905582,-2.349357494710375,-0.017167215930743107,0.024608339081427122,0.011037501603335942,-0.08946337090948142,0.01631783994369548,0.27868629381488685,-0.002183302618552596,0,2.586245536804199e-05,20,-1.8009612726610762e-05,86
2018-05-23,185.65809631347656,23062899.0,12.579999923706055,0.0002526158015394575,0.005106169570908481,-0.002874442351235018,64.28573823984118,-1.5983385818171598,-2.199153712131732,-0.006507852343547116,0.004385921560797756,0.008810485218677,-0.06530623820988835,0.01588195046731823,0.27868629381488685,0.00218807985903835,1,2.586245536804199e-05,20,-1.8009612726610762e-05,86
2018-05-24,186.0643310546875,12996610.0,12.529999732971191,-0.009583880821645185,0.0034717563963531095,0.002715093148275338,61.538517100653685,-1.4431970480383711,-2.04796237931306,-0.008676946351036885,-0.00435741827754077,0.015555567982723284,-0.061601574454327346,0.01586549991773896,0.26229359814836367,-0.002183302618552596,0,2.586245536804199e-05,20,-1.8009612726610762e-05,86
2018-05-25,185.65809631347656,15971294.0,13.220000267028809,0.0007634528610653835,0.0087907590915699,-6.682160181703534e-05,59.61545684633876,-1.337606913487349,-1.905891286147918,0.011037501603335942,-0.002178872797672815,0.03153156049163308,-0.08764950284619644,0.015042573399169243,0.3090883761332813,-0.006564568327422804,0,2.586245536804199e-05,20,-1.8009612726610762e-05,86
2018-05-28,184.4393310546875,16373270.0,13.220000267028809,0.0,0.0,0.0011032039974741004,47.826086956521735,-1.3368596559107289,-1.7920849601004802,0.022371309011719687,-0.019313037321800786,0.022371309011719687,-0.06734695754754949,0.01464161565444299,0.2909073898542134,-0.008810567949344983,0,2.586245536804199e-05,20,-1.8009612726610762e-05,86
2018-05-29,182.81431579589844,23764776.0,17.020000457763672,-0.02900718433566396,-0.0071323244361541915,-0.0017031422812666674,40.42535678152616,-1.4506701766767662,-1.7238020034157375,-0.00873353850675651,-0.025750823896114605,0.0,-0.06967213209385226,0.01465708182433696,0.2363616993960386,-0.017777517734657966,0,2.586245536804199e-05,20,-1.8009612726610762e-05,86
2018-05-30,179.5643310546875,49163788.0,14.9399995803833,0.004716816378859567,0.006510145372856213,0.005552966187532649,34.545320446324126,-1.7825641517704014,-1.7355544330866703,-0.017467159021649525,-0.023861337673422467,-0.008810567949344983,-0.08536563673860909,0.0146143768324004,0.16363433975355315,0.013574352256404021,1,2.5847554206848143e-05,20,-1.801377119019974e-05,86
2018-05-31,182.00180053710938,96069458.0,15.430000305175781,0.009389586776199943,-0.007849453497993153,-0.005455740532561482,33.33324059222616,-1.8278389125563024,-1.7540113289805968,-0.0328225128868066,-0.04121466005441843,-0.008968352312222039,-0.10344801315154117,0.01479902654517492,0.01818166918431066,0.0,0,2.5847554206848143e-05,20,-1.801377119019974e-05,86
2018-06-01,182.00180053710938,27617994.0,13.460000038146973,0.012919734750781453,0.023430064244923887,0.002475227626901333,33.33324059222616,-1.8424805181571458,-1.7717051668159067,-0.02183401028316423,-0.011037501603335942,0.01587268330672642,-0.08196724592020976,0.014951531738262571,0.12727031847968903,0.02232137542369972,1,2.5847554206848143e-05,20,-1.801377119019974e-05,86
2018-06-04,186.0643310546875,25959480.0,12.739999771118164,0.01964302334671264,0.008049248485397786,-0.0055388209097601004,47.45750627061025,-1.5088784240700193,-1.7191398182667292,-0.019693704982268412,0.002237030069707213,0.004484260370736459,-0.08196724592020976,0.014951531738262571,0.12727031847968903,0.0,0,2.586841583251953e-05,20,-1.799575118131416e-05,86
2018-06-05,186.0643310546875,26534884.0,12.399999618530273,-0.010757949953588142,0.0041049334279348315,-0.005401999759373499,47.45750627061025,-1.2303140663200338,-1.6213746678773902,0.008810485218677,0.0,0.024608339081427122,-0.06147549216514181,0.015411210354301059,0.3090883761332813,0.004366851261514704,1,2.586841583251953e-05,20,-1.799575118131416e-05,86
2018-06-06,186.87684631347656,24767441.0,11.640000343322754,0.0005058058041040869,0.006601235956458007,0.005296346181947076,56.603844453011604,-0.9332289327228409,-1.4837455208464805,0.01777768466676055,0.0,0.004385921560797756,-0.06147549216514181,0.015411210354301059,0.3090883761332813,0.0,0,2.586841583251953e-05,20,-1.799575118131416e-05,86
2018-06-07,186.87684631347656,24958266.0,12.130000114440918,-0.0010112173761106513,-0.00945795800945426,-0.004127489746080681,63.82986714914075,-0.6898348373663623,-1.324963384150457,0.040723651606298095,0.006564486139845949,0.00217846365041674,-0.06122456957708522,0.015413598432800997,0.3454523974071454,-0.013043431044958087,0,2.586841583251953e-05,20,-1.799575118131416e-05,86
2018-06-08,184.4393310546875,23548851.0,12.180000305175781,-0.014929175977899334,-0.008460007475022069,0.0026956876902199944,45.23809523809524,-0.685725753815376,-1.1971158580834407,0.02678570081164211,0.004366851261514704,0.00217846365041674,-0.06313637348353551,0.015405749640215224,0.3454523974071454,-0.0044052426093385,0,2.586841583251953e-05,20,-1.799575118131416e-05,86
2018-06-11,183.6268310546875,21696933.0,12.350000381469727,-0.004367014775077616,-0.0023366650877999495,0.002654853416119929,43.18181818181817,-0.7395066626706921,-1.105594019000891,0.013392892325156502,-0.006564568327422804,-0.025750823896114605,-0.08467748164495825,0.015395429270306465,0.26530408880671724,0.013274203916714411,1,2.586841583251953e-05,20,-1.799575118131416e-05,86
2018-06-12,186.0643310546875,29501260.0,12.34000015258789,0.011351963125152409,0.0052377979502784555,-0.0006703464763051503,51.020369054490466,-0.5787708315724842,-1.0002293815152097,-0.01310030776013471,-0.0044052426093385,-0.03004262787880041,-0.07755101415081689,0.015317788653623503,0.22916469412651227,0.01310047177640783,1,2.586841583251953e-05,20,-1.799575118131416e-05,86
2018-06-13,188.50186157226562,28944970.0,12.9399995803833,-0.0038263295324306723,-0.001334407432346918,-0.0005030651212809545,55.55560965430897,-0.25179564248279007,-0.8505426337087258,0.0,0.01777768466676055,-0.006507852343547116,-0.06339489005026167,0.015493294633491991,0.35416361819551895,-0.023706905274534895,0,2.586841583251953e-05,20,-1.799575118131416e-05,86
2018-06-14,184.03306579589844,33408041.0,12.119999885559082,-0.011523613931835763,0.006108262236114603,0.00016775144011194065,46.87495598446897,-0.3492341671799011,-0.7502809404029609,0.008695647913830706,0.049773418056262786,0.006507363496909058,-0.04722792259395636,0.015647854715575785,0.47916410725506137,0.01986751946866505,1,2.5853514671325684e-05,20,-1.801169195840525e-05,86
2018-06-15,187.68934631347656,48059679.0,11.979999542236328,0.002331735265866941,-0.0007588650699821287,0.002449169792041017,55.71428494775684,-0.12992591399125786,-0.6262099351206203,-0.015217404262097944,0.011160687711849748,0.0,-0.04831924948718347,0.015686379359955982,0.24999706564274551,0.0,0,2.5850534439086913e-05,20,-1.8047038898911587e-05,86
2018-06-18,187.68934631347656,48059679.0,12.3100004196167,-0.01137237666190527,-0.009936432515731397,0.008467494288774136,59.09092461153932,0.043377428694867604,-0.4922924623575227,0.017621053168022094,0.03124994236091383,0.03355687949135899,-0.029411713648416327,0.016015135593153262,0.4374970167367913,-0.025973933061900656,0,2.5850534439086913e-05,20,-1.8047038898911587e-05,86
2018-06-19,182.81431579589844,56889624.0,13.350000381469727,-0.018039422679812622,-0.011598807969654623,0.0008960715277259723,55.71422515856975,-0.21022925212645305,-0.4358798203113088,0.022123756291253294,0.008733620514892904,0.008733620514892904,-0.055214936447650964,0.015397441256067533,0.8400015024038462,0.004444483766228524,1,2.5841593742370606e-05,20,-1.80588212124137e-05,86
2018-06-20,183.6268310546875,40708701.0,12.789999961853027,0.021032799898838217,0.005044639728178257,0.0005636857369484272,53.03033579596608,-0.3417121380844321,-0.41704628386593345,-0.017467159021649525,-0.017467159021649525,-0.017467159021649525,-0.017467159021649525,0.01252808007190465,0.3599984975961538,0.0022122842227232375,1,2.5841593742370606e-05,20,-1.80588212124137e-05,86
2018-06-21,184.03306579589844,31242557.0,14.640000343322754,-0.019035151698604813,-0.012576838357903797,-0.00046394282505146656,53.73134412029009,-0.4084254495722064,-0.4153221170071881,-0.025861975456986097,-0.017391214176085357,-0.010940892420653436,-0.0022074008247054966,0.01243573957290426,0.44,0.004415050389315223,1,2.5841593742370606e-05,20,-1.80588212124137e-05,86
2018-06-22,184.8455810546875,43581409.0,13.770000457763672,0.01329082176349039,-0.007248325279933243,0.005205211345315597,47.45764654055059,-0.3912232604404551,-0.4105023456938415,0.0,-0.015217404262097944,-0.010917005141582115,-0.0022027040353372884,0.012435759808192193,0.4799984975961539,-0.006833640965359211,0,2.5841593742370606e-05,20,-1.80588212124137e-05,86
2018-06-25,183.58241271972656,45025211.0,17.329999923706055,-0.007205938027619485,-0.031334763630561646,-0.0006926319561385563,45.08182395980675,-0.47405294228067874,-0.42321246501120896,-0.015151447403090379,0.0022026213046693055,-0.004376406280807488,0.011111084216494538,0.012373917010970212,0.56,-0.016055097152359088,0,2.5841593742370606e-05,20,-1.80588212124137e-05,86
2018-06-26,180.63497924804688,38446346.0,15.920000076293945,-0.0013695868062995054,0.004036011862523559,0.001452198751542122,38.59600507380716,-0.7686685774486648,-0.4923036874987002,-0.021881548816791385,-0.00024189457883583287,-0.0046460715838687605,0.01777192650610271,0.01223866935524974,0.43562650240384615,-0.006992848679863495,0,2.5853514671325684e-05,20,-1.805743505788404e-05,86
2018-06-27,179.371826171875,39888414.0,17.90999984741211,-0.026055813804577777,-0.024666277220814048,0.0021422627408969053,36.893163005840734,-1.0914973851245122,-0.6121424270238627,-0.011921038778410886,-0.02917997112001469,-0.011921038778410886,-0.005289702662295226,0.012458107592109488,0.14541766826923078,-0.004694983850705103,0,2.5853514671325684e-05,20,-1.805743505788404e-05,86
2018-06-28,178.52967834472656,37940780.0,16.850000381469727,0.012109472289507872,0.008558184711564332,0.0028283107070776747,39.07028801418708,-1.3991671051544472,-0.7695473626499796,-0.023172021530694975,-0.04843472273556548,-0.001072066382459158,-0.02747518576344188,0.012249982180701537,0.021045673076923076,0.021226447145290317,1,2.5853514671325684e-05,20,-1.805743505788404e-05,86
2018-06-29,182.31922912597656,34313680.0,16.09000015258789,0.017250636186857182,0.001570504483266788,0.0024923823023967895,47.82152439145296,-1.3219736086091984,-0.8800326118418234,-0.02990434043670931,-0.02990434043670931,-0.0190774057297024,-0.03204117406069251,0.012265879677518675,0.0,-0.011547333286855976,0,2.586841583251953e-05,20,-1.80588212124137e-05,86
2018-07-02,180.21392822265625,32449442.0,15.600000381469727,-0.0005468775804046144,0.006173485364477926,-0.00343483729915095,40.144086174081764,-1.414373378719148,-0.9869007652172883,-0.013667364479562516,-0.02861173152860197,0.001744095871196949,0.0062361772219312606,0.01242260279384707,0.35138366372705626,0.0023363955802040426,1,2.586841583251953e-05,20,-1.80588212124137e-05,86
2018-07-03,180.63497924804688,28323220.0,16.139999389648438,-0.004105019516544406,-0.018232648102171067,0.0023305916449567476,35.78094955469973,-1.4370600298713327,-1.0769326181480974,-0.0183486230906712,-0.03982867561558323,-0.031442903639127495,0.005893382881492659,0.012430271072458069,0.1561709888324988,0.00699301762597937,1,2.586841583251953e-05,20,-1.80588212124137e-05,86
2018-07-04,181.89816284179688,15212295.0,16.139999389648438,0.0,0.0,-0.0007859887986445546,45.635495751008676,-1.337690936772674,-1.1290842818730127,0.0,-0.011921038778410886,-0.02917997112001469,-0.0030593489097827664,0.012310853599799039,0.19521267489455746,-0.006944454930249311,0,2.586841583251953e-05,20,-1.80588212124137e-05,86
2018-07-05,180.63497924804688,18225416.0,14.970000267028809,0.005496227469498516,0.027163234513923662,-0.00013109075825157301,34.014192087644886,-1.345360099951506,-1.1723394454887115,0.014084356076640159,-0.009414028456308787,-0.02664152124725072,0.001666323979730544,0.01235369985932865,0.3123405628035762,0.011654832272830484,1,2.586841583251953e-05,20,-1.80588212124137e-05,86
2018-07-06,182.74024963378906,29033762.0,13.369999885559082,0.018584206926000713,0.012175894958866618,6.558523348165757e-05,39.76179112468024,-1.168095167397638,-1.1714905898704968,0.011792442146538518,-0.01846454349470117,-0.033400965333925114,-0.02492203062369569,0.011984475016983687,0.19521267489455746,0.02073744589729598,1,2.586841583251953e-05,20,-1.80588212124137e-05,86
2018-07-09,186.52981567382812,38734793.0,12.6899995803833,0.015025479865856894,0.0065521448235903446,-0.002654996219875083,58.04768612374913,-0.7135991951953713,-1.0799123109354718,0.0023092490563438872,-0.01138967677174585,-0.009212142611787377,-0.020005173257906184,0.012083103314169574,0.3904225200662721,0.0022574489844833234,1,2.586543560028076e-05,20,-1.8065751985062e-05,86
2018-07-10,186.95089721679688,20118957.0,12.640000343322754,0.0026433586721705815,0.010471028177843289,-0.0039108545803353545,57.32404158693059,-0.31578987229070776,-0.9270878232065191,0.03504661106642404,0.01605493091868948,0.015809152739100885,0.0003174164412877989,0.01251618989243437,0.7418075986547498,-0.009009049450971918,0,2.586543560028076e-05,20,-1.8065751985062e-05,86
2018-07-11,185.2666473388672,19854690.0,13.630000114440918,-0.02530976606772195,-0.02589909933503365,0.003002395434546612,52.5730861629303,-0.1348732719889938,-0.7686449129630141,0.034965088129896627,0.034965088129896627,0.004764836748042844,-0.012484178164028692,0.012290733103008883,0.7808521144396512,0.002272593435727499,1,2.586543560028076e-05,20,-1.8065751985062e-05,86
2018-07-12,185.68768310546875,23666051.0,12.579999923706055,0.009196836878948789,0.00709951336617487,0.008059238233807609,51.78567499602019,0.041994419281024875,-0.6065170465142063,0.0185185185185186,0.0328636960039852,-0.01716277073559913,-0.021380757036566056,0.012365092808913597,0.6755761341744997,0.018140591991538058,1,2.586543560028076e-05,20,-1.8065751985062e-05,86
2018-07-13,189.05616760253906,29716311.0,12.180000305175781,0.012328689863855713,-0.003989002608797421,-0.00541688248429717,60.65567537510278,0.44879841740095117,-0.39545395373117487,0.027971901557801493,0.04009420073518899,0.008990869670156831,-0.008518967412505463,0.012263548406469583,0.7177971560906269,-0.004454242680681175,0,2.586543560028076e-05,20,-1.806713813959166e-05,86
2018-07-16,188.2140655517578,15819254.0,12.829999923706055,0.0005297722157089346,-0.0011858072033167355,0.002854420844750294,66.07144128280842,0.6952287546986895,-0.17731741204520202,0.03456227066235873,0.036951332609614695,0.007282359472762234,0.009467085467013137,0.012583529307851064,1.0,-0.008948586669079384,0,2.586543560028076e-05,20,-1.806713813959166e-05,86
2018-07-17,186.52981567382812,21548436.0,12.0600004196167,0.006615687606047693,0.014747170144272292,-0.003140766584919241,64.91219370154633,0.7460220058555365,0.007350471534945688,0.009029386920506255,0.044392447398501345,0.002795679395701356,0.02271874207918878,0.012296238180825453,0.9200016235084016,0.00677218334647911,1,2.586543560028076e-05,20,-1.806713813959166e-05,86
2018-07-18,187.79302978515625,39898658.0,12.100000381469727,0.009726044742980333,0.007704229448606492,0.0004923300733550295,68.96554740457448,0.8780848296786132,0.18149734316367921,-0.0022523643867856658,0.03263396962382625,0.02032390002803619,0.02717164296553065,0.012195637101528415,0.7600005218419863,0.006726223112901941,1,2.586543560028076e-05,20,-1.806713813959166e-05,86
2018-07-19,189.05616760253906,39661216.0,12.869999885559082,0.03644903646126241,-0.002657992750620952,0.0024601887514921206,65.3845724982194,1.0723093200471112,0.35965973854036565,0.013636466587901852,0.032407512265455685,0.022688398566481638,0.00929086580254146,0.011641135470631515,0.8800038848236754,0.057906769055813934,1,2.586543560028076e-05,20,-1.806713813959166e-05,86
2018-07-20,200.00379943847656,97969023.0,12.859999656677246,0.023110070460724108,-0.004854230530771053,0.0035994964749312963,82.1917991827876,2.0855748157092364,0.7048427539741399,0.018140591991538058,0.04661992040272689,0.027294561360030167,0.016079581351743366,0.011683290381476467,1.0,0.014736734813921348,1,2.586245536804199e-05,20,8.294979731241861e-06,84
2018-07-23,202.95120239257812,52256877.0,12.619999885559082,0.0002453063474390227,0.0016113005326514607,-0.0032279403501748183,83.5443142493312,3.0907970230000785,1.1820336077793276,0.057906769055813934,0.09447042914346238,0.0820047647192843,0.07726947227110337,0.014654779892019385,1.0,0.0,0,2.586245536804199e-05,20,8.294979731241861e-06,84
2018-07-24,202.95120239257812,27239267.0,12.40999984741211,-0.00859130107164019,-0.010871357574697926,-3.269277130379944e-05,82.89474688059082,3.8431415213276807,1.7142551904889984,0.07829986987219972,0.08803625661360726,0.10550460355056823,0.09075824066960636,0.014788580752154577,1.0,-0.002074641689366108,0,2.586245536804199e-05,20,8.294979731241861e-06,84
2018-07-25,202.5301513671875,20962512.0,12.289999961853027,0.01237964449824469,0.0048790777924725415,0.0016028716671936394,85.13517616535145,4.355200616039497,2.242444275599098,0.08803625661360726,0.0855856024976791,0.1235431987615574,0.09314490680709575,0.014776716154833313,1.0,0.002078954775613928,1,2.586245536804199e-05,20,8.294979731241861e-06,84
2018-07-26,202.95120239257812,30606388.0,12.140000343322754,-0.0017118474367788794,0.018674957746974474,-0.007217700375016234,84.28576975344593,4.740342716588003,2.7420239637968793,0.0784753385090553,0.09318193142851028,0.1291079301000262,0.09808547997355266,0.014727714603656504,0.9827590192747342,0.014522717379127803,1,2.586245536804199e-05,20,8.294979731241861e-06,84
2018-07-27,205.8986053466797,27129646.0,13.029999732971191,0.015433484206324843,-0.004483432853492841,0.006743862059004124,83.82356311149931,5.223191689520547,3.2382575089416132,0.0734968605692421,0.09297072912102555,0.13679251693208982,0.11014939671990098,0.014622193183023368,1.0,0.004090035320741592,1,2.586245536804199e-05,20,8.294979731241861e-06,84
2018-07-30,206.74073791503906,22788730.0,14.260000228881836,-0.008684969280206678,-0.009969051869920031,-0.0015684846155006316,84.05799917753266,5.609147281293872,3.7124354634120653,0.02947346962784292,0.08908695208267003,0.12933016628986826,0.14665648872086923,0.014371885761050158,1.0,0.0020367613428069475,1,2.586245536804199e-05,20,8.294979731241861e-06,84
2018-07-31,207.1618194580078,27059442.0,12.829999923706055,0.002919953841502121,0.006558349815316777,0.0005563802387322792,89.39400761237923,5.881202785042063,4.1461889277380655,0.018672151126903236,0.0984340480025736,0.14719622369925056,0.13592688261831531,0.014281758895143886,1.0,0.008129896261622083,1,2.586245536804199e-05,20,8.294979731241861e-06,84
2018-08-01,208.8460235595703,29136161.0,13.149999618530273,0.012133096151297762,-0.0017258041508210198,-3.2754089223208105e-05,89.8551333568274,6.161681893971775,4.549287520984808,0.02074694318531245,0.11060968301313001,0.14685328567250777,0.13824049458108756,0.014274301941321637,1.0,-0.014112876858533574,0,2.586245536804199e-05,20,8.294979731241861e-06,84
2018-08-02,205.8986053466797,22402110.0,12.1899995803833,-0.0038357945803492166,0.010050450769790276,0.0016355744269656025,79.41183053795714,6.076090205706379,4.854648057929122,0.03118484901999663,0.11210742911225013,0.14814806426170968,0.12243986999414136,0.013975121169122022,1.0,0.010224865977049635,1,2.586245536804199e-05,20,8.294979731241861e-06,84
2018-08-03,208.00389099121094,24719097.0,11.640000343322754,0.0033690959822076927,0.0020380022796941955,0.0015348609521619316,83.09859658148974,6.1077310118347725,5.105264648710253,0.014522717379127803,0.08908695208267003,0.13986009910041264,0.1065990143278055,0.014212912521870902,0.9027779175885791,-0.006072737726936284,0,2.586245536804199e-05,20,8.294979731241861e-06,84
2018-08-06,206.74073791503906,22364568.0,11.270000457763672,-0.014871439811037224,0.005486201886398145,-0.0030976690890600622,84.28582448195012,5.9621526970346395,5.27664225837513,0.010224865977049635,0.03999969788171587,0.1382489156496729,0.11305330272052427,0.014260223826858117,0.9722218307519785,-0.01629327887208476,0,2.586245536804199e-05,20,8.294979731241861e-06,84
2018-08-07,203.37225341796875,23992418.0,10.930000305175781,0.004139279102689741,0.0077597713279480285,-3.269063176958298e-05,74.66672142791568,5.511439838698038,5.323601774439712,0.0,0.018672151126903236,0.10835223402864669,0.10629402193700233,0.014318431300446471,0.9305560868366005,0.024844682749453728,1,1.7583370208740234e-05,20,5.114646185012091e-06,84
2018-08-08,208.4249725341797,24382432.0,10.850000381469727,0.017701529691267037,0.002692871093749938,-0.003434562601580593,77.3810325012166,5.4985747100842275,5.358596361568615,-0.018292782183288447,0.002074641689366219,0.08783780364599658,0.10265122007879923,0.014412984191903748,0.819444919801169,-0.0020203027393931317,0,2.460777759552002e-05,20,7.811046781994047e-06,84
2018-08-09,208.00389099121094,15128655.0,11.270000457763672,-0.0030976412893237715,-0.010478896637507562,0.0034792038454733998,66.10164390360154,5.392242822869804,5.365325653828854,-0.0020160835155691448,0.029105894244382702,0.12499996911453848,0.13504639456587286,0.014776758460836972,0.986111418694874,-0.008097203710486611,0,2.460777759552002e-05,20,7.811046781994047e-06,84
2018-08-10,206.31964111328125,15890492.0,13.15999984741211,-0.019359673711899172,-0.024664167365311074,0.0006214339371306554,57.14278318559445,5.113128187948234,5.31488616065273,0.010224865977049635,0.02489607619500167,0.12018141167212915,0.11791384093964274,0.01470886751014433,0.9722218307519785,-0.018367081900908855,0,2.460777759552002e-05,20,7.811046781994047e-06,84
2018-08-13,202.5301513671875,17881194.0,14.779999732971191,-0.007799168415711488,0.0014392907452001058,0.00454373204145031,49.23078295445802,4.533883885253516,5.158685705572887,-0.008097203710486611,0.0020448694438344184,0.09131399271266272,0.09452309591215813,0.014709140359939135,0.9166659955748203,0.012473803994510257,1,1.6558170318603516e-05,20,4.852101916358584e-06,84
2018-08-14,205.0564727783203,17358913.0,13.3100004196167,0.004912933307918976,-0.0018869051732079978,0.003807187174444726,54.2856669529559,4.229921722090154,4.972932908876341,-0.020366506332109124,-0.020366506332109124,0.07606278400852484,0.10050957685942818,0.0145008496238616,0.7916677571909169,-0.008213441582857639,0,1.6558170318603516e-05,20,4.852101916358584e-06,84
2018-08-15,203.37225341796875,18473321.0,14.640000343322754,-0.01124417514601428,-0.014274183749005243,-0.0012318499526007276,50.684919946227055,3.8092168108419173,4.740189689269457,0.008281460877999747,-0.010162812265289367,0.09932276530465489,0.09253123209155079,0.014327265511258744,0.8749997483405576,-0.010352032426874658,0,1.6558170318603516e-05,20,4.852101916358584e-06,84
2018-08-16,201.26693725585938,19155966.0,13.449999809265137,-0.0009886811378391203,-0.0013259963971306021,0.0005193361881863368,42.253480869065015,3.268249373874113,4.445801626190388,-0.024242388302977202,-0.026209597139110752,0.08295954141980588,0.08355779063931945,0.014413932378462675,0.819444919801169,0.0020920029446036548,1,1.6558170318603516e-05,20,4.852101916358584e-06,84
2018-08-17,201.68798828125,18324474.0,12.640000343322754,-0.006929055949744467,-0.007261274099132908,-0.002660115871459534,41.4284848983725,2.8407575962367844,4.1247928201996675,-0.03238859476737499,-0.022494897831006666,0.0645880523664879,0.10093641397625674,0.01386524641139918,0.75,0.0,0,1.6558170318603516e-05,20,4.852101916358584e-06,84
2018-08-20,201.68798828125,16933437.0,12.489999771118164,-0.0007474793607318286,-0.0009899113350474442,-0.0028948346362704935,40.57957465715904,2.4734548348828866,3.7945252231363114,-0.022448918615015523,-0.030364348858396117,0.008420784242608947,0.09835794215271054,0.01386147300677886,0.763888581305126,0.006263209435985795,1,1.6558170318603516e-05,20,4.852101916358584e-06,84
2018-08-21,202.95120239257812,12014127.0,12.859999656677246,0.019700615071230443,0.019801871412435945,0.001663633554128685,39.70588783896202,2.2582637135305674,3.4872729212151627,-0.004158210914535165,-0.02444002901772324,-0.006224225806184869,0.09593342592538079,0.01386612802561772,0.763888581305126,0.004149358563253935,1,1.6558170318603516e-05,20,4.852101916358584e-06,84
2018-08-22,203.79331970214844,12614240.0,12.25,0.0002444558827678911,0.0046355355446889845,-0.002442482157196113,46.031761553656295,2.131108931313946,3.2160401232349196,-0.010266783375417421,-0.0020703464622839896,0.0,0.0979499820043519,0.013876011324526575,0.8055563384960429,0.010330493892578119,1,1.6558170318603516e-05,20,4.852101916358584e-06,84
2018-08-23,205.8986053466797,14839240.0,12.40999984741211,-0.005378792691822842,0.0011812034811573557,0.001175257010413766,46.031761553656295,2.175143111405248,3.0078607208689854,0.002070421491147556,-0.022222158773568812,0.006236939667668695,0.11009173854402743,0.013802597768001816,0.8333340044251797,-0.004090035320741703,0,1.6558170318603516e-05,20,4.852101916358584e-06,84
2018-08-24,205.0564727783203,14355943.0,11.989999771118164,0.01376580399744931,0.014563500496920678,0.004760814860240492,46.77414075477742,2.117676203044624,2.8298238173041135,0.023012563086466375,-0.01012137626127485,0.014522717379127803,0.13986009910041264,0.013531477039117437,0.9027779175885791,0.006160099790297746,1,1.6558170318603516e-05,20,4.852101916358584e-06,84
2018-08-27,206.31964111328125,15152299.0,12.15999984741211,0.007031875355099304,0.01568447537438078,-0.0049654327489528916,56.14029733839917,2.1492847750319584,2.6937160088496825,0.016701463115260218,-0.006122385285981524,-0.004090035320741703,0.1431922011087412,0.013485430177636324,0.8749997483405576,0.018367377729051615,1,1.6558170318603516e-05,20,4.852101916358584e-06,84
2018-08-28,210.10919189453125,36792531.0,12.5,0.019745199471195463,0.003928549216316801,0.0005544748352532824,53.70366517795726,2.451856399166985,2.645344086913143,0.022964445584992,0.018710743662178952,-0.0020368351492043857,0.155660185052787,0.01343280232414694,0.91176396919048,0.03807602132099164,1,2.3362040519714355e-05,20,7.2930540357317246e-06,84
2018-08-29,218.10931396484375,56993182.0,12.25,0.04203025323250542,0.002444886724627837,-0.0028685772318269853,66.66668344402194,3.299158931956754,2.7761070559218655,0.035269510195397036,0.02464062239904652,0.014227392114215753,0.15242474917087723,0.01334794868697054,1.0,0.017374828004901532,1,2.987682819366455e-05,20,9.465785253615606e-06,84
2018-08-30,221.89892578125,48957808.0,13.529999732971191,-0.015182327380544591,-0.009392881647660167,0.0007518653531242148,74.02608832341389,4.2277079110129705,3.0664272269400867,0.07024761304059757,0.07246347669948627,0.044354641028782726,0.21028000508022515,0.014157989034744052,1.0,-0.028463246150833177,0,3.622770309448242e-05,20,1.141145115806943e-05,84
2018-08-31,215.5829620361328,69069506.0,12.859999656677246,0.003221235663201316,0.005763766786014646,0.0023193863187298547,68.67457780599268,4.4031869786287245,3.3337791772778145,0.07770970768660601,0.10251057032364108,0.07770970768660601,0.2284382942051313,0.01428760426846789,1.0,0.003906516251434677,1,2.84731388092041e-05,20,8.750529516310918e-06,84
2018-09-03,216.42514038085938,26720905.0,12.859999656677246,0.0,0.0,-0.00045627672350290194,67.08858088473085,4.557674127723203,3.5785581673668925,0.05133458659065271,0.0688934124103937,0.03643715994352292,0.1851849335258695,0.015186690727015303,0.8469374774893372,0.0019454811240953163,1,2.84731388092041e-05,20,8.750529516310918e-06,84
2018-09-04,216.84619140625,34304615.0,13.15999984741211,0.011697365318071862,0.006944121380338952,0.001988943734118287,71.05252617535173,4.660359877583659,3.794918509410246,0.04897982185820893,0.07306906189702622,0.046843222886241875,0.19813527414125964,0.015085054807643017,0.860215259071123,0.025242709428711096,1,2.84731388092041e-05,20,8.750529516310918e-06,84
2018-09-05,222.31997680664062,44864459.0,13.90999984741211,0.0024939354995703322,-0.005039305388083837,-0.0005206261168354542,79.76179896270769,5.124357407248141,4.060806288977825,0.03206427786891175,0.06846467943951451,0.06625258737036144,0.18663617807685573,0.01504586834223382,0.8620687931560902,-0.011363447619149536,0,2.8446316719055176e-05,20,8.729242143176851e-06,84
2018-09-06,219.7936553955078,35698488.0,14.649999618530273,-0.0038446204138997686,-0.026691436321428008,0.0004558161960313001,74.15731480836783,5.227961086783807,4.294237248539022,0.01930528671726317,0.09090905006881278,0.06666669595066055,0.19187367447677262,0.015182150139218517,1.0,0.011494059765223108,1,2.8446316719055176e-05,20,8.729242143176851e-06,84
2018-09-07,222.31997680664062,38663728.0,14.880000114440918,0.018842438591377242,-0.0040838410029572225,0.0018224340891510593,75.78945441034769,5.451084069794916,4.5256066127902015,-0.009487519501638286,0.06748491581782434,0.0566804993315968,0.1756758521496955,0.015371123645360701,0.9318193142851025,0.001893965131823938,1,2.8446316719055176e-05,20,8.729242143176851e-06,84
2018-09-10,222.7410430908203,41659795.0,14.15999984741211,-0.0057934842161760924,0.011001102675881835,0.0006821695743448597,75.26878158970317,5.597364240751887,4.739958138382539,0.03125021897314251,0.08418902263564876,0.07755119971624169,0.19999999999999996,0.015273991717900752,1.0,-0.017013257766350875,0,2.8446316719055176e-05,20,8.729242143176851e-06,84
2018-09-11,218.9514923095703,34350276.0,13.220000267028809,-0.0015687462368784155,-0.01006729155527275,-0.0007466553135927478,67.99996810977197,5.345883238401939,4.861143158386419,0.029182851395389564,0.0795920441162592,0.09979201411344651,0.19954667625588085,0.015275427585917949,1.0,0.0019231727472008853,1,2.0769238471984863e-05,20,6.154889152163551e-06,84
2018-09-12,219.37257385253906,37885965.0,13.140000343322754,-0.013692355045714755,-0.011652919800050232,-0.0012994285203710154,66.66666666666666,5.121522767186207,4.913219080146376,0.00970872898282149,0.04208431023559234,0.06776191623207839,0.15812932784018696,0.015469060241099624,0.8953487343134978,-0.021113180880781512,0,2.0769238471984863e-05,20,6.154889152163551e-06,84
2018-09-13,214.7409210205078,37576180.0,12.369999885559082,-0.011606952466305609,0.012020572804154694,-0.0007806963565807346,60.952426970014905,4.517900260206289,4.834155316158359,-0.013257481385332337,0.005791865852638134,0.07867504128838365,0.16554824534201895,0.015419123205474018,0.906977214566867,0.023529443531246974,1,1.3455748558044434e-05,20,3.929649080548968e-06,84
2018-09-14,219.7936553955078,37903219.0,12.069999694824219,0.022565361025180586,0.011092429866023767,-0.0006836352681038882,64.0351415366491,4.396557730404879,4.746635799007663,-0.022988536069923682,-0.03225795138728438,0.0669458379421739,0.1512418014501795,0.015773995605130382,0.7710850685462023,-0.011494337458208048,0,1.9493699073791505e-05,20,5.605674925304595e-06,84
2018-09-17,217.26727294921875,24765758.0,13.680000305175781,-0.014636440494047998,-0.01439768627352267,0.001954570966484548,57.6576961877369,4.049850792760708,4.607278797758272,-0.011363447619149536,0.019531661127604627,0.08977067632312252,0.17040369201648065,0.016068502197736034,0.9125011551152126,-0.01356593393782124,0,1.9493699073791505e-05,20,5.605674925304595e-06,84
2018-09-18,214.31983947753906,33960152.0,12.789999961853027,-0.004570509096662234,0.008390558102009393,0.001365536851325011,45.45464528600665,3.496939259341275,4.385210890074872,-0.02457459148815111,0.0038911032557373826,0.07724448441740495,0.14922076176847665,0.01623482926133963,0.759259731509394,0.013752499436658905,1,1.9493699073791505e-05,20,5.605674925304595e-06,84
2018-09-19,217.26727294921875,59227711.0,11.75,0.01056023215385049,0.002052830877858014,-0.0025974844722536083,44.32992463809698,3.25901820087779,4.159972352235456,-0.02115378517485811,-0.011650432559260127,0.056016603749752925,0.07157884039831086,0.013975493172859092,0.60784380602376,0.007751831822113475,1,1.9493699073791505e-05,20,5.605674925304595e-06,84
2018-09-20,218.9514923095703,29649071.0,11.800000190734863,0.0034074323029622544,0.011657230263803608,-0.0015950970603211267,54.65122550816683,3.169826685803372,3.961943218949039,-0.009596919370310597,-0.022727169775734524,0.06611577487801368,0.07053947149792372,0.01395398137318153,0.7450990423689733,0.00576910009997067,1,1.9493699073791505e-05,20,5.605674925304595e-06,84
2018-09-21,220.2146453857422,35012974.0,11.680000305175781,-0.00249004165595057,-0.003300552710627347,0.0013368231532098207,55.17237070270797,3.164588260572998,3.802472227273831,0.019607680124741567,-0.003831607806977222,0.06339473228054637,0.07883811343990987,0.013981928731840522,0.823529286370545,0.0,0,1.9493699073791505e-05,20,5.605674925304595e-06,84
2018-09-24,220.2146453857422,35012974.0,12.199999809265137,0.018837547155025725,0.0038826072416791035,-0.0031259376120437166,54.65112996195325,3.124420397380277,3.6668618612951205,0.0019153873640112007,-0.009469825659119802,0.07392194160975785,0.08731783341480193,0.013979880736380236,0.8823514364465401,0.007648357776375514,1,1.9493699073791505e-05,20,5.605674925304595e-06,84
2018-09-25,221.89892578125,24397062.0,12.420000076293945,-0.016039151442439614,-0.017026068675740302,0.0016985153083497462,49.35066340861001,3.1917024689093125,3.571829982817959,0.01356565301582413,-0.01134230885346088,0.0673469777161535,0.08506203850800831,0.013983601800042737,0.8823514364465401,0.0,0,1.9493699073791505e-05,20,5.605674925304595e-06,84
2018-09-26,221.89892578125,24859115.0,12.890000343322754,0.0022640424295321537,-0.009503063564091585,-0.00247824091293003,53.52107140651454,3.208043664906029,3.4990727192355733,0.035363437758197946,0.01346158201795844,0.05611241364745645,0.07770970768660601,0.013873739735757123,0.9607845227157583,0.005692539206819669,1,1.9493699073791505e-05,20,5.605674925304595e-06,84
2018-09-27,223.16209411621094,38495371.0,12.40999984741211,0.011068343688437565,0.004453171313363091,0.0,51.47057961445015,3.2850532592604225,3.4562688272405433,0.021317765759934826,0.011516261510470915,0.017374828004901532,0.07331979182758008,0.013872182154808711,0.9607845227157583,-0.009433953878493329,0,1.9493699073791505e-05,20,5.605674925304595e-06,84
2018-09-28,221.05679321289062,39626486.0,12.119999885559082,-0.013404396056778234,0.006532285969263141,-0.0022882447691161545,47.22221243548091,3.140007675549441,3.393016596902323,0.01923075180820133,0.039215502362956345,0.005692539206819669,0.07723563492570329,0.013885297400871154,1.0,0.0019045807264879144,1,1.9493699073791505e-05,20,5.605674925304595e-06,84
2018-10-01,221.47781372070312,22254380.0,12.0,0.011322062146011502,0.0027071361036568042,-0.002424540648379825,54.68742479707596,3.0241700914925502,3.3192472958203685,0.003824213533451859,0.005746925747742271,0.025390833881577146,0.05846781013686564,0.013956373776168379,0.9038462744638903,-0.020912353416554286,0,1.9493699073791505e-05,20,5.605674925304595e-06,84
2018-10-02,216.84619140625,38391491.0,12.050000190734863,-0.023286797792163028,0.00031380704687888894,0.003382886058300949,45.94590491562916,2.5294765279987814,3.161293142256051,0.0057360777833295185,0.01937954444003398,0.02334605550423663,0.07566446770143043,0.013737908917696256,0.9230752076246707,0.00970872898282149,1,1.2370944023132325e-05,20,3.635883331298828e-06,84
2018-10-03,218.9514923095703,25228536.0,11.609999656677246,0.007794392097909553,0.0011161009448923398,0.0030114881702552054,57.35289885580598,2.281014389024989,2.985237391609839,-0.022770431885646092,0.011787765121836546,0.0,0.04251026446141193,0.014108973996905392,0.7115388233916711,-0.023076957922059105,0,1.2370944023132325e-05,20,3.635883331298828e-06,84
2018-10-04,213.8987579345703,36408727.0,14.220000267028809,-0.034804408015068566,-0.01839113216654964,0.002904533037273671,39.705771065267555,1.6572887244269623,2.7196476581732636,-0.013282774854824209,0.007751831822113475,-0.015151515151515138,0.059063126685507505,0.014123740347772142,0.8076925489277806,-0.015748032057767758,0,6.061792373657227e-06,20,1.6930557432628813e-06,84
2018-10-05,210.5302734375,40204660.0,14.819999694824219,-0.018854364885659836,-0.023248958969040667,0.0025381247829632247,38.57134278102607,0.8810172754807297,2.351921581634757,-0.041509451765660454,-0.023076957922059105,-0.026820143876900904,0.05175978699005501,0.014368434353971747,0.5769230501191355,-0.026000064360362396,0,8.940696716308593e-09,20,1.5610740298316593e-08,84
2018-10-08,205.0564727783203,50876958.0,15.6899995803833,-0.0160944946044429,-0.011277941243455936,0.0029861097052652497,35.52622418803101,-0.17386915192432184,1.8467634349229414,-0.04761907391487841,-0.04397696588834232,-0.053030337347482415,0.010101001227072581,0.014109162519046568,0.42307694988086453,0.0020536394430334948,1,-5.811452865600586e-06,20,-1.4475413731166294e-06,84
2018-10-09,205.4775848388672,28905345.0,15.949999809265137,-0.001464665837482837,-0.0006533248162471361,0.0016827949691817778,29.99998446900298,-0.9647727223897675,1.2844562034603997,-0.07414440600850025,-0.06883362630523437,-0.07939520290963753,-0.014170014795613417,0.014680472666291678,0.17307642720400634,0.0,0,-5.811452865600586e-06,20,-1.4475413731166294e-06,84
2018-10-10,205.4775848388672,28905345.0,22.959999084472656,-0.03789736652498976,-0.044648731098771766,-0.00038765646600014136,25.757614026456636,-1.5734319559750531,0.7128785715733091,-0.052427052066984725,-0.07400369733457435,-0.061538322157917436,-0.004081319014856755,0.014631348014945202,0.19230954177965198,-0.06762311714406888,0,-5.811452865600586e-06,20,-1.4475413731166294e-06,84
2018-10-11,191.58255004882812,94589657.0,24.979999542236328,-0.01041914580553005,-0.010256815461545443,0.004136914109516221,14.583401753132307,-3.1408067010837613,-0.05785848295810495,-0.061538322157917436,-0.07400369733457435,-0.06333968175535021,0.014553060133431606,0.014340365174001498,0.19230954177965198,0.04175849189928216,1,-1.1464953422546386e-05,20,-2.6595024835495723e-06,84
2018-10-12,199.58274841308594,47175769.0,21.309999465942383,0.018490145457326967,0.019701284401410613,-0.004055471682174794,28.69576616537279,-3.694821726443706,-0.7852511316552253,-0.10433070346564854,-0.14150944492812412,-0.10784330653712737,-0.0657083512016633,0.017646400970050297,0.0,-0.027426374374945328,0,-5.671381950378418e-06,20,-1.231829325358073e-06,84
2018-10-15,194.10891723632812,42168280.0,21.299999237060547,-0.02294543082309064,-0.009381140555754008,-0.001648211026241464,23.387136369215654,-4.523431749285351,-1.5328872551812505,-0.05199976633129699,-0.09714265952968892,-0.09195400543320209,-0.01863334324714716,0.0188254213239688,0.25333482798825085,0.02819979243969195,1,-1.1086463928222656e-05,20,-2.243689128330776e-06,84
2018-10-16,199.58274841308594,37818077.0,17.6200008392334,0.032516218059451374,0.03312074750105398,-0.002168828013550006,30.657010379389035,-4.684419659071949,-2.1631937359593905,-0.05338800279583089,-0.1235739870490542,-0.10658925018266951,-0.035564808195156616,0.019228432514331553,0.08000011596460567,0.006328816336266696,1,-1.1068582534790038e-05,20,-2.2408508119129e-06,84
2018-10-17,200.8458709716797,42494858.0,17.399999618530273,-0.01099710596591319,-0.004396034757999212,-0.0018491845087035275,30.656955352112305,-4.656404174497595,-2.6618358236670314,-0.028688464634251454,-0.07961146507213446,-0.06876214120157353,-0.010438102368438229,0.019735529821636122,0.25333482798825085,-0.008385630992578608,0,-1.1068582534790038e-05,20,-2.2408508119129e-06,84
2018-10-18,199.16165161132812,25676430.0,20.059999465942383,-0.026030080439802372,-0.02506048515805659,0.0011050571085653438,30.882385073413076,-4.715743966901897,-3.0726174523140046,-0.022541212321624426,-0.08269238609386376,-0.0755815717417192,-0.004175346864960572,0.019760127759748405,0.2933329532271259,-0.0021141935747822638,0,-1.1068582534790038e-05,20,-2.2408508119129e-06,84
2018-10-19,198.74058532714844,28358460.0,19.889999389648438,-0.0023350685237358837,-0.015546540321823343,0.004707501381344681,30.147137782559895,-4.74208391847057,-3.406510745545318,0.039560500476522265,-0.06889757783329498,-0.09038458925076343,-0.018672226311424844,0.019777834013682726,0.240000347893817,0.004237499273493706,1,-1.1068582534790038e-05,20,-2.2408508119129e-06,84
2018-10-22,199.58274841308594,29275777.0,19.639999389648438,0.0070219504433080004,0.006737695287217793,-0.0020034340533620076,33.858367924267185,-4.6414986894143055,-3.6535083343191155,-0.0042196186425613735,-0.05599996579043798,-0.09751422309346591,-0.024793424938485575,0.01976741852382782,0.22666683417109706,-0.029536107242779108,0,-1.1068582534790038e-05,20,-2.2408508119129e-06,84
2018-10-23,193.68785095214844,32827745.0,20.709999084472656,-0.018594977125753642,-0.005339463685811507,-0.0012951567178535184,27.941269732147475,-4.980046256816365,-3.9188159188185656,0.02819979243969195,-0.02669374095375099,-0.09368994026948607,-0.030674597931149128,0.01970898138410695,0.25333482798825085,-0.00217386389141494,0,-1.627504825592041e-05,20,-2.9958429790678477e-06,84
2018-10-24,193.2667999267578,44321950.0,25.229999542236328,-0.040000101217362416,-0.06614474641033563,0.0030150888007003385,30.400099265251598,-5.222125529520753,-4.179477840959003,-0.029536107242779108,-0.05737722630896258,-0.12713479675387118,-0.055441419001009073,0.020205313319063247,0.06666660224188574,-0.04357302379540462,0,-1.627504825592041e-05,20,-2.9958429790678477e-06,84
2018-10-25,184.8455810546875,75524118.0,24.219999313354492,0.024945497276626094,0.0233772611533265,-0.0010666183654161054,27.737324360927715,-6.024055518961177,-4.548393376559439,-0.03773575731606926,-0.05942635991991496,-0.12903228690128044,-0.06326514100204683,0.0201726086452611,0.053333571705022766,0.006833723514203305,1,-1.6281008720397948e-05,20,-3.0100345611572266e-06,84
2018-10-26,186.1087646484375,38439644.0,24.15999984741211,-0.019256712972114065,-0.017226209809325543,-0.0007765787838034388,32.283559606943356,-6.482931257979033,-4.935300952843358,-0.07188166216144365,-0.03516483621511246,-0.17169812468944767,-0.12024038840016749,0.020945001180668794,0.0,0.006787504681546652,1,-1.6281008720397948e-05,20,-3.0100345611572266e-06,84
2018-10-29,187.37197875976562,18463792.0,24.700000762939453,-0.009271530125063654,-0.011144818374620558,0.0026553163335276686,33.333398881541555,-6.667800511770537,-5.281800864628794,-0.06355934122825291,-0.06751076368965869,-0.15809524808765374,-0.1467179403515262,0.019989822449867082,0.0329670811047381,0.002247139770725548,1,-1.6281008720397948e-05,20,-3.0100345611572266e-06,84
2018-10-30,187.79302978515625,28877931.0,23.350000381469727,0.03991140401274529,0.041590949313332404,-0.0021315759499983544,33.8462053095421,-6.7030666486213875,-5.566054021427313,-0.061181488632710335,-0.034707001473612165,-0.1539921059720547,-0.15559763031715335,0.019784924123461386,0.06593495866968843,0.04932728831016364,1,-1.6281008720397948e-05,20,-3.0100345611572266e-06,84
2018-10-31,197.0563507080078,57283201.0,21.229999542236328,0.008470206243975875,0.012403566278425426,-0.0012622441759410075,55.462180523550515,-5.915354213292744,-5.635914059800399,-0.030434645941982863,-0.05907183221832357,-0.133980502183062,-0.1289059765600531,0.01941620593541062,0.07692372021786373,0.00640995610674544,1,-1.6283988952636718e-05,20,-3.0071962447393506e-06,84
2018-11-01,198.31947326660156,41974797.0,19.34000015258789,0.024934484104508492,0.04639433166531992,0.0023656735593005074,48.54358342862169,-5.130027238337846,-5.534736695507888,0.01960787255072316,-0.018867802685404556,-0.09999996515486398,-0.08949417631781076,0.021014749242988566,0.3186816512690996,0.004246574130390313,1,-1.6283988952636718e-05,20,-3.0071962447393506e-06,84
2018-11-02,199.16165161132812,30722361.0,19.510000228881836,-0.006914059010415308,-0.01503872769289838,-0.010054602795923628,56.521737417822436,-4.389098404382594,-5.30560903728283,0.07289269310651103,-0.004228616994852552,-0.07283485335961748,-0.08543713873645864,0.021046524758665815,0.35164713945341325,-0.006342427494154701,0,-1.6283988952636718e-05,20,-3.0071962447393506e-06,84
2018-11-05,197.8984832763672,25452065.0,19.959999084472656,-0.007736042480132821,-0.008521948983563399,-0.0009144932890544633,47.56094327281727,-3.8593459554471963,-5.016356420915703,0.07013579928676505,0.002118672859328541,-0.05399993853875307,-0.10416664092878214,0.020631200029908134,0.3736266537002944,-0.002127611179326805,0,-1.6283988952636718e-05,20,-3.0071962447393506e-06,84
2018-11-06,197.47743225097656,30468176.0,19.90999984741211,0.00649682724980738,0.011419525944710962,0.0033669143584724726,45.00007700761107,-3.433904705965489,-4.699866077925661,0.05617971580530656,-0.00843893147133512,-0.03490740577446383,-0.0996169433541716,0.020592541326137657,0.3406599708256624,-0.0021323020973536,0,-1.6283988952636718e-05,20,-3.0071962447393506e-06,84
2018-11-07,197.0563507080078,34424652.0,16.360000610351562,0.011618988451221002,0.011942384911035608,-0.00042353765794111986,46.75326019993477,-3.0950395229791354,-4.378900766936356,0.05156955227198634,0.019565405265218994,-0.038934429729472586,-0.11174229555300141,0.020477153202969264,0.3296712092774871,0.01068375059091542,1,-1.6283988952636718e-05,20,-3.0071962447393506e-06,84
2018-11-08,199.16165161132812,24739146.0,16.719999313354492,-0.012251027577711016,-0.004167089756779596,-0.0036829074155717567,50.61729057866266,-2.626331520967341,-4.028386917742553,0.0,0.01960787255072316,-0.04098371186065475,-0.11531189773740902,0.020464970426747813,0.3186816512690996,-0.0232558228622205,0,-1.6283988952636718e-05,20,-3.0071962447393506e-06,84
2018-11-09,194.5299835205078,23219081.0,17.360000610351562,-0.016279282623397617,-0.018510922116677042,0.001472082041759526,43.33329306790362,-2.59865824434587,-3.742441183063217,0.004246574130390313,0.07744881146174198,0.039560500476522265,-0.09038458925076343,0.02043895023432014,0.3736266537002944,0.002164453097515562,1,-1.628994941711426e-05,20,-3.0114537193661645e-06,84
2018-11-12,194.95103454589844,23228445.0,20.450000762939453,-0.026529983137180024,-0.0443920559994867,0.005226361982668237,51.94805500412748,-2.51377444731105,-3.4967078359127837,-0.0232558228622205,0.04524891070003134,-0.025316641507111548,-0.11324382941657185,0.020687407512686513,0.2527474890596234,-0.017278618217731245,0,-1.628994941711426e-05,20,2.3584726244904275e-05,86
2018-11-13,191.58255004882812,36104127.0,20.020000457763672,0.00917450291073707,0.013520766472980839,0.0037369133193909665,47.619037347241026,-2.6873340596875437,-3.3348330806677358,-0.014893740880027928,0.040449248795360715,0.004338375184201437,-0.0921570345352083,0.020491497379231387,0.2637362506077987,0.004395425323326929,1,-1.1092424392700195e-05,20,1.5471563782802847e-05,86
2018-11-14,192.4246368408203,20028279.0,21.25,0.011764487819752922,0.003645896517985747,-0.003981973891262869,63.636318712000545,-2.725513908659053,-3.2129692462659993,-0.02985091579809762,0.02017923811127198,-0.040084618675054084,-0.1283526828648225,0.020212554412456788,0.1758241670718658,0.010941149294874997,1,-1.1092424392700195e-05,20,1.5471563782802847e-05,86
2018-11-15,194.5299835205078,22072228.0,19.979999542236328,0.01797030348931883,0.033405626038615965,-6.503311016048396e-05,64.70589175750825,-2.5564190249019987,-3.081659201993199,-0.023504514574364754,-0.023504514574364754,-0.04192883871656394,-0.11434136292678021,0.020199618069880992,0.19780129193811027,-0.021644923171484587,0,-1.1092424392700195e-05,20,1.5471563782802847e-05,86
2018-11-16,190.31939697265625,46738909.0,18.139999389648438,-0.04283461833414892,-0.011728289292265659,0.0007801380800382951,54.6666640896717,-2.730691544010398,-3.011465670396639,-0.0232558228622205,-0.01910800630757792,-0.0232558228622205,-0.09233795623062346,0.020231601190686406,0.2527474890596234,-0.017699193090357168,0,-5.7220458984375e-06,20,7.551769877589026e-06,86
2018-11-19,186.95089721679688,48944754.0,20.100000381469727,-0.022240727470559274,-0.03862671850524646,-0.000584631966526139,48.78047055849543,-3.1048230817392835,-3.030137152665168,-0.021644923171484587,-0.04439737553456269,-0.04237276618980468,-0.12403099468579859,0.020292212916537933,0.14285788242733993,-0.018018017282709575,0,-6.258487701416016e-08,20,-4.71292540084484e-08,86
2018-11-20,183.58241271972656,41569756.0,22.479999542236328,-0.011372911326103186,0.001542984721672802,0.0035748684227001615,26.4705819655794,-3.631274496173603,-3.150364621366855,-0.0410366497809892,-0.05531920143259461,-0.06329129795399113,-0.14615381130871008,0.020344931218409554,0.054945400661300915,0.004587218110293945,1,5.781650543212891e-06,20,-7.46166983316111e-06,86
2018-11-21,184.42454528808594,35206343.0,20.799999237060547,0.014871089242723512,0.00417939293182501,0.0019754153378381822,25.373314352103264,-3.9351757185972076,-3.3073268408129257,-0.041758173315171954,-0.07036256939775598,-0.05217383631830619,-0.1663478493987003,0.020410135533214,0.0,0.0,0,5.781650543212891e-06,20,-7.46166983316111e-06,86
2018-11-22,184.42454528808594,21929610.0,20.799999237060547,0.0,0.0,-0.003005733881683459,23.076953097341672,-4.128429659600357,-3.471547404570412,-0.04157519371779972,-0.0641025035454924,-0.045751544714471515,-0.16252370515577652,0.020444950376157935,0.021276891037181937,-0.0022830530758957135,0,5.781650543212891e-06,20,-7.46166983316111e-06,86
2018-11-23,184.0034942626953,14883334.0,21.520000457763672,-0.005806136985339272,-0.000415341003862868,-0.001685686154582755,23.809551201004112,-4.266379926974707,-3.6305139090512712,-0.05194797249009453,-0.07399570250603382,-0.0022777702566608715,-0.16888040517197744,0.020372526213301684,0.021276891037181937,0.02059491064365737,1,5.781650543212891e-06,20,-7.46166983316111e-06,86
2018-11-26,187.79302978515625,30599804.0,18.899999618530273,0.024471625258560392,0.019063108998094602,0.0035394584148009667,33.802806118152176,-4.023541776522109,-3.709119482545439,-0.03318580665148052,-0.05411242558761009,-0.011312043200754518,-0.1707778953193868,0.020364116865238382,0.010638831039356273,0.004484121657526652,1,-2.384185791015625e-08,20,-3.118847691735556e-08,86
2018-11-27,188.63511657714844,26584349.0,19.020000457763672,-0.0010855634507709322,0.001963839670719336,-0.0017149782440062378,36.111052390515454,-3.720256623655075,-3.7113469107673667,0.004504565535103033,-0.036716936524165744,0.002247139770725548,-0.15849046618390472,0.020669027943408937,0.1111115585060356,0.01116062418669661,1,-2.384185791015625e-08,20,-3.118847691735556e-08,86
2018-11-28,190.7404022216797,24429026.0,18.489999771118164,0.032880118567059524,0.022731044545304613,0.0014261839308038482,36.11102023395304,-3.2723009496382076,-3.623537718541535,0.027522809960754735,-0.01538466562287888,0.004484121657526652,-0.14666672833038985,0.02068953566363856,0.13333290383420582,0.011037839461142118,1,-2.384185791015625e-08,20,-3.118847691735556e-08,86
2018-11-29,192.84576416015625,44383207.0,18.790000915527344,-0.002104414493291462,-0.00813666641620503,-0.005631790098801104,46.96973773435205,-2.716098247556886,-3.4420498243446054,0.03424629256223932,-0.008752697402951926,-0.032051484073644,-0.13878325319657148,0.02079815880196749,0.2023798635689843,-0.01528389013114062,0,-2.384185791015625e-08,20,-3.118847691735556e-08,86
2018-11-30,189.89833068847656,55827957.0,18.06999969482422,-0.008963890221292181,0.014875941376909951,-0.0026039946418913162,41.66670860986484,-2.484497111216257,-3.250539281718936,0.04566213710282274,-0.008657890829328108,-0.027600462104328982,-0.11067949633078966,0.020723857444589457,0.26190535766980105,0.042128609339987744,1,6.0409307479858395e-06,20,-7.190676622612532e-06,86
2018-12-03,197.8984832763672,45333986.0,16.440000534057617,0.030327092762859387,0.02673444280504511,0.006200657033732515,59.036175614697285,-1.6365410616450902,-2.927739637704167,0.03203654609605078,-0.0022124191799545168,-0.04651156910934495,-0.13269222929075164,0.020721288014917544,0.20833375276573726,-0.004255376566900337,0,5.662441253662109e-08,20,5.89115675105605e-08,86
2018-12-04,197.0563507080078,39746162.0,20.739999771118164,-0.033307274194870784,-0.04980594240365166,-0.008789566100466883,56.62656231034624,-1.0207166571875916,-2.546335041600852,0.05381165372736163,0.05855861738323176,0.0,-0.07480302743551914,0.021616958188581708,0.5312507254870318,-0.034187955430749706,0,5.662441253662109e-08,20,5.89115675105605e-08,86
2018-12-05,190.31939697265625,42835576.0,20.739999771118164,0.0,0.0,0.0061843254778857215,44.680875671528725,-1.0640218615615993,-2.2498724055930017,0.04464298208979156,0.07339449236268503,-0.0021323020973536,-0.06399992984140679,0.02150621352512605,0.615383972090469,-0.026548789635535752,0,6.4194202423095705e-06,20,-6.876712621644486e-06,86
2018-12-06,185.2666473388672,40149112.0,21.190000534057617,-0.015491456820137639,-0.005391342177925806,-0.0013658477038871464,43.74997876626928,-1.4888931820821085,-2.097676560890823,-0.0022072159024502103,0.03196348769824575,-0.034187955430749706,-0.07186837657934275,0.02177063128368547,0.3076926829472264,0.004545433955146949,1,1.2922286987304688e-05,20,-1.3590552086053892e-05,86
2018-12-07,186.1087646484375,25063568.0,23.229999542236328,-0.009224160414546989,-0.037386806403315376,0.003647242120975669,48.88887457228013,-1.7376246799363742,-2.0256661846999333,-0.039301443069263864,0.004566106151791427,-0.06976746858666139,-0.09836078964938755,0.022100298233612686,0.07692264806031268,-0.009049650958315003,0,1.2922286987304688e-05,20,-1.3590552086053892e-05,86
2018-12-10,184.42454528808594,19433461.0,22.639999389648438,-0.0024643479042510963,0.014103567150849594,0.003244658743021267,51.16280637704171,-2.04705147560594,-2.0299432428811346,-0.01995576278264266,0.011441469599140053,-0.04329008166076631,-0.09426244816736806,0.022122564289944663,0.14634101069669023,0.01598178521777327,1,1.2922286987304688e-05,20,-1.3590552086053892e-05,86
2018-12-11,187.37197875976562,27375220.0,21.760000228881836,0.007411123603312975,0.006208568823004246,-0.001714084616079803,53.84616609938788,-2.031028756801618,-2.0301603456652315,-0.0680850998209257,-0.017937217909120506,-0.05399555474189699,-0.03736250905376215,0.019593863693266125,0.048781220776787246,0.017977199601616034,1,6.470084190368652e-06,20,-6.757503332093705e-06,86
2018-12-12,190.7404022216797,26433846.0,21.459999084472656,0.018528695260302763,0.014744256553886892,-0.003660895701826039,57.57570655054571,-1.7266235726648915,-1.9694529910651637,-0.04914519077130475,-0.006696196552915978,-0.02197784343088327,-0.061181488632710335,0.018609881653844824,0.2195137257397616,-0.0022072159024502103,0,2.9802322387695314e-09,20,-1.1089236237281977e-08,86
2018-12-13,190.31939697265625,32087141.0,20.649999618530273,-0.001337530859884306,-0.0035950108482618592,-0.002601285181121571,57.575769777452074,-1.502037324928125,-1.875969857837756,0.00221209848139603,0.0,-0.008752697402951926,-0.017353736565060895,0.01837441736067031,0.4146324217016771,-0.015486693735762946,0,2.9802322387695314e-09,20,-1.1089236237281977e-08,86
2018-12-14,187.37197875976562,38646159.0,21.6299991607666,-0.02143029408181063,-0.014247582867952913,0.0013692318310958296,49.48454648160103,-1.5440838848529665,-1.8095926632407981,0.027272850814573202,-0.013100454648316107,-0.021644923171484587,-0.046413587918214705,0.017816602292386758,0.39024534682484546,0.004494198105640113,1,6.759166717529297e-06,20,-6.4823516579561455e-06,86
2018-12-17,188.2140655517578,18938952.0,24.520000457763672,-0.008486223270392279,-0.012831497100600608,0.0035486769460812972,49.48454648160103,-1.4922549340385274,-1.746125117400344,0.006787504681546652,-0.01330370793440705,-0.015486693735762946,-0.06708573169429977,0.017916165019297672,0.23684290834046984,-0.004474090655889995,0,6.759166717529297e-06,20,-6.4823516579561455e-06,86
2018-12-18,187.37197875976562,30203541.0,25.579999923706055,0.014908556089710201,0.012817666771116842,-0.003276555706520856,45.74474524140797,-1.5018174667042103,-1.6972635872611175,0.02054780863226391,-0.04893629079049078,0.006756685064186252,-0.054968343408473896,0.017905579763409098,0.2894722286328984,0.013483082931786905,1,6.759166717529297e-06,20,-6.4823516579561455e-06,86
2018-12-19,189.89833068847656,23390082.0,25.579999923706055,-0.014417635351098301,-0.04239998349392371,-0.0017576114065950277,46.31576016116106,-1.2906624029217255,-1.6159433503932392,0.0,-0.04914519077130475,0.02064231526265292,-0.057203245872849084,0.01791225573793113,0.23684290834046984,-0.01995576278264266,0,6.759166717529297e-06,20,-6.4823516579561455e-06,86
2018-12-20,186.1087646484375,35027116.0,28.3799991607666,-0.009660211588822132,-0.00860351919036706,0.0047603491387049335,45.36077890899391,-1.412820684885304,-1.5753188172916521,-0.004414751795607907,-0.0022124191799545168,0.029680351885049472,-0.048523320786048485,0.018037649973862563,0.40540606718308797,0.011312207177868627,1,6.759166717529297e-06,20,-6.468490112659543e-06,86
2018-12-21,188.2140655517578,43507532.0,30.110000610351562,-0.004738455681893239,-0.014717153645389058,-0.0034073060192211235,36.14447100040082,-1.3244839883253974,-1.5251518514984013,-0.0221240314502662,0.004545433955146949,0.00913229504088342,-0.039130416628884945,0.01772619198921004,0.162161447442265,-0.015659925331564017,0,6.759166717529297e-06,20,-6.468490112659543e-06,86
2018-12-24,185.2666473388672,22976100.0,36.06999969482422,-0.011761547571455644,-0.02896605188694723,0.002735164357355213,34.09081362624438,-1.4753021719540982,-1.5151819155895407,0.004494198105640113,0.011312207177868627,0.02288310505153346,-0.02614383006763099,0.017822522774163137,0.29729647669297093,-0.011363873152174353,0,6.756186485290527e-06,20,-6.4698762671892035e-06,86
2018-12-25,183.1613006591797,19402777.0,36.06999969482422,0.0,0.0,-0.00016233676746923997,38.96088860148618,-1.7445998894507113,-1.561065510361775,-0.015659925331564017,0.004566106151791427,-0.013453014998370039,0.00227793535434917,0.01665867278409566,0.10810763162817666,-0.00459743149984515,0,6.756186485290527e-06,20,-6.4698762671892035e-06,86
2018-12-26,182.31922912597656,16463259.0,30.40999984741211,0.04165493597434078,0.057705757574131766,0.0002922660143562794,44.776090340572885,-2.0028804469534407,-1.6494284976801081,-0.022472293501177965,-0.022472293501177965,-0.029018011159815282,-0.015837319616975654,0.01671817620395902,0.0,0.03002316697706897,1,6.756186485290527e-06,20,-6.4698762671892035e-06,86
2018-12-27,187.79302978515625,21491484.0,29.959999084472656,0.0005439630022425757,0.007417571239970444,0.00022727911721065475,52.56415259844041,-1.7457556978605737,-1.6686939377162013,-0.03991136486045965,-0.04414991788638456,-0.04414991788638456,-0.026966410171007094,0.016693659646427505,0.0,0.01121075103654734,1,5.960464477539063e-09,20,-1.6633854355922965e-08,86
2018-12-28,189.89833068847656,29456773.0,28.34000015258789,0.009788321185634885,0.006915378766242375,-0.0012659727911508156,58.227888166960554,-1.3564658001826615,-1.6062483102094935,0.009049896923986056,-0.013274354730448024,-0.026200909296632324,0.0,0.01734331681472868,0.32500079272684446,0.0,0,5.960464477539063e-09,20,-1.6633854355922965e-08,86
2018-12-31,189.89833068847656,29456773.0,25.420000076293945,-0.006193073761869949,0.00679819836784934,-0.0069555270427590354,54.16667295818756,-1.036008292883082,-1.4922003067442113,0.008948667740539262,0.013483082931786905,0.0,-0.03632473652238588,0.015618503244549053,0.4500006794801524,0.0,0,5.960464477539063e-09,20,-1.6633854355922965e-08,86
2019-01-01,189.89833068847656,29456773.0,25.420000076293945,0.0,0.0,0.00039279408881109923,48.43758493540379,-0.7731312339687975,-1.3483864921891286,0.025000092656384476,0.008948667740539262,-0.04042553765668999,-0.04246250980509836,0.015577980883552044,0.4500006794801524,-0.026607656926052603,0,5.960464477539063e-09,20,-1.6633854355922965e-08,86
2019-01-02,184.8455810546875,32900482.0,23.219999313354492,-0.010565928271064728,0.008769275948513178,-0.002093933657966396,41.333275995195194,-0.9614311587801581,-1.2709954255073346,0.036781951236702026,0.013483082931786905,-0.03632473652238588,-0.04651156910934495,0.015557434954844324,0.4500006794801524,-0.018223070090572557,0,8.940696716308593e-09,20,-1.1089236237281977e-08,86
2019-01-03,181.4771270751953,34087620.0,25.450000762939453,-0.05914569680866766,-0.059443934290495326,0.008458782733720138,40.78944796052999,-1.3667116890188709,-1.290138678209642,0.01385674972860551,-0.026607656926052603,-0.02876120881549027,-0.0659575657457222,0.01603364867636081,0.14999932051984763,-0.03480283201823553,0,1.4901161193847656e-08,20,-1.386154529660247e-08,86
2019-01-04,175.1612091064453,65943521.0,21.3799991607666,0.01775303585230481,0.04373049128167872,0.0033811271147159427,32.5842861330988,-2.1724980200290247,-1.4666105465735186,-0.03363225310964213,-0.024886724609619715,-0.020454411617545687,-0.0810234617363581,0.016240088895262537,0.0,0.024038524779027348,1,1.4901161193847656e-08,20,-9.70308170762173e-09,86
2019-01-07,179.371826171875,35442176.0,21.399999618530273,0.007435020783143509,0.019476231736831107,-0.0025920980284345196,40.206188263072164,-2.443164604404103,-1.6619213581396357,-0.07760532453656543,-0.0693511210602007,-0.05882342813178254,-0.11111106809242632,0.017016292088976495,0.0,-0.009389627429710057,0,-7.048249244689941e-06,20,6.212051524672398e-06,86
2019-01-08,177.68759155273438,22694481.0,20.469999313354492,-0.008231529124771542,-0.004878876949766187,0.0006496621447042994,34.73687302378684,-2.761737885376931,-1.8818846635870947,-0.05543231727439468,-0.03181803768602831,-0.02739721607185308,-0.09936564232794054,0.017392319869937587,0.18518565743468604,0.02132695642585869,1,-7.048249244689941e-06,20,6.212051524672398e-06,86
2019-01-09,181.4771270751953,46295446.0,19.979999542236328,0.019175677856036133,0.02523796110453258,0.0004220526732385821,44.2105612497325,-2.677560409870125,-2.0410198128437007,-0.06430145589733272,-0.02988463767589533,-0.05168535482804426,-0.0865799280037356,0.01711502022257072,0.11111193133392837,0.002320048666117014,1,-1.424252986907959e-05,20,1.2205783710923305e-05,86
2019-01-10,181.89816284179688,20754593.0,19.5,0.022746288766716916,0.00971564153653226,-0.0034073060192211235,41.75824307108931,-2.547508988591801,-2.142317647993321,-0.018223070090572557,-0.004618832883498958,-0.04856482967734621,-0.06911431633121645,0.017480552889536195,0.2777781506063311,0.020833197017870564,1,-1.424252986907959e-05,20,1.2205783710923305e-05,86
2019-01-11,185.68768310546875,28102288.0,18.190000534057617,0.005216688885373966,0.009688708516644606,0.002214154053226114,50.53760340287972,-2.114287495176626,-2.1367116174299823,0.002320048666117014,-0.031390232907490656,-0.044247902551253215,-0.05054942219196379,0.017311340420343293,0.2962955754944266,-0.009070008385084094,0,-2.1663308143615722e-05,20,1.8008919649345932e-05,86
2019-01-14,184.0034942626953,17612296.0,19.06999969482422,-0.023217549872223353,-0.015465284872314466,0.00022742680513054836,51.08705414118114,-1.8851257485321185,-2.0863944436504096,0.06009591993982255,-0.02217316796699642,-0.00898904769776887,-0.03501086890928928,0.017621370203490246,0.46296112367543335,0.011441469599140053,1,-2.1663308143615722e-05,20,1.8008919649345932e-05,86
2019-01-15,186.1087646484375,38882923.0,18.600000381469727,0.007830131024546771,0.0023026425398899875,0.0015591612027461288,54.73684531758956,-1.5161583578707223,-1.9723472264944724,0.025821603033590268,-0.03104206553269595,-0.022371182922588884,-0.05411242558761009,0.017569486961609027,0.3888894108488635,-0.015837319616975654,0,-2.1663308143615722e-05,20,1.8008919649345932e-05,86
2019-01-16,183.1613006591797,28978282.0,19.040000915527344,-0.011098835328392731,-0.00822041857747291,-0.00019460721509034773,43.82012406781179,-1.4449285169472148,-1.866863484585021,0.04739314108607218,-0.01995576278264266,-0.006741745055421133,-0.0221240314502662,0.017369813620318846,0.4814805618377167,0.013793210886780427,1,-2.1663308143615722e-05,20,1.800753349481627e-05,86
2019-01-17,185.68768310546875,21163986.0,18.059999465942383,0.018237745933088467,0.011430410489581044,-0.002043587879537845,44.44437733515173,-1.1711204576371301,-1.7277148791954429,0.009280362826586508,-0.009111823966240773,-0.03547703660622903,-0.02027054490796365,0.017326871086264004,0.35184919234150497,-0.009070008385084094,0,-2.1663308143615722e-05,20,1.800753349481627e-05,86
2019-01-18,184.0034942626953,49627569.0,17.799999237060547,0.015155801491443466,0.022960413458842588,0.0020152860682021156,42.5531808259885,-1.0776036184828115,-1.5976926270529166,0.020833197017870564,0.02320157971494008,-0.002262556219553513,0.011467712808395758,0.017230320753008663,0.46296112367543335,0.011441469599140053,1,-2.1663308143615722e-05,20,1.800753349481627e-05,86
2019-01-21,186.1087646484375,29384866.0,17.799999237060547,0.0,0.0,0.0008434481735375421,45.45450219392889,-0.8241132593883549,-1.4429767535200044,-0.009070008385084094,0.05048084105697481,-0.022371182922588884,-0.0022830530758957135,0.0172784924476541,0.3888894108488635,0.009049896923986056,1,-2.1663308143615722e-05,20,1.800753349481627e-05,86
2019-01-22,187.79302978515625,28926483.0,20.799999237060547,-0.012757677156440494,-0.028469525253170702,0.0007454318651907155,53.84620285930469,-0.4817607647540285,-1.2507335557668093,0.011441469599140053,0.03755850971884023,0.004545433955146949,0.00913229504088342,0.017366986020806646,0.4814805618377167,-0.011210994796218565,0,-2.1663308143615722e-05,20,1.800753349481627e-05,86
2019-01-23,185.68768310546875,16671213.0,19.520000457763672,0.0032994513908106704,-0.006209387167866676,3.243159897792225e-05,55.68176530203379,-0.37599360791014647,-1.0757855661954767,0.009049896923986056,0.056871941051791275,0.02528770602363828,0.02059491064365737,0.017412840445235143,0.5555556301212662,0.009070583606453964,1,-2.1663308143615722e-05,20,1.800753349481627e-05,86
2019-01-24,187.37197875976562,26417924.0,18.889999389648438,0.03151548712020347,0.05730434318974331,-0.0006153773547433738,68.83121711723032,-0.1544830071009642,-0.8915250543765743,0.013793210886780427,0.02320157971494008,0.01847558261210458,-0.011210994796218565,0.01721403026680907,0.46296112367543335,0.01573030413832366,1,-2.1663308143615722e-05,20,1.800753349481627e-05,86
2019-01-25,190.31939697265625,46692764.0,17.420000076293945,0.01328339080668739,0.021732021642068666,0.0005185283486786041,67.5675980094006,0.25594735532601476,-0.6620305724360565,0.009070583606453964,0.030092749879664815,-0.0022421014553752894,-0.006696196552915978,0.017258464866944215,0.5370375341417748,0.013274354730448135,1,-2.938807010650635e-05,20,2.350502235944881e-05,86
2019-01-28,192.84576416015625,26026257.0,18.8700008392334,-0.01835300452586741,-0.020887327930705468,-0.005376704128309484,73.68423813220369,0.7761263909274874,-0.37439917976334774,0.034324906357179996,0.024943570783619196,0.0022173248319408145,-0.0022072159024502103,0.01734482272789607,0.6666668903637987,-0.028384265655141405,0,-2.938807010650635e-05,20,2.350502235944881e-05,86
2019-01-29,187.37197875976562,41122520.0,19.1299991607666,-0.02964740718230119,-0.014469088058684076,0.0026051818167589502,58.750017553261124,0.7381740775820447,-0.15188452829426927,0.03619925974171645,0.04805490207070284,0.015521113118760699,0.0,0.017382632128078165,0.777778150606331,-0.006741745055421133,0,-2.939105033874512e-05,20,2.3507794668508132e-05,86
2019-01-30,186.1087646484375,44755945.0,17.65999984741211,0.0289014124663447,0.028723971498988865,-0.00022736031759573727,56.097553430324034,0.599257902090585,-0.0016560422172984075,-0.0022421014553752894,0.006787504681546652,-0.01330370793440705,-0.01330370793440705,0.017779296743366226,0.5370375341417748,0.0,0,-2.939105033874512e-05,20,2.3507794668508132e-05,86
2019-01-31,186.1087646484375,44755945.0,16.56999969482422,0.0064208420785125675,0.0002594483645921297,-0.001884297596453255,50.68496482841129,0.48359129277858415,0.09539342478187811,0.0022676869888542672,0.016092176560497107,0.006833723514203305,-0.05957457799949495,0.01649681000022717,0.4999993030970368,0.0,0,-2.939105033874512e-05,20,2.3507794668508132e-05,86
2019-02-01,186.1087646484375,44755945.0,16.139999389648438,-0.001329235343132562,0.012035358351307535,-0.0012042687658697648,53.62312142371332,0.38745829354235184,0.15380639853397285,-0.006741745055421133,0.0022676869888542672,0.02552188062423455,-0.05555561147984578,0.016491459239192967,0.6190461399081084,0.0,0,-2.939105033874512e-05,20,2.3507794668508132e-05,86
2019-02-04,186.1087646484375,44755945.0,15.729999542236328,0.009848195721595898,0.005033385385944333,0.002509276616015743,50.0,0.30772493751919683,0.18459010633101766,-0.0221240314502662,0.011441469599140053,0.06249988566440745,-0.0221240314502662,0.015646965175917626,0.6190461399081084,0.0,0,-2.939105033874512e-05,20,2.3507794668508132e-05,86
2019-02-05,186.1087646484375,44755945.0,15.569999694824219,0.008171020414466268,0.004830432479375091,0.00045509016489386767,56.140413338682265,0.2417489470449823,0.1960218744738106,-0.03493465122793027,0.0,0.03755850971884023,0.004545433955146949,0.015091769047171364,0.6190461399081084,0.0,0,-2.939105033874512e-05,20,2.3507794668508132e-05,86
2019-02-06,186.1087646484375,44755945.0,15.380000114440918,0.01281010496737367,0.025866647763308714,-0.0015596170850641355,50.98043813462372,0.18730338246211886,0.19427817607147224,-0.006741745055421133,-0.008968730834395866,0.04739314108607218,0.0,0.015076280060299034,0.6190461399081084,0.0,0,-2.939105033874512e-05,20,2.3507794668508132e-05,86
2019-02-07,186.1087646484375,44755945.0,16.3700008392334,-0.01600387900058009,-0.022372814900602833,0.001887486231325175,55.319035741409685,0.14251208961272255,0.18392495877972231,0.0,0.0022676869888542672,0.02552188062423455,0.00913229504088342,0.015006668741870748,0.6190461399081084,0.0,0,-2.939105033874512e-05,20,2.3507794668508132e-05,86
2019-02-08,186.1087646484375,44755945.0,15.720000267028809,-0.008656875033070777,-0.0011503772849916771,0.0006821030954531349,50.0,0.10579512695736071,0.16829899241525,0.0,-0.006741745055421133,0.02314812717653858,-0.006741745055421133,0.014801241621697013,0.6190461399081084,0.031674393268280365,1,-2.939105033874512e-05,20,2.3507794668508132e-05,86
2019-02-11,192.00364685058594,78307106.0,15.970000267028809,0.013230901817633534,0.004959967383434405,0.0003894809799120935,59.61534038918945,0.5460696466784327,0.24385312326788655,0.0,-0.0221240314502662,0.0022676869888542672,-0.024282414838673105,0.014524442073959384,0.6190461399081084,0.008771729751951618,1,-3.737807273864746e-05,20,2.8738448786181074e-05,86
2019-02-12,193.68785095214844,29406670.0,15.430000305175781,0.009140901923970768,0.021270067322026964,0.0018494845702796692,68.62742311510227,1.0191435189870788,0.398911202411725,0.031674393268280365,-0.004366791841333595,0.04347826447507064,0.008849596545178473,0.01534406456120154,0.9523811989042041,-0.0043476490025191605,0,-3.737807273864746e-05,20,2.8738448786181074e-05,86
2019-02-13,192.84576416015625,28634925.0,15.649999618530273,-0.013198771063888115,0.0029849110672568457,-0.002752890164037458,63.26530763177668,1.3109962558336576,0.5813282130961116,0.040723962238038425,0.03370766661156166,0.040723962238038425,0.03370766661156166,0.015190166931078204,1.0,-0.008733741931297945,0,-3.737807273864746e-05,20,2.8738448786181074e-05,86
2019-02-14,191.1614990234375,23647751.0,16.219999313354492,-0.0018358749817461995,0.0025359880310615868,0.001948540734579396,52.17386166506743,1.3903583463788038,0.74313423975265,0.03619925974171645,0.03619925974171645,0.05287396118133647,0.02460867414356316,0.015200440219279266,0.9545472515199784,0.0,0,-3.737807273864746e-05,20,2.8738448786181074e-05,86
2019-02-15,191.1614990234375,22369799.0,14.90999984741211,0.0007882506933327704,0.005260037077639668,-0.0010048015703911783,44.9999365819099,1.4366920828870775,0.8818458083795355,0.02714936281773017,0.02714936281773017,0.029478616063401963,0.020224583679774755,0.015249879490895488,0.8636368128799946,0.013215798901018205,1,-3.737807273864746e-05,20,2.8738448786181074e-05,86
2019-02-18,193.68785095214844,16978916.0,14.90999984741211,0.0,0.0,-0.0002919720677166948,72.72713296281776,1.6581532316395737,1.0371072930315433,0.02714936281773017,0.02714936281773017,0.038901461026185524,0.0066518137909969965,0.015113160456040052,0.8636368128799946,-0.0043476490025191605,0,-3.737807273864746e-05,20,2.8738448786181074e-05,86
2019-02-19,192.84576416015625,16577023.0,14.880000114440918,0.009713866570948637,-0.00199089933956198,0.00019474616205816808,75.00022649441011,1.7455913307979642,1.1788041005848275,0.008771729751951618,0.040723962238038425,0.040723962238038425,0.040723962238038425,0.014895623101751802,1.0,0.02401747381380792,1,-3.737807273864746e-05,20,2.8562407160914222e-05,86
2019-02-20,197.47743225097656,30479710.0,14.020000457763672,0.014040596454110155,0.008743141697663548,-0.0012655416912062956,81.39554091010606,2.1636819817618687,1.375779676820236,-0.0043476490025191605,0.03619925974171645,0.026905867490292668,0.02460867414356316,0.014828561139893616,0.9545472515199784,0.008528667509769328,1,-3.8203597068786624e-05,20,2.8753696486007337e-05,86
2019-02-21,199.16165161132812,33764489.0,14.460000038146973,-0.000513293216341637,-0.007373503308770513,0.00042238177214426464,82.97888417523683,2.600942218735895,1.620812185203368,0.02401747381380792,0.06108614832845016,0.06349235958106791,0.0659092453363983,0.015024362379908899,1.0,0.0,0,-3.8203597068786624e-05,20,2.8753696486007337e-05,86
2019-02-22,199.16165161132812,22032163.0,13.510000228881836,0.010518391782356584,0.010760991888076221,0.00022733078475090096,82.97888417523683,2.9138846583168174,1.879426679826058,0.04185022940686278,0.07013579928676505,0.06292121655329441,0.08735661351259649,0.014917885920300659,1.0,0.0063422742639625,1,-3.8203597068786624e-05,20,2.8753696486007337e-05,86
2019-02-25,200.42478942871094,24105138.0,14.850000381469727,0.004824032987861049,0.008184411872405928,-0.0016883680034105453,84.00012176357139,3.2266239493088733,2.148866133722621,0.04185022940686278,0.07013579928676505,0.04646008120728906,0.0923787499875508,0.014884337775060165,1.0,0.006302607856740972,1,-3.8203597068786624e-05,20,2.8753696486007337e-05,86
2019-02-26,201.68798828125,24522789.0,15.170000076293945,0.0005050934208135072,-0.00680983716682948,-0.0003902536946777113,84.90579196831744,3.5356449666782908,2.426221900313755,0.03478245250512324,0.04385928453055987,0.0393009683233716,0.06726426245961314,0.014239787263003758,1.0,-0.0020876356047712097,0,-3.8203597068786624e-05,20,2.8753696486007337e-05,86
2019-02-27,201.26693725585938,35240889.0,14.699999809265137,-0.0037880952547671987,-0.012227576486444014,0.0005856401070571948,83.3334899221664,3.7038750840542036,2.681752537061845,0.04585127477184514,0.041304280520299885,0.07640421804927033,0.062084050712978955,0.014179426716025342,1.0,0.0,0,-3.8203597068786624e-05,20,2.8753696486007337e-05,86
2019-02-28,201.26693725585938,35240889.0,14.779999732971191,-0.010139356204107663,0.00024443543147190105,0.0007804171184677688,83.3334899221664,3.7934699044022295,2.9040960105299223,0.01918955984837134,0.04366791841333595,0.08144792447607663,0.059866806233450864,0.014188589537078713,0.9841273219558241,0.0,0,-3.8203597068786624e-05,20,2.8753696486007337e-05,86
2019-03-01,201.26693725585938,35240889.0,13.569999694824219,0.008706681906786251,0.00957639918422104,0.0015596170850642466,77.50012457248987,3.820434850208784,3.087363778465695,0.010570738028623072,0.05286335524698349,0.08144792447607663,0.059866806233450864,0.014188589537078713,0.9841273219558241,-0.014644551308051534,0,-3.8203597068786624e-05,20,2.8753696486007337e-05,86
2019-03-04,198.31947326660156,39655513.0,14.630000114440918,-0.006092517384038154,8.802910709748701e-05,0.00038926617849277534,62.790629076897666,3.5628981806838453,3.1824706589093252,0.010570738028623072,0.05286335524698349,0.08144792447607663,0.08883824058695522,0.013480044334388324,0.9841273219558241,-0.010615550510826854,0,-3.8203597068786624e-05,20,2.8753696486007337e-05,86
2019-03-05,196.21420288085938,22641407.0,14.739999771118164,-0.0033206522223397927,-0.004657968520768385,3.241076262461284e-05,58.69556654282356,3.1525798113309236,3.1764924893936453,-0.010504270295657259,0.023912817926806218,0.06561060485910097,0.09280699150823346,0.013359110841081205,0.8730145490920407,0.004291982001220385,1,-3.8203597068786624e-05,20,2.8753696486007337e-05,86
2019-03-06,197.0563507080078,20433226.0,15.739999771118164,-0.005894230061685102,-0.017009416839657288,-0.0002594013988006516,65.90916016765514,2.862358353618049,3.1136656622385264,-0.02713986810537039,0.017467009116703514,0.054298561658346456,0.12019210121814239,0.01219563924650422,0.7719293784053557,0.0,0,-3.8203597068786624e-05,20,2.8753696486007337e-05,86
2019-03-07,197.0563507080078,17126192.0,16.59000015258789,-0.004125232079614349,-0.01104345493537684,-3.241812150722723e-05,65.90916016765514,2.6023574012376685,3.011404010038355,-0.020920408514483846,-0.0021323020973536,0.05882359210889665,0.09859142828365597,0.011727694765954824,0.8070182911710291,-0.017094093865823723,0,-3.8203597068786624e-05,20,2.8753696486007337e-05,86
2019-03-08,193.68785095214844,22190659.0,16.049999237060547,-0.0111312045365346,-0.0006671302986261951,0.0025300565634129857,50.0,2.10028422552935,2.829180053136554,-0.020920408514483846,-0.010570814643719117,0.05882359210889665,0.10900456799497538,0.011587925473685997,0.7708342298716762,0.0021739426717255483,1,-3.733932971954346e-05,20,2.85457733065583e-05,86
2019-03-11,194.10891723632812,23200793.0,14.329999923706055,0.011518524437482247,0.02402503765241537,-0.000517644564185904,53.33325817107682,1.7165765210710333,2.60665934672345,-0.0376568869534496,-0.027484210011784915,0.040723962238038425,0.06728519496505792,0.011584525917163423,0.5957449269283378,0.021691718702171014,1,-3.733932971954346e-05,20,2.85457733065583e-05,86
2019-03-12,198.31947326660156,23588085.0,13.770000457763672,0.006728615034744312,0.0038818192842480226,0.0006798066731081853,52.27251762535415,1.7322735126303712,2.4317821799048343,-0.02123117796210139,-0.031512430225749566,0.01096474166128969,0.06712961914382487,0.011584331586904651,0.5909106258210375,0.006369899665809253,1,-3.8230419158935546e-05,20,2.8755082640536997e-05,86
2019-03-13,199.58274841308594,20500195.0,13.40999984741211,0.007969370648972074,0.004169390485285973,-0.0008087967568657373,51.162886733475304,1.825604802459054,2.310546704415678,0.010729449524204515,-0.01670161442609619,0.023912817926806218,0.06802707616292514,0.011619775813233953,0.8181803955805018,-0.010548587885721994,0,-3.8230419158935546e-05,20,2.8755082640536997e-05,86
2019-03-14,197.47743225097656,17175356.0,13.5,-0.00994671338365849,-0.00566588095478171,0.0002914099281801086,45.833405685113476,1.7099775459176954,2.190432872716082,0.012820686549816829,-0.008367935964725404,0.03493457210361495,0.08466825161563873,0.01151665257625423,0.8863671741484889,0.01918955984837134,1,-3.8230419158935546e-05,20,2.8755082640536997e-05,86
2019-03-15,201.26693725585938,33649729.0,12.880000114440918,0.021380859462531543,0.029045219765527097,0.0005502394618925877,51.85190404767417,1.902196162453805,2.132785530663627,0.002136858525268792,-0.018828253942501427,0.03303977662763935,0.06108614832845016,0.011576728943898036,0.7727302302405357,0.008368315033172369,1,-3.916025161743164e-05,20,2.894914427468943e-05,86
2019-03-18,202.95120239257812,26856532.0,13.100000381469727,0.00504382326224917,-0.002578331651355237,-0.0007763778269256338,52.72733262612752,2.1654746773419618,2.139323359999294,0.039130416628884834,0.0,0.05286335524698349,0.0988507754177288,0.011560565319110459,0.9761909486950062,-0.002074641689366108,0,-3.916025161743164e-05,20,2.894914427468943e-05,86
2019-03-19,202.5301513671875,14479009.0,13.5600004196167,-0.0022578584821709713,0.013378713389103014,-0.004014391840507114,52.72733262612752,2.313481127979969,2.1741549135954292,0.045553214567079836,0.02335488819975895,0.04782618731578703,0.09297072912102555,0.011459018580792305,1.0,0.006236939667668695,1,-3.916025161743164e-05,20,2.894914427468943e-05,86
2019-03-20,203.79331970214844,22975971.0,13.90999984741211,0.0022629679435370864,-0.010189338877376386,0.0008126613481200806,55.172437492697554,2.5038417057361926,2.240092272023582,0.02123179348568316,0.03218904846640047,0.05021830398612481,0.10068644173703745,0.011341708125229744,0.9756103597193521,0.014462781298221206,1,-3.916025161743164e-05,20,2.894914427468943e-05,86
2019-03-21,206.74073791503906,26179502.0,13.630000114440918,0.029862249084281256,0.035046371488225425,-0.0014615159128251731,60.0,2.8595724807246654,2.363988313763799,0.02109686995765636,0.034188032864382434,0.031982831552847646,0.09502268787349877,0.011268140001677333,1.0,0.012220051412060284,1,-3.916025161743164e-05,20,2.894914427468943e-05,86
2019-03-22,209.26712036132812,22931467.0,16.479999542236328,-0.01486362901267746,-0.02875509748108429,0.0015611783065387907,70.31259997542551,3.307225989827316,2.5526358489765024,0.04690817354911547,0.049145268204937365,0.03805494804040799,0.10089675932892628,0.01137851165766887,1.0,-0.028169102404530078,0,-3.916025161743164e-05,20,2.894914427468943e-05,86
2019-03-25,203.37225341796875,19211254.0,16.329999923706055,-0.012613968364027062,-0.012582385497136417,0.002435643319045555,61.64383289631625,3.15001669247647,2.672112017676496,0.039749117339121565,0.08043493349011666,0.0507400328740053,0.12698439046421028,0.01127108743335907,1.0,0.010352107455738224,1,-3.119707107543945e-05,20,2.260194268337516e-05,86
2019-03-26,205.4775848388672,19920170.0,14.680000305175781,0.012023589857347305,0.010124751401193288,-0.0016845939395152554,63.15788971761369,3.1588960549943295,2.7694688251400628,0.002074641689366219,0.0477223628544714,0.014706084999062341,0.08539310287541713,0.01220119764874524,0.745453994383629,-0.010246039355336078,0,-3.119707107543945e-05,20,2.260194268337516e-05,86
2019-03-27,203.37225341796875,22590089.0,15.149999618530273,-0.004950077995693913,-0.014512274588330043,0.0007463887971987937,59.259216177002855,2.961907339003659,2.8079565279127823,0.014553060133431606,0.036093841186452424,0.01878940134170337,0.07964604820804877,0.012081492490086271,0.8363642233739604,0.002070421491147556,1,-3.119707107543945e-05,20,2.260194268337516e-05,86
2019-03-28,203.79331970214844,13933054.0,14.430000305175781,0.003482570348966929,-0.0019469455993921247,0.0013943145562258508,66.21617915681118,2.807406853828695,2.807846593095965,-0.0020661437028215435,0.01898713708982247,0.010460317977776024,0.054585016703142974,0.012086398730785876,0.745453994383629,0.014462781298221206,1,-3.119707107543945e-05,20,2.260194268337516e-05,86
2019-03-29,206.74073791503906,28220810.0,13.710000038146973,0.015368890967284221,0.015802853520072935,-0.001003825443939399,68.74994620799184,2.8894879054597595,2.824174855568724,-0.01425659133567514,0.031982831552847646,0.012552396736069005,0.08764032408195366,0.011135959324932202,0.7636360401816953,0.0,0,-3.119707107543945e-05,20,2.260194268337516e-05,86
2019-04-01,206.74073791503906,35330656.0,13.399999618530273,0.010009823765125825,0.024886944719646253,-0.00038893813212881323,64.28572907704049,2.920867784595657,2.8435134413741108,-0.012072524541489993,0.027196720603052338,0.027196720603052338,0.11085976152480348,0.01120750531840958,0.8909083841007415,0.0020367613428069475,1,-3.119707107543945e-05,20,2.260194268337516e-05,86
2019-04-02,207.1618194580078,24105053.0,13.359999656677246,-0.0024170609606817273,0.0009718751104208501,-0.0007134234566210651,63.23522201615826,2.9457574678637855,2.863962246672046,0.016563146842590415,0.018672151126903236,0.04246312532868002,0.11085976152480348,0.01120750531840958,0.8909083841007415,0.002032400409028634,1,-3.119707107543945e-05,20,2.260194268337516e-05,86
2019-04-03,207.58285522460938,24945323.0,13.739999771118164,0.012599755150758174,0.02274326216437661,0.00038942914032902287,68.74991152617211,2.9652749450493445,2.884224786347506,0.00819668296403897,0.022869029917540917,0.05579421069633672,0.11312231774435699,0.011200529307109245,0.9090910887879471,0.0,0,-3.119707107543945e-05,20,2.260194268337516e-05,86
2019-04-04,207.58285522460938,24945323.0,13.579999923706055,0.0059825646142877,0.001161101571668155,-0.001329928495307997,63.63633368693624,2.946774108712674,2.8967346508205396,0.02070391479602196,0.018594993830020945,0.0534187529545771,0.11538462799823956,0.011193339712801268,0.9272718168077348,0.0,0,-3.119707107543945e-05,20,2.260194268337516e-05,86
2019-04-05,207.58285522460938,24945323.0,12.819999694824219,0.0045193096470201866,0.008022436641295538,0.00016237367640825617,60.78425102854341,2.8986976801444655,2.897127256685325,0.018594993830020945,0.004073301266421803,0.0534187529545771,0.11538462799823956,0.011193339712801268,0.9272718168077348,0.026369159410915,1,-3.119707107543945e-05,20,2.260194268337516e-05,86
2019-04-08,213.056640625,45184821.0,13.180000305175781,0.003788880077539858,0.002524265155566141,-0.000129890240578745,69.84117031912042,3.264652616423973,2.9706323286330547,0.004073301266421803,-0.008048398304571824,0.07173916280321468,0.11538462799823956,0.011193339712801268,0.9272718168077348,0.003952551336114052,1,-3.2034516334533694e-05,20,2.282580663991529e-05,86
2019-04-09,213.8987579345703,22355674.0,14.279999732971191,-0.004246295477257966,-0.011381269691767115,0.0006171362289506543,69.35475009235057,3.5813428776180842,3.0927744384300606,0.03054987020775979,0.04761901903662347,0.09761387399633459,0.14479638305840936,0.011765169623203297,1.0,0.0,0,-3.2034516334533694e-05,20,2.282580663991529e-05,86
2019-04-10,213.8987579345703,25849934.0,13.300000190734863,0.003790357110275755,0.008630824078788013,0.00029209525722873053,65.45446758603423,3.7886490038799536,3.2319493515200395,0.03252017429750409,0.040983414820195074,0.07855650487244614,0.14932124953184545,0.011753996059711076,1.0,-0.007873980360633137,0,-3.2034516334533694e-05,20,2.282580663991529e-05,86
2019-04-11,212.2145233154297,24896840.0,13.020000457763672,-0.006372187336058821,-0.000737961944137222,0.0006814391028324707,56.60370908001879,3.7735379479556173,3.340267070807155,0.030425936203290815,0.05175978699005501,0.0717296942511978,0.11403487091587783,0.010878236909781416,1.0,0.0,0,-3.2034516334533694e-05,20,2.282580663991529e-05,86
2019-04-12,212.2145233154297,13548148.0,12.010000228881836,0.011401418970728772,0.014260874886753205,0.0004539833731991294,76.92300544604917,3.7186955201179615,3.4159527606693167,0.022312382618539184,0.04132227506568498,0.07462670998133891,0.09565221707095284,0.010952074169153102,0.9259262241889687,0.013888933828052341,1,-3.2034516334533694e-05,20,2.282580663991529e-05,86
2019-04-15,215.16195678710938,17192002.0,12.319999694824219,0.0007043653742553335,-0.0075478577969566585,-0.000713061054137154,78.04868563286814,3.8684724075003203,3.5064566900355176,0.022312382618539184,0.026476568941337986,0.05439336539241535,0.10043652884793408,0.010908792315114314,0.9259262241889687,0.005870850091774571,1,-3.2034516334533694e-05,20,2.282580663991529e-05,86
2019-04-16,216.42514038085938,19652648.0,12.180000305175781,0.009387516947292562,0.03190159381858293,0.0007784679826814411,89.74363262992594,4.042500598455149,3.613665471719444,0.009881485767979203,0.04073323408341056,0.06016596231300664,0.12555068822058812,0.010907220677221286,1.0,0.017509541628177416,1,-3.2034516334533694e-05,20,2.282580663991529e-05,86
2019-04-17,220.2146453857422,37864191.0,12.600000381469727,0.0320857177528715,0.015562010544788674,0.00029172159757351324,91.48937810730456,4.435075784368195,3.7779475342491944,0.011811113213952673,0.04471538697182198,0.06860701441179606,0.13215862758182495,0.010907057239984112,1.0,0.011472432728771187,1,-3.286302089691162e-05,20,2.3082245227902435e-05,86
2019-04-18,222.7410430908203,38006795.0,12.09000015258789,0.02275279053637691,0.0006743705254452781,-0.0032725832438719182,91.30438207841482,4.893642760809229,4.001086579561202,0.02952746202062495,0.06085179889960046,0.08057833155470528,0.136956418810942,0.011024465626300228,1.0,0.0,0,-3.286302089691162e-05,20,2.3082245227902435e-05,86
2019-04-19,222.7410430908203,44658699.0,12.09000015258789,0.0,0.0,0.0018854614854391105,91.30438207841482,5.197150873282283,4.240299438305418,0.04960320156667275,0.07302234979767208,0.07739309309400189,0.15502170379970792,0.011033354134358376,1.0,0.0056708804082765685,1,-3.286302089691162e-05,20,2.3082245227902435e-05,86
2019-04-22,224.00418090820312,24967393.0,12.420000076293945,-0.005506562254307679,0.00010270913157817141,-0.0004218198705379095,91.66667295817331,5.476478469646025,4.4875352445735395,0.04960320156667275,0.07302234979767208,0.06438623853679282,0.12793163528547358,0.010555913725856512,1.0,0.007519036687029912,1,-3.286302089691162e-05,20,2.3082245227902435e-05,86
2019-04-23,225.6884765625,25336847.0,12.279999732971191,0.005979933360824807,0.010113656232511481,0.0010712158566197338,92.15689897010358,5.767274633297774,4.743483122318387,0.041095666971660005,0.05138323898794517,0.1014490774600989,0.12473550553475121,0.010528084619206951,1.0,0.0037313937387768448,1,-3.286302089691162e-05,20,2.3082245227902435e-05,86
2019-04-24,226.53060913085938,26449755.0,13.140000343322754,-0.0002200749298517657,0.009510479488419099,0.00045395392009006663,92.45286889169076,5.996561124423437,4.994098722739397,0.04280157178292332,0.05511821920693927,0.09836056686904282,0.13319243306407214,0.010542240893820505,1.0,-0.005576215940956142,0,-3.286302089691162e-05,20,2.3082245227902435e-05,86
2019-04-25,225.26742553710938,32386724.0,13.25,-0.02047984531679392,-0.018061492548504088,0.002268739697170785,87.50003235617679,6.0070978763803,5.196698553467578,0.028680943240871892,0.05905528072375721,0.11387175646471204,0.130252449193337,0.01052995884019088,1.0,-0.028037490162991174,0,-3.286302089691162e-05,20,2.3082245227902435e-05,86
2019-04-26,218.9514923095703,47518804.0,12.729999542236328,-0.012140417479056032,-0.008280302963329822,-3.231957995397661e-05,62.06895259017389,5.443061081256417,5.245971059025346,0.011342240348847454,0.061508053349761616,0.10537198111472024,0.11691046877307487,0.010597675406642314,0.9615384436691797,-0.0019229636763848923,0,-2.4762749671936034e-05,20,1.693950142971305e-05,86
2019-04-29,218.53045654296875,31126618.0,13.109999656677246,-0.002503278721062152,-0.0019129397448041097,-0.0006791031988906404,59.649181922505946,4.9055358264161555,5.177884012503508,-0.017013257766350875,0.031746031746031855,0.059063126685507505,0.08786617064296842,0.011592787275155296,0.7692301974137502,-0.001927157361894749,0,-2.4762749671936034e-05,20,1.693950142971305e-05,86
2019-04-30,218.10931396484375,33799419.0,13.119999885559082,-0.00022826248777951808,0.0076015337274932815,-0.0003236110524746927,58.62055176679714,4.394898844723173,5.021286978947441,-0.024435813398846817,0.015655647523192595,0.05702658676189265,0.0857742435120541,0.011604964851435138,0.7564104529723567,0.0,0,-2.4762749671936034e-05,20,1.693950142971305e-05,86
2019-05-01,218.10931396484375,33799419.0,14.800000190734863,0.0,-0.008161056435534109,-0.0001618887764832655,62.962774064049995,3.9447428181007638,4.805978146778106,-0.03358240842906901,0.007781783488834071,0.05284513592069029,0.08368178568531404,0.011616979210185561,0.7435874563216677,0.0,0,-2.4762749671936034e-05,20,1.693950142971305e-05,86
2019-05-02,218.10931396484375,27091394.0,14.420000076293945,0.013235919102532856,0.011098300657978122,0.0006475364498612635,62.962774064049995,3.5471021383470145,4.5542029450918875,-0.03717508727993102,-0.00956036060730936,0.05070967315120756,0.09978768283454764,0.011321814875274882,0.7435874563216677,0.02316627410135097,1,-2.4762749671936034e-05,20,1.693950142971305e-05,86
2019-05-03,223.16209411621094,29840246.0,12.869999885559082,0.006981770359064887,0.006465398731919203,-0.0005500436338327086,66.10156790797578,3.5982082601493346,4.363004008103377,-0.03177606151976209,-0.020794232898011633,0.05070967315120756,0.11158779926486262,0.011142844583410774,0.7435874563216677,-0.022641749134761024,0,-2.568960189819336e-05,20,1.706910687823628e-05,86
2019-05-06,218.10931396484375,32823187.0,15.4399995803833,-0.021247829322748712,-0.017170670109846964,0.00016189926235199437,52.94103540305939,3.194172665325283,4.129237739547758,0.01923075180820133,0.001890316304296702,0.0750507014403694,0.13247856927425716,0.011585274199569659,0.8974350754489326,0.013513770661448987,1,-1.7386674880981445e-05,20,1.1117652405140011e-05,86
2019-05-07,221.05679321289062,25686126.0,19.31999969482422,0.0,-0.024233534784579347,0.0004854956927073939,51.51518312821034,3.0763462827252965,3.918659448183266,-0.001927157361894749,-0.026315879103056106,0.02371516477975888,0.10683727360825634,0.012238193879308988,0.7435874563216677,-0.009523800977664476,0,-1.7386674880981445e-05,20,1.1117652405140011e-05,86
2019-05-08,218.9514923095703,25542364.0,19.399999618530273,-0.0013712549317960177,-0.007860193214251132,0.0008735175470522272,43.076979686318765,2.7810298564037055,3.691133529827354,0.013513770661448987,-0.020522462733389535,0.033464594873944487,0.1413043829347036,0.011951329471006694,0.8311680977113952,-0.013461512327686442,0,-1.7386674880981445e-05,20,1.1117652405140011e-05,86
2019-05-09,216.0040740966797,33587574.0,19.100000381469727,-0.010297459300949274,-0.011830156222688015,0.00025857129311179783,38.88898395937247,2.282842259181507,3.4094752756981848,0.0038612672215470045,-0.03345736300435609,0.02362208375490238,0.1279826575045817,0.012111573845690265,0.7391294985528056,-0.0019495561012353724,0,-1.7386674880981445e-05,20,1.1117652405140011e-05,86
2019-05-10,215.5829620361328,18617212.0,16.040000915527344,-0.009710836142410972,0.001401642890454191,0.0018420137163916994,35.714444719972136,1.8329160598420629,3.0941634325269605,-0.009652223602442778,-0.0411215754712112,0.017857169820640895,0.08917228620461626,0.011998463476142024,0.6376804134810972,-0.02148410529254985,0,-1.7386674880981445e-05,20,1.1117652405140011e-05,86
2019-05-13,210.95135498046875,28284535.0,20.549999237060547,-0.04296046395112385,-0.047279371531080305,-0.0020966560983813887,27.272894133194526,1.0900489184850812,2.6933405297185846,-0.03396245276373555,-0.015384824455431545,0.01587280016503101,0.08016831990874507,0.011995030995485713,0.6231858863494201,-0.007983995264199906,0,-8.842349052429199e-06,20,5.390754965848701e-06,86
2019-05-14,209.26712036132812,45055708.0,18.059999465942383,0.023908376917079366,0.024046279894210043,0.00543036707135891,24.050798398157795,0.36125339460176065,2.22692310269522,-0.03281821786633454,-0.03468212935806392,-0.01956945302745494,0.0682301900318818,0.01238438482531988,0.3833337359876305,0.002012026660775046,1,-8.842349052429199e-06,20,5.390754965848701e-06,86
2019-05-15,209.68817138671875,36825479.0,16.440000534057617,0.0,0.008088301671545173,0.0010930846239798342,25.974162274096386,-0.18026898128255198,1.7454846858996658,-0.053333230253676756,-0.04054019263451014,-0.03307388414735346,0.039749117339121565,0.012153260084861126,0.28070168746272794,-0.008032309998076026,0,-8.842349052429199e-06,20,5.390754965848701e-06,86
2019-05-16,208.00389099121094,29713519.0,15.289999961853027,-0.010484070255258882,-0.016768659091397353,-0.0019589846846134185,30.303141780964822,-0.7368428517021357,1.2490191783793057,-0.042307640039988326,-0.038609733922148615,-0.047800971550210014,0.033195018875074256,0.012098731786080326,0.2982451455724289,-0.022267071789719095,0,-8.842349052429199e-06,20,5.390754965848701e-06,86
2019-05-17,203.37225341796875,38647856.0,15.960000038146973,-0.030820865979772294,-0.01964882133105983,0.0034751821886847,26.31591746352052,-1.5339832933242121,0.6924186840386021,-0.0370371861684794,-0.04633191856841867,-0.06616271476110691,0.027026788787115175,0.012168574617147907,0.1999985504438936,-0.014492950438033558,0,3.2782554626464846e-08,20,6.237695383471112e-08,86
2019-05-20,200.42478942871094,39157661.0,16.309999465942383,-0.03950307422929811,-0.040249394310937214,0.005771769161526219,24.390404508454466,-2.3761675667487054,0.07870143388114056,-0.05664041584194157,-0.08867922115812688,-0.08695653663143776,-0.0020661437028215435,0.012638464667884961,0.0,-0.01680649749117613,0,3.2782554626464846e-08,20,6.237695383471112e-08,86
2019-05-21,197.0563507080078,80042775.0,14.949999809265137,0.016554336232407207,0.021277074434697507,0.0004463412393096444,22.222405653254953,-3.2776270798667326,-0.5925642688684342,-0.04990044056712706,-0.08108101490330355,-0.10526317582061118,-0.030550091626952103,0.012621653288220805,0.0,0.017093784131293477,1,8.96453857421875e-06,20,-5.288872607918673e-06,86
2019-05-22,200.42478942871094,34622034.0,14.75,-0.010178055948865894,-0.021226684934738782,0.0,28.57149724566142,-3.6778395402892556,-1.2096193231525987,-0.05835015855446746,-0.10857138636662023,-0.12686569686938842,-0.05835015855446746,0.012693650058011414,0.0,-0.033613299511329964,0,8.055567741394043e-06,20,-5.069167114967524e-06,86
2019-05-23,193.68785095214844,58752627.0,16.920000076293945,-0.021336772363497403,-0.016505139324819673,0.00232632110184694,15.68627311653448,-4.486903203533643,-1.8650760992288076,-0.044176940915392704,-0.08461555884106475,-0.11524190837745885,-0.014492950438033558,0.012275842785240885,0.11428408723225264,0.013043419689421132,1,1.7350912094116212e-05,20,-9.977540304494458e-06,86
2019-05-24,196.21420288085938,36000789.0,15.850000381469727,0.003414738673281237,-0.008217165642139368,0.001939427898484114,22.916672958159054,-4.868119843346108,-2.465684848052268,-0.06882582806908843,-0.10331389923017331,-0.14018704439696583,-0.05737722630896258,0.013188254996483299,0.0,-0.00858357517255881,0,1.7350912094116212e-05,20,-9.977540304494458e-06,86
2019-05-27,194.5299835205078,35562033.0,15.850000381469727,0.0,0.0,-0.0013644496941487283,16.12891912881274,-5.245670380852886,-3.021681954612392,-0.03519679020519195,-0.08984364521360988,-0.10384624095899386,-0.03519679020519195,0.013293023078856003,0.07692264806031268,-0.002164531536781311,0,1.7350912094116212e-05,20,-9.977540304494458e-06,86
2019-05-28,194.10891723632812,95240033.0,17.5,-0.0143978335812468,-0.008894961116179934,-0.0005720045760365666,16.853813632649036,-5.515281697798741,-3.520401903249662,-0.02941156094016928,-0.07784435165861503,-0.10982667314266015,-0.04545456247132795,0.013339146893297816,0.025641347288098817,-0.004338375184201548,0,1.7350912094116212e-05,20,-9.977540304494458e-06,86
2019-05-29,193.2667999267578,26533236.0,17.899999618530273,0.0010625649402986603,0.004052831856529604,0.002988642503561234,17.857019594985204,-5.730840871692976,-3.962489696938325,-0.014957312774187659,-0.0724347097567325,-0.1100383853042799,-0.061099814221917126,0.013113262192734378,0.012820673644049409,0.00653595751690772,1,1.7350912094116212e-05,20,-9.977540304494458e-06,86
2019-05-30,194.5299835205078,28500328.0,17.299999237060547,0.009286417615987475,0.007445095378509459,0.002187159947263817,20.9301571008029,-5.733650754055191,-4.316721908361698,-0.03571409266466585,-0.07831329421856481,-0.1138993726883677,-0.06517311548833893,0.013118924258269299,0.0,0.019480234756172,1,1.7350912094116212e-05,20,-9.977540304494458e-06,86
2019-05-31,198.31947326660156,46070338.0,18.709999084472656,0.008148714839422366,-0.014529103683613043,-0.0012335386657089664,32.142676871718265,-5.368216001185601,-4.527020726926479,0.004347885343451097,-0.06477718953474987,-0.10810785663255351,-0.06097569508970502,0.013166948676799994,0.03797471257724279,0.010615781332169894,1,1.6447901725769042e-05,20,-9.814667147259379e-06,86
2019-06-03,200.42478942871094,31054092.0,18.860000610351562,0.012255764609457875,0.0033482738820793667,-0.0017417837590805174,37.646922895563605,-4.8527850223167945,-4.5921735860045425,0.010729449524204515,-0.024844982864908105,-0.1113209702928879,-0.04462498575802232,0.013547998656647691,0.15189701542722697,-0.021008312194581213,0,1.6447901725769042e-05,20,-9.814667147259379e-06,86
2019-06-04,196.21420288085938,24443428.0,16.969999313354492,0.006182780864278259,0.04209084782416883,-0.004631682996496633,32.97861430966073,-4.7295421848856165,-4.619647305780758,0.030302814000812806,0.0,-0.08108101490330355,-0.03448293351661069,0.013665558238542829,0.21518850886958898,0.008583886236464222,1,2.5913119316101074e-05,20,-1.4552543329638104e-05,86
2019-06-05,197.8984832763672,29139584.0,16.09000015258789,-0.021250051095890954,-0.007496741663206463,-0.0015935504186610494,37.23404747475215,-4.444727939565581,-4.584663432537723,0.010845898655794661,-0.004273639616904856,-0.11238103100548635,-0.05476681747848999,0.014017619710066757,0.0886068981461731,-0.012766129700701123,0,2.5913119316101074e-05,20,-1.4552543329638104e-05,86
2019-06-06,195.37208557128906,34651731.0,15.930000305175781,0.005493572173107308,0.013404229889321773,-0.0008619174826651754,39.32579099846697,-4.372466704582422,-4.542224086946663,0.023965230196622667,-0.012604758920015335,-0.09615375904100609,-0.07114613890544075,0.013418964989449823,0.1392409185968476,0.0,0,2.5913119316101074e-05,20,-1.4552543329638104e-05,86
2019-06-07,195.37208557128906,34651731.0,16.299999237060547,0.009885340797251896,0.011502977452459096,-0.0009265257296146023,42.68293006297646,-4.266023096494962,-4.486983888856323,0.004328906195031124,0.008695613126280755,-0.09551666380216561,-0.0866142119859733,0.013495941575085145,0.06329057600148992,0.034482839415006517,1,2.5913119316101074e-05,20,-1.4552543329638104e-05,86
2019-06-10,202.10906982421875,35373888.0,15.9399995803833,0.02060804065662869,0.025442196215529123,0.0026862690297213554,56.666670693224226,-3.596588214181395,-4.308904753921338,-0.014861816879426226,-0.004291826469267623,-0.09374987834825421,-0.0866142119859733,0.013495941575085145,0.06329057600148992,0.018749952813878368,1,2.5075674057006835e-05,20,-1.4324520909508994e-05,86
2019-06-11,205.8986053466797,31965670.0,15.989999771118164,0.008581985641604062,0.002921022738702428,0.0010205902889346419,57.142902654923645,-2.7288163050023115,-3.9928870641375327,0.008403553274565878,0.0389610185872038,-0.04191622830329145,-0.04761904761904767,0.014589569183265393,0.26582252932026346,0.0061351270893807985,1,2.417564392089844e-05,20,-1.4184519302013309e-05,86
2019-06-12,207.1618194580078,29675556.0,15.90999984741211,-0.012512961935977396,-0.02332129864450494,-0.0007327728939418021,70.51285506011479,-1.9170711900124502,-3.5777238893125163,0.04935627657749442,0.060737488407075935,-0.016096723693775905,-0.02976194970106827,0.014906130060795523,0.3797462083315558,-0.024390351692258894,0,2.417564392089844e-05,20,-1.4184519302013309e-05,86
2019-06-13,202.10906982421875,32981724.0,15.819999694824219,-0.0002535414768695121,0.005769154493715956,0.002040594785275074,58.33334771384395,-1.6623099317897356,-3.1946410978079602,0.046808525402917134,0.07189553268598536,-0.012048137536817438,-0.03718193238508816,0.014769563160777198,0.41772183834967064,-0.01666666666666672,0,3.3915042877197266e-05,20,-1.8695066141527754e-05,86
2019-06-14,198.74058532714844,31951556.0,15.279999732971191,-0.04081103059288316,-0.02612452374751162,0.0013046223359283182,55.68180133523752,-1.7124779664893595,-2.8982084715442404,0.034482839415006517,0.0389610185872038,-0.028339956233036423,-0.06614790930225378,0.015169157735752671,0.26582252932026346,-0.0127119603785526,0,4.3791532516479495e-05,20,-2.301224442415459e-05,86
2019-06-17,196.21420288085938,51017012.0,15.350000381469727,-0.004757119664447473,-0.006406002848232228,0.0007944457290889329,52.688143970360514,-1.9338027703996943,-2.705327331315331,0.0172414587580898,0.0021234024758667314,-0.022774336287169628,-0.09751422309346591,0.015039805316425235,0.16455678202109472,0.010729449524204515,1,4.3791532516479495e-05,20,-2.301224442415459e-05,86
2019-06-18,198.31947326660156,28578087.0,15.149999618530273,0.04115815333999251,0.043253787085992146,-0.0005398087939473273,56.24992450231928,-1.9172259589836358,-2.547707056848992,-0.029166761038910027,-0.021008312194581213,-0.021008312194581213,-0.11909273585984281,0.014961258977270518,0.0886068981461731,0.036093841186452424,1,4.3791532516479495e-05,20,-2.301224442415459e-05,86
2019-06-19,205.4775848388672,50164372.0,14.329999923706055,0.004845492537626672,0.0008107289502810033,-0.00670353423656278,61.81817463031451,-1.3113722524343814,-2.3004400959660702,-0.03681002145360257,0.010729449524204515,0.00640995610674544,-0.10964108583374599,0.015103005243188673,0.15189701542722697,0.004098044441559923,1,4.288852214813232e-05,20,-2.278630123581997e-05,86
2019-06-20,206.31964111328125,37836291.0,14.75,0.028172681659254017,0.009756256656271,-0.004957581395258037,59.22329277281595,-0.7545835515956867,-1.9912687870919936,-0.008130043574376078,0.0382979264773633,0.02521043142696411,-0.082706474469457,0.016201417737356723,0.3670891940603043,0.014285984757159031,1,4.288852214813232e-05,20,-2.278630123581997e-05,86
2019-06-21,209.26712036132812,61164304.0,15.399999618530273,0.00024685938774449134,-0.007410138476866113,-0.0075538606795581,60.00002761051367,-0.07462729552065639,-1.6079404887777262,0.020833163463295223,0.05603438950851314,0.06521725600772732,-0.08582110945241339,0.01616132823590906,0.3924036813232433,0.002078962968472098,1,4.288852214813232e-05,20,-2.278630123581997e-05,86
2019-06-24,209.70217895507812,43300507.0,15.260000228881836,0.018754365330599487,0.001120138996588027,0.002267196593497056,66.67817603982469,0.4936579472933147,-1.1876208015635181,0.05296620726386547,0.07112088070006761,0.06652381575249389,-0.07620819471490803,0.016333867957705722,0.500000238413918,-0.010373467533607239,0,4.288852214813232e-05,20,-2.278630123581997e-05,86
2019-06-25,207.52684020996094,28559283.0,16.280000686645508,-0.026513176305932196,-0.014843324450310558,-0.0035223542864525337,61.76282419331026,0.7597386456448874,-0.798148912121837,0.06874107927043704,0.03756936359888918,0.07799412285957863,-0.06909674820901757,0.016332904545376156,0.5497647530800555,-0.016771468122556588,0,4.288852214813232e-05,20,-2.278630123581997e-05,86
2019-06-26,204.0463104248047,27607041.0,16.209999084472656,0.004110971523915374,0.03213954302607358,0.004345533432568827,60.355751357330384,0.6818993393193011,-0.5021392618336095,0.04642694331374053,0.007907945080734002,0.06912574221047474,-0.05217891862301782,0.01585526933571408,0.47699949673798425,0.025586322373902126,1,5.307197570800781e-05,20,-2.6838724003281704e-05,86
2019-06-27,209.26710510253906,42007834.0,15.819999694824219,0.013050197945902564,0.014674487233342415,-0.0014530215463885998,64.74992840658322,1.029616844674706,-0.19578804053194637,-0.0069655987789855045,-0.015039011731766805,0.05577528319469249,-0.0662797595689647,0.016037362643423862,0.3605754949168495,-0.0062370351909277755,0,4.413425922393799e-05,20,-2.159836680390114e-05,86
2019-06-28,207.96189880371094,25962203.0,15.079999923706055,-0.010608755913492751,0.0014139175570855311,-0.0011640840415142462,57.022797254676945,1.1861925433266833,0.08060807623977959,0.014285910800123425,0.03541669497833966,0.07575758407689182,-0.040540262593875,0.016572736800235414,0.5352114976485516,0.0397491641164045,1,4.413425922393799e-05,20,-2.159836680390114e-05,86
2019-07-01,216.22821044921875,66307875.0,14.0600004196167,0.05642081004629018,0.026450409143392584,-0.0003237472531191221,61.19206861513565,1.9547688197660307,0.4554402249450298,-0.006237107651519969,0.04639874367574803,0.04862066935881293,-0.046524446740355385,0.016592855926858704,0.49155224176176415,0.0020119638138664797,1,3.477632999420166e-05,20,-1.6669201296429303e-05,86
2019-07-02,216.6632537841797,24181202.0,12.930000305175781,-0.014016633257093236,-0.013835993521319367,0.002396431412998945,60.482879878680706,2.56935746398446,0.8782236727529159,0.031120475364915468,0.10200080969934588,0.0788496326505006,-0.00862459049285813,0.01774485905791425,0.7680610325139928,-0.026104560644535812,0,3.477632999420166e-05,20,-1.6669201296429303e-05,86
2019-07-03,211.00735473632812,29449774.0,12.569999694824219,-0.011519392155232788,-0.004292955864227954,0.0004846476085027529,59.688484161377374,2.5704095265607805,1.216660843514489,0.044025214111944155,0.09249611354563503,0.1042179954513125,-0.02912161385547407,0.01736589557567816,0.8419021054278804,0.006185740862147959,1,4.519820213317871e-05,20,-2.043191776719204e-05,86
2019-07-04,212.31259155273438,17481240.0,12.569999694824219,0.0,0.0,0.002841621761216606,65.47241526271385,2.646062831294728,1.502541241070537,0.03411502171752678,0.026911791384920614,0.06624038367011775,-0.03256146699750917,0.01748114291278686,0.6383792405744422,-0.0040984990927919185,0,4.519820213317871e-05,20,-2.043191776719204e-05,86
2019-07-05,211.4424285888672,22867074.0,13.279999732971191,-0.00991832767803813,-0.005977625907605755,-0.0013845719962698455,68.04185288578316,2.6057660919453554,1.7231862112455008,0.014553106417289241,0.029046921597554842,0.08670893762488863,-0.03955635804295354,0.017372671076949897,0.7415230574737772,-0.0020576468755238997,0,4.519820213317871e-05,20,-2.043191776719204e-05,86
2019-07-08,211.00735473632812,27787909.0,13.960000038146973,-0.015276518821712548,-0.007723826619229324,0.005030152996258641,65.65156748515335,2.509792486361448,1.8805074662686903,0.016736382025639207,0.010394887757728455,0.08225506202990407,-0.03429555853442756,0.017326436797489155,0.7768539956042809,-0.002061600259983365,0,4.519820213317871e-05,20,-2.043191776719204e-05,86
2019-07-09,210.5723419189453,16418987.0,14.09000015258789,0.008901279868810619,0.007446119720152522,-0.0002887733972082307,57.534571155200105,2.3712959895872814,1.9786651709324086,-0.024145118262063003,0.006223949544795104,0.04402714296715393,-0.023132523686174133,0.017210292990815383,0.7582582778433585,0.02066076626138602,1,4.519820213317871e-05,20,-2.043191776719204e-05,86
2019-07-10,214.9229278564453,23812131.0,13.029999732971191,0.026216446960611872,0.007048986185063111,-0.0009948696239058252,61.52707556871267,2.582819310609352,2.0994959988677975,-0.02811234373550764,0.014675218424292202,0.02269921432637334,-0.023242189780970257,0.017210545644450063,0.7396651688177863,0.012145878908689012,1,3.575980663299561e-05,20,-1.5629585399184116e-05,86
2019-07-11,217.53335571289062,31160289.0,12.930000305175781,0.0046671411409067165,0.003241581436479457,-0.003019687864896259,61.17642350156753,2.9273481311765863,2.265066425329555,0.018556571760306895,0.05330465132643947,0.037463990318016505,0.018826960729142028,0.01718079805378807,0.925615824588635,0.002000173116859738,1,3.575980663299561e-05,20,-1.5629585399184116e-05,86
2019-07-12,217.9684600830078,23479432.0,12.390000343322754,0.008068023837742633,0.018966591327077564,-0.0023843855411972426,61.176471559093216,3.198627206659694,2.4517785815955833,0.024589988384459582,0.03950095551950783,0.07631664379083491,0.03950087972391314,0.017216585004201607,1.0,0.01596790318311503,1,3.575980663299561e-05,20,-1.5629585399184116e-05,86
2019-07-15,221.44895935058594,29727300.0,12.680000305175781,0.01431000077953315,0.007737930718842545,0.0029391686951611984,68.18178919646216,3.652362865985623,2.6918954384735914,0.030864342306765602,0.048117281756220986,0.09674860685454978,0.039488582696532104,0.017216569231445607,1.0,0.005893937377966063,1,2.6041269302368163e-05,20,-1.1151613191116688e-05,86
2019-07-16,222.75416564941406,21361249.0,12.859999656677246,-0.001195476454644795,-0.010739372014967774,-0.0022542733067443255,75.90357576582203,4.070350419312888,2.9675864346414507,0.049484552930894266,0.02414462428616959,0.1286082052125912,0.06463854255468293,0.01730526519366524,1.0,-0.015625050305111854,0,2.6041269302368163e-05,20,-1.1151613191116688e-05,86
2019-07-17,219.27362060546875,25573648.0,13.970000267028809,-0.0033516931022589125,0.0028206639109598086,0.0006778099609252575,64.55691538220097,4.0737974684789435,3.1888286414089495,0.0578510150927507,0.028112343735507528,0.12320873981933622,0.09530263792480964,0.01689720136892357,1.0,0.0079364990999502,1,3.664791584014893e-05,20,-1.4732743418493936e-05,86
2019-07-18,221.01388549804688,20842575.0,13.529999732971191,0.037473005811651694,0.015360354060483417,-6.45359706827886e-05,68.74995889969553,4.168897655484443,3.3848424442240486,0.0202430368523987,0.039175249978703475,0.06714131751850316,0.09404441052668355,0.016925536509937382,0.881964870084306,0.019685086665167217,1,3.664791584014893e-05,20,-1.4732743418493936e-05,86
2019-07-19,225.36456298828125,59709798.0,14.449999809265137,0.014818353962631425,-0.0020039271119578483,-0.003257954064158186,64.78865238417498,4.542960135630153,3.61646598250527,0.015999982042983696,0.0409834098000319,0.07122077328884857,0.12157707530846662,0.016673674063939697,0.9409821763077987,0.019305064791666604,1,2.6771426200866698e-05,20,-1.0401010513305664e-05,86
2019-07-22,229.71524047851562,31522639.0,13.529999732971191,0.017567851893417474,0.01980427385063499,0.004271843725307534,68.74995889969553,5.131319996667514,3.919436785337719,0.033931986776696066,0.06584361753848622,0.07692294231009011,0.12443457533700508,0.016732278446949654,1.0,0.0,0,1.6629695892333984e-05,20,-6.3700731410536656e-06,86
2019-07-23,229.71524047851562,29273223.0,12.609999656677246,-0.004036213358051044,0.012341662408722476,0.00038673104398645464,82.08957567762806,5.533809118600857,4.242311251990347,0.03732815521992561,0.08865987522361296,0.09543563935844768,0.18600748239634268,0.01588412822215904,1.0,0.003787874258915025,1,1.6629695892333984e-05,20,-6.3700731410536656e-06,86
2019-07-24,230.5853729248047,23734039.0,12.069999694824219,0.002701811111545549,0.030986416441422415,-0.001095232445668337,81.81818181818181,5.855498521886773,4.564948705969632,0.03125003210964583,0.09090889328162044,0.10691821957153125,0.17073706747924855,0.01583428885994576,1.0,0.0,0,1.6629695892333984e-05,20,-6.3700731410536656e-06,86
2019-07-25,230.5853729248047,30433545.0,12.739999771118164,-0.020655996296685353,-0.0172007891876238,0.0026442703794911093,84.37509247598912,6.040805051277317,4.86011997503117,0.051587383325460534,0.07287470547963548,0.1300639175721836,0.1853461803254397,0.01571133642573309,1.0,-0.015094321643252195,0,1.6629695892333984e-05,20,-6.3700731410536656e-06,86
2019-07-26,227.10484313964844,20438071.0,12.15999984741211,-0.0036678221789441245,-0.00016310551678755392,-0.0025730067586592353,76.05643195340808,5.839498046698736,5.0559955893646835,0.04330717685537633,0.06000007295037846,0.10187108868266637,0.18791746514183272,0.01569356939240937,1.0,0.0,0,2.7474761009216308e-05,20,-9.727339411890785e-06,86
2019-07-29,227.10484313964844,17509320.0,12.829999923706055,0.01104477121039893,0.0026100374047410835,0.0022572424911675437,77.14281849172994,5.615231897280211,5.167842850947789,0.0077220665409480915,0.04191607837740041,0.09205024788702265,0.17508461476939763,0.01592285317023867,0.9034671420095255,-0.003831278614238598,0,2.7474761009216308e-05,20,-9.727339411890785e-06,86
2019-07-30,226.2347412109375,22670612.0,13.9399995803833,-0.01888958584154965,-0.0026282982633843988,-0.0017695226780690687,70.96786419569415,5.306123712997788,5.195499023357789,-0.011363622776745297,0.02554034936830929,0.050301635794114175,0.1674541838210073,0.01592912023293494,0.9011586237259169,-0.0019231754990381988,0,2.7474761009216308e-05,20,-9.727339411890785e-06,86
2019-07-31,225.79965209960938,31635601.0,16.1200008392334,-0.011134441834056097,-0.03223701962222403,-0.00012891062712894197,66.66670768685516,4.968768326539561,5.150152883994144,-0.015151364186059002,0.015625187306267607,0.044176791678260496,0.14075908676304993,0.015775404043286402,0.8764491463069031,-0.011560814342148507,0,2.7474761009216308e-05,20,-9.727339411890785e-06,86
2019-08-01,223.18922424316406,30017526.0,17.8700008392334,-0.017827767202622802,-0.019747907273283904,0.003996990590893201,59.6773463636271,4.439595151147415,5.008041337424799,-0.020754659172401047,0.02976204559454354,0.07010323114929107,0.1266054101552343,0.015751456452109333,0.8640933242855124,-0.01949322376556284,0,2.7474761009216308e-05,20,-9.727339411890785e-06,86
2019-08-02,218.8385467529297,54021644.0,17.610000610351562,-0.005254043183151258,-0.015575554611848452,0.005136926532385289,45.31248801242434,3.6273445142129503,4.731901972782429,-0.032075532753122915,0.009842543332583498,0.05122933411948938,0.13747741481631603,0.015465651730461553,0.7899614254304431,-0.01988055476706796,0,2.8380751609802245e-05,20,-9.896450264509334e-06,86
2019-08-05,214.4879150390625,51535721.0,24.59000015258789,-0.04273742671064995,-0.04360973094963683,0.00456771840229897,36.61975379262208,2.6025696105032523,4.306035500326594,-0.03639859138378543,-0.028957597187499795,0.03497934739693931,0.10581214736911093,0.01582925172322499,0.6664092717630857,0.00811372244370645,1,2.9242038726806642e-05,20,-1.0101601134899051e-05,86
2019-08-06,216.22821044921875,58625879.0,20.170000076293945,0.034863657529076386,0.01282033252051451,0.007758329897679994,44.776223314987575,1.9088513612787494,3.8265986725170253,-0.0555555219614039,-0.06628783274341465,0.01649497150032353,0.09784319705589817,0.016033558681027675,0.5428584180699889,-0.0020122460858056357,0,2.9242038726806642e-05,20,-1.0101601134899051e-05,86
2019-08-07,215.79310607910156,29435460.0,19.489999771118164,0.0,0.007178659179847946,-0.008424313633733194,40.62506336286523,1.3088774400675334,3.3230544260271273,-0.04423074328972676,-0.05871195137598306,0.026859503383642513,0.10675079204352111,0.0160534245319111,0.5822905517260668,0.022177569471603986,1,2.9242038726806642e-05,20,-1.0101601134899051e-05,86
2019-08-08,220.57887268066406,29725266.0,16.90999984741211,0.015510979748349918,0.02695370546514564,-0.00019093514462364958,41.5385677926274,1.2056669749689206,2.899576935815486,-0.044316038255424406,-0.06415093315796305,0.004048791961541953,0.06770619580202064,0.015250021486292922,0.5696315596242302,0.0,0,1.874566078186035e-05,20,-6.332646968752839e-06,86
2019-08-09,220.57887268066406,29725266.0,17.969999313354492,-0.011694481502750653,-0.01805187812254372,-0.005919573515358101,30.9092300383562,1.111064280376354,2.54187440472766,-0.011695688137954297,-0.04339607546313795,0.014000229793692087,0.07129852729826225,0.015352459017301114,0.708869374206732,-0.009862023399927144,0,1.874566078186035e-05,20,-6.417895472326944e-06,86
2019-08-12,218.4035186767578,21794603.0,21.09000015258789,-0.010866759162483253,-0.01185516052062241,0.004193968589415675,28.333447317827932,0.8507511457785313,2.2036497529378343,0.007952556592779825,-0.02873549664888264,0.011976102398769672,0.06476605224726706,0.015338953750378383,0.708869374206732,-0.01792829923903605,0,1.874566078186035e-05,20,-6.417895472326944e-06,86
2019-08-13,214.4879150390625,23121107.0,17.520000457763672,0.021484351247358147,0.029495953148647835,0.001976671433923549,22.388183926794454,0.32475109320591855,1.8278700209914511,0.01825559093612439,-0.038314129908449845,-0.013752336803745102,0.08062205652972887,0.014895735931603727,0.6455792970541373,0.01217029910334455,1,1.874566078186035e-05,20,-6.4255193222400755e-06,86
2019-08-14,217.09829711914062,35216703.0,22.100000381469727,-0.03369948997576955,-0.031631374968809634,-0.010627454471821673,28.767173964325337,0.11717753027684807,1.4857315228485306,-0.00804841979934412,-0.05192317549903824,-0.03710929753547931,0.07923560095182491,0.014935424602786964,0.5316581348507846,-0.006011981933339627,0,1.874566078186035e-05,20,-6.4255193222400755e-06,86
2019-08-15,215.79310607910156,27624412.0,21.18000030517578,0.010635505467744721,-0.0022529703938839463,0.008490382071487224,30.882406034892696,-0.15090448980205906,1.1584043203184127,0.006048344471025979,-0.03853573244935837,-0.009920589080991693,0.1064351812032791,0.014833801088877656,0.5820021772665752,0.008064435724610908,1,1.874566078186035e-05,20,-6.4255193222400755e-06,86
2019-08-16,217.53335571289062,25370715.0,18.469999313354492,0.016642143091878614,0.02776366114749762,-0.004145645818896315,34.72222560495922,-0.220397218623674,0.8826440125299954,-0.021696396138949026,-0.033138329993944726,-0.02362195211029605,0.08810850757459465,0.014832694369337188,0.44262285656461586,0.007999991021491848,1,1.874566078186035e-05,20,-6.4255193222400755e-06,86
2019-08-19,219.27362060546875,24060514.0,16.8799991607666,0.005777528399898868,0.018752739722410094,0.002337644188725063,39.18914051339995,-0.13350688973270053,0.6794138320774562,-0.013806929606456353,-0.005964173402744466,-0.0347490624592911,0.058671951412498036,0.013865844102282178,0.5081959955475419,0.009920658668883808,1,1.874566078186035e-05,20,-6.4255193222400755e-06,86
2019-08-20,221.44895935058594,19960494.0,17.5,0.0038294565317236184,-0.005368294330245882,0.0015654383388827853,43.58972168402366,0.10962232071526046,0.5654555298050171,0.003983919004522551,0.02231223873631616,-0.04545462395658262,0.06278597336777558,0.013897043164917858,0.5737697094863115,0.0,0,1.874566078186035e-05,20,-6.4255193222400755e-06,86
2019-08-21,221.44895935058594,20269296.0,15.800000190734863,0.015260113911475415,0.009220058752394067,-0.0012121246044380918,47.22223034079495,0.2988589121406733,0.5121362062721484,0.03245424950984166,0.02414462428616959,-0.03598490509689456,0.05821191101700163,0.013815512091174358,0.6557371393876951,-0.001964668760760735,0,1.874566078186035e-05,20,-6.4255193222400755e-06,86
2019-08-22,221.01388549804688,21900840.0,16.68000030517578,-0.01056826391687804,-0.00031067924812722136,-0.0009581210520679395,53.968255735562074,0.4090086532299324,0.49151069566370525,0.02004005691973587,0.026209610558231455,-0.0396226935747489,0.05601649183637791,0.013816894227059128,0.6557371393876951,0.0,0,1.874566078186035e-05,20,-6.4255193222400755e-06,86
2019-08-23,221.01388549804688,14166877.0,19.8700008392334,-0.028008703825443182,-0.04355760959972721,0.0006393599522753757,64.15082353408286,0.4906472406562159,0.4913380046622074,0.024193448594375333,0.0019721418107552235,-0.04150951686722615,0.06498940221149563,0.013702712903119616,0.639343423425081,-0.021653277747883504,0,1.874566078186035e-05,20,-6.4255193222400755e-06,86
2019-08-26,216.22821044921875,31678620.0,19.31999969482422,0.009523817582987482,0.0086422654888767,0.0037377988519227134,50.0,0.16725442359756926,0.4265212884492798,0.015999982042983696,0.0019721418107552235,-0.026820025312521367,0.0831555103246775,0.013395461351151019,0.5769222986918036,0.006035962009584228,1,1.8799304962158202e-05,20,-6.373538527377816e-06,86
2019-08-27,217.53335571289062,50234951.0,20.309999465942383,0.0002419342839845573,-0.003262783607763109,-0.0014322567681310794,53.225785466556474,0.016092101652560586,0.34443545108993595,-0.013888629867290336,-0.009960042039242833,-0.04789256160310751,0.03326421199007279,0.013349102663726969,0.36538648313967137,0.007999991021491848,1,1.8799304962158202e-05,20,-6.373538527377816e-06,86
2019-08-28,219.27362060546875,15132882.0,19.350000381469727,0.007255225443612678,0.006003617650582216,-0.0014662278804343787,47.272604374112426,0.036301247096162115,0.2828086102911812,-0.01768174322958249,0.014198658573717271,-0.03846175636629501,0.04602505057050821,0.013324126896890954,0.3478240648259267,0.0079364990999502,1,1.8799304962158202e-05,20,-6.373538527377816e-06,86
2019-08-29,221.01388549804688,19587767.0,17.8799991607666,0.01512581323267903,0.022538176336174942,0.0024259517291254085,50.84735687310483,0.19054548356564283,0.26435598494607354,-0.009823205995171613,0.010019993317286868,-0.0289018669136909,0.014084240672958881,0.011906527905352888,0.4347806528644209,0.019685086665167217,1,1.8799304962158202e-05,20,-6.373538527377816e-06,86
2019-08-30,225.36456298828125,35184201.0,18.979999542236328,0.008278006438938945,0.006083685191407007,-0.004235110909738049,62.50002055027611,0.6562832408915824,0.3427414361351753,0.0,0.024193448594375333,-0.009746611882781364,0.020080154977276,0.011961032315542412,0.5217372409029152,-0.0057913975646555205,0,9.167194366455079e-06,20,-2.9039937396382176e-06,86
2019-09-02,224.05938720703125,14614854.0,18.979999542236328,0.0,0.0,0.001982676436306008,68.96565069213818,0.9095818973761141,0.4561095283833631,0.019685086665167217,0.036000029741308115,0.029821145918682568,0.0680412693192316,0.011552724056480751,0.739129473441834,-0.013592386138994161,0,9.167194366455079e-06,20,-2.9039937396382176e-06,86
2019-09-03,221.01388549804688,25762495.0,19.65999984741211,-0.021346357336101462,-0.017675422533754648,0.0008936226268170255,57.62712871946318,0.8547236497754795,0.5358323526617864,0.03621718341720093,0.02182554649459334,0.04462476203484744,0.0553278332122813,0.011585396305387562,0.6739131760769884,0.013779684937538894,1,9.167194366455079e-06,20,-2.9039937396382176e-06,86
2019-09-04,224.05938720703125,22540733.0,17.329999923706055,0.034276298296417096,0.027889837137461404,-0.0003188746807299969,65.07942781908216,1.0449491060782918,0.6376557033450875,0.015999982042983696,-0.001964668760760735,0.022132519336333534,0.04526743744412154,0.011785162330491573,0.5217372409029152,0.021359094238637022,1,9.167194366455079e-06,20,-2.9039937396382176e-06,86
2019-09-05,228.8450927734375,48791728.0,16.270000457763672,0.02526095241231041,0.030706400322489502,-0.0058371524211330295,68.57148153789421,1.5638435787801086,0.8228932784320917,0.02182554649459334,0.011787943660248157,0.03830651163109722,0.06185581771314452,0.01193336410239522,0.6739131760769884,0.001901305222865135,1,-7.838010787963867e-07,20,2.647555151651072e-07,86
2019-09-06,229.2801971435547,25408515.0,15.0,-0.011980313747928961,0.0013599740366467827,6.419432632309707e-05,67.16427520379912,1.9872724335982355,1.0557691094653205,0.03543310076533546,0.03543310076533546,0.03747512167559486,0.08677659510253166,0.01230434404457348,0.8918909952292166,0.0,0,-7.838010787963867e-07,20,2.647555151651072e-07,86
2019-09-09,229.2801971435547,25408515.0,15.270000457763672,0.0032028343498433642,0.00513284683395443,0.0003528931517005063,64.51622209626345,2.2963717080728543,1.3038896291868274,0.01737466664391696,0.037401775127748005,0.03944767854302933,0.06680194351669688,0.011947878670781238,0.918920379198133,-0.007590455731481205,0,-7.838010787963867e-07,20,2.647555151651072e-07,86
2019-09-10,227.53985595703125,29308866.0,15.199999809265137,0.005701355535136399,0.004288285070831677,-0.00019244151392872055,60.60598492211567,2.3735433901969714,1.5178203813888562,0.023301009618933666,0.060362089975309674,0.049800838982336115,0.05400018490115155,0.011833099140835504,0.918920379198133,0.005736299739298012,1,-7.838010787963867e-07,20,2.647555151651072e-07,86
2019-09-11,228.8450927734375,36196015.0,14.609999656677246,0.0027209243324319843,0.014553211405668787,-0.0028869335939196716,63.2352789479982,2.51107806222754,1.716471917556593,0.029527422877880793,0.04599984315668637,0.06085163779782987,0.04391183876042626,0.011911954301531453,0.8108075828251796,-0.0019011051907532606,0,-7.838010787963867e-07,20,2.647555151651072e-07,86
2019-09-12,228.4100341796875,26017293.0,14.220000267028809,-0.0033920731729416564,0.002863981113107039,-0.0016084683459270943,62.31884426299502,2.5555113440921957,1.8842798028637135,0.021359094238637022,0.04365081463761822,0.0541081888258681,0.03339881769840436,0.011703121949996419,0.8918909952292166,0.0,0,-7.838010787963867e-07,20,2.647555151651072e-07,86
2019-09-13,228.4100341796875,26017293.0,13.739999771118164,0.015203104488502817,-0.0031909898396373926,-0.009022094023591776,74.13773920110489,2.5612011080135915,2.019664063893689,-0.0019011051907532606,0.03346463352279283,0.05846770700803128,0.025390629682656707,0.011682962848151911,0.8648644549619275,0.011428558067696937,1,-7.838010787963867e-07,20,2.647555151651072e-07,86
2019-09-16,231.0204315185547,32573966.0,14.670000076293945,-0.003129002441801143,-0.00695047738299015,0.005202463310903127,75.4096965689727,2.7447082479982328,2.164672900714598,-0.0037951945903220707,0.013513531812739288,0.05000004910121625,0.041666724656576726,0.011396895257699657,0.8648644549619275,-0.0018832039698404301,0,-7.838010787963867e-07,20,2.647555151651072e-07,86
2019-09-17,230.5853729248047,27600844.0,14.4399995803833,0.011883127251000714,0.0032925888730277464,-0.0009057669237931831,72.41369093150846,2.8224973929520445,2.2962377991620873,0.007589989875621095,0.031067853921654454,0.05357147330650203,0.04527564409791918,0.011461023511803147,1.0,0.007547160821625987,1,-7.838010787963867e-07,20,2.647555151651072e-07,86
2019-09-18,232.3256378173828,47684759.0,13.949999809265137,-0.0019941669393285233,0.0007563484971846446,-0.001230232801271991,72.41369093150846,2.9901026416206378,2.4350107676537975,0.01338454291870761,0.04330717685537633,0.041257423837131046,0.0231660642085727,0.011085909591079612,0.9736846720044302,0.0,0,-7.838010787963867e-07,20,2.647555151651072e-07,86
2019-09-19,232.3256378173828,25233567.0,14.050000190734863,0.004070066579407117,-0.005546709862049415,0.003662969917757497,66.66656924429222,3.087342051356785,2.565477024394395,0.01520917491287932,0.03689312335177242,0.04911596107154215,0.011363622776745297,0.010745404573601272,1.0,-0.0037736213386149187,0,-7.838010787963867e-07,20,2.647555151651072e-07,86
2019-09-20,231.4489288330078,43868865.0,15.319999694824219,-0.022939857559520327,-0.018259214274361057,-0.003132876506845128,68.0630287550232,3.058406489845396,2.6640629174845953,0.017142870503731755,0.01520917491287932,0.05118118390546056,0.011363622776745297,0.010745404573601272,1.0,0.0,0,-7.838010787963867e-07,20,2.647555151651072e-07,86
2019-09-23,231.4489288330078,13093208.0,14.90999984741211,0.004558800477878044,0.009654488688619622,0.003952688854860886,79.96960403736915,3.0008825429080446,2.7314268425692854,0.013304558463178795,0.00945887048455063,0.04721442415912436,0.003745059355888758,0.010749322700471632,0.950850845970062,0.003787915497364569,1,-7.838010787963867e-07,20,2.647555151651072e-07,86
2019-09-24,232.3256378173828,24244943.0,17.049999237060547,0.0011346256179474157,-0.016538965554077523,-0.0015167321264312195,77.11920320942885,2.9915527308940852,2.7834520202342454,0.0018548026754019453,0.00945887048455063,0.07039191765111363,0.003745059355888758,0.010749322700471632,0.950850845970062,0.0037737526955259337,1,-7.838010787963867e-07,20,2.647555151651072e-07,86
2019-09-25,233.20237731933594,21003163.0,15.960000038146973,0.020172218507348516,0.017764333876413296,-0.0004848512197198618,69.22622197624925,3.020090613592828,2.830779738905962,0.007547160821625987,0.02103271903826509,0.0680000639718703,0.022988477945069974,0.010488081422240138,1.0,0.007518606601478961,1,-7.838010787963867e-07,20,2.647555151651072e-07,86
2019-09-26,234.9557342529297,29940103.0,16.06999969482422,0.0322149572215118,0.0003418147915617009,0.0007114395156759823,72.4331803016084,3.1479012957250916,2.894204050269788,0.0037737526955259337,0.019040323273229465,0.06352226353268775,0.026848983471207122,0.010499018772503617,1.0,0.014925517560362644,1,-7.838010787963867e-07,20,2.647555151651072e-07,86
2019-09-27,238.4625701904297,41235817.0,17.219999313354492,-0.020447701924527717,-0.023561787889367136,-0.0005493326683571054,78.416596936665,3.4919119471594513,3.0137456296477207,0.011320732658933741,0.028657673016645013,0.06308132506455588,0.03854842538909997,0.010525975494497273,1.0,0.0,0,-7.838010787963867e-07,20,2.647555151651072e-07,86
2019-09-30,238.4625701904297,41235817.0,16.239999771118164,0.021314235981504837,0.010292510019035195,0.0033301209134455334,87.8830344488887,3.721642093472326,3.155324922412642,0.03030319212443744,0.04401092117885663,0.05811919597505444,0.05608032595742962,0.010732639623312883,1.0,0.029411597207376072,1,-7.838010787963867e-07,20,2.647555151651072e-07,86
2019-10-01,245.47613525390625,71743890.0,18.559999465942383,0.015275231653960386,-0.009334433891339255,3.220605977904967e-05,91.3199867767793,4.418704895864039,3.4080009171029215,0.03030319212443744,0.03221420124166485,0.06428288126169823,0.06843227310394417,0.010539794686967035,1.0,-0.001785420801858617,0,-7.808208465576172e-07,20,2.7792398319687956e-07,86
2019-10-02,245.03785705566406,29295953.0,20.559999465942383,-0.016105109717882593,-0.015820445805664884,-0.00032223460572267104,91.30537948894059,4.879518746358315,3.702304482954,0.05660372897312449,0.06457808724041447,0.11068195874089337,0.12172256166118034,0.010846053181098271,1.0,-0.010733678062266327,0,-7.808208465576172e-07,20,2.7792398319687956e-07,86
2019-10-03,242.40769958496094,31890864.0,19.1200008392334,0.015076608008654846,0.017101265257483567,0.0009992308265014405,80.75318829103846,4.975135056104193,3.956870597584039,0.050751968622177346,0.05471724669609457,0.09362906017969541,0.14243199674460816,0.010267260206082995,0.9858566192184136,0.0,0,-7.808208465576172e-07,20,2.7792398319687956e-07,86
2019-10-04,242.40769958496094,35169613.0,17.040000915527344,0.006153044562146048,0.018521636413115328,-0.004508111037600071,78.25950963270165,4.993351423499348,4.164166762767101,0.03171646504276926,0.0433962513233388,0.05926544741315798,0.12107342090726148,0.010458553916534568,0.9009805775332818,0.0054248811454253865,1,-7.808208465576172e-07,20,2.7792398319687956e-07,86
2019-10-07,243.7227325439453,17510230.0,17.860000610351562,0.01117690676083094,-0.0071265509808448035,-0.002167276105102256,81.23829883576137,5.055622130596873,4.342457836333056,0.016544019429886925,0.047348548153618664,0.05725528242278588,0.12333384503999612,0.010440668313905898,0.9009805775332818,0.03057571106242918,1,-7.808208465576172e-07,20,2.7792398319687956e-07,86
2019-10-08,251.1747283935547,35278551.0,20.280000686645508,-0.0018771911587793788,-0.031167493877039765,-0.0020098637032193167,85.24593812343358,5.641257001589736,4.602217669384392,0.022058649914387107,0.05303028954518574,0.06299076667030246,0.10492328472812096,0.009993773265143321,0.9434171211575089,-0.01570677384047503,0,-8.52346420288086e-07,20,2.391116563663926e-07,86
2019-10-09,247.22958374023438,34777456.0,18.639999389648438,0.01713370654829882,0.01743208773167737,-0.0014941703380206839,74.28576969687326,5.721087517896592,4.8259916390868325,0.023214448662205678,0.08113220199566618,0.10387135184346197,0.13870709982811813,0.010886435706106208,1.0,0.0,0,-8.791685104370117e-07,20,2.328739609829215e-07,86
2019-10-10,247.22958374023438,34777456.0,17.56999969482422,0.0051351738871279196,0.00969598839165453,-0.002667495955881005,76.47066652674579,5.718435215653869,5.00448035440024,0.008944441119856927,0.06015035773709232,0.0803359632666365,0.13198535096011788,0.011092300610767753,0.8924642318971745,0.0,0,-8.791685104370117e-07,20,2.328739609829215e-07,86
2019-10-11,247.22958374023438,34777456.0,15.579999923706055,0.010014493505169364,0.022715125391603586,-0.005153661072781257,76.47066652674579,5.6511898481912795,5.133822253158448,0.019891629529628085,0.0522389867450177,0.08239370756252229,0.1526504124729311,0.010600723139143824,0.8884973498880873,0.02836863193057737,1,-8.791685104370117e-07,20,2.328739609829215e-07,86
2019-10-14,254.24314880371094,46683517.0,14.569999694824219,0.009914936757328352,-0.00045878115962227906,0.0041311295306096785,80.48784422266277,6.093590379052728,5.325775878337304,0.019891629529628085,0.03676473646494527,0.08239370756252229,0.13879098556244363,0.010522385132759153,0.8884973498880873,0.012068902085988098,1,-8.672475814819336e-07,20,2.404978108960529e-07,86
2019-10-15,257.31158447265625,38018567.0,13.539999961853027,0.009617257916517463,0.02218933378424026,-0.0010448504077139598,81.60920735964598,6.615533351135781,5.583727372897,0.04316551086537945,0.06617633367232156,0.10052235264434217,0.17818012550648876,0.011112763393141217,1.0,0.010221564483835044,1,-8.672475814819336e-07,20,2.404978108960529e-07,86
2019-10-16,259.94171142578125,40297144.0,13.680000305175781,-0.00515968295294722,-0.01470139030513784,-0.0036935007815116494,82.02251673501476,7.158883033773378,5.898758505072276,0.02443261755810866,0.04821425596630036,0.11590592763473828,0.18286036469858247,0.011165787756502756,1.0,-0.010118141250585522,0,-8.672475814819336e-07,20,2.404978108960529e-07,86
2019-10-17,257.31158447265625,40271938.0,13.789999961853027,-0.007580377818706574,0.0033524962612019316,0.0009513903007374314,74.71261056556033,7.293190942328209,6.177644992523463,0.051418311244270765,0.0608226604215345,0.11886795563262709,0.1854673202732633,0.011190109574547141,1.0,-0.0017033568773419105,0,-8.672475814819336e-07,20,2.404978108960529e-07,86
2019-10-18,256.873291015625,45102984.0,14.25,-0.00944711969434786,-0.010621262348704308,0.0031792894573132724,73.86371143098211,7.280341068500292,6.398184207718829,0.0407799122576491,0.06148272069415728,0.10754709161678222,0.16194533145353174,0.011362613767866243,0.9398326170549649,-0.01023906456570478,0,-8.672475814819336e-07,20,2.404978108960529e-07,86
2019-10-21,254.24314880371094,34634365.0,14.0,0.014610482545613479,0.018835458298572805,-0.0022870485190177314,62.82053284576089,6.977494739411185,6.514046314057301,0.03900709263630575,0.05967463680168317,0.10984869236945594,0.15996612388210507,0.011378960656907026,0.9298061161515885,0.013793056676780768,1,-8.672475814819336e-07,20,2.404978108960529e-07,86
2019-10-22,257.74993896484375,26005020.0,14.460000038146973,0.012799755313721128,-0.007678861742060006,-0.0005894998202081725,67.05870404474624,6.940450309367236,6.599327113119288,0.0,0.04316551086537945,0.09848487995012212,0.15034921100447196,0.01154806473785289,0.8696383841430211,-0.0034011567674447907,0,-8.672475814819336e-07,20,2.404978108960529e-07,86
2019-10-23,256.873291015625,28675408.0,14.010000228881836,-0.009281001568560154,-0.019295857179858378,-0.0019332224843280343,70.37045632012156,6.762401414559008,6.6319419734072325,0.001703594080639137,0.02617783490139436,0.10943390228608973,0.16621604286994685,0.011644588988196421,0.9498605142124708,0.0,0,-8.672475814819336e-07,20,2.404978108960529e-07,86
2019-10-24,256.873291015625,29040827.0,13.710000038146973,0.015547094959687868,0.024692723995018984,0.0037426238956350666,70.37045632012156,6.545840013617436,6.614721581449274,-0.011804263322442332,0.03900709263630575,0.10150374094975567,0.18797307012792275,0.010996603380558499,0.9276458528378274,0.0017062632525877142,1,0.0,0,2.404978108960529e-07,86
2019-10-25,257.31158447265625,22682711.0,12.649999618530273,0.0035329822240923736,0.020526046870175785,-0.002649289460529225,69.62030559382907,6.336536513570337,6.559084567873487,-0.0017033568773419105,0.03900709263630575,0.09328377037651303,0.18084553136143788,0.011011029249206526,0.9245496813776253,0.0034074253645755004,1,-8.672475814819336e-07,20,2.404978108960529e-07,86
2019-10-28,258.1883544921875,20076561.0,13.109999656677246,0.0035204600931393326,0.017529221477568413,0.002262822420606936,62.500074786423575,6.170282815506624,6.481324217400115,0.0017062632525877142,0.0407799122576491,0.07904391144981049,0.17347259447878538,0.01099842390212627,0.9324358119046369,0.013582234989804265,1,-8.672475814819336e-07,20,2.404978108960529e-07,86
2019-10-29,261.69512939453125,36682131.0,13.199999809265137,0.0031181988724093834,-0.009007067267142621,-0.001145208006595455,76.19054723069442,6.2494531831307825,6.434950010546249,0.015517451333654009,0.015517451333654009,0.08272067304317554,0.16819969890294129,0.010979813713705293,0.9549587758420242,0.0033501157870359233,1,-8.672475814819336e-07,20,2.404978108960529e-07,86
2019-10-30,262.57183837890625,32370342.0,12.329999923706055,0.008548453981403359,-0.0006015182461514001,-0.004193017905721574,76.92315519339193,6.310199308277845,6.409999870092569,0.015306271052989873,0.017035940806391592,0.066071571983358,0.16120798196715236,0.010802971075313124,1.0,-0.0033389299849813092,0,-8.672475814819336e-07,20,2.404978108960529e-07,86
2019-10-31,261.69512939453125,40944514.0,13.220000267028809,-0.0053938390636694145,-0.00616324827268,-0.0060528311537498825,74.62691297372336,6.2159444240038795,6.3711887808748315,0.022184273579983094,0.010118141250585522,0.07155621394150158,0.17188501518255705,0.01070030186491007,1.0,0.001675174508520172,1,-8.672475814819336e-07,20,2.404978108960529e-07,86
2019-11-01,262.1335144042969,30121678.0,12.300000190734863,0.00910328843883712,0.023443322933726973,0.008902832976104058,67.30783262743492,6.106231915177858,6.318197407735437,0.018771271858750493,0.017035940806391592,0.07956607749091038,0.18406646172845953,0.010405814750982663,0.9772357002034904,0.026755639471076176,1,-8.672475814819336e-07,20,2.404978108960529e-07,86
2019-11-04,269.1470642089844,44899671.0,12.829999923706055,0.02667941710099031,0.021888474113557654,-0.0016073936353093732,72.13122892875322,6.510173587381246,6.356592643664599,0.018739653488679453,0.020477891523381198,0.08137453906418624,0.16992873037756318,0.01029777128109363,0.9874878912266275,0.01140053457084611,1,-8.52346420288086e-07,20,2.5158704713333487e-07,86
2019-11-05,272.2154846191406,32201184.0,13.100000381469727,0.0011217389913080744,0.001870370594211579,-0.0035485396264454128,72.58066870584219,6.997236370830791,6.484721389097838,0.04244463209175642,0.05862071593826923,0.10431661995441832,0.1761102715689291,0.010552780562192785,1.0,0.001610209555942932,1,-8.52346420288086e-07,20,2.5158704713333487e-07,86
2019-11-06,272.65380859375,22149743.0,12.619999885559082,0.0016806428444826604,-0.008369205135059787,-0.0005605631467812122,80.7018754542068,7.3340636963417865,6.654589850546628,0.04020080636941814,0.05612240186124717,0.08376939973283504,0.1872612114368679,0.010610024385416202,1.0,-0.0064304837973119255,0,-8.52346420288086e-07,20,2.5158704713333487e-07,86
2019-11-07,270.9005126953125,28291659.0,12.729999542236328,0.0005593812411255339,0.007000186200143199,0.002012564336833833,76.66689873234125,7.3745166153557875,6.79857520350846,0.03839699747348724,0.06143308055007202,0.1028364990503281,0.1891729507849238,0.010597566214749788,1.0,-0.01132708067755428,0,-8.52346420288086e-07,20,2.5158704713333487e-07,86
2019-11-08,267.8320007324219,25651542.0,12.069999694824219,-0.01565111368578398,0.005267164812368774,-0.0040828602328772945,75.4099997774454,7.0773888413002055,6.8543379310668096,0.03517598253387133,0.05460755232366399,0.09574472681210078,0.1905629084447935,0.010567590817028474,0.960371918497979,-0.01472975173304436,0,-8.52346420288086e-07,20,2.5158704713333487e-07,86
2019-11-11,263.88690185546875,35165583.0,12.6899995803833,-0.004353826644370562,-0.005291437788055964,0.004430217190049879,61.29052542692622,6.449233679519068,6.773317080757262,0.0217388697552654,0.040885902130394,0.08333313788949548,0.17036374906051588,0.010832384520256125,0.8910172577908372,0.013289046918450564,1,-8.52346420288086e-07,20,2.5158704713333487e-07,86
2019-11-12,267.3937072753906,17540708.0,12.680000305175781,-0.0085549022548006,0.002795847522016892,0.0010203790790208611,67.6471762613682,6.163338943194049,6.65132145324462,-0.01954382214413186,0.02207127960705013,0.03793122094787815,0.15532096828930042,0.011172846570562629,0.8018499358523362,-0.003278833712605511,0,-8.52346420288086e-07,20,2.5158704713333487e-07,86
2019-11-13,266.5169677734375,18172438.0,13.0,0.01399798189844037,0.0002539461534099008,-0.0010522653778411994,65.71430560556001,5.7991705263369795,6.480891267863092,-0.017713089872518406,0.021775636000730403,0.03918254525305209,0.17067408284276664,0.011259034542335521,0.8749632299200906,-0.001645096177495864,0,-8.52346420288086e-07,20,2.5158704713333487e-07,86
2019-11-14,266.0785217285156,15734835.0,13.050000190734863,-0.007564498054691171,-0.0030412263978620846,0.0026004106387365056,64.28559351786376,5.412790224345883,6.2672710591596505,-0.022507812569954933,0.015024952481149878,0.025295118323223065,0.15365106896197567,0.011245336822473938,0.8541224382906474,0.01153246966547572,1,-8.52346420288086e-07,20,2.5158704713333487e-07,86
2019-11-15,269.1470642089844,28848445.0,12.050000190734863,0.015434593096865346,0.008879472672406408,-0.0009192645282619649,66.66657384123695,5.293170410978917,6.072450929523504,-0.017799859139507324,0.016749995860167344,0.03407128860454023,0.15392628055069846,0.011242631870243967,0.8404245588528824,0.01302910137649782,1,-8.52346420288086e-07,20,2.5158704713333487e-07,86
2019-11-18,272.65380859375,18691325.0,12.460000038146973,0.0024395290705772066,-0.0023810619394774024,0.0019388129122319686,66.66654289931216,5.418870446459266,5.941734832910657,0.004910031187334907,0.026755639471076176,0.047781430077184606,0.15849058561735085,0.011294530958949289,0.9148949249426844,0.012862086873987044,1,-8.52346420288086e-07,20,2.5158704713333487e-07,86
2019-11-19,276.16070556640625,31634197.0,12.859999656677246,0.006364581568088612,-0.004761976303709448,-0.0016726990972654177,69.13576214722092,5.73535233593401,5.900458333515328,0.03322221253362123,0.01302910137649782,0.07241359256548963,0.1735846769010776,0.011372725375087886,1.0,-0.004761950016984873,0,-8.52346420288086e-07,20,2.5158704713333487e-07,86
2019-11-20,274.84564208984375,22387973.0,12.779999732971191,-0.0048365628149595885,-0.01176537726181015,-0.00013140084073981484,68.2926373701012,5.813042743108042,5.882975215433871,0.03278685343924881,0.01449300708512391,0.07142879131418023,0.19318204218459933,0.011389314263869176,1.0,-0.007974779877998772,0,-8.52346420288086e-07,20,2.5158704713333487e-07,86
2019-11-21,272.65380859375,28108833.0,13.130000114440918,-0.009719414222638556,-0.011291507378546228,0.0004271558570518863,63.95328410900375,5.632818677893738,5.832943907925845,0.03125007156574866,0.008038888242194231,0.06996582246118188,0.18750016893855226,0.011456434270260493,0.9699997389283881,-0.0064304837973119255,0,-8.52346420288086e-07,20,2.5158704713333487e-07,86
2019-11-22,270.9005126953125,24737984.0,12.34000015258789,-0.003586097261503607,-2.36079281920043e-05,-3.282483858035867e-05,52.702767541388006,5.287561761079644,5.723867478556605,0.024711828758366527,0.006472102547880665,0.06143308055007202,0.1735846769010776,0.011608606860683586,0.9183651432502983,-0.006472665809607592,0,-8.52346420288086e-07,20,2.5158704713333487e-07,86
2019-11-25,269.1470642089844,19530177.0,11.869999885559082,0.018374568148891157,0.024343597465358302,0.0036785072377072403,45.07050125509883,4.816927981064339,5.542479579058153,0.006514834153890758,0.011456853380101606,0.052811179296516686,0.16165416411838107,0.011717234958258542,0.8723408194832709,0.0,0,-8.52346420288086e-07,20,2.5158704713333487e-07,86
2019-11-26,269.1470642089844,101224622.0,11.539999961853027,-0.0024181214153258246,-0.0050174321725464655,-0.003534140566831878,44.28584641916225,4.393304045370655,5.312644472320653,-0.012861527234305448,0.019933396908030865,0.04244463209175642,0.14552243240527907,0.011802867383956573,0.8139525658902649,0.01302910137649782,1,-8.52346420288086e-07,20,2.5158704713333487e-07,86
2019-11-27,272.65380859375,18467648.0,11.75,0.004847885610588687,0.007340752029511233,-0.00036122555870954365,52.70251962962893,4.291079100288641,5.1083313979142515,-0.02539695625066163,0.006557210906193767,0.028475634344797385,0.12867635366863195,0.011668458844333667,0.8139525658902649,-0.0048227509200476915,0,-8.52346420288086e-07,20,2.5158704713333487e-07,86
2019-11-28,271.3388671875,19077982.0,11.75,0.0,0.0,0.0007227121795299052,55.714375224396875,4.057191534266622,4.8981034251847255,-0.007974779877998772,0.023026079245841213,0.03839699747348724,0.14338199230183646,0.011760890299814827,0.8961011954140008,-0.014539604860158817,0,-8.52346420288086e-07,20,2.5158704713333487e-07,86
2019-11-29,267.3937072753906,30963561.0,12.619999885559082,-0.014844894675855702,-0.01098563173430045,-0.0012474593573884585,55.71426440239688,3.5129968780495915,4.621082115757699,-0.0048227509200476915,0.01976989884343827,0.0368510404273894,0.10535741858100733,0.011070436480098637,0.8571434383782911,0.00819645656786494,1,-8.52346420288086e-07,20,2.5158704713333487e-07,86
2019-12-02,269.58538818359375,24016807.0,14.90999984741211,-0.0020720430049168126,-0.014614038768793747,0.0034512076970019123,53.731214560553454,3.221434335194374,4.341152559645034,-0.01294499366217905,-0.006514493995120496,0.020066846023285567,0.09123427085247515,0.011360500793033704,0.7402602216870694,-0.0016259188881219133,0,-8.52346420288086e-07,20,2.5158704713333487e-07,86
2019-12-03,269.1470642089844,24690319.0,15.960000038146973,-0.0037749887533664594,-0.015392368294665282,-0.003111772918985123,54.54544495603972,2.921324626034732,4.057186972922974,0.00162856680565171,-0.011253906284977466,0.00162856680565171,0.11211561615066334,0.011211692527130777,0.8051931319412831,-0.003257360383816965,0,-8.52346420288086e-07,20,2.5158704713333487e-07,86
2019-12-04,268.2703552246094,25492686.0,14.800000190734863,0.007578668067277805,0.015452864446994008,0.00036142733652866355,53.73149371971038,2.582967588753945,3.7623430960891686,0.0,-0.02539695625066163,-0.011272027432419285,0.1103074063645888,0.01122366914242708,0.7837829955476737,0.019607918975123928,1,-8.52346420288086e-07,20,2.5158704713333487e-07,86
2019-12-05,273.53057861328125,34521842.0,14.520000457763672,0.022940949467836536,0.0036714553708845354,0.000755484230370973,56.94449682022601,2.708056475578985,3.551485771987132,-0.016076992988834027,-0.023923562386646835,-0.016076992988834027,0.10071946274538801,0.011249457697874188,0.727271192966356,0.003205158958167198,1,-8.463859558105468e-07,20,2.682209014892578e-07,86
2019-12-06,274.40728759765625,17695703.0,13.619999885559082,0.009926613294037656,0.01563913046385723,-0.0017723793410131528,53.03044687198052,2.8451364457700947,3.410215906743725,0.008077395798467446,0.0032156896104011956,0.009708604431202472,0.08900517326208934,0.010691707274013093,0.9090900460435752,0.009584533781861637,1,-8.463859558105468e-07,20,2.682209014892578e-07,86
2019-12-09,277.037353515625,23256081.0,15.859999656677246,-0.008736832481199941,-0.005353165030859364,0.00026308041135858495,51.56241841441128,3.1299179036691953,3.3541563061288193,0.026229414273546414,0.012944881009833598,0.02455004199368771,0.109929011917836,0.010315638069016992,0.9393933640290502,-0.007911248782766167,0,-8.463859558105468e-07,20,2.682209014892578e-07,86
2019-12-10,274.84564208984375,20570594.0,15.680000305175781,0.0011015223972929977,0.0034519609632377435,-0.000821823849568859,50.0,3.142531320722469,3.3118313090475495,0.027642319126570447,0.02931590329558298,0.04983366573972203,0.1205671640280308,0.010364025456485687,1.0,0.017543916140784876,1,-8.463859558105468e-07,20,2.682209014892578e-07,86
2019-12-11,279.6675109863281,31223148.0,14.989999771118164,0.02531187161462678,0.022255753509477172,0.0018093991622649686,61.111385078327224,3.5012518150481924,3.3497154102476783,0.021172729108553945,0.021172729108553945,0.027868774064972124,0.11170207841560642,0.010486691927407464,0.9038478660044811,0.03918477937658116,1,-8.732080459594727e-07,20,2.1277472030284794e-07,86
2019-12-12,290.626220703125,52742851.0,13.9399995803833,0.048479641710914345,0.027097570070734545,-0.0035137380839250776,74.19364739525238,4.616599395531637,3.60309220730447,0.04248384340556921,0.025723837964165108,0.049342236341476386,0.10000018605121253,0.00995701301750431,1.0,0.022624337935408523,1,-8.493661880493164e-07,20,2.682209014892578e-07,86
2019-12-13,297.2014465332031,58198939.0,12.630000114440918,-0.00614240824726775,-0.0059937660617277455,-0.005206757036463561,80.76943159529532,5.962355835112874,4.074944932866151,0.06249993026927214,0.07108216274190116,0.09225734875231972,0.12947196411209005,0.011381722562321875,1.0,-0.008849335799234748,0,-8.821487426757813e-07,20,2.0723010218420694e-07,86
2019-12-16,294.5714111328125,102188.0,12.140000343322754,0.004978642131727717,0.009615609427206628,0.0010931539535576906,76.3638987323506,6.738972947173977,4.607750535727717,0.08306688621538472,0.11147509625988805,0.10423439841957705,0.1433388081622302,0.011730136904732553,1.0,0.026785658785750677,1,-8.821487426757813e-07,20,2.0723010218420694e-07,86
2019-12-17,302.4617004394531,40813458.0,12.289999961853027,0.011786506569784194,0.004748214631445702,-0.004070125548607306,78.33360697728253,7.900061022997477,5.266212633181669,0.06329131214501937,0.09268314991984172,0.0803861961514698,0.1448043108378423,0.011696425483374828,0.9387770107430252,-0.0014493901513107366,0,-8.761882781982421e-07,20,2.1000241124352744e-07,86
2019-12-18,302.0233154296875,39682841.0,12.579999923706055,-0.0021946584977488026,-0.0008946632363090457,-0.0026248620361511987,79.66108294865623,8.684745343470524,5.94991917523944,0.10047842905430548,0.12377856072247906,0.09523800578037878,0.17747430744387938,0.0122143275369886,1.0,-0.020468034799478563,0,-8.761882781982421e-07,20,2.1000241124352744e-07,86
2019-12-19,295.84149169921875,54888012.0,12.5,-0.012438234520208535,0.008064611312263992,0.0005663334853425184,76.35920663673448,8.707418113564756,6.501418962904504,0.0799370808733384,0.12581695870502885,0.09888340645750415,0.1879309898842756,0.012038984822781906,0.9903838494190479,-0.017910006195499206,0,-8.106231689453125e-07,20,2.5089396986850475e-07,86
2019-12-20,290.54296875,86280459.0,12.510000228881836,-0.0005177073448864311,0.010299909380435457,0.003795582520849994,68.3617429508926,8.203277648446601,6.841790700012924,0.017944943107597755,0.08156643106978101,0.08504441300513088,0.14778491466324106,0.012522668032142475,0.8547830726295502,0.01519729191035113,1,-8.344650268554688e-07,20,2.391116563663926e-07,86
2019-12-23,294.95843505859375,26639340.0,12.609999656677246,0.0050062855951498175,0.0017530894876987002,-0.0007960518661668248,71.14100703527937,8.067042087590039,7.086840977528347,-0.022403921181652908,0.05880194106215697,0.07250800620218745,0.131075043268422,0.012908006226837025,0.7385578518731244,-0.00598787526132416,0,-8.374452590942383e-07,20,2.404978108960529e-07,86
2019-12-24,293.1922607421875,13488907.0,12.670000076293945,-0.007901334005269156,0.002735394626111276,0.0004647282643932549,70.11933522313208,7.727481322788606,7.214969046580399,0.0013138543360093902,0.06468832204592223,0.09590062193495696,0.14826432087348507,0.013033748075535975,0.8338151470889414,0.0030119729489710423,1,-8.374452590942383e-07,20,2.404978108960529e-07,86
2019-12-25,294.0753479003906,12262954.0,12.670000076293945,0.0,0.0,-0.00461196254840357,67.84699132531628,7.4438269205611505,7.2607406213765495,-0.030646656035451247,0.0667524451646444,0.08933850571200286,0.13944446513384312,0.013111677381220498,0.7906315978849546,0.0,0,-8.374452590942383e-07,20,2.404978108960529e-07,86
2019-12-26,294.0753479003906,11427884.0,12.649999618530273,0.008483540514717669,0.0012297492871584659,-0.0033333460489909372,67.34967036102803,7.136760629122989,7.235944622925838,-0.026315741610839938,0.05151773569711082,0.07856680754662926,0.13899539922622273,0.013111664009094842,0.7942835925586841,0.015015056150928352,1,-8.374452590942383e-07,20,2.404978108960529e-07,86
2019-12-27,298.49090576171875,16677806.0,13.430000305175781,0.0036049562154243375,-0.0031644173178536628,0.0058863076032849015,68.34676345961724,7.167089254351481,7.222173549210967,-0.005969898910000659,0.01186791470129922,0.08379367448740505,0.12373259900088929,0.013016166056817841,0.7942835925586841,-0.010355026863443695,0,1.7881393432617187e-08,20,4.1584635889807414e-08,86
2019-12-30,295.4000244140625,21531263.0,14.819999694824219,-0.010434273515468884,-0.007640174235852837,0.00023274269958450944,67.31156949086673,6.86260873351398,7.15026058607157,0.027355461555008898,0.0043386707687897985,0.1162974207702685,0.1367971051449135,0.013150562614775072,0.9025967949730469,-0.010463582015416195,0,1.7881393432617187e-08,20,4.1584635889807414e-08,86
2019-12-31,292.30908203125,22890517.0,13.779999732971191,0.0043212498684075396,0.0028356152588187022,-0.00029919815654877446,60.96690276910727,6.299278349231656,6.980064138703588,0.0014971240113239581,0.002812945350207041,0.09575680790565855,0.12879450640717804,0.013278822938443667,0.8248947765903831,0.0,0,1.7881393432617187e-08,20,4.1584635889807414e-08,86
2020-01-01,292.30908203125,22890517.0,13.779999732971191,0.0,0.0,-0.005852187644700857,51.80269004349156,5.786135987195792,6.741278508402029,-0.003012285210741261,-0.03356662477745831,0.08605710744175554,0.11511525985346682,0.013438921253735144,0.7368069625535693,0.024169212677211505,1,1.7881393432617187e-08,20,4.1584635889807414e-08,86
2020-01-02,299.37396240234375,31754120.0,12.470000267028809,0.033390908893108584,0.020701570681319392,-0.0018061694159097197,52.303050654885645,5.881742701959297,6.569371347113483,-0.006006167744937563,-0.032163852597330456,0.08960634799366551,0.08605710744175554,0.012893147212554834,0.7368069625535693,0.001475144563351627,1,9.387731552124023e-07,20,-1.0742697604866916e-07,86
2020-01-03,299.8155822753906,41811268.0,14.020000457763672,-0.032978203006926776,-0.01797228315791033,0.0018764158999149405,55.82975478125994,5.924848776595866,6.44046683300996,0.01801788058667153,0.011940416750995997,0.0944807850006415,0.09976830605797771,0.013264254061459025,0.9199545260000047,-0.022091318546343497,0,9.387731552124023e-07,20,-1.0742697604866916e-07,86
2020-01-06,293.1922607421875,45343057.0,13.850000381469727,-0.011539497569141632,-0.010409997390011139,0.004515057879738826,39.39682094182059,5.362745564313798,6.224922579270729,0.0044379124727147445,0.03191477517175545,0.09259336696257403,0.09962000465620213,0.013264454679518221,0.9314029298610227,-0.007530192590569418,0,9.387731552124023e-07,20,-1.2544698493425237e-07,86
2020-01-07,290.9844665527344,50879181.0,13.789999961853027,0.016204604451481197,0.017768752388188203,0.00039956842545785243,37.86408157869839,4.685117065910617,5.916961476598707,-0.007473810052162966,-0.00598787526132416,0.05831310118132271,0.08228758161099159,0.013729247629337976,0.7597021880209079,0.0,0,9.387731552124023e-07,20,-1.2544698493425237e-07,86
2020-01-08,290.9844665527344,37567748.0,13.449999809265137,0.0073733501810420154,0.00016598288343194767,-0.002063443033648471,43.82030324797608,4.100819899743897,5.553733161227745,-0.0045315577241421545,-0.007530192590569418,0.058719593806093595,0.08644398636831685,0.013651797441130079,0.7024680799893039,0.024279445188080562,1,9.387731552124023e-07,20,-1.2544698493425237e-07,86
2020-01-09,298.0494079589844,31481504.0,12.539999961853027,0.008170188712080861,0.005964914597056392,0.0008337374694480371,59.13977855347066,4.159889298832695,5.274964388748735,-0.0045315577241421545,-0.010510508173242727,0.04046574994175667,0.10268628153475756,0.013396603584464609,0.6845455979010303,0.005925776965976404,1,1.8447637557983398e-06,20,-2.8277552405069043e-07,86
2020-01-10,299.8155822753906,27032115.0,12.5600004196167,-0.006246707975379184,-0.006589560507105796,-0.0022325703070246172,56.32187925754393,4.299653995167375,5.079902310032463,-0.004424414310217228,0.013513747707746715,0.02554204241413638,0.11464630561414535,0.013717636581455491,0.8787271305917443,0.005890970778036575,1,1.8447637557983398e-06,20,-2.8277552405069043e-07,86
2020-01-13,301.581787109375,30663332.0,12.319999694824219,0.02038708003440104,0.013095112811780885,0.0006345088744610372,60.91948179053635,4.501051177113027,4.964132083448576,0.0,0.0044379124727147445,0.00879583788262428,0.12493994202372827,0.013693641491359597,0.9272708361991739,0.013176982689740546,1,1.8447637557983398e-06,20,-2.8277552405069043e-07,86
2020-01-14,305.55572509765625,30223993.0,12.390000343322754,0.004329205648147871,0.0020361729787017335,-0.00293703171302917,63.82969493638963,4.924556259729798,4.956216918704821,0.028614419582393635,0.02092675079351891,0.023798561950065578,0.1334315342336574,0.01368202988381463,0.974908363704717,-0.017340810690690045,0,1.8447637557983398e-06,20,-2.8277552405069043e-07,86
2020-01-15,300.25714111328125,47434274.0,12.420000076293945,-0.03199610307866696,-0.011865040479956956,-0.0016067595504699606,56.60379695912046,4.777562872602175,4.920486109484292,0.05007572643841174,0.045317247669335536,0.010229475843413383,0.13527422636273556,0.013709143058499235,1.0,-0.016176523499856543,0,1.8358230590820313e-06,20,-3.08419382849405e-07,86
2020-01-16,295.4000244140625,55211420.0,12.319999694824219,0.006165494616830802,0.016969713566805433,0.0035874857569160312,46.72897679195437,4.220489651722858,4.7804868179320055,0.03186656205535421,0.027190599165788365,-0.005847807855143605,0.1012394899667799,0.013971964006444862,0.8611555602470385,-0.00448434801689479,0,1.8209218978881836e-06,20,-3.1673631002736644e-07,86
2020-01-17,294.0753479003906,52060097.0,12.100000381469727,-0.002893572155352464,0.00666513004588376,-0.0011358833423721348,48.5436775940334,3.6302673248524684,4.550442919316098,-0.00888907501298064,-0.013274160372505839,-0.001492242628377105,0.06966711215557031,0.014158526963994486,0.7338793579812122,0.0,0,1.8209218978881836e-06,20,-3.1673631002736644e-07,86
2020-01-20,294.0753479003906,32658203.0,12.100000381469727,0.0,0.0,0.0017057625608369875,52.083388828454204,3.1264718570781724,4.265648706868514,-0.01914588405124118,-0.01914588405124118,0.012157854535554291,0.06996547467272896,0.01415550028685262,0.6991674483583674,0.0,0,1.8209218978881836e-06,20,-3.1673631002736644e-07,86
2020-01-21,294.0753479003906,32658203.0,12.850000381469727,-0.0058040113299643314,-0.000845235425548374,-0.001969950375820928,52.083388828454204,2.696130999339573,3.9517451653627256,-0.024890227228018924,0.0030119729489710423,-0.0029939376306621357,0.07856680754662926,0.014075703419216276,0.6991674483583674,0.0,0,1.8209218978881836e-06,20,-3.1673631002736644e-07,86
2020-01-22,294.0753479003906,32658203.0,12.90999984741211,0.0018887672502996278,0.007952992411879967,0.005051656533298976,42.50005831488135,2.328244219067585,3.6270449761036976,-0.03757212270722954,0.010622152392784523,0.0030119729489710423,0.0855474025298113,0.014017750249507997,0.6991674483583674,0.0,0,1.8209218978881836e-06,20,-3.1673631002736644e-07,86
2020-01-23,294.0753479003906,32658203.0,12.979999542236328,-0.01491009020622136,0.00784363252132314,-0.00409424113021295,41.77210206484824,2.013481138010434,3.304332208485045,-0.020588330355674533,0.010622152392784523,0.0,0.09261956382347991,0.013957198063331806,0.6991674483583674,0.0,0,1.8209218978881836e-06,20,-3.1673631002736644e-07,86
2020-01-24,294.0753479003906,32658203.0,14.5600004196167,0.004349065924896811,-0.010969618054084918,0.00187171211231707,51.562464565526106,1.7439262324755305,2.992251013283142,-0.00448434801689479,-0.013333561323968901,0.0,0.09261956382347991,0.013957198063331806,0.6991674483583674,0.0,0,1.8209218978881836e-06,20,-3.1673631002736644e-07,86
2020-01-27,294.0753479003906,32658203.0,18.229999542236328,-0.04278530167820771,-0.03906905963041696,0.0015012535686826922,55.932221259049264,1.5128626884526852,2.6963733483170507,0.0,-0.01914588405124118,-0.01479293933615855,0.07856680754662926,0.013855188648521656,0.6991674483583674,0.0,0,1.8209218978881836e-06,20,-3.1673631002736644e-07,86
2020-01-28,294.0753479003906,32658203.0,16.280000686645508,0.033115970002701056,0.024020225723714317,0.0024982962840502942,55.932221259049264,1.3145893968284668,2.4200165580193342,0.0,-0.024890227228018924,-0.00448434801689479,0.08379367448740505,0.013818086880997501,0.6991674483583674,0.0,0,1.8209218978881836e-06,20,-3.1673631002736644e-07,86
2020-01-29,294.0753479003906,32658203.0,16.389999389648438,0.0017519897651481209,-0.018259449525289684,-0.002990535126809357,39.53461832723625,1.1442659985835917,2.164866446132186,0.0,-0.03757212270722954,0.00604245977191975,0.0997841007437037,0.0135733132639315,0.6920943191295885,-0.04954930133170943,0,1.8209218978881836e-06,20,-3.1673631002736644e-07,86
2020-01-30,279.5041198730469,125451049.0,15.489999771118164,-0.02430491406293056,-0.0015601777693713403,0.0028662037963771425,18.055448897626306,-0.1645954922349233,1.698974058458764,0.0,-0.020588330355674533,0.00604245977191975,0.09084305303712781,0.013546196327272126,0.6920943191295885,0.011058118915477033,1,1.8239021301269532e-06,20,-3.1950861908668694e-07,86
2020-01-31,282.59490966796875,62526055.0,18.84000015258789,-0.03333346344590593,-0.03549412295725618,0.0037885188906179312,21.333061790194222,-0.9416223120308018,1.170854784360851,-0.04954930133170943,-0.05381145303743884,-0.06637131155244824,0.03848102781466922,0.015717353962385355,0.3012914901122718,-0.01562493588061431,0,1.8239021301269532e-06,20,-3.1950861908668694e-07,86
2020-02-03,278.17938232421875,59560849.0,17.969999313354492,0.01538754246110896,0.012430653339704945,0.004668126073061218,9.210313324712217,-1.891909069354881,0.5583020136177046,-0.039039104482537335,-0.039039104482537335,-0.0574375503658916,0.05339596479590947,0.015777433014075002,0.2830379264341529,0.03174622851790532,1,1.8268823623657226e-06,20,-3.0495399652525437e-07,86
2020-02-04,287.0105285644531,51890496.0,16.049999237060547,0.05020970517760892,0.03116134657121239,-0.003493076449065713,32.14284245022755,-1.9103966114065543,0.06456228861285283,-0.0540540568587754,-0.0540540568587754,-0.051204893266845186,0.01699555396879404,0.01572015269225382,0.12110060822673689,0.007692167828613705,1,2.7120113372802734e-06,20,-5.0456024879633e-07,86
2020-02-05,289.21826171875,36601453.0,15.149999618530273,0.006954455573751295,0.021871401591104567,-0.007010578531516876,41.02560240163181,-1.726994786045509,-0.2937491263188196,-0.024023840782228745,-0.024023840782228745,-0.013656873287293037,0.04592895865534041,0.016439387843037993,0.39612027331592314,0.015267216651837945,1,2.7120113372802734e-06,20,-5.0456024879633e-07,86
2020-02-06,293.6338195800781,29267094.0,14.960000038146973,0.0017263666467113303,6.284046040905267e-05,-0.0025642621759578432,49.41179723022683,-1.2113848110151366,-0.47727626325808303,-0.01651646836879994,-0.01651646836879994,-0.00606975642001939,0.04396846868679738,0.016418432484792838,0.4680097942180724,-0.013534171853416543,0,3.564357757568359e-06,20,-7.076318873915562e-07,86
2020-02-07,289.65972900390625,28798327.0,15.470000267028809,-0.031368624397534406,-0.02371129058332544,0.0026376572554838162,44.68075563702189,-1.1106333972128368,-0.6039476900490338,0.05055274216869887,-0.0015014122178715894,-0.014814954369961053,0.06835901543635448,0.016495561371995607,0.5645179629637886,-0.0015240892707950593,0,3.564357757568359e-06,20,-7.076318873915562e-07,86
2020-02-10,289.21826171875,30632424.0,15.039999961853027,0.01459101138315777,0.015254598736305525,0.004895083442213455,44.21052325255704,-1.0542570769845838,-0.6940095674361438,0.02499981101654747,-0.0150152637003087,-0.033873667253744966,0.03572891961006719,0.0164649201198499,0.4193528249809379,0.012213752217977047,1,3.564357757568359e-06,20,-7.076318873915562e-07,86
2020-02-11,292.7507019042969,27524935.0,15.180000305175781,0.02876182668124616,0.02022395722689385,-0.005003843202884384,48.5437043041345,-0.7162831693891007,-0.6984642878267352,0.03968259366420401,-0.01651646836879994,-0.04099559694611499,-0.0048445697052683645,0.015318668217258023,0.4032269571537498,0.010557753661449176,1,3.564357757568359e-06,20,-7.076318873915562e-07,86
2020-02-12,295.84149169921875,37612639.0,13.739999771118164,0.01653602984431335,0.014365013808671945,-0.0025644330478111765,51.8181138462911,-0.1967672961010294,-0.598124889481594,0.0199998702784685,-0.004504444202995339,-0.04190732537990205,-0.014975514691544456,0.015025059105695042,0.5322595388532418,0.0,0,3.564357757568359e-06,20,-7.076318873915562e-07,86
2020-02-13,295.84149169921875,22757021.0,14.149999618530273,-0.005031152579924036,0.0007759873663373273,-0.0013021990139919781,51.8181138462911,0.2125031721002415,-0.43599927716522696,0.022900455666625685,0.006005752646176754,-0.014706226129011735,0.004311621964677492,0.015052492592233442,0.6451595642693754,0.0,0,3.564357757568359e-06,20,-7.076318873915562e-07,86
2020-02-14,295.84149169921875,16933683.0,13.680000305175781,-0.01921465056549876,-0.0019281896469324211,0.0025075480883340884,51.8181138462911,0.5307349842567533,-0.24265242488083094,0.007518453161484473,0.05845127375436343,0.0014944727443131356,-0.0218877587827343,0.014454782315583942,0.6451595642693754,-0.01044745203645836,0,3.564357757568359e-06,20,-7.076318873915562e-07,86
2020-02-17,292.7507019042969,15937079.0,13.680000305175781,0.0,0.0,0.0010004595193011667,48.71795780596699,0.5274549106049449,-0.08863095778367579,0.02134146405705284,0.04687480764184282,0.006005752646176754,-0.020468034799478563,0.014454004971769022,0.6451595642693754,-0.028657787488709063,0,3.564357757568359e-06,20,-7.076318873915562e-07,86
2020-02-18,284.3611145019531,61825604.0,14.829999923706055,-0.03454188322880791,-0.014024646652699535,3.336192079261835e-05,41.91170043440345,-0.1503806653560673,-0.1009808992981541,0.012213752217977047,0.05238101924856253,-0.004504444202995339,-0.01044745203645836,0.01419487600163327,0.5322595388532418,0.013975291762293063,1,3.564357757568359e-06,20,-7.104041964508767e-07,86
2020-02-19,288.33514404296875,38781218.0,14.380000114440918,0.025987742981801176,0.02611553714145809,0.0012992922615824298,58.928532860394924,-0.36271808296118024,-0.15332833603075935,-0.028657787488709063,-0.009231069242482626,-0.03303314428698023,-0.02127690191451892,0.01461354090962367,0.22580562454574235,-0.00306292247617157,0,3.564357757568359e-06,20,-7.104041964508767e-07,86
2020-02-20,287.4519958496094,27011736.0,15.5600004196167,-0.020124708404673064,-0.015281636776963925,0.0038595648186294795,55.14017544618895,-0.5953963363048729,-0.24174193608558206,-0.025372869820037613,-0.0030534644338607864,-0.01951950035392358,-0.022454997817944355,0.014582899896007964,0.370968533043203,-0.001535794816283742,0,3.564357757568359e-06,20,-7.104041964508767e-07,86
2020-02-21,287.0105285644531,22813534.0,17.079999923706055,-0.01575785613004388,-0.0298576125032064,0.0017898265002425084,60.20416870894147,-0.8061257331956426,-0.3546186955075942,-0.028358077162952355,-0.021052832876367167,-0.022522636113737504,-0.01957850073548051,0.014562710057991472,0.3387089941899611,-0.015384867302848049,0,3.564357757568359e-06,20,-7.104041964508767e-07,86
2020-02-24,282.59490966796875,41693680.0,25.030000686645508,-0.0264437188149107,-0.047497456989589515,0.005359760024308047,44.31807561238619,-1.3142835973373508,-0.5465516758735456,-0.02985031979132946,-0.009145905261194964,-0.024023840782228745,-0.024023840782228745,0.014553882601856217,0.3225831263627729,0.006249952754136867,1,3.5703182220458984e-06,20,-7.117903509805369e-07,86
2020-02-25,284.3611145019531,36195011.0,27.850000381469727,-0.004804125302610429,-0.030601308947146855,-0.001480898989105861,43.67809060930783,-1.5565415543118775,-0.748549651561212,-0.03469092360929049,-0.022900877736489966,-0.039039104482537335,-0.039039104482537335,0.014734139286449243,0.16128989106734384,-0.010869242091469777,0,3.5703182220458984e-06,20,-7.117903509805369e-07,86
2020-02-26,281.27032470703125,60479362.0,27.559999465942383,0.02172312174227109,0.0021991546079724866,0.002340025544466995,33.33330590704628,-1.9751651617436892,-0.9938727535977075,0.0,-0.028657787488709063,-0.03303314428698023,-0.047337426323618925,0.014565184007740583,0.22580562454574235,-0.007849584654581188,0,3.5703182220458984e-06,20,-7.117903509805369e-07,86
2020-02-27,279.0624694824219,61250927.0,39.15999984741211,-0.031619332801616884,-0.04645842968444269,-0.006740536053203794,34.999995680356776,-2.4567628189682864,-1.2864507666718235,-0.024502109721611598,-0.049253290701366415,-0.043543341136152325,-0.047832425657574174,0.014573410511696624,0.1129055991296089,0.0,0,3.5703182220458984e-06,20,-7.117903509805369e-07,86
2020-02-28,279.0624694824219,61250927.0,40.11000061035156,0.010320977396174769,0.022107700301859934,-0.0004965369954157417,35.44294716618971,-2.8060856237001985,-1.5903777380774986,-0.029185834463910876,-0.056716257481070564,-0.001580121219056041,-0.04531714326759084,0.01453781808424886,0.03225730936785171,-0.01582272009539476,0,3.5703182220458984e-06,20,-7.117903509805369e-07,86
2020-03-02,274.6469421386719,79912942.0,33.41999816894531,0.03974744484507875,0.03508564117509971,-0.0022853059426798383,24.691247416751565,-3.4000291975790446,-1.952308029977808,-0.027692569752702956,-0.056716257481070564,-0.012500013498818019,-0.04531714326759084,0.01453781808424886,0.03225730936785171,0.0209003013568001,1,3.564357757568359e-06,20,-7.090180419212164e-07,86
2020-03-03,280.38714599609375,49679411.0,36.81999969482422,-0.019649894280141744,-0.03405498813337826,-0.01058957105044478,29.8851277814409,-3.36871483295954,-2.2355893905741544,-0.02812494937943233,-0.061840192518285764,-0.012698425584358408,-0.08259576105165745,0.014153725850622351,0.0,0.00944891042680207,1,4.500150680541992e-06,20,-8.663465810376544e-07,86
2020-03-04,283.0364990234375,42941146.0,31.989999771118164,0.040087425951478295,0.0494411034332678,-0.0011742944825949841,34.408711626897656,-3.09444647293725,-2.4073608070467736,-0.013975077122691748,-0.013975077122691748,-0.023077141460585815,-0.06480128928539552,0.014579419247302734,0.1857143280289963,0.007800171221429952,1,4.500150680541992e-06,20,-8.663465810376544e-07,86
2020-03-05,285.2442321777344,37861525.0,39.619998931884766,-0.023650612181376873,-0.03103534293664112,-0.0006718326320500623,37.7551488172689,-2.668184042116195,-2.459525454060658,0.00627927712689158,-0.018376688131855445,-0.02137404000209342,-0.034638573654849125,0.014302017804261474,0.2714295446669148,-0.024767722030970107,0,4.500150680541992e-06,20,-8.663465810376544e-07,86
2020-03-06,278.17938232421875,51546760.0,41.939998626708984,-0.011843158159160705,-0.019688248802865793,0.004504227838596275,34.57942898998752,-2.8673888605042066,-2.541098135349368,0.022151895619564543,-0.007680460402960887,-0.028571597830051032,-0.01972694433831479,0.014320068303434703,0.34285691717868644,-0.030158692197430725,0,3.579258918762207e-06,20,-7.173349690991778e-07,86
2020-03-09,269.78985595703125,87871277.0,54.459999084472656,-0.05883411745527889,-0.08337597094366245,0.0005688090808786406,34.57947366143317,-3.6600341821450115,-2.764885344708497,-0.0031644784045701257,-0.03076941561832358,-0.03963390671933098,-0.0440060748953931,0.01480604518085279,0.11428596817397778,0.004909917726130919,1,2.6732683181762696e-06,20,-5.600064299827399e-07,86
2020-03-10,271.114501953125,71950130.0,47.29999923706055,0.0517073497917071,0.06311287907733099,0.0028093222217508984,30.69301578264512,-4.133673039216262,-3.0386428836100503,-0.01768483618939487,-0.04531240044621698,-0.06717558444014116,-0.09481499123072246,0.014924703022550665,0.0,-0.016286690049843067,0,2.6732683181762696e-06,20,-5.600064299827399e-07,86
2020-03-11,266.6989440917969,62216710.0,53.900001525878906,-0.04164365517971369,-0.056721980644431014,-0.00817077986481074,28.440329160701083,-4.809888462734534,-3.3928919994349473,-0.03307085997122683,-0.04658376927530694,-0.07390656900370118,-0.09572911489271008,0.014911932491739222,0.03703659460603289,-0.026489980594313622,0,1.7881393432617188e-06,20,-3.6040017771166425e-07,86
2020-03-12,259.63409423828125,113527351.0,75.47000122070312,-0.06795575747349258,-0.10907243939374056,0.011062558021334157,24.999930328620394,-5.8484510938315,-3.884003818314258,-0.05772243151681922,-0.0518056095338596,-0.09850730348889336,-0.11566627863017176,0.015007766782384961,0.0,-0.013605455770015151,0,9.357929229736328e-07,20,-1.5732853911643803e-07,86
2020-03-13,256.1016540527344,149995148.0,57.83000183105469,0.07270501750097247,0.10929454282711615,-0.0040240875630898065,25.409798453090502,-6.877280849876115,-4.482659224626629,-0.08978319296390036,-0.06962016526326342,-0.12238782752538802,-0.15028889033153725,0.015223645714407558,0.0,-0.046551756393844124,0,9.357929229736328e-07,20,-1.5732853911643803e-07,86
2020-03-16,244.17967224121094,103873228.0,82.69000244140625,-0.1403409244224506,-0.15896285529404264,0.005309215873231965,18.62065990572367,-8.55601176222774,-5.297329732146852,-0.07936507762373535,-0.08227840695408806,-0.13432814112121827,-0.14705890723141157,0.015153094098346682,0.0,-0.030741395798009608,0,0.0,20,0.0,86
2020-03-17,236.67324829101562,121323651.0,75.91000366210938,0.08106938939810315,0.09835383001964537,0.004284708160204653,17.419302769507638,-10.372555421638708,-6.312374870045224,-0.09492641457912776,-0.11093249267664418,-0.16591259849127293,-0.17339318869200882,0.016435324126455857,0.0,-0.0298507770612364,0,-8.285045623779297e-07,20,1.996062522710756e-07,86
2020-03-18,229.60836791992188,117437643.0,76.44999694824219,-0.08590857244214956,-0.09791664456054106,-0.006813049807309568,16.265028136902387,-12.241147829165982,-7.498129461869376,-0.12703582218580167,-0.15590549827019218,-0.16770178403070635,-0.19519521108861626,0.016930905120461488,0.0,-0.036893091489454743,0,-1.7285346984863281e-06,20,4.033709681311319e-07,86
2020-03-19,221.1374053955078,160811697.0,72.0,-0.0014334986289216145,0.04225856075906642,0.00316348022585089,14.580030749369868,-14.241390767732753,-8.846781723042051,-0.13907282722165015,-0.18876763699331722,-0.2036754011307591,-0.21921925942022535,0.01733690982916305,0.0,0.08870957113495082,1,-2.589821815490723e-06,20,6.216903065526208e-07,86
2020-03-20,240.75440979003906,157664726.0,66.04000091552734,0.014581795489539973,-0.031821723932615176,0.006506195701504236,32.52429208694247,-14.081348380234317,-9.893695054480505,-0.1482728566743734,-0.2247436391361698,-0.23069796491792793,-0.24802467471563916,0.01796303335525875,0.0,-0.05555561541356013,0,-1.761317253112793e-06,20,4.2208405428154525e-07,86
2020-03-23,227.379150390625,76466709.0,61.59000015258789,0.016393475329934404,0.03356073339575327,-0.001714984573127798,24.662894665596184,-14.862460098469626,-10.88744806327833,-0.05992637696723013,-0.13453539303125206,-0.1611652332260224,-0.1813172661055984,0.023208113660387716,0.26259613583623703,0.04901956310497191,1,-2.610683441162109e-06,20,6.182249202284702e-07,86
2020-03-24,238.52517700195312,81952933.0,61.66999816894531,0.07976143283128945,0.11154737391750724,-0.0017509497517687045,30.322511535614908,-14.415927725260616,-11.593143995674787,-0.06880393317093847,-0.1571990370652071,-0.19538837179416568,-0.22679968921555782,0.02449343697748958,0.08355292600382327,0.035514105501373905,1,-1.710653305053711e-06,20,4.144602043684139e-07,86
2020-03-25,246.99618530273438,79447199.0,63.95000076293945,0.0026601723913597386,-0.012910325126169409,-0.0023497202290181374,33.97858957714517,-13.226046397752384,-11.919724476090307,0.007824833285172694,-0.12020502303047764,-0.16118918924719994,-0.18889774778827595,0.02590455293293148,0.23275529447954138,0.010830386241128975,1,-8.493661880493164e-07,20,1.9614086594692497e-07,86
2020-03-26,249.67124938964844,52845633.0,61.0,0.01775520719833379,0.06793567892282804,0.003582677060730566,37.60253259337737,-11.929683591229946,-11.921716299118236,0.0757281519847599,-0.07387640343368163,-0.12185480085749012,-0.16009217683082677,0.026629453667461975,0.34614947035289584,-0.025000160428248708,0,-8.493661880493164e-07,20,1.9614086594692497e-07,86
2020-03-27,243.42942810058594,68752306.0,65.54000091552734,-0.0593543487586955,-0.05332535474955369,-0.0040326493093088,38.31830529796569,-11.275986981358642,-11.792570435566319,0.12903219128897425,-0.03837263699076954,-0.10532129292514836,-0.15099565069895882,0.0267194582509827,0.38195827572451285,-0.020146500515156984,0,-1.6421079635620118e-06,20,4.629756129065225e-07,86
2020-03-30,238.52517700195312,49159956.0,57.08000183105469,0.01939887731293899,0.037991643052057045,0.0011947594661929628,36.00205482217321,-11.026552551505858,-11.639366858754228,0.011110983648771944,-0.049481234313071165,-0.12768840413375782,-0.1722208956357658,0.026916313944244832,0.2984043284386006,0.024299023809258857,1,-2.619624137878418e-06,20,5.509964255399482e-07,86
2020-03-31,244.32110595703125,48837923.0,53.540000915527344,-0.000627337919715254,-0.022468042953808998,-0.0045413574793837785,40.500790999447105,-10.243114690657649,-11.360116425134912,0.04901956310497191,-0.023157108809909732,-0.13152072568308637,-0.14661301912010005,0.026075693202395882,0.23275529447954138,-0.00912381771775217,0,-1.7702579498291015e-06,20,3.5485555959302325e-07,86
2020-04-01,242.0919647216797,44515034.0,57.060001373291016,-0.026783810204947245,-0.054852731201988414,0.006659968398860627,42.23471060536161,-9.690402679529313,-11.026173676013793,0.024299023809258857,0.03231399290473136,-0.12862943453037234,-0.13543698913723112,0.026334012558171895,0.3103404607248611,0.0,0,-1.7702579498291015e-06,20,3.5485555959302325e-07,86
2020-04-02,242.0919647216797,44515034.0,50.90999984741211,0.03483104051412855,0.03283534388443732,-0.0003969279004539805,43.59819008209949,-9.14693426420618,-10.650325793652271,-0.01985545070278616,0.05436908469342705,-0.14466167594295787,-0.12972714692593246,0.02627779037217324,0.28050084490667215,0.0,0,-1.7702579498291015e-06,20,3.5485555959302325e-07,86
2020-04-03,242.0919647216797,44515034.0,46.79999923706055,-0.02223161382600347,-0.021409014317461006,-0.004533755898133762,48.92935629601413,-8.61690135460313,-10.243640905842444,-0.030357058277624027,0.09475809526070145,-0.15128182304197024,-0.15650493404351262,0.025705196748858104,0.28050084490667215,0.014732815155978463,1,-1.7702579498291015e-06,20,3.5485555959302325e-07,86
2020-04-06,245.65866088867188,56392754.0,45.2400016784668,0.06183614547426419,0.10383631899615131,0.005618185204120385,54.802052379383575,-7.81891232829247,-9.75869519033245,-0.005494255108522084,0.005555681961576964,-0.12972714692593246,-0.16294371149667664,0.025649204671135285,0.28050084490667215,0.02722335359029482,1,-1.7702579498291015e-06,20,3.5485555959302325e-07,86
2020-04-07,252.3463134765625,48787346.0,46.70000076293945,-0.005003083007881215,-0.004708452599699653,-0.0056198372328577495,62.20097997313769,-6.571114880971834,-9.121179128460327,0.02990662862671445,0.08039220160091043,-0.08944441214351173,-0.16338430893285694,0.025639590787217885,0.3282451697952963,0.00706721729316806,1,-9.775161743164062e-07,20,8.802081263342569e-08,86
2020-04-08,254.12969970703125,37912826.0,43.349998474121094,0.011061974198852464,0.03438293002166026,0.0005651661704579869,69.07218077132944,-5.376346869603793,-8.37221267668902,0.03284696787899555,0.057944140942807865,-0.06922605888418121,-0.1288180985864299,0.02603514120335626,0.4177670810961298,-0.0070176222319732195,0,-9.775161743164062e-07,20,8.802081263342569e-08,86
2020-04-09,252.3463134765625,27620430.0,41.66999816894531,-0.03859152355057405,-0.023269874100592225,-0.000996799897791445,58.4415725839877,-4.521270584271889,-7.602024258205595,0.049723810532872115,0.0288810711612959,-0.04712896193709459,-0.12132208320178828,0.026080336756047155,0.4416397541814863,-0.012367448860088004,0,-9.775161743164062e-07,20,8.802081263342569e-08,86
2020-04-10,249.22543334960938,27252858.0,41.66999816894531,0.0,0.0,0.0,68.70233036179417,-4.048773669033494,-6.891374140371175,0.04235724538264485,0.010714345738460418,-0.028069428951924658,-0.13801636739010437,0.02597990446086772,0.4177670810961298,-0.003578041292241041,0,-9.775161743164062e-07,20,8.802081263342569e-08,86
2020-04-13,248.3336944580078,22196596.0,41.16999816894531,0.008690139687375531,0.013703978516880655,-0.0013636334513190684,60.18517432860283,-3.703579773301726,-6.253815266957286,0.029465945456432774,0.02380979692655938,-0.02684957552718148,-0.15757106307793967,0.025924481232462233,0.3759905159660093,0.02333958451217555,1,-9.775161743164062e-07,20,8.802081263342569e-08,86
2020-04-14,254.12969970703125,48809688.0,37.7599983215332,0.03856422145973726,0.044392955305417425,-0.0058615431026438625,57.84317212426081,-2.92856328500514,-5.588764870566857,0.01088922963130634,0.04112151840463518,0.017012154118600575,-0.1605853086000255,0.025917735219396432,0.3640535666540777,0.008771967746653786,1,0.0,20,0.0,86
2020-04-15,256.3589172363281,55216434.0,40.84000015258789,-0.01915860115748258,-0.028217421870062265,0.005728627296222477,57.42577411149022,-2.1101533754840602,-4.893042571550298,0.00706721729316806,0.04014632183158606,0.07375760269513432,-0.14099371846933417,0.026250057395226557,0.46070067878350374,-0.0034784781478052196,0,0.0,20,0.0,86
2020-04-16,255.46717834472656,47815280.0,40.11000061035156,0.05517529797051379,0.026069360612204218,-0.0038639359833286813,65.16852722777037,-1.516037564500067,-4.217641570140252,0.008771967746653786,0.058931953941760984,0.11650511503019678,-0.12430981183391177,0.02628954857784153,0.5241472786101137,0.0698079242053824,1,0.0,20,0.0,86
2020-04-17,273.3008117675781,116368201.0,38.150001525878906,0.024617987077728554,0.0087351597543881,0.0010700413736148828,83.05077715999431,0.3893405953815545,-3.296245137035891,0.012367388392436007,0.05524848227996193,0.15524181848755703,-0.1016100116495644,0.02597118697620686,0.5108769080656541,-0.008156532713172182,0,8.225440979003907e-07,20,-2.5505243345748544e-07,86
2020-04-20,271.0716247558594,41381669.0,43.83000183105469,-0.020487881830164034,-0.02232010742737056,0.003273526801443216,77.27270181639422,1.6998944280248338,-2.297017224023746,0.09660080873125088,0.12891318834880616,0.13518507098550203,-0.05214186541599719,0.028157397551516167,0.786605270648158,-0.029605149465661285,0,8.225440979003907e-07,20,-2.5505243345748544e-07,86
2020-04-21,263.0465087890625,61479357.0,45.40999984741211,-0.023198245070253254,-0.047296363965242616,-0.0001664445078075616,69.10563857419714,2.0671294114849275,-1.4241878969220114,0.09156200227873801,0.10344827157835979,0.19215690748326342,-0.05698471859739662,0.0281779325846932,0.7580363122040666,-0.0033902167037840325,0,0.0,20,0.0,86
2020-04-22,262.15472412109375,42192580.0,41.97999954223633,0.030757085191623013,0.05880282420629701,0.002197801639430619,67.99982696067653,2.26015257986802,-0.6873198015640052,0.035087630813363635,0.04240282001779194,0.10280395594008329,-0.08349526372865823,0.028521377470697034,0.6537385407629296,0.005102391235868087,1,0.0,20,0.0,86
2020-04-23,263.4923400878906,39474478.0,41.380001068115234,-0.0058543913408092285,-0.010373784999006208,-0.0013955281750928084,68.7498780083802,2.492329240996753,-0.051389993051853544,0.022608173521901254,0.03157845943749993,0.061371550332974145,-0.07233033875553851,0.02844076874943304,0.6398276249879502,-0.005076489002870832,0,0.0,20,0.0,86
2020-04-24,262.15472412109375,26008090.0,35.93000030517578,0.0017096866410326594,0.022761276197796665,-0.0066214582617247775,65.04045993156231,2.5391270124385983,0.46671340804623684,0.03141367041810339,0.04416956387343207,0.055357157590349315,-0.07338828464860014,0.028433793369947984,0.6606930465652934,0.013605716969143922,1,0.0,20,0.0,86
2020-04-27,265.7215270996094,38493406.0,33.290000915527344,0.01479215501017972,0.013203634347746629,0.007502962124291246,62.93088035102399,2.8313873044477305,0.9396481873265357,-0.04078322188067007,0.051877894634242194,0.07692289369702032,-0.06796166856865593,0.028400893095911827,0.6398276249879502,-0.005033442006311395,0,0.0,20,0.0,86
2020-04-28,264.384033203125,37395165.0,33.56999969482422,-0.014015669492243643,-0.006857857126278177,-0.005518812580219246,59.999892862754805,2.9214049739154007,1.3359995446443087,-0.01973684136459719,0.0700180162001407,0.11401878174660607,-0.04780629372181788,0.028472831508486417,0.6954660516196753,0.008431740382688568,1,0.0,20,0.0,86
2020-04-29,266.6132507324219,44059301.0,31.229999542236328,0.03260011748859237,0.04935183121504716,-0.0036104637197907907,63.79299662417529,3.136468592229562,1.6960933541613594,0.005084744976163291,0.040350787444030534,0.08211704497450256,-0.052599105521143774,0.028480078806032476,0.674602534212584,0.018394454547150607,1,0.0,20,0.0,86
2020-04-30,271.5174560546875,55126085.0,34.150001525878906,-0.024779705835440535,-0.03700161265680968,-0.005871536407224598,70.83313131405318,3.660441155451508,2.088962914419389,0.01700723351934963,0.03999990952778387,0.10128913629551062,-0.029250977067837525,0.02841585086255667,0.7093760153095289,0.0,0,8.702278137207031e-07,20,-1.9475471141726472e-07,86
2020-05-01,271.5174560546875,55126085.0,37.189998626708984,-0.038207973403091455,-0.05016055908491124,-0.0015187336337670887,72.03376041417415,4.029246540819713,2.477019639699454,0.030456733444774953,0.06282716164932456,0.12154674925636932,-0.03163372525475838,0.028372811358399794,0.7858765312206565,-0.031198536509265296,0,8.702278137207031e-07,20,-1.9475471141726472e-07,86
2020-05-04,263.0465087890625,71581861.0,35.970001220703125,0.020548044441173197,0.010277319486226899,0.010410700493712177,58.06446359915322,3.596534208556079,2.7009225534707793,0.03571452685044485,-0.006525248503130077,0.12154674925636932,-0.04069808313943335,0.028330422645123896,0.7858765312206565,0.0016948763200870243,1,0.0,20,0.0,86
2020-05-05,263.4923400878906,23547405.0,33.61000061035156,-0.008437462049186939,0.01697462850962239,-0.009467067273902785,56.666602020275775,3.252093320124402,2.811156706801504,-0.010066998860593257,-0.029605149465661285,0.07078052057065665,-0.07782006044153966,0.028685174435665574,0.734706362753367,0.0016922402140253645,1,0.0,20,0.0,86
2020-05-06,263.938232421875,34240479.0,34.119998931884766,0.008122277015977675,0.010802012429713015,0.0005065649895052982,57.98322421258342,2.980741091498601,2.8450735837409233,-0.003372719238870614,0.0016948763200870243,0.04416956387343207,-0.05279701936792114,0.028452018425163653,0.8119664270058249,0.0050673347572036676,1,0.0,20,0.0,86
2020-05-07,265.27569580078125,27621198.0,31.440000534057617,0.0038364461327595745,0.010060051946091386,0.012556953269218019,39.02448389819119,2.840866867485147,2.8442322404897684,-0.010033328438096123,0.006803265921530466,0.03859656201597583,-0.021689560989603063,0.02807515329704914,0.8205144181167566,0.0,0,0.0,20,0.0,86
2020-05-08,265.27569580078125,32295893.0,27.979999542236328,0.01108360226411187,0.02938086186833755,-0.00723402526357908,41.558503900260014,2.6989042490417887,2.8151666422001727,-0.02298843081620905,0.006768150118882987,0.051236660231295916,-0.02153631071108575,0.02807585479320449,0.846154296183124,0.011764666633074627,1,0.0,20,0.0,86
2020-05-11,268.3965759277344,28727019.0,27.56999969482422,-0.009638865574254418,-0.0007321015135849374,0.0020147570369026813,59.09079123812645,2.805882330200177,2.8133097798001736,-0.02298843081620905,0.011905075104600815,0.06440057997073212,-0.005336535155256339,0.02795962164476665,0.846154296183124,-0.01993344035846556,0,0.0,20,0.0,86
2020-05-12,263.0465087890625,52089788.0,33.040000915527344,-0.024809172169360627,-0.027655858750113893,0.0017426288709940785,51.31593642147432,2.430935216567491,2.7368348671536373,0.020338863888750947,0.010067113708563946,0.08079000923943935,0.033749349118268324,0.027689118358510754,0.9059832135029124,0.006779737312152756,1,-9.298324584960937e-07,20,1.3861545296602472e-07,86
2020-05-13,264.82989501953125,26156418.0,35.279998779296875,-0.0035225881369385093,-0.019516150875182547,-0.003479194796687679,51.94809581845448,2.2517346961625435,2.6398148329554187,-0.001692008574820103,-0.0050590211438180654,0.035087630813363635,0.02711757080217092,0.027788457384118333,0.8034196059710155,-0.013468394479523194,0,-9.298324584960937e-07,20,1.3861545296602472e-07,86
2020-05-14,261.2630615234375,34315948.0,32.61000061035156,0.023173675196831223,0.028068660502761578,0.003491341855103469,48.7805163084762,1.8011409075966753,2.4720800478836704,0.0033783002540952456,-0.006688923780012845,0.03304342940173233,0.08456978661975256,0.026761688956028883,0.8376080601863756,0.017065043753886844,1,-9.298324584960937e-07,20,1.3861545296602472e-07,86
2020-05-15,265.7215270996094,42494804.0,31.889999389648438,-0.044145789469111296,-0.021943033902561915,-0.0005352852794888729,50.0,1.7832468353653326,2.334313405380003,-0.015126279342066784,-0.03776698073211404,0.022687388713747092,0.10389772992926516,0.026371756521664482,0.7692299816795332,-0.026845483425542827,0,0.0,20,0.0,86
2020-05-18,258.5881042480469,84986065.0,29.299999237060547,0.04156613998614933,0.04800429405245166,0.0026108255379915235,43.298979257006366,1.1798573850837784,2.1034222013207584,0.0016806337930141968,-0.02134643215687293,-0.02773238988552429,0.1572815464298858,0.02595004360466588,0.8547011172179334,0.005172412775722668,1,-8.404254913330078e-07,20,2.2732934286428053e-07,86
2020-05-19,259.9256286621094,51250214.0,30.530000686645508,-0.020435662945404443,-0.003887740841200027,-0.00046738127608203506,42.10525936568277,0.8003677988330082,1.8428113208232084,-0.03654469750884015,-0.01694911124857712,-0.04605247974241411,0.16935488044439095,0.02560976874575986,0.6796129086280147,0.008575897153574319,1,-8.404254913330078e-07,20,2.2732934286428053e-07,86
2020-05-20,262.15472412109375,32677994.0,27.989999771118164,0.020271570417860207,0.036708541993264454,-0.003173053407098614,38.20214608514814,0.6717454781414745,1.6085981522868618,-0.011864366272413718,-0.013536300237766086,-0.011864366272413718,0.07962977246726011,0.021840603549051794,0.708739128672261,0.011905075104600815,1,-8.404254913330078e-07,20,2.2732934286428053e-07,86
2020-05-21,265.27569580078125,30997468.0,29.530000686645508,-0.02102634227807254,-0.027069941203277104,0.001172720664009086,42.70835710048371,0.8122841873395146,1.4493353592973923,-0.010101468711605222,-0.006757294251825252,0.0,0.15294090804159577,0.019867135563253556,0.6794857168933102,-0.01848731684611915,0,-8.404254913330078e-07,20,2.2732934286428053e-07,86
2020-05-22,260.3714599609375,40192923.0,28.15999984741211,-0.01871899927033327,0.006337437968355619,-0.00013385910961671854,46.590910858712746,0.5219149701442802,1.26385128146677,0.015358597782426209,0.0,0.006768150118882987,0.11214966543598481,0.018580665947774976,0.7692316467870908,0.0,0,-1.7523765563964843e-06,20,3.70103259419286e-07,86
2020-05-25,260.3714599609375,26803223.0,28.15999984741211,0.0,0.0,0.00642660819064389,45.97702777233592,0.2884699712574843,1.0687750194249128,-0.020134112569157092,-0.01848731684611915,-0.006802334637054042,0.05415174587336047,0.01811725932697294,0.6282065907989974,0.011986260427396145,1,-1.7523765563964843e-06,20,3.70103259419286e-07,86
2020-05-26,263.4923400878906,33856481.0,28.010000228881836,0.02048178728395822,0.010098124396018537,-0.000997761269583175,49.46230386106382,0.35124315922269034,0.9252686473844683,0.006896511028906316,-0.02990021738935167,-0.020134112569157092,0.042857199607271745,0.018056950305597994,0.6282065907989974,0.0033841329692427813,1,-1.7523765563964843e-06,20,3.70103259419286e-07,86
2020-05-27,264.384033203125,23375959.0,27.6200008392334,0.01810324202405611,0.014721176310134698,-0.0020973342139216644,48.91306935702275,0.4675538751204158,0.8337256929316579,0.013722045971918284,0.0016948763200870243,-0.003372719238870614,0.08241777563152564,0.017647434368207274,0.7179498880238133,-0.00843208666961548,0,-1.7523765563964843e-06,20,3.70103259419286e-07,86
2020-05-28,262.15472412109375,28444568.0,28.59000015258789,-0.028218142130048807,-0.023087637192063748,0.0016680312401748942,46.39167037138966,0.375515633167538,0.7420836809788339,0.008503791375514158,-0.0016835781186008703,-0.008361240572900663,0.10841143281474275,0.017295997280446413,0.7142868318288292,-0.006802334637054042,0,-1.7523765563964843e-06,20,3.70103259419286e-07,86
2020-05-29,260.3714599609375,79774181.0,27.510000228881836,0.000994295819876756,0.02650358247470619,-0.0038301339743295193,40.42557994406089,0.1568718281700967,0.6250413104170865,-0.011765011756038612,0.003412891942921048,-0.034482983413442025,0.07299254026460944,0.017029682461720385,0.6428548728476905,0.011986260427396145,1,-1.7523765563964843e-06,20,3.70103259419286e-07,86
2020-06-01,263.4923400878906,35811214.0,28.229999542236328,0.013908331869330937,-0.004993279342270451,0.0011367568339006873,50.561783926419345,0.2327410870524318,0.5465812657441557,0.0,-0.020134112569157092,-0.041050753258033756,0.07550641038529626,0.01699703714896,0.5857151727641332,0.0033841329692427813,1,-1.7523765563964843e-06,20,3.70103259419286e-07,86
2020-06-02,264.384033203125,24771587.0,26.84000015258789,0.0192044119783068,0.02179317080691412,-0.0037069215913086984,49.42526203487923,0.36066270833737235,0.509397554262799,0.011986260427396145,0.0189654348335353,0.0016948763200870243,0.08839771031150834,0.017065300297371532,0.6857150260865994,0.015176948002478596,1,-1.7523765563964843e-06,20,3.70103259419286e-07,86
2020-06-03,268.3965759277344,65176337.0,25.65999984741211,0.020188442600394874,0.02870322210372156,0.0012770853989403363,59.09099041006706,0.7768649627791433,0.5628910359660679,0.0033841329692427813,0.017152616169340273,0.0033841329692427813,0.09208099288662197,0.017062846602676235,0.6774209574531508,0.016611598260293903,1,-9.119510650634766e-07,20,1.4277391655500544e-07,86
2020-06-04,272.8550720214844,46572451.0,25.809999465942383,0.022992913040025487,0.00825819250978821,-0.00043853994803289,59.09102223051913,1.4497596942474047,0.7402647676223353,0.015176948002478596,0.02380980097752272,0.016891616894415096,0.0925589798332691,0.017070913739448385,0.8035722034291931,0.01797377561468827,1,0.0,20,0.0,86
2020-06-05,277.7593078613281,42981262.0,24.520000457763672,0.016949041576090007,0.025743952974305984,-0.00042870308660469814,75.9036561892305,2.351656035821236,1.0625430212621154,0.04081691808631294,0.028571694809143455,0.028571694809143455,0.08127227325960784,0.016768124591055436,0.9821469278744931,0.020866731702729346,1,8.672475814819336e-07,20,-2.1138856577318769e-07,86
2020-06-08,283.55523681640625,50302921.0,25.809999465942383,0.006702614643573579,-0.0025651847643365366,-0.004429531144951149,78.49465689532461,3.493823786623807,1.5487991743344538,0.06678092868933971,0.06678092868933971,0.04705901165526272,0.09298247383732727,0.01693220081174729,1.0,0.0031447969109097418,1,8.672475814819336e-07,20,-2.1138856577318769e-07,86
2020-06-09,284.44696044921875,36417082.0,27.56999969482422,0.018715286971692446,-0.0002651976354534069,-0.0021202748538675653,77.77789608501084,4.420003553128026,2.1230400500931683,0.07614223898054662,0.08904116011388852,0.05647859268053157,0.12367497234209601,0.01710545123649927,1.0,0.01097153257277994,1,8.672475814819336e-07,20,-2.1138856577318769e-07,86
2020-06-10,287.5677795410156,39984259.0,27.56999969482422,0.016604928754721193,0.003288174442474423,-0.0018549850213626096,77.7778115799729,5.344226790012499,2.767277398077035,0.07588554801522185,0.07952648776939197,0.0813561516504191,0.14132396772764833,0.01693389947328814,1.0,-0.006201726601267277,0,8.672475814819336e-07,20,-2.1138856577318769e-07,86
2020-06-11,285.78436279296875,50104255.0,40.790000915527344,-0.04361431243695424,-0.0638512255532534,-0.001419152487548092,84.33722917161481,5.865163582143168,3.3868546348902617,0.07142864452355413,0.08768966134985412,0.08585845083617705,0.1579893746140122,0.01693878291169755,1.0,-0.014040455836683341,0,8.672475814819336e-07,20,-2.1138856577318769e-07,86
2020-06-12,281.7718200683594,45992918.0,36.09000015258789,0.017442070948459953,0.01448847468962855,-0.0009474462290381958,76.08691285129596,5.886376594161106,3.8867590267444307,0.0473851949157329,0.09013623062142528,0.09385674777959951,0.12456105336145273,0.016712519664870286,0.9444428863764383,-0.020569800020556528,0,8.672475814819336e-07,20,-2.1138856577318769e-07,86
2020-06-15,275.975830078125,51032404.0,34.400001525878906,0.0003569582263687199,0.0142658479018698,0.0034919500196484154,64.28560951640583,5.373557084764343,4.184118638348413,0.014446004484697683,0.08219165076937585,0.06040268225138323,0.09913016916280704,0.01688792237013911,0.819443896479849,0.0177706372186055,1,0.0,20,0.0,86
2020-06-16,280.8800964355469,36608216.0,33.66999816894531,-0.0039271784127076215,0.01795947792359409,-0.004998629749581873,67.28961918524874,5.301761827170708,4.407647276112872,-0.02672991274426262,0.04737705083218113,0.06724101203587929,0.08027900831050849,0.01723513838336703,0.5999972620223545,0.0,0,0.0,20,0.0,86
2020-06-17,280.8800964355469,34522968.0,33.470001220703125,0.014336938759015982,0.009355501221764984,0.00016964274738429097,70.58828266397164,5.1850930432763676,4.563136429545572,-0.01253964538077268,0.062394324772812704,0.08061716684612619,0.027732389885524178,0.013760717256843665,0.7692285010836073,0.006400344898058741,1,0.0,20,0.0,86
2020-06-18,282.6778259277344,29044474.0,32.939998626708984,-0.0005340593051742504,-0.0019857775359438667,0.00016954928482681986,74.5177358490566,5.178005117456337,4.686110167127725,-0.023256023731667352,0.04651147453972615,0.07142870446921101,0.03618405906011546,0.013689406238703504,0.7692285010836073,0.0,0,0.0,20,0.0,86
2020-06-19,282.6778259277344,48130280.0,35.119998931884766,-0.014959706522497562,-0.006741935159725432,0.0035266223248529016,72.64074159439915,5.113443293894193,4.771576792481019,-0.010870212893645426,0.035999894865346604,0.0656001676837441,0.07463059376474845,0.01283044497898263,0.8312626499832562,-0.007949443293902791,0,0.0,20,0.0,86
2020-06-22,280.4306945800781,37374616.0,31.770000457763672,0.012474903171510343,0.008424867911656087,-0.0003379140679948822,68.3496012981801,4.82532946942257,4.7823273278693295,0.0032153884627468265,0.017707842463597467,0.08567131731774058,0.07828621771149402,0.012807666006907347,0.8312626499832562,0.009615467279737278,1,0.0,20,0.0,86
2020-06-23,283.1271667480469,41300084.0,31.3700008392334,0.013571516305211029,0.002203329274293564,-0.005036511955486267,67.3673946677221,4.759712948327774,4.7778044519610186,0.016142227022895472,-0.011019166041187134,0.07704083474490653,0.06428404896528495,0.012885593534208756,0.7537210169270202,0.007936503659224936,1,0.0,20,0.0,86
2020-06-24,285.37420654296875,54147024.0,33.84000015258789,-0.0031711682918682538,-0.021849009708241773,0.0038389968337428915,65.57211021990076,4.833313287824751,4.788906219133765,0.008000105173047167,-0.004639858689604481,0.07451763741445716,0.0800002467903862,0.01290028782224654,0.846768028003193,0.0,0,0.0,20,0.0,86
2020-06-25,285.37420654296875,54147024.0,32.220001220703125,0.008130001652822516,0.008614925463842793,-0.005178011242434777,60.78809632307609,4.8358968781676595,4.798304350940544,0.0160001016962521,-0.007628020780172329,0.07939274201069879,0.07395968124175467,0.012804289288796981,0.9243065018544533,0.0,0,0.0,20,0.0,86
2020-06-26,285.37420654296875,54147024.0,34.72999954223633,-0.012447340383866745,-0.01995359828077592,-0.0005103349808966984,53.08329936413805,4.782811122702242,4.795205705292884,0.00953870579124838,-0.0014351948650778157,0.08857167270100197,0.07939274201069879,0.012762442755218309,0.9243065018544533,-0.017322910934300828,0,0.0,20,0.0,86
2020-06-29,280.4306945800781,56580892.0,31.780000686645508,0.001065125157424296,0.011436469762617918,0.004833226767204435,44.014314160157404,4.2923605181303515,4.694636667860378,0.00953870579124838,0.012784764898545964,0.09602721659963165,0.07036767962210444,0.012723457177680112,0.9243065018544533,0.003205409682481175,1,0.0,20,0.0,86
2020-06-30,281.32958984375,48991860.0,30.43000030517578,0.006738788952654673,0.02702809626643443,-0.00374291818790895,40.04342815504377,3.9308953017571753,4.541888394639738,0.0,0.016142227022895472,0.06428404896528495,0.0328274971889666,0.01277394336230354,0.7537210169270202,0.014376790942840723,1,0.0,20,0.0,86
2020-07-01,285.37420654296875,29532342.0,28.6200008392334,0.0008806755623331775,-0.01475624702075884,-0.0005270394861978112,49.38943393620675,3.9255470164821986,4.418620119008231,-0.006349008909825038,0.0016003035241989316,0.0640944781548356,0.03613813244878883,0.012778319582946382,0.7847391444451699,0.014173135217067534,1,0.0,20,0.0,86
2020-07-02,289.4188537597656,34526178.0,27.68000030517578,0.031678936326779095,0.01353852359822505,0.0010783825818503345,61.372643350549616,4.199271106378944,4.374750316482373,0.0,0.0160001016962521,0.06325576455865667,0.08488117883294488,0.01188790399174365,0.9243065018544533,0.023292126039298866,1,0.0,20,0.0,86
2020-07-03,296.1600341796875,53341987.0,27.68000030517578,0.0,0.0,0.00014952759779074398,79.19704549186768,4.903630342999747,4.480526321785848,0.014173135217067534,0.02384703437529123,0.06070541997099843,0.09839570161025146,0.012034834639314405,1.0,0.025796603909992166,1,0.0,20,0.0,86
2020-07-06,303.7999572753906,57256220.0,27.940000534057617,0.05561263643984904,0.02668529633834371,0.0006421532072957703,80.72272892388348,6.009049475131974,4.786230952455074,0.03779538370821456,0.0476946085449228,0.06624701962299673,0.12208084240827088,0.012461820294323125,1.0,0.0014794698941236195,1,0.0,20,0.0,86
2020-07-07,304.2494201660156,59046323.0,29.43000030517578,-0.018907699887215412,-0.01321081990435291,-0.0015924686833057589,80.9522462191151,6.842493989016134,5.197483559767286,0.08333346936328079,0.08333346936328079,0.07139603798639138,0.14522348667606777,0.012953694463890829,1.0,0.007385418437667601,1,0.0,20,0.0,86
2020-07-08,306.4964294433594,30720218.0,28.079999923706055,0.030966903880252694,0.014848220314377825,0.0025472526755430103,81.17627227509999,7.596749046360003,5.67733665708583,0.0814696752481503,0.07460341464429421,0.06961740665297822,0.14691781034664841,0.012946467399201406,1.0,0.011730137828547038,1,0.0,20,0.0,86
2020-07-09,310.0916748046875,35522376.0,29.260000228881836,0.03498954756336681,0.01315274022766344,-0.004708425215486645,82.79550185718885,8.38791717941217,6.219452761551098,0.0740158795578123,0.0740158795578123,0.06582326411031025,0.14195357516737972,0.012894583751050182,1.0,0.010144980594590125,1,0.0,20,0.0,86
2020-07-10,313.237548828125,60902108.0,27.290000915527344,-0.014356249871569693,-0.0033369600805055466,-0.0003476629450652746,88.42102855411,9.16314236610151,6.808190682461181,0.07142872959507152,0.0866142338550735,0.0850547306863243,0.17884733096134964,0.01242328509465206,1.0,0.017216592713603207,1,0.0,20,0.0,86
2020-07-13,318.63043212890625,48069523.0,32.189998626708984,0.01910735490877058,-0.01722398105182199,0.00453458644773197,89.10887760707138,10.096290768657127,7.465810699700371,0.05766313032661308,0.0976379141713386,0.11167095684774964,0.18278772419187672,0.012452464235069308,1.0,0.025387989252249055,1,0.0,20,0.0,86
2020-07-14,326.7198181152344,61764150.0,29.520000457763672,0.029045563088601956,0.017525845889337033,-0.0002375850944679181,90.35085367982077,11.357639644000017,8.244176488560301,0.048816579786652214,0.1362181041060042,0.15455919469000712,0.21957704342495576,0.012296913980920698,1.0,-0.0013754961607815863,0,0.0,20,0.0,86
2020-07-15,326.2704162597656,73438362.0,27.760000228881836,-0.013440776429913703,-0.0027153078725055124,-0.0023187210973315553,89.56520660849581,12.180594430866563,9.031460077021555,0.07385518742141772,0.16134182080418213,0.16320032021281472,0.22955720479793484,0.012563374566793843,1.0,-0.015151578925116982,0,0.0,20,0.0,86
2020-07-16,321.326904296875,68220512.0,28.0,0.008022957279101739,-0.003996763983706408,0.003038691639421387,81.74600351602204,12.292195153669695,9.683607092351183,0.06451620611802422,0.1433073094173951,0.16160034263814205,0.26173791794689616,0.011563140929727819,0.9932718420696739,0.026573332928112592,1,0.0,20,0.0,86
2020-07-17,329.8656311035156,65727485.0,25.68000030517578,-0.0028533152424305985,0.006357284746506542,-0.00383689163183365,91.04476023582663,12.920701617322493,10.331025997345446,0.036231961078168506,0.11024869362379164,0.1367248323857604,0.2362263234711044,0.011999200904307195,0.918718202403474,-0.002724757071328354,0,0.0,20,0.0,86
2020-07-20,328.9668273925781,42769238.0,24.459999084472656,0.0073795029953303,0.020048420081554497,0.0030684358830124214,89.552229729627,13.194177307148607,10.903656259306079,0.05308457538886735,0.11380872850446155,0.1669313998044002,0.258286045423866,0.01243850295591802,1.0,0.046448263082484065,1,0.0,20,0.0,86
2020-07-21,344.24676513671875,64219128.0,24.84000015258789,0.01375404251392176,-0.006576678656970314,-0.0002376576821485621,91.19497580579721,14.47699030518146,11.618323068481155,0.03244007546488881,0.08284026878375772,0.17307710514777597,0.2400941081297856,0.012461323440032486,0.987066487790847,0.0026109285604485333,1,0.0,20,0.0,86
2020-07-22,345.14556884765625,43759670.0,24.31999969482422,0.01061782332113892,0.0042162956893943004,-0.0015281718179933623,90.78948367730871,15.388762718698729,12.372410998524671,0.05364519092411646,0.13146235397549266,0.21587330912353542,0.3221370928609639,0.013439126742104526,1.0,-0.006510588670109674,0,0.0,20,0.0,86
2020-07-23,342.8984680175781,45209282.0,26.079999923706055,-0.01692679833751687,-0.016367184877364993,0.0010101124117392057,86.61964253691195,15.748487902745069,13.04762637936875,0.057851253583661943,0.1260998031020757,0.2094490704985552,0.3255890983575429,0.01341311605190761,1.0,0.011795821983380916,1,0.0,20,0.0,86
2020-07-24,346.9432373046875,86682734.0,25.84000015258789,0.09692731809953026,-0.015577246518293175,-0.0001698563388655705,85.82084295544715,16.173513583773058,13.672803820249612,0.06713276551773917,0.10579707834321606,0.20157484508309254,0.30136028965092776,0.013542403726959118,0.9734930763698045,0.09974081323388306,1,0.0,20,0.0,86
2020-07-27,381.5476379394531,99333798.0,24.739999771118164,0.12652254522717055,0.03232934429755341,0.0008257677922818285,90.95232736665515,19.08266237500112,14.754775531199915,0.05177140202221531,0.10760424030471838,0.21574840805540108,0.3122700077660614,0.013559205971608226,1.0,0.024734788166864696,1,0.0,20,0.0,86
2020-07-28,390.9851379394531,166307746.0,25.440000534057617,-0.07603614368009681,-0.021011019747755433,-0.009201721723594014,91.59286637585235,21.897292768413422,16.183278978642615,0.15983620890785688,0.19746138305173844,0.3605773023911998,0.45542919059970766,0.01957651028444092,1.0,-0.029884869426242244,0,0.0,20,0.0,86
2020-07-29,379.30059814453125,85663166.0,24.100000381469727,0.0747528316095154,0.022277299873758816,0.004523645239955965,81.55739347366523,22.920845682535685,17.53079231942123,0.13576996949897868,0.19669856635862937,0.389776092008685,0.5016436056321651,0.019554293559760717,1.0,0.028435853085247542,1,0.0,20,0.0,86
2020-07-30,390.0863342285156,69293949.0,24.760000228881836,-0.03314354284650778,0.019584104374374522,-0.0018081159921993217,82.75862427830185,24.321968984544355,18.889027652445858,0.09895833057022574,0.16253444762992175,0.3291341314248035,0.4395128071579295,0.020490625079229812,0.9077058622888224,-0.01958521082470832,0,0.0,20,0.0,86
2020-07-31,382.4464111328125,49897674.0,24.459999084472656,-0.013011758243305471,-0.005187370010225845,-0.003383606006801876,76.69174429498847,24.533089170967457,20.01783995615018,0.13761468951362743,0.21398590971428133,0.3478262703379713,0.47545345118785654,0.020689506782154303,0.992668127464848,-0.022326596767763607,0,0.0,20,0.0,86
2020-08-03,373.9076843261719,76429571.0,24.280000686645508,0.0007606402877253782,0.01912559345015019,0.0051440198667760395,69.6629410660613,23.737765364689835,20.761825037858113,0.10233136147555433,0.15940060155220115,0.29135050984216515,0.4249302913453932,0.021147376244441206,0.927717581969606,0.022836457137885402,1,0.0,20,0.0,86
2020-08-04,382.4464111328125,41223445.0,23.760000228881836,0.015706532821972985,0.01494533924161856,-0.0021153284130982497,71.92983501172871,23.52528457380896,21.314516945048283,-0.02002359038190038,0.13661212375058973,0.2307693775849664,0.37035269880096156,0.021638924909444426,0.851512421639192,0.008225659679010677,1,0.0,20,0.0,86
2020-08-05,385.59228515625,47223834.0,22.989999771118164,0.017957107504170677,-0.001018187056959885,0.0005812431220704184,75.44487030154227,23.341669522153097,21.719947460469246,-0.021839006085092927,0.11096588222382464,0.2570160722874284,0.3768986324078458,0.021707851520066847,0.925756210819596,0.013985893885345213,1,0.0,20,0.0,86
2020-08-06,390.9851379394531,41029627.0,22.649999618530273,-0.013598013509738771,-0.0011868837621428208,0.002497900058970437,74.81754538316957,23.36200872624346,22.04835971362409,0.01658760108076951,0.1171874129621131,0.25806452576475314,0.35984892920849054,0.02161063569068748,0.953109423198116,-0.004597636194942467,0,0.0,20,0.0,86
2020-08-07,389.1875305175781,36589460.0,22.209999084472656,-0.006085640585483998,-0.011827911270790414,0.0010566511420713187,74.27539619351111,22.96831139976871,22.232350050853015,0.0023041148383602383,0.1402358844000724,0.2608695095916931,0.3745449672655379,0.021621277241018737,1.0,0.005773668524100772,1,0.0,20,0.0,86
2020-08-10,391.4345703125,36067500.0,22.1299991607666,-0.001998920994032982,0.00033962264573772494,0.0017671278755686526,71.25507853760111,22.577362977769212,22.301352636236256,0.017626311003411832,0.12176139688173682,0.24246767979635564,0.3533766931008644,0.021699330078519884,0.9843698961822946,-0.014925317279937289,0,0.0,20,0.0,86
2020-08-11,385.59228515625,34545313.0,24.030000686645508,-0.024164327309943223,-0.011382848909040066,-0.0036708406706819074,67.44188617328103,21.547721233222376,22.15062635563348,0.04687490180340581,0.02591270758860209,0.22849084971940115,0.3696850537482612,0.021593943133887322,1.0,-0.02331024524720371,0,0.0,20,0.0,86
2020-08-12,376.6040344238281,52143474.0,22.280000686645508,0.018604164008703128,0.03361345204293675,0.00017060922328293593,63.73626701636317,19.77845232954411,21.67619155041561,0.008225659679010677,-0.0137929866378661,0.18019251902329114,0.3684558131565576,0.02161613068777844,0.9493993686022342,0.02386658110599682,1,0.0,20,0.0,86
2020-08-13,385.59228515625,44352335.0,22.1299991607666,-0.013730119941520846,-0.01113947383738556,-0.0007436044165027855,65.14084810135057,18.883888975350715,21.11773103540263,-0.02331024524720371,-0.007109305215689643,0.15426963541796734,0.3646268744520731,0.021707542791676113,0.8663962335475446,-0.004662017391568574,0,0.0,20,0.0,86
2020-08-14,383.7946472167969,23419955.0,22.049999237060547,0.0014055335374847377,-0.0007264104228865698,0.0014575205704610017,51.18481963321602,17.82441791948378,20.459068412218862,-0.0137929866378661,-0.011520652424683475,0.19999999999999996,0.3728003160406608,0.021797039365532338,0.9473686380975291,0.018735255363252934,1,0.0,20,0.0,86
2020-08-17,390.9851379394531,34137731.0,21.350000381469727,0.022701074756535045,0.012177356570811648,0.001469051587654313,50.0,17.364821133708972,19.840218956516885,-0.013856773092419727,0.0035252941189614084,0.16348782967437336,0.3664002970921283,0.021849524799933018,0.931174267156947,-0.004597636194942467,0,0.0,20,0.0,86
2020-08-18,389.1875305175781,41643160.0,21.510000228881836,-0.009727176764367185,-0.0058134927963170435,-0.0015758249305566352,55.97823900703383,16.66344959970496,19.204865085154502,-0.0011481672982742719,0.045672914275770804,0.1885245118434522,0.3831475343220134,0.021914614665857906,0.9959512010722018,-0.012702055070310636,0,0.0,20,0.0,86
2020-08-19,384.2440490722656,31486800.0,22.540000915527344,-0.010955842848259012,-0.006271794826003485,0.0006477093669163825,46.198842020824564,15.529693329851227,18.469830734093847,0.009323955638457004,0.017626311003411832,0.1305481123780814,0.37678832515526905,0.021966871285120898,0.9797571050551566,-0.029239747503536084,0,0.0,20,0.0,86
2020-08-20,373.00885009765625,75097235.0,22.719999313354492,-0.02202672896102953,-0.008965035098466245,0.0020882610800023738,44.13408245099565,13.568190997035686,17.489502786682216,0.02028659799177679,-0.0034965328298465215,0.11328113049559985,0.37019255202302115,0.022062387503947595,0.9352227911612083,0.022891649459688024,1,0.0,20,0.0,86
2020-08-21,381.5476379394531,41609467.0,22.540000915527344,0.01991877968116529,0.00792742854456363,-0.003229576404692014,54.74861076968367,12.557935025690654,16.503189234483905,-0.032634042596300095,-0.0459769083206959,0.08781136367904274,0.3174604697315908,0.02278538645439186,0.8340083164369909,0.008244876066512141,1,0.0,20,0.0,86
2020-08-24,384.6934509277344,48375406.0,22.3700008392334,0.007148544374288246,0.009570918977028997,0.0024215086431433885,51.49700501407528,11.874261611016095,15.577403709790344,-0.005854717603902548,-0.01963036320296474,0.09974081323388306,0.3370081429626457,0.022919517045486455,0.9109316471356405,0.015186938222469637,1,0.0,20,0.0,86
2020-08-25,390.5357666015625,35977899.0,22.030000686645508,0.014448522203301284,0.010674173371438833,-0.003470307639783954,53.17918507917543,11.669354498160317,14.79579386746434,-0.016091882788376144,-0.017221573913065225,0.008244876066512141,0.3480316094012903,0.02289173548335921,0.9392713151654696,0.017261130589518947,1,0.0,20,0.0,86
2020-08-26,397.27685546875,39243340.0,23.270000457763672,0.02136441836443903,0.003196491260913925,0.0,53.977273823381545,11.913581319394666,14.219351357850407,0.0034642324798828117,0.012820488468303415,-0.0011493309956968067,0.3685040821752039,0.022892182539441232,0.9919029519914774,0.004525053372385068,1,0.0,20,0.0,86
2020-08-27,399.0745544433594,53072712.0,24.469999313354492,-0.014067373732039923,-0.013367557265739571,-0.0002833998289702988,56.25001929149291,12.112565997032675,13.797994285686862,0.03391804356619521,0.05489272327246719,0.04739316893291301,0.41666680269661405,0.022588416350504043,1.0,-0.02027043922955596,0,0.0,20,0.0,86
2020-08-28,390.9851379394531,56842210.0,22.959999084472656,-0.0019847846376335188,0.01981397300602805,0.0014172705601938063,49.7354360481723,11.48512115444845,13.33541965943918,0.06987958687542917,0.034965090864424564,0.02304161778089453,0.4185303247518497,0.02258168900228717,1.0,-0.019540031881544184,0,0.0,20,0.0,86
2020-08-31,383.34527587890625,81480538.0,26.40999984741211,-0.014793959843027116,-0.001638574078245525,0.00028301392199536757,48.7046832657674,10.253201057514673,12.71897593905428,0.024734788166864696,0.018735255363252934,0.022326596767763496,0.3700787561562,0.02299463994746003,0.926228947027133,0.019929454049044226,1,0.0,20,0.0,86
2020-09-01,390.9851379394531,37429577.0,26.1200008392334,0.029022175824401808,0.019575921987496914,-0.0008011365214014576,58.42108122365508,9.780623584034515,12.131305468050328,-0.0035045438012444308,-0.019540031881544184,0.02524043219315497,0.32453456607600617,0.023351560397383654,0.8471617170817688,-0.004597636194942467,0,0.0,20,0.0,86
2020-09-02,389.1875305175781,34871407.0,26.56999969482422,0.0076028863883153,0.02842043231286029,-0.0001535875080771465,52.29884227595318,9.155511597266184,11.5361466938935,0.0011506534774037291,0.004618872088436143,0.022326596767763496,0.3201819719612571,0.02329995428966593,0.9150936687809381,0.006928543373321272,1,0.0,20,0.0,86
2020-09-03,391.884033203125,34951617.0,33.599998474121094,-0.012048197696779561,-0.05735849390884484,-0.0003617020708793772,55.11366771239702,8.77652080651103,10.984221516417007,-0.020361933598239013,0.012865473017079188,0.009323955638457004,0.28106512590712707,0.023170178476546087,0.8957341426286435,-0.01605512731776393,0,0.0,20,0.0,86
2020-09-04,385.59228515625,46119911.0,30.75,-0.027962748888535338,-0.009623002192231445,-0.00047454355135168047,46.55175172565593,7.877667541564563,10.362910721446518,-0.01801798977202118,0.05060250742181349,0.0022990522565875526,0.28803543155247757,0.023158525803935664,0.9223302347046414,-0.006993065659693043,0,0.0,20,0.0,86
2020-09-07,382.89581298828125,32019312.0,30.75,0.0,0.0,0.0015369403779441626,46.02272617661845,6.868560593616849,9.664040695880585,-0.0137929866378661,0.010600634926322572,-0.009237822590427935,0.25806452576475314,0.023412783034130486,0.8484846822011591,0.011737002390264317,1,0.0,20,0.0,86
2020-09-08,387.3898620605469,23714670.0,31.459999084472656,-0.02014956921104194,-0.04705493845427,-0.0006410731314451246,51.99997206146787,6.35817518325598,9.002867593355665,-0.0011724753607423866,-0.004672910170729239,-0.021814009215900043,0.23478262752281154,0.02347414927689086,0.8115178722845998,-0.009280611590161025,0,0.0,20,0.0,86
2020-09-09,383.7946472167969,40551362.0,28.809999465942383,0.026901427833903258,0.028929008632412767,-0.001986024153943222,57.59494296524019,5.599044971839305,8.322103069052394,-0.009195428495962443,-0.008055355770333783,0.004661859102208066,0.236728685656743,0.023483453813819784,0.8547477174635896,0.018735255363252934,1,0.0,20,0.0,86
2020-09-10,390.9851379394531,35098921.0,29.709999084472656,-0.006297353643328396,-0.014670874742016782,0.0011625259695036139,56.77415426026414,5.514078453911736,7.760498146024263,-0.013856773092419727,-0.03393655599706502,0.019093297298234724,0.2045134692643782,0.023512344410971324,0.8034679222102067,0.0034480710401292303,1,0.0,20,0.0,86
2020-09-11,392.3332824707031,34298469.0,26.8700008392334,-0.001013987405948602,-0.0006595216018734362,-0.0004234716506867908,55.62907325426821,5.492215036901143,7.30684152419964,-0.0022937787394006204,-0.02027043922955596,0.013985893885345213,0.19669856635862937,0.02339169402830736,0.8959529131920388,0.010309679303253327,1,0.0,20,0.0,86
2020-09-14,396.37811279296875,39085833.0,25.850000381469727,0.02131449660247542,0.02124158283595623,0.00045779859416406055,54.42179981817778,5.735160761111729,6.992505371582058,0.017482189281150973,0.0034480710401292303,0.022247926894829684,0.20247887310242807,0.023373753439559018,0.9132929167639792,0.009070318877026695,1,0.0,20,0.0,86
2020-09-15,399.973388671875,39061449.0,25.59000015258789,0.06645956758329019,0.01716050941045033,-0.005429970595095757,52.14292297021346,6.146947529552847,6.8233938031762165,0.03521140568100223,0.03399764581468179,0.013793298850021118,0.233566525219294,0.023176754742466332,0.9615385954755385,0.029213292998618634,1,0.0,20,0.0,86
2020-09-16,411.6579284667969,64261238.0,26.040000915527344,-0.03168303116533078,-0.010656997809193158,0.002472290132864652,58.641950468678864,7.331621847105339,6.925039411962041,0.03248284956244252,0.022988727345983673,0.027713781425506623,0.21253428959490095,0.022940434224125925,1.0,-0.015367619460506465,0,0.0,20,0.0,86
2020-09-17,405.33172607421875,42058506.0,26.459999084472656,-0.009588654975723032,-0.0006331639113917875,-0.0005137657066356383,60.09742833025111,7.671579918177429,7.074347513205119,0.07259945247298005,0.05773668524100839,0.07134496802415136,0.2513660776365696,0.02321100468476856,1.0,-0.010033346107600538,0,0.0,20,0.0,86
2020-09-18,401.264892578125,52454922.0,25.829999923706055,-0.020510541856665565,-0.015121998549498694,-0.0019842177687499074,63.28013048764601,7.52608365601651,7.164694741767398,0.03669343599701547,0.034315490634249546,0.08665444792556576,0.1774452721821218,0.022507459379837207,0.907995171119031,-0.009009215244031199,0,0.0,20,0.0,86
2020-09-21,397.6498107910156,39463920.0,27.780000686645508,0.004487269009215256,-0.003095804891760423,-0.004021058439251712,55.25248929722449,7.037940930212017,7.139343979456322,0.022765364312646197,0.04064554200176529,0.05167704548023111,0.16259610087950827,0.0226126942593266,0.8488493682066122,-0.00681808989877275,0,0.0,20,0.0,86
2020-09-22,394.9385986328125,36130639.0,26.860000610351562,-0.0013649042830417013,0.012059704455984477,-0.0012514653639484896,54.46812627054628,6.359009438055921,6.983277071176242,0.003208295203501965,0.038532669468459124,0.033679699594665324,0.15967217086146546,0.022643845354662066,0.7835403766249751,-0.00800905747994718,0,0.0,20,0.0,86
2020-09-23,391.7755126953125,45710963.0,28.579999923706055,-0.03180924399410312,-0.024570495316810215,0.0022196555662379325,49.916294984384166,5.502289767556931,6.68707961045238,-0.012587812543681243,0.01948614899758483,0.011273825364481738,0.1383377917984181,0.022665218684811243,0.567406765193813,-0.024221550589279994,0,0.0,20,0.0,86
2020-09-24,382.2861022949219,79806381.0,28.510000228881836,0.005903617778064696,0.009747533039556444,0.0054868544509025785,47.56972812234875,4.011376492148429,6.15193898679159,-0.048298391447325284,0.020794624251253335,-0.013847629676152273,0.02680628508433447,0.016835007876328283,0.4855655914589803,0.002364060720932315,1,0.0,20,0.0,86
2020-09-25,383.1898498535156,38775269.0,26.3799991607666,0.006379370426793374,0.014165914037466809,0.002459495230795472,50.22198793362526,2.8696621757230787,5.495483624577888,-0.05685620516928669,-0.022249018697683476,-0.042068460545810815,-0.022249018697683476,0.016829964026099636,0.24003812222009027,0.017688797673530487,1,0.0,20,0.0,86
2020-09-28,389.968017578125,34156973.0,26.190000534057617,0.01128305327132817,0.027458308357901418,-0.0004202618345940934,51.88152920545085,2.483162490734969,4.893019397809304,-0.04504516357879529,-0.02330526882554318,-0.019937556007933677,0.01025374525642686,0.016174733153008363,0.263421540317722,-0.0011590587669636498,0,0.0,20,0.0,86
2020-09-29,389.5160217285156,32230502.0,26.270000457763672,0.009276306093905617,0.002180925969952341,-0.005189429465959572,54.37621264493384,2.1159945502115534,4.337614428289754,-0.019317985333904164,-0.016171667930090283,0.01727617924607161,-0.0003033088832107289,0.01580059573025282,0.43879875526371687,0.004640518108401714,1,0.0,20,0.0,86
2020-09-30,391.3235778808594,27334204.0,26.3700008392334,0.006955838597561881,0.0007135265871938135,-0.00721652883396573,50.28209871267343,1.9484059759119532,3.859772737814194,-0.013730177103652541,-0.026145156751761434,-0.0037574732857620363,0.01848523189108464,0.015493087130220955,0.4271038877873873,0.0,0,0.0,20,0.0,86
2020-10-01,391.3235778808594,27334204.0,26.700000762939453,0.019119296822623033,0.021233222757910397,0.0007615530268019199,49.13903472797598,1.7949003296554338,3.446798256182442,-0.0011535555434384337,-0.04939623211357047,0.005488478421804777,0.04657805732469256,0.015074904616331911,0.4738723031964076,0.0,0,0.0,20,0.0,86
2020-10-02,391.3235778808594,27334204.0,27.6299991607666,-0.02202860221234615,-0.03082765798559506,-0.0015564497534834576,45.370720780901415,1.654177668575187,3.0882741386609913,0.023640607209323372,-0.034559713173783035,-0.0014301560532707924,0.023211531052814927,0.01468202950222667,0.4738723031964076,-0.0011548877706283323,0,0.0,20,0.0,86
2020-10-05,390.87164306640625,32945832.0,27.959999084472656,0.04628695517294856,0.03351459510461319,0.0018359890322996453,41.1547263014664,1.489022063800121,2.7684237236888176,0.02122636607011663,-0.024774942640490516,0.014863608389589444,0.014863608389589444,0.014633315459087378,0.4738723031964076,0.016185327358147816,1,0.0,20,0.0,86
2020-10-06,397.1980285644531,35775395.0,29.479999542236328,-0.01679640423248674,-0.0063034598676495746,-0.007427381757080909,34.31395787675541,1.8473266631646652,2.5842043115839872,0.002317178454513291,-0.017045570098791374,0.020830288051149504,-0.00029027925113733755,0.014477539873856176,0.4621790149338349,0.007963498582638895,1,0.0,20,0.0,86
2020-10-07,400.3611145019531,42926239.0,28.059999465942383,0.045716850435808754,0.020932974218548006,0.0035463613051927023,44.210592166951855,2.3593234279014155,2.539228134847473,0.019721927744712042,0.0057209650802991785,0.025318593655848654,0.020582617424103722,0.01466715570544381,0.6258668896516492,0.02257346254102721,1,0.0,20,0.0,86
2020-10-08,409.3986511230469,60853811.0,26.360000610351562,0.010124225113042229,0.011731086372484878,-0.006734416708975677,58.49049511296471,3.4545167099003606,2.7222858498580504,0.023094791962280592,0.021914595293549555,0.04316492531955052,0.022804690404137462,0.01468990585380627,0.7077080633864817,0.0,0,0.0,20,0.0,86
2020-10-09,409.3986511230469,60853811.0,25.0,0.011161948217840667,0.017774738776380916,0.0006535366940789711,63.26529768410491,4.2732064127781655,3.0324699624420735,0.046189583924561184,0.07092214094460725,0.047095174206967405,0.06173973620128326,0.014859232519375008,0.941543823576556,0.015452276992286684,1,0.0,20,0.0,86
2020-10-12,415.72479248046875,64719223.0,25.06999969482422,0.02399162248399711,0.014778711292954494,-0.00107226196980037,71.69791966645344,5.370581913200056,3.50009235259367,0.046189583924561184,0.06839638701168682,0.04349712200014055,0.0870798337287908,0.01433466971632209,0.941543823576556,0.00434781651198346,1,0.0,20,0.0,86
2020-10-13,417.53228759765625,45750738.0,26.06999969482422,-0.013969658956212383,-0.0013766694951831138,0.00031470152271118046,77.66959798994975,6.313333475150159,4.062740577104968,0.06358391521853157,0.0660484289514427,0.048808647761045654,0.07814603269878284,0.014079427355139519,1.0,-0.006493199893755852,0,0.0,20,0.0,86
2020-10-14,414.8211669921875,40809241.0,26.399999618530273,-0.011602074919616068,-0.0053206751343103376,0.00788532974930467,90.90900021104737,6.76373794433124,4.602940050550223,0.051194259716481616,0.07192583695226618,0.04390016791888618,0.08790544794076238,0.01404576430403673,1.0,-0.013071936295967146,0,0.0,20,0.0,86
2020-10-15,409.3986511230469,47775028.0,26.969999313354492,-0.005079008102478633,-0.0025111982798246,-0.0040782743454411685,79.59177063405866,6.606973935532153,5.0037468275466095,0.036117524820617586,0.06004644350482269,0.007684143330293658,0.06096402839850534,0.013855350696459268,0.9391080123705914,-0.008830298523873181,0,0.0,20,0.0,86
2020-10-16,405.7835388183594,46876801.0,27.40999984741211,-0.016449575604437494,-0.004715578836264278,0.000522299235087953,69.23052375266151,6.120474953500491,5.227092452737386,0.0,0.046189583924561184,0.010033571978729006,0.051931572881048105,0.014007239569645431,0.8173178682663625,0.018931066808606456,1,0.0,20,0.0,86
2020-10-19,413.4654541015625,34470906.0,29.18000030517578,0.009919593394197568,-0.005796376326286712,0.0013573089396985427,74.76632505637927,6.282368138847971,5.438147589959503,-0.008830298523873181,0.03695141758594067,0.011261005694273685,0.05605679462856883,0.01392532948029878,0.7361221541059835,-0.014207470146369694,0,0.0,20,0.0,86
2020-10-20,407.5911560058594,25205638.0,29.350000381469727,0.007994318849242621,-1.2586413917881067e-05,-0.0020401312207097844,65.51730361465704,5.869008613877838,5.524319794743171,-0.00543469723185297,0.057803658658650114,0.03977279224422614,0.10846017190561152,0.013310889900814268,0.8869842131374852,0.004434578843417025,1,0.0,20,0.0,86
2020-10-21,409.3986511230469,28058921.0,28.649999618530273,-0.007024480126747723,-0.007779320343513141,-0.006627590110534487,66.66672294616416,5.6224557918235405,5.543946994159246,-0.023809252331106867,0.026166110337880966,0.032036770821710414,0.06825757907205032,0.013157549273388228,0.7179515596819595,0.004414776549690913,1,0.0,20,0.0,86
2020-10-22,411.2060546875,23438547.0,28.110000610351562,0.006503677803198826,0.0013475247303171844,0.005364087721584809,67.74193372696371,5.509394397443089,5.537036474816015,-0.013071936295967146,0.02257346254102721,0.04498274613053743,0.06422048552095938,0.013124116493141597,0.7692335665619288,-0.006593169269132559,0,0.0,20,0.0,86
2020-10-23,408.4949035644531,18777385.0,27.549999237060547,0.0011338061788175313,-0.004311405392918188,0.00017433256600840608,65.11645195725252,5.141754247899769,5.457980029432766,0.004414776549690913,0.004414776549690913,0.07565002289899425,0.052928028246452596,0.01295563141212633,0.8205129759201072,-0.0044251413892925084,0,0.0,20,0.0,86
2020-10-26,406.687255859375,15059581.0,32.459999084472656,-0.017891578747186387,-0.0219385524823269,-0.003416881335661426,58.82342592156438,4.650921786765309,5.2965683808992745,0.006681800730481191,-0.00220750008851911,0.06603790189278502,0.02823735624484569,0.012760726026801068,0.7435925631219441,-0.006666577619881431,0,0.0,20,0.0,86
2020-10-27,403.9760437011719,20117660.0,33.349998474121094,-0.0002308234462672365,-0.0032662779016163768,0.00048279282335639273,53.38977715507571,3.9970854494754917,5.036671794614518,-0.016393626541100437,-0.021739229376170455,0.04287335762836131,0.019075887778999157,0.012770747509116909,0.6923062270389897,-0.00671116806384775,0,0.0,20,0.0,86
2020-10-28,401.264892578125,24710230.0,40.279998779296875,-0.0329832859117396,-0.03386917985380067,-0.0007973075895159054,41.34608203927345,3.2229955178574983,4.6739365392631145,-0.008869457178888207,-0.03246753436598293,0.03712304800323363,0.03322608585631315,0.012397396280342084,0.6153840825596326,-0.01576587950335273,0,0.0,20,0.0,86
2020-10-29,394.9385986328125,41285612.0,37.59000015258789,0.012403023375829214,0.027292158457588478,0.00031499889359887234,36.44055331294667,2.075123883284448,4.154174008067382,-0.019867575339121535,-0.03267980395590042,0.02540433354693561,0.04674536984480615,0.01203544172191747,0.5384636697614695,-0.011441698345489248,0,0.0,20,0.0,86
2020-10-30,390.4198303222656,47668895.0,38.02000045776367,-0.01201554172004593,-0.016421080990353665,-0.007605905460423501,25.438552319701998,0.791674573495186,3.4816741211529427,-0.03956035148132753,-0.03532022504365395,0.009237932382019087,0.010111537011853411,0.011937536985804197,0.3589749140003827,0.008101833486447552,1,0.0,20,0.0,86
2020-11-02,393.58294677734375,33477443.0,37.130001068115234,0.021938686561870924,0.006197345066373261,0.007685312495965491,27.350385415067265,0.029429565678015024,2.7912252100579575,-0.04424797735410568,-0.0378618327910315,-0.0023094635991213197,0.003166339381553751,0.012052308453087374,0.23076903095986223,0.012629288560700447,1,0.0,20,0.0,86
2020-11-03,398.5536193847656,30328495.0,35.54999923706055,0.02310134118738194,0.01887548209527079,-0.0008850905089123895,35.24585944103907,-0.171585426927777,2.198663082660811,-0.03222207948055911,-0.04808746928427754,0.00693655771410584,0.004335245711167168,0.01206976005416887,0.32051254299980864,0.020407885110076407,1,0.0,20,0.0,86
2020-11-04,406.687255859375,37512790.0,29.56999969482422,0.020070745220209796,0.03538842631379069,0.0012711071442073063,47.65611933116551,0.32171668142035514,1.8232738024127197,-0.013422638299852574,-0.022173043963112482,0.003412884059903032,0.03361409117213898,0.01193989916821676,0.46153979360091846,0.002222592750231067,1,0.0,20,0.0,86
2020-11-05,407.5911560058594,34886108.0,27.579999923706055,0.010955773292741,0.04401437060998292,-0.0015002862230207858,51.63945316132804,0.7766466448721872,1.6139483709046134,0.013513176411749761,-0.006622872977803174,0.015801088388145645,0.062135552450718334,0.012245212066913288,0.6923062270389897,0.003325784386535746,1,0.0,20,0.0,86
2020-11-06,408.94671630859375,30154140.0,24.860000610351562,0.010837322269550143,0.0161139134640349,-0.0007145284012346487,45.37036458027182,1.232358445004195,1.5376303857245297,0.032036770821710414,-0.00879096657365075,-0.004415000177038331,0.05214719310892857,0.012138932244274835,0.7179515596819595,0.013259563208945169,1,0.0,20,0.0,86
2020-11-09,414.3691711425781,39245881.0,25.75,-0.026036908860536,-0.012525326041106566,0.0015316922993822146,57.00925554234297,2.0079141333456505,1.631687135248754,0.04745375246701844,0.0011060425483848668,-0.0011038991291578704,0.06553522638784748,0.012026704946959765,0.7564113331607425,-0.01635743102709375,0,0.0,20,0.0,86
2020-11-10,407.5911560058594,34820499.0,24.799999237060547,-0.015387826438193808,-0.03013305110815323,0.001763771790998625,48.30508086551108,2.051964657369524,1.715742639672908,0.05281281756598433,0.01888899928022192,-0.003260862383987595,0.059807984841475426,0.011864821886664241,0.9102564879600535,0.013303511911210819,1,0.0,20,0.0,86
2020-11-11,413.0135498046875,36765561.0,23.450000762939453,0.0367327529543815,0.03670429266113695,-0.0013380238239003583,51.5873049904646,2.495648594247882,1.871723830587903,0.022675836277800565,0.008948828429444333,-0.023809252331106867,0.0388900820217708,0.01217314709562692,0.7179515596819595,0.0021883267369251502,1,0.0,20,0.0,86
2020-11-12,413.9173583984375,40100880.0,25.350000381469727,-0.01166332120336655,-0.013065281980750854,-0.0027424838734622092,54.918002385888386,2.8869224657280483,2.074763557615932,0.015555672950568145,0.02927905591510238,-0.004357581848117298,0.041968606426075805,0.012237699542817938,0.8717949828000765,0.008733456391406103,1,0.0,20,0.0,86
2020-11-13,417.53228759765625,31037438.0,23.100000381469727,0.03785291204940466,0.012261850266887642,-0.002690414229322702,59.52389375218419,3.448947087871261,2.349600263666998,0.015520951078946243,0.04805496305330781,0.011037425900146669,0.034862243642918234,0.012173628166039015,0.8974377179212553,0.04761916247530085,1,0.0,20,0.0,86
2020-11-16,437.4148254394531,81994937.0,22.450000762939453,0.06490018489772176,0.024776552489084613,0.0016882504583888291,72.56107655169404,5.436046923507206,2.96688959563504,0.020994351945312628,0.06944436519274921,0.028953241458510526,0.014270001194288229,0.011396773074419253,1.0,0.0030992361863975137,1,0.0,20,0.0,86
2020-11-17,438.7704772949219,72413868.0,22.709999084472656,-0.035861587875636425,-0.008564835081771083,0.0012324767364406686,75.77641783794735,7.039085439344774,3.781328764376987,0.05561623764945911,0.11136630542813064,0.05792351235227455,0.07915269716479023,0.013262656325138117,1.0,0.02368693423833168,1,0.0,20,0.0,86
2020-11-18,449.1636047363281,50387727.0,23.84000015258789,0.012746579112430823,-0.0072068111419524294,-0.0004945109154605998,85.29420294288356,9.043891189935437,4.833841249488677,0.07649655992195825,0.10090701966836413,0.07649655992195825,0.09346839310018784,0.013128572236098654,1.0,-0.01408460943541101,0,0.0,20,0.0,86
2020-11-19,442.8373107910156,44220053.0,23.110000610351562,-0.0033012651401727044,0.01566033274299805,0.0010175515427834902,83.33338508472997,10.006882033764327,5.8684494063438075,0.08752752772575101,0.1044447502717929,0.09713015297974126,0.12954562669812386,0.013413195579015769,1.0,-0.004081623370801535,0,0.0,20,0.0,86
2020-11-20,441.0298156738281,32281453.0,23.700000762939453,-0.013249144296548554,-0.0057271248651523665,-0.0015072265647327887,80.70180912393725,10.503135853241929,6.795386695723432,0.06986890451871242,0.08647428744663332,0.07692312830255887,0.12128141519724212,0.013588531872150615,0.9054047517570623,0.017418200601799105,1,0.0,20,0.0,86
2020-11-23,448.7117614746094,38084006.0,22.65999984741211,0.029371542852004273,0.015554685971434168,0.0013796089181992155,81.3559917003772,11.385049640607292,7.713319284700205,0.05627715214880502,0.07845300643280928,0.0796458213443576,0.12572072879098273,0.013525570998753433,0.8783777987279608,-0.009063625952306142,0,0.0,20,0.0,86
2020-11-24,444.6448059082031,35479226.0,21.639999389648438,-0.015183878110060167,0.005301997790434498,-0.00029446381942976885,75.00001004990784,11.621834076800099,8.495022243120184,0.025826596123729173,0.0828792118808821,0.10333371653466727,0.1737590217926419,0.013004214661847733,0.9931511665127846,-0.01016257860864711,0,0.0,20,0.0,86
2020-11-25,440.1260681152344,41419632.0,21.25,0.008795553357214825,-0.0033614357547205875,-0.0017708480962530526,70.45451405890019,11.314437283189534,9.058905251134055,0.013388158313424547,0.09090886629005035,0.10067122256663974,0.16037730664885896,0.013155877055839826,0.9242417110592203,0.00410676678372579,1,0.0,20,0.0,86
2020-11-26,441.9335632324219,28893033.0,21.25,0.0,0.0,0.00044964474647968267,70.62145987267465,11.088847527934774,9.4648937064942,-0.020120812385052922,0.06564559037680073,0.09684668720312528,0.12862093370787986,0.013131935831339847,0.8484844453812984,0.0,0,0.0,20,0.0,86
2020-11-27,441.9335632324219,32960189.0,20.84000015258789,0.012821957706488751,0.012045068331001163,0.0010358410929889317,68.48485691902542,10.78573478489551,9.729061922174463,-0.002040811685400712,0.06768550355652381,0.118993090982485,0.13457095107743777,0.013116697656127795,0.8769224215498235,-0.017382442531491904,0,0.0,20,0.0,86
2020-11-30,434.2516784667969,119895176.0,20.56999969482422,-0.01741964003297447,0.01213346111419833,0.0002910894774665884,67.6645718583942,9.812539010214891,9.745757339782548,0.0020491756486189505,0.0584416495671809,0.13194445801494026,0.12933027349292758,0.013122893307799866,0.8769224215498235,0.019771097614479816,1,0.0,20,0.0,86
2020-12-01,442.8373107910156,37018651.0,20.770000457763672,0.03957963719426627,0.017360677308310812,-4.5546827790565736e-05,68.96546504411332,9.623133628448784,9.721232597515796,-0.03222577219792966,-0.007231458077531672,0.10332950658164597,0.10969975491486283,0.013488286764589165,0.7461530788875982,0.018367374082353116,1,0.0,20,0.0,86
2020-12-02,450.9710693359375,50621339.0,21.170000076293945,-0.01308766221958757,0.002443091095871708,-0.0015324764342954378,71.57887553032974,10.013920593572266,9.77977019672709,-0.004065031443458822,0.00926870358545151,0.11111100050881317,0.1316397370920488,0.013739103538125939,0.8923069889802984,-0.0040079391395791975,0,0.0,20,0.0,86
2020-12-03,449.1636047363281,35651379.0,21.280000686645508,-0.0004015651977276047,-7.370011423513123e-05,-0.0011238572855989393,68.81719258840492,10.061788753816131,9.8361739081449,0.024640670040620538,0.0040240673566380725,0.10888911033857185,0.15375744783645207,0.013922727645555272,1.0,0.012072337956160695,1,0.0,20,0.0,86
2020-12-04,454.5860595703125,51172005.0,20.790000915527344,0.04251230560370711,0.0283048173765319,-0.0018529602599375306,62.337624748441975,10.417188538441167,9.952376834204154,0.016360019028705874,0.014285819625297957,0.10199546314462005,0.13083039802510643,0.013822459720059561,0.9701498329505485,0.02186873736059569,1,0.0,20,0.0,86
2020-12-07,464.52728271484375,44271244.0,21.299999237060547,0.02564362178521362,0.004862131084361732,-0.006069413775993682,66.47392412851082,11.369953309566426,10.235892129276609,0.028629860663550444,0.0307377039254646,0.1116021756420682,0.1354400892199905,0.013872720366126263,1.0,0.019455537941731604,1,0.0,20,0.0,86
2020-12-08,473.5649108886719,40771761.0,20.68000030517578,-0.007049432810530387,0.0034418432698686274,-0.007655217121793623,65.88234406110908,12.707799713237023,10.730273646068692,0.06971902642942052,0.03524650476791513,0.12104691918551769,0.1346575799421177,0.013849025686031014,1.0,-0.007633826370082031,0,0.0,20,0.0,86
2020-12-09,469.9497985839844,43314115.0,22.270000457763672,-0.011548736536617588,-0.02893898647316684,0.00806072780064171,68.29260358002342,13.322766715018247,11.248772259858605,0.06938801078610402,0.06504091489700059,0.16186257702280482,0.15673295353955496,0.014066304102767619,1.0,-0.015384710293931958,0,0.0,20,0.0,86
2020-12-10,462.7197570800781,42556926.0,22.520000457763672,-0.001819571920500529,-0.0004022633158888844,0.0006129042634079873,63.636269449933806,13.075996619634736,11.614217131813831,0.04208413917991094,0.06776179060800724,0.13785564373425951,0.13043486240013746,0.014041636162848281,0.956520430552711,0.007812680854437204,1,0.0,20,0.0,86
2020-12-11,466.3348388671875,45660960.0,23.309999465942383,-0.001918923132851691,-0.010824219673787328,-0.0019933863093117843,61.67656170952047,13.022026612028071,11.89577902785668,0.030180878861963523,0.0470346576431544,0.1179037256868638,0.10822509018982873,0.014323371175044815,0.8695634938986925,-0.015503904884934472,0,0.0,20,0.0,86
2020-12-14,459.1048278808594,30260485.0,24.719999313354492,-0.004517954596692686,0.011896808136431458,-0.00016680257862577985,59.195384007508046,12.254590241209996,11.967541270527343,0.02584500569150827,0.055214805266855294,0.1168832991343618,0.12418284305142557,0.014273114049051992,0.9130426963058883,-0.007874063900916384,0,0.0,20,0.0,86
2020-12-15,455.48980712890625,39852366.0,22.889999389648438,0.014773873765935974,0.014084984582000803,-0.0024838441840551173,59.883674588830544,11.225291255470722,11.81909126751602,-0.011673059981092693,0.05723213207099387,0.04958680222970302,0.12141265395345191,0.014344202703433779,0.826086126691963,0.01587291271509339,1,0.0,20,0.0,86
2020-12-16,462.7197570800781,52012348.0,22.5,0.0010469380956508179,-0.00049377328309963,-0.0004980058056349712,62.49992659214301,10.867685023369916,11.6288100186868,-0.03816816521698507,0.028571432509356898,0.03810495623374943,0.12249454094488743,0.014325988508068129,0.7826076583649538,-0.0029441247464698783,0,0.0,20,0.0,86
2020-12-17,461.3574523925781,38215179.0,21.93000030517578,-0.008190187786349945,0.0017018593779820623,0.000615689812892839,61.49239620619223,10.354987059919267,11.374045426933293,-0.015384710293931958,0.026051976596726645,0.030180878861963523,0.11912555810869985,0.01424985350273424,0.8695634938986925,0.003937157096212784,1,0.0,20,0.0,86
2020-12-18,463.17388916015625,39924864.0,21.56999969482422,0.0036573655772806912,-0.004823336067254269,0.0004517481547794411,68.38849878441333,9.980196009502095,11.095275543447054,-0.0029441247464698783,0.027147897843165847,0.041821547440257456,0.13191232340170256,0.01402656671276508,0.8531788241356756,0.011764622941051073,1,0.0,20,0.0,86
2020-12-21,468.6229553222656,34813281.0,25.15999984741211,0.005274168939203738,-0.006311606600805764,0.0014576353040680612,67.07532962622557,10.007505210745194,10.877721476906682,-0.00677828342122111,0.018891537496686928,0.050209923908421716,0.1313517714081256,0.01402557884451817,0.8750254175264581,-0.013565851213450664,0,0.0,20,0.0,86
2020-12-22,462.26568603515625,22454277.0,24.229999542236328,-0.008489813683960179,-0.0012084884785255046,-0.0010295443685548467,57.65954153100597,9.407723072454075,10.583721796016162,0.02073192626908349,0.008816861269128173,0.04437412957980369,0.1396304844742624,0.014088886342022227,0.9405622613780593,0.0,0,0.0,20,0.0,86
2020-12-23,462.26568603515625,18086715.0,23.309999465942383,-0.0017319212310441534,-0.007449039757899567,-0.0003269062777392362,59.108585763221626,8.830597772397425,10.233096991292415,0.014876027520704493,-0.0238599283724632,0.03962911495381549,0.1316314646804866,0.01424744301926139,0.8641023043511135,0.0019646777869013476,1,0.0,20,0.0,86
2020-12-24,463.17388916015625,14950143.0,21.530000686645508,0.021299191418322927,0.009807110863541801,0.00014930189161166396,56.37009893136738,8.3502497350608,9.856527540046093,-0.0009813089628746274,-0.016350922102703946,0.05030290074553201,0.13666135187427475,0.014207144645751315,0.8641023043511135,0.0019607595088502183,1,0.0,20,0.0,86
2020-12-25,464.0820617675781,12327895.0,21.530000686645508,0.0,0.0,-0.000746398019421668,49.61864984951452,7.951195956713207,9.475461223379517,0.003937157096212784,0.0009814408681052544,0.048062260246487964,0.14653800982014187,0.014123833112527495,0.8750254175264581,0.007827755577169748,1,0.0,20,0.0,86
2020-12-28,467.71478271484375,19087382.0,21.700000762939453,0.001698508566111201,-0.002159790210069512,-0.006224697389719425,44.477821929007355,7.837724770533669,9.147913932810347,0.0019607595088502183,-0.0048308144960427235,0.05011725828913316,0.15654788233740846,0.014036162015680202,0.8859481636617095,0.0,0,0.0,20,0.0,86
2020-12-29,467.71478271484375,19907528.0,23.079999923706055,-0.005558037203185595,-0.002277447760374751,0.00601314219841198,47.735742539299956,7.659504043235927,8.850231954895463,-0.0019379601385454137,0.018753788483833356,0.07705923985416563,0.18427214846552298,0.01371205633435386,0.9296395152428081,0.019417426950326,1,0.0,20,0.0,86
2020-12-30,476.7966003417969,46292401.0,22.770000457763672,0.03164088883031724,0.016698004012999368,0.000626146711325104,63.74529178983503,8.157060104132995,8.71159758474297,0.011787802651813228,0.026839185849174774,0.05617745234562754,0.19797906353469874,0.01350735566949306,0.9268569078188023,0.009523946068756839,1,0.0,20,0.0,86
2020-12-31,481.33758544921875,29970398.0,22.75,0.0012855437450458584,0.0042137031387115,-0.001941352517634276,64.38920304871624,8.816169105095867,8.73251188881355,0.03143411839903587,0.03042196285403609,0.057266491715062484,0.2114259630550721,0.013694580360539966,1.0,0.0,0,0.0,20,0.0,86
2021-01-01,481.33758544921875,29970398.0,22.75,0.0,0.0,0.0003099186750565863,74.75700837395937,9.232095882430372,8.832428687536915,0.03921571728060402,0.04330727281639124,0.07163087207784269,0.20771098802776922,0.013658884320916055,1.0,0.011320864772606853,1,0.0,20,0.0,86
2021-01-04,486.7867431640625,38770328.0,26.969999313354492,0.024394505767104002,-0.0043963652521910035,-0.0008796083232996965,83.4826255935559,9.887446014204954,9.043432152870523,0.03718205270834751,0.03921571728060402,0.05884809997075702,0.1835570908955566,0.013443897417425233,1.0,0.011193886688682486,1,0.0,20,0.0,86
2021-01-05,492.23577880859375,34411866.0,25.34000015258789,0.009579332882041047,0.019387671679402807,0.0016753039220644972,82.82828419968624,10.722900430809148,9.379325808458248,0.040776903262530695,0.03875991911088916,0.0479185212096207,0.19430153473954337,0.013486012780278367,1.0,0.01291515179996594,1,0.0,20,0.0,86
2021-01-06,498.59307861328125,53030554.0,25.06999969482422,0.025183941632120233,-0.0032461788299987804,-0.00519554141558376,87.27277614956802,11.762395466063197,9.855939739979238,0.05242724198584914,0.06483304661977063,0.03942620639879113,0.2036672729685145,0.013526388005037235,1.0,0.02914352874525239,1,0.0,20,0.0,84
2021-01-07,513.1238403320312,51166782.0,22.3700008392334,0.05034180051907544,0.03855784401783113,-0.0044714720207886804,89.85506893478589,13.601919343429586,10.605135660669308,0.045714416285391524,0.0785855270584852,0.06094965912444805,0.2032581411364769,0.013521058807683095,1.0,0.02654911888527467,1,1.1160969734191895e-05,20,5.357322238740467e-06,84
2021-01-08,526.746826171875,59563555.0,21.559999465942383,-0.022564377762537724,-0.0001804662229740739,0.0034782555059014175,91.0256747168423,15.974868039776254,11.679082136490699,0.06603734228056868,0.10784276130600978,0.1089300434673901,0.25891799360988776,0.013631223180065316,1.0,0.006896695565118849,1,2.2202730178833008e-05,20,1.0539378438677107e-05,84
2021-01-11,530.379638671875,48810990.0,24.079999923706055,0.03294285376402373,0.01139121172891322,0.0032298875962781803,100.0,17.941763109110184,12.931618331014597,0.09433969441691747,0.13502949061556424,0.12954637369886246,0.27537420121197353,0.01396328540318139,1.0,0.011985974263902133,1,2.2202730178833008e-05,20,1.0539378438677107e-05,84
2021-01-12,536.7367553710938,50232426.0,23.329999923706055,0.003262795297633181,0.0060944732963785775,0.00013207182501551173,100.0,19.78543364816585,14.302381394444849,0.08955234734714268,0.1339809180143805,0.15524735629552544,0.2813660212851734,0.013951635113795347,1.0,0.023688820482846262,1,2.2202730178833008e-05,20,1.0539378438677107e-05,84
2021-01-13,549.451416015625,62662393.0,22.209999084472656,-0.030650471992172745,0.0013152293542000315,-0.001523866753858849,100.0,22.018704764104655,15.84564606837681,0.09040581460821495,0.14757278411345687,0.17837270334173283,0.28549760417164594,0.013976100377198437,1.0,-0.021487496628606384,0,3.2955408096313475e-05,20,1.5429088047572543e-05,84
2021-01-14,537.6450805664062,75288477.0,23.25,0.06055499229214201,0.02128710120344901,0.001429659277378148,87.8505256962936,22.575677257690472,17.191652306239543,0.10200369717083557,0.1523811529313437,0.1874388495595123,0.2561335008789727,0.012668468507473923,1.0,0.015202677965397537,1,2.179443836212158e-05,20,1.0071765808832078e-05,84
2021-01-15,545.8187255859375,92010500.0,24.34000015258789,-0.009648014912542413,-0.02057502691975588,-0.0011099764382738186,88.39291339763881,23.406807705702477,18.434683386132132,0.047788152307458365,0.11698129715891037,0.16535471092577803,0.22534470386672178,0.01333375908107744,0.8975142157401655,0.009983233240453027,1,3.241896629333496e-05,20,1.481175422668457e-05,84
2021-01-18,551.2677612304688,45726476.0,24.34000015258789,0.0,0.0,-0.00016438136585916752,88.98309718293976,24.225914943387238,19.592929697583156,0.036206956485466124,0.1339624041129892,0.1784315531595182,0.21518912002308976,0.013105073915723601,0.9684661570678686,0.03294862217781702,1,3.241896629333496e-05,20,1.481175422668457e-05,84
2021-01-19,569.4312744140625,50672866.0,23.239999771118164,0.0484708478960143,0.03359765306786722,-3.544459519000398e-06,89.84378055929432,26.040528048032286,20.882449367672983,0.03938334173404501,0.1324625597798461,0.17635671699302358,0.24485391767412246,0.012784370265212973,1.0,0.03189838922770427,1,4.270076751708984e-05,20,1.92196596236456e-05,84
2021-01-20,587.59521484375,82066422.0,21.579999923706055,-0.005026720651878036,-0.002676745087444643,-0.0024015161615658087,90.90913363364422,28.6144506224382,22.428849618626028,0.06091350874669299,0.1568262587337974,0.2318268294972603,0.29114008662669666,0.013383869498742394,1.0,0.04018547525957805,1,5.278587341308594e-05,20,2.34615235101609e-05,84
2021-01-21,611.2080078125,89019137.0,21.31999969482422,0.02694423775911403,0.015276911228297108,-0.0008956304875132881,92.30772901541238,32.18860762698773,24.38080122029837,0.06942160437901257,0.17850656186003855,0.27112012116569306,0.30951596390681946,0.013858269317726228,1.0,-0.035661459839553156,0,6.265342235565186e-05,20,2.7427361125037785e-05,84
2021-01-22,589.4114379882812,125179403.0,21.90999984741211,-0.03741784682477489,-0.018444088594231633,0.0024668330598713872,80.21385781075529,32.88329364027845,26.081299704294388,0.13682432873485162,0.19115106290325667,0.3196080826593326,0.374598330377627,0.014571501294983434,1.0,-0.02465320971486029,0,5.161166191101074e-05,20,2.2245304925101144e-05,84
2021-01-25,574.8805541992188,93050133.0,23.190000534057617,0.01068605461529315,0.0015645520252856038,-0.00025753041093057316,73.09644185173813,31.893666098968197,27.24377298322915,0.07986664868550797,0.11896533344457039,0.2700586524360655,0.33918774798397267,0.015812537182285296,0.8768251471715555,-0.02527635294483621,0,4.0858983993530273e-05,20,1.7355595316205707e-05,84
2021-01-26,560.3496704101562,100153482.0,23.020000457763672,-0.02965069810783605,-0.015406530249014394,-0.001130491485045626,66.50487273980039,29.595697482586615,27.714157883100643,0.04283361848703904,0.08390389125566466,0.22912632964545798,0.3008302650615322,0.016550801061612462,0.7947094983965695,-0.003241449599701296,0,3.0234456062316895e-05,20,1.2615606898353213e-05,84
2021-01-27,558.5333251953125,59985191.0,37.209999084472656,-0.03876820524840918,-0.051666233160709396,-7.166220309284821e-05,63.02090060460576,27.313128179307682,27.63395194234205,-0.015948551496844154,0.04399347501874873,0.19805849872354808,0.26795002016051206,0.017235151285967,0.7125938496215835,-0.022764263179692712,0,3.0234456062316895e-05,20,1.2615606898353213e-05,84
2021-01-28,545.8187255859375,96447533.0,30.209999084472656,0.03359621866127016,0.020865225857663372,0.0005373342428047767,55.497392699558766,24.19925963178207,26.947013480230055,-0.04945903049289713,0.016529048638268096,0.17142891705796925,0.28619727427954733,0.016905949277644838,0.6871505342140021,-0.01663916935992671,0,1.9952654838562012e-05,20,8.207701501392183e-06,84
2021-01-29,536.7367553710938,90745237.0,33.09000015258789,-0.03425261332911911,-0.016367316206647442,-1.433942665640675e-05,51.77660143165198,20.759356340863974,25.70948205235684,-0.10698368049952311,0.015202677965397537,0.1339624041129892,0.23254909260236434,0.017338571657756374,0.5964730593266767,0.03384109089317078,1,9.867548942565919e-06,20,3.965837614876884e-06,84
2021-02-01,554.9005126953125,67462398.0,30.239999771118164,0.04229767415683483,0.03910868734292383,0.0024487312054366495,54.76191771536759,19.27666225172493,24.42291809223046,-0.08936827353906018,-0.01663916935992671,0.11509421162316369,0.19018001789216243,0.017527441520750777,0.5404268766604687,0.03436983376762215,1,1.951456069946289e-05,20,7.651391483488537e-06,84
2021-02-02,573.9723510742188,78429188.0,25.559999465942383,0.014053232476666455,0.015780081948515656,-0.0018106222993248267,56.22118402735301,19.416730488446433,23.421680571473658,-0.034755118011840724,0.0065898130098069885,0.13992527628940277,0.23540844993675525,0.018054746879549975,0.6404878387151834,-0.0031644105788165566,0,2.886056900024414e-05,20,1.1151745205833799e-05,84
2021-02-03,572.1560668945312,48738970.0,22.90999984741211,-0.00731865646208818,-0.021152930363605993,-0.003302304960001723,59.2232917854456,19.160308511561425,22.569406159491212,0.0243110353827658,0.007974758086178202,0.16605166829493778,0.26262638061702437,0.018581742403794167,0.7608779412116317,-0.004762323845062033,0,2.886056900024414e-05,20,1.1151745205833799e-05,84
2021-02-04,569.4312744140625,46371900.0,21.770000457763672,0.005097968278032328,0.008565510291675293,0.00021539661287794942,56.49992069743247,18.523694645057844,21.76026385660454,0.024390203922845632,-0.026275142409599495,0.14754113411651848,0.23169529150294688,0.018452671276870457,0.7492140241376215,0.007974758086178202,1,2.886056900024414e-05,20,1.1151745205833799e-05,84
2021-02-05,573.9723510742188,53267273.0,20.8700008392334,-0.0028870427247522645,-0.007781464262736515,0.0013960800645584914,56.28138225802312,18.176077991541206,21.04342668359187,0.04326078919842269,-0.06835108975086157,0.10973458969592209,0.20243552957817723,0.018372623884363597,0.7317157967723741,0.0,0,2.886056900024414e-05,20,1.1151745205833799e-05,84
2021-02-08,573.9723510742188,53267273.0,21.239999771118164,0.03732976320369863,0.03131311801211156,0.0025337757010726047,51.3966893650668,17.696593969651644,20.374060140803827,0.06937403732930636,-0.0261940741543083,0.08965507252422311,0.2213482223072909,0.01827750883848684,0.7608779412116317,0.0,0,2.886056900024414e-05,20,1.1151745205833799e-05,84
2021-02-09,573.9723510742188,53267273.0,21.6299991607666,0.0009806603460325025,-0.0043950356613379205,-0.0033138729719300875,45.28300052538613,17.119259263388926,19.72309996532085,0.03436983376762215,-0.0015798118728594934,0.08219152701922039,0.24043190784889545,0.01801259584182725,0.7608779412116317,0.0,0,2.886056900024414e-05,20,1.1151745205833799e-05,84
2021-02-10,573.9723510742188,53267273.0,21.989999771118164,0.007612284026971006,0.0032333827331212373,-0.000968351826880709,34.58648706144041,16.47184022841509,19.072848017939698,0.0,0.0243110353827658,0.06937403732930636,0.2308159357523072,0.018026360599699358,0.7608779412116317,0.0,0,2.886056900024414e-05,20,1.1151745205833799e-05,84
2021-02-11,573.9723510742188,53267273.0,21.25,0.04091574892787686,0.03446660230588816,0.003855796973129433,42.20188520567337,15.776889813795606,18.413656377110883,0.0031744558605235618,0.027642085409151473,0.04462803142161054,0.2501989005943719,0.017750464176529288,0.7608779412116317,0.0,0,2.886056900024414e-05,20,1.1151745205833799e-05,84
2021-02-12,573.9723510742188,53267273.0,19.969999313354492,-0.007904610639228427,0.0122703525541763,-0.0006508968010011662,49.46235704406215,15.052619377113047,17.741448977111318,0.007974758086178202,0.05158054161307546,0.06756738194189738,0.2601211752511978,0.017647217938341918,0.7515147232258376,0.0,0,2.886056900024414e-05,20,1.1151745205833799e-05,84
2021-02-15,573.9723510742188,53267273.0,19.969999313354492,0.0,0.0,0.0025730650545330302,59.74013392171375,14.31363120732351,17.055885423153757,0.0,0.06937403732930636,0.05158054161307546,0.24043190784889545,0.017593303786245636,0.7515147232258376,0.0,0,2.886056900024414e-05,20,1.1151745205833799e-05,84
2021-02-16,573.9723510742188,53267273.0,21.459999084472656,0.014414091045892752,0.0059163270548749924,-0.000749595177754192,61.33317204084285,13.571533567661277,16.359015052055263,0.0,0.03436983376762215,0.041186137555136115,0.24409467777668925,0.01756552411466504,0.74999948776181,0.04905080974903875,1,2.886056900024414e-05,20,1.1151745205833799e-05,84
2021-02-17,602.1261596679688,107614290.0,21.5,-0.026990485799990527,-0.01873461928799325,0.001643260526494661,83.69542588029725,15.08134455184154,16.103480952012518,0.0,0.0,0.007974758086178202,0.23921569092542394,0.017583819397421596,0.74999948776181,-0.004525183637287933,0,3.811419010162354e-05,20,1.4469027519226074e-05,84
2021-02-18,599.4014282226562,53109010.0,22.489999771118164,-0.012034834584447207,-0.009895398481080675,-0.0043260216490864645,90.58787903705297,15.875020226979586,16.057788807005934,0.04905080974903875,0.05238097524003371,0.02472951524644862,0.28488404767516085,0.018817670918941338,0.9390243952413482,-0.01212095847979855,0,3.811419010162354e-05,20,1.4469027519226074e-05,84
2021-02-19,592.1361083984375,50279585.0,22.049999237060547,0.015078273123262376,0.02436448600741148,-0.002073860051611476,78.0820530571963,15.73636431437808,15.993503908480363,0.04430366219007875,0.05263173126455456,-0.019316794673713833,0.29666000815182847,0.018637394885145885,0.920730525421152,-0.0030673423794405075,0,3.811419010162354e-05,20,1.4469027519226074e-05,84
2021-02-22,590.31982421875,36474610.0,23.450000762939453,-0.02261066612765361,-0.03767689149039499,0.0016869897980316129,66.66670815137104,15.303510211089815,15.855505169002255,0.03164570086037122,0.03164570086037122,0.004622696871061427,0.28094324603060494,0.018831322247935996,0.8711655151684821,-0.013846336772886159,0,3.811419010162354e-05,20,1.4469027519226074e-05,84
2021-02-23,582.1460571289062,50076333.0,23.110000610351562,-0.033465684978003174,-0.005844638442831784,-0.003525900056213449,59.01627243381406,14.137942126291478,15.5119925604601,0.028481290281554772,0.028481290281554772,0.026856483328153935,0.27451015274012835,0.01887413158896362,0.8580251535825487,-0.02496089015998415,0,3.811419010162354e-05,20,1.4469027519226074e-05,84
2021-02-24,567.6151733398438,66206750.0,21.34000015258789,0.024786919688459585,0.03238132197639376,0.0014671331918394426,48.64885237594008,11.90447278749241,14.790488605866564,0.014240591971703909,0.014240591971703909,0.038897830889765395,0.25440327279975117,0.019112019845203315,0.797468133677982,0.01599990193344869,1,2.8246641159057616e-05,20,1.0503189904349191e-05,84
2021-02-25,576.6969604492188,43231417.0,28.889999389648438,-0.04761904162962771,-0.05797586445223879,-0.007188495229882186,51.89877294350641,10.743413185620057,13.981073521817263,-0.05731520840608462,-0.0110757560402992,0.01626017237441557,0.21359254468103317,0.019679555431156726,0.6962028385452445,-0.04566907933373854,0,3.712177276611328e-05,20,1.3496904146103633e-05,84
2021-02-26,550.3597412109375,111861175.0,27.950000762939453,-0.0004762325488703034,0.022826460437041396,0.004159123786789953,37.963043052137365,7.610344291234696,12.70692767570075,-0.037878568025372816,0.004746934882665865,0.05657232596799133,0.23300990638309416,0.019738992132048716,0.7432431665384992,0.0,0,2.7474761009216308e-05,20,9.811350277491978e-06,84
2021-03-01,550.3597412109375,111861175.0,23.350000381469727,0.02532951478695744,0.033084275874232016,0.0032414966528486744,37.963043052137365,5.0689331142519904,11.179328763411,-0.07055196701395794,-0.04113893259682111,0.025381130886825476,0.15428621096796014,0.021102488223590937,0.5314694023912996,0.004950153563886506,1,2.7474761009216308e-05,20,9.811350277491978e-06,84
2021-03-02,553.0841064453125,54041533.0,24.100000381469727,-0.024239090920688766,-0.03097720264932291,-0.0012923819309750284,39.639606912155855,3.237361662500689,9.590935343228939,-0.06769225997229056,-0.04113893259682111,-0.008183037103929092,0.1433965637595127,0.021088872987341113,0.5314694023912996,0.02134669649172949,1,2.7474761009216308e-05,20,9.811350277491978e-06,84
2021-03-03,564.890625,48252965.0,26.670000076293945,-0.024682475315741748,-0.031052337427863397,-0.0028398027365883483,45.96778782913903,2.7073073139240478,8.21420973736796,-0.049922094855240906,-0.036392423066743285,-0.036392423066743285,0.1490565523345424,0.021083170207281902,0.5328459204186571,-0.03376210999087215,0,3.629028797149658e-05,20,1.2620573952084496e-05,84
2021-03-04,545.8187255859375,67711962.0,28.56999969482422,-0.05940274909929366,-0.04837718748379549,-0.0007209970414093769,39.31036688322372,0.7397649814225815,6.719320786178885,-0.004799992085857241,-0.061840087945193356,-0.01269835682065834,0.1604478407285097,0.0212297806158756,0.6106874419325266,0.0,0,2.6944279670715333e-05,20,9.120220229739234e-06,84
2021-03-05,545.8187255859375,79918467.0,24.65999984741211,0.04507319712214142,0.03147308118495418,0.0033549933005410093,39.31036688322372,-0.8101871592144789,5.213419197100213,-0.053543259252187836,-0.0893936852896765,-0.04146689844603635,0.10885626174317475,0.021966800981811082,0.4193551184418262,-0.004991560708663356,0,2.6944279670715333e-05,20,9.120220229739234e-06,84
2021-03-08,543.09423828125,43219772.0,25.469999313354492,-0.056870988455789195,-0.054095694598989996,0.004116781609573739,38.5135530932603,-2.2326422434582582,3.724206908988519,-0.00825099527630524,-0.07822083834369697,-0.049050490734597774,0.09471781498452247,0.021910616453636643,0.3333349927287368,-0.005017050915390953,0,2.6944279670715333e-05,20,9.120220229739234e-06,84
2021-03-09,540.3695068359375,68768861.0,24.030000686645508,0.02150436100434261,0.06133742138720488,0.01272943077039801,21.666579859215105,-3.539015632808514,2.2715624006291124,-0.01320137064114002,-0.07999999999999996,-0.05379721294096962,0.05840772849264919,0.02152374053785302,0.193549412781505,0.0033616410573367173,1,2.6944279670715333e-05,20,9.120220229739234e-06,84
2021-03-10,542.18603515625,40146301.0,22.559999465942383,-0.021910845711702986,-0.018037553000200157,-0.001096069592764981,23.52947820640759,-4.377288642983331,0.9417921919066239,-0.022988546337178395,-0.07176300480159059,-0.058544360499929615,0.025861913137787962,0.021178881120162488,0.12359358812104883,0.020100243426450115,1,2.6944279670715333e-05,20,9.120220229739234e-06,84
2021-03-11,553.0841064453125,54416046.0,21.90999984741211,0.059298854672974244,0.04091584528852077,-0.0017698266663561668,32.520271008632946,-4.114809802904688,-0.06952820705563847,-0.04019289547202165,-0.04479996197770553,-0.05537952456852502,0.02226027476080983,0.021161185859654225,0.07317293058074625,0.008210132060875841,1,3.53783369064331e-05,20,1.1680381638663156e-05,84
2021-03-12,557.625,33168846.0,20.690000534057617,-0.018908761709126143,-0.010690158976964015,-0.007127161762129908,35.714194277911716,-3.5000350457407876,-0.7556295747926683,0.013310977653937295,-0.040944994725675365,-0.036392423066743285,0.030456924946226982,0.021302907769542,0.2195122351014681,-0.004885877255660143,0,3.53783369064331e-05,20,1.1680381638663156e-05,84
2021-03-15,554.9005126953125,27416758.0,20.030000686645508,0.0065937090956993405,0.02258277453726043,0.005167708541374605,37.49996499695614,-3.1958254905505328,-1.2436687579442414,0.021630394599211344,0.01320092703924347,-0.02848107760526064,0.014875899390061065,0.021031840978092933,0.2804873551084837,0.0032735008232973595,1,3.53783369064331e-05,20,1.1680381638663156e-05,84
2021-03-16,556.7169799804688,36949425.0,19.790000915527344,0.00226737374872954,0.012621829757078373,0.0011014164447242791,44.33962742653968,-2.7761616340721957,-1.5501673331698322,0.021738905666585984,0.00825055167440869,-0.0332277998116326,0.03209446668930327,0.02076150479198641,0.24390293876835142,-0.010647114085556852,0,3.53783369064331e-05,20,1.1680381638663156e-05,84
2021-03-17,550.78955078125,39517807.0,19.229999542236328,-0.0011943166921861703,0.012246232535527257,0.00212229228687022,36.088203386941885,-2.888571350625739,-1.8178481366610135,0.03025239754969089,0.00656839256963071,-0.030063070218374954,0.019966801950284774,0.020643198416497886,0.2682944620153311,-0.003311231125062819,0,3.53783369064331e-05,20,1.1680381638663156e-05,84
2021-03-18,548.9657592773438,29415526.0,21.579999923706055,-0.03587073839683652,-0.04237559347810371,-0.0006693435002753656,48.98397330099463,-3.0892110906801236,-2.072120727464836,0.015868198491170382,-0.024962485824136293,-0.08525889145063448,-0.0008674739987539759,0.020661826357013358,0.1887009409599086,-0.01827255286846996,0,3.53783369064331e-05,20,1.1680381638663156e-05,84
2021-03-19,538.9347534179688,70866028.0,20.950000762939453,-0.007598272274258577,0.011810332176512839,0.00663059429778623,42.735031456548825,-4.01139698302984,-2.459975978577837,-0.007446149907357591,0.005765712211555085,-0.0841433913410321,-0.03594027243722697,0.020006685000967157,0.16421106810136896,0.003384520357915477,1,2.612471580505371e-05,20,8.363099325270879e-06,84
2021-03-22,540.7587890625,34089033.0,18.8799991607666,0.031241756984824676,0.021976684719988704,-0.0006547704063115667,42.07174680848725,-4.542686254873615,-2.8765180338369927,-0.03351759082184491,-0.012612194938124932,-0.08984649682040757,-0.08281289601502417,0.019505815960553917,0.029514718429160005,0.001685818357812563,1,2.612471580505371e-05,20,8.363099325270879e-06,84
2021-03-23,541.67041015625,29374037.0,20.299999237060547,-0.019542534775766285,-0.027080010582560488,-0.0027302551212525783,32.628818153259445,-4.834448118442083,-3.268104050758011,-0.025485151498819247,-0.004300265136564674,-0.0839562439256395,-0.11526226399116757,0.01836366379449352,0.061508951406649616,-0.030302900550867595,0,2.612471580505371e-05,20,8.363099325270879e-06,84
2021-03-24,525.2562255859375,107253959.0,21.200000762939453,-0.05161462870328859,-0.013439268040433494,0.003334690081613134,33.980035911013715,-6.317336688175146,-3.877950578241438,-0.02702732333536262,0.0024074328840828496,-0.06952833653512769,-0.08099779670882534,0.017620160986521208,0.07545037056396663,-0.0017360388891303202,0,1.7249584197998046e-05,20,5.3693850835164385e-06,84
2021-03-25,524.3443603515625,67833354.0,19.809999465942383,0.013674901448645471,0.0020006676330457385,0.0027356146036974227,33.50399651922119,-7.479892917481152,-4.598339046089381,-0.0463576790066107,-0.03122509336750734,-0.07462617234959823,-0.08632111183932034,0.017818875707430713,0.0,0.02608703344881258,1,1.7249584197998046e-05,20,5.3693850835164385e-06,84
2021-03-26,538.02294921875,36829858.0,18.860000610351562,0.05531891485257412,0.04946151610222249,0.000793525942686335,46.665542980977605,-7.214317142859954,-5.121534665443496,-0.044850518469845446,-0.051962704693253925,-0.09078008674933213,-0.06425507492890847,0.017434709515613687,0.0,0.015254054240469106,1,2.5567412376403808e-05,20,7.681903384980701e-06,84
2021-03-29,546.22998046875,37884733.0,20.739999771118164,-0.018616835360573458,-0.016627653011717092,0.0028839118577712597,53.594235926337966,-6.269338562825055,-5.3510954449198085,-0.0016918637987919372,-0.035152747422102615,-0.022415869236807384,-0.0367218481894348,0.017940462977692993,0.17585847829959267,-0.0033386476370791396,0,3.357231616973877e-05,20,9.738973208836147e-06,84
2021-03-30,544.4063110351562,33099123.0,19.610000610351562,0.005944523098322829,-0.003299854440988459,-0.002029020416646765,51.361578753128185,-5.603003179291477,-5.4014769917941425,0.010117619014080592,-0.015625381538119765,-0.007503747881523748,0.0007534642245390355,0.017759990555793904,0.28137199588504813,-0.016750503080143142,0,3.357231616973877e-05,20,9.738973208836147e-06,84
2021-03-31,535.2872314453125,38790886.0,19.399999618530273,0.027896165924066407,0.026404523259214496,-0.0030286910965079405,38.84266529526468,-5.744541599025865,-5.470089913240487,0.0050508590235103235,-0.022112975511802024,-0.01568982964621546,0.01428923133605764,0.017570495764712687,0.2579260297384526,0.02555362248245352,1,2.4756789207458497e-05,20,6.929749534243629e-06,84
2021-04-01,548.9657592773438,43091157.0,17.329999923706055,0.0551233341731161,0.03687430242799983,-0.002345197043831182,45.12933576764124,-4.698804048410352,-5.315832740274461,0.019097357386264502,-0.028145630783933173,-0.05240553169861417,-0.03534558141734745,0.01695146737973483,0.14068678263967413,0.0,0,3.255307674407959e-05,20,8.75620614914667e-06,84
2021-04-02,548.9657592773438,43091157.0,17.329999923706055,0.0,0.0,0.003076761333436595,46.55626113411226,-3.8259463771485116,-5.017855467649271,0.046956543805054096,0.0,0.005765712211555085,-0.0435675895364539,0.0165563812767396,0.31654447624211673,0.0,0,3.255307674407959e-05,20,8.75620614914667e-06,84
2021-04-05,548.9657592773438,43091157.0,17.90999984741211,-0.002403934445131428,0.02014092203160156,0.0024172825752466487,45.40536785711185,-3.0984830007793107,-4.633980974275279,0.020338928059636663,0.01861265356475439,0.005765712211555085,-0.04053143706586315,0.016553147122962436,0.31654447624211673,0.0,0,3.255307674407959e-05,20,8.75620614914667e-06,84
2021-04-06,548.9657592773438,43091157.0,18.1200008392334,-0.01654625242935115,-0.011898553228400721,-0.005026206697744784,48.837214732167524,-2.493222714441231,-4.20582932230847,0.0050084742808258476,0.015176767129521762,0.010811237870384183,-0.03594027243722697,0.01654200712646046,0.31654447624211673,0.01328914957381122,1,3.255307674407959e-05,20,8.75620614914667e-06,84
2021-04-07,556.2610473632812,24603109.0,17.15999984741211,-0.02082655081602447,0.00011018133874962643,0.001574680830820796,54.34787353386676,-1.4086428397774853,-3.6463920258022733,0.008375083370209202,0.013468243759132692,0.01590810053613212,-0.0435675895364539,0.016485237446008896,0.31654447624211673,0.004918046637284679,1,3.255307674407959e-05,20,8.75620614914667e-06,84
2021-04-08,558.9967651367188,23976625.0,16.950000762939453,0.029527174576243542,0.010653750312046517,-0.0028629884562738628,63.09537469083863,-0.32461396642156615,-2.982036413926132,0.039182357967586956,0.05902799484719479,0.025959746829287145,-0.030857416176563013,0.016630363331919105,0.41033618779999953,-0.004893977826094242,0,3.255307674407959e-05,20,8.75620614914667e-06,84
2021-04-09,556.2610473632812,27303862.0,16.690000534057617,-0.0051041342782524035,-0.00203860963657565,0.0007160361348310662,60.0,0.3101618124452443,-2.3235967686518566,0.01827255286846996,0.06608711260272249,0.01069034279326364,-0.02609112775114064,0.01665206982209049,0.44550788345991804,-0.008196927268715348,0,3.255307674407959e-05,20,8.75620614914667e-06,84
2021-04-12,551.701416015625,22606128.0,16.90999984741211,-0.015472297587591943,-0.010987895344696796,0.0045574892409234735,56.17982513532986,0.44022737997875083,-1.7708319389257352,0.01328914957381122,0.03389836469060348,-0.002446003383490214,-0.030857416176563013,0.016665647420799682,0.41033618779999953,0.0,0,3.255307674407959e-05,20,8.75620614914667e-06,84
2021-04-13,551.701416015625,25971622.0,16.649999618530273,0.003060474871011909,-0.0017279179267082334,-0.0037333170572916297,70.42253653901265,0.5371137661661578,-1.3092427979073566,0.00498329211257631,0.01001672508378193,-0.005765171605534358,-0.03880140744917859,0.01670627171397227,0.3517153872048852,0.011570541059727768,1,3.255307674407959e-05,20,8.75620614914667e-06,84
2021-04-14,558.0848999023438,30077913.0,16.989999771118164,-0.0035458641814472003,-0.011934721598095499,0.0007078933127258047,74.02599547473946,1.1161247347274639,-0.8241692913803926,0.00498329211257631,0.013400110969686407,-0.009009180867843636,-0.03880140744917859,0.01670627171397227,0.3517153872048852,0.011437757493905965,1,3.255307674407959e-05,20,8.75620614914667e-06,84
2021-04-15,564.4681396484375,33530942.0,16.56999969482422,-0.020605612122092665,0.017875651053338215,-0.00281554051087729,71.01446885451992,2.0662507469953653,-0.24608528370524108,0.0032787709074861837,0.04258959885046387,0.013245256942049588,-0.02767981966751676,0.016814925193319955,0.43378450803804525,-0.014539513762934053,0,3.255307674407959e-05,20,8.75620614914667e-06,84
2021-04-16,556.2610473632812,48507383.0,16.25,0.004140142779000655,-0.005578770580821457,-0.0031199556190403266,57.97110305993277,2.13240763132967,0.22961329930174118,0.009787846465230565,0.028239248275704787,0.028239248275704787,-0.016558657238442964,0.016916034974708033,0.5158504900826051,-0.011475369004368186,0,3.255307674407959e-05,20,8.75620614914667e-06,84
2021-04-19,549.8777465820312,24231637.0,17.290000915527344,-0.02894646296889547,-0.02523149635231514,0.0003433798790331011,54.05405160951872,1.65072982731715,0.513836604904823,0.0,0.01328914957381122,0.032149149475753314,-0.07617193102850561,0.015148537603917146,0.42523226548809295,-0.0016585273915089571,0,3.255307674407959e-05,20,8.75620614914667e-06,84
2021-04-20,548.9657592773438,34771635.0,18.68000030517578,-0.0038995514617966576,-0.015632314209831244,-0.004530113461426399,61.53839025068347,1.1817840724911548,0.6474260984220894,-0.0033055369818772995,0.0016612826743294118,0.01686326270413563,-0.08262189462489689,0.01521715553690827,0.37664445844962635,-0.01661127019414055,0,3.255307674407959e-05,20,8.75620614914667e-06,84
2021-04-21,539.8467407226562,38458220.0,17.5,0.02131379804070188,0.02749383142945261,-0.003590917502681479,41.66672244272357,0.07346572947585628,0.5326340246328428,-0.004958582049758187,0.0,0.013468243759132692,-0.07290612497497828,0.015131776920528424,0.3731902359238516,-0.0016893448378825227,0,2.4119019508361815e-05,20,6.196044740222749e-06,84
2021-04-22,538.9347534179688,33868521.0,18.709999084472656,-0.017717285397574,-0.023097693701769395,-0.001641316224407774,40.98360295989396,-0.8684631929696707,0.25241458111234016,-0.03267990082311656,-0.02950827982370874,0.027777900434102776,-0.08550125105978201,0.015305210626220166,0.26819939959219574,0.01861265356475439,1,2.4119019508361815e-05,20,6.196044740222749e-06,84
2021-04-23,548.9657592773438,27754511.0,17.329999923706055,0.028789510527359452,0.020365974455532898,0.0037991549586497975,50.0,-0.7963504774088506,0.04266156940810202,-0.045234415261012684,-0.03588931630730141,0.027825975007385706,-0.07422759835229653,0.01519043965033037,0.2786947169613347,0.01328914957381122,1,3.173947334289551e-05,20,7.870651426769438e-06,84
2021-04-26,556.2610473632812,30887664.0,17.639999389648438,0.024275001544051378,0.016665737546802895,-0.001933337905959176,55.00000836639453,-0.1488163888187728,0.004365977762727058,-0.013114864182055763,-0.013114864182055763,0.020338928059636663,-0.03285573560827659,0.015051860295324725,0.4702994479711336,0.0,0,3.173947334289551e-05,20,7.870651426769438e-06,84
2021-04-27,556.2610473632812,26317481.0,17.559999465942383,-0.0020572364656895603,-0.007583978595462448,-0.007990832859932295,50.0,0.36020680182957676,0.075534142576097,0.011608581763724368,0.00826467218551974,0.018364182218491676,-0.03543613801955692,0.014984236913744604,0.7871671358251419,-0.013114864182055763,0,3.173947334289551e-05,20,7.870651426769438e-06,84
2021-04-28,548.9657592773438,24024054.0,17.280000686645508,-0.01327616059947978,-0.014608125476504474,0.0032076763647559403,42.857142857142854,0.1729489209598114,0.0950170982528399,0.01328914957381122,0.00826467218551974,0.021775530679620347,0.010722634143550014,0.01319519346889276,0.7871671358251419,-0.003322231802411646,0,3.173947334289551e-05,20,7.870651426769438e-06,84
2021-04-29,547.1419677734375,31828333.0,17.610000610351562,-0.004679950540487199,0.007553904476463202,-0.004093553697287922,43.42106306060352,-0.12122166317817573,0.05176934596663677,0.016891865536653006,-0.01634005977691877,0.02555362248245352,-0.002532855928972233,0.01335759447667382,0.6072421008264214,0.0,0,3.173947334289551e-05,20,7.870651426769438e-06,84
2021-04-30,547.1419677734375,31828333.0,18.610000610351562,-0.019815373779708212,-0.029199066281225594,-0.0006118920845618048,46.47894493726374,-0.35031574860613546,-0.028647672947917677,0.01522858621274259,-0.03069468524085539,-0.003322231802411646,-0.010743643873741493,0.01334421156185483,0.5622615947373967,-0.019999946454710593,0,3.173947334289551e-05,20,7.870651426769438e-06,84
2021-05-03,536.1991577148438,41762441.0,18.309999465942383,-0.00685263813894188,-0.011453915108678214,0.0028992165555055127,39.759143988639416,-1.3987439313380037,-0.30266692462593486,-0.003322231802411646,-0.01639352536559746,-0.003322231802411646,-0.031419634954222286,0.012903955983612221,0.5681819564701516,0.005101827676834647,1,2.3421645164489745e-05,20,5.558133125305176e-06,84
2021-05-04,538.9347534179688,40273595.0,19.479999542236328,-0.00500269459455327,-0.015966078418475638,0.002783092616461813,36.708746007404834,-1.9859977627864964,-0.6393330922580472,-0.036065602190792134,-0.024875690918957583,-0.02325573379896384,-0.01762410745576226,0.012198834527105516,0.2954556517612126,-0.010152202056035287,0,2.3421645164489745e-05,20,5.558133125305176e-06,84
2021-05-05,533.46337890625,29254785.0,19.149999618530273,0.0001733096275653434,0.006140185317964564,-0.0011029890401905718,28.205119404137747,-2.8599273893543113,-1.0834519516773,-0.031147775001396205,-0.01827255286846996,-0.01827255286846996,-0.012612194938124932,0.012227778265528585,0.3636345658880296,0.0034188898641962506,1,2.3421645164489745e-05,20,5.558133125305176e-06,84
2021-05-06,535.2872314453125,30725590.0,18.389999389648438,0.014040532482740398,0.007670394096875199,-0.0002939674112609758,33.80282752333879,-3.3665458128728005,-1.5400707239164002,-0.028239248275704898,-0.011824396323781183,-0.04098375855202141,-0.017733311635710125,0.01230250119457635,0.2272721741193937,0.020442761158138145,1,2.3421645164489745e-05,20,5.558133125305176e-06,84
2021-05-07,546.22998046875,28075722.0,16.690000534057617,-0.0014527663204190189,0.014940238805908335,0.0022592693141363362,47.36831444426146,-2.8521780366900202,-1.8024921864711243,-0.02166665513955579,-0.0067680214525476234,-0.04241443809716394,-0.009405185389500637,0.012293341870802336,0.2727278258806063,-0.016694355574744857,0,3.080368041992187e-05,20,6.931168692452567e-06,84
2021-05-10,537.1110229492188,20434079.0,19.65999984741211,-0.03868883718442073,-0.046567648933562134,-0.006984398409560111,42.35293932369097,-3.144118093527254,-2.0708173678823503,-0.0016668202375313967,-0.004983514476740947,-0.018033020543284928,0.007458593638131283,0.012688578388407073,0.545452609417878,-0.03056047441672627,0,2.2798776626586914e-05,20,4.874098868597121e-06,84
2021-05-11,520.6966552734375,59349193.0,21.84000015258789,0.004808060974827555,0.002999518730864681,-0.0007746834120708757,38.70961705790443,-4.6464239003022385,-2.585938674366328,0.001700609225611549,-0.03442632646099353,-0.026446176578225455,-0.02888002622015884,0.01255451498412912,0.3181819564701516,-0.019264352262441387,0,1.500248908996582e-05,20,3.04764225369408e-06,84
2021-05-12,510.665771484375,131741482.0,27.59000015258789,-0.041116532220302315,-0.04195554014003744,0.006696384970054758,34.95145504888936,-6.5706778813724895,-3.3828865157675607,-0.03384101327454525,-0.06393471600864664,-0.056198443292212574,-0.06622433486045731,0.013293017391456366,0.0,-0.02321433608374479,0,7.3820352554321286e-06,20,1.3730355671473911e-06,84
2021-05-13,498.8110046386719,66765627.0,23.1299991607666,0.004990388515396127,0.015007993451107149,0.0038328026526472936,23.809452476424894,-8.949084163277007,-4.496126045269451,-0.04273509358527383,-0.0697675349431387,-0.08496758902859824,-0.07971652611398128,0.01356358676768411,0.0,0.018281632732720876,1,0.0,20,0.0,84
2021-05-14,507.9300842285156,37533726.0,18.809999465942383,0.034114889941899484,0.030228678631886607,-0.0031044780426563445,25.23356506090002,-9.983076078818385,-5.593516051979238,-0.06814327834451106,-0.08833349657209755,-0.11631681293944818,-0.10401330913928364,0.013928718901178179,0.0,-0.014362719978360805,0,7.06017017364502e-06,20,1.0487579164050874e-06,84
2021-05-17,500.63482666015625,56270958.0,19.719999313354492,-0.023652903922446566,-0.008985664470119947,0.000819688136178387,23.47817736312473,-11.261374324894291,-6.727087706562249,-0.07011679623913558,-0.07166674438170473,-0.08688539915541094,-0.07781459632257315,0.014228893952760701,0.13888939242456144,0.04189456233607691,1,7.06017017364502e-06,20,1.0487579164050874e-06,84
2021-05-18,521.6087036132812,43689316.0,21.34000015258789,0.00947169806762771,-0.008623746959634637,0.0033726628756043375,38.46155034289598,-10.461425509178639,-7.473955267085527,-0.06791183708868165,-0.06632671935975132,-0.08955248730824739,-0.08803997662952634,0.014358588523644869,0.027777971445344146,-0.008741361639318934,0,1.3965368270874024e-05,20,2.004560970124744e-06,84
2021-05-19,517.0491333007812,28908777.0,22.18000030517578,0.014074501889510316,0.01984539162936394,-0.003161713514924669,37.59397474615055,-10.079192866419362,-7.995002786952295,0.0017515924686799522,-0.032148696469849525,-0.049833810582421756,-0.032148696469849525,0.015648292072555137,0.3472234810614036,0.0,0,1.3965368270874024e-05,20,2.004560970124744e-06,84
2021-05-20,517.0491333007812,29709287.0,20.670000076293945,0.007829243062798419,0.026388580029959474,-0.0026675804134449477,37.59397474615055,-9.664860250395236,-8.328974279640883,0.01250007768848782,-0.030769207886626737,-0.04222977690178764,-0.04384516024755436,0.015683700481388667,0.2777783200469636,0.010582041810893283,1,1.3965368270874024e-05,20,2.004560970124744e-06,84
2021-05-21,522.5205688476562,27376731.0,20.149999618530273,-0.012623558018734049,-0.004569310714482189,0.002136927485614226,44.09447366479399,-8.79363202896866,-8.42190582950644,0.036563204284798534,-0.034071610666458696,-0.040609034727092874,-0.04545435082630134,0.015678954070947007,0.2777783200469636,-0.008725873226852476,0,1.3965368270874024e-05,20,2.004560970124744e-06,84
2021-05-24,517.9611206054688,15629736.0,18.399999618530273,0.015914008137790425,0.023223315272959066,-5.370506244251061e-05,41.085339291106614,-8.374550153678229,-8.412434694340797,0.02872537987447976,-0.043405547972206526,-0.04817275027225709,-0.005208232868119889,0.015071910927331211,0.36111176958083674,0.02640817084056324,1,1.3965368270874024e-05,20,2.004560970124744e-06,84
2021-05-25,531.6395263671875,33039911.0,18.84000015258789,0.005720287796485923,0.0037432008784428206,0.0022684271317261473,49.275344043038004,-6.859618308528184,-8.101871417178275,0.034608646907167806,-0.0356535269721332,-0.0688524334740982,-0.012173754938098136,0.015129870374731166,0.2916684677750339,0.0034306187719437276,1,2.0629167556762697e-05,20,2.6651791163853237e-06,84
2021-05-26,533.46337890625,18703987.0,17.360000610351562,0.015050780108468942,0.0020129898046732375,-0.006850546741188235,49.275344043038004,-5.449041095581833,-7.571305352858987,0.019230550955957604,0.021015827512860685,-0.04426252945950748,-0.011864592134650964,0.015143543747667064,0.4999993027967611,-0.005128105970254482,0,2.0629167556762697e-05,20,2.6651791163853237e-06,84
2021-05-27,530.7277221679688,62169719.0,16.739999771118164,-0.001982564862276548,0.00582303586021915,-0.005481574945320644,43.410896151744815,-4.500019701648284,-6.957048222616847,0.03174600738750333,0.04464291263463416,-0.028239248275704898,-0.02337220954357777,0.014958540402728827,0.5277777390442645,0.013745705652949525,1,2.0629167556762697e-05,20,2.6651791163853237e-06,84
2021-05-28,538.02294921875,29086873.0,16.760000228881836,0.013734115581481188,0.008638083764219928,0.004301047842272254,50.39371033185926,-3.123246711448246,-6.190287920383128,0.02645510452723321,0.06398559220323663,-0.029999975458409045,-0.025125698563593923,0.01496950100558392,0.48611194388164647,0.011864478691244296,1,2.0629167556762697e-05,20,2.6651791163853237e-06,84
2021-05-31,544.4063110351562,30657474.0,16.760000228881836,0.0,0.0,-0.0060099979469249165,61.20697265556256,-1.4997718111343374,-5.2521846985333696,0.029668459569509364,0.05924607721541397,-0.01666664063770651,0.00511074730112826,0.014901338995695016,0.5972229000587045,0.001675083941986788,1,2.0629167556762697e-05,20,2.6651791163853237e-06,84
2021-06-01,545.3182373046875,17818326.0,17.899999618530273,0.009798938791434786,-0.0038411296223227476,-0.003740046758353377,67.92457953107518,-0.13798086988720115,-4.229343932804136,0.051056323298502626,0.08743196047108648,0.015306166006096467,-0.008305523914987956,0.014477603316322944,0.6944455677163294,-0.005017072035640724,0,2.0629167556762697e-05,20,2.6651791163853237e-06,84
2021-06-02,542.5823364257812,21872755.0,17.479999542236328,0.0037127256009572562,0.007138508915733421,0.0023658256413328083,74.99990413472175,0.7122732831415988,-3.2410204896149892,0.025729296372994925,0.04545463587391452,0.011844632112206765,-0.006644352422740973,0.014480182992631154,0.7083347858400811,0.0016804900159950176,1,2.0629167556762697e-05,20,2.6651791163853237e-06,84
2021-06-03,543.494140625,21077164.0,18.040000915527344,-0.017906824167557733,-0.018076446964183535,-0.0013704629347449648,72.41364587007673,1.4430462647043214,-2.3042071387511274,0.017093877255881518,0.04938254699703104,0.017093877255881518,-0.011628089263646668,0.014500383627497183,0.6666652722601888,-0.001677670707121548,0,2.0629167556762697e-05,20,2.6651791163853237e-06,84
2021-06-04,542.5823364257812,15756180.0,16.420000076293945,0.023026766027420598,0.02387557063154322,0.0028971699929969397,78.7499686258105,1.926407709982982,-1.4580841690043056,0.02405455363228759,0.05114602389021883,0.015331785810635212,-0.009967140135564323,0.01450319989893619,0.6805526311753034,-0.005041807518367691,0,2.0629167556762697e-05,20,2.6651791163853237e-06,84
2021-06-07,539.8467407226562,17077625.0,16.420000076293945,-0.010793974816532548,-0.006994089000500359,-0.003178454040775325,66.66670385103643,2.0649321741543645,-0.7534809003725716,0.008474335924985699,0.03839421598726411,-0.006677853968832914,-0.02459045263431281,0.01434833087969952,0.6666652722601888,-0.005067582273026949,0,2.0629167556762697e-05,20,2.6651791163853237e-06,84
2021-06-08,537.1110229492188,13396324.0,17.06999969482422,-0.019455174346060256,-0.006404172740554048,0.0031522926766149872,68.96562468265031,1.9316968502064356,-0.2164453502567702,-0.00837530759669236,0.04225340328942906,0.005093393463451834,-0.034257844782659586,0.014339029422660457,0.6250004067018894,-0.005093507099466876,0,2.0629167556762697e-05,20,2.6651791163853237e-06,84
2021-06-09,534.375244140625,20023490.0,17.889999389648438,0.010438011196117314,-0.004017378280936512,-0.0012996551722471716,65.5737758880812,1.5870577957132355,0.14425527893723095,-0.01505032070087009,0.010291741510303432,0.03152385848755146,-0.03442632646099353,0.014340284093723751,0.5833336819349528,0.022184291765217523,1,2.0629167556762697e-05,20,2.6651791163853237e-06,84
2021-06-10,546.22998046875,28527745.0,16.100000381469727,0.009476872612223186,0.011945613301987956,0.0069815143394595935,69.11765140128686,2.2446322857958876,0.5643306803089623,-0.015125985005740916,0.0017093305190780672,0.046428552646739174,-0.03140497988953739,0.014308852042517013,0.5416660275636976,0.0050084742808258476,1,2.7126073837280275e-05,20,3.137049220857166e-06,84
2021-06-11,548.9657592773438,24227710.0,15.649999618530273,8.47544483466578e-05,0.004333287808222508,-0.007991440532836847,75.75754502677268,2.952484884856176,1.041961521218405,0.005033798231207864,0.029209437633022306,0.09506401300113132,-0.009917385361070119,0.01473686054111024,0.7222212151508771,0.0,0,2.7126073837280275e-05,20,3.137049220857166e-06,84
2021-06-14,548.9657592773438,24227710.0,16.389999389648438,0.02317112211337946,0.014105664215114722,0.00303002470849556,68.62749729977308,3.473423703095932,1.5282539575939105,0.011764892483623335,0.020338928059636663,0.08079000697735084,-0.01634005977691877,0.014644262140029002,0.7638888695221322,0.011627755717399602,1,2.7126073837280275e-05,20,3.137049220857166e-06,84
2021-06-15,555.3489990234375,26012250.0,17.020000457763672,-0.01272845794250066,-0.009019059953548347,-0.00015194752635017128,71.42853727975293,4.351187785985303,2.092840723272189,0.016891865536653006,0.008375083370209202,0.0965392937994618,-0.027463694196715793,0.01452676826227044,0.873015097292304,-0.0065680914420060965,0,2.7126073837280275e-05,20,3.137049220857166e-06,84
2021-06-16,551.701416015625,25856919.0,18.149999618530273,-0.01197171770947647,-0.007740274538063585,-0.002735540137186243,70.17537267427183,4.698333220264203,2.613939222670592,0.033955691272310906,0.018394326528172744,0.06468506981657107,-0.0016396049016319525,0.014473637052279623,0.9841244967524965,0.005809222093054567,1,2.7126073837280275e-05,20,3.137049220857166e-06,84
2021-06-17,554.9063720703125,22872361.0,17.75,0.013192544868579903,0.009590707644842045,0.004237852911618267,67.62796329339791,5.172437012506066,3.125638780637687,0.032423230800790126,0.016806812492118572,0.06701932269691202,0.003316499794598693,0.01439783132877348,0.9206331078026669,-0.0049506213767323,0,2.7126073837280275e-05,20,3.137049220857166e-06,84
2021-06-18,552.1592407226562,32652017.0,20.700000762939453,-0.027955021031079164,-0.024414289431116454,0.0002529073491499556,58.75998587632961,5.265796320432287,3.553670288596607,0.015884136557493322,0.0209978923272085,0.07321787492003917,0.010821463256267538,0.014420670864781226,0.9764199428107917,-0.033167462124071956,0,2.7126073837280275e-05,20,3.137049220857166e-06,84
2021-06-21,533.8455200195312,44279632.0,17.889999389648438,-0.014249914299982902,0.006083440259379236,0.0034676060407665688,40.695847584728774,3.818008413624625,3.6065379136022107,0.0058172689122111265,0.017650600939135064,0.05672249791116135,0.022807398973119897,0.014196519402239916,0.9286022003449625,-0.008576205978945928,0,2.0065903663635253e-05,20,2.0882913044520786e-06,84
2021-06-22,529.2671508789062,27823974.0,16.65999984741211,0.0016644085826100774,0.004237069299596774,0.005993308042535395,39.51497709363063,2.274965553328002,3.3402234415473693,-0.027543137258172035,-0.011116526692541595,0.03066716551136972,-0.009443134565290445,0.015122912112324575,0.6098257498049161,0.029411707045817748,1,2.0065903663635253e-05,20,2.0882913044520786e-06,84
2021-06-23,544.8338012695312,34392376.0,16.31999969482422,0.015044343339760013,0.003701239492160946,0.00010018741461803593,50.85709689033423,2.281887382794025,3.1285562297967004,-0.04696478825098327,-0.014603818829192261,-0.00446237604734212,-0.035883127618685506,0.014881726795799589,0.5301326995739228,-0.00840346395592384,0,2.6339292526245116e-05,20,2.3118087223597935e-06,84
2021-06-24,540.2553100585938,16524230.0,15.970000267028809,0.01025420232672869,0.017696648539498927,0.0030196518945295736,48.577920808771644,1.8960702878246138,2.8820590414022833,-0.012448064381801904,0.019571559954513873,0.02131434473832816,-0.020542955772143268,0.015450092688252917,0.8010924700521588,0.0016948457461032351,1,2.6339292526245116e-05,20,2.3118087223597935e-06,84
2021-06-25,541.1709594726562,18841696.0,15.619999885559082,-0.006056054529704924,-0.0037863630753254274,-0.0045872105787782,50.82765945109577,1.6452275565592345,2.6346927444336736,-0.02640276405018882,-0.010938012602364044,0.017951931833720236,-0.02877378773968786,0.015499413739888637,0.7330345879953817,-0.001691978104210845,0,2.6339292526245116e-05,20,2.3118087223597935e-06,84
2021-06-28,540.2553100585938,15028407.0,15.760000228881836,0.026431143691203696,0.025192169194753422,-0.001444073621782116,52.01098633422439,1.3569060610665247,2.379135407760244,-0.019900565705680773,-0.01419906373568458,0.005851070588117846,-0.01419906373568458,0.015375206583553713,0.7492298815148354,0.008474680629128706,1,2.6339292526245116e-05,20,2.3118087223597935e-06,84
2021-06-29,544.8338012695312,28659610.0,16.020000457763672,0.005183435732031283,0.007742744946380498,-0.0017871681871741707,56.5349279778499,1.4807856006718794,2.1994654463425714,0.012006825567868473,-0.015867017334954325,-0.007624821557761896,-0.01258660113913146,0.01536925445958266,0.7330345879953817,0.0,0,2.6339292526245116e-05,20,2.3118087223597935e-06,84
2021-06-30,544.8338012695312,24883853.0,15.829999923706055,-0.0005822619441134824,-0.001063062605945353,0.002153447075292414,48.9758933120349,1.560967170440449,2.071765791162147,0.029411707045817748,-0.018934395798672288,-0.0008883547294340488,-0.004218587934863072,0.015427284995748625,0.8140153737618324,-0.0033612063419300453,0,2.6339292526245116e-05,20,2.3118087223597935e-06,84
2021-07-01,543.0025024414062,18250994.0,15.479999542236328,-0.014480779555825385,-0.015021029178121426,-0.0020770441327403466,45.56709207192688,1.4599121727684405,1.9493950674834057,0.0,-0.012448064381801904,0.004149535826362127,0.01610342618120919,0.015099601621068298,0.8140153737618324,-0.008431917395422706,0,2.6339292526245116e-05,20,2.3118087223597935e-06,84
2021-07-02,538.4239501953125,18322419.0,15.069999694824219,0.004137852649576335,0.0063033811711807886,0.0021927857820869256,42.662972601215095,0.9988602185192121,1.7592880976905672,0.0050849891369222355,-0.021452032681646527,-0.00090458782688696,0.007547757864267535,0.015093042844170847,0.7816247867229252,0.005101944808263648,1,2.6339292526245116e-05,20,2.3118087223597935e-06,84
2021-07-05,541.1709594726562,28836816.0,15.069999694824219,0.0,0.0,0.002116288814962397,39.60608422591854,0.8453887982143442,1.5765082377953226,-0.005076047096134961,-0.02487559659305394,-0.007664064882505706,0.00929880378899317,0.015066324785820316,0.7006429214141788,0.001691978104210845,1,2.6339292526245116e-05,20,2.3118087223597935e-06,84
2021-07-06,542.0866088867188,12997112.0,16.440000534057617,0.009587033093141795,-0.002385573465354729,0.0011024363241982638,42.6572709466974,0.7885568546731747,1.418917961170893,0.0016948457461032351,0.013722021031209453,0.002452953125598789,0.010991721232463059,0.015076973067281101,0.7492298815148354,0.0033785780787964903,1,2.6339292526245116e-05,20,2.3118087223597935e-06,84
2021-07-07,543.9180908203125,16966158.0,16.200000762939453,-0.014993683047456408,-0.013963440015823725,-0.0025707007491830858,41.428549663677984,0.881145123186343,1.3113633935739832,-0.005042257613993795,0.024221148028031658,0.009263607941202956,-0.007585397598417365,0.014742021109874092,0.765425175034289,-0.010101044105214396,0,2.6339292526245116e-05,20,2.3118087223597935e-06,84
2021-07-08,538.4239501953125,21140426.0,19.0,-0.0032135372456089106,-0.011932294245094677,-0.0005484749429269797,39.72603865444475,0.5053652253185419,1.150163759922895,-0.0016807151962396905,-0.0016807151962396905,0.017857950540044465,0.012673483842720046,0.014513716771695044,0.7978190007000832,-0.006802782009214248,0,2.6339292526245116e-05,20,2.3118087223597935e-06,84
2021-07-09,534.7611694335938,29029415.0,16.18000030517578,0.02282171861610882,0.017245767815627033,0.0028118780778858543,50.87715605449336,-0.08699601155637993,0.9027318056270401,-0.008431917395422706,-0.0033898044668596583,-0.014290739345245607,0.03404534049208685,0.013773625956636596,0.7006429214141788,0.01541124052919085,1,2.6339292526245116e-05,20,2.3118087223597935e-06,84
2021-07-12,543.0025024414062,31304547.0,16.170000076293945,0.01716998552096438,0.01238721102508622,-0.00032184803806400986,62.29506405409304,0.10732298594905387,0.7436500416914429,-0.006802782009214248,-0.011844297863485731,-0.02587518365890229,0.04718428235199634,0.013459532092914278,0.6358585087094774,0.023608581885590896,1,3.233253955841065e-05,20,2.250784919375465e-06,84
2021-07-13,555.822021484375,52540315.0,17.1200008392334,0.010356398299951941,-0.005480548781636063,0.00029335951163789176,60.34476616235038,1.2809838565282234,0.851116804658799,0.0033844073424316168,0.0050849891369222355,-0.010862711808815706,0.08859367053208,0.013065464235682951,0.7743455479860827,0.009884602224235817,1,3.8042664527893066e-05,20,1.951342537289574e-06,84
2021-07-14,561.3161010742188,38418875.0,16.329999923706055,0.003954704702386458,-0.0035234159938545284,0.002145965054271892,69.49147946802597,2.624194775328192,1.2057323987926776,0.025338040771500703,0.020168022228503002,0.0008517571144799341,0.09428844390778979,0.01325085929036677,1.0,0.0016314719685084356,1,3.8042664527893066e-05,20,1.951342537289574e-06,84
2021-07-15,562.2318725585938,22012834.0,17.010000228881836,-0.05514903394147719,-0.021719681772050747,-0.001877246831716306,69.49154840152832,3.719715644647863,1.7085290479637147,0.03198645264338862,0.030251977330117308,0.017427334386833415,0.12120865585576701,0.013036665673823085,1.0,-0.04071656552434333,0,3.8042664527893066e-05,20,1.951342537289574e-06,84
2021-07-16,539.3397216796875,57970545.0,18.450000762939453,-0.015230364702250476,-0.022466090884252776,-0.0031073033461498367,49.39765712271155,2.7094853081091514,1.9087202999928021,0.044217799662598534,0.03541304143301338,0.013201327029189303,0.077880542759176,0.011479920038711759,1.0,-0.01188462636176002,0,3.113746643066406e-05,20,9.955394835699172e-07,84
2021-07-19,532.9298706054688,40644341.0,22.5,-0.003369625060633097,0.0006549328794700493,0.003310667475223461,42.35296331787464,1.3757898270301894,1.8021342054002796,0.008561863702525763,0.0017008372009506,-0.023217068732184543,0.04311116089994327,0.013139785181077843,0.49334300542772,-0.0017182569409712745,0,3.113746643066406e-05,20,9.955394835699172e-07,84
2021-07-20,532.01416015625,15354333.0,19.729999542236328,0.009102784344880321,0.013801367198665204,0.0037644428540022368,41.8604759310169,0.24214507152316855,1.4901363786248574,-0.01854988106067601,-0.015228254071907421,-0.0017151954633412014,0.03071417449886571,0.013290931907223502,0.33811826859975846,0.006884742993763515,1,3.113746643066406e-05,20,9.955394835699172e-07,84
2021-07-21,535.6769409179688,25828732.0,17.90999984741211,0.012628911193836911,0.03064919548243239,-0.002785146330062438,45.45452479708174,-0.3566099903639497,1.120787104827096,-0.042833605736857794,-0.018580884613907944,0.005190213057398418,0.01816883750534548,0.013205532319908397,0.31743394748887405,0.010256216265857265,1,3.113746643066406e-05,20,9.955394835699172e-07,84
2021-07-22,541.1709594726562,26058172.0,17.690000534057617,-0.011113969325198036,-0.00891830577727104,-0.0013393424013419253,51.68535875707272,-0.3833868636580746,0.819952311130062,-0.04567686568616691,-0.015151453943947346,-0.016806703861298344,0.03420299247903236,0.01315872230197848,0.19444393013068095,-0.010152094192269923,0,3.113746643066406e-05,20,9.955394835699172e-07,84
2021-07-23,535.6769409179688,15271451.0,17.200000762939453,0.0019730801926891584,0.0063324570670466596,0.0012195828206831294,46.73919501073001,-0.8382661007877914,0.4883086287464913,-0.03745947911151659,0.005101944808263648,0.0016948457461032351,0.017928375586742318,0.012619609715100458,0.36110751091476667,-0.00854699880852694,0,3.113746643066406e-05,20,9.955394835699172e-07,84
2021-07-26,531.0985107421875,21619179.0,17.579999923706055,-0.009760848741912742,-0.0009573412262751102,0.0008072048895577666,43.75009112982233,-1.5503309746607101,0.080580708065051,-0.006791231230497186,0.0017124868758608969,-0.010152094192269923,0.0041494169970150985,0.012716380053855262,0.19444393013068095,0.0,0,3.113746643066406e-05,20,9.955394835699172e-07,84
2021-07-27,531.0985107421875,17785992.0,19.360000610351562,-0.01824473239507418,-0.01859976826562193,0.0010314739798571448,42.553214120089685,-2.0905489701490296,-0.3536452275777652,-0.0034363993543852223,-0.021922535615760408,-0.01694902233429807,0.0006986418058285704,0.012762035358618324,0.05555514410454476,-0.0017242968410798865,0,3.113746643066406e-05,20,9.955394835699172e-07,84
2021-07-28,530.1827392578125,36158305.0,18.309999465942383,0.013475304910509411,0.017562346969428155,-0.0008307485781863244,44.94380760226297,-2.5630257634287545,-0.795521334747963,-0.001721099704928064,-0.04448098453559113,-0.025210055791947572,-0.012870154491768981,0.012578400598578341,0.05555514410454476,0.006908525099942331,1,3.113746643066406e-05,20,9.955394835699172e-07,84
2021-07-29,533.8455200195312,23224896.0,17.700000762939453,0.009385705755631024,0.01857630826125578,-0.004456871264529649,49.43822580910911,-2.6118039792979744,-1.1587778636579653,-0.010256558086560674,-0.05546493634660532,-0.026890883013461986,-0.026126757697386815,0.01243363142946931,0.027774794757949542,-0.005145700721143509,0,3.113746643066406e-05,20,9.955394835699172e-07,84
2021-07-30,531.0985107421875,18999281.0,18.239999771118164,0.004218721163446348,0.006987207381027094,-0.0019355838620490617,42.168621483037064,-2.8393910254873163,-1.4949004960238355,-0.013536275967696576,-0.0504886932323535,-0.016863609984676065,-0.021038572525763577,0.012482645501269263,0.13888693449658762,0.017241244573648062,1,3.113746643066406e-05,20,9.955394835699172e-07,84
2021-08-02,540.2553100585938,23482491.0,19.459999084472656,0.0018859963654873635,0.006244532524528168,0.002840781628680622,39.24046894840976,-2.25488530680002,-1.6468974581790725,-0.00854699880852694,-0.015280185393788615,-0.013605337300593212,-0.021165129995278753,0.012483814187093252,0.05555514410454476,0.006779721908372283,1,3.6689639091491697e-05,20,5.151544298444475e-07,84
2021-08-03,543.9180908203125,22747702.0,18.040000915527344,0.013263892711384395,0.005675789396986319,-0.00011461536470191991,37.66236351942216,-1.479054893140983,-1.6133289451714548,0.017241244573648062,0.013745597417541111,-0.001691978104210845,-0.005959274119646807,0.012775556593126952,0.3333308646272686,0.0033668650832390234,1,3.6689639091491697e-05,20,5.151544298444475e-07,84
2021-08-04,545.7493896484375,20313271.0,17.969999313354492,0.002786950613687056,0.011846929417607122,-0.0025285900086162716,38.461426712163124,-0.7082687093338791,-1.4323168980039398,0.024137857325583933,0.02237521396153519,0.0033785780787964903,0.0024618464422017095,0.012816061155611451,0.44444300436590667,0.0,0,3.6689639091491697e-05,20,5.151544298444475e-07,84
2021-08-05,545.7493896484375,15116242.0,17.280000686645508,0.004042347394588308,-0.00361952391972975,-0.004868857324872744,56.603650193174495,-0.09630496180022874,-1.1651145107631977,0.02936091509206107,0.018803215074384205,0.0033668650832390234,0.0109339345420143,0.012798819488226226,0.49999629694090286,-0.008389253863812063,0,3.6689639091491697e-05,20,5.151544298444475e-07,84
2021-08-06,541.1709594726562,13687213.0,16.149999618530273,-0.008471797613820109,-0.0036239034040209672,0.00042214695517728273,58.82346790741443,0.019020409986296727,-0.9282875266132988,0.022298341341275618,0.008460228871561615,0.013605337300593101,0.01608301883619223,0.012770459333439751,0.49999629694090286,0.006768363550853307,1,3.6689639091491697e-05,20,5.151544298444475e-07,84
2021-08-09,544.8338012695312,17390951.0,16.719999313354492,8.473141921361282e-05,-0.003601951579438545,0.0034587822656699796,62.96302239492235,0.4013507972051684,-0.6623598618496054,0.018965311569774324,0.010256216265857265,0.011986266777469279,0.012717122296636463,0.01281546237373874,0.36110751091476667,-0.006722860784958873,0,3.6689639091491697e-05,20,5.151544298444475e-07,84
2021-08-10,541.1709594726562,17190865.0,16.790000915527344,-0.01573349399973567,-0.012027287944052278,-0.0013190604335480138,55.5554595502012,0.40413109060659735,-0.44906167135836483,0.008474680629128706,0.025862039244187063,0.003372542151999669,-0.0025560281367577042,0.01238946432774412,0.47222150218295333,-0.001691978104210845,0,3.6689639091491697e-05,20,5.151544298444475e-07,84
2021-08-11,540.2553100585938,19969687.0,16.170000076293945,-0.00317965531534381,-0.0023639453952818412,0.0014611821242085377,48.97963347879553,0.3286606425417631,-0.29351720857833924,-0.005050634266481446,0.018965311569774324,-0.026359268696464544,-0.01419906373568458,0.012406358435300361,0.36110751091476667,-0.006779721908372394,0,3.6689639091491697e-05,20,5.151544298444475e-07,84
2021-08-12,536.592529296875,15444622.0,15.59000015258789,-0.0025001829575796997,-0.011331174174846081,-0.001247040309911407,51.063712107782315,-0.02640168542450283,-0.24009410394757197,-0.010067037534174705,0.018998300123616918,-0.037520375730038635,-0.015867017334954325,0.01240822440404329,0.3333308646272686,-0.008532301309942314,0,3.6689639091491697e-05,20,5.151544298444475e-07,84
2021-08-13,532.01416015625,22524428.0,15.449999809265137,-0.0017285366702417537,0.0066647585196748516,0.00017988092582732484,51.063784525842266,-0.6695095754146223,-0.32597719824098204,-0.016778507727624237,0.005145700721143509,-0.0456027922163853,-0.033774202815788135,0.012301085339332978,0.2222187248886305,0.005163413839468056,1,3.6689639091491697e-05,20,5.151544298444475e-07,84
2021-08-16,534.7611694335938,19315705.0,16.1200008392334,-0.00753258307052973,-0.0037181402139510045,0.0004137683724649843,53.9999013505641,-0.9466046514260142,-0.4501026888779885,-0.016920344959620692,0.0017240669961264832,-0.013582462460994371,-0.035684620861689886,0.01232747559266686,0.08333179039204287,0.0,0,3.6689639091491697e-05,20,5.151544298444475e-07,84
2021-08-17,534.7611694335938,0.0,17.90999984741211,-0.030707444150520402,-0.019809496769654045,-0.0006581203164657268,55.102043592467695,-1.1529144158060944,-0.5906650342636097,-0.018487531082812758,-0.010169526375231941,0.0034362848268281176,-0.036303786820033435,0.012319443385693529,0.16666358078408575,-0.017123499134340414,0,3.6689639091491697e-05,20,5.151544298444475e-07,84
2021-08-18,525.6041870117188,43716164.0,21.56999969482422,-0.0059401098990932155,-0.014735229219632662,0.003947547414152153,41.818034185548214,-2.031886026500615,-0.8789092327110108,-0.011844297863485731,-0.016835110913315465,0.005163413839468056,-0.0315091553412965,0.012302488087108949,0.16666358078408575,-0.02613220996716137,0,3.0025839805603027e-05,20,-1.454637164161319e-07,84
2021-08-19,511.8689880371094,38868947.0,21.670000076293945,0.0006337446406077252,0.008426759412047291,-0.002050272910535056,34.328268375292055,-3.793068989817016,-1.4617411841322119,-0.027118887633489464,-0.03691291830797272,-0.018803784775556553,-0.01543767381903094,0.011491747227375641,0.0,-0.012522444656783982,0,2.352893352508545e-05,20,-6.173338208879744e-07,84
2021-08-20,505.4591369628906,45614061.0,18.559999465942383,-0.02171567213394987,0.0063753741854233326,0.00631416798043416,20.312476403881192,-5.641014485631558,-2.297595844432081,-0.04607507542485201,-0.06208051214340948,-0.05414549861304485,-0.03287217582444957,0.012102953188702414,0.0,0.025362550062987266,1,2.352893352508545e-05,20,-6.173338208879744e-07,84
2021-08-23,518.2788696289062,33685159.0,17.149999618530273,0.026267247284283313,0.026258255724128654,-0.001677456572554803,31.08113342148593,-6.001893228531912,-3.0384553212520475,-0.049914128574247485,-0.06598990926003312,-0.05641049977491108,-0.0722691290718247,0.011256372129307362,0.0,0.010600624319833107,1,2.8845667839050292e-05,20,-1.386517570132301e-06,84
2021-08-24,523.77294921875,24844800.0,17.219999313354492,0.010363963243126051,0.0010113323426990117,-0.0024954892170808707,34.6154569234332,-5.777961185420281,-3.5863564940856945,-0.030821796246247923,-0.048739508412930066,-0.02413797224806058,-0.04067787955162172,0.011951868711931714,0.22580790817108157,0.022727389257071184,1,2.8845667839050292e-05,20,-1.386517570132301e-06,84
2021-08-25,535.6769409179688,27504657.0,16.790000915527344,0.04388549763491145,0.008118681864333954,-0.00029026000624543524,43.956126459631335,-4.587063965547145,-3.7864979883779846,-0.02054790220928382,-0.03214882459853308,-0.013793225503871853,-0.03214882459853308,0.012077695378228524,0.3225811133407048,0.015384552279254837,1,3.392994403839111e-05,20,-2.3472876775832402e-06,84
2021-08-26,543.9180908203125,43822008.0,18.84000015258789,0.00914300011169189,-0.0006405112507523736,-0.00029403683720852225,51.578983927052896,-2.9443369325188087,-3.6180657772061497,0.019164143199691397,-0.00847445467982244,0.010362845210403204,-0.00847445467982244,0.01260532087319484,0.5322590789048603,0.008417387135846388,1,3.874003887176514e-05,20,-3.60111395517985e-06,84
2021-08-27,548.4964599609375,27105651.0,16.389999389648438,0.0033022893476959414,0.019600123635315825,0.0011368208333430996,52.083281259112994,-1.258520357731527,-3.1461566933112253,0.06261192518441772,0.013652000584198465,0.018867950414593215,-0.0016807151962396905,0.01276438385675015,0.6774194241986229,0.01001695197030772,1,3.874003887176514e-05,20,-3.60111395517985e-06,84
2021-08-30,553.99072265625,36575609.0,16.190000534057617,0.004220008832220179,0.002907066995393892,-0.0015617977666271265,57.142930016364474,0.5149069783544746,-2.4139439589780856,0.08514500945940284,0.030980941935543127,0.03275842215116942,0.006722524709134703,0.012829657167909382,0.7580632243006479,0.014875970959999929,1,3.874003887176514e-05,20,-3.60111395517985e-06,84
2021-08-31,562.2318725585938,52721470.0,16.479999542236328,0.00016793556326311077,-0.008333228256229619,-0.005159072661616082,61.320780818963215,2.555890131562137,-1.4199771408700412,0.0689047057868939,0.03595914273847467,0.02542392891273315,0.020236039733591227,0.012903919328002455,0.8548396547062375,-0.0016288146031414596,0,3.874003887176514e-05,20,-3.60111395517985e-06,84
2021-09-01,561.3161010742188,30092045.0,16.110000610351562,0.012183969023449981,-0.005199378440473579,-0.005788106784613389,63.10678637806161,4.052771057611494,-0.32542750117373415,0.07342670788403338,0.05137004086159869,0.03367010961275674,0.044217799662598534,0.013008600825668688,1.0,-0.009787853188835016,0,3.874003887176514e-05,20,-3.60111395517985e-06,84
2021-09-02,555.822021484375,24112463.0,16.40999984741211,0.0027393846019070356,0.0033442013414288763,0.0037324773544429313,62.49997596577526,4.741081433444833,0.6878742857499794,0.04786310217556333,0.06794450071932889,0.028523552606827485,0.037225097261673,0.012999726488323047,0.9838695198537463,0.021416802868428952,1,3.874003887176514e-05,20,-3.60111395517985e-06,84
2021-09-03,567.7259521484375,51562454.0,16.40999984741211,0.02632661565860528,0.0057367305988855755,-0.0016262187852567056,65.78946291356732,6.175927832915249,1.7854849951830336,0.021885520752048304,0.08586774052441548,0.01845651507265278,0.025338040771500703,0.013104087219189164,0.8870963146841231,0.017741851904968797,1,4.348158836364746e-05,20,-4.9535717282976425e-06,84
2021-09-06,577.7984619140625,55589014.0,16.40999984741211,0.0,0.0,-0.0007094580716562326,68.7999712050679,8.033219348471562,3.035031865840739,0.035058552955600675,0.12318862323804103,0.04906950790866116,0.04377104150409683,0.013484753696436398,1.0,-0.012678296968832714,0,4.348158836364746e-05,20,-4.9535717282976425e-06,84
2021-09-07,570.4729614257812,26526056.0,18.139999389648438,0.005888543885727682,-0.0032527747782045147,-0.00267686535439815,69.91873509407296,8.81244520520147,4.190514533712886,0.04297497825172991,0.11484086227125756,0.06050406668550923,0.07312919810581775,0.013604049256634363,1.0,-0.0064203896399439575,0,4.348158836364746e-05,20,-4.9535717282976425e-06,84
2021-09-08,566.810302734375,37817737.0,17.959999084472656,-0.022533942320502764,-0.01229630674593818,0.0021101781649590645,76.78573607186121,9.030345166513484,5.158480660273006,0.01465781160659585,0.08916079434168589,0.05414555500479601,0.0667808248493671,0.013724062042666667,0.8987341878953685,0.0,0,4.348158836364746e-05,20,-4.9535717282976425e-06,84
2021-09-09,566.810302734375,18735512.0,18.799999237060547,0.006481051747272426,0.003896211753731116,0.002881360677490674,81.9048160147225,9.09815459299432,5.946415446817269,0.00978807066043852,0.05811966026212412,0.0491526731554035,0.04384473402226674,0.013602366030818765,0.8481025474442239,0.004846542660300601,1,4.348158836364746e-05,20,-4.9535717282976425e-06,84
2021-09-10,569.557373046875,16304725.0,20.950000762939453,0.002364112179424893,0.007614580325081555,-0.0014853093066332645,79.78727100610178,9.266738475217267,6.610480052497269,0.019769424069695507,0.04208760896247732,0.056314189608819065,0.019769424069695507,0.013129661702302177,0.8481025474442239,-0.011253984835229214,0,4.348158836364746e-05,20,-4.9535717282976425e-06,84
2021-09-13,563.1475830078125,15198774.0,19.3700008392334,0.005285756311304013,0.009664415066369392,0.0007563923680651286,72.63164024787265,8.78189372483746,7.0447627869653076,0.003225888990113779,0.03839753694570325,0.07056807074382898,0.01468205162275682,0.013065162461836827,0.8860773324502249,-0.003252223731142867,0,4.348158836364746e-05,20,-4.9535717282976425e-06,84
2021-09-14,561.3161010742188,14441901.0,19.459999084472656,-0.00428742120434944,-8.407709359925519e-05,-0.0004013982372002012,66.6666137658504,8.15584992029494,7.266980213631235,-0.02535638266968776,0.016528905588269804,0.05308241360210375,0.001628706044450201,0.013187000521459507,0.7974700632589652,-0.009787853188835016,0,4.348158836364746e-05,20,-4.9535717282976425e-06,84
2021-09-15,555.822021484375,23433501.0,18.18000030517578,-0.012917445756528756,0.004745800763990893,-0.00013753358462487153,58.02469034209668,7.134141446089757,7.24041246012294,-0.016051348566418988,-0.0016288146031414596,0.04965755398573779,0.04074682155078313,0.01151860177348819,0.7721521336981078,-0.00703358930919018,0,4.348158836364746e-05,20,-4.9535717282976425e-06,84
2021-09-16,551.91259765625,22467022.0,18.690000534057617,-0.0017601973704554075,0.002262155448886638,-0.0008286278713395268,52.32384916113902,5.940493972077661,6.980428762513885,-0.019386170641202072,-0.009787853188835016,0.05749161673246439,0.04295527824870882,0.011465747584008855,0.6962034074202197,0.0,0,4.348158836364746e-05,20,-4.9535717282976425e-06,84
2021-09-17,551.91259765625,40717715.0,20.809999465942383,-0.025167685512043958,-0.015096782609563486,0.00290812873130486,48.4721342195625,4.937602145178403,6.571863439046789,-0.02628340558782416,-0.00703358930919018,0.07823019279346832,0.037402082482458576,0.011526402152821977,0.6421605499458956,0.0,0,4.348158836364746e-05,20,-4.9535717282976425e-06,84
2021-09-20,551.91259765625,40717715.0,25.709999084472656,-0.02590244482612125,-0.024240296791474214,0.0032137649227486076,41.366978107884826,4.095591715041564,6.076609094245744,-0.03097980330977612,-0.02785385172607535,0.09190349386595398,0.03030867207100396,0.011488681747563465,0.6421605499458956,0.0,0,4.348158836364746e-05,20,-4.9535717282976425e-06,84
2021-09-21,551.91259765625,40717715.0,24.360000610351562,0.0022668094275526407,0.0020370222746517452,-0.0005758707281434683,42.01068857620822,3.3892235237373143,5.539131980144059,-0.019950339290378594,-0.044800853522629414,0.0648950400996009,0.019848881385026607,0.011390832715571633,0.6421605499458956,-0.02333349847874533,0,4.348158836364746e-05,20,-4.9535717282976425e-06,84
2021-09-22,539.0345458984375,40642293.0,20.8700008392334,0.007915924951079845,0.02002672312285836,-0.001707175212354528,37.327241597293,1.7698685495995505,4.785279294035157,-0.016752598758476345,-0.03253504552282971,0.053724898316097836,0.03030867207100396,0.011265626951403002,0.6421605499458956,0.0034129940162204164,1,3.72081995010376e-05,20,-5.177089146205357e-06,84
2021-09-23,540.874267578125,21696296.0,18.6299991607666,0.0027617312186059007,0.013314673237722063,-0.0005303275156031129,26.097964346176326,0.6277321249413035,3.953769860216387,-0.030202969542489466,-0.04900362026226979,0.006267966238596934,0.014942680116273976,0.01178314471259195,0.46413771428209827,0.017007151236717588,1,3.72081995010376e-05,20,-5.177089146205357e-06,84
2021-09-24,550.072998046875,16736973.0,17.75,-0.004733672362096986,-0.0010209921609071193,-0.000682211458426174,24.93018594270501,0.459544113101515,3.2549247107934125,-0.020000141553210282,-0.04575787530877762,-0.005596105909249971,0.018406673410317653,0.011791936647296986,0.48956954794835505,0.006688898268562449,1,3.72081995010376e-05,20,-5.177089146205357e-06,84
2021-09-27,553.7523803710938,19464241.0,18.760000228881836,0.004410150229275711,-0.002455175759878858,0.001517060419170324,33.81369351484213,0.6160478890836885,2.727149346451468,-0.0033331357486439117,-0.034209679168522356,0.002874290357406828,0.03751585503689969,0.012056921885499108,0.6167304037478669,-0.013289239043947187,0,3.72081995010376e-05,20,-5.177089146205357e-06,84
2021-09-28,546.3934326171875,16707080.0,23.25,-0.03659045142770645,-0.03803579544464131,-0.002625588217266994,31.555469783855315,0.14460575156067534,2.2106406274733095,0.00333346751398067,-0.01668337558431532,-0.0004302279359723604,0.03728955213641982,0.012054321107318773,0.6675932273462664,-0.023568856951042827,0,3.72081995010376e-05,20,-5.177089146205357e-06,84
2021-09-29,533.5155639648438,49310524.0,22.559999465942383,-0.0025024042217295372,-0.015251616836237547,0.003033913578156522,25.599150467305606,-1.2537000407205596,1.5177724938345356,-0.010000070776605141,-0.026585142361804648,-0.028170654696840658,0.02879865329244846,0.012219014652046188,0.5658650489471253,0.0,0,3.121495246887207e-05,20,-5.116065343221028e-06,84
2021-09-30,533.5155639648438,30465107.0,23.139999389648438,0.0002688373458910043,-0.0017617284686628487,0.0026786537597112137,22.477705183620543,-2.3349515869155084,0.7472276776845268,-0.010238642357133121,-0.04013237449635365,-0.04952741789549897,-0.012475113096100832,0.012495062105837434,0.38784474448567025,-0.010344785375876908,0,3.121495246887207e-05,20,-5.116065343221028e-06,84
2021-10-01,527.9964599609375,36704493.0,21.100000381469727,-0.0008061479664890348,0.0009483604402111823,0.000870062684014794,22.787684631304387,-3.5957472591815076,-0.12136730968868005,-0.013605201900677155,-0.03333323749001382,-0.04013237449635365,-0.019125171659174156,0.012446090356812285,0.38784474448567025,-0.003484460321911742,0,3.121495246887207e-05,20,-5.116065343221028e-06,84
2021-10-04,526.1566772460938,20957803.0,22.959999084472656,-0.02276800466933171,-0.02487439354689802,-0.0029673035435864303,22.784756303823215,-4.689336253061924,-1.0349610983633288,-0.04013383344451349,-0.04333319767817345,-0.06998005294130416,-0.03252945403921781,0.012524884443675322,0.311550087221014,0.0,0,3.121495246887207e-05,20,-5.116065343221028e-06,84
2021-10-05,526.1566772460938,33824024.0,21.299999237060547,0.002201537787646979,0.014839323955132322,0.004622746792353416,24.902846296282902,-5.492697017463229,-1.926508282183309,-0.049834012643894976,-0.04666666519215401,-0.08937681228312022,-0.035900566769236364,0.012531601717338652,0.2861174098206432,-0.001748264119080134,0,3.121495246887207e-05,20,-5.116065343221028e-06,84
2021-10-06,525.23681640625,32508846.0,21.0,0.0007322589771721066,0.003575811933534734,-0.0004052439552877374,26.22964550270305,-6.132895096255652,-2.767785644997778,-0.03703696670393908,-0.04666666519215401,-0.07768340863855838,-0.02774406490916137,0.012474306310895626,0.2861174098206432,0.015761933093796143,1,3.121495246887207e-05,20,-5.116065343221028e-06,84
2021-10-07,533.5155639648438,27933054.0,19.540000915527344,0.013627168808211021,0.011019529199423062,0.0028703642809331242,35.71441435719912,-5.904171334552757,-3.3950627829087736,-0.01551734966655871,-0.025597115430125328,-0.07334638436804775,-0.03596873912304599,0.012420818755701552,0.27340149298751487,-0.008620749814754802,0,3.121495246887207e-05,20,-5.116065343221028e-06,84
2021-10-08,528.916259765625,18279079.0,18.770000457763672,-0.007128113193253238,-0.008615096475093287,0.0006260929330723641,33.33345129361139,-6.024583863816588,-3.9209669990903366,0.0,-0.013605201900677155,-0.05874053207733276,-0.014145983582105504,0.01264175241544042,0.38784474448567025,0.0,0,3.121495246887207e-05,20,-5.116065343221028e-06,84
2021-10-11,528.916259765625,18279079.0,20.0,0.0019993076818911604,-0.007713480059220568,0.0029139603243388823,33.33345129361139,-6.050267938153638,-4.346827186902997,0.0017420567644630403,-0.0384616920960863,-0.0713556091177231,-0.020988318081943458,0.012705925591879571,0.32426516032002833,0.0,0,3.121495246887207e-05,20,-3.516327503115632e-05,86
2021-10-12,528.916259765625,26522907.0,19.850000381469727,-0.009613671358308928,-0.013373797706530466,-0.0002495532860183891,40.9837599121099,-6.001441866045525,-4.677750122731503,0.005244792357240291,-0.04485058933529995,-0.06078570569255659,-0.014305584055202214,0.012666242434088964,0.32426516032002833,-0.0069565707074413785,0,3.121495246887207e-05,20,-3.516327503115632e-05,86
2021-10-13,525.23681640625,18914374.0,18.639999389648438,0.007142789366597624,0.004593898370081062,0.0030560564493047337,36.50808028040848,-6.188312170229551,-4.979862532231113,0.005244792357240291,-0.031986425546603026,-0.05772120423160598,-0.005822966046082567,0.012598650195544302,0.32426516032002833,0.003502535593598477,1,3.121495246887207e-05,20,-3.516327503115632e-05,86
2021-10-14,527.0764770507812,13916927.0,16.860000610351562,0.023458940535755035,0.03084801197537379,-0.004593172827468184,27.27261759848281,-6.11744489650539,-5.2073790050859685,0.0,-0.01551734966655871,-0.055026976074903144,-0.017810479839872606,0.012614846580527877,0.27340149298751487,0.047120525553402626,1,3.121495246887207e-05,20,-3.516327503115632e-05,86
2021-10-15,551.91259765625,53150216.0,16.299999237060547,0.020433720489924756,0.007039876139008028,-0.00037861546088968634,48.717900730987566,-4.0109786377780665,-4.968098931624389,-0.0120691641424856,-0.0120691641424856,-0.045000097317832055,-0.014370326085852425,0.012628787249769857,0.2988324829196575,-0.016666674039229723,0,4.019439220428467e-05,20,-7.305116880507696e-06,84
2021-10-18,542.7140502929688,19158568.0,16.309999465942383,0.004178701060816525,0.007352777065523064,0.0003966132769770425,47.50002695589932,-3.0486914311420605,-4.584217431527923,0.043478220731605344,0.04529601902460079,0.0,0.05005365500245662,0.014315326748817497,0.6421605499458956,0.016949160166971344,1,3.448426723480224e-05,20,-7.005674498421806e-06,84
2021-10-19,551.91259765625,17386359.0,15.699999809265137,0.014045649591062803,0.012780093776943335,-0.001814297267368814,63.15782121563728,-1.526232531650976,-3.972620451552534,0.026086909359636312,0.03146852213971019,-0.016666674039229723,0.06025968163092377,0.013943191936693433,0.5150022253487259,-0.0033331357486439117,0,3.448724746704102e-05,20,-7.004964919317336e-06,84
2021-10-20,550.072998046875,16372520.0,15.489999771118164,-0.011713380858087818,-0.002138130261618798,-0.004397263985292166,61.538487713212156,-0.4627785760266079,-3.270652076447349,0.043478220731605344,0.04895104732864519,0.0,0.09190349386595398,0.013962473233416938,0.565086667028997,-0.0033447265299927365,0,3.448724746704102e-05,20,-7.004964919317336e-06,84
2021-10-21,548.233154296875,16169014.0,15.010000228881836,0.006055693685300012,0.011211503237329445,-0.0007295224928105526,64.86473884779198,0.22891751257964188,-2.570738158641951,0.04728568307636527,0.04728568307636527,0.02047819055834199,0.061345600372891385,0.01349517174000795,0.48680794528409743,0.006711457215851979,1,3.448724746704102e-05,20,-7.004964919317336e-06,84
2021-10-22,551.91259765625,13995403.0,15.430000305175781,-0.01771412177527043,-0.012241912906757024,0.00044957070593443227,68.42100208575063,1.0617527501264021,-1.8442399768882805,0.04013967264195584,0.027586056201728937,0.013605540436783858,0.046700015941276485,0.013437400541651968,0.4375117572604712,-0.011666638650927097,0,3.448724746704102e-05,20,-7.004964919317336e-06,84
2021-10-25,545.4736328125,16785568.0,15.239999771118164,-0.005165201424353949,0.00656024516926057,0.0006650025718368813,62.65058314619945,1.1885096267641302,-1.2376900561577984,0.0,0.043478220731605344,0.0033442826968543837,0.03030867207100396,0.013031989160421519,0.5075141958033837,0.010118227063994345,1,3.448724746704102e-05,20,-7.004964919317336e-06,84
2021-10-26,550.9928588867188,19998808.0,15.979999542236328,0.004751752690029365,0.0001680432902544382,-0.0011064362481889578,65.9091131866483,1.7145564434207472,-0.6472407562420893,0.005084781788939452,0.03130433739021732,-0.014950269925784854,0.002859882799341129,0.012961544975183639,0.38501108956419755,0.0,0,3.448724746704102e-05,20,-7.004964919317336e-06,84
2021-10-27,550.9928588867188,14961858.0,16.979999542236328,-0.0037659084026039347,-0.009628737813331845,-0.0003560047541382172,62.025324961112176,2.1071622804772687,-0.09636014889821772,-0.0016664572858764437,0.0417393088480138,0.00841779200657733,0.004551349202798871,0.012990631730185442,0.49001590858947713,-0.006678063735929496,0,3.448724746704102e-05,20,-7.004964919317336e-06,84
2021-10-28,547.3132934570312,16570044.0,16.530000686645508,0.019868095469748104,0.02337299404202975,-0.0012159936409591454,62.82041793736469,2.0972196139172183,0.3423558036648695,0.0016722523067118633,0.04903700897567598,0.03275873489423953,-0.005411397063036061,0.012897428866148091,0.49001590858947713,-0.008403309802712755,0,3.448724746704102e-05,20,-7.004964919317336e-06,84
2021-10-29,542.7140502929688,25763960.0,16.260000228881836,-0.019912103821778215,0.0036174923225729128,-0.001411970392591222,59.03609353028126,1.6986386442492858,0.6136123717817528,-0.0016778643039629948,0.03839445941409414,0.025861906238777932,-0.026534566661387093,0.01271664039243302,0.42001114762474306,0.0,0,3.448724746704102e-05,20,-7.004964919317336e-06,84
2021-11-01,542.7140502929688,16089351.0,16.40999984741211,0.00369400231271122,0.015939062853475683,0.0033689728389292295,59.03609353028126,1.367002401412492,0.7642903777079006,-0.016666674039229723,-0.016666674039229723,0.0278744110010134,-0.03314006269488856,0.012773340276704521,0.33250926065701314,0.0033897420631328057,1,3.448724746704102e-05,20,-7.004964919317336e-06,84
2021-11-02,544.5537109375,15192404.0,16.030000686645508,-8.769736410696449e-05,0.012143946795241778,-0.0005608215380703552,62.9628931817102,1.2383486169712796,0.8591020255605765,-0.005059057585061755,0.0,0.03146852213971019,-0.02358303680807783,0.012692960881007178,0.33250926065701314,0.0,0,3.448724746704102e-05,20,-7.004964919317336e-06,84
2021-11-03,544.5537109375,10224009.0,15.100000381469727,-0.0008763298900631433,0.011640305112825322,0.0020646575213145724,62.025272865475955,1.1234392574577896,0.9119694719400191,-0.011686445378310428,-0.013333427702140188,0.034964934376004564,-0.040815892109999696,0.01223047191500582,0.36750931871755865,-0.00844567028261034,0,3.448724746704102e-05,20,-7.004964919317336e-06,84
2021-11-04,539.95458984375,17932145.0,15.4399995803833,0.03315511739740051,0.03498165563847033,-0.002476811217840602,38.59659946777922,0.6537263756315497,0.8603208526783253,-0.011686445378310428,-0.010033735756839857,0.036777495270455596,-0.057536932283331454,0.011871333553595244,0.4270234460277218,0.022146321260016366,1,3.448724746704102e-05,20,-7.004964919317336e-06,84
2021-11-05,551.91259765625,33270827.0,16.479999542236328,8.48951433276568e-05,0.010977576311520965,0.0030443315205987975,58.333342549043245,1.2321829874413197,0.9346932796309242,-0.013445139559466912,-0.015100444743701202,0.012069049740656812,-0.053496613591916375,0.011790439846169835,0.33207555484556867,0.00333346751398067,1,3.448724746704102e-05,20,-7.004964919317336e-06,84
2021-11-08,553.7523803710938,19752355.0,17.219999313354492,0.026400776612926613,0.012452923211143663,-0.0015785487615485039,51.92315299347826,1.8181110567107908,1.1113768350468975,0.016949160166971344,0.0,0.043478220731605344,-0.02628340558782416,0.012297437961710794,0.6018828117683999,0.014950269925784854,1,3.448724746704102e-05,20,-7.004964919317336e-06,84
2021-11-09,562.0311279296875,39538660.0,17.780000686645508,0.007195357286390092,-0.0007256824174949328,-0.001038380748334622,61.01693009111705,2.916865206177704,1.472474509273059,0.020339127155757808,0.015177172755185264,0.04695662148196056,-0.023037552952527407,0.012311894860760078,0.643393633253827,0.001636346616179063,1,0.0,0,-7.004964919317336e-06,84
2021-11-10,562.9508056640625,16027674.0,18.729999542236328,-0.029397425008167444,-0.028298399159511378,-0.0025142983222369297,63.79311528297354,3.8178364507394917,1.9415468975663455,0.03209493690181353,0.02003341579647988,0.06260890557370358,-0.013214200137425136,0.012515564945984627,0.9705504483763463,-0.009803666462620098,0,3.448724746704102e-05,20,-7.004964919317336e-06,84
2021-11-11,557.4318237304688,18463848.0,17.65999984741211,-8.446153371988174e-05,0.019352716834770023,0.0009988865953174386,55.00011611845852,4.039956827693686,2.3612288835918136,0.03378380195938835,0.021702544024807757,0.07180378084662342,-0.0003494241113475294,0.012396394957963068,1.0,-0.0033004622924673876,0,3.448724746704102e-05,20,-7.004964919317336e-06,84
2021-11-12,555.592041015625,15821327.0,16.290000915527344,0.004230460862862051,0.007971866001364125,0.0015382331008222394,60.00004825695865,4.021180076514156,2.6932191221762825,0.032367969854235845,0.018487638422822084,0.05759192072000374,-0.006919946419346346,0.012480103478227624,0.8536622075202377,0.00662256311780296,1,3.448724746704102e-05,20,-7.004964919317336e-06,84
2021-11-15,559.271484375,15551452.0,16.489999771118164,-0.004802329994732957,-0.0001976544999341412,-0.0007338040674534918,58.49054714035503,4.254160381876204,3.005407374116267,0.006666713851070094,0.023728869218890614,0.006666713851070094,-0.0004137663853904794,0.012397018895757526,0.8048797066220429,0.0032896057929714395,1,3.448724746704102e-05,20,-7.004964919317336e-06,84
2021-11-16,561.1112670898438,20917108.0,16.3700008392334,-0.00033884069558209884,0.01730475185337732,-0.0010366346222370204,60.00004825695865,4.534977642453555,3.3113214277837244,0.009966736396162634,0.030508578270809883,0.030508578270809883,0.013333427702140188,0.01238539242280719,0.9024414716801584,0.0,0,3.448724746704102e-05,20,-7.004964919317336e-06,84
2021-11-17,561.1112670898438,19717852.0,17.110000610351562,0.008299431394582335,-0.0072446394892947685,0.0017367335924207694,64.70615786940061,4.703310508803952,3.58971924398777,-0.0016366724085766782,0.030405735595554706,0.01666689521612086,0.01666689521612086,0.012393267659168827,0.9512239725783533,0.004917848938465363,1,3.448724746704102e-05,20,-7.004964919317336e-06,84
2021-11-18,563.8707275390625,20030651.0,17.59000015258789,0.03636832059157413,0.017883620930803756,-0.0021581998868929197,73.46963371416732,5.001724152078282,3.8721202256058724,-0.0032676719807671617,0.030405735595554706,0.02006691672225669,0.01666689521612086,0.012393267659168827,0.9512239725783533,0.00815677248302693,1,3.448724746704102e-05,20,-7.004964919317336e-06,84
2021-11-19,568.4700927734375,35554348.0,17.90999984741211,0.007050673046964162,0.0030923544637753153,0.0023683804502110384,75.92621491405379,5.545425239983047,4.206781228481308,0.011551015809436738,0.044292868595178,0.028523581836715328,0.021666709427532238,0.012411956807707892,1.0,-0.004854402288901216,0,3.448724746704102e-05,20,-7.004964919317336e-06,84
2021-11-22,565.7105102539062,20312168.0,19.170000076293945,0.003943464587804479,-0.016589869688735992,-0.0004819405370708463,70.9093431616791,5.688068509689629,4.503038684722973,0.023178970912310692,0.030000212329815534,0.030000212329815534,0.054607904259527995,0.011871209167994638,1.0,-0.00487829824587338,0,3.448724746704102e-05,20,-7.004964919317336e-06,84
2021-11-23,562.9508056640625,19431694.0,19.3799991607666,-0.02717439741213923,-0.003298619528457114,-0.0008454839627064503,67.2414227042363,5.514857388934502,4.705402425565278,0.011513238308765272,0.021594724116217545,0.037099643729915144,0.045918698974145356,0.011904405245297097,0.9361699424282894,-0.014705662324009827,0,3.448724746704102e-05,20,-7.004964919317336e-06,84
2021-11-24,554.6722412109375,20391940.0,18.579999923706055,-0.005355926419554957,0.009279105045421066,-0.0006518208123295066,62.90322925874952,4.655904988789416,4.695502938210106,0.003278384666483891,0.001636346616179063,0.021702544024807757,0.023411088460826512,0.011669501870925362,0.8723370613298246,0.0,0,3.448724746704102e-05,20,-7.004964919317336e-06,84
2021-11-25,554.6722412109375,11888265.0,18.579999923706055,0.0,0.0,0.0005873650129220032,53.061312923677754,3.929877837806316,4.542377918129349,-0.011475488475399365,-0.014705662324009827,0.006677731416797172,0.0016611411028650824,0.011863326948046087,0.6808511239048246,-0.01160881406288683,0,3.448724746704102e-05,20,-7.004964919317336e-06,84
2021-11-26,548.233154296875,26588102.0,28.6200008392334,-0.02998937911780597,-0.02916791601786095,-0.00010804853762869104,44.444348874272116,2.802608859272709,4.194424106358021,-0.01631311199336516,-0.004950529198464948,0.013445585630534218,0.015151735177516779,0.011672998694792672,0.6808511239048246,-0.005033481581233734,0,3.448724746704102e-05,20,-7.004964919317336e-06,84
2021-11-29,545.4736328125,23379558.0,22.959999084472656,0.018703681242316916,0.04083174152477276,0.0032127476153762657,31.249844484809273,1.6673495826448743,3.6890092016153915,-0.03559895011860881,-0.013245126235606142,0.010169451115052075,0.027586056201728937,0.011210125751496235,0.5319129111407895,0.005058945691190919,1,3.448724746704102e-05,20,-7.004964919317336e-06,84
2021-11-30,548.233154296875,62021697.0,27.190000534057617,-0.01785726843187374,-0.019772222656467497,-0.003888186544208083,34.00004777412394,0.9790330645802214,3.147013974208358,-0.03577249684175643,-0.02467111581402981,0.005084781788939452,0.02241372071470482,0.011244738755737593,0.4680842653324562,0.006711457215851979,1,3.448724746704102e-05,20,-7.004964919317336e-06,84
2021-12-01,551.91259765625,21403404.0,31.1200008392334,0.029705547412370636,-0.0058619048410633035,-0.006015391135506087,43.749922242942084,0.7221135185300227,2.662033883072691,-0.02614376108730565,-0.022951085726294562,0.006756805225035523,0.03832732957610108,0.011130051751243545,0.5319129111407895,0.025000176941512908,1,3.448724746704102e-05,20,-7.004964919317336e-06,84
2021-12-02,565.7105102539062,45125742.0,27.950000762939453,0.008870262937234585,1.8387026011978946e-05,0.0009355301659201842,59.01641305778453,1.6132822464401215,2.4522835557461775,-0.004975268905944796,-0.016393663740352005,0.013513610450071045,0.04895104732864519,0.011142034183420033,0.6170196545697368,-0.011382192415014925,0,3.448724746704102e-05,20,-7.004964919317336e-06,84
2021-12-03,559.271484375,23045832.0,30.670000076293945,-0.01947399614447365,-0.0016479469469097285,0.0026879558407451043,50.0,1.7794518948165887,2.3177172235602597,0.019900525432587912,0.0032627739391140054,0.04770016015163314,0.07517500911484665,0.011728799482261213,0.9361699424282894,-0.013157986638588803,0,3.448724746704102e-05,20,-7.004964919317336e-06,84
2021-12-06,551.91259765625,23589363.0,27.18000030517578,-0.001592397838826587,-0.0011749043661599679,-0.0007767573687550433,42.857075150217966,1.3023294378344872,2.1146396664151053,0.020134371647555716,-0.016181340963003943,0.013333427702140188,0.06479870965942625,0.011892813974385767,0.7872331414276316,0.01166674923937272,1,3.448724746704102e-05,20,-7.004964919317336e-06,84
2021-12-07,558.3516235351562,18606530.0,21.889999389648438,0.02669130547441778,0.04965169805989511,7.234314124260344e-05,48.0518999296833,1.4273286719882208,1.9771774675297284,0.01180435580460637,-0.024390412317889187,-0.003322392426757248,0.034482656053532734,0.011887943903681648,0.6170196545697368,-0.008237180604836025,0,3.448724746704102e-05,20,-7.004964919317336e-06,84
2021-12-08,553.7523803710938,20801543.0,19.899999618530273,-0.004250992140192422,-0.006094655868066456,0.0030152288191467314,43.038046979397905,1.1421054985139563,1.8101630737265741,0.01845650734359272,-0.008169776262210049,-0.0065467982317726214,0.05565221946962784,0.011904826393043862,0.7659564555703947,0.009966736396162634,1,3.448724746704102e-05,20,-7.004964919317336e-06,84
2021-12-09,559.271484375,11039070.0,21.579999923706055,-0.01888357435961041,-0.02142040821152602,-0.004033519989395717,43.749979264744425,1.3458950068043123,1.717309460342122,0.00333346751398067,-0.001658386289235536,-0.016339660944473144,0.04695662148196056,0.011995262006319321,0.6595744380475878,-0.004934135856146549,0,3.448724746704102e-05,20,-7.004964919317336e-06,84
2021-12-10,556.511962890625,10497451.0,18.690000534057617,-0.003096241122125698,0.009060374006781613,0.0019869610513112423,43.750015551454574,1.2700885486565312,1.6278652780050038,-0.011382192415014925,0.00829182140793927,0.0033002433054858393,0.0573913621464881,0.01207005633382327,0.7872331414276316,-0.006611615930524284,0,3.448724746704102e-05,20,-7.004964919317336e-06,84
2021-12-13,552.83251953125,17711657.0,20.309999465942383,-0.02274821699488727,-0.02560624324269034,-0.0017915667600949536,43.20996048311522,0.9027052317113657,1.4828332687462762,-0.004934135856146549,0.01510089006632187,0.0016557506355172613,0.05954484816651706,0.012039902201008885,0.7111117336805305,-0.0033276997635578454,0,3.448724746704102e-05,20,-7.004964919317336e-06,84
2021-12-14,550.9928588867188,22579034.0,21.889999389648438,-0.0011166948601097904,-0.00524849581458664,0.003976679770889113,47.297330013297476,0.4578285048348789,1.2778323159639968,0.0016667890512129802,0.013490820226831346,-0.011513129175441006,0.04886585458069548,0.012098809607060283,0.45161152230959895,0.0016692390013721692,1,3.448724746704102e-05,20,-7.004964919317336e-06,84
2021-12-15,551.91259765625,21827730.0,19.290000915527344,0.03534267764842558,0.03690957278526308,0.0013804370735586158,47.99994337876597,0.1774304183292088,1.0577519364370394,-0.013179445242490928,0.005033815573199263,-0.01803280168584609,-0.0016664572858764437,0.009694806071525725,0.3870971194226003,0.012976448199929713,1,3.448724746704102e-05,20,-7.004964919317336e-06,84
2021-12-16,559.074462890625,21809022.0,20.56999969482422,-0.027805673313305967,-0.0427351896441871,-0.0016016422960428711,57.77579323387266,0.5270401935432574,0.951609587858283,-0.003322392426757248,0.0,-0.016393663740352005,0.016949160166971344,0.009331749156853865,0.4193511102359171,0.003305503262271303,1,3.448724746704102e-05,20,-7.004964919317336e-06,84
2021-12-17,560.9224853515625,24105733.0,21.56999969482422,-0.002144608704107265,-0.0014019066890337273,0.0006488768386792021,61.22729603469047,0.9423654252125289,0.9497607553291322,-0.0003522823706900713,-0.011730465039977434,-0.008505964956489476,0.012976448199929713,0.009179242286908836,0.6705080073116751,-0.014826955021645993,0,3.448724746704102e-05,20,-7.004964919317336e-06,84
2021-12-20,552.605712890625,21381070.0,22.8700008392334,-0.01186371679945497,-0.007617612731269041,0.002503808657290607,52.94022044265831,0.5935772431668056,0.8785240528966669,0.007925296768156453,0.002952056421055671,-0.01327705277343949,0.019723722748090422,0.009171462943443726,0.7353156477553414,-0.0016722090345234752,0,3.448724746704102e-05,20,-7.004964919317336e-06,84
2021-12-21,551.681640625,17001461.0,21.010000228881836,0.021750502785860437,0.03346653480612627,-0.00042407306586322857,49.83872232621734,0.23983056945530734,0.750785356208395,-0.0004102628420218357,0.0012558423875779212,-0.02316520044395054,0.007975728135883875,0.009455774317938953,0.44365772113750485,0.005025140638884595,1,3.448724746704102e-05,20,-7.004964919317336e-06,84
2021-12-22,554.4539184570312,9831802.0,18.6299991607666,0.03286784035722001,0.008975156873625378,-0.0030630283447893314,40.70880453970224,0.1810958735817394,0.636847459683064,0.0012500738025407188,-0.011945846719179976,-0.020018028086431605,-0.00041846667793199455,0.009404019113147026,0.41125176049555007,0.010000029722023074,1,3.448724746704102e-05,20,-7.004964919317336e-06,84
2021-12-23,559.9984741210938,16654439.0,17.959999084472656,-0.005111335577956733,0.010398459247750402,-0.0006923632525830392,50.60905082974291,0.5753156278102551,0.6245410933085023,0.004604571107043487,0.0012668804881115214,-0.00039360677835542646,0.016463280907325073,0.009248946209731563,0.5084717828415362,-0.0033002670840319714,0,3.448724746704102e-05,20,-7.004964919317336e-06,84
2021-12-24,558.1503295898438,11059689.0,17.959999084472656,0.0,0.0,-0.0031142829512521564,55.75739821642846,0.7301906221880472,0.6456709990844113,0.0016527516311355406,0.0012998870251827999,0.0096024868641853,0.016344341109194804,0.009245944067145535,0.7029118275335082,0.0033111949116075845,1,3.448724746704102e-05,20,-7.004964919317336e-06,84
2021-12-27,559.9984741210938,16259872.0,17.68000030517578,0.016738411992599955,0.027240461936308913,0.0019764833964968087,51.66078234407776,0.9906405020744842,0.7146648996824259,-0.004942136987040713,0.002943991878824548,0.0180893388428649,0.012990133334189968,0.009263674063671989,0.6380999062495987,0.014851419861438897,1,3.448724746704102e-05,20,-7.004964919317336e-06,84
2021-12-28,568.3152465820312,33892718.0,17.540000915527344,-0.005215874503974316,-0.011714308974350218,0.00015897270692888377,63.66171344287226,1.8468535615237442,0.9411026320506896,0.013378003625402313,0.012962252285592335,0.02662794392774348,0.02317718355411813,0.00920691615958909,0.7029118275335082,0.001626092747536223,1,3.448724746704102e-05,20,-7.004964919317336e-06,84
2021-12-29,569.2393798828125,24518766.0,16.950000762939453,-0.005325212844465965,0.0017935409775311495,-0.005371417516269572,60.233322305101055,2.5703490302540786,1.2669519116913674,0.030150733198565538,0.03143849764280504,0.03663056881503657,0.04717253270896982,0.009351190825685638,0.9945697541513449,-0.0016234528626102307,0,3.448724746704102e-05,20,-7.004964919317336e-06,84
2021-12-30,568.3152465820312,19681276.0,17.329999923706055,-0.008154160335788085,-0.011829436643087443,0.0029925320044581483,62.592120393654746,3.034178447228328,1.6203972187987596,0.026666709231539354,0.031394069097430144,0.031394069097430144,0.048875332369826774,0.009349719359714166,1.0,0.0,0,3.448724746704102e-05,20,-7.004964919317336e-06,84
2021-12-31,568.3152465820312,19681276.0,17.219999313354492,-0.0009135646014901688,-0.0014853384908752876,0.0014954966241516043,67.9246802911827,3.3630000309292427,1.9689177812248564,0.014851419861438897,0.01652871720097515,0.0046043626217160405,0.0436348796588375,0.009352811636912308,0.9684432328335438,0.026016195200722736,1,3.448724746704102e-05,20,-7.004964919317336e-06,84
2022-01-03,583.1006469726562,69089158.0,16.600000381469727,0.07056801575547955,0.020538915057569218,0.0015691196372695781,78.59921713602262,4.761761131588855,2.5274864512976563,0.018211790718921872,0.013179648567368973,0.016170612054605016,0.0436348796588375,0.009352811636912308,0.9684432328335438,0.03961973810493524,1,3.4490227699279784e-05,20,-7.006384077526274e-06,84
2022-01-04,606.2029418945312,79434666.0,16.90999984741211,0.03571375887412298,-0.004524205490554323,-0.002794019421395566,84.66082006703873,7.64630961012881,3.5512510830638875,0.04125399250028483,0.055183892186918104,0.05650903684541597,0.07990682538950478,0.009988601722018894,1.0,-0.00914626809889496,0,3.4490227699279784e-05,20,-7.006384077526274e-06,84
2022-01-05,600.658447265625,69593809.0,19.729999542236328,-0.04752608607168152,-0.03220999820715886,-0.003953035838036634,77.10847975553858,9.376850190039363,4.716370904458983,0.06666668814599763,0.0988274708720851,0.08570104633422293,0.09836764819072874,0.011149687282378565,1.0,-0.009230796119330309,0,3.4490227699279784e-05,20,-7.006384077526274e-06,84
2022-01-06,595.1138916015625,53210211.0,19.610000610351562,0.011097203887482587,0.007518272775622004,0.0029401680820926313,71.26443588085064,10.183527398362685,5.809802203239724,0.05519482399352027,0.08333339754758073,0.08470585149105347,0.08470585149105347,0.011286826244369504,0.908701503232699,-0.015528064337409164,0,3.4490227699279784e-05,20,-7.006384077526274e-06,84
2022-01-07,585.8729248046875,38249908.0,18.760000228881836,-0.0386862557642883,-0.028835716589425964,0.0008552395448278016,70.45452157322498,9.962316721391062,6.640305106869992,0.047154541745455525,0.0627062735047299,0.06408767160123907,0.05886286724676526,0.01122666615150567,0.8174020014291615,0.014195522798241766,1,2.893805503845215e-05,20,-6.525999023800805e-06,84
2022-01-10,594.189697265625,38289770.0,19.399999618530273,0.012226838926362227,0.002389109467966888,0.001375818452457933,73.95828459931694,10.338919074250043,7.380027900346002,0.030894258650021822,0.04966868914189426,0.052758905238184495,0.04071780146683657,0.01152712549714815,0.6652354950657746,0.012441547193053237,1,2.893805503845215e-05,20,-6.525999023800805e-06,84
2022-01-11,601.5823364257812,33196585.0,18.40999984741211,0.0332774232965416,0.018408113440556484,-0.0021368538113663016,75.24745482510751,11.105881658932617,8.125198652063325,0.019017386364671207,0.061055921979419114,0.07480959652923813,0.0659414693785576,0.011572497668031494,0.8021837427348443,0.013824929677136222,1,2.893805503845215e-05,20,-6.525999023800805e-06,84
2022-01-12,609.899169921875,38860063.0,17.6200008392334,0.023689792074909732,0.006649572673263826,0.0010181915789688745,75.96147312092235,12.243666622016917,8.948892246054044,-0.007622208916224449,0.05853633180497164,0.09181512377724554,0.08277709544954193,0.0116649196362501,0.9239147367458334,0.0015153231575244508,1,2.893805503845215e-05,20,-6.525999023800805e-06,84
2022-01-13,610.8233642578125,38137411.0,20.309999465942383,0.05263561448970022,-0.022908244862934413,-0.0010279950885446754,77.66983380689743,13.069289527334263,9.772971702310087,0.015384321486389574,0.07142828039661109,0.10506477386432311,0.09052434633504114,0.011787415117140449,1.0,0.016641436169840818,1,2.893805503845215e-05,20,-6.525999023800805e-06,84
2022-01-14,620.9883422851562,95200777.0,19.190000534057617,0.010561158945630478,0.02328797050360354,-0.0011812339167283081,79.46422568900181,14.378088745620744,10.693995110972219,0.026397422204299303,0.0747967222970598,0.09256173336844298,0.08859579210696711,0.011786346995671701,1.0,0.01636903196916384,1,2.893805503845215e-05,20,-6.525999023800805e-06,84
2022-01-17,631.1533203125,59614236.0,19.190000534057617,0.0,0.0,-0.0010157396047735245,79.82450702348501,16.050529813460912,11.765302051469957,0.05993691804784329,0.09268288334672037,0.1070840597448095,0.1067115894960724,0.01199227958120222,1.0,-0.030746703161530053,0,2.893805503845215e-05,20,-6.528127761114211e-06,84
2022-01-18,611.7474365234375,43593330.0,22.790000915527344,-0.04855677535222269,-0.0444469230230472,-0.004150620006049377,67.16413643533123,15.629887159069085,12.538219072989783,0.062208455005154484,0.08240888359380794,0.14214041872821093,0.11932272680137745,0.01217764184981774,1.0,-0.012084662377143451,0,0.0,0,-5.758944011869885e-06,84
2022-01-19,604.3546752929688,40381333.0,23.850000381469727,-0.021071723571904455,-0.030867357382289295,0.0033729503376602743,63.829749360824664,14.532469515060143,12.937069161403857,0.01689727154897991,0.00914626809889496,0.10887764151511181,0.07612949968723881,0.013194212382129571,0.773506599343485,-0.0045872713168696455,0,0.0,0,-5.758944011869885e-06,84
2022-01-20,601.5823364257812,46474584.0,25.59000015258789,-0.020456600806761926,-0.03251211683528743,0.0011411707123594184,62.499931199098796,13.285901941145653,13.006835717352217,-0.009090838129221401,0.006153626980807569,0.08999982717193955,0.06831084863832193,0.013330061736303269,0.6872228902616941,-0.015360897697671239,0,2.3621320724487305e-05,20,-5.758944011869885e-06,84
2022-01-21,592.3414916992188,49577684.0,28.850000381469727,-0.029611050357273405,-0.017157153140424874,0.0024720838148857283,53.623163434579546,11.42067874190127,12.689604322262028,-0.015128805433400005,0.010869255306427128,0.07425709930719449,0.06862327999717244,0.013326654855722861,0.6548658760372025,0.018720911026290477,1,1.8537044525146484e-05,20,-4.798173904418945e-06,84
2022-01-24,603.4306640625,47134502.0,29.899999618530273,0.011483255098895473,0.01314779407060973,0.00273396976775353,48.79999830914977,10.713777691793098,12.294438996168243,-0.046131060175012006,0.011040904299661314,0.06125798068506083,0.06791262963879952,0.013346658451771196,0.5470124863226041,-0.018376879107576682,0,1.851320266723633e-05,20,-4.810946328299386e-06,84
2022-01-25,592.3414916992188,52318736.0,31.15999984741211,-0.027627816042555486,-0.03709819259674996,-0.0009858684610533075,46.56483392264631,9.15323716267983,11.66619862947056,-0.04392380639980442,0.015552216471272695,0.0775576933661688,0.08790492696211927,0.013600333287936712,0.6764384061274733,-0.007800061886116927,0,1.3700127601623535e-05,20,-3.5571200507027763e-06,84
2022-01-26,587.72119140625,29957189.0,31.959999084472656,0.004898740113823186,0.016756912636296084,0.0012326381455518565,46.92308864772588,7.457710090429032,10.824500921662256,-0.03172215143965751,-0.015360897697671239,0.04227626350284708,0.08045543589736748,0.01380525177940672,0.5470124863226041,0.0,0,1.3700127601623535e-05,20,-3.5571200507027763e-06,84
2022-01-27,587.72119140625,29957189.0,30.489999771118164,-0.05443616334861312,-0.04784267684179633,-0.0012094978497395603,50.83337186185214,6.044317539914346,9.868464245312675,-0.027522718970702797,-0.036363352516885494,0.03246755613998853,0.07745114713596446,0.013845861747468689,0.476217535574327,0.0,0,1.3700127601623535e-05,20,-3.5571200507027763e-06,84
2022-01-28,587.72119140625,29957189.0,27.65999984741211,0.010568775467723723,0.01831069739326452,0.003325596475219461,46.84691063886505,4.868077592474947,8.868386914745129,-0.023041143631120087,-0.037821364085561915,0.03414644414509427,0.07202781663217639,0.013839454756335268,0.45818514347671485,0.0,0,1.3700127601623535e-05,20,-3.5571200507027763e-06,84
2022-01-31,587.72119140625,29957189.0,24.829999923706055,0.04268341723869162,0.054431816888465656,0.0025399246859625357,42.71856862630679,3.891045410378865,7.872918613871876,-0.007800061886116927,-0.053571296936891666,0.03414644414509427,0.0648809139383022,0.013819508162582941,0.45818514347671485,0.0,0,1.3700127601623535e-05,20,-3.5571200507027763e-06,84
2022-02-01,587.72119140625,29957189.0,21.959999084472656,0.0034251176989770205,0.007938122247713508,-0.0020340162921449467,37.2341711226189,3.0812219581910085,6.914579282735703,-0.026033600199380835,-0.06881391178413776,0.007924094163816564,0.0389080293778965,0.01331583964714066,0.45818514347671485,0.0,0,1.3700127601623535e-05,20,-3.5571200507027763e-06,84
2022-02-02,587.72119140625,29957189.0,22.09000015258789,0.008939387273770638,0.02458366662649647,-0.001011834938484557,36.55919400474984,2.4116312539619003,6.013989676980943,-0.007800061886116927,-0.039274778581384395,-0.030487728136919467,0.05086922510101388,0.013172843291751401,0.45818514347671485,0.0,0,1.3700127601623535e-05,20,-3.5571200507027763e-06,84
2022-02-03,587.72119140625,29957189.0,24.350000381469727,-0.03471616345613815,-0.04576371887404973,0.00030636052156918225,28.048860052919636,1.8595401751048257,5.18309977660572,0.0,-0.027522718970702797,-0.021538456535938555,0.0648809139383022,0.012976426700501977,0.45818514347671485,0.0,0,1.3700127601623535e-05,20,-3.5571200507027763e-06,84
2022-02-04,587.72119140625,29957189.0,23.219999313354492,0.009846431908770326,0.005978068561084848,-0.0002486011289392076,16.90152768190876,1.4057988435204152,4.427639589988659,0.0,-0.023041143631120087,-0.012422328397371785,0.05260048799561612,0.012879744090445653,0.45818514347671485,-0.0015725047002749237,0,1.3700127601623535e-05,20,-3.5571200507027763e-06,84
2022-02-07,586.7969970703125,56836469.0,22.860000610351562,0.010659460431007073,-0.00021429922351001718,0.002022027810925975,23.529510799603187,0.9605580943293717,3.734223290856802,0.0,-0.007800061886116927,0.0031547226767283387,0.0613429616544352,0.012793371860984568,0.45818514347671485,-0.011023517377946268,0,1.3700127601623535e-05,20,-3.5571200507027763e-06,84
2022-02-08,580.3284301757812,39718217.0,21.440000534057617,0.011446348605554713,0.023983745126847644,0.0009352869523764351,24.00015323322097,0.0847651842104824,3.004331669527538,-0.0015725047002749237,-0.027565166940977104,-0.012441649913037311,0.0492167283051681,0.01273081957399264,0.4466558393846571,0.007961737049280382,1,1.3700127601623535e-05,20,-3.5571200507027763e-06,84
2022-02-09,584.9488525390625,30048791.0,19.959999084472656,0.014630800480375905,0.03354617562064699,-0.000747489279132485,32.69244692269099,-0.23378263586823778,2.3567088084483827,-0.012578687545330758,-0.020280634890147975,-0.035330003830027934,0.04279596643610173,0.01283688691094217,0.3659606090993331,0.025276502999540318,1,1.3700127601623535e-05,20,-3.5571200507027763e-06,84
2022-02-10,599.7343139648438,34587133.0,23.90999984741211,-0.006452997796325688,-0.03219181381988623,-0.00088112628861714,56.89663811382721,0.6987740591279135,2.025121858584289,-0.004717098698711286,-0.004717098698711286,-0.040908921692758726,0.05809414582746353,0.012820906679082004,0.42360027684948937,0.0015409044959788787,1,1.3700127601623535e-05,20,-3.5571200507027763e-06,84
2022-02-11,600.658447265625,26723278.0,27.360000610351562,-0.02966862125332581,-0.048315967573850815,0.001645029539128151,46.808573428106484,1.4951664446246014,1.9191307757923515,0.02044017254142183,0.02044017254142183,-0.018154266751800874,0.08846113754832885,0.013312573029573916,0.6046515378660342,-0.020000126001047835,0,1.3700127601623535e-05,20,-3.5571200507027763e-06,84
2022-02-14,588.6452026367188,27826382.0,28.329999923706055,-0.010247303310066957,0.0014709014699874068,0.0028605704772510787,45.83341360112503,1.1437601501052086,1.764056650654923,0.022012573391168466,0.022012573391168466,-0.03273796565120668,0.08832168320922351,0.013312690536656369,0.6162799985254181,-0.006279419387262841,0,8.96155834197998e-06,20,-2.2046622775849844e-06,84
2022-02-15,584.9488525390625,21970460.0,25.700000762939453,0.03965948813130993,0.05467034676560756,-0.0015839209130393828,46.80844186870078,0.5605419896276089,1.52335371844946,0.003149650689478145,0.0015721931486898377,-0.06734990739608948,0.052892309895898215,0.01362456712455047,0.46511615404465523,0.020537152165706285,1,8.96155834197998e-06,20,-2.2046622775849844e-06,84
2022-02-16,596.9620361328125,25191741.0,24.290000915527344,-0.007388434559231993,0.00034885573053755614,-0.0014751218320701032,58.333259945840034,1.0555333814656933,1.4297896510527068,0.007961737049280382,-0.004717098698711286,-0.04380661427315724,0.04283366742276562,0.013670663082900035,0.4186046154413301,-0.001547958177728126,0,8.96453857421875e-06,20,-2.2046622775849844e-06,84
2022-02-17,596.0379638671875,18135080.0,28.110000610351562,-0.03106796103638987,-0.03743010384571499,-0.00035581921065863664,57.37699770453463,1.3576031130671709,1.4153523434555997,0.020537152165706285,0.01572317769323872,-0.012232285878441496,0.0802675799534609,0.013755209952076153,0.5697676919106895,-0.01240317174178529,0,8.96453857421875e-06,20,-2.2046622775849844e-06,84
2022-02-18,588.6452026367188,20804191.0,27.75,-0.0037575518771313376,-0.01119033709323869,0.0009312888004138209,50.72457386594786,0.989060233537316,1.330093921471943,-0.006163312672939569,0.014150880694020707,-0.009216315411677223,0.08040202895266968,0.013754429234270605,0.5421690965532773,-0.00784935199971215,0,8.96453857421875e-06,20,-2.2046622775849844e-06,84
2022-02-21,584.0247192382812,23797502.0,27.75,0.0,0.0,0.0011962768307509641,47.29722372220264,0.32045890031474755,1.128166917240504,-0.020000126001047835,0.0015721931486898377,-0.006240131941283811,0.061666593095486055,0.013920817945949302,0.4177208734191079,-0.007911556277309884,0,8.96453857421875e-06,20,-2.2046622775849844e-06,84
2022-02-22,579.4041748046875,34086593.0,28.809999465942383,-0.020115657151988486,-0.008341453199022686,-0.0020667391326812945,44.30367999678953,-0.5756164454917325,0.7874102446940567,-0.00784935199971215,-0.00472442402717177,-0.032159361431139954,0.04290412604230065,0.013928074992357575,0.35442917327505413,-0.00318931148752577,0,8.96453857421875e-06,20,-2.2046622775849844e-06,84
2022-02-23,577.5562744140625,31953054.0,31.020000457763672,-0.008639157708917766,-0.023321926520298297,0.0008988658941737615,43.20992788438018,-1.418520904900106,0.34622401477522424,-0.009478910353114545,-0.0015926418955793942,-0.021840976996932326,0.03807906954110751,0.013981638839153128,0.27272493332910164,-0.033600093504146056,0,8.96453857421875e-06,20,-2.2046622775849844e-06,84
2022-02-24,558.1503295898438,73663161.0,30.31999969482422,-0.03468507647281238,0.03702479146787452,0.0012680530722726235,34.31374897931829,-3.610803234802688,-0.4451814351403583,-0.03250753070406742,-0.012637990642961894,-0.01729547469245707,0.03135330023983607,0.013991238507524957,0.14706096612173022,0.0,0,8.96453857421875e-06,20,-2.2046622775849844e-06,84
2022-02-25,558.1503295898438,89012516.0,27.59000015258789,-0.005809682765569146,0.015742127804872608,0.006978153222107819,34.65352750415421,-5.287254596010712,-1.413596067314429,-0.06356580717027294,-0.06933734389831436,-0.050314438629737945,-0.017886053653005884,0.014782092042599606,0.0,0.0,0,8.96453857421875e-06,20,-2.2046622775849844e-06,84
2022-02-28,558.1503295898438,89012516.0,30.149999618530273,-0.03793954435467717,-0.006702028604448462,-0.0037196669370429536,37.23408291806845,-6.540460026062419,-2.4389688590640275,-0.05180518402304024,-0.07076919981611973,-0.050314438629737945,-0.019480469350612428,0.01477899115424449,0.0,0.0,0,8.96453857421875e-06,20,-2.2046622775849844e-06,84
2022-03-01,558.1503295898438,66720867.0,33.31999969482422,0.009718666162068512,-0.03635481555068554,0.00045775877592668657,33.707931876151676,-7.447780975236128,-3.4407312822984477,-0.04430358646836796,-0.05180518402304024,-0.050314438629737945,-0.017886053653005884,0.01477773421351939,0.0,-0.004967120425031446,0,8.96453857421875e-06,20,-2.2046622775849844e-06,84
2022-03-02,555.3779296875,40693457.0,30.739999771118164,0.014437949492378532,0.03368074531793863,0.002545122402115574,18.421086936684432,-8.294930076055039,-4.411571041049767,-0.0366822438274772,-0.04581344647980001,-0.050314438629737945,-0.017886053653005884,0.01477773421351939,0.0,0.00166397195744028,1,8.96453857421875e-06,20,-2.2046622775849844e-06,84
2022-03-03,556.3020629882812,33792420.0,30.479999542236328,-0.007481032736074589,-0.02236426405945835,-0.0027204410374684906,18.421086936684432,-8.790401728474194,-5.287337178534652,-0.038400318218450136,-0.06965954939898533,-0.05503164117897763,-0.047543622921852546,0.014192560445723463,0.0,-0.011628015416833004,0,8.96453857421875e-06,20,-2.2046622775849844e-06,84
2022-03-04,549.8333740234375,55917115.0,31.979999542236328,-0.03428643266581877,-0.024205358365344987,0.0028601534116379224,20.000037742151278,-9.594437023394448,-6.148757147506611,-0.0033114136166876307,-0.06666672810754115,-0.053459240329231106,-0.0823171176805867,0.012665281452610845,0.012195691677191535,-0.03193283654161028,0,8.96453857421875e-06,20,-2.2046622775849844e-06,84
2022-03-07,532.275634765625,86496560.0,36.45000076293945,-0.054920960908683925,-0.049092949219300186,0.002691523452047706,16.47061840289433,-11.515658269058918,-7.222137371817072,-0.014900923864934357,-0.06593416278503827,-0.06446563087534363,-0.0846155972226117,0.012705329878609449,0.0,-0.02256924934902793,0,8.96453857421875e-06,20,-2.2046622775849844e-06,84
2022-03-08,520.2625732421875,79029914.0,35.130001068115234,0.007150863203449154,0.018696836270899686,0.005329603901337077,1.1765245243316258,-13.847962919023985,-8.547302481258455,-0.04635793164044666,-0.08860769547588743,-0.09291349917756053,-0.10559030417997473,0.013478783269263186,0.0,0.008880943202367098,1,8.96453857421875e-06,20,-2.2046622775849844e-06,84
2022-03-09,524.8829956054688,52155415.0,32.45000076293945,0.04950007563133729,0.039694320577485565,0.0009725650712339995,6.741586375230327,-15.148874887378497,-9.867616962482465,-0.06788091727097612,-0.1020731367398866,-0.10350321268148077,-0.1119873419383095,0.013686151028069249,0.0,0.033450884177939955,1,8.96453857421875e-06,20,-2.2046622775849844e-06,84
2022-03-10,542.4407958984375,45630467.0,30.229999542236328,-0.009433264377521011,-0.021665437228392648,-0.0012507469270610638,25.000082561057198,-14.594848914571799,-10.813063352900333,-0.05490843703348125,-0.09120025379696794,-0.10268565648580807,-0.11664069905468855,0.013549716429997256,0.04166643732999272,-0.020443101711983935,0,8.96453857421875e-06,20,-2.2046622775849844e-06,84
2022-03-11,531.3516235351562,38943098.0,30.75,-0.02452867213803467,-0.020840456480545222,0.0011567703893768932,23.36455117054544,-14.879066259277693,-11.626263934175805,-0.024916799724569283,-0.028145703511364695,-0.09553149908605163,-0.09830996847202178,0.014483933353930344,0.20000066048962095,-0.005217407285945441,0,8.96453857421875e-06,20,-2.2046622775849844e-06,84
2022-03-14,528.579345703125,33919577.0,31.770000457763672,-0.020806504939062664,-0.03073959745739352,0.00389743246888985,23.80961067651654,-15.153332025812915,-12.331677552503228,-0.03361336608769305,-0.04801341974371043,-0.11538474826413236,-0.12878775748584848,0.014515226353428353,0.09999977983679302,-0.024475291920181497,0,8.96453857421875e-06,20,-2.2046622775849844e-06,84
2022-03-15,515.6422119140625,74092231.0,29.829999923706055,0.028096490635561633,0.04355701074138629,0.0035197769856842864,21.36757106453699,-16.22754713631923,-13.110851469266429,-0.006944313849961525,-0.05298032146366183,-0.10204085018367726,-0.13464451978620529,0.014499342185199167,0.0749996972755904,0.004952486197785433,1,8.96453857421875e-06,20,-2.2046622775849844e-06,84
2022-03-16,518.1959228515625,43438327.0,26.670000076293945,0.04025607775548101,0.05025723801216042,0.00027709438903933403,28.111142096861457,-16.6805245169287,-13.824786078798883,-0.008880825886305233,-0.07615890454999519,-0.11848324913223374,-0.16964268601795918,0.014505771235913038,0.0,0.04301080714741201,1,8.96453857421875e-06,20,-2.2046622775849844e-06,84
2022-03-17,540.4839477539062,60959900.0,25.670000076293945,0.00756926877647901,0.007329181714075261,-0.004905526087041756,42.22119261824112,-15.067367777140248,-14.073302418467158,-0.012740120769567875,-0.06694901768397432,-0.13194492867838925,-0.1789698221107503,0.014212758642956047,0.026572030270775593,-0.0017182951341283559,0,8.96453857421875e-06,20,-2.2046622775849844e-06,84
2022-03-18,539.5552368164062,46242430.0,23.8700008392334,0.002159773489746719,0.020136422111954433,-0.007082709597816872,41.87868596903333,-13.705875844660568,-13.99981710370584,-0.003607487046194846,-0.02843439973852513,-0.09320549944979695,-0.11649168351979022,0.015407900894006545,0.28002531880712644,0.00860592440809027,1,8.96453857421875e-06,20,-2.2046622775849844e-06,84
2022-03-21,544.1986083984375,21400273.0,23.530000686645508,0.0018741492725529163,-0.0026396464367511863,0.006317034814020683,44.14416445371921,-12.11257616059379,-13.622368915083431,0.015439142213719448,-0.018693185413283242,-0.08339482866831127,-0.10722087728559415,0.015338895479997476,0.27239374105731246,-0.005119474212524455,0,8.96453857421875e-06,20,-2.2046622775849844e-06,84
2022-03-22,541.41259765625,20246949.0,22.940000534057617,0.0011223098162052025,0.006604885280136807,0.001904321675453291,44.13912132926639,-10.94847525751834,-13.087590183570413,0.029549513847415776,0.022399998899184093,-0.06819250885782246,-0.09538798690181183,0.01543164534031409,0.32528647886501394,0.012006984045100477,1,8.96453857421875e-06,20,-2.2046622775849844e-06,84
2022-03-23,547.913330078125,25902069.0,23.56999969482422,-0.015788454972602284,-0.024821169485883754,0.002020406549248399,46.636888929562616,-9.393084496298002,-12.34868904611593,0.049977261649173155,0.0406525964038873,-0.06557007836756468,-0.08597894079118407,0.015300068785918882,0.29355097523092816,0.0016951074589184323,1,8.96453857421875e-06,20,-2.2046622775849844e-06,84
2022-03-24,548.8421020507812,20060758.0,21.670000076293945,0.024394834815904876,0.05130460754826904,0.0032423198586866153,49.58411754613732,-7.99333973118371,-11.477619183129487,0.05734782138584116,0.043877082445946014,-0.05132477240596267,-0.09200283858730918,0.0151119526102385,0.3795877108720904,0.011844115624724427,1,8.96453857421875e-06,20,-2.685756910414923e-06,84
2022-03-25,555.3426513671875,26122381.0,20.809999465942383,-0.011026589407662102,-0.0020890087167115823,0.003214343626089411,60.66734634200314,-6.287019075370154,-10.439499161577622,0.015464204499706424,0.011800930536099097,-0.01667691846729291,-0.0734363374134962,0.014903322023982826,0.3905123533102736,-0.023411278975734473,0,8.96453857421875e-06,20,-2.685756910414923e-06,84
2022-03-28,542.3413696289062,26391576.0,19.6299991607666,-0.0037479467620504803,0.006192263282444488,0.000610785588096352,60.11786588350465,-5.91565050563122,-9.534729430388342,0.029260052490516664,0.04515094481581827,-0.00503032619315924,-0.055091666784363946,0.015015245142198362,0.46697479944806036,0.008561488707556686,1,1.2883543968200684e-05,20,-1.3974450883411226e-05,84
2022-03-29,546.984619140625,14892032.0,18.899999618530273,0.027461637931364802,0.0221049901687691,0.004000848124449341,60.126208124277476,-5.186875733469265,-8.665158691004526,-0.0034127958816305703,0.026035871506622676,-0.028323838799046652,-0.07721317937977146,0.015397818919608909,0.3140477534018807,0.018675609219402034,1,1.2883543968200684e-05,20,-1.3974450883411226e-05,84
2022-03-30,557.1998901367188,41230239.0,19.329999923706055,-0.023066156772756807,-0.032259654570362395,-0.005398931505235405,57.24989941230402,-3.741895240110125,-7.6805060008256465,0.010291636191134046,0.06078324563502968,-0.020004844317522585,-0.06931275043554908,0.015478633965968285,0.3686637863574426,-0.005000020264727456,0,8.97347927093506e-06,20,-2.7084634417579287e-06,84
2022-03-31,554.4138793945312,22700114.0,20.559999465942383,-0.023142654887259972,-0.022692715235105965,-0.003587334239694262,62.334721805100344,-2.789391206341179,-6.702283041928753,0.016948958072017684,0.07526876527804904,0.0032805776964235367,-0.05193159905720335,0.01579059241369555,0.48882049470674976,-0.013400206109593915,0,8.97347927093506e-06,20,-2.7084634417579287e-06,84
2022-04-01,546.984619140625,29732696.0,19.6299991607666,-0.014099312599880842,-0.018186091403288085,0.003158542970105538,59.37685017040226,-2.6039869698669236,-5.882623827516388,0.010151876692642059,0.025773071889579224,-0.0033941696775440233,-0.05667196027426513,0.015800575167769802,0.45605015700987717,0.0,0,8.97347927093506e-06,20,-2.7084634417579287e-06,84
2022-04-04,546.984619140625,29732696.0,18.56999969482422,0.019457168246159062,0.017319957124697805,0.0018276505532142107,68.39236159364125,-2.4290521752517407,-5.191909497063459,-0.01505022566875791,0.01376945642869698,-0.005181123986648162,-0.06931275043554908,0.01590929448136316,0.3686637863574426,0.0,0,8.97347927093506e-06,20,-2.7084634417579287e-06,84
2022-04-05,546.984619140625,29732696.0,21.030000686645508,-0.02185337923466968,-0.04529405831446409,-0.00277313382152089,67.4157668455232,-2.264313493712848,-4.606390296393337,0.008561488707556686,0.005119474212524455,0.027634149328433555,-0.06931275043554908,0.01590929448136316,0.3686637863574426,-0.018675609219402034,0,8.97347927093506e-06,20,-2.7084634417579287e-06,84
2022-04-06,536.7693481445312,37645873.0,22.100000381469727,-0.01287792706364499,-0.023200086193102876,0.002263185631593334,47.36846201608845,-2.9243339965406676,-4.269979036422803,0.0,0.010291636191134046,0.051362614327435274,-0.06931275043554908,0.01590929448136316,0.3686637863574426,-0.020761438860897097,0,1.3217329978942871e-05,20,-1.3621790068490164e-05,84
2022-04-07,525.625244140625,42904743.0,21.549999237060547,-0.0065231671918039025,0.0010895504362329334,0.0025198154052490374,41.37930252990231,-4.297106687141536,-4.27540456656655,-0.036666450144443696,-0.020338950198573902,0.02264571845264518,-0.08525546172791121,0.016126357515420704,0.2485070780081355,0.0017671012154887311,1,1.772642135620117e-05,20,-2.434069202059791e-05,84
2022-04-08,526.5540771484375,28024587.0,21.15999984741211,-0.012236205667045197,-0.02416934507388646,0.0025517279341435994,38.554306546685794,-5.2495760288734346,-4.470238859027927,-0.05192625279393437,-0.042301525016767205,-0.030999791838962065,-0.09426246103191371,0.016328103668216035,0.11742500929710978,-0.015873306578763402,0,1.772642135620117e-05,20,-2.434069202059791e-05,84
2022-04-11,518.1959228515625,36820094.0,24.3700008392334,-0.01732313287047138,-0.020854644009178247,0.003205020156220151,35.95507775288334,-6.602735815691972,-4.896738250360737,-0.03735121843880396,-0.05183929984105484,-0.009028948391650693,-0.09982885706528577,0.01626168890256329,0.12835036965882837,-0.001792200394764687,0,2.2482872009277343e-05,20,-3.4741702533903574e-05,84
2022-04-12,517.2672119140625,30671407.0,24.260000228881836,-0.0013321875918603787,-0.002494236493288282,0.0048457784786037905,30.120439950272,-7.661744090228353,-5.449739418334261,-0.05263163767619794,-0.04452075414026613,-0.019644019267817447,-0.13595752188036547,0.015787969989254535,0.030037920721139835,0.02872551034784343,1,2.2482872009277343e-05,20,-3.4741702533903574e-05,84
2022-04-13,532.1259765625,35865970.0,21.81999969482422,0.04166648892181146,0.02357696658112518,0.00024112050736491142,40.816270415311116,-7.2188235460128,-5.803556243869969,-0.054329511629142235,-0.054329511629142235,0.0031514099553020536,-0.1388330351985959,0.015771144078576254,0.019982827257825308,0.0,0,1.8224120140075684e-05,20,-2.3738968940008254e-05,84
2022-04-14,532.1259765625,19056590.0,22.700000762939453,-0.030936101695622997,-0.029205113826028306,-0.005899197170308623,36.263771184910524,-6.789540230219927,-6.000753041139961,-0.008650590049678053,-0.04499985376534521,0.026881828082093495,-0.0960157762622581,0.016305686192492147,0.2027029055559225,-0.01919732077805525,0,1.8224120140075684e-05,20,-2.3738968940008254e-05,84
2022-04-15,521.9105834960938,28253360.0,22.700000762939453,0.0,0.0,0.0034469010597268923,37.49998132865304,-7.190736620805296,-6.238749757073029,0.012367618363732458,-0.04020083850781586,-0.015463865719119951,-0.090303409857591,0.01629682323738811,0.2027029055559225,-0.0017793275930966246,0,2.3365020751953125e-05,20,-3.378944737570626e-05,84
2022-04-18,520.98193359375,15800959.0,22.170000076293945,0.004168553855607771,0.018813022585640438,0.004998936235429685,33.333411575084696,-7.497198894860503,-6.490439584630524,-0.008818645327922758,-0.04584047661874924,-0.032702218635524805,-0.12572232084122226,0.016101516730396375,0.07796894027045165,0.00712999697273875,1,2.3365020751953125e-05,20,-3.378944737570626e-05,84
2022-04-19,524.696533203125,16614705.0,21.3700008392334,0.0068847510352130215,0.022053760175130943,0.003538203450695221,27.272843665365585,-7.355545164727346,-6.663460700649889,0.0053763656164187434,-0.047538238986917336,-0.04266213556299525,-0.12592491556487817,0.016101023678543446,0.07314387570741447,0.008849632669925889,1,2.3365020751953125e-05,20,-3.378944737570626e-05,84
2022-04-20,529.3399047851562,27606307.0,20.31999969482422,-0.0044242913880842005,-0.00349800977575232,0.0013589222115946153,32.91151350982601,-6.790327612754595,-6.68883408307083,0.014362637178512605,-0.04074718951424472,-0.03087490857340236,-0.10863703491873955,0.01610706074409395,0.13240698013797117,-0.008772003659757832,0,2.3365020751953125e-05,20,-3.378944737570626e-05,84
2022-04-21,524.696533203125,18383650.0,22.68000030517578,-0.013635118759358078,-0.02656099619197494,-0.0030833851240669174,34.21059003606112,-6.640522105784044,-6.679171687613473,-0.00523573721272097,-0.013841035046163852,-0.03389847312223715,-0.09363441760555635,0.01618046372944195,0.21482545784530324,-0.012389276353472534,0,2.3365020751953125e-05,20,-3.378944737570626e-05,84
2022-04-22,518.1959228515625,29283846.0,28.209999084472656,-0.020274270530022176,-0.022528855780283186,0.004303314967822658,31.32540328583329,-6.966044860780471,-6.736546322246873,-0.013961812966487241,-0.0017668689771900281,-0.04399365274171729,-0.09442051676621765,0.016188400913375072,0.14624014195583596,-0.019713262070910176,0,2.3365020751953125e-05,20,-3.378944737570626e-05,84
2022-04-25,507.9805908203125,43389591.0,27.020000457763672,0.005852685619201825,0.017579532307764767,0.0007511784906242269,27.659686039584855,-7.956597211367011,-6.980556500070901,-0.007117427318005465,-0.015873306578763402,-0.06688974532061276,-0.10277847231894721,0.016263751504248972,0.06007584144227967,-0.0018279406071596283,0,2.8696656227111816e-05,20,-4.36178275517055e-05,84
2022-04-26,507.0520324707031,35825421.0,33.52000045776367,-0.03605557674627524,-0.043804305199585114,-0.004001911578310646,30.95250297220737,-8.716070548560424,-7.327659309768806,-0.024955458020883392,-0.019713262070910176,-0.06335636691721469,-0.08988571019280489,0.015748012671341696,0.0,-0.03663033601822341,0,2.8696656227111816e-05,20,-4.36178275517055e-05,84
2022-04-27,488.4785461425781,55941533.0,31.600000381469727,-0.02705617360764323,-0.004884708951744199,0.0036651209235754045,28.26097905185226,-10.693416710160022,-8.00081078984705,-0.033628010889851234,-0.019748360630784556,-0.07300495347138003,-0.09154934506029977,0.015744537963991855,0.0,0.009505534170099361,1,3.441274166107178e-05,20,-5.304458595457531e-05,84
2022-04-28,493.1217956542969,45380836.0,29.989999771118164,0.0549521766113954,0.05577036944643976,0.002525581784408981,31.249895168006745,-11.750355574180276,-8.750719746713695,-0.07719304415404427,-0.08202461887292456,-0.12333337678383005,-0.12482619780671611,0.01661242960161219,0.0,0.013182813007179162,1,3.441274166107178e-05,20,-5.304458595457531e-05,84
2022-04-29,499.6225280761719,36664644.0,33.400001525878906,-0.024049395037471277,-0.04470026841920238,0.002655316089686943,39.36168687949598,-11.925957447389294,-9.385767286848816,-0.06017714154898879,-0.07329877252031114,-0.11055293891121687,-0.11650720332519204,0.01671919421756115,0.06756633735385977,0.0,0,3.441274166107178e-05,20,-5.304458595457531e-05,84
2022-05-02,499.6225280761719,36664644.0,32.34000015258789,0.00893142572430583,0.035105865708189965,-0.0006349043113590414,39.784950415982784,-11.927628915602725,-9.894139612599599,-0.03584241781213504,-0.042704739326461016,-0.0865876103406058,-0.10039182083216835,0.016895675936817105,0.16216187411212327,-0.01301128763530035,0,3.441274166107178e-05,20,-5.304458595457531e-05,84
2022-05-03,493.1217956542969,26317509.0,29.25,-0.0013865825299989032,0.007494408920845963,0.0017191021218201374,24.99991197765094,-12.311588020756005,-10.37762929423088,-0.016453508057549193,-0.04099836124880618,-0.0865876103406058,-0.10188625691525321,0.016887919246502344,0.16216187411212327,0.005649803525859198,1,3.441274166107178e-05,20,-5.304458595457531e-05,84
2022-05-04,495.9078369140625,16569622.0,25.420000076293945,0.025205712598469043,0.03904907917169442,-0.002119750644664742,27.58615609969094,-12.249859378478675,-10.75207531108044,-0.027472992758807546,-0.06017714154898879,-0.0984722816721113,-0.10314320855816805,0.016907659639263068,0.06756633735385977,0.014981377125335094,1,3.441274166107178e-05,20,-5.304458595457531e-05,84
2022-05-05,503.33721923828125,20374772.0,31.200000762939453,-0.04000413672522163,-0.050022285869678274,-0.006189235153336137,38.09523623233196,-11.46923966560604,-10.89550818198556,0.015209042096427927,-0.06315803431570655,-0.07612489679545997,-0.06832512231670385,0.016292527644403063,0.10810747199760554,-0.025830161651778094,0,3.441274166107178e-05,20,-5.304458595457531e-05,84
2022-05-06,490.3359375,32467268.0,30.190000534057617,-0.005643143999718436,-0.007808929032266487,0.012541078282115592,32.989708533806535,-11.764078722499164,-11.069222290088282,0.020715822488499125,-0.04070793804268369,-0.042402881427020755,-0.032532330546920396,0.016140795724830057,0.216216276226641,-0.015151616995682127,0,4.031658172607422e-05,20,-6.226201852162679e-05,84
2022-05-09,482.90655517578125,23709774.0,34.75,-0.047255308280208186,-0.051293387098860554,0.0014624635640354544,27.722831229103576,-12.453671687837414,-11.34611216963811,-0.018587213454786533,-0.053763420596311784,-0.06878332391722697,-0.06581858889449765,0.016524436269841274,0.02702786717297382,-0.003846085303214508,0,4.6592950820922854e-05,20,-7.114807764689128e-05,84
2022-05-10,481.04925537109375,41679907.0,32.9900016784668,0.017411281781638976,0.025106847656289677,0.003406402477327486,23.469434289741997,-13.000189560338583,-11.676927647778205,-0.0334572041111848,-0.049360223791307556,-0.06810043483474093,-0.10975251340388303,0.015699296574752167,0.0,0.005791465621249436,1,4.6592950820922854e-05,20,-7.114807764689128e-05,84
2022-05-11,483.8352355957031,27157254.0,32.560001373291016,-0.01114600936416743,-0.030408962691258812,-0.003673782665213121,27.08337112997995,-13.057979333579055,-11.953137984938376,-0.02448186308046818,-0.0512822657921439,-0.0700178857441015,-0.09466870135710481,0.015447204453161518,0.0,-0.030710192236018008,0,4.6592950820922854e-05,20,-7.114807764689128e-05,84
2022-05-12,468.9765625,32532963.0,31.770000457763672,-0.0015940616054979095,0.005430421648199735,0.0015956719826561994,24.761925030326623,-14.139754595648867,-12.390461307080475,-0.024344445519322355,-0.009505659119611987,-0.09075057992611446,-0.08464975120793361,0.015488948374809438,0.03658512149221097,0.011881301641706532,1,5.3122639656066895e-05,20,-7.970914954230899e-05,84
2022-05-13,474.5486145019531,29074177.0,28.8700008392334,0.037290590597624185,0.05063654918735794,0.0044629864882697046,32.00004863523931,-14.381668335340976,-12.788702712732576,-0.06826567840598097,-0.048964035593397126,-0.11867380440707143,-0.09050005669791794,0.0157376242368908,0.0,0.01761240138188991,1,5.3122639656066895e-05,20,-7.970914954230899e-05,84
2022-05-16,482.90655517578125,21163106.0,27.469999313354492,-0.0060467120896607884,-0.01693730296525675,-0.001324587601386762,37.96291929394947,-13.740577925673676,-12.979077755320796,-0.032196952722941874,-0.05018571454487342,-0.09074728601378346,-0.08422935500809059,0.015849650519066883,0.06315848825037998,0.01923086888539749,1,4.868507385253906e-05,20,-6.897818474542527e-05,84
2022-05-17,492.1932678222656,24496974.0,26.100000381469727,0.032186562144786324,0.050149633386914916,-0.002353733057646634,52.04084369984824,-12.340890949996265,-12.85144039425589,0.0,-0.0334572041111848,-0.07308387481946554,-0.10652932953402194,0.014520380424104843,0.15789466401835828,0.015094193154606472,1,4.3845176696777345e-05,20,-5.8670129094805035e-05,84
2022-05-18,499.6225280761719,30568176.0,30.959999084472656,-0.029897022105818793,-0.051700648642589275,-0.0035709624715448696,53.465376493822994,-10.51098562458128,-12.38334944032097,0.023166052803834214,-0.0018829584094923746,-0.06194678890374228,-0.08777964842598018,0.014905234462812337,0.2631583498852607,-0.029739798068988965,0,3.878474235534668e-05,20,-4.8521019163585844e-05,84
2022-05-19,484.76385498046875,29019751.0,29.350000381469727,-0.003534722422286918,-0.006062629145284437,0.004539631126624144,42.72727517153054,-10.142823059601938,-11.935244164177163,0.03262948069714522,0.007490688562667547,-0.056140442918328204,-0.08191141916634426,0.01505155150573054,0.3473680532927093,0.015325839097670046,1,4.5660138130187986e-05,20,-5.68046456291562e-05,84
2022-05-20,492.1932678222656,22651205.0,29.43000030517578,0.006318338441333671,-0.002657196781563509,-0.004697343518617725,46.610207724719494,-9.14612916450784,-11.3774211642433,0.03366328670309349,-0.036900438807049185,-0.07610623607302769,-0.1046313715658096,0.0156467957085461,0.17894691691382136,-0.003773579290272444,0,4.0364265441894534e-05,20,-4.695994513375419e-05,84
2022-05-23,490.3359375,17054170.0,28.479999542236328,0.007931539331656356,0.005474140055663712,0.0038005856878970956,48.67263508552036,-8.409177344606178,-10.783772400315875,0.03718197204901941,0.003787873129869501,-0.05017919648268898,-0.10169502948197018,0.01573004604137562,0.2631583498852607,-0.015151616995682127,0,4.0364265441894534e-05,20,-4.695994513375419e-05,84
2022-05-24,482.90655517578125,17802308.0,29.450000762939453,-0.030382395848977062,-0.02462708586924378,-0.007505118220247797,44.06782540308477,-8.328619638699479,-10.292741847992597,0.015384720386565132,0.015384720386565132,-0.034734896645990054,-0.10659926476516557,0.015717706598395175,0.2421057510769995,0.007692233802046866,1,4.742145538330078e-05,20,-5.496612616947719e-05,84
2022-05-25,486.6211853027344,22176476.0,28.3700008392334,0.019048555203760698,0.019766145574841687,0.0014140509828020065,42.10524798628341,-7.874267811822449,-9.809047040758568,-0.018868020457845525,0.0038609347877582856,-0.047619328488377466,-0.13043495941303485,0.015666238336963637,0.15789466401835828,-0.019083818906064587,0,4.742145538330078e-05,20,-5.496612616947719e-05,84
2022-05-26,477.3345947265625,28327403.0,27.5,0.00652567607610588,0.0387384287614978,-0.004121005100007014,43.636358204674735,-8.169369556820584,-9.481111543970972,-0.026022330945523975,0.005758054606339602,-0.0038023386175523033,-0.10274005902278494,0.015420837132535054,0.19999951572208258,0.031128422829304503,1,5.4836273193359375e-05,20,-6.26480295544579e-05,84
2022-05-27,492.1932678222656,27866643.0,25.719999313354492,0.030439710582493618,0.0403191019542517,-0.003298202059625277,54.23731126436065,-7.122169143622614,-9.0093230639013,-0.015325524330203177,0.017821854853487418,-0.0320148106752961,-0.1273345208929103,0.015528500376657203,0.09473721350637275,0.0320754549689366,1,4.9194693565368654e-05,20,-5.316450482323056e-05,84
2022-05-30,507.9805908203125,34476433.0,25.719999313354492,0.0,0.0,-0.0005799542361255572,60.90225935459577,-4.961161069123364,-8.199690664945713,0.0,0.03718197204901941,-0.014869746331321543,-0.11666661007148194,0.016064432743623187,0.2717396351634692,0.02376629178274392,1,4.3112039566040036e-05,20,-4.404570375170026e-05,84
2022-05-31,520.0534057617188,72405873.0,26.190000534057617,0.01631657402618858,-0.005347763727272192,-0.015872479522662797,63.636413774972866,-2.248452570197003,-7.009443045995972,0.035984825852811264,0.051923162723281235,0.01672875475876534,-0.08375203128920217,0.016936850530648785,0.5,-0.019643086629920203,0,3.6963820457458495e-05,20,-3.5097201665242515e-05,84
2022-06-01,509.83795166015625,29155176.0,25.690000534057617,-0.005771257168851185,-0.016026099109108793,0.005566975948988917,65.94201966745916,-0.9123957820437454,-5.790033593205527,0.07692347554158951,0.056604061373536796,0.054614519870669564,-0.049235778185533374,0.017290722446854197,0.6547636931531887,-0.016393447529295724,0,4.470348358154297e-05,20,-4.251656078156971e-05,84
2022-06-02,501.4799499511719,21420890.0,24.719999313354492,0.016780827249829766,0.035732659280171,0.0047185849166335725,60.283673067000045,-0.5219651495116864,-4.736419904466759,0.04771014304068655,0.020446282963499485,0.028090128264110836,-0.06791172215926367,0.017525549371485656,0.5238098591328896,0.0,0,5.261898040771484e-05,20,-4.958325908297584e-05,84
2022-06-03,501.4799499511719,21420890.0,24.790000915527344,-0.026676230944657986,-0.03020598394166074,-0.0009372287861050266,57.57576662855214,-0.21012388300351859,-3.8311607001741113,0.05058371107260906,0.034482964847650566,-0.0036899104936448657,-0.08319186243471732,0.017672739392105005,0.47945201162852463,0.0,0,5.261898040771484e-05,20,-4.958325908297584e-05,84
2022-06-06,501.4799499511719,17615003.0,25.06999969482422,-0.007038648245770385,4.894626425611115e-05,0.008934408796311022,54.09835977259737,0.036590771759335894,-3.057610405787422,0.018867958454603873,0.018867958454603873,0.022727301017319013,-0.06574406365666263,0.017474534774270543,0.5147060813423027,-0.009259093034867827,0,5.261898040771484e-05,20,-4.958325908297584e-05,84
2022-06-07,496.8367004394531,19497532.0,24.020000457763672,0.007840200558995258,0.009870240557520171,0.0006913903292402601,48.739576090192266,-0.14093293010785146,-2.474274910651508,-0.012797026080549778,0.022727301017319013,0.03846167457517691,-0.045936329083527294,0.017207070310305096,0.5147060813423027,0.016822063660198783,1,5.261898040771484e-05,20,-4.958325908297584e-05,84
2022-06-08,505.19451904296875,18835521.0,23.959999084472656,-0.0039428896360029775,-0.02388315235730598,0.0008066598187788099,59.82142595171324,0.3883081941240789,-1.9017582896963905,-0.04464292525545577,0.02884646131714086,0.0328187704109022,-0.05643746387820092,0.017248289034021744,0.4411780909301786,-0.005514487126963563,0,4.613101482391358e-05,20,-4.097890286218553e-05,84
2022-06-09,502.40863037109375,16338602.0,26.09000015258789,-0.02803036908889245,-0.026931885649260745,0.0011494686050941283,55.140210739165674,0.5762945006048881,-1.4061477316361348,-0.009107663723477932,0.03816795137819495,0.04414577913278239,-0.025089745471266522,0.01730929937606292,0.573527990412124,-0.02033277681014911,0,4.613101482391358e-05,20,-4.097890286218553e-05,84
2022-06-10,492.1932678222656,21357130.0,27.75,-0.02388528132023049,-0.036016889289854026,0.00498995426452975,50.86206872130085,-0.09789095548444493,-1.144496376405797,0.001851879462005046,0.05252926547026138,0.07128728926852013,-0.028725156361616322,0.017325816910052406,0.5294121626846052,-0.026415241041632176,0,5.4454803466796876e-05,20,-4.7746158781505766e-05,84
2022-06-13,479.1918640136719,32854092.0,34.02000045776367,-0.0352954086733035,-0.056137395590782235,0.0019029841677364878,48.360643152917845,-1.6621323892259738,-1.2480235789698324,-0.018518551199924294,0.0,0.03718197204901941,-0.075043712389681,0.01695391096093749,0.3676472009587876,-0.005813722813531541,0,6.310045719146729e-05,20,-5.424590337844122e-05,84
2022-06-14,476.4059753417969,36304444.0,32.689998626708984,0.01916990647552752,0.0063187027976523424,0.0015754511710839303,45.45459236466246,-3.0909721257914953,-1.616613288334165,-0.04444462024786866,-0.05667288736396625,-0.007692360193282566,-0.09947665567988073,0.017373504617259037,0.16923021699850252,-0.007797386833828801,0,6.310045719146729e-05,20,-5.424590337844122e-05,84
2022-06-15,472.6912536621094,35680283.0,29.6200008392334,0.02225025311465867,0.017718255450345,-0.003738798333152271,47.82608198688331,-4.471539778451358,-2.1875985863576037,-0.04112161013786875,-0.08392874642555559,-0.03207539296569506,-0.08718851388197124,0.017178491736334574,0.12307822198943774,0.003456742969770943,1,6.310045719146729e-05,20,-5.424590337844122e-05,84
2022-06-16,474.3252258300781,26909199.0,32.95000076293945,-0.04672757638526415,-0.06235135006182557,-0.005838823728256393,40.452239345318766,-5.371878025358853,-2.8244544741578537,-0.06433811958695235,-0.07285981335263136,-0.05390324274960756,-0.09269165937968327,0.017201473224121872,0.06153885821234326,-0.013779468919438598,0,6.310045719146729e-05,20,-5.424590337844122e-05,84
2022-06-17,467.7892761230469,43566737.0,31.1299991607666,0.005679082667425783,0.004550279778338329,0.009896223501687063,26.1675379974412,-6.537439556968536,-3.56705149071999,-0.05589753607590775,-0.05414917211293846,-0.021533431263787595,-0.09600083893359113,0.017162336360574883,0.08860780612198468,-0.005988054031834333,0,6.310045719146729e-05,20,-5.424590337844122e-05,84
2022-06-20,464.9881286621094,34209693.0,31.1299991607666,0.0,0.0,0.00020206488993435023,13.313714495073796,-7.599581414150975,-4.373557475406187,-0.049582132253038425,-0.06718249419823341,-0.049582132253038425,-0.11627808163658282,0.017160390023309935,0.0,0.014056230302943673,1,6.310045719146729e-05,20,-5.424590337844122e-05,84
2022-06-21,471.52410888671875,33223685.0,30.190000534057617,0.022941257827441053,0.027469062745580697,3.3649272604296954e-05,23.15806847763993,-7.8237501856025915,-5.063596017445469,-0.029641019429239024,-0.07276825582481539,-0.051694780862132195,-0.11379607213432985,0.01714210616905067,0.0,-0.020792054729231957,0,6.310045719146729e-05,20,-5.424590337844122e-05,84
2022-06-22,461.72015380859375,31034893.0,28.950000762939453,-0.02346177641495406,-0.011195172791292118,0.0007070604458019325,22.6981998840744,-8.692303329745812,-5.789337479905537,-0.010247282166382599,-0.05094750756203259,-0.02357070155098473,-0.09006596136074374,0.017263857225298464,0.11869513001425976,-0.018200227553242132,0,7.191896438598632e-05,20,-6.0443367276872906e-05,84
2022-06-23,453.3167419433594,43548940.0,29.049999237060547,-0.009303866664757021,-0.00647780516017582,-0.001759568201539774,20.349698802424015,-9.944093738711558,-6.620288731666742,-0.023209864300467897,-0.08605470486245981,-0.05117128527532011,-0.09106733179906557,0.017291483883548543,0.0,0.0020597426344981518,1,8.108019828796386e-05,20,-6.632223015739804e-05,84
2022-06-24,454.2504577636719,27911980.0,27.229999542236328,0.021397897259405108,0.04446467219275663,-0.0019749280622988197,21.25497590613871,-10.737033751651666,-7.443637735663727,-0.04429130634988576,-0.09771306753125175,-0.05031659772525299,-0.10597589021684573,0.017468276743309558,0.0,0.024665904237447966,1,8.108019828796386e-05,20,-6.632223015739804e-05,84
2022-06-27,465.4549560546875,37909718.0,26.950000762939453,-0.0006982829034678506,-0.0018355877711182522,0.0027319055458230324,32.3129126503154,-10.342117559069038,-8.02333370034479,-0.028942130678117017,-0.07708925038018832,-0.07708925038018832,-0.07007081201252119,0.016625100421492893,0.01399104730278161,-0.002005831617932996,0,7.42107629776001e-05,20,-5.804002285003662e-05,84
2022-06-28,464.5213317871094,15274062.0,28.360000610351562,-0.01770335931250011,-0.02631672708970534,-0.008890682858296861,24.982514890030586,-9.98932854566641,-8.416532669409113,0.001003955507254073,-0.028666822186681484,-0.08371507796577915,-0.05610548923902203,0.01703156244494327,0.18188224308552986,-0.013065391009454808,0,7.42107629776001e-05,20,-5.804002285003662e-05,84
2022-06-29,458.4521789550781,30533789.0,28.15999984741211,-0.008180882659003186,-0.021986581122996784,0.008188896340560747,24.01264974573131,-10.083237338909953,-8.749873603309283,-0.014851365959087648,-0.02494646198793138,-0.10678148313108715,-0.07025543148388824,0.01687858425572779,0.1678925676333793,-0.03054991755400427,0,7.42107629776001e-05,20,-5.804002285003662e-05,84
2022-06-30,444.4465026855469,46311432.0,28.709999084472656,-0.022713864278193774,-0.01073149973233134,-0.0002021708586102955,22.982632943323424,-11.159165841283766,-9.23173205090418,-0.0070778258790721305,-0.030123414801344506,-0.10078844177400592,-0.082402907810468,0.01696865240952984,0.07695076016529885,-0.04726893850520575,0,8.366107940673828e-05,20,-6.359460807981945e-05,84
2022-07-01,423.43798828125,61744377.0,26.700000762939453,-0.058103990699680086,-0.038255272004889984,-0.000313508567219567,21.073075143633716,-13.55085267350023,-10.09555617542339,-0.01956742038643,-0.0629920601255034,-0.1137302643329573,-0.09870845985253063,0.017457405394308942,0.0,-0.029768329372313884,0,9.344816207885742e-05,20,-6.888522988273984e-05,84
2022-07-04,410.83294677734375,52445919.0,26.700000762939453,0.0,0.0,0.004730923233973838,19.124483096252362,-16.275786093086822,-11.331602158956077,-0.06783145499536813,-0.0948103988389224,-0.15562329396722774,-0.14613571966068972,0.018731182737165897,0.0,0.013636133361520919,1,0.00010345876216888428,20,-7.383454413641066e-05,84
2022-07-05,416.43511962890625,50084244.0,27.540000915527344,-0.011558322398561471,0.0078016042341040315,-0.0035574907572391012,23.974003949217575,-17.77832941550912,-12.620947610266686,-0.1173518695349891,-0.11646573008344108,-0.1807589778667208,-0.1837819039111147,0.01892123931472091,0.0,-0.023542355251226277,0,0.00010345876216888428,20,-7.383454413641066e-05,84
2022-07-06,406.6312561035156,40549763.0,26.729999542236328,-0.007226560044928054,0.00664754183732974,0.0030549056215776194,20.883488590171297,-19.5350082608511,-14.00375974038357,-0.10351776951384672,-0.11683175519461586,-0.1618269760253852,-0.15071466767840924,0.018823366215151516,0.05129233939919574,0.05051644366506092,1,0.00011378824710845947,20,-7.85575026557559e-05,84
2022-07-07,427.1728210449219,48151202.0,26.079999923706055,0.06736383423564174,0.044817502171864865,0.0002451058252566085,34.40854823729859,-19.050059061609716,-15.0130196046288,-0.11303452187679586,-0.11931230909169988,-0.19509962840881478,-0.15795043213795457,0.01899155626244099,0.0,0.02076513264882074,1,0.00010663866996765136,20,-7.05903484707787e-05,84
2022-07-08,436.0431213378906,37897895.0,24.639999389648438,0.010663267460306214,0.004654888522985123,-0.001208516784162117,39.38354799728317,-17.745416115054297,-15.5594989067139,-0.03886560370314451,-0.05767252448334259,-0.14975023273505572,-0.11199775017759916,0.020765537376663607,0.18110717353980785,-0.010706691318138728,0,9.932518005371094e-05,20,-6.281123274848575e-05,84
2022-07-11,431.3745422363281,21941710.0,26.170000076293945,-0.02944399816501575,-0.024572034455457747,0.0,35.06941205336341,-16.893455260583607,-15.826290177487842,0.029768545585164174,-0.04008215317034147,-0.11408150040900433,-0.09877766384453235,0.02104008665255524,0.2593132410468983,-0.027056412957054077,0,9.932518005371094e-05,20,-6.281123274848575e-05,84
2022-07-12,419.7030944824219,23036423.0,27.290000915527344,-0.00012677457502585643,0.0017543165268854022,0.0037375108318897787,34.58899011301807,-16.964502215249126,-16.053932585040098,0.04999987372024761,-0.07321957447232585,-0.09978742413702468,-0.08017889009895218,0.020602148869236676,0.21815215288527173,0.04671874467155157,1,0.00010991394519805908,20,-6.715811434246244e-05,84
2022-07-13,439.31109619140625,44035695.0,26.81999969482422,0.027686588275811275,0.007501528879211294,6.0292840538211934e-05,45.2531651461264,-15.262667046646413,-15.895679477361362,0.007847500605683289,-0.09648262466712243,-0.11902218652629948,-0.11557408101821676,0.020846993838387024,0.11524943248120535,0.00956427167502616,1,0.000102195143699646,20,-5.9790554500761485e-05,84
2022-07-14,443.5127868652344,31936258.0,26.399999618530273,0.02927783241709836,0.01922890569711644,-0.0033148844532467914,46.43962566344925,-13.420209273371484,-15.400585436563388,0.08036726050289489,-0.04175153623939354,-0.07061725219600534,-0.09027721516123544,0.021991350259603307,0.28812573369814537,0.036842083896218014,1,0.000102195143699646,20,-5.9790554500761485e-05,84
2022-07-15,459.85272216796875,51846909.0,24.229999542236328,0.02342550179958014,0.025448091165464648,0.005129964154072741,48.203601135140424,-10.520280745677269,-14.424524498386164,0.03825141726091741,-0.0021008508665735226,-0.06496057406797495,-0.09890521496244864,0.02181343628018075,0.3251704439817178,0.006091534008731081,1,9.41842794418335e-05,20,-5.270895503816151e-05,84
2022-07-18,462.6539306640625,39179575.0,25.299999237060547,-0.02394009045551193,-0.0052714044142291305,-0.00025736300774925613,49.40829060376193,-7.904909503542683,-13.120601499417468,0.05460377578489073,0.08599779635862959,-0.016966087852322898,-0.07959970512406489,0.022482928786393117,0.4692334453617362,-0.009081845912242592,0,9.41842794418335e-05,20,-5.270895503816151e-05,84
2022-07-19,458.4521789550781,19874865.0,24.5,0.030748847902798415,0.0461155413242873,-0.003042345806122171,50.0,-6.100927504256049,-11.716666700385185,0.07251097449000121,0.126136387778081,-0.005019908798022388,-0.0456096800313156,0.022070086138426336,0.4939306363824952,0.00814668018322573,1,9.41842794418335e-05,20,-5.270895503816151e-05,84
2022-07-20,462.1870422363281,35436652.0,23.8799991607666,0.004759080098774682,0.024907807328573783,-0.0011401876953881507,56.08975325961795,-4.320087243014314,-10.23735080891101,0.09232499112364567,0.10089701215309144,-0.027722718065262497,-0.06855252006285395,0.021954150770426204,0.4568853879751398,0.012121140089977223,1,9.41842794418335e-05,20,-5.270895503816151e-05,84
2022-07-21,467.7892761230469,22285593.0,23.110000610351562,0.014209896592116245,0.015263038208837676,0.00317934136341691,67.02509934704257,-2.4287084121264115,-8.675622329554091,0.05207231559422043,0.13662448544946515,0.001011193520324305,-0.05740736729840834,0.022000452740024167,0.489814258504441,0.003991970783348453,1,9.41842794418335e-05,20,-5.270895503816151e-05,84
2022-07-22,469.65667724609375,25216400.0,23.030000686645508,-0.016744532175257065,-0.025507367634437172,-1.3340914888027022e-05,74.60934747060212,-0.770214840650624,-7.094540831773398,0.05473684181554184,0.09508202085229045,0.03192587619341847,-0.03130477085205763,0.02198023600351198,0.5392070261746099,-0.006958155806704558,0,9.41842794418335e-05,20,-5.270895503816151e-05,84
2022-07-25,466.38873291015625,15245346.0,23.360000610351562,-0.0002317136639020667,-0.006114488532585449,-0.002653919986508213,71.31476282495352,0.27726137049523913,-5.620180391319671,0.021319771756279637,0.07708768757793538,0.033915693906547695,-0.034861836206507846,0.021953907601783673,0.555671192377369,-0.009008988376735805,0,9.41842794418335e-05,20,-5.270895503816151e-05,84
2022-07-26,462.1870422363281,18024265.0,24.690000534057617,-0.021784535451576215,-0.016307815450316232,0.0009059601811458595,74.89535606289357,0.7595963383469098,-4.344225045386355,0.008072561365107367,0.08116888514632281,0.0020061594431901586,-0.022931214157390967,0.02178411852056301,0.5268589687880134,0.014141484171781515,1,9.41842794418335e-05,20,-5.270895503816151e-05,84
2022-07-27,468.7230529785156,17166365.0,23.239999771118164,0.03802432731010574,0.04751419269025936,0.0030944219450737,71.29185675046931,1.6502289069710514,-3.1453342549148737,0.00814668018322573,0.101223813482475,-0.005025150388251798,-0.060964315336334396,0.021244493446984373,0.489814258504441,-0.0019921718156062918,0,9.41842794418335e-05,20,-5.270895503816151e-05,84
2022-07-28,467.7892761230469,33844011.0,22.329999923706055,0.011183217993367744,0.011508072827207227,-0.002038713434828976,67.70826736937434,2.2547226072292688,-2.0653228824860452,0.014141484171781515,0.06695017959276561,0.022403370503870867,-0.07728157049938034,0.02073182101090747,0.5474397819307182,0.015968013609142462,1,9.41842794418335e-05,20,-5.270895503816151e-05,84
2022-07-29,475.2589416503906,29045617.0,21.329999923706055,-0.0014669861774090354,0.007688875047758614,0.0018654255451322488,73.73730437412264,3.2985046924364383,-0.9925573675015485,0.0,0.05473684181554184,0.052520997007406756,-0.10049762016676145,0.020337206276365274,0.5925780269359293,-0.009823104117082537,0,8.599162101745606e-05,20,-4.586648373376756e-05,84
2022-08-01,470.5904235839844,24117969.0,22.84000015258789,-0.024525305509110695,0.0037679975282647327,0.002908236353866167,79.78141998425447,3.706275486746563,-0.05279079665192628,0.01192842490209367,0.033502507954698,0.12238144616991908,-0.06782353078496406,0.020339601541105815,0.6962805765575416,-0.023809577850817054,0,8.599162101745606e-05,20,-4.586648373376756e-05,84
2022-08-02,459.3858642578125,39838155.0,23.93000030517578,-0.003012532586453176,-0.0011986852579419782,0.005532912952061597,63.03027541835699,3.0897062712351158,0.5757086169254821,0.009008988376735694,0.01715427535335179,0.14545444145945519,-0.061596732571651436,0.02024707631673846,0.648914875309663,0.018292708851220363,1,9.690821170806884e-05,20,-4.9940886951628184e-05,84
2022-08-03,467.7892761230469,27603474.0,21.950000762939453,0.005345948511785714,0.026459353201949698,-0.006685899478526491,64.94250973573938,3.241786535839026,1.108924200708191,-0.006060702102252624,0.0020366034792602683,0.1031391028383497,-0.08393971822294788,0.020540602791569766,0.5352360157425363,-0.0019960180106114445,0,8.830428123474121e-05,20,-4.3478750047229586e-05,84
2022-08-04,466.8555603027344,26027618.0,21.440000534057617,0.02207831776676672,0.009153534524583673,-0.0008108983206702725,55.31914301781492,3.249509851092512,1.5370413307850552,-0.0019921718156062918,0.012121140089977223,0.15040167006729632,-0.06718249419823341,0.020774053114088493,0.6204950830118143,0.03199989959421279,1,8.830428123474121e-05,20,-4.3478750047229586e-05,84
2022-08-05,481.7948913574219,32784279.0,21.149999618530273,0.015267687941904473,-0.00909324638086495,0.00032398554970947124,62.27537456654323,4.410270938903295,2.1116872524087036,-0.0019960180106114445,-0.0019960180106114445,0.09289621741557252,-0.0603440529055127,0.020737614198316566,0.6110218189125315,-0.007751724391296788,0,7.024407386779785e-05,20,-3.481762749808175e-05,84
2022-08-08,478.0601501464844,19333128.0,21.290000915527344,-0.020385226786562405,-0.016064048946623388,-0.00022371069755522388,62.65065270038788,4.971511569917823,2.6836521159105278,0.013752397133937944,0.02584486647246753,0.10492487504252623,-0.046318055330201724,0.021187964577551288,0.7847744399832656,-0.003906269200753876,0,7.024407386779785e-05,20,-3.481762749808175e-05,84
2022-08-09,476.1927185058594,21164373.0,21.770000457763672,-0.03104381734616246,-0.045747212874083454,0.0018600869157348043,59.259286159875195,5.205605704709342,3.188042833670291,0.015873095133579485,0.025025084039876466,0.108225227358409,-0.048463499137395116,0.021202629249181697,0.8348201802192534,-0.019607939895473492,0,7.024407386779785e-05,20,-3.481762749808175e-05,84
2022-08-10,466.8555603027344,20861380.0,19.739999771118164,0.04060532530759464,0.04248842399212038,0.0009099748000620522,49.41176108686925,4.5848451194140125,3.4674032908190355,0.03658548413369256,0.030303048310839076,0.13459425190348084,-0.03250867161836957,0.02098703399051386,0.9254669783780667,0.028000010197462677,1,8.147358894348145e-05,20,-3.858691170102074e-05,84
2022-08-11,479.9275207519531,23740033.0,20.200000762939453,0.009586426651990498,-0.0033492744014829157,-0.003916327686917409,55.67011872450758,5.08902275800159,3.7917271842555467,-0.0019960180106114445,-0.003984213415393567,0.06269922237367553,-0.025743975716969847,0.02080811062057358,0.8012425689068691,0.0058364780194153365,1,7.231235504150391e-05,20,-3.2708048820495605e-05,84
2022-08-12,482.7286071777344,19535923.0,19.530000686645508,0.014968502331033973,0.02992585294926431,0.0013005635116274394,59.06732504723967,5.649487656866199,4.163279278777678,0.028000010197462677,0.025948103662199795,0.08210526272331298,0.007391900170080179,0.021243539549682312,0.9751559301361531,0.011605348851132069,1,7.231235504150391e-05,20,-3.2708048820495605e-05,84
2022-08-15,488.3308410644531,21273166.0,19.950000762939453,0.007814414307979023,0.003093378390820911,-0.000210354578339067,64.28566664109738,6.47111855540868,4.624847134103878,0.0019379944392556858,0.015717043642365702,0.04974611197671641,0.021234481149930318,0.021219459183274357,1.0,0.003824236600970199,1,7.231235504150391e-05,20,-3.2708048820495605e-05,84
2022-08-16,490.1983337402344,20720414.0,19.690000534057617,-0.01769149039781126,-0.01029794813762186,0.0013258375377005471,62.36555549776271,7.190075301275954,5.137892767538293,0.021484097586510043,0.03769821184493938,0.055499172704608135,0.029527451781348857,0.02128225780621136,1.0,0.0038094185086690047,1,7.231235504150391e-05,20,-3.2708048820495605e-05,84
2022-08-17,492.0657043457031,27143102.0,19.899999618530273,-0.008338015088034223,-0.024796029095448202,-0.0012974273469312791,63.82977909627385,7.820386357861537,5.674391485602943,0.029411653496761003,0.06707317721280504,0.06924638215814194,0.0479041713031767,0.02115882480822527,1.0,-0.013282676783422764,0,7.231235504150391e-05,20,-3.2708048820495605e-05,84
2022-08-18,485.5297546386719,17831084.0,19.559999465942383,0.0007846768686474714,0.02280041480856032,-0.00027052376956115953,55.91398491885874,7.703712293282308,6.0802556471388165,0.053999879591497546,0.051896076848650496,0.06464625655623046,0.058232832226282616,0.02113013687644359,1.0,-0.0019229610054507518,0,7.231235504150391e-05,20,-3.2708048820495605e-05,84
2022-08-19,484.5960998535156,14022812.0,20.600000381469727,-0.023187989334654713,-0.027815815696432544,0.0012693909777732326,58.426991462432945,7.45002981203794,6.354210480118642,0.01167308321460947,0.03999993986111705,0.03792408125011937,0.02970292608159708,0.021157054027956007,0.9234974902804628,-0.013487417065483953,0,7.231235504150391e-05,20,-3.2708048820495605e-05,84
2022-08-22,478.0601501464844,11494000.0,23.799999237060547,-0.02247710431136274,-0.037235796566073565,0.0042804096583544116,61.904839724471536,6.644988805236721,6.412366145142259,0.003868618200813634,0.005814110000630146,0.03180924136972041,0.04954504553510364,0.020883442757890995,0.912569172671276,-0.015625076803015614,0,7.231235504150391e-05,20,-3.2708048820495605e-05,84
2022-08-23,470.5904235839844,19191108.0,24.110000610351562,0.009267942936887597,0.0073644796643508315,0.0009866863868770448,51.8072431489048,5.342656680332766,6.19842425218036,-0.021032238913235357,0.0,0.025025084039876466,0.05458304517289725,0.020788201003567094,0.8360666629517388,-0.0019842017412493584,0,8.384883403778076e-05,20,-3.612112431299119e-05,84
2022-08-24,469.65667724609375,14363212.0,22.81999969482422,-0.005463108959379959,0.0006528179591678285,0.0012710719903399337,51.807222747926815,4.186939134660804,5.79612722867645,-0.039999952685764506,-0.011764763937284095,0.01818177616359784,0.03597126990417587,0.020954533579688055,0.7486344068046048,0.009940343255331108,1,8.384883403778076e-05,20,-3.612112431299119e-05,84
2022-08-25,474.3252258300781,9357138.0,21.780000686645508,0.02349222810300211,0.036595796223690025,0.0011600877468875836,44.444449488309935,3.606167849057215,5.358135352752603,-0.045540721293320985,0.005999964831827187,0.0019918462760586397,0.009027127408892666,0.020623013326238622,0.7377050175816106,0.00787418444774901,1,8.384883403778076e-05,20,-3.612112431299119e-05,84
2022-08-26,478.0601501464844,12914846.0,25.559999465942383,-0.032317106591502776,-0.05810368755404394,-0.0005628272937328038,50.0,3.4079943616559376,4.9681071545332705,-0.023076914857529385,-0.011673210390388267,0.013971995598531128,0.021105368843344907,0.020671055114800135,0.7923498204689667,-0.026367380941361596,0,8.384883403778076e-05,20,-3.612112431299119e-05,84
2022-08-29,465.4549560546875,26590824.0,26.209999084472656,-0.02230335381736548,-0.01927500412216976,0.0030807079910377677,43.113728624679375,2.2083501421337814,4.416155752053373,-0.013487417065483953,-0.009670976531811704,0.005894067950339421,0.04276993782884286,0.020583157501348624,0.8360666629517388,-0.005014874087563959,0,9.563267230987549e-05,20,-3.93142302831014e-05,84
2022-08-30,463.1207580566406,24214535.0,26.209999084472656,-0.0007242555341059331,-0.013069818614501738,0.0028730851951361824,47.36845047744706,1.057087735061316,3.7443421486549617,-0.026367380941361596,-0.04684505479912193,-0.010912817753887749,0.04726880117674015,0.020435369282540042,0.6885243734988477,0.018145053280143264,1,9.563267230987549e-05,20,-3.93142302831014e-05,84
2022-08-31,471.52410888671875,39357089.0,25.8700008392334,0.006764030049646541,-0.01153350276189713,0.0022622757618622202,43.66195691853301,0.8134077075883965,3.158155260441649,-0.015872965434475472,-0.05523800025387826,0.0081301887790175,0.09371565819227601,0.018973618070426995,0.6612028650666758,-0.028713016236851407,0,8.618235588073731e-05,20,-3.445361341748919e-05,84
2022-09-01,457.9852294921875,39168672.0,25.559999465942383,-0.020515662854053485,-0.019212719652391463,-0.003416930506516702,33.93938337481909,-0.4668038634437153,2.4331634356645764,0.003976163293525348,-0.04174563534416287,0.007984006804571342,0.14772710559230617,0.018430528446106625,0.759563081618394,-0.01121283965227493,0,9.926557540893555e-05,20,-3.760982127416701e-05,84
2022-09-02,452.84991455078125,29982959.0,25.469999313354492,-0.00906427788869546,-0.010163918544730532,0.00710453974581382,26.829327594735304,-1.8741536780859747,1.5717000129144663,-0.03444892965432167,-0.056730869495285274,-0.01900016100224844,0.09977571032027122,0.01900902973033544,0.6010921173517136,0.0020617985622468638,1,9.926557540893555e-05,20,-3.760982127416701e-05,84
2022-09-05,453.7835998535156,15903415.0,25.469999313354492,0.0,0.0,0.00212124646175349,25.925891552944407,-2.8809382816122593,0.6811723540091212,-0.05273444270135952,-0.06551060834441436,-0.06007738422690678,0.11366233597030662,0.018690498856614824,0.4580655690968793,0.0061729378924664235,1,9.926557540893555e-05,20,-3.760982127416701e-05,84
2022-09-06,456.58477783203125,16700285.0,26.90999984741211,-0.01075418497522862,-0.010691519493275292,0.0023846062832659776,26.829327594735304,-3.413442639004984,-0.13775064459369984,-0.025075157218436783,-0.05078137193725529,-0.05078137193725529,0.06229511218316808,0.017096745359938208,0.47096843847235426,-0.03374243134151489,0,9.926557540893555e-05,20,-3.760982127416701e-05,84
2022-09-07,441.1784973144531,34678562.0,24.639999389648438,-0.0009996001396826992,0.0155669829914169,0.0036726685016230665,24.043747468317804,-5.020738314843015,-1.114348178643563,-0.014112907078568049,-0.029761858826805487,-0.04117648152065734,0.04710923183724036,0.016843796134887574,0.5096787335240122,0.005291032008564622,1,0.0001126319169998169,20,-4.053754465920585e-05,84
2022-09-08,443.5127868652344,27931552.0,23.610000610351562,0.0036273917258555777,0.017874758430260318,0.0015941896240934117,26.344108317301718,-6.036588030439077,-2.098796149002666,-0.06435643692517112,-0.060636165333849745,-0.055000015361562515,0.022727245393989737,0.01760016663496264,0.29677485199339737,0.0,0,0.0001126319169998169,20,-4.053754465920585e-05,84
2022-09-09,443.5127868652344,27931552.0,22.790000915527344,0.016076832527521345,0.02392241666326078,0.0003533638600961009,28.488382699008227,-6.763688656271427,-3.031774650456418,-0.03160023881774554,-0.06496057406797495,-0.07587548601018745,0.0567298471129325,0.017055909162935805,0.07964594602880955,0.024210510308692035,1,0.0001126319169998169,20,-4.053754465920585e-05,84
2022-09-12,454.2504577636719,21597212.0,23.8700008392334,0.0076045449663681985,0.0034242674041138343,-0.00028191133038779626,40.22346450320852,-6.39970897627876,-3.7053615156208863,-0.020618592132912616,-0.0722657248688564,-0.081237821271407,0.00956427167502616,0.01548287715150273,0.04587183472945872,0.013360740117538183,1,0.00010193884372711182,20,-3.492477394285656e-05,84
2022-09-13,460.319580078125,16507036.0,27.270000457763672,-0.04065746907134127,-0.06181417050572813,0.0010696608845459643,44.7368547805552,-5.557462045487284,-4.0757816215941665,0.0010288117735126612,-0.024072143061893092,-0.06978953700014845,0.024210510308692035,0.0158560595002062,0.25688107506452884,-0.026369036032944604,0,0.00010193884372711182,20,-3.492477394285656e-05,84
2022-09-14,448.181396484375,22645714.0,26.15999984741211,0.010785381615213696,0.011411752083694937,0.007632050374805743,36.4078133562736,-5.802537220630882,-4.42113274140151,0.00817986588126618,-0.006048482884399298,-0.060952377039173555,0.00101523354685229,0.014937721020854689,0.37614724565090146,-0.00157163199148469,0,0.00010290741920471191,20,-3.518802779061454e-05,84
2022-09-15,447.4770202636719,23104850.0,26.270000457763672,-0.015553299025343859,-0.01619517985459018,-0.0015971034548785124,33.58247588192661,-5.984611461262432,-4.733828485373695,0.01587316519855353,-0.04950481208152124,-0.0891838375927475,-0.03128155457128523,0.015452790906187092,0.1376161038985962,-0.009443885248831996,0,0.00010290741920471191,20,-3.518802779061454e-05,84
2022-09-16,443.2510986328125,39087513.0,26.299999237060547,-0.001153993876450654,0.00533423806147626,0.004924518868563821,36.90230336965382,-6.396172076626158,-5.066297203624188,0.008938261795013558,-0.022944428230069924,-0.07837364036179117,-0.02393959325577044,0.015396066202612614,0.12377419231027567,-0.010593170744066627,0,0.00010290741920471191,20,-3.518802779061454e-05,84
2022-09-19,438.5556640625,17182380.0,25.760000228881836,0.004365339648265909,0.0057741869146432645,0.0012491050330740716,35.90217274417846,-7.020293583427531,-5.457096479584857,-0.0005900353725345475,-0.021196461806756828,-0.0853184770434614,-0.04097030395290313,0.015395464083364637,0.040729319592772775,0.020342585747337383,1,0.00010290741920471191,20,-3.518802779061454e-05,84
2022-09-20,447.4770202636719,19842582.0,27.15999984741211,-0.0010227229162896867,-0.014911108202653178,0.001951339515686934,36.2810223260812,-6.717599185717688,-5.709197020811423,-0.0345509694771452,-0.03355770414781689,-0.08263496982938157,-0.062493121481599134,0.015326433309653335,0.0,-0.011542443060652219,0,9.182095527648926e-05,20,-2.989740598769415e-05,84
2022-09-21,442.3120422363281,24154633.0,27.989999771118164,-0.01292390925791742,-0.00966333493305771,0.000542755829479491,40.113773255046205,-6.815912657662295,-5.930540148181598,-0.027899225603815303,-0.01994757164617944,-0.049115753661713724,-0.04722525635635755,0.0156710480286516,0.1667230327982448,-0.013800496920002625,0,9.182095527648926e-05,20,-2.989740598769415e-05,84
2022-09-22,436.2079162597656,29702508.0,27.350000381469727,-0.0195746268539726,-0.028115740224803232,0.0035419145010713304,39.62942241212418,-7.302203488140492,-6.204872816173378,-0.013095934579362867,0.0025693566861828554,-0.0582226045844918,-0.05162365420707149,0.01572919394314583,0.07019950188688714,-0.020452003164199817,0,9.182095527648926e-05,20,-2.989740598769415e-05,84
2022-09-23,427.2865905761719,29757787.0,29.920000076293945,-0.02327127071299051,-0.014462554017080853,0.002807592860585073,34.983147303360994,-8.311657287484024,-6.626229710435507,-0.02518364853074695,-0.016470484779254835,-0.08036112670079165,-0.056209117959820865,0.015804851870154096,0.0,-0.018681443551743393,0,9.286999702453613e-05,20,-3.0094668978736515e-05,84
2022-09-26,419.30426025390625,32342267.0,32.2599983215332,-0.011642200263874192,-0.014707930207541353,0.00801250572114487,30.04370230678653,-9.644587243874241,-7.229901217123254,-0.03601684937923988,-0.036585633536633466,-0.10620747107817874,-0.08840286847219148,0.015884146665526858,0.0,0.003359519619044349,1,9.370744228363038e-05,20,-3.0367147354852586e-05,84
2022-09-27,420.7129211425781,24961404.0,32.599998474121094,0.0002738507736339546,0.01035196091067303,0.0010065612168248528,37.11361957607011,-10.466623950851499,-7.8772457638689035,-0.04389728690369887,-0.07693156256090494,-0.09915179804285701,-0.10364712990211256,0.016089373220587205,0.0,-0.022321395864665083,0,9.370744228363038e-05,20,-3.0367147354852586e-05,84
2022-09-28,411.322021484375,34402652.0,30.18000030517578,-0.01232355398080498,0.012184938627858966,-0.004650746861577515,31.384956931314235,-11.740523634740441,-8.649901338043211,-0.0598111141111185,-0.08604165594873214,-0.09156971734978014,-0.11477116099782414,0.015852742416730053,0.01935999080632166,-0.0068494309329139025,0,9.478926658630371e-05,20,-3.055660497574579e-05,84
2022-09-29,408.50469970703125,41094780.0,31.84000015258789,-0.03951201279910721,-0.032917735233262135,-0.00012627340739845838,30.394591436988804,-12.829541664074156,-9.4858294032494,-0.07006370569353637,-0.08224209056674903,-0.12767552340957178,-0.1259447688038896,0.016103581602435874,0.0,-0.02988491905128099,0,9.478926658630371e-05,20,-3.055660497574579e-05,84
2022-09-30,396.29656982421875,48266800.0,31.6200008392334,-0.01039255285909535,-0.0173216525753509,-0.0012787324089980068,18.070245584136217,-14.510423225695831,-10.490748167738687,-0.06350920173635011,-0.08709345685210057,-0.10803957551211885,-0.11075909928788352,0.015780314796155395,0.0,-0.011848438677002693,0,9.578168392181397e-05,20,-3.083192166827974e-05,84
2022-10-03,391.60107421875,36044395.0,30.100000381469727,0.010064254030252462,0.037551532067919835,0.005453555861455461,11.55760329641663,-16.036561725685317,-11.599910879328014,-0.07252748257361608,-0.10593212053714662,-0.12488319619682908,-0.15283100735302613,0.015969304802386626,0.0,0.028776999721944696,1,9.578168392181397e-05,20,-3.083192166827974e-05,84
2022-10-04,402.87017822265625,40375000.0,29.06999969482422,0.05140771242583364,0.044620040785311677,-0.0006068155133903685,24.403177902256274,-16.150541578918933,-12.510037019246198,-0.06606941226492857,-0.10706643122287518,-0.13703123174755227,-0.16119436605871262,0.01601421194433851,0.0,0.0372960136350724,1,8.453428745269775e-05,20,-2.5779008865356445e-05,84
2022-10-05,417.8956298828125,46496536.0,28.549999237060547,0.02293666004555983,0.009399586014327,-0.004898758765475852,35.61643672999756,-14.857178749400987,-12.979465365277157,-0.04241073193441336,-0.0996852129182666,-0.11764430663769432,-0.16381392694389307,0.015844070284356505,0.11216986505266516,0.013483156077830127,1,7.290542125701905e-05,20,-2.1070241928100586e-05,84
2022-10-06,423.5301818847656,30331834.0,30.520000457763672,-0.0017453304778497492,-0.0058527343379278784,-0.0033040285834535776,40.54054370556742,-13.22506778310543,-13.028585848842813,0.015981659272009674,-0.05520178069325521,-0.05277425707138572,-0.12585136043076717,0.01707008246608652,0.26172948261328516,-0.028824770754383278,0,7.290542125701905e-05,20,-2.1070241928100586e-05,84
2022-10-07,411.322021484375,31941781.0,31.360000610351562,-0.06186977763864554,-0.060621674782986634,0.0004916685892324413,37.81513132850122,-12.769505687228616,-12.976769816519974,0.03678166294906826,-0.029063512839712646,-0.045055307473109374,-0.11059080614741856,0.01725878301043411,0.3178144151396177,0.0,0,7.381737232208252e-05,20,-2.1291630608694894e-05,84
2022-10-10,411.322021484375,31941781.0,32.45000076293945,-0.033118141564228765,-0.03454329568659176,0.005453593564254122,32.42010582418844,-12.26706238490658,-12.834828330197297,0.03791466493596185,-0.0373626728380817,-0.07258136931831205,-0.11895229175882238,0.017536148348065477,0.19629741572436418,-0.08333338279592228,0,7.381737232208252e-05,20,-2.1291630608694894e-05,84
2022-10-11,377.045166015625,95793819.0,33.630001068115234,-0.05916377211320889,-0.02498531887993649,0.0025795610253211976,25.26690827708825,-14.46795069102285,-13.161452802362408,0.05035978847853917,-0.019036865412952575,-0.09450389217137745,-0.1429497086561876,0.016853251148247553,0.19629741572436418,-0.009962674269300864,0,7.483959197998046e-05,20,-2.1562689826602027e-05,84
2022-10-12,373.2887878417969,53570085.0,33.56999969482422,0.010401801829503343,-0.00896550927237838,0.0010222224035347782,25.72464570129503,-16.32707054938487,-13.794576351766901,-0.06410256604488207,-0.10379466123445802,-0.1809056526519397,-0.21892931057056275,0.020799468834588813,0.0,-0.006289278868325532,0,7.483959197998046e-05,20,-2.1562689826602027e-05,84
2022-10-13,370.9410705566406,38046284.0,31.940000534057617,0.0391514177880965,0.029400477443366047,-0.0016056337842464963,27.099237588045497,-17.784864745499988,-14.59263403051352,-0.1067415853415945,-0.09246583371666839,-0.16710334081256117,-0.23558219868294628,0.020628594044490807,0.0,0.04303801967207388,1,7.483959197998046e-05,20,-2.1562689826602027e-05,84
2022-10-14,386.9056396484375,54504366.0,32.02000045776367,-0.040528422664554364,-0.04459090609500449,0.002341520702051625,37.63442538476806,-17.45080779501376,-15.164268783413569,-0.12416850929984835,-0.09195397060873534,-0.1710388382892447,-0.24328369758757784,0.020568097647736233,0.0,-0.03640775244034522,0,6.295740604400635e-05,20,-1.7173233486357188e-05,84
2022-10-17,372.81927490234375,41512192.0,31.3700008392334,0.015175405698377942,0.022818011298131102,0.003560580503860322,33.33334041327157,-18.113911271728455,-15.754197281076546,-0.05936074550014092,-0.023696723340165926,-0.12711859972410666,-0.21371142871478177,0.021891375813349285,0.13932064251971188,0.02518896100058421,1,6.390511989593506e-05,20,-1.7408104169936406e-05,84
2022-10-18,382.210205078125,40093216.0,30.5,-0.018184798849225192,0.004205008544579947,0.0008134965474435596,39.869290208022704,-17.67787641727756,-16.13893310831675,-0.0936073066136428,-0.04796156229621229,-0.14989292020815848,-0.23213918129529787,0.022378053539530287,0.016525483802367617,-0.028255792116806178,0,5.171895027160645e-05,20,-1.3323057265508742e-05,84
2022-10-19,371.4105529785156,46385177.0,30.760000228881836,-0.0007848177623924757,0.007555304729488288,0.000906509330880656,37.77089384581178,-17.996307095756094,-16.51040790580462,0.013698727707030178,-0.05128196193542278,-0.14585512155929026,-0.2112808889843314,0.022884465752625906,0.10520193568348053,0.0050570314930977744,1,5.2735209465026855e-05,20,-1.3547993841625395e-05,84
2022-10-20,373.2887878417969,52938069.0,29.979999542236328,-0.0012564160835696336,0.006917685046656574,0.004216576925899718,41.86046210335733,-17.890872998966074,-16.78650092443691,-0.005031586601195404,-0.11123609241219479,-0.16029744272693736,-0.22308823928388466,0.023124347779332532,0.0043828085871596015,-0.02012577413190908,0,5.2735209465026855e-05,20,-1.3547993841625395e-05,84
2022-10-21,365.77606201171875,35923505.0,29.690000534057617,0.002673670837650688,0.03704475008584174,-0.0018038895389356213,41.04235603457583,-18.203689109020388,-17.069938561353606,0.006329084244117933,-0.11862529801155575,-0.14424114297939483,-0.20676501447085327,0.023128647866032026,0.021916891875337245,-0.006418622113760097,0,5.374550819396973e-05,20,-1.372467903863816e-05,84
2022-10-24,363.42828369140625,46714078.0,29.850000381469727,-0.038588244935082616,0.006359469075701174,0.00267958280093894,35.416668547272565,-18.42861066684833,-17.34167298245255,-0.05461170753654088,-0.11073066136427712,-0.14395614072866092,-0.22118415486711573,0.02323561274664063,0.0,-0.041343649722415776,0,5.374550819396973e-05,20,-1.372467903863816e-05,84
2022-10-25,348.40283203125,76416687.0,28.459999084472656,-0.0024474829985662305,0.02259781483477541,0.004080113857687806,24.30558251090676,-19.593430131861624,-17.792024412334367,-0.025189124713032585,-0.11643854520633323,-0.1332587857053128,-0.2337993766715657,0.023104349320797697,0.0,0.013477027563000288,1,5.471110343933105e-05,20,-1.399857657296317e-05,84
2022-10-26,353.0982666015625,58850484.0,27.280000686645508,-0.004906646082149857,-0.011793563399972173,-0.0026089072376338507,23.776236966309824,-19.90818644064359,-18.215256817996213,-0.08845230346469857,-0.07596525977789104,-0.17187513260811516,-0.2712154905099401,0.023622902832488957,0.0,0.025266189607136225,1,5.471110343933105e-05,20,-1.399857657296317e-05,84
2022-10-27,362.01971435546875,45684455.0,27.389999389648438,0.0018079282759928539,-0.015035781770242118,-0.008195023386873834,31.182834023338103,-19.21623402481191,-18.415452259359352,-0.04930470130721465,-0.054088207033936686,-0.14155272959297238,-0.24139111205408226,0.02363560005483952,0.03813666240502395,-0.015564466053234915,0,4.227757453918457e-05,20,-1.0182460149129232e-05,84
2022-10-28,356.38507080078125,40184472.0,25.75,0.01739144179664187,0.03975895521251571,0.0025060024412564275,29.896925867028784,-18.904604876886822,-18.51328278286485,-0.03018862032122982,-0.024050602398338672,-0.11379302462101493,-0.21830384827796256,0.024131756458295548,0.11059731243856022,0.027668117882251764,1,4.331767559051514e-05,20,-1.0374756086440313e-05,84
2022-10-31,366.2455749511719,38409054.0,25.8799991607666,-0.007418344772640473,-0.020220557807868578,0.002215745939227798,45.18828429126379,-17.65842096977036,-18.34231042024595,-0.02567415472540313,-0.07888375283283233,-0.10071118970608461,-0.24418483788195666,0.023883460915597995,0.07132300490171484,0.0038462195450679193,1,3.045797348022461e-05,20,-6.906333423796154e-06,84
2022-11-01,367.65423583984375,41426496.0,25.809999465942383,0.00048765159539865266,0.007674746462651205,0.004163334716003719,47.43590562597299,-16.36845868139733,-17.947540072476226,0.00775198680507172,-0.017632403670367558,-0.06474828833951163,-0.20031138262414327,0.02417916445583356,0.15942871135291256,0.008940015907306753,1,3.045797348022461e-05,20,-6.906333423796154e-06,84
2022-11-02,370.9410705566406,22535650.0,25.860000610351562,-0.01721351373713842,-0.030914589240193524,-0.003835907343443412,50.0,-14.909071683965749,-17.33984639477413,0.055256163379484136,-0.03808367501675147,-0.0874126313796042,-0.18813226186748877,0.024196721412468338,0.17201539666369262,-0.027848135215500225,0,3.045797348022461e-05,20,-6.906333423796154e-06,84
2022-11-03,360.6110534667969,39731333.0,25.299999237060547,-0.003965742749847623,-0.015297544522817619,0.003844503233182639,37.50003989560408,-14.419820309282215,-16.755841177675748,0.050532119930263075,-0.0012640524565336042,-0.11235953661285958,-0.1825595489207127,0.024266502621065642,0.20138396548075854,-0.005208309091107588,0,3.139972686767578e-05,20,-7.206485384986514e-06,84
2022-11-04,358.7328796386719,28397417.0,24.549999237060547,0.036496489477325866,0.04596458036478457,-0.0030234853325058486,42.424265302283935,-14.022001101055423,-16.209073162351682,-0.0038911165133087566,-0.03396226939549263,-0.1485587830788594,-0.21019913283342373,0.024468643486158452,0.10908306083405503,0.020942310390023477,1,3.139972686767578e-05,20,-7.206485384986514e-06,84
2022-11-07,366.2455749511719,35387706.0,24.350000381469727,0.0044813449660774385,0.021841069770505372,-0.004696764211378102,41.23710891212502,-12.951221171093607,-15.557502764100068,0.006587842842617375,-0.01925544917923372,-0.12785394192102806,-0.1868758749069711,0.02405244105461086,0.09230117732776918,0.02307706729405168,1,1.829266548156738e-05,20,-4.031118892488025e-06,84
2022-11-08,374.69744873046875,31838223.0,25.540000915527344,0.03601022809610033,0.021533233576482402,-0.00465640067779749,51.8518875136306,-11.290475213132993,-14.704097253906653,0.0,0.00775198680507172,-0.1095891884673027,-0.1742164244241754,0.024329501379290887,0.15942871135291256,0.04511273174010988,1,4.974007606506348e-06,20,-1.1679672059558687e-06,84
2022-11-09,391.60107421875,52260831.0,26.09000015258789,-0.00030762699191888565,-0.03138537247101947,-0.0018901016272467874,58.823508652540006,-8.512217227481756,-13.465721248621675,0.019157165086201022,0.07547187990957616,-0.00622662083157155,-0.1551597612802894,0.024685901219881685,0.2349480051743959,-0.022781668056942705,0,3.957748413085938e-06,20,-9.416114716302781e-07,84
2022-11-10,382.67974853515625,32044942.0,23.530000686645508,0.08984579312496987,0.10214363320087672,0.0038440005829478707,58.03571635821741,-6.950186755050481,-12.162614349907436,0.055696188160309745,0.10904275455034784,0.049056620432741394,-0.13791815170281196,0.025460938836188215,0.38598550209309984,0.0834355025857978,1,4.89354133605957e-06,20,-1.1800300507318406e-06,84
2022-11-11,414.60882568359375,80016195.0,22.520000457763672,0.04220801945085961,0.030832517247427527,-0.015981455828401714,68.98954845862863,-3.1001204100502946,-10.350115561936008,0.06119805495754549,0.05706880968200889,0.03164566803266178,-0.16866506423600702,0.02549805688159727,0.34352986226825516,0.007927482474111791,1,3.8832426071166996e-06,20,-1.0047640119280134e-06,84
2022-11-14,417.8956298828125,61933190.0,23.729999542236328,-0.01395071730057329,-0.009746217455226747,-0.00972552207609323,78.24425549395757,0.21383755032968566,-8.23732493948287,0.15575919916011616,0.16337315912809247,0.07160191839108054,-0.07490844346537195,0.028596696608549337,0.6682466425768598,0.07865175595847518,1,3.8832426071166996e-06,20,-1.0047640119280134e-06,84
2022-11-15,450.76385498046875,113379796.0,24.540000915527344,0.105219834373941,0.030263395874725596,-0.0066759595166066,82.2981227300123,5.4297731390406625,-5.503905323778163,0.14102574464831874,0.14102574464831874,0.12090671812039777,-0.06610706034340896,0.02863327987783964,0.7014218243054056,0.014583264220957348,1,2.9176473617553713e-06,20,-7.308664776030041e-07,84
2022-11-16,457.33746337890625,85726375.0,24.110000610351562,-0.012552964079665219,-0.042620653340061265,0.0061510743123134315,82.01890028023196,9.978845017945503,-2.40735525543343,0.20300753716825248,0.22605375115772897,0.1793611185455688,0.016949210889333433,0.031134180184561353,1.0,-0.004106690269086499,0,2.9176473617553713e-06,20,-7.308664776030041e-07,84
2022-11-17,455.4593200683594,45144984.0,23.93000030517578,0.025550813494251923,0.010509818040014052,-0.0014157670755384766,84.14244383236631,13.279390242822217,0.7299938442176995,0.16786570182755844,0.23291136970251825,0.2313529050569576,0.042826488985283184,0.031150449781285068,1.0,0.004123624718591845,1,2.9176473617553713e-06,20,-7.308664776030041e-07,84
2022-11-18,457.33746337890625,35859717.0,23.1200008392334,0.009695415841795674,0.0018130747172104833,-0.0003222242284840471,83.21921932081815,15.86377881423283,3.756750838220726,0.19018401630029547,0.26302096313943313,0.22012590493713713,0.017838457492150184,0.03101732265747086,0.9827589877772392,-0.01026689249470536,0,2.9176473617553713e-06,20,-7.308664776030041e-07,84
2022-11-21,452.64202880859375,29710180.0,22.360000610351562,-0.02844280335769489,-0.017694353826310905,0.0027816244093905595,80.26760541949339,17.33323628976632,6.472047928529845,0.10305771379772954,0.2748690999262524,0.250320922762447,0.0339701832819419,0.030958339990998347,1.0,0.018672178468240652,1,2.9176473617553713e-06,20,-7.308664776030041e-07,84
2022-11-22,461.0938415527344,37343127.0,21.290000915527344,0.032653606300025784,0.030267239648911426,0.0006332427232416116,80.96778481389512,18.961209558850555,8.969880254593987,0.08314611697548724,0.23589760468489018,0.2454782666088271,0.03767495255414266,0.030921190585347657,0.9568967690786285,0.0020366503072348774,1,1.8775463104248047e-06,20,-5.385705402919225e-07,84
2022-11-23,462.0329284667969,33475337.0,20.350000381469727,-0.006905667763743906,0.01073695518084361,-0.0007645079131286536,87.24144175399388,20.095517947330677,11.195007793141325,0.02291662576342368,0.2305764106881154,0.3234503257751262,0.0791207861940515,0.030837743970565854,1.0,0.008130175275324003,1,1.8775463104248047e-06,20,-5.385705402919225e-07,84
2022-11-24,465.7893371582031,27396552.0,20.350000381469727,0.0,0.0,-0.000884044595383715,88.77557201282193,21.054868882949165,13.166980011102893,0.01026695922350096,0.17985613136674727,0.3085108939040946,0.10190373021017396,0.03065951483367442,1.0,0.004032107743013658,1,1.8775463104248047e-06,20,-5.385705402919225e-07,84
2022-11-25,467.6674499511719,39949969.0,20.5,-0.006953884327091764,-0.012614718287004445,-0.005363641239729655,88.29793314658716,21.716376546671086,14.876859318216532,0.022680438481955667,0.2171779116642012,0.2866408062541106,0.10714293227126426,0.030670589291972736,1.0,-0.0351403994394085,0,1.8775463104248047e-06,20,-5.385705402919225e-07,84
2022-11-28,451.2334289550781,38926919.0,22.209999084472656,-0.0267814024135391,-0.026347828355548164,0.0005013785441942975,77.25760119988914,20.676195673298537,16.036726589232934,0.02258723021714748,0.12797273232207917,0.31225320101188325,0.13698617026012383,0.030410848057829256,1.0,0.013527442853609628,1,2.8491020202636717e-06,20,-8.039531253633045e-07,84
2022-11-29,457.33746337890625,38182197.0,21.889999389648438,0.0013886197699561897,-0.003035011036445212,0.0025090282774300476,75.36238880369544,20.112544508046483,16.851890172995645,-0.0031119510868736766,0.07977541923952236,0.23205155179072645,0.10459788902965084,0.03095437845610559,0.8622053943347382,0.00616013549682326,1,2.8491020202636717e-06,20,-8.039531253633045e-07,84
2022-11-30,460.15472412109375,57111603.0,20.579999923706055,0.04601040107016807,0.05848770936820258,-0.0019383461963815574,81.3688828392552,19.666473431991676,17.41480682479485,-0.008146667414117958,0.014583264220957348,0.24393361695995797,0.15402831667647998,0.030557347509980556,0.9133859919863114,0.017346990884281155,1,2.8491020202636717e-06,20,-8.039531253633045e-07,84
2022-12-01,468.13702392578125,41746878.0,19.84000015258789,-0.0036154789093501005,-0.007835628250235094,-0.005428787960220394,76.88686562606726,19.729632847627613,17.877772029361406,-0.0040650876376620015,0.00616013549682326,0.24050627079545972,0.17505991279290867,0.030457585344841845,0.9370079243860705,-0.012036117021255843,0,1.9073486328125e-06,20,-5.038011641729446e-07,84
2022-12-02,462.5024719238281,28319679.0,19.059999465942383,-0.014271692508470601,-0.011929960965528452,-0.006179764975580926,71.88945985780987,19.104797667726416,18.12317715703441,0.0050402329557421854,0.02783498613118529,0.29817713413181557,0.162004658649749,0.030284109687909715,1.0,-0.007106565691523681,0,1.9073486328125e-06,20,-5.038011641729446e-07,84
2022-12-05,459.2156677246094,28360444.0,20.75,0.0014723349120739915,-0.011976566996437898,-0.0016280663193990463,55.84417447967773,18.135340736894875,18.125609873006503,-0.011044125538099858,0.01129364847297154,0.2892670233898731,0.1067415853415945,0.029916750374643995,0.9529411614777811,-0.022494781386427687,0,1.9073486328125e-06,20,-5.038011641729446e-07,84
2022-12-06,448.8857116699219,40561068.0,22.170000076293945,-0.025239043433142094,-0.02356422212182141,0.0008186396765614834,44.44446673323884,16.345082080320765,17.769504314469355,0.017689821403559902,0.01452282045774278,0.2538463237018831,0.08425724391361822,0.029906999414926624,0.9254903210184914,-0.006276256303331396,0,2.9414892196655274e-06,20,-6.897108895438058e-07,84
2022-12-07,446.0683898925781,36563503.0,22.68000030517578,-0.004022099864041784,-0.00010474140698113477,0.002306691777625547,43.90240905985318,14.531445417515158,17.121892535078516,-0.01848033976167407,-0.02647645399405374,0.19799511096436362,0.0913242866258106,0.02976159713499883,0.839216251003581,-0.007368591512939671,0,2.9414892196655274e-06,20,-6.897108895438058e-07,84
2022-12-08,442.781494140625,27238567.0,22.290000915527344,0.01968697046481327,0.026738980816889635,0.00011425350804961099,40.71851393478032,12.682701984477262,16.234054424958266,-0.03061216910338338,-0.0345528155908611,0.13908878003588532,0.0844748556928967,0.02979026621316718,0.815686449425888,0.02120908695419632,1,2.9414892196655274e-06,20,-6.897108895438058e-07,84
2022-12-09,452.1724853515625,25915337.0,22.829999923706055,-0.0013614661089228486,-0.008638358274299485,-0.005679400441186089,49.717515369029286,11.838862958502716,15.355016131667156,-0.054162624379771596,-0.049395383668397796,0.1570549417248488,0.17434603079429434,0.026595064317514728,0.788234844333431,-0.01349948450365901,0,2.0056962966918944e-06,20,-4.512923104422433e-07,84
2022-12-12,446.0683898925781,20973334.0,25.0,-0.003221916586261142,0.021385341154628534,0.0075731691396832,40.69767881245646,10.555883309418448,14.395189567217415,-0.02233498672838863,-0.033132441869168305,0.09060024133841105,0.2113208327682139,0.02662591427214541,0.8666668365851483,-0.007368591512939671,0,2.0056962966918944e-06,20,-4.512923104422433e-07,84
2022-12-13,442.781494140625,33272826.0,22.549999237060547,0.0009944476921115442,0.015227373589687065,-0.0004463614642967739,38.418051089527296,9.168202347052215,13.349792123184375,-0.028629854676290423,-0.011446490288763989,0.06741578038915108,0.20253168306006164,0.02672298023757814,0.815686449425888,0.01908827475018371,1,2.0056962966918944e-06,20,-4.512923104422433e-07,84
2022-12-14,451.2334289550781,30636639.0,21.139999389648438,-0.006086230223306677,-0.01568652798519199,-0.002574982797804437,41.71124704573891,8.65073539766695,12.409980778080891,-0.013598600647341308,-0.03182763364876928,-0.01770852021883973,0.1444172655197251,0.026085458416796457,0.788234844333431,0.005756114036660431,1,1.0341405868530274e-06,20,-1.873288835797991e-07,84
2022-12-15,453.8307800292969,24222008.0,22.829999923706055,-0.024619934806530352,-0.04171726429446354,-0.003813575353422971,42.18482829374841,8.353924791987481,11.59876958086221,0.011579029537923224,-0.019387598775728154,-0.01334689351432139,0.21032752148684963,0.025409232950310483,0.858823994188788,-0.019771130997670805,0,1.0341405868530274e-06,20,-1.873288835797991e-07,84
2022-12-16,444.8580322265625,47601400.0,22.6200008392334,-0.01687916168792858,-0.009509927177307698,0.010684150398249992,46.067635265448594,7.310404694533418,10.741096603596453,0.02495426307306925,-0.030559949684202947,-0.00357559932864715,0.1873853026413368,0.025206220598656466,0.8805166371433305,-0.009554227079884403,0,2.112984657287598e-06,20,-3.4556502387637183e-07,84
2022-12-19,440.6077575683594,21075559.0,22.420000076293945,-0.00262152074049371,-0.013747577440855085,-0.0012723086589110366,39.4395679037793,6.070469264312123,9.806971135739587,-0.016176245485863716,-0.038149935986010464,-0.027287139479331257,0.19775280658838867,0.024971008408379118,0.8055777440772789,-0.019292573990491002,0,2.112984657287598e-06,20,-3.4556502387637183e-07,84
2022-12-20,432.1072998046875,31139235.0,21.479999542236328,-0.006307301939247223,-0.006238879852591195,0.0004842320542652878,33.48063815713793,4.351731549922022,8.715923218576075,-0.01224169308552392,-0.04052106986778403,-0.02658672963248676,0.18034018679150066,0.02506613216953204,0.7700801590436988,0.0032786243831965933,1,2.995133399963379e-06,20,-6.478457223801386e-07,84
2022-12-21,433.5240173339844,36182644.0,20.06999969482422,0.0201003229854384,0.023555955919671412,-0.002004141984302543,27.90480394635901,3.068564293977147,7.58645143365629,-0.024107137441808812,-0.03737791475432839,-0.06286473410799553,0.18134384581690766,0.025046687637470134,0.6990857536097057,0.019607953559535707,1,2.995133399963379e-06,20,-6.478457223801386e-07,84
2022-12-22,442.0245361328125,14047382.0,21.969999313354492,-0.024112037801253705,-0.0420381629325014,-0.0014646554788004806,37.38934069928146,2.7063684928559155,6.610434845496215,-0.03924667474682331,-0.028122083615058857,-0.06170320203673807,0.1928736336385357,0.02499033624045968,0.7109179421172692,-0.027777739421965597,0,1.9609928131103515e-06,20,-4.605168388003395e-07,84
2022-12-23,429.74609375,24927413.0,20.8700008392334,-0.005180757314904527,0.000852597980826042,0.0019882954114212037,33.66152663350218,1.4122781623757987,5.570803508872132,-0.026014638971209147,-0.0017095520427782285,-0.051020491732121864,0.26871682860822754,0.02401350848672818,0.7730113885064424,0.003296638526564477,1,2.9921531677246095e-06,20,-6.819055193946475e-07,84
2022-12-26,431.1628112792969,8793306.0,20.8700008392334,0.0,0.0,0.0001659157541351597,39.09646652397582,0.4953098925432755,4.555704785606361,-0.033970249791659635,-0.04959698417767733,-0.08108615685169274,0.21707222719087205,0.024536477046056326,0.6564630048761732,0.0010953159899926845,1,2.9921531677246095e-06,20,-6.819055193946475e-07,84
2022-12-27,431.63507080078125,10264001.0,21.649999618530273,-0.007610896706001791,-0.017874284076816904,-0.0008489209231152817,40.856457807557405,-0.19108397404522748,3.6063470336760433,-0.021436177931109524,-0.03341545590547401,-0.04447945650272145,0.19099262880456336,0.02432663263336994,0.6691403450897461,-0.01312912821700618,0,2.9921531677246095e-06,20,-6.819055193946475e-07,84
2022-12-28,425.96807861328125,32578949.0,22.139999389648438,-0.016953933379205144,-0.01472989104816047,0.00010089656376099931,39.660459536799884,-1.1787471041468507,2.6493282061114645,-0.0010928512527321743,-0.0251736431791878,-0.05620005933524508,0.2111480142277471,0.02412729672419548,0.6663567604056396,-0.011086520092029595,0,2.9921531677246095e-06,20,-6.819055193946475e-07,84
2022-12-29,421.2455749511719,23020759.0,21.440000534057617,0.04024109920203811,0.03320166834253868,0.00019208767641454294,29.82270730637991,-2.315848172239214,1.656292930441329,-0.017429112156621462,-0.05599175220750796,-0.07429380535668695,0.16306682659598448,0.02400713115787001,0.6145580627929779,0.005605295806279331,1,2.9921531677246095e-06,20,-6.819055193946475e-07,84
2022-12-30,423.6067810058594,21683478.0,21.670000076293945,-0.019868498303962756,-0.001120276062526293,-0.0015588763526886984,34.59318000656445,-2.9919895725388983,0.7266364298452835,-0.04700861486883001,-0.07180034169568994,-0.10016607655036402,0.14576559682199175,0.024117924025448725,0.5713923884679166,0.0,0,2.9921531677246095e-06,20,-6.819055193946475e-07,84
2023-01-02,423.6067810058594,21683478.0,21.670000076293945,0.0,0.0,-0.0010527684814520821,36.226670039576156,-3.4876332386136824,-0.11621750384650967,-0.014285907035404222,-0.047770860996570796,-0.08409834169356545,0.14197864466770338,0.02410513763485692,0.5929748072151533,0.010033537820406835,1,2.9921531677246095e-06,20,-6.819055193946475e-07,84
2023-01-03,427.8570556640625,14885824.0,22.899999618530273,-0.0061752217558938005,-0.012290191132006356,0.002359058602062758,32.12992111472401,-3.497159690996625,-0.7924059412765327,-0.017524772721047355,-0.0385852865059062,-0.07754283928331596,0.17469161561588908,0.023601182822957062,0.5929748072151533,-0.007726379848245535,0,2.9921531677246095e-06,20,-6.819055193946475e-07,84
2023-01-04,424.55126953125,19188422.0,22.010000228881836,0.030933466051674907,0.0273771470379649,-0.002272171303189241,27.85710098488174,-3.7284791991449993,-1.379620592850226,-0.008752799279515666,-0.009836085024590213,-0.046846347431353186,0.19268982563018722,0.023571640838237106,0.6046776381425665,0.020022504804590335,1,2.9921531677246095e-06,20,-6.819055193946475e-07,84
2023-01-05,433.0518493652344,23549581.0,22.459999084472656,-0.007730782756590893,-0.019825154772080578,0.0012300256185848735,41.00724274180014,-3.1891137079560394,-1.7415192158713888,-0.003326092149072757,-0.020697233472584786,-0.048237267757327174,0.15919835915519664,0.023497932705336053,0.5335407475534223,0.0,0,1.978874206542969e-06,20,-4.6974136715843567e-07,84
2023-01-06,433.0518493652344,20886011.0,21.1299991607666,0.03089909198527785,0.04668617966629629,-0.0021181091840254407,43.84622420351264,-2.7301907310078946,-1.9392535188986901,0.028027058599799037,-0.02029906947265514,-0.02197391919974989,0.15573738447507202,0.023441427798007973,0.5894419240471612,0.04907294399398232,1,1.978874206542969e-06,20,-4.6974136715843567e-07,84
2023-01-09,454.302978515625,46666263.0,21.969999313354492,0.028692373584311204,0.019213952607028295,-0.002008250125457245,64.96812953329913,-0.6442756375728322,-1.6802579426335187,0.02229678273078539,0.007692345930100375,-0.042286155406961345,0.10584949295447998,0.022513368545777967,0.5894419240471612,0.010395053269383281,1,1.0311603546142579e-06,20,-2.1996952238537018e-07,84
2023-01-10,459.0254821777344,32646014.0,20.579999923706055,0.011953621732471165,0.012855695194007533,-0.0032557516594241553,66.46341030937259,1.3740544358858529,-1.0693954669296444,0.07246389549496146,0.053669209474883184,0.01846037246671961,0.1871623211174156,0.02325253522981954,0.741555930062052,-0.003086625153983835,0,1.0311603546142579e-06,20,-2.1996952238537018e-07,84
2023-01-11,457.608642578125,21051115.0,21.09000015258789,0.006275573430275516,0.012519822536487979,-0.0009651326875864674,61.07372595553335,2.826684189927221,-0.29017953555827136,0.07284775627994833,0.06345733521175112,0.03668623971884055,0.1071290665868192,0.019644940436441886,0.8186447266918138,0.004128064704580048,1,1.0311603546142579e-06,20,-2.1996952238537018e-07,84
2023-01-12,459.4976806640625,20963689.0,18.829999923706055,0.06382966000835766,0.012444759880754441,7.88445475705668e-05,74.80298053008008,4.083263996217568,0.5845091707968965,0.07786426615417708,0.07427919028075558,0.014128416056873094,0.095030935610523,0.01964574983419308,0.7754733202346312,0.02774921929066032,1,1.0311603546142579e-06,20,-2.1996952238537018e-07,84
2023-01-13,472.2483825683594,77606949.0,18.350000381469727,-0.0022987357644381756,0.003946735307672311,-0.003597797916299106,78.80779567591625,6.038380930876542,1.6752835228128258,0.061068510243270646,0.09080713955826014,0.012486814213878983,0.019375612279232568,0.01551782764653548,0.8157586628129843,0.01000010662610129,1,0.0,20,0.0,84
2023-01-16,476.9709167480469,34373918.0,18.350000381469727,0.0,0.0,-0.0015234636804044577,79.99986267913809,7.878080618451975,2.9158429419406557,0.09051233301642547,0.11482724957093438,0.061570991996491964,0.0326037562706718,0.01593510047809415,1.0,-0.003960425053247452,0,0.0,20,0.0,84
2023-01-17,475.0819091796875,27770329.0,19.360000610351562,0.02523029238405039,0.002435164773090248,0.0016413781756230428,84.21035849663032,9.078972013595433,4.148468756271611,0.04989608103932386,0.12597564093632707,0.08252954823212755,0.047230555467519864,0.015975882125107567,1.0,0.0,0,0.0,20,0.0,84
2023-01-18,475.0819091796875,27770329.0,20.34000015258789,0.005394063557307316,-0.006415009150882001,-0.0017376122490909696,90.14066111497678,9.916377271743784,5.302050459366046,0.03497938050362115,0.11037530616932067,0.09945356024863394,0.03879945821556263,0.015988782031075774,0.9661014628632514,0.0,0,0.0,20,0.0,84
2023-01-19,475.0819091796875,27770329.0,20.520000457763672,-0.01195948246510048,-0.028331557653210493,-0.0030155918344667576,89.7808387306448,10.45945686406236,6.333531740305309,0.03818386493559145,0.1190212897119085,0.0958606448179482,0.04957533534868186,0.01589001683632035,0.9661014628632514,0.0,0,0.0,20,0.0,84
2023-01-20,475.0819091796875,27770329.0,19.850000381469727,0.02975100037407752,0.031083514787746624,0.005101912827120358,89.7808387306448,10.765750483524982,7.2199754889492445,0.033915793640356906,0.09705549087496257,0.07478628525033382,0.030336704519514424,0.015650822025499656,0.9661014628632514,0.0,0,0.0,20,0.0,84
2023-01-23,475.0819091796875,27770329.0,19.809999465942383,0.0508624556183237,0.05014514656614577,-0.0007021084755080009,89.06230121306729,10.883037501810179,7.952587891521432,0.006000076900036788,0.09705549087496257,0.10549442121528885,0.028242534046636347,0.01565015010195,0.9661014628632514,0.0,0,0.0,20,0.0,84
2023-01-24,475.0819091796875,27770329.0,19.200000762939453,-0.011499113447985931,-0.00718613593605355,-0.0008147110518731404,94.21471449018394,10.850905820958872,8.53225147740892,-0.003960425053247452,0.04573804629666944,0.10186198055922047,0.019950160469921263,0.015607271117317616,0.9661014628632514,0.0,0,0.0,20,0.0,84
2023-01-25,475.0819091796875,27770329.0,19.079999923706055,-0.0227366638040003,0.0018018079916519714,-0.0008417569896871369,93.20368431256051,10.702074380736804,8.966216058074497,0.0,0.03497938050362115,0.10065641398948988,0.015854127177954647,0.01559797255282703,0.9661014628632514,0.0,0,0.0,20,0.0,84
2023-01-26,475.0819091796875,27770329.0,18.729999542236328,0.011253941607859419,0.01631047299961863,-0.0006574500152405349,93.20368431256051,10.463507589899166,9.265674364439432,0.0,0.03818386493559145,0.11529932178555247,0.05285175852293422,0.014547049985024728,0.9661014628632514,0.0,0,0.0,20,0.0,84
2023-01-27,475.0819091796875,27770329.0,18.510000228881836,-0.0016049491694608564,-0.0071900753127635,-0.001282785825150401,87.93073481175128,10.157354034799539,9.444010298511454,0.0,0.033915793640356906,0.1278027294049462,0.03879945821556263,0.014419586502979802,0.9661014628632514,0.07952267688214754,1,0.0,20,0.0,84
2023-01-30,512.8616943359375,124428936.0,19.940000534057617,-0.0018222501834022076,-0.02668009303184582,0.001562496941712288,94.53108079385811,12.815508851276547,10.118310009064473,0.0,0.006000076900036788,0.12151629879861647,0.03243949105837185,0.01439720849830127,0.9661014628632514,-0.0386739969862161,0,-9.65595245361328e-07,20,2.4551437014625183e-07,84
2023-01-31,493.02728271484375,72530854.0,19.399999618530273,-0.0042950293316347254,0.019266115833111996,-0.005321298343589742,72.45509746682228,13.169830827730777,10.728614172797734,0.07952267688214754,0.0752473082270746,0.21070227704604072,0.09553756298764116,0.018690238864657257,1.0,0.015325785282774618,1,0.0,20,0.0,84
2023-02-01,500.58331298828125,33710990.0,17.8700008392334,0.02167584458679639,0.051866598976085365,-0.0021265717722409594,74.30168666695548,13.900110223372451,11.362913382912678,0.03777322012985529,0.03777322012985529,0.15231775703600992,0.06599923815335385,0.019618909124283657,0.7835052198860989,0.01886794178227369,1,-9.775161743164062e-07,20,1.7242772238595145e-07,84
2023-02-02,510.0282897949219,43077053.0,18.729999542236328,0.020160291298414457,0.022245253032961543,-0.016582837368281922,73.25582968082061,15.067306073782447,12.103791921086632,0.053677909673778945,0.053677909673778945,0.1790880134241002,0.09008326189880766,0.019678378977296213,0.8659801197637502,0.0037036112917632202,1,-2.0056962966918944e-06,20,4.413582029796782e-07,84
2023-02-03,511.917236328125,31635865.0,18.329999923706055,-0.020589673163386446,-0.01901114595200537,0.0003385474287380674,72.28913880364546,15.960753758960038,12.875184288661314,0.07355864313077176,0.07355864313077176,0.17775340422288743,0.13620967773186732,0.019443881873747387,0.969073078405384,-0.02952027672472457,0,-2.0056962966918944e-06,20,4.413582029796782e-07,84
2023-02-06,496.8052978515625,30870136.0,19.43000030517578,-0.02989633133593117,-0.016991643829138425,0.014311345312556512,61.855662548183325,15.273348690710009,13.354817169071055,0.07753468704384092,0.07753468704384092,0.18211534502967996,0.14762051722921798,0.019385822171853268,0.9896911371693664,-0.005703495159133265,0,-1.0281801223754883e-06,20,2.6893048059372675e-07,84
2023-02-07,493.9717712402344,23481767.0,18.65999984741211,0.029619935001241382,0.031161060821615738,0.0010846105035744458,59.999967689039316,14.334691899687812,13.550792115194406,-0.031307459031747586,0.04572556490181712,0.09355500920290738,0.12201007590841151,0.019979942589860376,0.8247426698249245,0.03250493143438904,1,-1.0281801223754883e-06,20,2.6893048059372675e-07,84
2023-02-08,510.0282897949219,35096191.0,19.6299991607666,-0.002855620570099915,-0.02193237254071767,0.0009600229505188906,65.81196415971544,14.716780601686082,13.783989812492742,0.00191569221116894,0.039761274204617836,0.07613147944795107,0.09244102028050882,0.019810450637396514,0.7938144158194477,0.0,0,-1.9639730453491213e-06,20,5.023820059640067e-07,84
2023-02-09,510.0282897949219,18861972.0,20.709999084472656,0.025561867400687888,0.0013058631208722193,0.00047958285565607994,65.81196415971544,14.848425247392015,13.996876899472596,0.01886794178227369,0.07355864313077176,0.11455126136051419,0.1433858604456293,0.020184137612836838,0.969073078405384,0.00925929748722032,1,-1.9639730453491213e-06,20,5.023820059640067e-07,84
2023-02-10,514.7507934570312,28495684.0,20.530000686645508,-0.013651596143576472,-0.015841906180269594,-0.0012815549168979645,67.21311866162827,15.159076754852492,14.229316870548576,0.0,0.07355864313077176,0.10996923653201662,0.15187354608126347,0.020120260181935516,0.969073078405384,-0.007339266135044098,0,-1.9639730453491213e-06,20,5.023820059640067e-07,84
2023-02-13,510.972900390625,22768977.0,20.34000015258789,0.007759209964013136,0.01533306793517264,0.005926048172392839,65.07942084405451,14.928341289532966,14.369121754345455,0.005535186018018834,0.08349904197749614,0.09000011955047738,0.14076387170392124,0.019992066786455855,1.0,0.00739352921362002,1,-1.9639730453491213e-06,20,5.023820059640067e-07,84
2023-02-14,514.7507934570312,21883297.0,18.90999984741211,0.01924875384522995,0.021034701312000692,0.001298833356684792,66.15387483223145,14.878812479670785,14.471059899410522,0.028517414368023797,-0.0036828524457419576,0.07128733104819296,0.12591063205902286,0.02005535514452946,0.9595969815720017,-0.036697219967044004,0,-1.9639730453491213e-06,20,5.023820059640067e-07,84
2023-02-15,495.8608703613281,61796793.0,18.229999542236328,-0.05308285809471969,0.00366481164530863,0.0009496980651897413,57.333353437941916,13.163560287903067,14.209559977109032,0.04206520175156192,0.04406147794208759,0.08349904197749614,0.15711250818749511,0.019737929745631235,1.0,0.005714111982562775,1,-9.357929229736328e-07,20,2.3345152537027994e-07,84
2023-02-16,498.69427490234375,29975138.0,20.170000076293945,-0.020914273852114862,-0.024841473834562366,0.0017620875929991175,58.169930499680056,11.895716223118711,13.746791226310968,-0.027777712956452594,-0.009433879445085891,0.043737639299966435,0.1254020426192708,0.020606621319634588,0.7979800122650971,-0.018939229362029075,0,-9.357929229736328e-07,20,2.3345152537027994e-07,84
2023-02-17,489.2493896484375,28121975.0,20.020000457763672,-0.007927797321528374,-0.016159081841255807,-0.0016170479276262917,39.83742571094729,10.013389243581514,13.000110829765077,-0.022222325936342546,-0.022222325936342546,0.04970167305134221,0.15409824163524566,0.020305249775957466,0.8282821128995989,-0.0019306719601709377,0,0.0,20,0.0,84
2023-02-20,488.3048095703125,20065156.0,20.020000457763672,0.0,0.0,0.003976474793814022,47.57281736135292,8.349167823255186,12.0699222284631,-0.04954126177703988,-0.04428029585852433,0.02982113230371719,0.128540450093501,0.020601506928373987,0.7272729349646326,-0.0019341566769403018,0,0.0,20,0.0,84
2023-02-21,487.3603515625,13504100.0,22.8700008392334,-0.027302871809910756,-0.03313852679538831,-0.0002897448229778332,42.708310193926735,6.874802050886217,11.030898192947724,-0.044362608668646386,-0.017110301194472766,0.027832885519586847,0.10470068888572848,0.02044773200771009,0.7171710380521538,-0.017441770178556748,0,0.0,20,0.0,84
2023-02-22,478.85992431640625,24575245.0,22.290000915527344,-0.009242409800955365,-0.004772497003328491,0.003952011034348946,32.63153741738151,4.963230089360195,9.817364572230218,-0.053211072702926576,-0.013384205460030274,0.025844895681280233,0.13406580920783528,0.019893422419721855,0.7070704466316512,0.021696251459887073,1,1.0192394256591798e-06,20,-2.2422699701218378e-07,84
2023-02-23,489.2493896484375,25376835.0,21.139999389648438,0.03742936777284234,0.03333581211268899,-0.0003018271428945063,38.461548021012106,4.237787979729944,8.701449253730164,-0.034285718154234424,-0.06111105227329283,0.007952344771961828,0.1106243669197442,0.02014646394787457,0.6161618601171874,-0.013513518571053207,0,0.0,20,0.0,84
2023-02-24,482.6379089355469,41692491.0,21.670000076293945,-0.021869342472680353,-0.017967000284100032,-0.006309991704757989,42.10527747857014,3.093716207569912,7.579902644498114,-0.018939229362029075,-0.04074068157050548,0.02982113230371719,0.1334792345320055,0.020356236012914534,0.7272729349646326,0.0,0,0.0,20,0.0,84
2023-02-27,482.6379089355469,41692491.0,20.950000762939453,-0.009193017891993005,0.00548526390029247,0.012343504893300494,43.478297517247775,2.162107654366821,6.496343646471856,-0.013513518571053207,-0.062385303587035645,0.015904625307467724,0.1330377396042246,0.020363835336275178,0.6565658576641681,0.0,0,0.0,20,0.0,84
2023-02-28,482.6379089355469,41692491.0,20.700000762939453,-0.0026347325184505888,0.0024328772725963344,-0.0019245327814509938,30.66659084329376,1.4075755097846354,5.478590019134412,-0.011605252546564637,-0.05545302193798696,-0.05893164908626081,0.14574000923687147,0.020245946530054817,0.6476687424893868,0.02152622822813588,1,0.0,20,0.0,84
2023-03-01,493.02728271484375,39560848.0,20.579999923706055,0.015504798817222998,-0.0008652728497845485,0.0015687512432163153,39.53478760891381,1.6291590540042762,4.708703826108385,-0.009689837533588319,-0.062385303587035645,-0.021072614322858563,0.13935359530722669,0.02024980708635828,0.6476687424893868,-0.005746952836795494,0,-1.0073184967041015e-06,20,1.8236182984851654e-07,84
2023-03-02,490.1938781738281,16558784.0,19.59000015258789,0.006898969039637715,0.009567542297564735,-0.0027768952012560133,34.523704659076884,1.5581719066992719,4.078597442226562,0.02958560046272818,-0.005714481250395087,-0.015094450968273443,0.1638795808323572,0.02043561222329441,0.7591615809406908,-0.005780420232672334,0,-1.0073184967041015e-06,20,1.0049620340036792e-07,86
2023-03-03,487.3603515625,23253895.0,18.489999771118164,0.008536508059996617,0.01482183259885228,0.0013350510728340481,34.939597691663266,1.2587619401668917,3.5146303418146285,0.0019304848312009515,-0.017045306425826134,-0.038888846007089084,0.145695441233322,0.020463638248116575,0.7277489479499997,0.009689900151686137,1,-1.0073184967041015e-06,20,1.0049620340036792e-07,86
2023-03-06,492.08282470703125,21922085.0,18.610000610351562,-0.002338999381814144,-0.011144719225874122,-0.003362565654610128,35.71419779299988,1.386558121049518,3.0890158976616067,0.009784649194607198,-0.0038610944150485604,-0.04797041987053685,0.14794227820964467,0.020439918265962215,0.6647393402813705,0.005758107037893145,1,-1.0073184967041015e-06,20,1.0049620340036792e-07,86
2023-03-07,494.9162902832031,24861078.0,19.59000015258789,-0.008149043189928928,-0.01074276113639494,0.00250505783283983,49.253661524216454,1.6969135438168905,2.8105954268926636,0.01956936162000833,0.00773700168966851,-0.009505681934056653,0.13631387425853103,0.020297777439461855,0.7225426962124469,-0.005725141062846162,0,-1.0073184967041015e-06,20,1.0049620340036792e-07,86
2023-03-08,492.08282470703125,24512408.0,19.110000610351562,0.022284692822273078,0.026657250756382478,0.004948438893666696,44.776117963418066,1.6947000137682835,2.5874163442677878,0.02544015113677278,0.01550380267183904,0.0019120911314371991,0.14285689117515465,0.02029477229458745,0.671873942953037,0.0019193069954732689,1,-1.0073184967041015e-06,20,1.0049620340036792e-07,86
2023-03-09,493.02728271484375,21557577.0,22.610000610351562,-0.021468556063880317,-0.020115780548203288,-4.879129801615978e-05,53.448204785382025,1.7489943254500417,2.4197319405042386,-0.0019156303128132768,0.027613295076845956,-0.035185234715325975,0.08316002310803006,0.019006263186593864,0.6033056438838432,-0.017241229900520683,0,-1.0073184967041015e-06,20,1.0049620340036792e-07,86
2023-03-10,484.5268859863281,24045605.0,24.799999237060547,-0.018339404857995456,-0.018884585326052195,0.002899933725023729,46.96972886545297,1.0935067186474043,2.154486896132872,0.005780171208117135,0.0077218145721571485,-0.03333345898697915,0.07407388447324559,0.0189607342417487,0.619833863303059,0.005847901650295251,1,-9.506940841674805e-06,20,-6.594630174858625e-06,86
2023-03-13,487.3603515625,21466947.0,26.520000457763672,0.005616119265630104,-0.0007592421005381267,0.0004802740985374587,50.0,0.7935178792955071,1.882293092765399,-0.005813902520153014,0.003913859677842968,-0.058715611233392084,0.05882372163372662,0.019175657903860284,0.45299176927911877,-0.011627867658403734,0,-9.506940841674805e-06,20,-6.594630174858625e-06,86
2023-03-14,481.6933898925781,20474770.0,23.729999542236328,0.01766574726472747,0.030269925005790732,-0.012121795567030746,52.30768542484905,0.09737563115652392,1.525309600443624,-0.0095969070803128,0.009784649194607198,-0.0462109611098237,0.06063723947022015,0.019183157778949966,0.35555557151155404,0.001960830401221303,1,-9.506940841674805e-06,20,-6.594630174858625e-06,86
2023-03-15,482.6379089355469,23208597.0,26.139999389648438,-0.029006628034257798,-0.010883182176448236,-0.002495492162647772,43.636319842744584,-0.37379840747513526,1.145487998859872,-0.026717448284150347,-0.001956993069715307,-0.06422020904997905,0.020000084008443553,0.01883198036846886,0.16666666666666666,-0.006394909567002505,0,-9.506940841674805e-06,20,-6.594630174858625e-06,86
2023-03-16,479.5514831542969,21965994.0,22.989999771118164,0.03535041493975433,0.04053220442578742,0.004641388756255305,46.81298804429346,-0.9849026492665871,0.7194098692345803,-0.019193752143467968,-0.021072614322858563,-0.02666667651380883,0.011881211177690032,0.018775311633579362,0.19047673998169048,0.025742615968506355,1,-9.506940841674805e-06,20,-6.594630174858625e-06,86
2023-03-17,491.8963928222656,33118483.0,25.510000228881836,0.001903748742674738,-0.0046964879770553525,0.0009501745798927708,57.618038899,-0.4676849432621566,0.4819909067352329,-0.02733276642692606,-0.021710583288348073,-0.03838582616934094,0.009408007099926952,0.01879301046939296,0.11267203643441268,-0.011582991701254874,0,-1.0192394256591798e-06,20,1.5386315279228744e-07,86
2023-03-20,486.1987609863281,11837312.0,24.149999618530273,0.006370703623539864,0.010115044237978266,0.0022586744123582747,52.67876329027673,-0.5116395942080203,0.2832648065465823,0.01520969640505232,0.009307366192639277,0.005410335157965518,0.0353928097822358,0.019195381108746037,0.42387084862332386,0.009765461583311374,1,-1.0192394256591798e-06,20,1.5386315279228744e-07,86
2023-03-21,490.94671630859375,18284799.0,21.3799991607666,0.02732120307499386,0.0006998827075279657,-0.0036579630154522924,48.289656556533956,-0.16149207742694216,0.19431342975187743,-0.00238343265398544,-0.01195746615258575,-0.004312979398743977,0.023399863458989367,0.019293136084294733,0.28024110103318023,0.03094780977491496,1,-1.0192394256591798e-06,20,1.5386315279228744e-07,86
2023-03-22,506.14044189453125,42385987.0,22.260000228881836,0.0012974808231662749,-0.008078543839672658,-0.0008490095930143715,60.89493522507447,1.3267154776464167,0.42079383933078535,0.019209992518434138,-0.008020697747366357,0.007358753609307156,0.03339383550996433,0.019342909792347533,0.3999307623069999,0.009380827858073593,1,7.2389841079711916e-06,20,6.596016329388286e-06,86
2023-03-23,510.8884582519531,26728246.0,22.610000610351562,0.021269487472488358,0.02673282666505794,-0.004268366821229441,65.66496275408839,2.856329932752999,0.9079010580152281,0.04869599449993256,0.028567583507653316,0.056969723697528396,0.06537511135389629,0.019887176817671996,0.782944448290983,0.001858872515776211,1,7.2389841079711916e-06,20,6.596016329388286e-06,86
2023-03-24,511.838134765625,21926240.0,21.739999771118164,-0.019029406031484175,-0.016727811546049298,-0.006985169374756017,63.84878357678912,4.0979527185253914,1.545911390117261,0.06534642514612665,0.03622756014384687,0.0442291172178364,0.07536921187778312,0.01992028177512881,0.9026356481802026,-0.014842553430998162,0,7.2389841079711916e-06,20,6.596016329388286e-06,86
2023-03-27,504.24114990234375,16111177.0,20.600000381469727,-0.02295506125744462,-0.012072025887857496,0.006072023832427664,56.127633137352504,4.4180065049682185,2.1203304130874527,0.04054053299505456,0.056366838599060776,0.060501310173664,0.07736818615005481,0.01991797166752677,0.9265757344965265,-0.011299176528390076,0,7.2389841079711916e-06,20,6.596016329388286e-06,86
2023-03-28,498.54364013671875,17234120.0,19.969999313354492,0.0016543935245101338,-0.008532309175427022,-0.005210878373039907,54.091576733974456,4.163911040051971,2.5290465384803564,0.03710908040862515,0.03463720076063459,0.04476076281376784,0.06137729128226499,0.020084687293788303,0.7350658142737351,0.009523711582283267,1,7.2389841079711916e-06,20,6.596016329388286e-06,86
2023-03-29,503.2916259765625,17280749.0,19.1200008392334,0.021473525429054563,0.03265661431695621,0.006033856244355151,56.20155810593439,4.296138124107415,2.882464855605768,0.015474029208802698,0.034981277712568204,0.03295582652479956,0.04938460190484206,0.020182258739048428,0.5484324089001353,0.009434169341723697,1,7.2389841079711916e-06,20,6.596016329388286e-06,86
2023-03-30,508.0397644042969,19201564.0,19.020000457763672,-0.003126409996808577,0.01620149459580289,0.005635242649384864,64.88083281829418,4.729544880789376,3.25188086064249,-0.00562850877378096,0.04279339989386077,0.020819016759475062,-0.018660134818153096,0.016032448605158133,0.6807219285894061,-0.003738531199408479,0,7.2389841079711916e-06,20,6.596016329388286e-06,86
2023-03-31,506.14044189453125,23558838.0,18.700000762939453,0.005947890049287308,0.007044347274677731,-0.005374277782982939,62.02776181597145,4.8636977249230995,3.574244233498612,-0.005575960469733965,0.05940609559293941,0.03640577131838518,0.030449596230835763,0.014904470434047204,0.8130156997190648,0.0,0,7.2389841079711916e-06,20,6.596016329388286e-06,86
2023-04-03,506.14044189453125,23558838.0,18.549999237060547,-0.0019351271575990259,-0.00941859900134534,0.005699800335432492,66.88266993186497,4.91337647488632,3.842070681776154,-0.011131825638007187,0.028957417212474468,0.03853430069110342,0.01110130673968368,0.014741422416721644,0.7600963206334306,0.0,0,7.2389841079711916e-06,20,6.596016329388286e-06,86
2023-04-04,506.14044189453125,23558838.0,19.0,-0.007216829240678568,-0.01810067174660146,-0.001520067838502559,66.444932726042,4.89630567813515,4.052917681047953,0.003766634263299151,0.041015491005671034,0.028567583507653316,-0.007622808338639153,0.014448511029246387,0.7600963206334306,0.0,0,7.2389841079711916e-06,20,6.596016329388286e-06,86
2023-04-05,506.14044189453125,23558838.0,19.079999923706055,-0.021373338932128227,-0.017985686406125745,-0.0030611598664394,69.44437377282452,4.827132766969612,4.207760698232285,0.01523798750241645,0.03094780977491496,0.02267888899940118,-0.011284625763003153,0.014436150681835545,0.7600963206334306,-0.00562850877378096,0,7.2389841079711916e-06,20,6.596016329388286e-06,86
2023-04-06,503.2916259765625,25423363.0,18.399999618530273,0.0004434038134673024,-0.004604683448186764,0.005117619823123309,59.6773549805338,4.49067143551224,4.264342845688276,0.005660368205890665,0.0,0.028567583507653316,0.01879034721114814,0.013670558610548958,0.7600963206334306,0.0018866277060318737,1,7.2389841079711916e-06,20,6.596016329388286e-06,86
2023-04-07,504.24114990234375,8557482.0,18.399999618530273,0.0,0.0,-0.0009953675874764256,66.66651631799871,4.251631885737481,4.261800653698117,-0.009345997617532631,-0.014869845174001028,0.020819016759475062,0.018867180836930064,0.013669728935965833,0.6807219285894061,-0.003766210610753218,0,7.2389841079711916e-06,20,6.596016329388286e-06,86
2023-04-10,502.3420715332031,7435151.0,18.969999313354492,-0.013519457418826097,0.017970079407278794,-0.003847904979152328,61.111180543033015,3.8644051106179518,4.182321545082084,-0.0037524999683452576,-0.014842553430998162,0.04068765735441948,-0.011346703718935092,0.012705695868718222,0.707177791835874,-0.009451941573725864,0,7.2389841079711916e-06,20,6.596016329388286e-06,86
2023-04-11,497.5939636230469,22675697.0,19.100000381469727,0.0024713608906288265,-0.0056124775717557585,0.004250978290440077,39.53488024477941,3.1382170619435783,3.973500648454383,-0.007504577873900908,-0.003766210610753218,0.030740539156849822,-0.015070180253744958,0.012717586446239802,0.6542652150548606,-0.007633596213321159,0,7.2389841079711916e-06,20,6.596016329388286e-06,86
2023-04-12,493.7955322265625,23816473.0,19.09000015258789,-0.026557533308960046,-0.01829920170751298,-0.0013858526299423968,28.57147229523187,2.23049438178748,3.6248993951210027,-0.016885586616027126,-0.0019049014714367374,0.03300974035374393,-0.033330361122438035,0.012702903653775213,0.5219722942132795,-0.019230636118653055,0,7.2389841079711916e-06,20,6.596016329388286e-06,86
2023-04-13,484.2995300292969,25536889.0,17.799999237060547,0.002072125120333057,0.007344725581338807,-0.0010957903902104604,21.5685928551039,0.7363810595837208,3.0471957280135467,-0.024390285079296525,-0.01886797486760139,0.02311800023256283,-0.03361698467948271,0.012706720487252398,0.4161394880585542,0.011764622852338258,1,-9.953975677490234e-07,20,1.2821929399357285e-07,86
2023-04-14,489.99713134765625,18072504.0,17.06999969482422,0.001723001748104247,-0.0014601879451088262,0.0001477816927988318,34.69389628992228,0.01189715379939571,2.440136013170717,-0.03773576782727961,-0.04672908704860268,0.009901015932156643,-0.05915729283917326,0.01295303752049306,0.16494544848838177,0.007751883910951385,1,-9.953975677490234e-07,20,1.2821929399357285e-07,86
2023-04-17,493.7955322265625,14634287.0,16.950000762939453,0.009059580796154432,-0.001227839434351008,0.001806190430197363,44.680755045190296,-0.2528476840824396,1.9015392737200856,-0.028248425495313367,-0.03189492324788168,-0.0038611006348558963,-0.011825371518827565,0.011839898859490517,0.33771411121290357,-0.009615287158299513,0,-9.953975677490234e-07,20,1.2821929399357285e-07,86
2023-04-18,489.04754638671875,15168888.0,16.829999923706055,0.0017049577463053023,0.0035999971658580154,-0.0012948662398797328,34.04253864321066,-0.8361441034465429,1.35400259828676,-0.01701338548164133,-0.024390285079296525,0.015624826408078718,-0.00982313798717771,0.011868928141048516,0.4528932196959181,-0.009708700907513301,0,-9.953975677490234e-07,20,1.2821929399357285e-07,86
2023-04-19,484.2995300292969,21123233.0,16.459999084472656,-0.010324532486591265,-0.010182891292564555,-0.0004791770225415215,23.404044368530677,-1.6623731544982547,0.7507274477297572,-0.017175484151979115,-0.03377105264268587,-0.003868382980855345,-0.00041255700260312,0.011593232687106374,0.30891979678520864,0.005882342933094309,1,-9.953975677490234e-07,20,1.2821929399357285e-07,86
2023-04-20,487.1483459472656,17221961.0,17.170000076293945,0.023615668309863835,-3.2777762283831e-05,0.0028109870956032346,29.166552289080485,-2.063503213524143,0.18788131547897713,-0.019230636118653055,-0.043151880500759465,-0.043151880500759465,-0.008202416733392615,0.011687473394325567,0.16494544848838177,-0.003898608001552617,0,-9.953975677490234e-07,20,1.2821929399357285e-07,86
2023-04-21,485.2491455078125,25016683.0,16.770000457763672,-0.04390196717132633,-0.008154236528398973,0.0007138464920868337,27.999889447649608,-2.50576636361734,-0.3508482203402864,0.005882342933094309,-0.032075399621388945,-0.04646828856912577,-0.00043500792494644003,0.011720227338110041,0.25133024254370134,-0.007827796157187095,0,-9.953975677490234e-07,20,1.2821929399357285e-07,86
2023-04-24,481.4507141113281,16886512.0,16.889999389648438,-0.008551000761822358,-0.004610361917086969,0.0021499357690617504,25.925806898924066,-3.126721861972669,-0.906022948666763,-0.009689823748121107,-0.037664526979222956,-0.051948042656078774,0.01334256818531454,0.011409241819950722,0.17647114423957602,-0.01775157568275254,0,-9.953975677490234e-07,20,1.2821929399357285e-07,86
2023-04-25,472.9042053222656,36898412.0,18.760000228881836,-0.02776475399177991,-0.033655738592541895,-0.0017305958027742374,22.22208052366345,-4.259366080472887,-1.576691575027988,-0.02499985785527592,-0.04158791111823923,-0.045197492896859814,-0.015940082301816094,0.010964649114265371,0.05882402981561841,-0.013052101735111177,0,-9.042024612426757e-06,20,-6.083832230678824e-06,86
2023-04-26,466.7318115234375,31269245.0,18.84000015258789,-0.00048602538903597114,0.005746140594165228,0.003980776032341815,21.052506946961458,-5.590610303073618,-2.379475320637114,-0.03300975781133486,-0.0496182833911647,-0.05142866692155945,-0.02016771462222855,0.011107559505657493,0.0,0.004069277961598727,1,-9.042024612426757e-06,20,-6.083832230678824e-06,86
2023-04-27,468.6310729980469,29537148.0,17.030000686645508,0.01726447285544519,0.006363380551555942,-0.0021307654530519082,22.22226454278791,-6.418389216788285,-3.187258099867348,-0.03627449009664874,-0.054807544695863464,-0.07264141218758835,-0.03295658529432577,0.011276674686405468,0.0,0.017223836021417638,1,-9.042024612426757e-06,20,-6.083832230678824e-06,86
2023-04-28,476.70269775390625,24824100.0,15.779999732971191,0.007529668736323991,0.018146608200865222,-4.894741266836533e-05,31.756732401559432,-6.349899619182395,-3.8197864037303577,-0.03801156896717306,-0.03235282311816856,-0.07757009227901435,-0.02902141683895476,0.01130060668051594,0.04210632430428323,0.0,0,-9.65595245361328e-07,20,1.8020008885583212e-07,86
2023-05-01,476.70269775390625,24824100.0,16.079999923706055,-0.003796061994840727,0.00805354224698207,0.0038920080033559845,34.05798755220542,-6.223876149614398,-4.300604352907166,-0.017612494185770045,-0.027131655969466317,-0.05816121713261391,-0.03311091603500427,0.011112721534608027,0.2210529591811881,-0.001992113744202051,0,-9.65595245361328e-07,20,1.8020008885583212e-07,86
2023-05-02,475.7530517578125,15325791.0,17.780000686645508,-0.012145805504913398,-0.007363139164979882,-0.0005594376441980797,35.60606281936292,-6.129967685685585,-4.6664770194628495,-0.009861894931832982,-0.03461520681562935,-0.05816121713261391,-0.027522131590427046,0.011084930364922082,0.2210529591811881,-0.009979937747747303,0,-9.65595245361328e-07,20,1.8020008885583212e-07,86
2023-05-03,471.00506591796875,11369311.0,18.34000015258789,-0.0031339874065636764,-0.01317712166029239,0.0008461435758913005,38.52458886842999,-6.365292201903401,-5.00624005595096,0.006024151199090166,-0.027184462384345576,-0.06003746711678659,-0.023816668236293692,0.011057164850902903,0.199999458744124,0.004032099740998607,1,-9.65595245361328e-07,20,1.8020008885583212e-07,86
2023-05-04,472.9042053222656,13140291.0,20.09000015258789,0.00955264141012524,-0.005322375540187441,-0.003511702439530473,34.210471418495345,-6.3256260190884745,-5.2701172485784635,0.009155695602969693,-0.027450912683156803,-0.06941823468017594,-0.04283376238870251,0.011030950455402987,0.09473736911756349,0.004016036267131318,1,-9.65595245361328e-07,20,1.8020008885583212e-07,86
2023-05-05,474.80340576171875,7488897.0,17.190000534057617,0.017726856818521153,0.02245695795372793,-0.0006167011944236966,31.818134010823798,-6.070958450270439,-5.430285488916859,0.00911832904481047,-0.029239841915714826,-0.06037736192279097,-0.044476379931526755,0.011008417590721839,0.13684098714246667,0.008000073015417275,1,-9.65595245361328e-07,20,1.8020008885583212e-07,86
2023-05-08,478.60186767578125,11243634.0,16.979999542236328,0.006708188632327028,0.005559073916810542,-0.0016292353143386729,39.81479497708742,-5.499236658761049,-5.444075722885697,-0.003984227488404102,-0.021526549490699876,-0.0583802891658608,-0.035114858876856836,0.011009566250198045,0.17894595830705987,0.011904805932298146,1,-9.65595245361328e-07,20,1.8020008885583212e-07,86
2023-05-09,484.2995300292969,16197743.0,17.709999084472656,-0.005611457038668832,-0.018704417014456687,0.00032704000167660396,50.0,-4.534122740816429,-5.262085126471844,0.003983971416195775,-0.005917213023155066,-0.047259039612119635,-0.029258857561855978,0.011085806342430614,0.2631572537759363,-0.013725550862353941,0,-9.65595245361328e-07,20,1.8020008885583212e-07,86
2023-05-10,477.6522521972656,18859212.0,16.940000534057617,-0.0018810723134151663,0.009997143038824374,0.0020204003000325876,41.52539972525527,-4.2565756208700805,-5.0609832253514915,0.01796410604179388,0.024096475731836264,-0.026717433420919146,-0.0004692329024599262,0.010932893242063297,0.38947352040940597,-0.007952166756997614,0,-9.65595245361328e-07,20,1.8020008885583212e-07,86
2023-05-11,473.8538818359375,13382927.0,16.93000030517578,-0.017314564373732688,-0.006268549229621834,-0.0011549336057862236,40.16394133557556,-4.293620092802996,-4.907510598841792,0.014112770244502082,0.023397678075945283,-0.032692235906845,-0.019919756160117985,0.011095551860089207,0.2421044299087172,-0.006012013464849253,0,-9.65595245361328e-07,20,1.8020008885583212e-07,86
2023-05-12,471.00506591796875,18465362.0,17.030000686645508,0.0,-0.001970602508663988,0.0027274715849956443,40.833347170140776,-4.500969366630557,-4.826202352399545,0.0020081794642208273,0.011144819750167123,-0.021568569750062494,-0.016274892330137458,0.011019219503612147,0.1578951641493758,-0.0010081059258278957,0,-9.65595245361328e-07,20,1.8020008885583212e-07,86
2023-05-15,470.5302429199219,13315766.0,17.1200008392334,0.02672908826089815,0.026839494862112234,0.0036516729492317435,47.57286703092902,-4.650007021278327,-4.790963286175302,-0.007999815918877773,-0.011952170320795763,-0.038759544117029754,-0.024102630154424154,0.011047402956470196,0.09473736911756349,0.019172498197762566,1,-9.65595245361328e-07,20,1.8020008885583212e-07,86
2023-05-16,479.5514831542969,21140315.0,17.989999771118164,0.002568299534520202,-0.0012873878934033245,-0.002174600343595179,62.385316232068824,-3.994139785895186,-4.631598586119279,-0.01686500889571818,-0.012948227192896788,-0.0471152284463483,-0.018811828450695067,0.011008752318344455,0.08421061889903142,0.02772283188248803,1,7.808208465576172e-06,20,6.020762199579283e-06,86
2023-05-17,492.84600830078125,41406763.0,16.8700008392334,0.05822067883822735,0.024918726830860605,0.0011319512009602128,69.17292615375843,-2.3742345067627184,-4.180125770247967,-0.009803946897724125,0.00798404000237074,-0.019417464217094338,-0.02509656474026889,0.010669772733734203,0.2842100776431554,0.021194485701112376,1,1.6430020332336424e-05,20,1.1640925740086754e-05,86
2023-05-18,503.2916259765625,43096277.0,16.049999237060547,0.01947637737959118,0.0316224575813977,0.0004386347885725339,70.28983954728581,-0.24475249904088514,-3.393051116006551,0.03180924204506996,0.046370928814206014,0.01764709181313351,0.013671872180357258,0.01137864512511617,0.5789475820746879,0.00377349795596138,1,2.4786591529846193e-05,20,1.7015739928844364e-05,86
2023-05-19,505.1907958984375,32099068.0,16.809999465942383,-0.0007555881502293582,-0.006204455438233225,-0.003280141882412324,71.1267280501086,1.5779350221333743,-2.398853888378566,0.06212409620148951,0.06425703199993538,0.033138324626569515,0.025145110982286667,0.011739363702283722,0.810525261764873,-0.001879776915580722,0,2.4786591529846193e-05,20,1.7015739928844364e-05,86
2023-05-22,504.24114990234375,17208135.0,17.209999084472656,-0.009289356516711367,0.0036054580670876746,-0.0022905982863488106,71.1267280501086,2.91222915416688,-1.336637279869477,0.07258038703647962,0.06399994138198895,0.04109569398572788,-0.0018762499841726843,0.010735161230165385,0.8526295563596212,-0.0018830750444804867,0,2.4786591529846193e-05,20,1.7015739928844364e-05,86
2023-05-23,503.2916259765625,19588873.0,18.530000686645508,-0.013955259731367131,-0.011695063576008913,0.0013389437537105753,75.3731507942675,3.8486829996673464,-0.29957322396211233,0.07164450636206832,0.05357121222922445,0.04733700693140053,-0.013011271329858798,0.010635607119135223,0.8315760559225571,-0.009433866161851934,0,2.4786591529846193e-05,20,1.7015739928844364e-05,86
2023-05-24,498.54364013671875,19086681.0,20.030000686645508,-0.0034280313585286493,-0.016790200444202208,0.004709616568235431,69.285797907872,4.1597555694631865,0.5922925347229474,0.04950488874752823,0.03921559854934564,0.06425703199993538,-0.01669767883351647,0.010633125221004383,0.8850551020664476,0.03428553309389071,1,2.4786591529846193e-05,20,1.7015739928844364e-05,86
2023-05-25,515.636474609375,63827245.0,19.139999389648438,0.12004898839113864,0.06806138005964701,9.733202517114847e-05,75.00005605318326,5.719599728011303,1.6177539733806185,0.011560673597786897,0.04373765190753298,0.06815868948260828,-0.011299176528390076,0.010484993223107902,0.770113898043631,0.04235736704722948,1,3.288388252258301e-05,20,2.2128570911496185e-05,86
2023-05-26,537.4774780273438,95808471.0,17.950000762939453,0.022387260855252444,0.06262136259754647,-0.001577467327915194,79.52386840545927,8.618821495509337,3.0179674778063625,0.024528221801543237,0.08817611161388328,0.1003036382342577,0.03428553309389071,0.011608952130140656,1.0,0.0035338281230214985,1,4.070103168487549e-05,20,2.698011176530705e-05,86
2023-05-29,539.3768310546875,54657853.0,17.950000762939453,0.0,0.0,-0.0024317613065398813,78.7129568201452,10.943586694499459,4.603091321144982,0.06390987799270409,0.14112886870934838,0.12748990211255729,0.06792453974263668,0.013202215102690722,1.0,-0.003521384156656815,0,4.070103168487549e-05,20,2.698011176530705e-05,86
2023-05-30,537.4774780273438,40136130.0,17.459999084472656,-0.011917262234863002,0.0010491587725565132,-0.00485579828710947,82.81249529242218,12.488755350279177,6.180224126971821,0.06968031299934263,0.1463170309894033,0.13147425763706555,0.06168231080717668,0.013148648237751427,1.0,-0.014134290465250499,0,4.070103168487549e-05,20,2.698011176530705e-05,86
2023-05-31,529.880615234375,81176782.0,17.940000534057617,-0.033241953855123074,-0.027106055927718087,0.0008285623590460478,79.49994118921198,12.95101803043633,7.534382907664724,0.06792453974263668,0.1207920252733512,0.12974047363747188,0.061913717100959165,0.013146576837747984,0.9738543256014034,-0.012544744241936079,0,4.070103168487549e-05,20,2.698011176530705e-05,86
2023-06-01,523.2333984375,24477529.0,15.649999618530273,0.002535620714628317,0.015510358467855312,0.002768221503654411,76.44227382004487,12.635337388296648,8.55457380379111,0.06285703512146412,0.07514437838561472,0.12499982182072777,0.046904320174420366,0.013365383590543602,0.869279189659692,0.019963707863700497,1,4.070103168487549e-05,20,2.698011176530705e-05,86
2023-06-02,533.6790771484375,30206141.0,14.600000381469727,0.001011892826986216,-0.001522806910548291,-0.00205902953817072,79.03928439612503,13.077290316401161,9.459117106313121,0.014733100163017099,0.03962269871318336,0.10642576773225554,0.03377117323205425,0.013531496001958519,0.7777764708254636,-0.012455685732904676,0,4.832446575164795e-05,20,3.157798634019009e-05,86
2023-06-05,527.03173828125,16827391.0,14.729999542236328,-0.008995299587801098,-0.016359109714348397,0.002753178441449622,72.32135760558518,12.744248737147245,10.116143432479946,-0.007067088453356574,0.05639113277853003,0.12400010335280887,0.05440907893237412,0.01384681024405124,0.921567177722363,0.009009265667371702,1,4.832446575164795e-05,20,3.157798634019009e-05,86
2023-06-06,531.7799072265625,20228086.0,13.960000038146973,0.018051821177011096,0.012839264949689122,-0.0006913027091105528,69.90287142398043,12.71685643294586,10.63628603257313,-0.02288769569374738,0.04519779550582115,0.10119030843038113,0.047169694625105896,0.013970311754001097,0.8300627785208735,0.014285842178103136,1,4.832446575164795e-05,20,3.157798634019009e-05,86
2023-06-07,539.3768310546875,27604813.0,13.9399995803833,0.004708429393293079,-0.003199274144382036,-0.00045683059769185963,69.00000128547757,13.156496198758816,11.140328065810268,-0.01060057590076624,0.05660392460280406,0.09803927993569062,0.054614260120484426,0.014022081128932775,0.895424023874658,-0.015845380015050092,0,4.832446575164795e-05,20,3.157798634019009e-05,86
2023-06-08,530.8302001953125,23080195.0,13.649999618530273,-0.0034896644812130173,0.010681108671079409,0.0026475905649385734,62.61675899261993,12.66922920941704,11.446108294531623,0.01792142521785256,0.08190494799366177,0.12922493000604596,0.07372418441571149,0.014137255535917015,1.0,0.010733435727358964,1,4.051625728607178e-05,20,2.5557224140610805e-05,86
2023-06-09,536.52783203125,19091713.0,13.829999923706055,0.028617080251209348,0.003030430392392258,-0.0021847668096783845,65.17851762795223,12.597600584059705,11.67640675243724,0.014518954219089109,0.02946596358887854,0.12024026929698528,0.06679389020370796,0.014294818672425541,0.8823507665835445,0.015929292534007322,1,4.051625728607178e-05,20,2.5557224140610805e-05,86
2023-06-12,545.0743408203125,26392389.0,15.010000228881836,0.04143969431549799,0.03310381148664754,0.000495978614851067,68.33323156655494,13.07969167176418,11.95706373630263,0.005337954971054826,-0.0017668572822421291,0.13911265685769258,0.08653844965345114,0.014285156972865799,0.9607819084939204,0.0331012895361491,1,4.793405532836914e-05,20,3.0030344807824422e-05,86
2023-06-13,563.1170043945312,56174363.0,14.609999656677246,-0.0024284289472603637,0.011533202169796253,0.0016405400768413347,75.3730033182498,14.747642847005636,12.515179558443231,0.034234375709331744,0.010563134042083755,0.15842573144246774,0.12549012960499706,0.0140340586369231,1.0,-0.0050592291940187994,0,5.506575107574463e-05,20,3.4116035283998e-05,86
2023-06-14,560.26806640625,23583314.0,13.880000114440918,0.005711590231484154,0.015226728098931996,-0.004340447382571333,69.74774529533957,15.659112186411676,13.14396608403692,0.05892869727140271,0.04770344324247788,0.17425766403760035,0.1492251043302455,0.014731126898789165,1.0,0.00638547134506795,1,5.506575107574463e-05,20,3.4116035283998e-05,86
2023-06-15,563.8456420898438,27392154.0,14.5,-0.01666012657217497,-0.008473812796644165,0.005013448997665648,63.91594308590071,16.48016557311155,13.811205981851847,0.038732170439564895,0.05734773135347493,0.13680146936347182,0.13461550346548834,0.014771861786130026,0.9704421612550858,-0.003384156846138575,0,5.506575107574463e-05,20,3.4116035283998e-05,86
2023-06-16,561.9375,38128802.0,13.539999961853027,-0.005799533865712303,-0.009417367967030188,-0.002538162116159981,61.90541221274715,16.78341640084477,14.405648065650432,0.06219586203344041,0.07761783512600995,0.12031596193516081,0.15294646963421776,0.014641240583430722,1.0,-0.010186618910577261,0,5.506575107574463e-05,20,3.4116035283998e-05,86
2023-06-19,556.2132568359375,14346885.0,13.539999961853027,0.0,0.0,0.001784501265216898,59.503357491586925,16.373107293806356,14.799139911281618,0.047359459196275155,0.052950216827973406,0.1123272723143014,0.16030981893789265,0.014534231507924055,0.9803514898061922,0.0,0,5.506575107574463e-05,20,3.4116035283998e-05,86
2023-06-20,556.2132568359375,16221413.0,13.880000114440918,-0.005642281109271896,-0.006964023895757676,0.0027289097851679323,64.47203702188011,15.865051927393893,15.012322314504074,0.020435590490026412,0.055369565882035676,0.10306994370383937,0.14177387948300302,0.014684711264983715,0.9214078446973911,-0.0034307041436857366,0,5.506575107574463e-05,20,3.4116035283998e-05,86
2023-06-21,554.3050537109375,21703937.0,13.199999809265137,-0.022504256753923535,-0.02682069014724231,0.005244933169579857,68.0149249717255,15.133983206673065,15.036654492937872,-0.012259881169840892,0.04594635727552099,0.10515102602132198,0.1462426301727151,0.01465060130683715,0.9214078446973911,0.0,0,5.506575107574463e-05,20,3.4116035283998e-05,86
2023-06-22,554.3050537109375,21703937.0,12.90999984741211,0.014659463399239403,0.0056737095017267425,-0.0009788985314920229,63.60678761016338,14.388741522841428,14.907071898918584,-0.010643142190061461,0.02767679625218533,0.11184861080351349,0.15132252889911157,0.014584273970590872,0.9017587060127094,0.0,0,5.506575107574463e-05,20,3.4116035283998e-05,86
2023-06-23,554.3050537109375,21703937.0,13.4399995803833,-0.011829556433410437,-0.01769256420448162,0.0022895214931535346,69.72164797392844,13.640888448354076,14.653835208805683,-0.016920567734717062,0.044222905002367474,0.07499193909984014,0.17212967758068554,0.014206800794571426,0.9017587060127094,-0.012048139705479133,0,5.506575107574463e-05,20,3.4116035283998e-05,86
2023-06-26,547.626708984375,27142262.0,14.25,-0.017662765324309437,0.0025836350010901565,0.00010326359102408311,61.1478171859999,12.366766506413342,14.196421468327216,-0.013582375778556366,0.03313382944624599,0.03130842941615808,0.18763075501893955,0.01396799943893073,0.8997990699332146,-0.0034841617259133706,0,5.506575107574463e-05,20,3.4116035283998e-05,86
2023-06-27,545.7186889648438,21501718.0,13.739999771118164,0.019678267197411614,0.03602052804210709,0.00022582732332154798,54.849486464563114,11.075384282464029,13.57221403115458,-0.015437510246353647,0.004682605606092682,0.01529520263885975,0.16856679067599378,0.014191204916281204,0.8261923192769607,0.003496343552298997,1,5.506575107574463e-05,20,3.4116035283998e-05,86
2023-06-28,547.626708984375,18175426.0,13.430000305175781,-0.011363613377293413,-0.009040698997426877,-0.0003386645052837478,64.29531693491748,10.08960910249516,12.875693045422697,-0.018867885189923217,-0.03089644832940952,0.015333127943792269,0.14477784903698288,0.014073147255780946,0.8057453187121679,-0.0017422480438717969,0,5.506575107574463e-05,20,3.4116035283998e-05,86
2023-06-29,546.672607421875,16937929.0,13.539999961853027,-0.0027742846305544022,0.0013021131014181453,0.002032675426720365,59.3924824878449,9.12618615477038,12.125791667292233,-0.012048139705479133,-0.0225630518315294,0.03349073968699656,0.1487803856882779,0.014063367061333758,0.8261923192769607,0.005235643012525548,1,5.506575107574463e-05,20,3.4116035283998e-05,86
2023-06-30,549.5347900390625,22654976.0,13.59000015258789,0.002782002697881314,0.016291421032377018,0.001957740034576938,54.61548955262341,8.495687744621705,11.399770882758128,-0.013769396901516795,-0.03045697862329555,0.04479685175749504,0.14906799946322757,0.014061081672328687,0.8159678378838882,0.00520848489345016,1,5.506575107574463e-05,20,3.4116035283998e-05,86
2023-07-03,552.3970336914062,14785585.0,13.569999694824219,0.02209677495510487,0.008320054152735512,0.0009223125029154122,33.82624326385077,8.13321768335743,10.746460242877989,-0.008605845535665346,-0.022071333486264,0.02971020144792913,0.16672798193378813,0.013902824180725219,0.8466399739155375,0.010362552321851126,1,5.506575107574463e-05,20,3.4116035283998e-05,86
2023-07-04,558.1212768554688,17219541.0,13.569999694824219,0.0,0.0,-0.0018686456158967246,47.01961615048935,8.213179709034648,10.23980413610932,0.008710905857528761,-0.006861079087255417,0.04812859182423668,0.168094991489808,0.013904546935907846,0.8773127640209709,-0.005128135587585625,0,5.506575107574463e-05,20,3.4116035283998e-05,86
2023-07-05,555.2591552734375,14913592.0,14.180000305175781,-0.02094029409588527,-0.021951508593128555,-0.00031523483706941136,37.83779110681539,7.95391313902951,9.782625936693359,0.022727071917128416,0.0034303749435695696,0.04953434545183666,0.17547867197810985,0.01394139421360513,0.9386557279367014,-0.029209773466297828,0,5.506575107574463e-05,20,3.4116035283998e-05,86
2023-07-06,539.0401611328125,28564891.0,15.4399995803833,-0.01564503835883513,-0.012376067624886744,0.004704298353081393,26.92299174973118,6.36631828078157,9.099364405511002,0.01393731562731415,0.0017212571960376621,0.02944569233293537,0.1601692195016382,0.01399545471680335,0.9079842459788361,0.0,0,4.644393920898438e-05,20,2.849587174349053e-05,86
2023-07-07,539.0401611328125,18796190.0,14.829999923706055,0.008248670439048755,6.708341184191724e-05,0.0032891535876820033,30.434637486857397,5.0499255196951935,8.289476628347842,-0.013961640267759812,-0.0275387938030337,0.015466265737102525,0.11303052699680327,0.014816909121560686,0.7341759111820128,0.0,0,4.644393920898438e-05,20,2.849587174349053e-05,86
2023-07-10,539.0401611328125,18454982.0,15.069999694824219,-0.004589581381653884,0.020647203000440317,-0.002167456816167368,30.434637486857397,3.9610146610698393,7.423784234892242,-0.01909729665250859,-0.0275387938030337,0.0046825699461872095,0.12852008684802407,0.014596442259101308,0.7341759111820128,0.021239218020130846,1,4.644393920898438e-05,20,2.849587174349053e-05,86
2023-07-11,550.4889526367188,17850636.0,14.84000015258789,0.01493430748272373,0.0005285167019970505,0.0032310640020125625,46.4286815887149,3.9760335138990968,6.734234090693613,-0.024179841208299302,-0.015679563671185948,-0.011070379277840936,0.13756620299133582,0.01450237144332645,0.7341759111820128,0.0017329675511528198,1,5.334019660949707e-05,20,3.236254980397779e-05,86
2023-07-12,551.4429321289062,15588228.0,13.539999961853027,0.02607152560047532,0.018595698095117408,-0.0030134404822088623,47.36845649560764,4.018590426302808,6.191105357815452,-0.013675028233561592,0.00874125033343387,-0.022425271585237105,0.16875378306991085,0.014689709483588408,0.8568651093823941,0.012110672451236315,1,5.334019660949707e-05,20,3.236254980397779e-05,86
2023-07-13,558.1212768554688,25442137.0,13.609999656677246,0.01607327261678626,0.020330652324215936,-0.007410692182331924,53.1250093712796,4.538882282569489,5.86066074276626,-0.006872868476435978,0.006968657813656964,-0.01575162820531817,0.17196065593334176,0.014673797805499635,0.8528639455265118,0.010256489891635745,1,5.334019660949707e-05,20,3.236254980397779e-05,86
2023-07-14,563.8456420898438,23121873.0,13.34000015258789,-0.004073142334072188,-0.012304022286569793,-0.0024489496393167443,63.492074775048316,5.351437718197758,5.75881613785256,0.035398319269118295,0.020942460401639718,-0.010152362290427819,0.16384016411412472,0.014534200212383603,0.9193747216868485,0.0,0,5.334019660949707e-05,20,3.236254980397779e-05,86
2023-07-17,563.8456420898438,13807834.0,13.479999542236328,-0.003328930361973459,0.023170839593770864,-0.00025192838579823906,65.57368280849832,5.927070179522502,5.792466946186549,0.04601787166451876,0.026041758065515674,0.0033956482524191145,0.14406048257112358,0.014073266484090307,1.0,-0.016920567734717062,0,5.334019660949707e-05,20,3.236254980397779e-05,86
2023-07-18,554.3050537109375,20932006.0,13.300000190734863,-0.015650431581854418,0.0013160387748223368,0.0,55.07242076921223,5.549446736607479,5.743862904270735,0.04601787166451876,0.020725325626627544,0.013722048441138668,0.12031596193516081,0.013793368943097442,1.0,0.0,0,4.498362541198731e-05,20,2.698773561522018e-05,86
2023-07-19,554.3050537109375,22499123.0,13.760000228881836,-0.000872483381663014,-0.010592498926345728,-0.0015186069095689536,55.88234740706314,5.190346355558859,5.63315959452836,0.0069322028279412695,-0.006837623475013155,-0.0034307041436857366,0.09721922531299221,0.014123431491013671,0.8539005222878977,-0.0034421840586830177,0,4.498362541198731e-05,20,2.698773561522018e-05,86
2023-07-20,552.3970336914062,15108109.0,13.989999771118164,-0.05045611499404212,-0.03624990599873523,0.004540036607663556,52.23886725109401,4.697643931748416,5.446056461972371,0.005190240757972475,-0.0017182995605541374,0.0,0.09928563707719928,0.014112811429444937,0.8539005222878977,-0.032815190985045706,0,4.498362541198731e-05,20,2.698773561522018e-05,86
2023-07-21,534.27001953125,46711021.0,13.600000381469727,-0.006233343975443173,0.009552792572597113,-0.0001771974418194322,38.55422151070879,2.8120594908388057,4.919257067745658,-0.01025627117517125,0.024778993332377652,-0.0034421840586830177,0.09756849742842832,0.014126268952610495,0.8246821222011612,-0.00357149385158817,0,3.688633441925049e-05,20,2.187490463256836e-05,86
2023-07-24,532.3618774414062,25268835.0,13.90999984741211,0.010282712320063725,-0.0017654214484151831,0.009156598400786198,32.911452884032954,1.150487018676131,4.165503057931753,-0.05245340275926291,-0.008849325051287216,-0.03614441911643751,0.07166148862060262,0.015032256110348287,0.3865145551294598,0.019713107344153435,1,3.688633441925049e-05,20,2.187490463256836e-05,86
2023-07-25,542.8563842773438,19590349.0,13.859999656677246,0.021068810889786516,0.01704888796377979,-0.0007024221354253735,42.52869844262554,0.6727428975559633,3.466951025856595,-0.05583755960540149,-0.012389213592864046,-0.02787451980068467,0.03243642305308536,0.014143022072509545,0.22477160045747538,-0.005272336597535565,0,4.354417324066162e-05,20,2.5486530259598132e-05,86
2023-07-26,539.9942626953125,13314305.0,13.1899995803833,-0.009070864555942304,-0.014885721147351094,-0.0042811141890044535,50.684966321320715,0.0624579710740818,2.7860524149000927,-0.020654095352275248,-0.01386507090254352,-0.005245018624759568,0.0100076867773915,0.012899345171801344,0.48317906313731324,0.005300281465483225,1,4.354417324066162e-05,20,2.5486530259598132e-05,86
2023-07-27,542.8563842773438,12200358.0,14.40999984741211,-0.0006036450381832204,0.01862476588207196,0.001540150649083527,52.631587808119896,-0.18807987043578578,2.191225957832917,-0.025817536606995928,-0.02076129507979163,-0.01393731562731404,0.001144712944784132,0.012917362684374488,0.41270471046347185,-0.0035145537650046466,0,4.354417324066162e-05,20,2.5486530259598132e-05,86
2023-07-28,540.948486328125,18540078.0,13.329999923706055,0.015198724449296819,0.022156052990268682,0.0026366433109039633,51.282202701705174,-0.5344238291582997,1.6460960004346739,-0.01727136250226924,-0.027350493900052508,-0.006980820133879906,0.0100076867773915,0.012928612522762223,0.48317906313731324,-0.003527739227566551,0,4.354417324066162e-05,20,2.5486530259598132e-05,86
2023-07-31,539.0401611328125,24208467.0,13.630000114440918,-0.0169542733757978,0.0025624319848203125,0.0018276753650217081,41.17632670034123,-0.9519167032345877,1.1264934597008216,0.012500171360418921,-0.04060890792177174,-0.01562467721165961,0.0208874806428887,0.012741546935755554,0.43620066998201057,0.0035402282295666776,1,4.354417324066162e-05,20,2.5486530259598132e-05,86
2023-08-01,540.948486328125,16259643.0,13.930000305175781,-0.007564229993410221,-0.0008856161721302325,0.0014479631182464647,42.029103754560495,-1.1159331365374783,0.6780081404531617,0.01254463171462028,-0.04399338951187415,-0.024179841208299302,0.030209773960368835,0.01259021814496961,0.32619259598215394,-0.010582315043608737,0,4.354417324066162e-05,20,2.5486530259598132e-05,86
2023-08-02,535.2239990234375,25583234.0,16.09000015258789,-0.02743913635008821,-0.037999451757577574,0.0062454493864865235,32.35302142103832,-1.6883731113049407,0.20473189010154125,-0.0035145537650046466,-0.02409605918869684,-0.030768922883745997,0.013621311928752267,0.012229958430180096,0.37802967376761354,0.0,0,4.354417324066162e-05,20,2.5486530259598132e-05,86
2023-08-03,535.2239990234375,25583234.0,15.920000076293945,-0.00752339869274532,-0.0009483832952458249,0.0011109649518115106,25.806514854938243,-2.1176252498115673,-0.2597395378810805,-0.008833915471740061,-0.034423382142661274,-0.03608253202080691,0.015544150659510647,0.012185280882050611,0.1330831446133937,-0.01247777710622855,0,4.354417324066162e-05,20,2.5486530259598132e-05,86
2023-08-04,528.5455932617188,26279173.0,17.100000381469727,0.012423783272869526,-0.0023948045258006534,0.00032876483677957147,23.18846088944683,-2.962551741031575,-0.8003019785111796,-0.014059676693434442,-0.03108820942286661,-0.0070795506244937245,0.006476536157293378,0.012109813351084919,0.1330831446133937,0.007220350010179288,1,4.354417324066162e-05,20,2.5486530259598132e-05,86
2023-08-07,532.3618774414062,14369551.0,15.770000457763672,0.0019757082532523285,0.010869907403832535,0.0003634997101045201,31.74616230575434,-3.286336986302558,-1.2975089800694553,-0.022928048381455235,-0.01071448155476451,-0.019468990676017595,-0.020081021596329185,0.01205593705924939,0.0,-0.010752656119424664,0,4.354417324066162e-05,20,2.5486530259598132e-05,86
2023-08-08,526.6375732421875,19010690.0,15.989999771118164,-0.019304507877317634,-0.01604263550784013,0.00042652007585042284,28.985645649098146,-3.9592034024918803,-1.8298478645539404,-0.012389213592864046,0.0,-0.012389213592864046,0.0028854372745374945,0.011859501832620663,0.10810988387775004,0.0036230229601446062,1,4.354417324066162e-05,20,2.5486530259598132e-05,86
2023-08-09,528.5455932617188,14389090.0,15.960000038146973,-0.005397392102377441,-0.018736633184047835,0.004105387823833073,31.88405259615152,-4.289052092791621,-2.3216887102014767,-0.02645522345958995,-0.029876798919380665,-0.04332762588656591,-0.018433822438658543,0.011854691787658005,0.0,-0.005415089291292308,0,4.354417324066162e-05,20,2.5486530259598132e-05,86
2023-08-10,525.6834716796875,17892615.0,15.850000381469727,0.008725349569183027,-0.0037280253623653836,-0.002720516060018996,41.50940663256315,-4.72691985848428,-2.8027349398580372,-0.01247777710622855,-0.02120146494973707,-0.04152259015958337,-0.03032384084291828,0.011591049766092452,0.05127973793381746,-0.009074286892598704,0,4.354417324066162e-05,20,2.5486530259598132e-05,86
2023-08-11,520.9132690429688,17608427.0,14.84000015258789,-0.029641567794700396,-0.022927303783500275,0.0010249841079341682,39.28577140572342,-5.396639601959237,-3.3215158722782774,-0.017825298120333732,-0.031634356885232195,-0.05811963550026311,-0.06647558575343082,0.010306707514309904,0.0,-0.009157735127292344,0,4.354417324066162e-05,20,2.5486530259598132e-05,86
2023-08-14,516.1428833007812,20939030.0,14.819999694824219,0.01174031718229629,0.028709194901746615,0.00480438042102449,22.000189363406292,-6.240392228252631,-3.9052911434731485,-0.014440238110112746,-0.037037200013539606,-0.07614206769028131,-0.07024279933660382,0.010358215809715477,0.0,0.0018485221696722398,1,4.354417324066162e-05,20,2.5486530259598132e-05,86
2023-08-15,517.0969848632812,14066307.0,16.459999084472656,-0.014934832212359805,-0.01700756228542022,0.0003135457817806664,25.00023323848302,-6.7542257312944685,-4.475078061037412,-0.030466107412828625,-0.04247786989361202,-0.0846025139296217,-0.0846025139296217,0.010340677465665745,0.0,0.0,0,4.354417324066162e-05,20,2.5486530259598132e-05,86
2023-08-16,517.0969848632812,28269840.0,16.780000686645508,0.0010907869648533186,-0.02078804590499983,-0.001225512175489496,20.000369626904288,-7.079830604261247,-4.99602856968218,-0.018116041968237573,-0.04409200148935455,-0.06712561720041565,-0.07979626762178849,0.010355722147438474,0.02000097241165768,0.0036901048462858466,1,4.354417324066162e-05,20,2.5486530259598132e-05,86
2023-08-17,519.005126953125,22843138.0,17.889999389648438,-0.00152554166031027,-0.009692300094118256,0.0015031977294908128,24.444709816097443,-7.102035843956969,-5.417230024537138,-0.021660588120292035,-0.03386808923596585,-0.06712561720041565,-0.07032603321102449,0.010276504738026195,0.02000097241165768,-0.00919140388880657,0,4.354417324066162e-05,20,2.5486530259598132e-05,86
2023-08-18,514.2347412109375,17592345.0,17.299999237060547,-0.005892492027634089,0.004755724785265203,-0.0005138810643254832,22.916988756617286,-7.419041822081567,-5.817592384046024,-0.012704117755925504,-0.030302961189904054,-0.06044910580916596,-0.0668954388007108,0.010306972416511231,0.06000163774594978,-0.0037104066812719827,0,4.354417324066162e-05,20,2.5486530259598132e-05,86
2023-08-21,512.3267211914062,16633821.0,17.1299991607666,0.01602642785309083,0.028301287499604255,0.00017556763480008897,18.750024989904077,-7.735067569211992,-6.201087421079218,-0.012820805744305885,-0.027075908366707258,-0.03750028560069829,-0.07228927867739798,0.010370133652357677,0.0,0.007448688408249637,1,4.354417324066162e-05,20,2.5486530259598132e-05,86
2023-08-22,516.1428833007812,14594304.0,16.969999313354492,-0.0034573838719713645,-0.009281792245085962,0.0004451197536554652,28.260854448380258,-7.590093982663689,-6.478888733396112,-0.007393615668921494,-0.03763446839261164,-0.03763446839261164,-0.075731462736081,0.010370822116748286,0.0,0.020332916099301324,1,4.354417324066162e-05,20,2.5486530259598132e-05,86
2023-08-23,526.6375732421875,20636332.0,15.979999542236328,0.0214656354129259,0.021067630544012284,0.001904946196743973,42.10533995075097,-6.552830647647056,-6.493677116246301,-0.0018451114402693314,-0.01992772729221881,-0.0492091495103697,-0.06884687439645332,0.0104659661383392,0.07407302099549098,0.021738949032442667,1,5.002617835998535e-05,20,2.889231193897336e-05,86
2023-08-24,538.0861206054688,23280827.0,17.200000762939453,-0.017936605887009183,-0.0335118338400604,-0.0037901822213773917,58.0645028148784,-4.752209377299437,-6.1453835684569285,0.018450288162923156,-0.003609944049966729,-0.024734872897457794,-0.038327450794198525,0.010865824397983314,0.2777785675867151,-0.031914689684202746,0,5.621612071990967e-05,20,3.2066605811895326e-05,86
2023-08-25,520.9132690429688,24144537.0,15.680000305175781,0.006160164799771994,0.004121981246762996,-0.0013090351627094154,42.10527201865367,-4.6572240693085405,-5.847751668627251,0.036764557152567656,0.02359337813333129,-0.008787340095898877,-0.013986268958193437,0.011401757862834037,0.499998815286594,0.005494430171244513,1,4.839897155761719e-05,20,2.721506495808446e-05,86
2023-08-28,523.775390625,8991985.0,15.079999923706055,0.009667092874638072,0.012077930005359727,-6.600817961854855e-05,47.94518507093305,-4.3014142109849445,-5.53848417709879,0.012987313568710634,0.0,-0.037037200013539606,-0.04878038178771238,0.012383343556731548,0.16666785138007265,0.005464522901261537,1,4.839897155761719e-05,20,2.721506495808446e-05,86
2023-08-29,526.6375732421875,10516678.0,14.449999809265137,0.011489441947184487,0.025919535803867744,0.0001886243790714115,48.64870939882027,-3.7453045780384855,-5.1798482572867295,0.02234642262455111,0.014787586095168281,-0.028318428956634722,-0.04188469750635393,0.012424675816146062,0.2222226171266909,0.005434592388186443,1,4.839897155761719e-05,20,2.721506495808446e-05,86
2023-08-30,529.4996337890625,15117416.0,13.880000114440918,-0.0031553430090726087,0.00395359594810385,-0.0016028849651440469,52.70266999104354,-3.0386120917565904,-4.751601024180702,0.020332916099301324,0.018450288162923156,-0.02645522345958995,-0.04166654634413114,0.01242750150779748,0.2777785675867151,-0.010810665010474563,0,4.839897155761719e-05,20,2.721506495808446e-05,86
2023-08-31,523.775390625,40431378.0,13.569999694824219,-0.01276631436553699,0.00741234998153506,0.0010010172886230073,51.999976116123406,-2.906942366683097,-4.382669292681181,0.005434592388186443,0.023985150346719664,-0.010695270101526821,-0.041450982727643026,0.012430277274417645,0.3333321486199273,-0.00182146879066869,0,4.839897155761719e-05,20,2.721506495808446e-05,86
2023-09-01,522.8213500976562,13669766.0,13.09000015258789,-0.004061130504727561,0.0032444520793881715,0.0002830540251703706,54.92966376287155,-2.8467605743859394,-4.075487549022133,-0.026595612546865044,0.00919116868821579,-0.021390312129737188,-0.061538392558653454,0.012390346478442709,0.2222226171266909,0.016423366824637853,1,4.839897155761719e-05,20,2.721506495808446e-05,86
2023-09-04,531.4078369140625,9531157.0,13.09000015258789,0.0,0.0,0.0017354415040899962,59.49374059104628,-2.082205970287305,-3.676831233275168,0.003662953447496342,0.016697838941217125,-0.010830178582584504,-0.058419217166815085,0.012376810148070294,0.20370436187781812,-0.008976652846477418,0,5.4323673248291014e-05,20,3.0098959457042606e-05,86
2023-09-05,526.6375732421875,12220686.0,14.010000228881836,0.015130270400959045,0.0002579398369748631,-0.00016324073626783342,55.95243625939344,-1.8400009640315602,-3.3094651794264465,0.014571983383860454,0.03724403770758533,-0.0017920902449457543,-0.014159101248987449,0.011864463145285834,0.3703710285444848,-0.003623254752023297,0,5.4323673248291014e-05,20,3.0098959457042606e-05,86
2023-09-06,524.7294311523438,14067008.0,14.449999809265137,-0.02473573522622796,-0.007961929918368638,0.0014658741223405602,53.57143129144558,-1.7814869980462618,-3.00386954315041,0.0,0.020332916099301324,0.0,-0.02300865275893449,0.011940084809612589,0.2777785675867151,-0.014545489229184416,0,5.4323673248291014e-05,20,3.0098959457042606e-05,86
2023-09-07,517.0969848632812,20717005.0,14.399999618530273,-0.023953967421853628,-0.019797686741398812,0.0009215558948310054,51.72419625136681,-2.3241969907973044,-2.8679350326797888,-0.009008887508728747,-0.003623254752023297,-0.007220119055056373,-0.02654854130051132,0.011949586393551868,0.24074087237556363,-0.005535216286555067,0,5.4323673248291014e-05,20,3.0098959457042606e-05,86
2023-09-08,514.2347412109375,15283568.0,13.84000015258789,-0.0045531606441893135,-0.0045001735580657565,0.0030531171425924875,51.13631489528135,-2.951237681136263,-2.8845955623710835,-0.012750514593191653,-0.03900701939416307,-0.016333948619252414,-0.060658742765858364,0.011628021460208946,0.09259246095776971,-0.0055656100219080296,0,5.4323673248291014e-05,20,3.0098959457042606e-05,86
2023-09-11,511.3727111816406,14631968.0,13.800000190734863,-0.00044617346012121306,0.0009085808550355345,0.0016733677994777985,47.126483691389986,-3.6371866268312942,-3.0351137752631256,-0.01642360030843204,-0.012820805744305885,-0.012820805744305885,-0.06747423667998143,0.011633997678096319,0.03703532578433951,0.014925348194368748,1,5.4323673248291014e-05,20,3.0098959457042606e-05,86
2023-09-12,519.005126953125,16028336.0,14.229999542236328,0.009821527179359357,-0.007884023369777227,-0.00556332326305542,45.238058971146565,-3.524307914458859,-3.1329526031022725,-0.037701976411879445,-0.023679385601831693,-0.009241960459931087,-0.08376058683377186,0.011444252642085657,0.0,-0.005514865853343043,0,5.4323673248291014e-05,20,3.0098959457042606e-05,86
2023-09-13,516.1428833007812,16191392.0,13.479999542236328,0.008178542685634449,0.005470031139030773,0.0017958901124717208,34.66661036886151,-3.6240342526507447,-3.231168933011967,-0.014492787216214276,-0.014492787216214276,0.0036901048462858466,-0.07952622453641989,0.011588143384518702,0.14545434454264866,0.02230501207061808,1,5.4323673248291014e-05,20,3.0098959457042606e-05,86
2023-09-14,527.6554565429688,17144287.0,12.819999694824219,0.00794495020824404,0.006676109208370695,-0.002155596677621885,55.115973616129686,-2.742485976898479,-3.1334323417892698,-0.01636376262087269,-0.02522523083293049,-0.0018451114402693314,-0.0846025139296217,0.011597269445485421,0.111109057603495,0.01454533761120591,1,6.006956100463867e-05,20,3.279780232629111e-05,86
2023-09-15,535.3303833007812,42517441.0,13.789999961853027,-0.024270265573285044,-0.030087379570582606,-0.000815148181333325,58.171119735647224,-1.4083159798664155,-2.788409069404699,0.02041874539740185,0.007407881293045815,0.016667137067848392,-0.048077492690272616,0.011943675182196786,0.3792652439176092,-0.03225786591110347,0,6.006956100463867e-05,20,3.279780232629111e-05,86
2023-09-18,518.061767578125,36684692.0,14.0,-0.0047059615042434055,0.004625510550277934,0.00028554359396615325,44.96209000155613,-1.7245303021772997,-2.5756333159592195,0.04102337006668777,0.02392601832497565,0.04102337006668777,-0.03423145844174691,0.01218486833841335,0.583987026560588,-0.003704085946104163,0,5.244612693786621e-05,20,2.8199927751408065e-05,86
2023-09-19,516.142822265625,18901683.0,14.109999656677246,-0.0074297683478384835,-0.009577734798716264,0.0006430824687451153,42.06553858313966,-2.10570205766669,-2.481647064300714,0.01308058926536737,-0.0251145512144485,0.011194119200696795,-0.062156861856833334,0.013115506259702207,0.21246111837558412,-0.005575958045920704,0,5.244612693786621e-05,20,2.8199927751408065e-05,86
2023-09-20,513.2648315429688,24635567.0,15.140000343322754,-0.009980809375519706,-0.017406652924101707,0.0025549508158961842,43.537798652358674,-2.6099275983028747,-2.507303171101146,-0.0055149834536384335,-0.019927843188158212,-1.1825244172758431e-07,-0.03392890598938936,0.012150841809323472,0.151510628047888,-0.014953389276745055,0,5.244612693786621e-05,20,2.8199927751408065e-05,86
2023-09-21,505.58978271484375,32012694.0,17.540000915527344,-0.022110049443196056,-0.01764145683454532,0.0009036943995639479,40.214271007868874,-3.587487941519953,-2.7233401251849076,-0.005576075638991873,-0.021848592681751988,-0.025392684416516098,-0.03587230173246092,0.012166124073808316,0.06009846295813434,-0.009487621479738917,0,5.244612693786621e-05,20,2.8199927751408065e-05,86
2023-09-22,500.7929382324219,29049309.0,17.200000762939453,0.0032800019474346076,0.007918876449352963,0.004033278269981899,31.831940711206187,-4.695154004558276,-3.1177029010595816,-0.04181833723978201,-0.022253469823421912,-0.06039244768859542,-0.06864909880743086,0.011914045860647971,0.0,0.005747111377263359,1,5.244612693786621e-05,20,2.8199927751408065e-05,86
2023-09-25,503.6710510253906,17116402.0,16.899999618530273,0.007006111227251255,0.007182121479708536,-0.0002178097385048261,36.05767182181198,-5.27988446927111,-3.5501392147018875,-0.06451613087119346,-0.02613942991650542,-0.03862510710758493,-0.07259581660594361,0.01196319645052962,0.0,-0.011428481062472629,0,5.244612693786621e-05,20,2.8199927751408065e-05,86
2023-09-26,497.91485595703125,26392692.0,18.940000534057617,-0.022611214166929905,-0.017654683766628376,-0.0008777210926956824,34.44822032248358,-6.13702065682952,-4.067515503127415,-0.027777993770915055,-0.01506075703268095,-0.03838351316128019,-0.0721836094902284,0.011969791181565511,0.07167410057781591,0.005780269941652483,1,5.244612693786621e-05,20,2.8199927751408065e-05,86
2023-09-27,500.7929382324219,16846401.0,18.219999313354492,0.013643308021810352,0.009547574138495829,0.002710100200153054,39.99214733929301,-6.509037936716425,-4.555819989845217,-0.03531574115199654,-0.04063595887752869,-0.05453981778840411,-0.07955217818095661,0.012060801178905808,0.0,0.001915602228228952,1,5.244612693786621e-05,20,2.8199927751408065e-05,86
2023-09-28,501.75225830078125,19733331.0,17.34000015258789,0.01135297580996486,0.017724728516556265,0.001118344873288768,42.15464607235527,-6.64980043901835,-4.974616079679843,-0.02429913865918709,-0.029739720463052954,-0.054214759982396,-0.07095431038016298,0.012115565431043435,0.06687983910657629,0.0,0,5.244612693786621e-05,20,2.8199927751408065e-05,86
2023-09-29,501.75225830078125,19733331.0,17.520000457763672,0.0056708268822851515,0.003887777767865863,-0.005120149624754378,43.72780808437335,-6.6843032492090515,-5.316553513585685,-0.007590193760357078,-0.049091121717753206,-0.04204690162693481,-0.07245833756445408,0.012101080607028799,0.09552605269795159,0.019120552740645502,1,5.244612693786621e-05,20,2.8199927751408065e-05,86
2023-10-02,511.3460388183594,25427911.0,17.610000610351562,0.008630428896630793,0.004239612388045266,0.005745343056007934,45.13106979382615,-5.869845144688952,-5.427211839806339,0.001915602228228952,-0.0627241158870181,-0.04029883590817318,-0.06253781740678355,0.01202191363100998,0.09552605269795159,-0.0075046310865612975,0,5.799233913421631e-05,20,3.062292586925418e-05,86
2023-10-03,507.5085754394531,14490129.0,19.780000686645508,-0.025556258951509703,-0.02095481609373595,0.0019166355232618226,44.57834003450038,-5.470966555764619,-5.435962782997995,0.015238095930555806,-0.012963181574198845,-0.03775216830109984,-0.04461302230214925,0.012433747302042306,0.3343480216237241,-0.017013307423595636,0,0.0,0,3.062292586925418e-05,86
2023-10-04,498.8741760253906,28358964.0,18.579999923706055,0.014752527755286238,0.014316214226094415,0.0001516111518740093,31.24991301962079,-5.784891642421314,-5.5057485548826595,0.019267791204948148,-0.016728406273813112,-0.03632288840495901,-0.03980170886005052,0.012345243176283903,0.23882044955224063,0.015384555152840873,1,0.0014551013708114624,20,-0.0003121370492979538,86
2023-10-05,506.54913330078125,24945684.0,18.489999771118164,0.004153599686119058,-0.005238061565079888,-0.0006344507962983137,31.249940356335117,-5.352672350540956,-5.475133314014319,-0.0038314482105191727,-0.0280374859783733,-0.04927349904916356,-0.06290401855399841,0.012521894248022202,0.023880753487721944,0.007575698242538786,1,0.0014603555202484131,20,-0.00030997880669527273,86
2023-10-06,510.3865966796875,15336587.0,17.450000762939453,0.025968092092780504,0.020026528145129507,-0.002709645805099248,43.93924496728397,-4.646917452311186,-5.309490141673693,0.00956024595932048,0.0018974880797355542,-0.020398207437409055,-0.03814471462363378,0.012697512576033982,0.21493665731745487,0.0,0,0.0014603555202484131,20,-0.00030997880669527273,86
2023-10-09,510.3865966796875,15336587.0,17.700000762939453,-0.0033598572492032908,-0.0022616945075542016,-0.0026612155142728966,45.31249378710341,-4.04101925623587,-5.055795964586128,0.017208369740371543,0.019156936360019472,-0.007483244951883794,-0.034356537663988274,0.012746004468821754,0.31046422938893836,0.0,0,0.0014603555202484131,20,-0.00030997880669527273,86
2023-10-10,510.3865966796875,15336587.0,17.030000686645508,0.01820426901215111,0.01289744890005573,0.0006008641088628419,47.54088102133979,-3.5202611908636072,-4.748689009841624,-0.0018763069738234606,0.013333197611069991,-0.0019283674712998744,-0.029099022176068634,0.012725061295438654,0.31046422938893836,0.022556335230527358,1,0.0014603555202484131,20,-0.00030997880669527273,86
2023-10-11,521.8990478515625,46639969.0,16.09000015258789,0.015340616390505879,0.007334708381162347,-0.003758872824822568,63.07689898413512,-2.1537707476917376,-4.229705357411647,0.005670881990008425,0.02504793856508769,-0.01660586731393865,-0.020208109466324453,0.012654921864797277,0.31046422938893836,0.011029735952006403,1,0.0014653921127319336,20,-0.00030802017034486283,86
2023-10-12,527.6554565429688,34161176.0,16.690000534057617,0.004565035982603494,0.003049903139558996,0.0013337411367397856,71.2121745207427,-0.5994134877988699,-3.5036469834890918,0.0461536654585224,0.04214538186907313,0.011152269530425363,0.011152269530425363,0.013059765256043944,0.5970484649769208,0.005454530522294387,1,0.0014653921127319336,20,-0.00030802017034486283,86
2023-10-13,530.5335693359375,31123496.0,19.31999969482422,-0.02120754682140702,-0.02695418030831198,0.0034498526735733392,71.2121745207427,0.8548117504485617,-2.631955236701561,0.04166688254830131,0.05162547415314167,0.0,0.02041874539740185,0.013161942070213904,0.7403451408915076,-0.014466660116779773,0,0.0014653921127319336,20,-0.00030802017034486283,86
2023-10-16,522.8585205078125,19875676.0,17.209999084472656,0.008401620408581723,0.01434708076896829,0.0007802568918739983,69.11758514516991,1.3721659565134132,-1.8311309980585664,0.03947394541180316,0.057361597399932185,-0.008960473969863547,0.025984650589693237,0.013183112721233008,0.8119911997885032,0.011009145610454851,1,0.0014653921127319336,20,-0.00030802017034486283,86
2023-10-17,528.61474609375,18364998.0,17.8799991607666,-0.0024118170199483036,-0.007951468397977113,-0.0002609097479768785,70.42248409843491,2.221049316194353,-1.0206949352079826,0.024436229143282695,0.022514072302303623,0.009259036720875358,0.007424577050537451,0.013378783508540881,0.6209330168984725,-0.019963458442291415,0,0.0014653921127319336,20,-0.00030802017034486283,86
2023-10-18,518.061767578125,26418940.0,19.219999313354492,-0.01538461404889091,-0.017616101283518426,0.004303052871834856,60.49392509674526,2.018984724200095,-0.41275900332636706,0.03571439675854626,0.04158781087791663,0.024163706807699192,0.02796389222740947,0.013393678163636527,0.7642251346924636,0.011110844065050474,1,0.001458248496055603,20,-0.0003121814062429029,86
2023-10-19,523.81787109375,22881262.0,21.399999618530273,0.03694201960406174,-0.01338233526023802,0.0021748199303619486,63.21842022322535,2.2968399855740245,0.12916079445371126,-0.0073525335775835865,0.03846178550592638,0.009345927755727512,0.011194119200696795,0.013755446551191325,0.501525451026033,0.018315165565321534,1,0.001458248496055603,20,-0.0003121814062429029,86
2023-10-20,533.4116821289062,45984177.0,21.709999084472656,-0.017220976237704244,-0.015330656978860824,-0.0014508549811510507,63.21843367172518,3.2536762987361953,0.7540638953102081,-0.007272900150339323,0.03409094332161233,0.036053118559927544,0.014869889794636881,0.01381297850913398,0.6448145300729603,-0.021583018638428597,0,0.0014629572629928588,20,-0.0003105665362158487,86
2023-10-23,521.8990478515625,22747367.0,20.3700008392334,-0.0021903526706614773,-0.0053073314412988015,-0.0005038966791286459,57.894655775415664,3.047868666710656,1.2128248495902978,0.005424940021366176,0.04511302921943505,0.06513419300921885,0.012862942621079343,0.013745464553695574,0.8836372586854988,0.0,0,0.0014560729265213012,20,-0.000314490046612052,86
2023-10-24,521.8990478515625,15007814.0,18.969999313354492,0.005816994138519993,0.013763635367801452,-0.0029692153040949965,63.95341998688397,2.851889824904788,1.5406378446531959,-0.0018350521577388257,0.022556335230527358,0.036190280916607476,-0.030082680325766664,0.013730323916012142,0.6410224202957182,0.0,0,0.0014560729265213012,20,-0.000314490046612052,86
2023-10-25,521.8990478515625,16526355.0,20.190000534057617,-0.04364896430314524,-0.041298544811049775,-0.000992725378481718,60.2563548348946,2.665844979331496,1.7656792715888558,-0.012704333906334964,0.022556335230527358,0.048169263494722836,0.0018924048727053666,0.01280920280451256,0.6410224202957182,-0.023896903609185283,0,0.0014560729265213012,20,-0.000314490046612052,86
2023-10-26,509.4272766113281,28188348.0,20.68000030517578,-0.002167944868859073,-0.005433884890711171,0.005474476980509069,49.4253197167531,1.4948042181446226,1.7115042609000093,0.007406993747823387,0.0,0.04214538186907313,-0.00358234236854571,0.012781056424514372,0.6410224202957182,0.003766508577622174,1,0.0014494627714157105,20,-0.00031811414762984876,86
2023-10-27,511.3460388183594,15679643.0,21.270000457763672,-0.01669523877929091,0.01212831652139612,-0.0006609096449337049,50.56183751013717,0.7133509862298979,1.5118736059659872,-0.027472515308372025,-0.03454561059799488,0.015296430028115537,-0.03267958365542745,0.013268263402228133,0.3076909901209756,-0.0018763069738234606,0,0.0014494627714157105,20,-0.00031811414762984876,86
2023-10-30,510.3865966796875,21404842.0,19.75,0.0008140618433409852,-0.01298698056408909,0.0017028794282381021,50.0,0.016435252314522586,1.2127859352356944,-0.041367004229229454,-0.03616647772467052,0.019120552740645502,-0.034284433476936105,0.01325192490945085,0.3589735015073016,-0.005638904428441727,0,0.0014494627714157105,20,-0.00031811414762984876,86
2023-10-31,507.5085754394531,25667058.0,18.139999389648438,0.0029051037984295647,0.009641515266511691,-0.005136671932754799,40.74083237412812,-0.75935438461579,0.8183578712653976,-0.022058770214789414,-0.02385334337864853,-0.0018763069738234606,-0.025562090516196623,0.013157771038254997,0.33333061453534657,-0.0018904944371453958,0,0.0014494627714157105,20,-0.00031811414762984876,86
2023-11-01,506.54913330078125,13603347.0,16.8700008392334,0.01726332679067144,0.0233403695714145,0.004818957001067936,35.52623648497065,-1.4350498618242682,0.36767632464746447,-0.02757328734618092,-0.039927321003174754,0.0,-0.029288732480689417,0.013180064363488574,0.2564101100134417,0.035984958251303434,1,0.0014494627714157105,20,-0.00031811414762984876,86
2023-11-02,524.7772827148438,29401438.0,15.65999984741211,0.030523848835026568,0.023576805798275924,-0.0008054883399617463,46.739105630281905,-0.4939896714860197,0.19534312542076765,-0.029411654636984585,-0.022222512831170493,0.015384555152840873,-0.0467789556090068,0.012902388868291901,0.23076722304148667,0.0036562199528702433,1,0.0014540284872055053,20,-0.0003166586853737055,86
2023-11-03,526.6959838867188,15426176.0,14.90999984741211,0.014478181130250567,0.02553926279612173,-0.006727043338677685,52.325565051683746,0.40199649330440934,0.236673798997496,0.030131888903991877,0.001831574816434589,0.035984958251303434,-0.0035323923355697895,0.014044123068233192,0.7179486342933953,0.0018216821194831923,1,0.0014540284872055053,20,-0.0003166586853737055,86
2023-11-06,527.6554565429688,29215201.0,14.890000343322754,0.008824652182277237,-0.002802136181839665,-0.0021642199929325923,49.38277035067063,1.1759379284017086,0.42452662487833853,0.03001870338886503,-0.012590084670407675,0.03195496769141615,0.0037477462052324384,0.01404308497047976,0.7692295144009291,0.009090691416543395,1,0.0014540284872055053,20,-0.0003166586853737055,86
2023-11-07,532.4522094726562,14777790.0,14.8100004196167,-0.0020517361388999733,0.007712893354478112,0.0003926512985428232,59.99988124311316,2.1515482559498196,0.7699309510926348,0.03383486160417126,0.011029735952006403,0.03383486160417126,0.02041874539740185,0.013850105716098862,0.7948732170122803,0.0018019883083972843,1,0.0014540284872055053,20,-0.0003166586853737055,86
2023-11-08,533.4116821289062,15314834.0,14.449999809265137,-0.004436798702766032,0.00034854526657812634,-0.0006791163810595524,57.14288311001362,2.9679353825223416,1.2095318373785762,0.04914918730507045,0.02022069529449544,0.043233135306679715,0.03542636621325834,0.013876575332824185,0.923075417281115,0.0017984037150304832,1,0.0014540284872055053,20,-0.0003166586853737055,86
2023-11-09,534.3709716796875,13165684.0,15.289999961853027,-0.004130491480995535,-0.0058542373567708195,0.0042331222103415556,50.81959861204832,3.650256823260861,1.6976768345550333,0.05303049015814709,0.022059121059401,0.022059121059401,0.04309766725005648,0.013839064970086747,0.9487191198924662,0.0,0,0.0014540284872055053,20,-0.0003166586853737055,86
2023-11-10,534.3709716796875,12994933.0,14.170000076293945,0.06352321606584188,0.040378380691029614,0.0011640889396631326,63.265385614126195,4.143240780269593,2.1867896236979454,0.018281448684692503,0.04896419216945547,0.012727083655529103,0.029606344771138104,0.013666334422614064,0.974357928667441,0.025134852304944832,1,0.0014540284872055053,20,-0.0003166586853737055,86
2023-11-13,547.8023071289062,43866014.0,14.760000228881836,-0.010468086493434225,-0.009741793762775064,0.0028615993590586086,71.42868683849377,5.553710915980332,2.860173882154423,0.01457195047574067,0.04502808492373411,0.007233099968684709,0.03531597348070736,0.013630765665809086,0.974357928667441,0.0017512715325453954,1,0.0014583557844161988,20,-0.00031544372092845826,86
2023-11-14,548.7616577148438,21568576.0,14.15999984741211,0.025824555952234984,0.03621847708142978,-0.0031317602473895922,71.87510251228407,6.6720193492076305,3.6225429755650644,0.038181829328428174,0.07330856784372108,0.04770657002369916,0.038181829328428174,0.01374557424548195,1.0,0.015734000703599538,1,0.0014583557844161988,20,-0.00031544372092845826,86
2023-11-15,557.3958740234375,50305088.0,14.180000305175781,-0.0011119925290972166,0.00719563569254178,-0.005194670295959769,91.6666003960333,8.16092190869847,4.530218762191746,0.03063082085496549,0.08128548811154457,0.03811265533164043,0.02508969196040578,0.013578474450872425,1.0,0.0034426973752936796,1,0.0,0,-0.0003145052943118783,86
2023-11-16,559.3148193359375,28291435.0,14.319999694824219,-0.002631577263837781,0.0032353766964878794,-0.002132410680105945,91.66662690441314,9.387517307488224,5.501678471251042,0.044963754447236104,0.10037869454307047,0.07592551488444044,0.07592551488444044,0.012731987342005747,1.0,-0.005145892310778,0,0.001462411880493164,20,-0.0003145052943118783,86
2023-11-17,556.4366455078125,22031704.0,13.800000190734863,0.01055400276135443,0.006592144153952928,-0.005361010585086534,88.7096707992062,10.011946932131309,6.403732163427096,0.046678897204771586,0.06581370375337103,0.06776582129217656,0.0836435095247623,0.012704047077400884,1.0,-0.005172509487577526,0,0.001462411880493164,20,-0.0003145052943118783,86
2023-11-20,553.5584716796875,22010114.0,13.40999984741211,0.003816080123956622,0.015248198081731168,-0.0032132626900811534,88.7094432321972,10.15747824797404,7.154481380336485,0.041292800315791744,0.056466467432738865,0.04316546515631425,0.08411216064631066,0.012697969493071889,0.9531241767952945,0.013864928857174386,1,0.001462411880493164,20,-0.0003145052943118783,86
2023-11-21,561.2335205078125,35921706.0,13.350000381469727,-0.015506089693632541,-0.01918645923129203,-0.008404013385645337,91.30422756236786,10.767998379177357,7.87718478010466,0.010507740613488803,0.0490907747006486,0.06066196893528253,0.09487669768021889,0.012466993530495787,0.9062483535905891,-0.013675321497512272,0,0.001462411880493164,20,-0.0003145052943118783,86
2023-11-22,553.5584716796875,21969125.0,12.850000381469727,0.00243856480979332,0.0032602749545636023,-0.0029871571577547718,75.86190632366282,10.511359277686438,8.404019679621015,0.02272728536629942,0.05405426162783966,0.07536797167608067,0.12068976549213972,0.012452117530643481,1.0,0.0017331712369654806,1,0.001462411880493164,20,-0.0003145052943118783,86
2023-11-23,554.5178833007812,14486134.0,12.850000381469727,0.0,0.0,0.004589758947224354,75.43847117151104,10.267035446831414,8.776622833063096,-0.006884518746166135,0.03776968189067986,0.06066196893528253,0.0990476235486124,0.012697921588684661,0.8787869440618153,-0.005190407586122547,0,0.001462411880493164,20,-0.0003145052943118783,86
2023-11-24,551.6397094726562,10058969.0,12.460000038146973,-0.008311988865023157,0.000793058065801544,0.003045899881200631,71.18623232944068,9.72901247686002,8.967100761822481,-0.008576450809673841,0.037702107129371276,0.08851235251750245,0.1136801335942359,0.01251113765216403,0.8923074438519109,-0.012173623447054194,0,0.001462411880493164,20,-0.0003145052943118783,86
2023-11-27,544.9242553710938,18528520.0,12.6899995803833,-0.006337687325198793,-0.0022999024005504465,0.0006958739453368779,60.65584370886897,8.660906831579837,8.905861975773952,-0.008620812582856519,0.032316010240391435,0.07879922321762622,0.10153252443954397,0.012558473562708455,0.8461527920990158,0.012323646883710904,1,0.001462411880493164,20,-0.0003145052943118783,86
2023-11-28,551.6397094726562,26343906.0,12.6899995803833,0.007921047494099831,-0.005605301675727481,-0.0035086629839250483,64.17903928472404,8.261077871652219,8.776905154949606,-0.015597659055590962,-0.005253814597635964,0.06766960362221597,0.08604245692190293,0.012757821457054792,0.7384631722465255,-0.0017390890638648848,0,0.001462411880493164,20,-0.0003145052943118783,86
2023-11-29,550.6803588867188,24868842.0,12.979999542236328,0.009185356231112385,0.009415468916628589,-0.00802538501065364,62.68657425035584,7.777148834977083,8.576953890955101,-0.01709415187189034,0.005244629826721692,0.08695643023369581,0.09942646066172633,0.012850986235789749,0.8461527920990158,0.0052264671265691565,1,0.001462411880493164,20,-0.0003145052943118783,86
2023-11-30,553.5584716796875,47192647.0,12.920000076293945,-0.01587768956572788,-0.00766780390721522,-0.006491401865898361,64.28571428571428,7.5389667203832005,8.369356456840721,-0.005199293191621712,-0.012048017306343306,0.08712131298768422,0.0769230952864226,0.012587008259272735,0.8307685606915172,0.003466342473930739,1,0.001462411880493164,20,-0.0003145052943118783,86
2023-12-01,555.477294921875,28051165.0,12.630000114440918,0.01274278589325073,0.0036755664045600156,0.00981686899414469,56.89654226817468,7.419511171626596,8.179387399797896,-0.0017301725516638555,-0.010291784621556,0.054844578667638366,0.09073717857941532,0.012509461490896706,0.8769222336792126,-0.008635701367111559,0,0.001462411880493164,20,-0.0003145052943118783,86
2023-12-04,550.6803588867188,26847171.0,13.079999923706055,-0.015626526998842705,-0.011992199036125584,-0.005896645950528856,51.612860194840245,6.858706244051177,7.915251168648553,0.0069566881849156825,-0.00172409670298046,0.05464501707942859,0.11346171362777357,0.012138047902056803,0.8947373120568247,-0.006968696726029289,0,0.001462411880493164,20,-0.0003145052943118783,86
2023-12-05,546.8428344726562,22229723.0,12.850000381469727,-0.003298695792291695,-0.005696597046732865,0.007521885066418044,40.3510005547166,6.035039965836972,7.5392089280862375,0.0105631259003236,-0.005199293191621712,0.04363624417835421,0.08712131298768422,0.012088398821414253,0.8070169172575671,0.0,0,0.001462411880493164,20,-0.0003145052943118783,86
2023-12-06,546.8428344726562,21518089.0,12.970000267028809,0.011997153780041847,-0.0072377286491625,0.002940513077498652,38.18172774729819,5.320941998964372,7.095555542261865,-0.008695666605628483,-0.02564117343193495,0.027027073498770093,0.07142867393096575,0.012134830648181324,0.7368410478721446,-0.0070174886402358805,0,0.001462411880493164,20,-0.0003145052943118783,86
2023-12-07,543.00537109375,20840397.0,13.0600004196167,0.014716256781393433,0.027900436334176826,-0.0008535741997394153,37.49997159833225,4.394703584448166,6.555385150699125,-0.006968696726029289,-0.012131757620208905,0.02517971164438082,0.07142867393096575,0.012134830648181324,0.7368410478721446,0.007067081806532816,1,0.001462411880493164,20,-0.0003145052943118783,86
2023-12-08,546.8428344726562,33507214.0,12.350000381469727,0.010675841972648259,0.007105963521382819,-0.0019720937647662584,43.85962562517649,3.9250585596038263,6.029319832480066,-0.0190641117891589,-0.020761300137883243,0.0161580622295443,0.0639099353828323,0.012207125295638112,0.6666662946216805,0.00701760025394349,1,0.001462411880493164,20,-0.0003145052943118783,86
2023-12-11,550.6803588867188,27378610.0,12.630000114440918,0.005979106431353909,0.033973025422084246,-0.0005568435956523343,39.62257809339638,3.8185003474191035,5.587155935467874,-0.015544218509296881,-0.008695666605628483,0.023339334383688515,0.04779427501118616,0.011783602786260818,0.7368410478721446,0.006968696726029178,1,0.001462411880493164,20,-0.0003145052943118783,86
2023-12-12,554.5178833007812,29403010.0,12.069999694824219,0.006438670970279725,0.0071212871669623645,-0.002594788416349525,51.020450558881535,3.997626198852913,5.269249988144882,0.0,0.0105631259003236,0.005253814597635964,0.04363624417835421,0.011717883094427176,0.8070169172575671,-0.0017301725516638555,0,0.001462411880493164,20,-0.0003145052943118783,86
2023-12-13,553.5584716796875,22977731.0,12.1899995803833,0.005118341476638255,0.015462401362851041,0.004631688947277279,48.979549441118465,4.015875711554486,5.018575132826803,0.01403520050788698,0.005217488477898824,0.010489482100312086,0.045207910207952784,0.01173397504253798,0.8771927866429897,0.01393736943880719,1,0.001462411880493164,20,-0.0003145052943118783,86
2023-12-14,561.2736206054688,39409958.0,12.479999542236328,0.01779778786620745,0.02669045339458509,-0.010043531382914583,59.29085712133055,4.5998622730035095,4.934832560862144,0.012280744637547247,0.0052264671265691565,-0.006884518746166135,0.05871559890055633,0.011483225248086518,0.8596482612291548,0.005154467090630721,1,0.001462411880493164,20,-0.0003145052943118783,86
2023-12-15,564.1666870117188,54323262.0,12.279999732971191,-0.00879630329952974,0.004766303141265027,0.0008762037854230798,70.03426442066947,5.2357674430361385,4.995019537296944,0.0336428523256076,0.01393736943880719,0.003502144412795838,0.06178199672456097,0.011551529226326816,1.0,0.0,0,0.001462411880493164,20,-0.0003145052943118783,86
2023-12-18,564.1666870117188,26122277.0,12.5600004196167,0.003803266377961023,-0.0032086375850133297,0.00524301763827939,65.16276691942625,5.674316878895979,5.130879005616752,0.03167976509332626,0.015643109393095767,0.013892042456786324,0.08899502398937598,0.01105302442830732,1.0,0.0,0,0.001462411880493164,20,-0.0003145052943118783,86
2023-12-19,564.1666870117188,28254292.0,12.529999732971191,0.009132356251051466,0.005304857052633949,0.0008677068074613992,66.71209751345529,5.953245161932728,5.295352236879947,0.02449030169200994,0.02449030169200994,0.01916367624154014,0.07702833015933375,0.010964494054044104,1.0,0.0,0,0.001462411880493164,20,-0.0003145052943118783,86
2023-12-20,564.1666870117188,38121456.0,13.670000076293945,-0.03687294496381133,-0.028577973610827256,-0.0033465989557395215,64.15527680181391,6.103935467309839,5.457068882965926,0.01740034722325401,0.03167976509332626,0.005226285310350409,0.057657164087718815,0.010652502119016602,1.0,-0.013675084036481766,0,0.001462411880493164,20,-0.0003145052943118783,86
2023-12-21,556.45166015625,24923414.0,13.649999618530273,0.025089954813304782,0.027679477319281443,0.0012791495872452874,51.12598887271332,5.536993416473138,5.473053789667368,0.01916367624154014,0.03167976509332626,0.01916367624154014,0.08098815150967265,0.01001895758300886,1.0,0.008665551375774072,1,0.001462411880493164,20,-0.0003145052943118783,86
2023-12-22,561.2736206054688,18690214.0,13.029999732971191,0.005850845163402285,0.0034624117591826042,-0.003736782960108931,62.23463198824753,5.414366222547756,5.461316276243446,-0.008591104716478726,0.024762718341838408,0.0034873119762304228,0.06620554769533693,0.010300610154901453,0.8660993680124914,-0.001718155696876833,0,0.001462411880493164,20,-0.0003145052943118783,86
2023-12-25,560.3092651367188,9548143.0,13.029999732971191,0.0,0.0,-0.0036226354270691985,66.65856266157675,5.179659965155565,5.40498501402587,-0.0051280348039938195,0.026389275351351493,0.017464136405303643,0.07544480664602604,0.010354855184488318,0.9497884547343979,0.008605673114703283,1,0.001462411880493164,20,-0.0003145052943118783,86
2023-12-26,565.131103515625,16094308.0,12.989999771118164,0.012602965384785225,0.018050521043227796,0.0012773344446850299,70.21214880771696,5.321393908078221,5.38826679283634,-0.0068373797386585,0.017485472460768703,0.028233299608122264,0.09988076976139526,0.009547227261151554,0.9330512729791972,0.010238999264291948,1,0.001462411880493164,20,-0.0003145052943118783,86
2023-12-27,570.91748046875,33401336.0,12.430000305175781,0.001914779981367909,0.0016969062273046731,-0.0056780331319218336,79.5743679154013,5.833387678331633,5.4772909699353995,0.0017094531210528618,0.01913954542217522,0.0244568942577863,0.10518330174524171,0.009594276205937722,1.0,0.0016892397533780912,1,0.001462411880493164,20,-0.0003145052943118783,86
2023-12-28,571.8818969726562,25514849.0,12.470000267028809,0.0004776862222954925,-0.001402192903186994,-0.0031445393355279405,78.25017491089186,6.2449785564391505,5.63082848723615,0.01196595547459367,0.03135894341276946,0.03674930702620949,0.11859810618626199,0.009643690784616214,1.0,0.0,0,0.001462411880493164,20,-0.0003145052943118783,86
2023-12-29,571.8818969726562,18416318.0,12.449999809265137,-0.006685690886520379,-0.007890825520220357,-0.004788328985291246,76.18823600367908,6.496282195338836,5.803919228856688,0.027729698590661878,0.018900365129834285,0.033101155939984306,0.12684184001711118,0.009554704836021069,1.0,0.0,0,0.001462411880493164,20,-0.0003145052943118783,86
2024-01-01,571.8818969726562,18416318.0,12.449999809265137,0.0,0.0,-0.0005179379186538435,73.69439780389648,6.619140804786298,5.96696354404261,0.018900365129834285,0.013675408595646532,0.029532443901399086,0.12897616317326,0.009536062411300783,1.0,0.0,0,0.001462411880493164,20,-0.0003145052943118783,86
2024-01-02,571.8818969726562,26059058.0,13.199999809265137,-0.023749964178346517,-0.036506110195532626,-0.00044000291677548375,75.67586984299123,6.639965746036751,6.101563984441438,0.02065400762757985,0.013675408595646532,0.03850062516992536,0.08976115355856296,0.007984723962830249,1.0,-0.025295118431055474,0,0.001462411880493164,20,-0.0003145052943118783,86
2024-01-03,557.4160766601562,37106763.0,14.039999961853027,-0.013395019588507306,-0.02034035886554808,0.006860424901047546,45.45453237823998,5.4266438859505115,5.966579964743254,0.011945535142262154,0.013675408595646532,0.04578840742083834,0.0857912618822172,0.007987047748236728,1.0,0.0034600920537781743,1,0.001455932855606079,20,-0.00031792077907296116,86
2024-01-04,559.3447875976562,15309129.0,14.130000114440918,-0.010382395561946534,-0.008210641808474639,0.005275459898703483,44.186070471873066,4.568050778208203,5.686874127436244,-0.023648608197297527,-0.011965630915428904,0.019335065801303175,0.05640161538775623,0.009029217371103609,0.6331236378046364,-0.0068965404359632165,0,0.001455932855606079,20,-0.00031792077907296116,86
2024-01-05,555.4872436523438,18158971.0,13.350000381469727,0.004842160174596932,0.0063036166551639905,0.0003898027981255048,40.42554624021373,3.5355820083772187,5.25661570362444,-0.021922549815559966,0.0051992430763776465,0.030090708810107225,0.05050702700930576,0.00895291678354112,0.6741086727505807,0.012152922563342106,1,0.001455932855606079,20,-0.00031792077907296116,86
2024-01-08,562.238037109375,17761275.0,13.079999923706055,0.026403049060455208,0.03279275924296665,-0.003284639253521182,48.14826535025262,3.224901031339755,4.850272769167503,-0.0286679005002608,-0.010309369157387116,0.015807849412571517,0.0413855981468787,0.009039155183536405,0.5629365793494409,0.005145625545230015,1,0.001455932855606079,20,-0.00031792077907296116,86
2024-01-09,565.131103515625,22501510.0,12.760000228881836,-0.0034233154796575738,0.0005341372475513584,-0.007463136321570363,50.87722220186603,3.1755249246853055,4.515323200271064,-0.016863376711751976,0.003442334604596642,0.020987997912294887,0.0521492874923446,0.009201054005225568,0.7429053059085976,-0.00341285575241157,0,0.001455932855606079,20,-0.00031792077907296116,86
2024-01-10,563.202392578125,13037716.0,12.6899995803833,-0.010697910298610225,-0.003889588238339736,0.011070581272880409,56.86278889683106,2.9467943398457237,4.201617428185997,-0.011804523788508825,0.0,0.01913954542217522,0.05756325374346072,0.009218212825286284,0.7662186412125644,0.0034245432244546237,1,0.001455932855606079,20,-0.00031792077907296116,86
2024-01-11,565.131103515625,23997409.0,12.4399995803833,0.004166773610033259,0.004707475237199388,0.0018254264271539977,54.16661722183326,2.8878650465685496,3.9388669518625075,0.010380604651086367,-0.01351349039845573,0.017421684233599688,0.0281124873860652,0.008443467717035535,0.6994269867875117,-0.00341285575241157,0,0.001455932855606079,20,-0.00031792077907296116,86
2024-01-12,563.202392578125,16496053.0,12.699999809265137,0.0001975648635046401,-0.003802937897811054,-0.007192046382251016,53.06120603806923,2.6549279466041753,3.682079150810841,0.01034481065394477,-0.011804523788508825,0.006872731531538889,0.029829791441601472,0.008452514898344496,0.7662186412125644,0.0034245432244546237,1,0.001455932855606079,20,-0.00031792077907296116,86
2024-01-15,565.131103515625,21143076.0,12.699999809265137,0.0,0.0,0.00587818268824547,50.0,2.5960290633374825,3.4648691333161694,0.013888975874682519,-0.015177092404004222,-0.0017092367482763882,0.010417225575737543,0.008134170080238042,0.6994269867875117,-0.010238891262527638,0,0.001455932855606079,20,-0.00031792077907296116,86
2024-01-16,559.3447875976562,27223860.0,13.84000015258789,0.004247232754646557,0.013204425657758811,0.0038422436149398997,36.95638116229764,2.0587123828395306,3.183637783220842,0.005145625545230015,-0.011804523788508825,0.0017094531210528618,0.010398945242668711,0.008133998354519431,0.7662186412125644,0.0017242987875238924,1,0.001455932855606079,20,-0.00031792077907296116,86
2024-01-17,560.3092651367188,42592335.0,14.789999961853027,0.01258973566675392,-0.00876534745952684,0.008430854010390787,36.95646790126854,1.6912150450202716,2.885153235580728,-0.010238891262527638,-0.021922549815559966,-0.008546941046099654,0.005226366942798544,0.008253920772803102,0.5658373369575556,0.012048007719299925,1,0.001455932855606079,20,-0.00031792077907296116,86
2024-01-18,567.0598754882812,27209996.0,14.130000114440918,0.09791167957571956,0.0335557119861023,0.002686100789593082,45.2829039600106,1.9225269018959352,2.6926279688437695,-0.005136923208302835,0.0051903570738351945,-0.0068373797386585,0.01219526717122954,0.008213803147457765,0.5992373914899823,0.06462574600065496,1,0.001455932855606079,20,-0.00031800810680832975,86
2024-01-19,603.70654296875,161106401.0,13.300000190734863,0.010351305721363557,0.04020660356475547,0.0012079320549103212,68.13187271749797,5.0052258833385395,3.155147551742724,0.0034129637541759905,0.013793080871926433,0.019064037528529365,0.010381338190913691,0.00814523305226933,0.8330124092975674,0.0,0,0.0014599859714508057,20,-0.0003174051295879275,86
2024-01-22,603.70654296875,65168775.0,13.1899995803833,-0.010245253965375012,0.002502530037111761,-0.0062316810741828155,68.13187271749797,7.36340627183813,3.9967992957618055,0.07191757514596575,0.08680541248681606,0.07560113428724313,0.0905921846646045,0.0126105153470663,1.0,0.003194984434535586,1,0.0014599859714508057,20,-0.0003174051295879275,86
2024-01-23,605.6353759765625,41072439.0,12.550000190734863,0.009731834496824687,0.00653345810666961,-0.0005034596135321534,82.0513860771562,9.28093705807396,5.053626848224237,0.06825927508351781,0.07375613729831643,0.07745236520663656,0.0887052720016388,0.012614723379894329,1.0,-0.00159230373092889,0,0.0014599859714508057,20,-0.0003174051295879275,86
2024-01-24,604.6710205078125,26635005.0,13.140000343322754,0.02094101807773896,0.01541705723182174,0.000860763428329081,80.51962996297163,10.60058168729779,6.1630178160389475,0.08275859435058086,0.071672346839458,0.071672346839458,0.09788212410510444,0.012562750805720979,1.0,0.023923455601281063,1,0.0014599859714508057,20,-0.0003174051295879275,86
2024-01-25,619.1368408203125,52243347.0,13.449999809265137,0.00034338109983989007,-0.002469216476835845,-0.00328079755907984,87.5001528292103,12.66765551931303,7.463945356693764,0.07917369590572321,0.07363006350143508,0.05912157394681494,0.10964233019143399,0.012370012380593933,0.9846023408340074,0.0031151609956605597,1,0.0014637649059295655,20,-0.0003169677978338197,86
2024-01-26,621.0655517578125,41153025.0,13.260000228881836,0.006005554819434655,-0.029103780815504576,0.0007350350663963834,86.74712300104618,14.296654345458137,8.830487154446638,0.09183680169080755,0.09556320112045347,0.08263059925101235,0.1223572744829784,0.012718079084314899,1.0,0.006211268632675626,1,0.0014637649059295655,20,-0.0003169677978338197,86
2024-01-29,624.9231567382812,27825490.0,13.600000381469727,-0.0023878277252644686,0.010633085566111422,-0.0013380371723147322,86.90492066613473,15.717739813438811,10.207937686245073,0.02875405110519247,0.1027395478822668,0.08600316786650786,0.1278149687658876,0.012697591362169636,1.0,-0.009259243885551993,0,0.0014637649059295655,20,-0.0003169677978338197,86
2024-01-30,619.1368408203125,36161825.0,13.3100004196167,-0.00786469080264629,-0.015559613435898734,-0.002817131452696353,82.95462881587294,16.190419866822936,11.404434122360646,0.035143918873560276,0.10580209238298122,0.09274862527806338,0.12891986792659615,0.012702815644997369,1.0,-0.021806915617977984,0,0.0014637649059295655,20,-0.0003169677978338197,86
2024-01-31,605.6353759765625,41277950.0,14.350000381469727,-0.02671025900982471,-0.013673714359344169,-0.000830523890604784,71.00003164456821,15.299207102117293,12.183388718311976,0.022293058462741655,0.10689659499547433,0.08263059925101235,0.11460332668933093,0.012841653939749734,0.9293643514355049,0.0,0,0.001457303762435913,20,-0.00032018021095630737,86
2024-02-01,605.6353759765625,44946369.0,13.880000114440918,0.003806636960404397,0.004590571743282812,0.0027568595221623138,72.44896509412638,14.426613544560269,12.632033683561636,0.0015948432057155681,0.08089480874242527,0.08650503875905335,0.09979476515367902,0.013277779973106594,0.76454709304015,0.011146630010087977,1,0.001457303762435913,20,-0.00032018021095630737,86
2024-02-02,612.3861694335938,26334815.0,13.850000381469727,0.02081310441005968,0.013141049661874682,-0.00035210710893140984,73.78643341904998,14.117076605216766,12.929042267892662,-0.021806915617977984,0.06802720868773315,0.08275859435058086,0.10751268517690726,0.013201793720347686,0.76454709304015,0.017322953933064156,1,0.001457303762435913,20,-0.00032018021095630737,86
2024-02-05,622.9945068359375,44017740.0,13.670000076293945,0.02626349915485915,0.011845357543322832,0.0029391269736438463,80.55558322819358,14.559932680787483,13.255220350471626,-0.013974985892637792,0.014377227754003297,0.10243066142642276,0.11985771931005318,0.013261851549284647,0.8469564673160271,0.0,0,0.0014608442783355714,20,-0.0003200360508852227,86
2024-02-06,622.9945068359375,44017740.0,13.0600004196167,0.0049666940817783,-0.011355729590492913,0.00046286652961713415,80.37384283151461,14.740974532806831,13.552371186938668,-0.0030862192920008136,0.03194923774113523,0.10806182740486348,0.14730818514938293,0.013354636668831457,0.9752991554545255,0.0,0,0.0014608442783355714,20,-0.0003200360508852227,86
2024-02-07,622.9945068359375,44017740.0,12.829999923706055,0.04690900518020791,0.016241488109380864,-0.004412846837899997,79.00003480891488,14.714828125895451,13.784862574730026,0.006230716315497986,0.028662676501325812,0.10238934463233385,0.1392569629932474,0.013351343300854043,0.9740223973482276,0.0,0,0.0014608442783355714,20,-0.0003200360508852227,86
2024-02-08,622.9945068359375,44017740.0,12.789999961853027,0.07001122934562054,0.01571422733149186,0.005281733404715716,66.12915409396959,14.52665270024238,13.933220599832497,0.028662676501325812,0.030303232181916995,0.10616452459320547,0.13131782672513048,0.013346239233748027,0.9729747297173632,0.0,0,0.0014608442783355714,20,-0.0003200360508852227,86
2024-02-09,622.9945068359375,44017740.0,12.930000305175781,-0.004636278745939637,0.01993967046430445,-0.0020244159448720156,66.12915409396959,14.213675911480095,13.989311662162018,0.028662676501325812,0.006230716315497986,0.10238934463233385,0.12348857556684645,0.013339358922314493,0.9729747297173632,0.0,0,0.0014608442783355714,20,-0.0003200360508852227,86
2024-02-12,622.9945068359375,44017740.0,13.930000305175781,-0.01990821074640592,-0.0015895093239881586,0.0020604504828647396,65.00009493330407,13.806486964028409,13.952746722535297,0.017322953933064156,0.00310588000359302,0.10616452459320547,0.12543577365107805,0.013327500083751385,0.9722240290848231,0.0,0,0.0014608442783355714,20,-0.0003200360508852227,86
2024-02-13,622.9945068359375,44017740.0,15.850000381469727,-0.022305720736569223,-0.02014452998095506,-0.002531229780123878,66.10175127703988,13.33012540162008,13.828222458352254,0.0,-0.0030862192920008136,0.10238934463233385,0.10996577064122115,0.013219112921654662,0.9722240290848231,0.0,0,0.0014608442783355714,20,-0.0003200360508852227,86
2024-02-14,622.9945068359375,44017740.0,14.380000114440918,0.013484898516621158,0.021760532620363593,0.005762511191539366,54.54557223118813,12.804997392307314,13.623577445143267,0.0,0.006230716315497986,0.11379335366948173,0.10427382753813119,0.013218466462230705,0.9722240290848231,0.07894717247981853,1,0.0014608442783355714,20,-0.0003200360508852227,86
2024-02-15,672.1781616210938,112945296.0,14.010000228881836,-0.0018565312958349622,-0.001601183320570354,-0.003927712441166409,78.49462146066796,16.171128850581226,14.13308772623086,0.0,0.028662676501325812,0.11187614697737192,0.10427382753813119,0.013218466462230705,0.9722240290848231,-0.02008604947240833,0,0.0014641642570495605,20,-0.00032012337862059127,86
2024-02-16,658.6767578125,44232811.0,14.239999771118164,-0.0181353813172217,-0.006673816112691688,-0.0026288406984117385,66.99030080708837,17.547089901813024,14.815888161347294,0.07894717247981853,0.10987268624662772,0.18537422709074192,0.19145312386573332,0.017711503937085635,1.0,-0.007320585335478191,0,0.0014581888914108275,20,-0.0003229102423024732,86
2024-02-19,653.8548583984375,34408673.0,14.239999771118164,0.0,0.0,0.002255126060222823,67.64708802261528,18.04050228325957,15.46081098572975,0.05727538619527395,0.0755905190048971,0.09105452886667731,0.16752153747571086,0.01809816334728144,0.8842977324746949,0.013274266066684248,1,0.0014581888914108275,20,-0.0003229102423024732,86
2024-02-20,662.5343017578125,30166461.0,15.420000076293945,-0.010734773736078562,-0.015639368472295412,0.0021989185165642855,80.41242292760904,18.91386641382155,16.15142207134811,0.04953551150753066,0.04953551150753066,0.08306737108244877,0.17504341386067024,0.017974225705579418,0.8429757555976785,-0.00873370169329013,0,0.0014581888914108275,20,-0.0003229102423024732,86
2024-02-21,656.7479248046875,30564485.0,15.34000015258789,7.974807388944072e-05,-0.0023582140896855064,-0.0007738215560203487,75.72816190196465,18.92099209918274,16.70533607691504,0.06346732513371522,0.06346732513371522,0.09394914504375307,0.18041232909380223,0.01801741521786805,0.9173555231962106,0.016152643855229742,1,0.0014581888914108275,20,-0.0003229102423024732,86
2024-02-22,667.3561401367188,33145643.0,14.539999961853027,0.02975921892018052,0.049705885421328144,0.0015456807377836057,76.63549135423332,19.55719045922399,17.27570695337683,0.054179318755436245,0.054179318755436245,0.0861243594130574,0.17211683916102505,0.01810507548047423,0.8677683140641803,0.007225559479211663,1,0.0014613151550292968,20,-0.00032323183015335437,86
2024-02-23,672.1781616210938,46448923.0,13.75,0.0035638191024578436,-0.011214095029341675,0.0008814408362198822,75.24750117648827,20.21742518497024,17.864050599695513,-0.007173725300366418,0.07120710185084134,0.07788148941762074,0.1808872949748508,0.01818973017295841,0.9586769770234703,0.001434763220483637,1,0.0014613151550292968,20,-0.00032311539317286293,86
2024-02-26,673.142578125,28798079.0,13.739999771118164,0.008569320204215858,0.010496233381483977,0.004705245996972307,75.49018026224024,20.58123860647936,18.407488201052285,0.020497768667946614,0.07894717247981853,0.08229825292775672,0.17736482874758708,0.018170951132140626,1.0,0.0,0,0.0014613151550292968,20,-0.00032311539317286293,86
2024-02-27,673.142578125,33006829.0,13.430000305175781,-0.015691987515512706,-0.0018398483810810884,-0.0016865689324997435,75.49018026224024,20.631733582231846,18.8523372772882,0.029498472755568717,0.08049520619973749,0.07716056104944924,0.1770657222905334,0.0181718003554752,1.0,0.0,0,0.0014613151550292968,20,-0.00032311539317286293,86
2024-02-28,673.142578125,33006829.0,13.84000015258789,-0.009409654832146286,-0.011233356218232737,0.0008653250591499351,75.49018026224024,20.43617570189849,19.16910496221026,0.01601166360600792,0.08049520619973749,0.0872274653098235,0.1770657222905334,0.0181718003554752,1.0,-0.011461388978351916,0,0.0014613151550292968,20,-0.00032311539317286293,86
2024-02-29,665.4274291992188,54368302.0,13.399999618530273,0.010127186808456923,0.027010781206487255,0.002277027285789046,69.99994821803888,19.434616471638833,19.222207264095974,0.024963388084078275,0.08049520619973749,0.11146509075627375,0.1770657222905334,0.0181718003554752,1.0,-0.0014493188311561767,0,0.0014613151550292968,20,-0.00032311539317286293,86
2024-03-01,664.4630126953125,23390635.0,13.109999656677246,0.040646549758953876,0.04287361740827045,-0.0010426928511686473,69.36929899684012,18.351508447942706,19.048067500865322,-0.0028900774586487765,-0.010043070137230048,0.09872615701525689,0.16357491419427683,0.018319489191962586,0.9344258468146696,0.05224973687744572,1,0.0014613151550292968,20,-0.00032311539317286293,86
2024-03-04,699.1810302734375,88861397.0,13.489999771118164,0.03256156600341398,0.010627707814552245,-0.0017586998206308158,76.87070700286479,20.063314008852444,19.251116802462747,-0.011477833357713685,0.008784665337257413,0.08503922175428213,0.19204135028997427,0.017757554983021024,0.9262288831306269,0.006896670927254878,1,0.0014639616012573243,20,-0.00032371005346608714,86
2024-03-05,704.0030517578125,64403889.0,14.460000038146973,-0.02379578135291105,-0.020501956518010456,-0.001584294895698446,77.6315515542857,21.560493139271898,19.712992069824576,0.03868192712005558,0.06932145764890807,0.12229084301952486,0.2500000818392667,0.019233129200726305,1.0,0.006849259249690487,1,0.0014639616012573243,20,-0.00032371005346608714,86
2024-03-06,708.824951171875,43687122.0,14.5,0.04889986718376216,0.02420168238760234,0.000990196821442746,67.92452379573444,22.872446050673716,20.344882865994403,0.04584537456948956,0.06259109889099568,0.13003091364850228,0.2673613297201449,0.019133766538052252,1.0,0.03401341623994658,1,0.0014639616012573243,20,-0.00032371005346608714,86
2024-03-07,732.9345092773438,71817344.0,14.4399995803833,0.053895436613960124,0.03359388715699785,-0.002425451004595569,82.90591632980158,25.562944322428507,21.388495157281223,0.05300864067500566,0.0792953040280635,0.13777078833624534,0.26072037889173205,0.019108504959212423,1.0,0.03157914722853561,1,0.0014639616012573243,20,-0.00032371213269788163,86
2024-03-08,756.0799560546875,87139744.0,14.739999771118164,-0.0189677697915136,-0.04027431987160224,-0.0009280926429229286,88.970512956541,29.22592938570051,22.955982002965083,0.101449199590951,0.0982659260873664,0.17647025974557806,0.29692827862035953,0.019600777531621667,1.0,-0.022959304350297027,0,0.0014639467000961304,20,-0.00032372599424317826,86
2024-03-11,738.7208862304688,64759810.0,15.220000267028809,-0.050214970472116316,-0.013631018877862555,0.0005789736572445747,77.24128719911064,30.377961350882515,24.44037787254857,0.13788117864942118,0.1248207681000042,0.21362218728807725,0.34246580983728214,0.019915044294492174,1.0,0.005221923485873914,1,0.0014582425355911255,20,-0.0003263479055360306,86
2024-03-12,742.5784301757812,58110339.0,13.84000015258789,0.03869924015433357,0.02092134600349671,-0.0028868258741585606,81.11880560181741,31.242087206980045,25.800719739434868,0.05655167151998941,0.09742112627629851,0.18575826612385726,0.3071672778846515,0.020446843262517618,0.9117642770209123,0.011688333571009624,1,0.0014582425355911255,20,-0.0003263479055360306,86
2024-03-13,751.2579345703125,36754557.0,13.75,-0.01565093397291839,-0.02474898920844315,0.0011670135758301559,80.85099697874348,32.255455824204546,27.091666956388806,0.054794334089391494,0.10315177542949483,0.19195020506229854,0.3184930319215111,0.02038707272978858,0.9313720775761802,0.00641859641340492,1,0.0014582425355911255,20,-0.0003263479055360306,86
2024-03-14,756.0799560546875,42010806.0,14.399999618530273,-0.017728901867649083,-0.01751923711416714,0.0002484507667166458,80.85099697874348,33.066484735892345,28.286630512289516,0.05986383990614974,0.11604578136016652,0.20588211665910006,0.32935159628767696,0.020393560180404374,0.9754897839456286,-0.03954094791781537,0,0.0014582425355911255,20,-0.0003263479055360306,86
2024-03-15,726.183837890625,73316437.0,14.40999984741211,-0.018908708407510133,-0.005422625387685787,0.0038016886083072077,66.08180619697708,30.94020468796316,28.817345347424247,0.03157914722853561,0.1362320260295864,0.1248207681000042,0.35172432606727955,0.020211317027384372,1.0,0.019345936003609454,1,0.00145266056060791,20,-0.0003288409044576246,86
2024-03-18,740.2325439453125,43589856.0,14.329999923706055,0.0015688466370893384,-2.309163066938069e-05,0.0024646821955720544,68.74445784414571,30.042415336392878,29.062359345217974,-0.03954094791781537,0.092888278227782,0.10248893600302456,0.29604110278888895,0.02145823167306775,0.8418362849360894,-0.002617668084601177,0,0.0014526546001434326,20,-0.00032884298368941907,86
2024-03-19,738.2948608398438,30152375.0,13.819999694824219,-0.012953777417972878,-0.009414418644510536,0.0011802450064548609,68.00810035970483,28.842082401975404,29.01830395656946,0.002046317821819521,0.05871371203509401,0.1321052897862529,0.30538691934060136,0.02153439052267825,0.8959962122759751,-0.005249489861422041,0,0.0014526546001434326,20,-0.00032884298368941907,86
2024-03-20,734.419189453125,41280325.0,13.039999961853027,0.013939319750139623,0.015992606587244884,0.002825426998389391,69.4828490202912,27.263795548981648,28.6674022750519,-0.005768507624068109,0.04870974493137292,0.11434964028432337,0.22293665596077616,0.019519481327706218,0.8832795377182168,0.03430096127859317,1,0.0014526546001434326,20,-0.00032884298368941907,86
2024-03-21,759.6104736328125,46026103.0,12.920000076293945,0.01974406515996252,0.022910521952810736,0.0010021719335595591,73.63506361425003,27.72610862665124,28.47914354537177,-0.02241406625118514,0.03610798158125772,0.11826647898664677,0.2165168623841487,0.019568926495110415,0.8569386507914752,0.0012753247007863955,1,0.0014526546001434326,20,-0.00032884575599847836,86
2024-03-22,760.5792236328125,30660820.0,13.0600004196167,0.007816445458875165,0.002119260386300059,0.003803263646266597,68.32395957882588,27.849631879792355,28.353241212255888,0.0046695029405985355,0.03639610908997937,0.13823853254304952,0.25423729155182095,0.020086153678035498,1.0,-0.006369464575611161,0,0.0014526546001434326,20,-0.00032884575599847836,86
2024-03-25,755.7347412109375,19877101.0,13.1899995803833,-0.0022058068749263304,-0.003416594078301527,0.0016309646746559547,65.43697404914496,27.242580196835547,28.131109009171823,0.047364570715450194,0.005950782773825436,0.13151433215045505,0.25783971422024776,0.020065969586484954,1.0,0.002564134040835775,1,0.0014526546001434326,20,-0.00032884575599847836,86
2024-03-26,757.6725463867188,40990702.0,13.239999771118164,-0.009912385857882677,-0.008097808574601184,-0.006294041552667218,64.83163720856794,26.611095898605868,27.827106387058635,0.020942334125166884,0.023031506618537367,0.12269638820945361,0.2206263484654578,0.019937851123028916,0.968733947845269,-0.0038362432752763187,0,0.0014526546001434326,20,-0.00032884575599847836,86
2024-03-27,754.7659301757812,18794479.0,12.779999732971191,-0.015485413759677713,0.009907564420604587,0.004767770651749492,57.60832017370707,25.58121607093119,27.377928323833146,0.02624653993234083,0.02032662894256765,0.12557513223598504,0.21995583919002604,0.01993926784077459,0.9812404474907429,-0.012836964973150344,0,0.0014526546001434326,20,-0.00032884575599847836,86
2024-03-28,745.0770263671875,27190918.0,13.010000228881836,-0.004681864467495189,0.001073432466728308,0.0029512331100887135,45.76856487236592,23.709902328666544,26.644323124799826,0.027704533071646997,0.004669495580735816,0.12125715220412658,0.20777398314890472,0.019983804494277096,0.9624812888993933,0.009102718675367605,1,0.0014526546001434326,20,-0.00032884575599847836,86
2024-03-29,751.8592529296875,9802000.0,13.010000228881836,0.0,0.0,0.0012101572572218444,55.50010961432621,22.514607329557066,25.818379965751276,-0.019132763133345554,-0.014552600686459916,0.1196968950676105,0.20341252085728434,0.02005224812666722,0.899949578507839,-0.007731971734783127,0,0.0014526546001434326,20,-0.00032884575599847836,86
2024-04-01,746.0458984375,21041261.0,13.649999618530273,0.03998523069611215,0.011597900430724284,-0.0026266618358599114,51.428197928005616,20.85780254364647,24.826264481330316,-0.011464907838890426,0.03535663243847842,0.13152912737740352,0.24143879758897002,0.019621636675375833,0.9437217363901363,0.02597401534915189,1,0.0014526546001434326,20,-0.00032884575599847836,86
2024-04-02,765.4237060546875,37974481.0,14.609999656677246,-0.008975988491817133,-0.015146844031925233,0.0025364619011380984,55.36210843245451,20.86784837550192,24.03458126016464,-0.012820427916166444,0.00785341652395255,0.06702823179532547,0.2318400278955488,0.019709097899244583,0.9019297815687429,-0.012658302541596167,0,0.0014526575803756713,20,-0.00032884575599847836,86
2024-04-03,755.7347412109375,30890544.0,14.329999923706055,0.012694209587839289,0.0033886355863388395,0.0007497134359799595,49.87397088852307,19.86499992716358,23.20066499356443,0.010230223735746335,0.0367452716438843,0.08724486938446474,0.2499036461954076,0.01995022498639129,1.0,0.0,0,0.0014526575803756713,20,-0.00032884575599847836,86
2024-04-04,755.7347412109375,30890544.0,16.350000381469727,-0.016478637426514786,-0.030066315036453517,-0.0021942336743966395,63.800803599322286,18.852910687842495,22.331114132420044,0.0012835913710766977,0.029023685742314065,0.06617965403377557,0.2130680654780741,0.02005354448949197,0.9319734654347863,0.0,0,0.0014526575803756713,20,-0.00032884575599847836,86
2024-04-05,755.7347412109375,30890544.0,16.030000686645508,0.012172321189836577,0.01325885887390399,0.0024805489664398994,58.333300523513486,17.845115293071444,21.433914364550326,0.014304178583675276,-0.005102263010328789,0.031108143558520984,0.2130680654780741,0.02005354448949197,0.9319734654347863,0.0038463222052602664,1,0.0014526575803756713,20,-0.00032884575599847836,86
2024-04-08,758.6415405273438,32202226.0,15.1899995803833,0.010115931195445516,0.0012990423704033471,0.001971982305842168,60.82469808002536,17.084050296276587,20.563941550895578,0.005154539584568241,-0.006369464575611161,-0.0004565851018606404,0.2130680654780741,0.02005354448949197,0.9319734654347863,0.0459770050210051,1,0.0014526575803756713,20,-0.00032884575599847836,86
2024-04-09,793.5216064453125,56857731.0,14.979999542236328,0.018278674254752936,0.009412694225359619,-0.001195805343893186,73.64341425967922,19.075539670634043,20.266261174843272,0.0168831999696315,0.0038463222052602664,0.026966415419124923,0.2177339161148144,0.020039860399082173,0.9523821971579903,-0.004883987133970202,0,0.00145266056060791,20,-0.0003288415975348894,86
2024-04-10,789.6460571289062,27480849.0,15.800000190734863,0.0056397552597657885,-0.016518804874261384,-0.0033236826467953895,64.48596480176339,20.1092776717918,20.234864474232978,0.03670894978606465,0.04731471429122669,0.06860309187471558,0.2737216744902735,0.02099886870339798,1.0,0.006134927595703665,1,0.00145266056060791,20,-0.0003288415975348894,86
2024-04-11,794.490478515625,25200651.0,14.90999984741211,0.006701985228251273,0.02421952825285456,0.006782125595073074,65.7657841718453,21.07647037395509,20.403185654177403,0.04487198228260825,0.04621317094294586,0.05109845872117158,0.2675008342198042,0.021046305379497626,0.977273117731528,-0.002438977172193879,0,0.00145266056060791,20,-0.0003288415975348894,86
2024-04-12,792.552734375,31508936.0,17.309999465942383,-0.03179334131283862,-0.032879768270004495,0.001289503566611172,67.59265200131122,21.439476857321438,20.61044389480621,0.051282196240691524,0.06631992451755675,0.05080219645203665,0.27527686006523666,0.02102584047270034,1.0,-0.014669872987552623,0,0.00145266056060791,20,-0.0003288415975348894,86
2024-04-15,780.9260864257812,38913470.0,19.229999542236328,-0.016699541568497178,-0.013898633259044058,0.0009155415847534876,60.169563007696055,20.5520772360062,20.59877056304621,0.04871814296252652,0.05412380214348178,0.09139406996052046,0.27216648891531037,0.02104622382053285,0.9862215266728989,-0.022332618688076344,0,0.00145266056060791,20,-0.0003288415975348894,86
2024-04-16,763.4859619140625,49508969.0,18.399999618530273,-0.0024259251186751207,0.008854199875046875,0.004179325060941874,53.38346078336179,18.231374412263108,20.12529133288959,0.02937427587071917,0.04675340761383917,0.05497399812169723,0.16178437654448619,0.01784102088768215,0.9035493847252855,0.020304575426530524,1,0.0014475077390670777,20,-0.000331091326336528,86
2024-04-17,778.9882202148438,34472074.0,18.209999084472656,-0.005507907799519263,-0.03245816328588813,0.0033683409634026606,62.589920558560024,17.44204238446673,19.588641543205018,-0.03785107335110727,-0.002531596716037088,0.03412065071882364,0.1591208477579189,0.017917372059782482,0.7795400868163602,0.0,0,0.0014477699995040893,20,-0.0003310525140096975,86
2024-04-18,778.9882202148438,43598591.0,18.0,-0.04862284397579586,-0.01655243385852523,-0.004920221304314132,60.60605771373731,16.624850141783327,18.99588326292068,-0.01349697984032694,0.030769366202017423,0.06068609235946898,0.19137788793511445,0.018010619574058993,0.8874548359738281,-0.06716421126381278,0,0.0014477699995040893,20,-0.0003310525140096975,86
2024-04-19,726.6680908203125,130968654.0,18.709999084472656,-0.034550452023030975,-0.04115133108715252,0.002408928500440055,44.44445222158216,11.621457291777801,17.520998068692105,-0.019512201492640546,0.030769366202017423,0.02551010979266488,0.17577039882774348,0.017966336519938494,0.8874548359738281,-0.010666628589763083,0,0.0014425754547119141,20,-0.0003329522387925969,86
2024-04-22,718.9169921875,46540798.0,16.940000534057617,0.016053221420110342,0.017425602037079546,0.0027178153354217027,35.71431249779707,6.950660640389174,15.406930583031519,-0.08312966531702592,-0.03846144527384121,-0.044585931036253745,0.10646423593408194,0.02098632223787827,0.478399526842755,0.01617236348620099,1,0.0014425754547119141,20,-0.0003329522387925969,86
2024-04-23,730.5435791015625,30423647.0,15.6899995803833,0.028362331758010395,0.022109003482438272,0.002430425847365969,42.352940304569124,4.139471785404339,13.153438823506084,-0.07940456250103067,-0.05236273815461068,-0.04871781991184265,0.07726137357516216,0.02097276611008099,0.4187882856029704,0.0384617184101963,1,0.0014426767826080321,20,-0.00033308738885923873,86
2024-04-24,758.6415405273438,39457128.0,15.970000267028809,-0.0034475119909249674,0.010583279604368778,-0.0024398701951591217,50.75380129528783,4.131232747397007,11.34899760828427,-0.043147332702638486,-0.07936523319871347,-0.03580566224094062,0.08683027925172215,0.021072450470016716,0.5082046780606185,-0.021711428291681267,0,0.001442939043045044,20,-0.0003330492696096731,86
2024-04-25,742.1703491210938,28534926.0,15.369999885559082,0.02714917628210789,0.019627908602453337,0.003808770229507319,46.75928072740359,2.7637568903696774,9.631949464701352,-0.026119367609805932,-0.03926381487206132,0.005134850682329883,0.12701464025718923,0.02180149517638224,0.7242971878124457,0.020887653736077372,1,0.0014378666877746583,20,-0.00033477364584457044,86
2024-04-26,757.6725463867188,32571247.0,15.029999732971191,0.01259315702034236,0.026056111969166684,-0.0029515783315217092,49.78163608434822,2.8975193837984534,8.285063448520772,-0.047263707124602816,-0.06585368964053895,-0.0039011768491453713,0.10254554271157024,0.022131300373022092,0.597622478724353,0.016624204196216352,1,0.001438063383102417,20,-0.0003348082997078119,86
2024-04-29,770.2682495117188,26765837.0,14.670000076293945,0.0014459936055528644,0.0064409993365557305,0.0008607137638918516,44.17476603990877,3.9740843286922427,7.422867624555066,0.042666598352222085,-0.04400992700604012,0.007731890555817689,0.12557513223598504,0.022306215492416532,0.7168449612039223,-0.006289423795024951,0,0.0014382123947143555,20,-0.0003348699835843818,86
2024-04-30,765.4237060546875,39051972.0,15.649999618530273,-0.008375377036164977,-0.01940711479459012,-0.003839184473235724,43.961338837517516,4.385798874943362,6.815453874632726,0.07142863207053796,-0.013647689710100885,0.032467641903734634,0.15755410088620247,0.022281114841447205,0.8137145190741515,0.0,0,0.0014382123947143555,20,-0.0003348699835843818,86
2024-05-01,765.4237060546875,39051972.0,15.390000343322754,-0.01747481020331465,-0.035439547178233055,0.005543625559814025,42.57425433806501,4.658386637676358,6.384040427241453,0.04774544318905827,0.002538021964106685,0.0,0.15194328567641469,0.022321051347465027,0.6950273766450001,-0.022784769146097283,0,0.0014382123947143555,20,-0.0003348699835843818,86
2024-05-02,747.9837036132812,40527228.0,14.680000305175781,0.009559803299400427,0.021667447127184936,-0.004225153435658102,39.449541019296355,3.4276402554584138,5.792760392884845,0.008939881571248254,-0.017412990091705383,0.012820589441508323,0.09474323946595575,0.020958952224480402,0.678775565817182,0.010362575494911708,1,0.0014335036277770997,20,-0.0003362526727277179,86
2024-05-03,755.7347412109375,29901556.0,13.489999771118164,0.03912477670645931,0.02406762600011847,-0.004002988704028487,43.92519512938222,3.042635231534291,5.242735360614734,0.007832911270400311,-0.039801008278419814,-0.010256293875330558,0.062472246030261136,0.02130033828498342,0.45711213898531144,0.007692402122507547,1,0.0014335036277770997,20,-0.0003362526727277179,86
2024-05-06,761.5481567382812,32599878.0,13.489999771118164,0.008971552811484429,0.022106881868960926,-0.0021362587285993495,49.50494493722816,3.170067460196151,4.828201780531018,-0.0025575760729651398,0.039999899208196465,0.0,0.06617965403377557,0.021328068351368978,0.4871781204268145,0.01781176152832309,1,0.0014335036277770997,20,-0.0003362526727277179,86
2024-05-07,775.1126708984375,33890214.0,13.229999542236328,-0.012042105530978953,-0.007379043669943797,-0.00043067197592394635,49.00000472461034,4.315850906138053,4.725731605652425,-0.011320851896680528,0.05929914720900453,0.0038313433362968663,0.03903984203056554,0.02073541360962992,0.5641021292267137,0.0024998728290981376,1,0.0014337211847305297,20,-0.0003363025742907857,86
2024-05-08,777.0503540039062,21757193.0,13.0,0.017645660815639008,0.0011494541419432291,0.0031243083104899316,49.504929190061034,5.318934014293632,4.844372087380666,0.012658302541596056,0.06100812199552408,-0.023199035032379633,0.025172886400883998,0.02034740642293403,0.7435898678399866,-0.007481152787488177,0,0.0014337211847305297,20,-0.0003363025742907857,86
2024-05-09,771.2371215820312,21923999.0,12.6899995803833,-0.005640637987342378,-0.0063898613533920345,-0.0009516764309563941,64.93508459108344,5.580477065214268,4.991593082947387,0.0151898195172806,0.024265496276101972,-0.015951074549522937,0.05188626514815953,0.01999869460970223,0.769229588853461,0.007537542293024391,1,0.0014337211847305297,20,-0.0003363025742907857,86
2024-05-10,777.0503540039062,25101318.0,12.550000190734863,0.0453110943125663,0.010139096096443811,0.0001793319460277054,69.73682629109538,6.1855281722080235,5.230380100799514,0.031088134482636143,0.039164556352001334,-0.029268263827451846,0.03859348755856806,0.020035539115817725,0.6923080029332997,0.02119714939519013,1,0.0014337211847305297,20,-0.0003363025742907857,86
2024-05-13,793.5216064453125,34812619.0,13.600000381469727,-0.019094086118268017,0.003132272316665796,0.0026346452966479195,70.70066301055905,7.903026776463889,5.764909435932389,0.028205151398510653,0.02557543850519428,-0.019560061682606933,0.034332308847221604,0.019992224806277294,0.769229588853461,0.007325942242546679,1,0.0014339029788970948,20,-0.00033632475276326024,86
2024-05-14,799.3348999023438,28691846.0,13.420000076293945,0.03783920206038904,0.016761108469917296,-0.0016192227613095467,65.67162916118986,9.622320867237136,6.536391722193339,0.04198480348764,0.030188647848764738,0.016128952840056332,0.04952075516721788,0.020218678413212923,0.9871797356799731,0.016969674571518434,1,0.0014339029788970948,20,-0.00033632475276326024,86
2024-05-15,812.8993530273438,39467772.0,12.449999809265137,0.0238892116047833,0.02878301633266278,-0.0017854125279843647,77.86261524227567,11.941754710524037,7.617464319859479,0.03124994586378027,0.04430381967452868,0.04695428570606297,0.10073353081528724,0.019172957576571458,1.0,0.0023839694777423315,1,0.0014341115951538087,20,-0.0003363635650900907,86
2024-05-16,814.8372802734375,43927195.0,12.420000076293945,-0.02153226673604236,-0.00545879126515969,-0.008739389928487662,75.21373825913493,13.777479072211804,8.849467270329944,0.04613471808965586,0.06202531564819891,0.04353227934967663,0.09816754164134633,0.01912538604437898,1.0,-0.007134449623356631,0,0.0014341115951538087,20,-0.0003363635650900907,86
2024-05-17,809.0238647460938,26207289.0,11.989999771118164,-0.0036130982373978604,-0.00687986927109796,0.0028877622974334827,68.18180776944337,14.59496809901998,9.998567436067951,0.05653275428699489,0.08937838663757924,0.04602002845268527,0.10367459330073525,0.01910886952354582,1.0,0.0,0,0.0014341115951538087,20,-0.0003363635650900907,86
2024-05-20,809.0238647460938,28808661.0,12.149999618530273,0.012328811684720664,0.02153916253683774,0.0012515050063168776,71.42862285299805,15.069126532000496,11.01267925525446,0.04114728289799707,0.07051299964028312,0.11333341172695843,0.10158323252490464,0.01912979090826913,0.9393932645183951,0.007185715750385402,1,0.0014341115951538087,20,-0.0003363635650900907,86
2024-05-21,814.8372802734375,19705349.0,11.859999656677246,0.0007815114049047889,-0.0031334181355903157,0.0012995161060771476,72.97304046200784,15.732638491280454,11.956671102459659,0.019536025452697725,0.06234104512989891,0.12533696315122445,0.06505096076014238,0.018458844933298454,0.9393932645183951,0.027348161770819335,1,0.0014341115951538087,20,-0.0003363635650900907,86
2024-05-22,837.12158203125,36628342.0,12.289999961853027,0.016138589205950682,0.010328345668182859,0.0009004381018689056,89.65519488524326,17.850859813376246,13.135508844642978,0.019394099235486628,0.05125010965045251,0.11538490458781547,0.07133781065103006,0.018478286370485195,1.0,0.0127314551526021,1,0.0014343172311782836,20,-0.00033640099126239155,86
2024-05-23,847.7793579101562,37266618.0,12.770000457763672,0.006019788965318629,-0.00016190927994463866,-0.00033810014699131585,89.91599441197941,20.157199269023636,14.53984692951911,0.02979732843149585,0.07730673786816356,0.10344812050412311,0.10769233751237084,0.01884309151599955,1.0,-0.009142825383151032,0,0.0014343172311782836,20,-0.00033640099126239155,86
2024-05-24,840.0282592773438,34136382.0,11.930000305175781,0.018524453279445963,0.018521325047697212,-9.6243747411906e-05,83.47110664997908,21.11612744995864,15.855103033607017,0.04042779881851288,0.09924604792247904,0.14229753171105353,0.11892579710476481,0.018907648936967093,1.0,0.002306833317069934,1,0.0014343172311782836,20,-0.00033640099126239155,86
2024-05-27,841.966064453125,26726954.0,11.930000305175781,0.0,0.0,-0.0009869189434805747,81.65140530868707,21.781367577819424,17.040355942449498,0.038323213791697563,0.08104739280914197,0.10869565392513292,0.11296525941718816,0.018971076515222375,0.9398497878775965,-0.0046030481692629355,0,0.0014343172311782836,20,-0.00033640099126239155,86
2024-05-28,838.0904541015625,25329216.0,12.920000076293945,-0.0036874756230703687,0.01856956183263625,-0.0036968990725814166,78.37838604759125,21.74518089692674,17.981320933344946,0.040718452375159364,0.06104995454985285,0.09308161797770609,0.13003895524513043,0.018811257730756568,0.9548875777312447,-0.009248449925331026,0,0.0014343172311782836,20,-0.00033640099126239155,86
2024-05-29,830.3394165039062,33436835.0,14.279999732971191,-0.03180484056555477,-0.018531910482400216,0.003236723675793307,76.99114057562844,20.850704789896668,18.555197704655292,0.028537199255686874,0.04848475176544098,0.09493663113914996,0.11469061640974343,0.01882327102943936,0.9248119980239485,-0.02217030065756509,0,0.0014343172311782836,20,-0.00033640099126239155,86
2024-05-30,811.9305419921875,38065102.0,14.470000267028809,-0.008941428880971602,-0.008824915917208465,0.006315619238836723,64.2857607105021,18.44377534567741,18.532913232859716,-0.008101768814617105,0.021454148550633434,0.08481016453464885,0.11298704039918794,0.01884533473261814,0.8646622595476395,-0.020286378599183474,0,0.0014298051595687867,20,-0.00033753001412679983,86
2024-05-31,795.4594116210938,77438401.0,12.920000076293945,-0.012552209990381091,-0.009645736847649133,-0.000636234547158887,50.793661110280624,15.033882613672745,17.833107109022322,-0.04228554939853568,-0.00356726226403703,0.08549228822766941,0.06075959703053302,0.0188610177441329,0.7218053873454079,0.03045061589571607,1,0.0014256060123443604,20,-0.00033840744994407477,86
2024-06-03,819.681640625,28345488.0,13.109999656677246,0.025887007795337258,0.0056896066490790265,0.003356387546574968,57.241396089014856,14.123245520662522,17.091134791350363,-0.05305636704959371,-0.016766443755348415,0.05256430364244502,0.05256430364244502,0.01903737607857325,0.5939858313507297,-0.008274294874391463,0,0.0014258056879043579,20,-0.0003384317076483438,86
2024-06-04,812.8993530273438,28223635.0,13.15999984741211,-0.01600497201020279,-0.007033416284918825,-0.0046419102039185756,50.0,12.707797556574633,16.214467344395217,-0.026467128271493,0.01317362360163643,0.07633592619500917,0.08461553495820295,0.0195555856021395,0.7819555994678112,0.017878382042239904,1,0.0014258056879043579,20,-0.0003384317076483438,86
2024-06-05,827.4326782226562,31975446.0,12.630000114440918,0.06853792311615181,0.04518329192800885,0.0004487073545036413,54.304579400146096,12.613363725002728,15.494246620516721,-0.03005773535652989,-0.0023782996838871417,0.048749921846984456,0.0756411061966129,0.019619079511714238,0.7293235718030902,0.04683861220358376,1,0.0014260172843933105,20,-0.0003384795299796171,86
2024-06-06,866.1884765625,62925136.0,12.579999923706055,-0.005217195670796704,-0.008557322031926606,-0.0023756310030170757,65.94597079419562,15.487265704869856,15.492850437387348,-0.003500662769315044,-0.011574070023477212,0.06483791424731367,0.09067673469013404,0.019771448475004966,0.8421053379441202,-0.01677861996421548,0,0.0014262199401855469,20,-0.00033850794614747514,86
2024-06-07,851.655029296875,41075399.0,12.220000267028809,0.01431486636449053,-0.002723653809260984,-0.0013363032114330764,60.999993385537195,16.403041939076388,15.674888737725157,0.06682583270877207,0.021714516260131322,0.12311564410397668,0.09157516257523035,0.01981830511267474,1.0,0.0,0,0.0014221131801605224,20,-0.00033925023189810817,86
2024-06-10,851.655029296875,41075399.0,12.739999771118164,0.022933083864657977,0.014215292787360001,0.00608832729111719,59.79379233891,16.933601188792863,15.9266312279387,0.07064548719243668,0.013840927243963685,0.09601009112029013,0.07852755244980103,0.020007284908396615,0.90131526597085,0.004550680989651612,1,0.0014221131801605224,20,-0.00033925023189810817,86
2024-06-11,855.5306396484375,48228488.0,12.850000381469727,-0.014569302996772282,0.000555717686673729,-0.002190993617724568,55.428605985732204,17.46547149865205,16.23439928208137,0.039007081636591945,0.011507547931926654,0.0732600377600039,0.07195120939404154,0.019998740710867265,0.90131526597085,0.029445001624454292,1,0.0014221131801605224,20,-0.00033925023189810817,86
2024-06-12,880.7217407226562,48106925.0,12.039999961853027,0.04387165723234898,0.028980284298805836,-0.000562872544702997,58.947389361166,19.692688818580336,16.926057189381165,0.05244349926264458,0.0208094310841076,0.07030312295004171,0.07946210080658078,0.019991241230807966,0.9276313608211875,0.014908648766835508,1,0.0014222800731658936,20,-0.0003392751826796421,86
2024-06-13,893.8521118164062,55857091.0,11.9399995803833,0.0027489237524778165,0.014771186960841565,-0.003552426383712781,64.20389568637103,22.260678557414963,17.992981462987924,0.06440289814812017,0.060676782551021935,0.08343269980807966,0.1277914210211999,0.02025026365239813,1.0,0.0032644188857082757,1,0.0014222800731658936,20,-0.0003392751826796421,86
2024-06-14,896.77001953125,38408123.0,12.65999984741211,-0.0023132520371897947,-0.0007335871531519711,0.003043370457556316,64.3881124708042,24.25172095047901,19.244729360486144,0.03193720073913986,0.10089726348169203,0.09697007421709225,0.17075120749504724,0.01992358154558851,1.0,-0.001084553668901811,0,0.0014222800731658936,20,-0.0003392751826796421,86
2024-06-17,895.7974243164062,26292426.0,12.75,0.027418697295757077,0.016038775652425175,0.0015480119319866148,65.38477435026421,25.457695617929403,20.487322611974797,0.052973315112835984,0.12736112795961763,0.1084592910157165,0.15119843440498015,0.019755327725980293,1.0,0.023887108483522823,1,0.0014222800731658936,20,-0.00034342164343053645,88
2024-06-18,917.1954345703125,37876013.0,12.300000190734863,0.013823053393243967,0.013540552769629732,-0.0014838275415750557,71.58528198387242,27.81939515692227,21.95373712096429,0.05183130904067479,0.0928601787803478,0.1072571074248172,0.14994989791931213,0.019760789251371993,0.9945314666307932,0.040296845813594384,1,0.0013899236917495727,20,-0.0003297606652433222,88
2024-06-19,954.155517578125,72228052.0,12.300000190734863,0.0,0.0,0.0014396198742181454,82.36153036815985,32.3010820994125,24.023206116653935,0.0720778334101686,0.12830134647611224,0.12561790774045867,0.26219307845885975,0.016550333243681103,1.0,0.0,0,0.001357385516166687,20,-0.00031558898362246424,88
2024-06-20,954.155517578125,48225374.0,13.279999732971191,-0.023985737669859786,-0.02690496440829926,0.0010293992607994795,89.03526010675527,35.444271788264814,26.30741925097611,0.08337908951266981,0.15315184267035753,0.13980518249558882,0.32721235962840156,0.017178049152074253,1.0,-0.011213094141810265,0,0.001357385516166687,20,-0.00031558898362246424,88
2024-06-21,943.4564819335938,88376132.0,13.199999809265137,-0.008096761918464535,-0.012739679527908554,-0.0012290844763791497,82.61531488904122,36.64947714220921,28.375830829222732,0.0674646342102112,0.10155646651491534,0.12547623231850613,0.3060898006270414,0.017146487313396117,1.0,-0.03092778169638466,0,0.001357385516166687,20,-0.00031558898362246424,88
2024-06-24,914.2774658203125,66391994.0,13.329999923706055,-0.035352921994252995,-0.03015596499317197,0.0006802312668354737,73.89344338937312,34.84839769091013,29.670344201560216,0.05206068600146474,0.10779182823884681,0.1231246943349582,0.24361299972814865,0.01659382863934593,0.9495293197990882,0.005319195098481888,1,0.0013857990503311156,20,-0.000328882174058394,88
2024-06-25,919.1406860351562,57368432.0,12.84000015258789,0.028544133175372632,0.0178981249942618,-0.0012823314551579923,72.64661463749898,33.4281120104107,30.421897763330314,0.02062971047054374,0.07353028441003695,0.08588398561426014,0.23189705288419904,0.01701582340803928,0.806578547324551,0.015872953684594515,1,0.0013857990503311156,20,-0.000328882174058394,88
2024-06-26,933.7301635742188,44967166.0,12.550000190734863,-0.003070636305285035,-0.002805648411361994,0.004702765421042532,68.93941286952378,33.098238394783266,30.957165889620907,0.0021208691098153487,0.07435157017036587,0.096708215129929,0.21311071704850137,0.016832505715860757,0.8301667387524686,0.0,0,0.0013537406921386719,20,-0.0003157068382609974,88
2024-06-27,933.7301635742188,39729446.0,12.239999771118164,-0.0025571260730578027,-0.005727833559951656,0.0033503928761773327,75.05706564981423,32.46260250339674,31.258253212376076,-0.021406734675444405,0.06018748079054759,0.12451624602579137,0.21221426972502155,0.01681997177372001,0.9009304249154583,0.006250067409737214,1,0.0013537406921386719,20,-0.0003157068382609974,88
2024-06-28,939.5660400390625,39138210.0,12.4399995803833,0.012701774279919142,0.009439047008968915,-0.0018506650194456409,75.91528100044334,32.06019299020795,31.418641167942454,-0.021406734675444405,0.044613702010253053,0.15001236593856726,0.21988665387312456,0.016747316434960503,0.9009304249154583,0.0020703722590516005,1,0.0013537406921386719,20,-0.0003157068382609974,88
2024-07-01,941.5112915039062,19935737.0,12.220000267028809,-0.008515054090622698,0.000893622914151182,-0.0005534020679501817,75.63801709386776,31.534733311939817,31.441859596741928,-0.0041236050300463845,0.047722403264754965,0.18116151033311545,0.2275110276920702,0.016730661735213002,0.9292363138370103,-0.008264508349399069,0,0.0013537406921386719,20,-0.00032798184288872613,90
2024-07-02,933.7301635742188,25427569.0,12.029999732971191,0.019555393023332535,0.012386064511803907,0.0005445543450566248,67.63749484170953,30.142961440706927,31.18207996553493,0.029787265574962918,0.05103147871002722,0.1486304497268136,0.25873235868074684,0.016152469779600158,0.9362756949865977,0.019791694924283787,1,0.0013537406921386719,20,-0.00032798184288872613,90
2024-07-03,952.2102661132812,24070411.0,12.09000015258789,0.03864554926092212,0.019248001521643854,0.0015711929888313492,68.75000490252602,30.18322856532768,30.98230968549348,0.015872953684594515,0.018027487251560892,0.1486417846156296,0.2355263198276072,0.016274340701235897,0.893953409076145,0.026557634430533383,1,0.0012684345245361328,20,-0.00029594037267896865,90
2024-07-04,977.4987182617188,41893299.0,12.09000015258789,0.0,0.0,0.0014950641568265421,72.6775883205171,31.88812088773693,31.163471925942172,0.019791694924283787,-0.0020387153131821156,0.1508008943502812,0.2503611986819163,0.016426338796491174,0.9893654683868686,0.0,0,0.001182880997657776,20,-0.0002641962634192573,90
2024-07-05,977.4987182617188,19998094.0,12.479999542236328,0.008219735305100118,0.0008121144670156788,-0.003522176733286364,73.07689920663105,32.86046534674426,31.50287061010259,0.04687494995337693,0.024464775661355853,0.12850579834651854,0.26110532695678224,0.01664071656161258,1.0,0.0298506950118258,1,0.001182880997657776,20,-0.0002641962634192573,90
2024-07-08,1006.677734375,40146763.0,12.369999885559082,0.014348417460446461,0.019252816980620757,-0.0034946094601715494,74.2104925929082,35.575466247063105,32.31738973749469,0.04037255137603646,0.036082465890060034,0.14776368909456217,0.2579605854690916,0.016656805487665943,1.0,0.0048310209751678546,1,0.0010968118906021119,20,-0.0002327296468946669,90
2024-07-09,1011.541015625,46373121.0,12.510000228881836,-0.011305736467549066,-1.6938888723894152e-06,0.0024079002019752327,68.78979975218833,37.685139345637026,33.39093965912316,0.06921472260518646,0.1010637055040875,0.18202523292337225,0.3052765565926232,0.016934752052534443,1.0,0.004807613403126743,1,0.0010968118906021119,20,-0.0002327296468946669,90
2024-07-10,1016.4041137695312,46206302.0,12.850000381469727,0.03538898896025611,0.024169124927056806,0.0011240498501070562,69.75306179130044,39.29649630510187,34.57205098831891,0.0833333387805848,0.10052903869202612,0.18235510073686156,0.3017702268750462,0.01693586556021088,1.0,0.03349299650838766,1,0.0010968118906021119,20,-0.0002327296468946669,90
2024-07-11,1050.446533203125,41724336.0,12.920000076293945,-0.03428427442588744,-0.03469870327867741,0.002442485876554823,79.5699106117168,42.82676674035258,36.222994138725646,0.06741562230606446,0.08854158666016043,0.154058162496981,0.28087767933963526,0.016775553004266284,1.0,-0.03703712311705243,0,0.0010103464126586914,20,-0.000201672977871365,90
2024-07-12,1011.541015625,68983062.0,12.460000038146973,0.01544740073049411,0.013251629585919744,-0.006140502852808205,75.5101661846056,42.00101976184851,37.37859926335022,0.07462701851019204,0.1250001062214039,0.17519052572186866,0.3141507187180994,0.017301842876298386,1.0,0.0,0,0.0010926425457000732,20,-0.0002319355805714925,90
2024-07-15,1011.541015625,38393309.0,13.119999885559082,-0.0113692176174367,0.00043635266663399896,0.004977382227690175,74.86906625620335,40.87542290106205,38.077963990892584,0.03482592532071904,0.07660448815598442,0.12798264169640938,0.2443619395905392,0.018484234843505587,0.8474216370742912,0.014423021225736576,1,0.0010926425457000732,20,-0.0002319355805714925,90
2024-07-16,1026.1304931640625,32125609.0,13.1899995803833,0.004427096352024984,0.004555407660941091,0.0007988501995308539,74.86906625620335,40.69156119956142,38.600683432626354,0.0048310209751678546,0.0743801213570503,0.1292073276465593,0.24140247398296988,0.018497329734092603,0.8474216370742912,-0.023696651737359464,0,0.0010926425457000732,20,-0.0002319355805714925,90
2024-07-17,1001.8146362304688,54022399.0,14.479999542236328,-0.07976766057057538,-0.06811126731805828,-0.0003284897586730562,66.20368460471583,38.14406203474209,38.5093591530495,0.014423021225736576,0.09895827852036532,0.11876973487638853,0.26835627214298063,0.018442095416799233,0.9046381641229678,-0.024271873347991413,0,0.0011753261089324952,20,-0.00026170081562466093,90
2024-07-18,977.4987182617188,81990095.0,15.930000305175781,0.003913599285521263,0.0051232107355774215,-0.002226498352794204,58.29784268293562,33.77373661710885,37.56223464586137,-0.014354012681978001,0.052093924926541524,0.04994900493088794,0.23830047528311282,0.0189797964792384,0.809277046342864,-0.03482586288057965,0,0.0012586414813995361,20,-0.00029089384608798556,90
2024-07-19,943.4564819335938,92507621.0,16.520000457763672,-0.035492098880847034,-0.031134417145359694,0.0045613217759497005,50.37311860184136,27.24918660712285,35.49962503811367,-0.06944457679246807,0.0,0.024464775661355853,0.19962444272762836,0.019515764809940286,0.7139156891971173,-0.031958731473746504,0,0.0013423711061477661,20,-0.0003196153375837538,90
2024-07-22,913.3048095703125,83062356.0,14.90999984741211,0.02159636424057898,0.039996870348629754,0.004350571135180781,46.391752577319586,19.42156602209002,32.28401323490894,-0.06730773408069757,-0.03482586288057965,0.0,0.12702443968094257,0.020092100243639652,0.5804099806855862,0.04259854556254106,1,0.0014291912317276,20,-0.00034989648395114477,90
2024-07-23,952.2102661132812,47213266.0,14.720000267028809,0.0027751351285563164,-0.014591576343421231,0.0008389052827177945,50.0,16.171055646679065,29.061421717262967,-0.09711539575485273,-0.09275354129358837,-0.001063852371257279,0.077290690140984,0.02073968062971388,0.46216215633975466,0.0,0,0.0013423740863800048,20,-0.00031921135054694284,90
2024-07-24,952.2102661132812,47213266.0,18.040000915527344,-0.059003580092713115,-0.054141426348626065,-0.0017433766743549794,45.45456141190039,13.440073949172756,25.937152163644924,-0.07203784269469371,-0.05865382480319903,0.03597880126575115,0.1335455154002141,0.021582256131753377,0.6147402798998207,0.0,0,0.0013423740863800048,20,-0.00031921135054694284,90
2024-07-25,952.2102661132812,47213266.0,18.459999084472656,0.0030037157546844995,-0.019642952607553776,-0.001114429733563016,45.45456141190039,11.147252688172898,22.97917226855052,-0.04951451927657402,-0.06315779992091408,0.019791694924283787,0.13093663309549441,0.02158755971237721,0.6147402798998207,-0.05617968525505368,0,0.0013423740863800048,20,-0.00031921135054694284,90
2024-07-26,898.7153930664062,82081735.0,16.389999389648438,0.010356920215444543,0.01953306499468299,-0.002194732292683632,32.15438359174438,4.95645125557985,19.374628065956387,-0.025870573204850644,-0.09351857898972926,0.019791694924283787,0.13616646204860516,0.02155884904951272,0.6147402798998207,0.021644867589528882,1,0.0014295637607574462,20,-0.00034914943906995985,90
2024-07-29,918.16796875,40809258.0,16.600000381469727,-0.011918088847774455,-0.0030392653099498013,0.004748300459719967,35.27606417217707,1.6013968970478345,15.819981832174676,-0.04742252528223834,-0.11153835664180389,-0.0434782072061245,0.08234702002994498,0.02336417549672499,0.4049458686567207,-0.004237245321228156,0,0.0013423770666122436,20,-0.0003188510735829671,90
2024-07-30,914.2774658203125,41761392.0,17.690000534057617,-0.034185419400886374,-0.03881386783903862,0.0015641212361443557,33.84616483709779,-1.355809992455761,12.384823467248589,0.005324793134479977,-0.09230772201294046,-0.024793460221405494,0.13084546185089163,0.02322944577973238,0.48123433202264687,-0.006382980711934549,0,0.0013423770666122436,20,-0.0003188510735829671,90
2024-07-31,908.441650390625,39894991.0,16.360000610351562,0.07286155597089494,0.07014718981786072,-0.0026727836282015582,25.337802886270623,-4.122794284976976,9.083299916803476,-0.0398365798426038,-0.10900468126510143,-0.02083331835339175,0.14937035436801915,0.02296423073781316,0.4267704323745309,0.027837245433121494,1,0.0013423770666122436,20,-0.0003188510735829671,90
2024-08-01,933.7301635742188,47382270.0,18.59000015258789,-0.04595909719929259,-0.07138877689711454,-0.005775112476597344,35.815584450841826,-4.2263587697711955,6.421368179488542,-0.04596528443377368,-0.09320385474819837,-0.04596528443377368,0.10828595562778043,0.022613605489014543,0.40220345824598475,-0.05937488867179774,0,0.0012548595666885376,20,-0.00028891629642910425,90
2024-08-02,878.2900390625,76144485.0,23.389999389648438,-0.05259825506619242,-0.05182126192169956,0.004427055244088818,29.793498256815496,-8.681909438054504,3.4007126559799334,-0.019407585904838376,-0.04477607373780845,-0.04477607373780845,0.1486417846156296,0.022871164683271727,0.476640724231559,-0.09745297814356513,0,0.0013425111770629882,20,-0.00031835238138834635,90
2024-08-05,792.6980590820312,144057989.0,38.56999969482422,-0.01274521204058432,-0.01916540245246956,-0.003900105801548759,20.873775243176937,-18.90163660466078,-1.0597571961482093,-0.02272727735775748,-0.06907201775490113,-0.1014923880162637,0.06146404677790396,0.024723114280617273,0.1339846484494934,0.07975459603089563,1,0.0014303892850875855,20,-0.0003475368022918701,90
2024-08-06,855.9193725585938,102930842.0,27.709999084472656,0.05028724274510621,0.010647230708761724,0.002764724507885674,33.40707663592818,-21.649846425328406,-5.1777750419842485,-0.136652457870845,-0.13205531080584565,-0.21256025437556625,-0.08484344858998594,0.028096025768281022,0.0,0.045454509799810694,1,0.0013426870107650756,20,-0.00031807952457004124,90
2024-08-07,894.8247680664062,59158704.0,27.850000381469727,-0.0022524099983087797,-0.030935444913897547,0.003029438503285631,40.89935860879436,-20.45271605713333,-8.232763245014064,-0.06382974036154154,-0.1011235616559002,-0.15384610279025857,0.0050071250858922944,0.030664653627557173,0.24528297865639453,-0.02608696423232848,0,0.0012547224760055542,20,-0.00028897921244303384,90
2024-08-08,871.4815063476562,38236391.0,23.790000915527344,0.0613392005034068,0.06862205530920518,-0.003905008009258193,41.885965153710316,-21.143854554691302,-10.814981506949513,-0.014989275666041468,-0.06026557378036923,-0.11961713265034368,0.05068923130198866,0.03143593834524635,0.39622624084437635,0.042410703811567085,1,0.001342955231666565,20,-0.00031774573855929903,90
2024-08-09,908.441650390625,49494621.0,20.3700008392334,0.01561823591404754,-0.004346623227274304,-0.007344664716750882,49.460044894382186,-18.496001664111645,-12.351185538381939,-0.06666664487766072,-0.08478039214504851,-0.17037042933518087,0.0186444131396315,0.03172155799668391,0.3056601888110944,0.006423984883539902,1,0.0012545824050903321,20,-0.0002890222602420383,90
2024-08-12,914.2774658203125,38331663.0,20.709999084472656,0.003051823348359406,0.007298013033550932,0.0007652887976525857,45.454540135419364,-15.745157266399133,-13.029979883985378,0.03432990240935596,0.010822399837876251,-0.10192306949676488,0.03147408356835135,0.03206696499453102,0.4490563589300468,0.001063852371257168,1,0.0012545824050903321,20,-0.0002890222602420383,90
2024-08-13,915.2501220703125,25764381.0,18.1200008392334,0.028097391398307137,0.04184185777074467,-0.0060429459505582095,45.5813928373842,-13.332914493075691,-13.09056680580344,0.15337416983091123,-0.004237245321228156,-0.09615383687095613,0.022850932199958374,0.03200546014639933,0.47169787193836726,0.0074388524845323545,1,0.0012545824050903321,20,-0.0002890222602420383,90
2024-08-14,922.0585327148438,36780856.0,16.190000534057617,-0.013752003133436608,-0.001812909516253458,0.0020472686912957894,46.453082607133545,-10.747917573750556,-12.622036959392865,0.06931815240302575,0.001063852371257168,-0.10805679378248623,0.020607404503466986,0.03200353760416043,0.47547153637349804,-0.005274175089744815,0,0.0012545824050903321,20,-0.0002890222602420383,90
2024-08-15,917.1954345703125,19476402.0,15.229999542236328,0.023474959488947622,0.0486545208438145,-0.009596021142668665,52.454778141085875,-8.98809114907101,-11.895247797328494,0.030434746131676738,0.014989275666041468,-0.07961163735411525,0.02931590076682533,0.03201707287179235,0.5018864770157172,0.027571564609281785,1,0.0012545824050903321,20,-0.0002890222602420383,90
2024-08-16,942.4839477539062,44062316.0,14.800000190734863,0.0033339517790096362,-0.0006049976772242172,0.01398656718686797,53.18067526986316,-5.489564082051629,-10.614111054273122,0.05245541975324475,-0.017708251965014243,-0.061691419707069595,0.0,0.03182860038946758,0.48301886524375964,0.004127924872311395,1,0.0011658519506454468,20,-0.0002606742911868625,90
2024-08-19,946.3744506835938,21348863.0,14.649999618530273,0.005213913502766454,0.018629626075866712,-0.009462871123850913,54.1984773047966,-2.3756402023086594,-8.96641688388023,0.03747328994508692,0.07308964674121521,-0.001030820391094589,-0.012232355846816256,0.03149939260697884,0.581132009346071,0.0,0,0.0011658519506454468,20,-0.0002606742911868625,90
2024-08-20,946.3744506835938,24039959.0,15.880000114440918,-0.019435742703286296,-0.013342654113899233,-0.007001673407422859,55.03876459215738,0.0911165718752045,-7.154910192729144,0.03510639391564019,0.19386497776911993,0.03620876706960474,-0.008154925220451914,0.031505201780535515,0.59622619348413,-0.015416178583988693,0,0.0011658519506454468,20,-0.0002606742911868625,90
2024-08-21,931.7849731445312,29758188.0,16.270000457763672,-0.0034876063181710215,0.013784880354503981,-0.000485705808362491,49.73405338358865,0.8588894366026807,-5.552150266862779,0.03400636379362343,0.10568177450476823,-0.006128704591169765,0.0030928493320854233,0.03145276524609571,0.59622619348413,-0.007306912942275368,0,0.0012545078992843629,20,-0.0002890156375037299,90
2024-08-22,924.9765014648438,24349754.0,17.549999237060547,-0.02916476842274196,-0.03436459242944556,-0.006270599155635659,57.361959706434405,0.9075070235610383,-4.260218808778016,0.01054861495728443,0.041304405507226694,-0.02145040197069259,0.019149008893608155,0.031163724809293695,0.5396226477645608,-0.002103093967164904,0,0.0012545078992843629,20,-0.0002890156375037299,90
2024-08-23,923.0311889648438,27592153.0,15.859999656677246,0.029079484424442192,0.027865694769163785,0.010727248962346891,77.91667843273834,0.7800741412797834,-3.2521602187664564,0.008483542984681902,0.06138397054618272,-0.028600578693191214,0.0063492080356719605,0.03118126315714353,0.5132074703211096,0.0010538292711941288,1,0.0012545078992843629,20,-0.0002890156375037299,90
2024-08-26,924.00390625,25057581.0,16.149999618530273,-0.01290276645566979,-0.025111607611870257,-0.008756060974664415,69.88638612316936,0.7489395110573014,-2.451940272801705,-0.020639883401114223,0.016059962208849976,0.02705616937913158,-0.011458315289312737,0.03109018647754599,0.505660141450848,-0.008421098522479853,0,0.0012545078992843629,20,-0.0002890156375037299,90
2024-08-27,916.2227783203125,18693037.0,15.430000305175781,0.008753872603188162,0.011040988764363435,0.0017163104694757347,57.63889948076793,0.09529460112389643,-1.9424932980165845,-0.023638153394182293,0.010638390196963554,0.006356067406647847,-0.010416561126169177,0.03109044377791749,0.5094340426872109,0.023354593184350403,1,0.0012545078992843629,20,-0.0002890156375037299,90
2024-08-28,937.6207885742188,31059233.0,17.110000610351562,-0.007915715605538609,-0.018253119909226623,-0.0035839014234928523,73.94368375651388,1.289057445776848,-1.2961831492578981,-0.03186019269804019,0.0010627217921586052,0.002127704742514558,-0.024844726952646723,0.03110355130064867,0.47924520080862887,-0.02178423756470438,0,0.0011654466390609742,20,-0.0002610729800330268,90
2024-08-29,917.1954345703125,43530708.0,15.649999618530273,-0.00029549676587004026,-0.0059906510136722435,0.00908661017777379,53.60002570335319,0.5802786434608151,-0.9208907907141555,0.006263049520956798,0.016877730976096128,0.032119991604355524,-0.004132189347907933,0.03131281423033033,0.5622641607728813,0.0010603347367763583,1,0.0012543976306915283,20,-0.00028909378581576877,90
2024-08-30,918.16796875,63834981.0,15.0,0.015075435797321957,0.02576324983223155,-0.0039083263225860865,51.666650978571106,0.09593582813454304,-0.7175254669444158,-0.008412177911772623,0.0,-0.017708251965014243,-0.017708251965014243,0.03147299012158087,0.48301886524375964,0.004237311796163379,1,0.0012543976306915283,20,-0.0002934675325046886,88
2024-09-02,922.0585327148438,18646835.0,15.0,0.0,0.0,0.004331737370221411,52.84551435269388,0.0257300545971475,-0.5688743626361031,-0.005268749607797885,-0.025799886631337587,0.045404055510029906,-0.03575081951409176,0.031318957969300384,0.48679205607642617,-0.008438799293599364,0,0.0012543976306915283,20,-0.0002934675325046886,88
2024-09-03,914.2774658203125,19547575.0,20.719999313354492,-0.06528816542815141,-0.07750218806668607,-0.00203152061097156,46.77419926205237,-0.6502795778473001,-0.5851554056783426,-0.0021053737132469275,-0.02569375996064338,0.16319009760490122,-0.05671637671859464,0.03103879781124659,0.5018864770157172,-0.05425533605144406,0,0.0012543976306915283,20,-0.0002934675325046886,88
2024-09-04,864.6730346679688,79709021.0,21.31999969482422,0.002367636611221746,0.002490039431865876,0.0015659122730726782,34.11762664803291,-5.129554799717653,-1.4940352844862046,-0.002123187226982348,-0.03391573477083687,0.06818176469971626,-0.06467655789240556,0.031060045539808113,0.47169787193836726,0.014623271037226937,1,0.0013479351997375487,20,-0.0003335503014651212,88
2024-09-05,877.3173828125,30512026.0,19.899999618530273,0.0175917205475129,-0.005959142542587226,-0.0008130132213054475,28.662445076763632,-7.571836049770582,-2.70959543754308,-0.07780091354115248,-0.07202513499447971,-0.0336956848697777,-0.14106272033044964,0.03171921579134657,0.2792450113676431,0.017738247364958548,1,0.0013479351997375487,20,-0.0003335503014651212,88
2024-09-06,892.8794555664062,24458336.0,22.3799991607666,-0.04202806704009521,-0.04516675253560476,0.0016272898106874933,33.72780647633532,-8.157596626568647,-3.799195675348194,-0.0434782492964485,-0.05152468043984704,0.006696500639814751,-0.13269222971603123,0.03181490653945842,0.32830193862064705,-0.020697129258263947,0,0.0012542486190795898,20,-0.0002935210412198847,88
2024-09-09,874.3994140625,35885268.0,19.450000762939453,0.03800542937550233,0.02154479369017759,0.0005905528468521659,30.319152309569233,-9.997753134325194,-5.038907167143594,-0.02754236048772396,-0.032665996294504285,-0.017130648751658484,-0.12153104904801093,0.03195341611722901,0.3886789119741148,0.00556171367623981,1,0.0013483762741088867,20,-0.00033295764164491135,88
2024-09-10,879.2625732421875,33498628.0,19.079999923706055,-0.0021501533165311226,0.011866137012161326,0.002563547314850423,34.83144482961514,-10.937592365278306,-6.218644206770537,-0.051687736690662844,-0.053684288401783964,-0.04361701261228501,-0.16759265091180298,0.031553025728023355,0.35000001307340955,-0.003318585145827724,0,0.0013483762741088867,20,-0.00033295764164491135,88
2024-09-11,876.3446655273438,18029342.0,17.690000534057617,0.048020735169104434,0.04903144289825634,0.001557220455938646,35.63217188652939,-11.782056282846952,-7.331326621985821,-0.03829788427160763,-0.04033975791988409,-0.03931990606755731,-0.13076923262580875,0.031142751042735336,0.37083327559244117,0.04793784050194616,1,0.0013483762741088867,20,-0.00033295764164491135,88
2024-09-12,918.354736328125,39454846.0,17.06999969482422,0.010766142402899304,-0.002388915384881618,-0.0015859972927726451,48.88285319111275,-8.958174145462749,-7.656696126681207,0.013498317157371265,-0.06535277778989279,-0.04957805341587518,-0.13365384893871313,0.031139548194971195,0.358333265787384,0.007446735827302486,1,0.0012539654970169067,20,-0.0002936822446909818,88
2024-09-13,925.1934814453125,25347586.0,16.559999465942383,0.006241579000242137,0.016750290694631742,-0.005730778859112329,50.27642755187023,-6.0981024997539635,-7.3449774012957585,0.046775949410768236,0.0012639637247602309,0.0012639637247602309,-0.10503123876926423,0.032012294445625686,0.6008929514798758,0.0,0,0.0012539654970169067,20,-0.0002903428342607286,90
2024-09-16,925.1934814453125,13626239.0,17.139999389648438,-0.01982593058056359,-0.014064939327712689,0.0004698615258813543,52.162779404623514,-3.787811580754237,-6.633544237187454,0.03619080456768664,0.007651663894218785,-0.018345634798130783,-0.07648236711080492,0.03186096294187594,0.7169640138266594,0.0,0,0.0012539654970169067,20,-0.0002903428342607286,90
2024-09-17,925.1934814453125,13626239.0,17.610000610351562,-0.010231984419235673,0.00033808706955174017,-0.0023482640189050885,46.659151731142515,-1.9345886489936674,-5.693753119548697,0.05809023492687504,0.0033999454690132325,-0.02238117187439037,-0.053509263837624665,0.031655293206568944,0.8306287326168341,-0.006335773569321801,0,0.0012539654970169067,20,-0.0002903428342607286,90
2024-09-18,919.3316650390625,28424324.0,18.229999542236328,-0.00041823660329776136,-0.010751014340881992,0.0024009018886061995,50.62307381181604,-0.9281960522553163,-4.740641706090021,0.05223798851548933,0.011939499805133869,-0.02238117187439037,-0.019357544134787852,0.03119541754336816,0.8306287326168341,0.02019129842461287,1,0.0012539654970169067,20,-0.0002903428342607286,90
2024-09-19,937.8941650390625,32739630.0,16.329999923706055,0.05344340934306868,0.042672872294993835,-0.005025171841719578,55.21810872338021,1.3516351395168158,-3.522186336968654,0.04905261731222055,0.06321306225547141,-0.013365002081373034,0.006598952951518466,0.030802942477821203,0.7938803450460847,0.01354157216972185,1,0.0011479973793029786,20,-0.00024175842603047689,90
2024-09-20,950.5947265625,60133709.0,16.149999618530273,-0.012144016927713275,-0.013142775805211393,-0.0003461304571514834,57.2124214756727,4.135574626227822,-1.990634144329359,0.021276558978791105,0.06904773963598632,0.01396539647630135,-0.01503460063779194,0.030247275663461904,0.9102507492018207,0.004111067393048451,1,0.0011479973793029786,20,-0.00024175842603047689,90
2024-09-23,954.502685546875,14497067.0,15.890000343322754,0.0039061934467035098,0.005149938140391441,0.006956707184216482,60.36980416246031,6.581340757005933,-0.27623916406230054,0.02745506278049681,0.06463948815966591,0.02986197858445938,-0.001696620597649634,0.030318359361720126,0.9898720005142632,0.010235333507432776,1,0.0011479973793029786,20,-0.00024175842603047689,90
2024-09-24,964.2723388671875,26785975.0,15.390000343322754,0.041256612549656735,0.013126187777370735,-0.0017505941198043828,82.31250220289789,9.201883822261493,1.6193854332024584,0.03167899978691646,0.09160947525366181,0.033007197362024066,0.0024074718737814305,0.03032362434492027,1.0,0.01823707841144273,1,0.0011479973793029786,20,-0.00024175842603047689,90
2024-09-25,981.8578491210938,39405222.0,15.40999984741211,0.0020884298013836844,0.008001177602724896,-0.007296520762731573,82.861960239275,12.55298380734871,3.806105108031709,0.04223857842235024,0.09668302531237694,0.0524430975564294,0.07294516852226351,0.028997869178570737,1.0,0.009950357309387092,1,0.001041063666343689,20,-0.00019411577118767632,90
2024-09-26,991.627685546875,38321585.0,15.369999885559082,0.02456801976989831,0.034676918899773757,0.005141959081656822,82.21428602717731,15.81479571786565,6.207843229998497,0.06801265142909507,0.12040146730425638,0.04718011917605147,0.06936626253451372,0.02894655167936389,1.0,-0.014778330884034685,0,0.001041063666343689,20,-0.00019411577118767632,90
2024-09-27,976.9730834960938,35783779.0,16.959999084472656,-0.047422888843257294,-0.017563321632850015,-0.01264795450138878,84.31881551814342,17.021092683959182,8.370493120790634,0.057291667344550046,0.07978719586259087,0.08115200770862163,0.08460256608989258,0.028954621055801707,1.0,-0.04299998369435554,0,0.001041063666343689,20,-0.00019411577118767632,90
2024-09-30,934.9632568359375,61603217.0,16.729999542236328,-0.02416136423038695,-0.008466163469955323,0.0036554889324060813,64.9260371191538,14.421013334829581,9.580597163598425,0.027749319659053917,0.0559662417529061,0.06404614051844071,0.07543845339543886,0.029045219495693792,0.926332732277205,0.015673921845034133,1,-0.0002664864063262939,20,9.886622428894043e-05,90
2024-10-01,949.6177978515625,26760355.0,19.260000228881836,-0.009212768505687974,-0.02863297845178414,0.00015832654460190554,68.47293642115525,13.388595312286952,10.34219679333613,-0.02047079490378023,0.010559710575741343,0.013995558484880544,0.0013206098612028594,0.02956922153726492,0.7151533951080351,0.0,0,-0.0003742516040802002,20,0.00014556911256578234,90
2024-10-02,949.6177978515625,26760355.0,18.899999618530273,0.021677296417709657,0.01477833661141581,0.0057631161172468914,59.99998438155242,12.427144208445497,10.759186276358005,-0.015197512595706009,0.02639914449904568,0.038653836884781745,0.08121207757883586,0.028095855343064097,0.7888203560130005,0.0,0,-0.0003742516040802002,20,0.00014556911256578234,90
2024-10-03,949.6177978515625,26760355.0,20.489999771118164,0.020932765332944303,0.005100753967045568,0.0015742442471626816,58.169935174281385,11.532250674570264,10.913799156000456,-0.032835762629377374,0.032943641521597344,0.0982391722394953,0.19795650685867594,0.023270715781398773,0.6904398354805268,0.005144056594520663,1,-0.0003742516040802002,20,0.00014556911256578234,90
2024-10-04,954.502685546875,40934818.0,19.209999084472656,0.009360417281367717,0.015927129509747617,0.006475584055064321,59.49367789322681,11.089379252789058,10.948915175358177,-0.042364577257788416,0.01249995281931593,0.08241078594303253,0.10947108839571729,0.020011859501892954,0.6690953233735172,0.02865907449861793,1,-0.0003742516040802002,20,0.0001206877438918404,92
2024-10-07,981.8578491210938,39667071.0,22.639999389648438,0.018491920959133434,-0.001928240422941263,0.01005679869258036,65.59138990390122,12.798203817111357,11.318772903708814,-0.02300001743017166,0.004111067393048451,0.06901629284479105,0.06669229508412533,0.01884244337821156,0.7075727455198856,0.004975271899081646,1,-0.00047715604305267336,20,0.00015521308650141177,92
2024-10-08,986.7428588867188,30845902.0,21.420000076293945,0.008346476145427273,0.013335186186360648,-0.006747083567230305,68.64865960094488,14.380865393628937,11.931191401692839,0.05015661518491643,0.02865907449861793,0.12289399252835365,0.12665368337650706,0.01876589282082158,0.9230446749438108,0.009900972951039533,1,-0.00047715604305267336,20,0.00015521308650141177,92
2024-10-09,996.5125732421875,46975717.0,20.860000610351562,0.005858558577014783,0.010596039507933863,0.001500498127376071,67.04546099935254,16.236308339272682,12.792214789208808,0.03909474013560921,0.023303084734266344,0.12223912277786275,0.08619288697565186,0.01770835857634428,0.961523058617084,0.0,0,-0.00047715604305267336,20,0.00015521308650141177,92
2024-10-10,996.5125732421875,46975717.0,20.93000030517578,-0.007267098218427415,-0.005253755510355673,0.0017874650250226942,64.41720471979204,17.504973799942036,13.734766591355454,0.04938278905125926,0.014925504882618013,0.13712402487499853,0.089945460208944,0.017737052677017615,1.0,0.024509731263729684,1,-0.00047715604305267336,20,0.00015521308650141177,92
2024-10-11,1020.9368286132812,43058754.0,20.459999084472656,0.02707496928209152,0.007933599637483413,-0.0009929871833751491,68.47825828617528,20.247829232634103,15.037379119611185,0.04938278905125926,0.004926130811503615,0.0851063688379965,0.08878715141611537,0.01773948488953427,1.0,0.0,0,-0.0005805611610412598,20,0.0001891747764919115,92
2024-10-14,1020.9368286132812,36858874.0,19.700000762939453,0.007337024960267113,0.018041810925232937,-0.0020343946585824613,66.66667863481273,22.166045549043815,16.46311240549771,0.06960079219509296,0.04499995533128032,0.1034846754631269,0.10723646318559332,0.018055617375767042,1.0,0.023923614887018996,1,-0.0005805611610412598,20,0.0001891747764919115,92
2024-10-15,1045.361328125,42850176.0,20.639999389648438,-0.026429371911483535,-0.05283300941307301,0.0006846983628858716,67.95584458348189,25.36471019617943,18.243431963634055,0.03980105625999619,0.09195395770769843,0.1034846754631269,0.11310718537491349,0.018017901209319367,1.0,-0.023364648045214653,0,-0.0006845355033874512,20,0.00022255596907242486,92
2024-10-16,1020.9368286132812,52652149.0,19.579999923706055,0.0018703070855183856,0.0020698673960060088,0.0005909743352694452,57.65303731875869,25.633336836776152,19.721412938262475,0.05940602327177413,0.10082322644968311,0.12988401787263415,0.10915557831649814,0.017903581642536092,1.0,-0.009569481824895476,0,-0.0005837917327880859,20,0.00018602091333140498,92
2024-10-17,1011.1669921875,54173771.0,19.110000610351562,0.09793043782330813,0.009494089562269048,-0.0011191169434519033,59.16224526876899,24.77232133505288,20.731594617620555,0.024509731263729684,0.07510287920368874,0.11052068305501206,0.0787873952808309,0.018344529243701533,0.8648252244546931,0.048309406191600734,1,-0.0005837917327880859,20,0.00018602091333140498,92
2024-10-18,1060.015869140625,85011961.0,18.030000686645508,-0.024582192812529047,0.0007320264430128454,-0.002084877285687514,82.32314467798048,27.71220739309672,22.12771717271579,0.01470570401097282,0.06481470174125614,0.07812483527433578,0.06846395890876456,0.018428860636073657,0.8107551115610507,0.0,0,-0.0006883323192596435,20,0.00021858059841653576,92
2024-10-21,1060.015869140625,36491060.0,18.3700008392334,0.005827329366572487,0.001265180336007754,-0.0008108075314693375,80.87423299269913,29.69972829449182,23.642119397071,0.03827762838218307,0.1105425738360255,0.115108089199915,0.13761854901281345,0.019569529059324315,1.0,-0.009216746414238197,0,-0.0006883323192596435,20,0.00021858059841653576,92
2024-10-22,1050.2459716796875,41197877.0,18.200000762939453,-0.01718264812147552,-0.0046977974393184185,0.0002808461051442279,76.68380532623445,30.13907930816538,24.941511379289878,0.03827762838218307,0.07960217468291786,0.1105425738360255,0.14599221435563559,0.019505654559299156,1.0,-0.013953553244769767,0,-0.0006883323192596435,20,0.00021858059841653576,92
2024-10-23,1035.59130859375,31423466.0,19.239999771118164,0.01199123472368746,-0.011431932085699259,-0.0011543711676430535,71.15372254697073,28.970801943838637,25.74736949219963,0.004672684385071735,0.06435629325416703,0.08915907814331847,0.13782284308021264,0.01958564549745505,0.949985892816022,0.0,0,-0.0006883323192596435,20,0.00021858059841653576,92
2024-10-24,1035.59130859375,38236996.0,19.079999923706055,-0.014587267623541789,0.005113594516571673,-0.0003123109124840706,70.44322301485207,27.725333331402112,26.14296226004013,0.014353953711684353,0.03921549652345924,0.05472631249091253,0.12076507641252188,0.019763092163500955,0.8749656693944722,0.004717121247626688,1,-0.0006883323192596435,20,0.00021858059841653576,92
2024-10-25,1040.476318359375,22009575.0,20.329999923706055,0.027838157525629237,0.010706551349856985,-0.0006311938616798685,66.66658568270694,26.823268008586865,26.279023409749477,0.024154582373591804,0.03921549652345924,0.044334808000675574,0.13028330346935135,0.019687912927398743,0.8749656693944722,-0.014084571486494779,0,-0.0006883323192596435,20,0.00021858059841653576,92
2024-10-28,1025.8216552734375,40142324.0,19.799999237060547,-0.043059307508342526,-0.00022255784911706655,0.0025012638112038577,60.52622320426003,24.641810452419463,25.951580818283475,-0.018433262510580195,0.019138784299351563,0.06499998406919794,0.10969843143256486,0.019428813626105528,0.8999730354379335,-0.00952379422411842,0,-0.0006883323192596435,20,0.00021858059841653576,92
2024-10-29,1016.0519409179688,45415773.0,19.34000015258789,0.01160869285873889,0.02312118798894458,-0.0015593671303683054,55.26310338194749,21.872522498833064,25.135769154393394,-0.032258209393515425,0.004784651237228044,0.09717857656244067,0.1184330150465851,0.019227766046335363,0.8249528120163837,-0.00961542909095603,0,-0.0006883323192596435,20,0.00021858059841653576,92
2024-10-30,1006.2821655273438,38201984.0,20.350000381469727,-0.012491191106210664,-0.03350975121159849,-0.00033745516386241015,52.49995080220518,18.674237632254403,23.843462849965597,-0.03255811655914398,-0.028037565976925638,0.06995882260916808,0.10660791434624817,0.01932091827837575,0.7749396421868229,0.0,0,-0.0006883323192596435,20,0.00021858059841653576,92
2024-10-31,1006.2821655273438,38201984.0,23.15999984741211,-0.0202590138320643,-0.04011654722773972,-0.004296436667535208,45.71429489403811,15.95564706576397,22.265899693125274,-0.028301843423353623,-0.01435413306212363,0.059670709420126755,0.09134304366179213,0.019410272870742915,0.7249261599057897,-0.004854270295489238,0,-0.0006883323192596435,20,0.00021858059841653576,92
2024-11-01,1001.3973999023438,54480255.0,21.8799991607666,0.012648255423040045,0.011053757675494102,-8.469656393517155e-05,44.44448686462855,13.254198542835411,20.463559463067302,-0.028301843423353623,-0.004830880258055781,0.059670709420126755,0.10063104817363322,0.01934029494745165,0.7249261599057897,0.014634091337818678,1,-0.0006883323192596435,20,0.00021858059841653576,92
2024-11-04,1016.0519409179688,26747978.0,21.979999542236328,-0.007203968132833971,-0.005484466406044608,0.0018830568818823945,41.17645545626364,12.155657262096952,18.801979022873233,-0.03755868131496831,-0.05529961479331846,0.049129997291312844,0.15812261947879147,0.01718894761288166,0.6841957292331166,0.009615369020054443,1,-0.0006883323192596435,20,0.00021858059841653576,92
2024-11-05,1025.8216552734375,32385622.0,20.489999771118164,0.021925223545574246,0.01685365462907118,-0.0003382976410999383,51.6128837231611,11.935801195719932,17.428743457442575,-0.00952379422411842,-0.0414747830693315,0.03482590868676527,0.15813497010707134,0.017189116252895945,0.7631463858947631,0.009523734725319644,1,-0.0006883323192596435,20,0.00021858059841653576,92
2024-11-06,1035.59130859375,55349259.0,16.270000457763672,-0.01297512435596837,0.031187237146611757,-0.0028108766924117567,58.06448882529574,12.406874329429797,16.42436963184002,0.009615369020054443,-0.023255805844403787,0.03960382994897871,0.14889154283732298,0.017071976509060244,0.8157802666105474,0.004717121247626688,1,-0.0006883323192596435,20,0.00021858059841653576,92
2024-11-07,1040.476318359375,43975446.0,15.199999809265137,0.04124835154500861,0.022705172042057464,0.016098729025626257,40.909080582889295,13.02424722940134,15.744345151352285,0.02912616765998899,0.0,0.03921549652345924,0.18434584005762877,0.016661272217516322,0.8670201965992406,0.023474168489257208,1,-0.0006883323192596435,20,0.00021858059841653576,92
2024-11-08,1064.900634765625,37099479.0,14.9399995803833,4.964327210710273e-05,-0.00814966149799179,-0.00929648605804334,51.85180900304223,15.307897992790458,15.65705571963992,0.033980680571946476,0.004717121247626688,0.04411760202297299,0.18335108308173398,0.016660062465956638,0.893616688969979,-0.004587062365753125,0,-0.0007905334234237671,20,0.00025034015593321425,92
2024-11-11,1060.015869140625,34690205.0,14.970000267028809,-0.03553670991860458,-0.025352873123497655,0.00627458984621776,53.84621668950961,16.532966170741588,15.832237809860255,0.06341461928049164,0.023474168489257208,0.04306221983593139,0.21516188396584468,0.016878595498623142,1.0,-0.032258209393515425,0,-0.0007905334234237671,20,0.00025034015593321425,92
2024-11-12,1025.8216552734375,51099848.0,14.710000038146973,-0.011749402624723237,-0.009260354382414016,0.004336932611868294,46.66669720934339,14.576623994024544,15.581115046693114,0.043269370838400656,0.03333348803021008,0.03827762838218307,0.15425535167260795,0.0154925262460549,0.9664436340095313,-0.014285780584375796,0,-0.0006921261548995972,20,0.00021482615367225978,92
2024-11-13,1011.1669921875,42331232.0,14.020000457763672,-0.02664665924811882,-0.02003470491503223,0.001235439255507842,42.42425733989521,11.708728948498788,14.80663782705425,0.0,0.009615369020054443,-0.01869178850016351,0.1087644647808439,0.01643117938455748,0.731543202060208,0.0,0,-0.0006921261548995972,20,0.00021482615367225978,92
2024-11-14,1011.1669921875,44627940.0,14.3100004196167,0.009857484739080435,-0.00033961182816699687,-0.00020971256315938103,40.62496339432067,9.328369822249215,13.710984226093244,-0.023584898988208258,0.0048543309496063,-0.009569481824895476,0.09292489891723177,0.01663279010456878,0.6308715883676408,0.0,0,-0.0006921261548995972,20,0.00021482615367225978,92
2024-11-15,1011.1669921875,34791611.0,16.139999389648438,-0.01320951718419916,-0.03416863426151773,0.003986669276656585,44.827563921384794,7.357109882056761,12.440209357285948,-0.028169142972989558,0.0048543309496063,0.0,0.09292489891723177,0.01663279010456878,0.6308715883676408,-0.009661700155007336,0,-0.0006921261548995972,20,0.00021482615367225978,92
2024-11-18,1001.3973999023438,31815076.0,15.579999923706055,0.00790280577623248,0.011415982233701438,-0.0023173876056459264,44.82760254961926,4.949493052810226,10.942066096390803,-0.050458832330352865,0.009755959308571205,-0.04608315627645054,0.09989357556234668,0.016581648676089474,0.5864650846871662,0.014634091337818678,1,-0.0006921261548995972,20,0.00021482615367225978,92
2024-11-19,1016.0519409179688,24349599.0,16.350000381469727,0.011681351336482182,0.006216315473490885,-0.0006007286302424086,53.333352769630736,4.17580230689407,9.588813338491457,-0.05529961479331846,-0.01442302349463076,-0.05529961479331846,0.06770831638624863,0.016439798530661846,0.5112781566390812,-0.01442302349463076,0,-0.0006921261548995972,20,0.00021482615367225978,92
2024-11-20,1001.3973999023438,40203197.0,17.15999984741211,-0.006906787567848016,-0.007096771631971643,-0.0036001887929690835,48.48487716888303,2.3530236379709777,8.141655398387362,-0.00952379422411842,-0.00952379422411842,-0.03255811655914398,0.06885922310149173,0.016459855900162024,0.6240597230298925,-0.014634091337818678,0,-0.0006921261548995972,20,0.00021482615367225978,92
2024-11-21,986.7428588867188,41429227.0,16.8700008392334,0.015289939706311095,0.016133450312228126,0.004516555234781006,45.714296934071214,-0.27091760688153954,6.459140797333582,-0.009661700155007336,-0.033018728921005325,-0.033018728921005325,0.049129997291312844,0.016641602216210426,0.5112781566390812,0.029702856997939397,1,-0.0006921261548995972,20,0.00021482615367225978,92
2024-11-22,1016.0519409179688,25187973.0,15.239999771118164,-0.006065798600843553,-0.0014607953345848745,0.0010408579018676978,50.0,0.01442178049182985,5.170196993965232,-0.024154401290279015,-0.05164313547989563,-0.047169621163935305,0.023303084734266344,0.016757141480862464,0.3984965902482698,-0.00961542909095603,0,-0.0007948696613311768,20,0.00024601039679154104,92
2024-11-25,1006.2821655273438,49566674.0,14.600000381469727,-0.02630468431825239,0.0064813185466288115,0.00194435698150075,44.73682912594224,-0.5415413720203333,4.0278493207681185,0.004831000980264344,-0.04587159801853946,-0.023474227150040883,0.03482590868676527,0.017139096499511747,0.6240597230298925,-0.019417323798425312,0,-0.0007948696613311768,20,0.00028118292490641274,90
2024-11-26,986.7428588867188,27312402.0,14.100000381469727,-0.006699821984756493,-0.012101209367162413,-0.007261611146034852,37.5000351415235,-2.529644754898527,2.7163505056347894,0.004877949179293184,-0.05069141432462154,-0.019047647947035617,0.014778207783082253,0.0171546274557842,0.5488713857993869,-0.009901034806218512,0,-0.0006906628608703613,20,0.00023469063970777725,90
2024-11-27,976.9730834960938,31276090.0,14.100000381469727,-0.014414707318963771,-0.015129251005014721,0.002257764605386736,34.14631619142354,-4.837803051791525,1.2055197941495266,-0.02884604698926141,-0.038095117397674905,-0.02884604698926141,0.01000004560582557,0.01726989638190154,0.3984965902482698,0.004999897855445301,1,-0.0006906628608703613,20,0.00023469063970777725,90
2024-11-28,981.8578491210938,33689956.0,14.100000381469727,0.0,0.0,0.0003024211586037939,27.0269485353587,-6.201389610020556,-0.2758620866844898,-0.02439023349634406,-0.03381628252859914,-0.029126107005872037,0.0449320616109814,0.01594646033389641,0.23728844966682444,-0.008955191036305044,0,-0.0006906628608703613,20,0.00023469063970777725,90
2024-11-29,973.0651245117188,40094983.0,13.510000228881836,0.01915119395735565,0.015155603743005841,0.0024526484448965657,26.4549386582663,-7.900469479352182,-1.8007835652180284,-0.0049506411134674355,-0.028985462631647585,-0.024271836710382688,0.03395055499430599,0.015794001190288613,0.2796604605901967,0.039156544321635955,1,-0.0006906628608703613,20,0.00023469063970777725,90
2024-12-02,1011.1669921875,31168404.0,13.34000015258789,0.052745482060807314,0.026135835977558974,-0.00170188817196526,46.11395894458529,-6.102158343246629,-2.6610585208237487,-0.042307695773321274,-0.037681083312810504,-0.02829273911974206,0.024691330252238464,0.01586694861720239,0.20338957027605975,0.01932376247664025,1,-0.0008000016212463378,20,0.00027596354484558103,90
2024-12-03,1030.70654296875,43414538.0,13.300000190734863,0.023096698317804476,-0.0038494025332032056,0.004701136177487131,55.050543933371245,-3.064974247300597,-2.7418416661191185,0.0048543309496063,0.009755959308571205,-0.004807774616379712,0.06481470174125614,0.016938806842926,0.5132731816271922,0.014218193584024208,1,-0.0009103178977966309,20,0.00031631125344170464,90
2024-12-04,1045.361328125,33466290.0,13.449999809265137,0.009050388191130132,0.017061618910701126,-0.0039120209053116195,58.21604575080967,0.5185571138086971,-2.0897619101335554,0.044554347352087964,0.014423083565532346,0.0047619268614584875,0.07983618964698302,0.017150437641005208,0.6276593694276279,0.004672684385071735,1,-0.0009103178977966309,20,0.00031631125344170464,90
2024-12-05,1050.2459716796875,31425359.0,13.539999961853027,0.017987883531078053,-0.0186282253378528,-0.004651336042930887,59.17435267846908,3.709915847088041,-0.9298263586892361,0.0700001318195782,0.043902578763379774,0.009434242495253153,0.06467685628907605,0.0167422815952572,0.7872358242840612,-0.00930225259963402,0,-0.0009103178977966309,20,0.00031631125344170464,90
2024-12-06,1040.476318359375,30765288.0,12.770000457763672,-0.006265375405473561,0.006949286798550558,0.0003032821885522452,59.17433572042871,5.388644323711219,0.33386777779085486,0.06965175521060529,0.06435629325416703,0.009389597002762429,0.06435629325416703,0.01674087153061305,0.8404248743713584,0.009389597002762429,1,-0.0009103178977966309,20,0.00031631125344170464,90
2024-12-09,1050.2459716796875,22247131.0,14.1899995803833,-0.01896352277443436,-0.008389141638710296,0.0020171769247800952,58.2159796540353,7.421823944068024,1.7514590110462889,0.06927716567941222,0.024038512656488376,-0.022935770351593,0.04411760202297299,0.0167714440961262,0.734042786513389,-0.00930225259963402,0,-0.0009103178977966309,20,0.00031631125344170464,90
2024-12-10,1040.476318359375,28506584.0,14.180000305175781,-0.036300703679240764,-0.024734729997828442,-0.0005310753893845721,59.61541291810599,8.150846185814885,3.031336446000008,0.03864740423107205,0.043689342471159076,-0.009216746414238197,0.05392144552945943,0.016818059338148263,0.8404248743713584,-0.018779369987875993,0,-0.0009103178977966309,20,0.00031631125344170464,90
2024-12-11,1020.9368286132812,25264194.0,13.579999923706055,0.013858513350192725,0.027192596903578448,0.00472647811741278,58.21596257901628,7.070424587087018,3.83915407421741,0.009478716766932571,0.054455382158306476,0.014285780584375685,0.019138784299351563,0.016490339055624515,0.734042786513389,0.018251238758538735,1,-0.0008052557706832886,20,0.00027071568701002335,90
2024-12-12,1039.5701904296875,22791260.0,13.920000076293945,-0.013011376350273607,-0.00907153527448068,-0.001168319802240636,55.95642991696122,7.629787814610722,4.597280822296073,-0.023364648045214653,0.04499995533128032,0.00966194159942435,0.0,0.016758942016483376,0.5212766169557627,0.00471703264347223,1,-0.0009163111448287964,20,0.000264616116233494,92
2024-12-13,1044.473876953125,20423659.0,13.8100004196167,0.049775415574739856,0.033637786941277614,-0.0006095614844506825,59.91719884733897,8.37226348118304,5.3522773540734665,-0.010165029467264608,0.05877871359917797,0.028089522760965213,-0.0055398430566584445,0.0165845148605807,0.7241759286151507,0.018779429965884997,1,-0.0009163111448287964,20,0.000264616116233494,92
2024-12-16,1064.0885009765625,39722392.0,14.6899995803833,0.006119623898484194,0.02063782877548337,0.0009948574552680611,70.07640316715256,10.423264128017536,6.36647470886228,0.0038420466888215987,0.07338537847324345,0.03293905460024038,0.023054363091018715,0.0161806968652726,0.7775723382379623,-0.009216689248943366,0,-0.0010215342044830322,20,0.00029322310634281325,92
2024-12-17,1054.2811279296875,37880707.0,15.869999885559082,-0.007714258325504653,-0.016413438691629256,-0.002501633362811728,70.06272815024344,11.129035284869133,7.318986824063651,0.01318027364078933,0.05233706123513304,0.06260361878344445,0.05233706123513304,0.01633372585475972,0.9911566475014173,0.009302426826262034,1,-0.0010215342044830322,20,0.00029322310634281325,92
2024-12-18,1064.0885009765625,41863190.0,27.6200008392334,-0.02541618241310606,-0.03845611854476838,0.0003948023999278405,70.808568527555,12.337517827054853,8.322693024661891,0.013267778734339597,0.022872257018021314,0.037625229057856924,-0.005410052224583017,0.01462160859462169,0.884363828255794,-0.013824804437024496,0,-0.0010215342044830322,20,0.00029322310634281325,92
2024-12-19,1049.377685546875,42702851.0,24.09000015258789,-0.004704410539516313,-0.015592451776015981,0.007653556048109023,68.74941328652223,11.970223797885637,9.05219917930664,0.04226674085397941,0.017914545284693384,0.06260361878344445,0.003842047986733599,0.014692285731813819,0.9911566475014173,-0.03271051411376391,0,-0.0010215342044830322,20,0.00029322310634281325,92
2024-12-20,1015.052001953125,52030520.0,18.360000610351562,0.013203919697043265,0.014599034686988643,-0.0014688883539788478,50.97256371658322,8.807813843930944,9.003322112231501,0.009434182710773786,-0.0008267455017454406,0.06347634147646453,-0.0008267455017454406,0.014781228496552291,0.8309700770885657,0.043478375901019106,1,-0.0009211301803588867,20,0.000259573044984237,92
2024-12-23,1059.184814453125,30728473.0,16.780000686645508,0.05146786601421183,0.030985423483714136,-0.00042905113412716744,56.34758679385022,9.750334519961598,9.15272459377752,-0.02816908651255856,-0.024435266769299524,-0.0009841415823096389,-0.019833409637741828,0.01548249846757713,0.45719653895667584,0.0,0,-0.0009890615940093995,20,0.0002796818380770476,92
2024-12-24,1059.184814453125,26461906.0,14.270000457763672,-0.004967170842571811,0.010707703754578857,-0.00024526060488960777,53.29650496300958,10.377661721752474,9.397712019372513,-0.004608344624471683,0.00851118977313603,0.05257238052913071,0.022782641823648753,0.01689616064632566,0.9377602378786056,0.004629679784419194,1,-0.0009890615940093995,20,0.0002796818380770476,92
2024-12-25,1064.0885009765625,15481622.0,14.270000457763672,0.0,0.0,0.00018390283940372676,53.3007463777017,11.14207071395117,9.746583758288244,0.004651213413131128,0.01798070341788227,0.07341523165228492,0.01798070341788227,0.016884310965627963,0.9377602378786056,0.0,0,-0.0009890615940093995,20,0.0002770799657572871,92
2024-12-26,1064.0885009765625,14374900.0,14.729999542236328,-0.01584836903680298,0.00033825837144640936,0.0028792111504165607,55.90546060705977,11.613991483178552,10.120065303266307,0.0,0.04226674085397941,0.0891686976356878,0.037303604877521046,0.01673460953055212,0.9911566475014173,0.0046082299062764065,1,-0.0009890615940093995,20,0.0002770799657572871,92
2024-12-27,1068.9920654296875,24948385.0,15.949999809265137,-0.007042277723312229,-0.010113373528816583,0.00041578320025936755,54.80540620714991,12.242544333014166,10.544561109215879,0.014018608964436963,0.023585045793532045,0.08375005804463154,0.047277661824251194,0.01665274012413466,0.9911566475014173,0.0,0,-0.0009890615940093995,20,0.0002770799657572871,92
2024-12-30,1068.9920654296875,23954634.0,17.399999618530273,-0.006149885253519782,-0.01882900840205104,0.0026587407296438936,57.6952090940116,12.595484094759968,10.954745706324697,0.053140197125638,0.023474199802952844,0.09858224131309257,0.06231840536444411,0.01657112521719153,1.0,-0.013761502985606189,0,-0.0009890615940093995,20,0.0002770799657572871,92
2024-12-31,1054.2811279296875,28397820.0,17.350000381469727,-0.014471727391040856,-0.009266785904266217,-0.0014782773801352844,59.23900672302276,11.554943491059248,11.074785263271608,0.009259244319534732,0.0046082299062764065,0.05718647235219976,0.06231840536444411,0.01657112521719153,1.0,-0.009302311040909172,0,-0.0009890615940093995,20,0.0002770799657572871,92
2025-01-02,1044.473876953125,43177098.0,17.93000030517578,0.020709873545190938,0.008347471300082843,0.001251537494249222,51.42858158928858,9.82568005138478,10.824964220894243,-0.004629679784419305,0.0,0.022872257018021314,0.05280993143431467,0.016711798234660107,0.8466443591422356,0.009389656546673564,1,-0.0009890615940093995,20,0.0002770799657572871,92
2025-01-03,1054.2811279296875,30415096.0,16.1299991607666,0.03487453381094818,0.028308254972368774,0.0020975544231986998,52.777764332069054,9.141215268557744,10.488214430426943,-0.018433263779691456,-0.018433263779691456,-0.0008489420337240983,0.02797291643326627,0.016656190740927893,0.7444076894151241,0.046511670989898724,1,-0.0009890615940093995,20,0.0002770799657572871,92
2025-01-06,1103.3175048828125,69289786.0,16.040000915527344,0.05464741590678068,0.028369513260089407,0.0012929662335154912,59.52377000986268,12.412514067235406,10.873074357788637,-0.009216689248943366,0.0046727145529659175,0.003842105905482729,0.027743099894556256,0.016653310552741288,0.8466443591422356,0.004444381994687774,1,-0.0010554015636444092,20,0.00029667240122090215,92
2025-01-07,1108.2210693359375,48758688.0,17.81999969482422,-0.03904375471914101,-0.018434567487561337,-0.005362688493261603,63.41460452848701,15.225211839471513,11.743501854125213,0.03211009750509963,0.08695663154188193,0.060396556283496716,0.06539857541005167,0.01804636698761989,1.0,-0.02212391476301223,0,-0.0010554015636444092,20,0.00029667240122090215,92
2025-01-08,1083.702880859375,45211419.0,17.700000762939453,-0.020338672488229625,-0.009573581916398899,-0.00034527787352645056,54.545413398645664,15.299518855606493,12.45470525442147,0.036697189038986666,0.04629622159767344,0.05520144729860643,0.06510936364547204,0.018045291739823877,1.0,-0.004524711034194273,0,-0.000956416130065918,20,0.00026383218557938284,92
2025-01-09,1078.7994384765625,27263215.0,17.700000762939453,0.0,0.0,0.005983308797275377,57.142840208278386,14.792225315138921,12.92220926656496,0.027906933122727517,0.02314805317418478,0.04154497487089359,0.01765633851639903,0.01807255165719904,0.8185933403932,0.0,0,-0.000956416130065918,20,0.00026383218557938284,92
2025-01-10,1078.7994384765625,22021522.0,19.540000915527344,0.006035168310319916,-0.024190510223085493,-0.0027125588031043923,68.5714976646,14.226200742805077,13.183007561812985,0.03286397322216428,0.013824919155219773,0.05667599428446013,0.01772008314476059,0.018072119842536906,0.782313453561808,-0.02272740388287442,0,-0.000956416130065918,20,0.00026383218557938284,92
2025-01-13,1054.2811279296875,56690300.0,19.190000534057617,-0.03364202150276108,-0.003460104980847145,0.008080683673291622,48.387078641309195,11.664735626920447,12.879353174834478,0.023255951280302334,0.013824919155219773,0.03773602630011963,0.0516442433543709,0.01731213130505193,0.782313453561808,0.0139535244540403,1,-0.0008570849895477295,20,0.00023165604342585024,92
2025-01-14,1068.9920654296875,28695247.0,18.709999084472656,0.00044684748406842445,0.005161344540757673,-0.0012629097569892833,52.941172163693196,10.69848035804307,12.443178611476197,-0.0444444837828738,-0.013761502985606189,0.009389656546673564,0.042637997556582485,0.017545452636831303,0.600905890773778,-0.02293580024535291,0,-0.0008570849895477295,20,0.00023165604342585024,92
2025-01-15,1044.473876953125,35489482.0,16.1200008392334,0.026557536363466916,0.021347758577277887,-0.0030888493404357398,44.73681624599324,7.863655863122176,11.527274061805393,-0.03539817550099156,0.0,0.0046082299062764065,0.05718647235219976,0.01765503669474377,0.7097500671741039,0.03755862618669448,1,-0.0007572144269943238,20,0.00020008437011552894,92
2025-01-16,1083.702880859375,47542962.0,16.600000381469727,0.03863635494432249,0.0018026065315257522,-0.004746202771525931,54.34779432257576,8.682404438106005,10.958300137065516,-0.036199039975921665,-0.009302311040909172,-0.009302311040909172,0.03293905460024038,0.018052046818617024,0.5283434075673039,0.013574696311902557,1,-0.000824505090713501,20,0.0002195485260175622,92
2025-01-17,1098.413818359375,59214050.0,15.970000267028809,-0.015317355534918975,0.028429481256493583,0.0014330122044485805,56.24999027583942,10.398451419211824,10.846330393494778,0.004545277099640366,0.03755862618669448,0.01843303434330079,0.08219062778179542,0.018830016829216246,0.8185933403932,0.0,0,-0.000824505090713501,20,0.0002195485260175622,92
2025-01-20,1098.413818359375,29834528.0,15.970000267028809,0.0,0.0,0.002040049502909147,56.24999027583942,11.624431801340734,11.00195067506397,0.018181674167824236,0.04186045757676782,0.0467287740990463,0.08106069593941734,0.018813456342325938,0.927437516793526,0.0,0,-0.000824505090713501,20,0.0002195485260175622,92
2025-01-21,1098.413818359375,21904213.0,15.0600004196167,0.034042662085009834,0.01294974190636533,-0.018049163113836197,60.0,12.452485584474971,11.29205765694617,0.04186045757676782,-0.004444492634020469,0.08212566079949424,0.09688103690552041,0.01863663815387053,0.927437516793526,0.0133928918720021,1,-0.000824505090713501,20,0.0002195485260175622,92
2025-01-22,1113.124755859375,42960405.0,15.100000381469727,0.020576097837316176,0.01688017831412103,0.008293035215003464,65.21739365726364,14.132859083118774,11.860217942180691,0.027522891779240055,-0.008849543875247834,0.037036977278138705,0.11317128719699854,0.01844676790925067,0.927437516793526,0.0,0,-0.000824505090713501,20,0.0002195485260175622,92
2025-01-23,1113.124755859375,42960405.0,15.020000457763672,0.0063619481227996655,-0.004497859407811999,-9.201915309597908e-05,63.63636877972056,15.288332803331286,12.54584091441081,0.06572771269925304,0.027149392623805335,0.05092590138209263,0.09553922494720513,0.018031904344154904,1.0,0.0,0,-0.000824505090713501,20,0.00023433883139427673,94
2025-01-24,1113.124755859375,42960405.0,14.850000381469727,-0.012198352559957049,-0.018871598035105297,0.0018231069883152262,52.941172163693196,16.019392466707814,13.240551224870211,0.027149392623805335,0.03181807123600788,0.04608287265374056,0.10617557777747177,0.017937305915145432,1.0,0.0,0,-0.000824505090713501,20,0.00023433883139427673,94
2025-01-27,1113.124755859375,42960405.0,17.899999618530273,-0.13327023349874323,-0.09148356447126238,0.0028461453505732592,51.5151675167034,16.409602830131462,13.874361545922461,0.0133928918720021,0.03181807123600788,0.04608287265374056,0.12807986988144537,0.01760415324508107,1.0,0.0,0,-0.000824505090713501,20,0.00023433883139427673,94
2025-01-28,1113.124755859375,42960405.0,16.40999984741211,0.052467339810159386,0.011083224440501471,0.005285148140542928,60.7143111161689,16.528319179478785,14.405153072633727,0.0133928918720021,0.055813982030807896,0.041284394764846244,0.1393607200272735,0.01749279963785373,1.0,0.0,0,-0.000824505090713501,20,0.00023433883139427673,94
2025-01-29,1113.124755859375,42960405.0,16.559999465942383,-0.00034571117777260074,0.0022560108629232634,-0.0012520013183110468,62.96289808197808,16.43297365056901,14.810717188220785,0.0133928918720021,0.041284394764846244,0.041284394764846244,0.13369237395798628,0.017497676926384376,1.0,0.0,0,-0.000824505090713501,20,0.00023433883139427673,94
2025-01-30,1113.124755859375,42960405.0,15.84000015258789,0.02876480865680553,0.022860390245733164,-0.004627997644679804,62.96289808197808,16.171002382613096,15.082774227099248,0.0,0.06572771269925304,0.055813982030807896,0.14393654424511193,0.01740098863324342,1.0,0.0,0,-0.000824505090713501,20,0.00023433883139427673,94
2025-01-31,1113.124755859375,42960405.0,16.43000030517578,0.00562093884467707,-0.0029181195871885723,0.006893228711458477,77.27272212937325,15.78146931076617,15.222513243832633,0.0,0.027149392623805335,0.06572771269925304,0.10083177601684312,0.016459441680436507,1.0,-0.05726857656964501,0,-0.000824505090713501,20,0.00023433883139427673,94
2025-02-03,1049.377685546875,97946226.0,18.6200008392334,-0.04548059726262044,-0.01815047046661944,-0.003354747105550504,43.75004375875662,10.211197399794855,14.220250075025078,0.0,0.0133928918720021,0.055813982030807896,0.07996283079103716,0.016244107077714398,1.0,0.023364270723138292,1,-0.0006867647171020508,20,0.00018794359044825776,94
2025-02-04,1073.8956298828125,53308108.0,17.209999084472656,0.021271215369619734,0.010514067454417741,0.004843438559004598,59.37500729313745,7.686504739652037,12.91350100795047,-0.05726857656964501,-0.04464267655130372,-0.04888875513822888,0.0038420757625297064,0.018514948675556257,0.3500022404445042,0.01369855228044159,1,-0.0007335573434829711,20,0.0002073024181609458,94
2025-02-05,1088.6064453125,40385340.0,15.770000457763672,0.022151500932453994,0.023090140007079984,-0.002891986256126744,51.851831363025326,6.794386026072061,11.68967801157479,-0.035242344373408674,-0.02232144940891556,-0.030973458638260065,0.022518208915671023,0.018845323086046,0.5999997510617218,0.004504666139784064,1,-0.0007335573434829711,20,0.0002073024181609458,94
2025-02-06,1093.51025390625,29971252.0,15.5,0.009253400457929883,0.00021405160561727143,-0.0021221627178528157,48.00002389814611,6.409190727742043,10.63358055480824,-0.022026561189851468,-0.022026561189851468,0.0045248236760582206,0.046257782232868694,0.01888161712079229,0.7499987553086088,0.008968595348355368,1,-0.0007335573434829711,20,0.0002073024181609458,94
2025-02-07,1103.3175048828125,27883220.0,16.540000915527344,-0.020807491327510585,-0.016347281551089443,-0.0007860262820782449,51.85187575546076,6.816705136266364,9.870205471099865,-0.017621117354435167,-0.017621117354435167,0.013636283914331138,0.04119442815607166,0.018845275773577523,0.8000004978765565,-0.017777859896749182,0,-0.0007335573434829711,20,0.0002073024181609458,94
2025-02-10,1083.702880859375,28527108.0,15.8100004196167,0.008878256986653232,0.014638671044946427,0.0009726337705842081,45.161272189681725,5.493600205049461,8.994884417889786,-0.008810558677217584,-0.008810558677217584,0.02272717757516962,0.060396556283496716,0.018809307477429107,0.9000002489382782,0.0045248236760582206,1,-0.0005946338176727294,20,0.00016182090373749428,94
2025-02-11,1088.6064453125,18898928.0,16.020000457763672,0.0037990973088850577,-0.0005311592278757216,0.0011422745347031693,41.379242264005825,4.785541936623986,8.153015921636626,0.03271004880822459,-0.02643178569619109,0.027906933122727517,0.06147887948302122,0.018783497110878393,0.6999995021234435,-0.009008771607192045,0,-0.0005946338176727294,20,0.00016182090373749428,94
2025-02-12,1078.7994384765625,24172954.0,15.890000343322754,-0.011305940090998723,0.0021298991453009286,-0.0018895087172872138,38.70967482893447,3.3939340079350586,7.201199538896313,0.01369855228044159,-0.022026561189851468,0.0183484803275209,0.04716973931557633,0.01860517513050328,0.7499987553086088,-0.009091006814690772,0,-0.0005946338176727294,20,0.00016182090373749428,94
2025-02-13,1068.9920654296875,33210403.0,15.100000381469727,-0.022046662004308493,0.012886034810488889,0.0016004999541816556,36.363602074493166,1.4826110400329071,6.057481839123632,-0.009008771607192045,-0.030836900537992262,0.03286397322216428,0.03286397322216428,0.01866355917949088,0.6500014936296694,-0.027523005971212378,0,-0.0005946338176727294,20,0.00016182090373749428,94
2025-02-14,1039.5701904296875,64486940.0,14.770000457763672,0.010256017009814489,0.0008823623827647342,-0.007319906963362488,30.76917675880175,-2.3788042315718485,4.3702246249845365,-0.02242154418669451,-0.039647568879748185,-0.013574583670038609,0.0046082299062764065,0.018508650799099878,0.5500004978765565,0.023585045793532045,1,-0.00045503973960876466,20,0.00011707176553442123,94
2025-02-17,1064.0885009765625,35491271.0,14.770000457763672,0.0,0.0,0.0015391983887540484,38.63637006556707,-3.4211440818637584,2.8119508836148777,-0.05777785104560251,-0.06607935457593928,-0.05357145635474447,-0.01395352445404019,0.01894800653082596,0.25,0.013824919155219773,1,-0.0005022823810577392,20,0.00013597594930770548,94
2025-02-18,1078.7994384765625,21616188.0,15.350000381469727,-0.005689042706000791,0.016841878196961924,0.0012581943498035653,42.55321064716117,-3.025282636002885,1.6445041796913253,-0.01809940734609683,0.014018608964436963,-0.03124989581256532,0.0,0.01924774752778206,0.5000012446913912,-0.009091006814690772,0,-0.0005022823810577392,20,0.00013597594930770548,94
2025-02-19,1068.9920654296875,26400293.0,15.270000457763672,-0.008829075973424305,0.011781960596474628,0.0004493902906270719,40.816325493800164,-3.4630131692129,0.6230007099104803,-0.009008771607192045,0.004566373544405922,-0.01785700394056322,0.028037334255258672,0.01922986203690636,0.6500014936296694,-0.009174297259746611,0,-0.0005022823810577392,20,0.00013597594930770548,94
2025-02-20,1059.184814453125,29643124.0,15.65999984741211,-0.004229788922659017,0.0001770237841800526,0.0007610438798688612,39.215687231597826,-4.548844711377114,-0.41136837434703866,-0.009091006814690772,-0.018017879617809873,-0.039647568879748185,0.053140197125638,0.018558425855639406,0.40000066383540867,0.013888808854650048,1,-0.0005022823810577392,20,0.00013683133936942893,94
2025-02-21,1073.8956298828125,28972910.0,18.209999084472656,-0.009295400590620173,-0.03277201441316202,-0.0016155224353523456,56.097506182479215,-4.1742164014578975,-1.1639379797692104,-0.009174297259746611,-0.03139013953504988,-0.04845812755696577,0.0,0.01738827273885475,0.2666676624197796,-0.01826481215429232,0,-0.0005022823810577392,20,0.00017157844875169837,92
2025-02-24,1054.2811279296875,30822970.0,18.979999542236328,-0.033242539041167474,-0.025902361047843825,0.0024378228572174976,45.00001244691392,-5.397824389645848,-2.010715261744538,0.03301887623281807,-0.026666734525457425,-0.035242344373408674,0.013888808854650048,0.017516976393428228,0.46666633474896235,-0.018604622081818345,0,-0.0003495931625366211,20,0.00011236252992049508,92
2025-02-25,1034.6666259765625,45158522.0,19.43000030517578,-0.01189666816257362,-0.022915806679840944,-0.002236579215236012,36.585417684935294,-7.8596675630947175,-3.180505722014574,-0.009216689248943366,-0.027149279981941277,-0.05286346172784373,-0.009216689248943366,0.017739469396903348,0.20000033191770433,0.004739269954220138,1,-0.00019559264183044434,20,5.451168702996296e-05,92
2025-02-26,1039.5701904296875,36768449.0,19.100000381469727,0.027723526335982518,0.020851390062708086,0.002403748003681816,36.5853406784364,-9.307725676367,-4.405949712885059,-0.040909191204551054,-0.04954942125154638,-0.0704845790822789,-0.027649838310439545,0.017968581079144723,0.0,-0.0188678957262306,0,-0.00019559264183044434,20,5.451168702996296e-05,92
2025-02-27,1019.9556884765625,55283596.0,21.1299991607666,-0.06952025314428312,-0.06092582680368519,-0.0008542199220611391,30.23254332977872,-11.900862807797012,-5.90493233186745,-0.027523005971212378,-0.03636380095105818,-0.06607935457593928,-0.027523005971212378,0.017969502676519387,0.062499124825548556,0.0,0,-4.049241542816162e-05,20,-2.142527829045835e-06,92
2025-02-28,1019.9556884765625,55283596.0,19.6299991607666,-0.003092173276799337,0.017069397770310024,0.004622788151135149,33.33333333333333,-13.796900585324238,-7.483325982558807,-0.03703709252744258,-0.04587160049070571,-0.08370047193037444,-0.04587160049070571,0.018191024491728953,0.0,-0.019230679469287026,0,-4.049241542816162e-05,20,-2.142527829045835e-06,92
2025-03-03,1000.3412475585938,65621663.0,22.780000686645508,-0.04187674102723482,-0.040148923860596875,0.00010029005274558855,28.57146244063628,-16.689855377865115,-9.32463186162007,-0.05022829025958153,-0.0188678957262306,-0.08370047193037444,-0.032558146535858534,0.01807832101618974,0.0,-0.01960787184988322,0,0.000115850567817688,20,-5.749256714530613e-05,92
2025-03-04,980.7266845703125,64569262.0,23.510000228881836,0.04064293363305049,0.006368806826804185,-0.0004892272620616867,27.272722129373264,-20.330912101822605,-11.525887909660577,-0.05116271072500045,-0.059907849168057914,-0.0467290649150085,-0.04225345446003137,0.018258529031780393,0.0,0.020000029872619507,1,0.00023613274097442627,20,-0.00010299293891243313,92
2025-03-05,1000.3412475585938,41994320.0,21.93000030517578,0.023777757100493346,0.02090999440511143,-0.0028611765666530786,34.782623989600864,-21.387206081905788,-13.49815154410962,-0.05213267737841565,-0.09090916291608797,-0.08675791456816617,-0.06976739069949522,0.018408972712459667,0.0,-0.014705980155331533,0,0.00017556846141815187,20,-7.228942021079685e-05,92
2025-03-06,985.6302490234375,45187017.0,24.8700008392334,-0.04574579983534355,-0.04529875608924616,0.00019216094991714172,37.209313769477255,-23.144584939967444,-15.427438223281186,-0.037735732740546535,-0.06422013791421277,-0.08108090681804525,-0.09333329424076908,0.017130780502645975,0.14814840425777126,0.0,0,0.00017556846141815187,20,-7.228942021079685e-05,92
2025-03-07,985.6302490234375,40822280.0,23.3700008392334,0.00710853098678732,0.03158299475460935,0.0017315585352613017,28.947330494123406,-24.257692763919067,-17.193489131408764,-0.033653853633969666,-0.06944450527046586,-0.0986547720951334,-0.11061946366527597,0.017204705197604774,0.03703652481779081,-0.00696513857639125,0,0.00017556846141815187,20,-7.228942021079685e-05,92
2025-03-10,978.7651977539062,46849886.0,27.860000610351562,-0.03642015951223554,-0.048492416731706234,-0.0009403841713142569,21.977968243221284,-25.40098426271652,-18.834988157670317,-0.033653853633969666,-0.08219176836487063,-0.1066667168231642,-0.09049771258166817,0.01693015998972597,0.03703652481779081,-0.02705404042095305,0,0.00017556846141815187,20,-7.228942021079685e-05,92
2025-03-11,952.28564453125,50204233.0,26.920000076293945,0.001875314146471796,-0.00704185853899475,0.0012063354165599005,20.100469981598536,-28.119584591357125,-20.69190744440768,-0.021568689542039166,-0.07162788764328287,-0.09683252204908166,-0.09272737559441135,0.016942815483491178,0.0,0.017507733500967237,1,0.00023775696754455567,20,-0.00010126569996709409,92
2025-03-12,968.9580078125,34184887.0,24.229999542236328,0.036263434542510575,0.024450957485938618,6.697012528866786e-05,27.669884140722957,-28.599101913681125,-22.27334633826237,-0.028999965522018445,-0.07962079705388947,-0.1252250538918288,-0.11727276584790425,0.01736715177823718,0.0,-0.023279464691553176,0,0.0001763761043548584,20,-5.469994342073481e-05,94
2025-03-13,946.4011840820312,37035693.0,24.65999984741211,-0.031495080157462274,-0.006199433395782106,0.0011408531144070366,19.626161701320797,-30.448281174186832,-23.908333305447265,-0.03137253394547801,-0.06792440112966425,-0.10181821267832336,-0.08093014079151561,0.01735179344050209,0.10365863839695688,-0.0062175295664465,0,0.00023054778575897216,20,-7.271956890187365e-05,94
2025-03-14,940.5169067382812,34333748.0,21.770000457763672,0.014569569702105989,0.032684022650291134,0.0018871601352579148,20.99999906648,-32.019480426515315,-25.530562729660875,-0.03980099533296022,-0.0721153920955081,-0.11467894413077817,-0.11467894413077817,0.01747489854699976,0.0,0.011470184910810088,1,0.00023054778575897216,20,-7.271956890187365e-05,94
2025-03-17,951.3048095703125,31491061.0,20.510000228881836,0.012349984553500004,0.014173331512768339,-0.0012860909638311435,27.748655274569018,-32.02500918260478,-26.829452020249658,-0.04577106103415007,-0.07788454207940487,-0.09528292038699604,-0.09953046458002435,0.01719189594371952,0.0,0.0056966499420192385,1,0.00023054778575897216,20,-7.271956890187365e-05,94
2025-03-18,956.7240600585938,21575327.0,21.700000762939453,-0.013818842440962764,-0.016067947743103383,0.0009233778296404704,27.947016338383676,-31.232078577255265,-27.70997733165078,-0.02805615508868775,-0.04901971013187578,-0.10599089389909133,-0.12217192888153161,0.016154914351528642,0.06249949169149864,-0.01956744151359302,0,0.00023054778575897216,20,-7.271956890187365e-05,94
2025-03-19,938.00341796875,35245036.0,19.899999618530273,0.003638743873600303,0.009914949810780227,0.000691720867479928,28.080645624702882,-31.748300080775152,-28.517641881475658,0.004660802725350965,-0.024474325915007644,-0.11315854834922678,-0.12899487964600942,0.016003168273806104,0.09389580718859607,0.0346638732014215,1,0.00028512179851531984,20,-9.03149868579621e-05,94
2025-03-20,970.5182495117188,28715956.0,19.799999237060547,0.021351378262516096,-0.0071549152785587156,0.0007308017918177256,38.73632860573681,-29.197167402546597,-28.653546985689847,-0.03194626556999358,-0.06231656421444565,-0.12253472378046681,-0.14603822139657618,0.016192743635930564,0.0,-0.013198061929677096,0,0.00023152828216552735,20,-7.175701729794766e-05,94
2025-03-21,957.7092895507812,39214916.0,19.280000686645508,-0.004169863736286694,-0.009436302833543797,-0.0004847648711218122,39.97601644521009,-27.887482852071344,-28.500334158966147,0.02548291975467043,-0.01533232114851557,-0.08371208096217497,-0.11643659858420663,0.01723191780523719,0.18567030114443528,0.0,0,0.00023152828216552735,20,-7.175701729794766e-05,94
2025-03-24,957.7092895507812,16121506.0,17.479999542236328,0.02506660559696794,0.02989721556663638,-0.00037294347691796403,44.03803219349105,-26.54357065039335,-28.108981457251588,0.01827971691877739,-0.028328026154148866,-0.1081914639551238,-0.13962088749756274,0.017110643089292346,0.11252695884689327,0.01851857634791787,1,0.00023152828216552735,20,-7.175701729794766e-05,94
2025-03-25,975.4447021484375,26167428.0,17.149999618530273,-0.0014352891137174861,-0.007004437284339082,0.001100854006351959,43.48790079890775,-23.773366403107275,-27.241858446422725,0.006732311154152182,-0.021512726700381846,-0.09159970317266919,-0.13962088749756274,0.017110643089292346,0.11252695884689327,-0.010100999356388307,0,0.0001774430274963379,20,-5.364735075768004e-05,94
2025-03-26,965.5917358398438,21735917.0,18.329999923706055,-0.040906382366066696,-0.03273728466282244,0.0010299623953369252,44.621920403157354,-22.118048519986246,-26.21709646113543,0.01956744151359291,0.024319444223678488,-0.05723768636320792,-0.12368789121453261,0.017436679078886252,0.2138019537234925,-0.02244900603688116,0,0.0001774430274963379,20,-5.364735075768004e-05,94
2025-03-27,943.9151611328125,34563256.0,18.690000534057617,-0.030317081828955983,-0.02073533393257454,0.001307340140583202,39.971110411990644,-22.298274958330012,-25.43333216057435,0.029411745567874847,-0.0034741154369072325,-0.0711625393560642,-0.13253951926136986,0.017464084426070538,0.15753830003471364,-0.006263002659018357,0,0.00023231804370880127,20,-7.095362277741128e-05,94
2025-03-28,938.00341796875,33101234.0,21.649999618530273,-0.01777237999325676,-0.029520376818979677,0.0006920720797163327,40.15517255103945,-22.656958660053533,-24.878057460470185,-0.027411219101022177,-0.0026268172430807812,-0.07455277538314087,-0.1520131448302272,0.017704705479343552,0.03375798309486865,-0.04411765088642505,0,0.00023231804370880127,20,-7.095362277741128e-05,94
2025-03-31,896.6209106445312,51064611.0,22.280000686645508,0.004538702223947366,-0.0033792961674189437,0.0022469010496022346,37.4586187540343,-25.980948370628766,-25.098635642501904,-0.02057604723796136,-0.0026724546380011427,-0.08034885381169743,-0.15732408875896808,0.017698603094914174,0.0,0.037362569439825855,1,0.00028748512268066405,20,-8.791114421600991e-05,94
2025-04-01,930.1209716796875,32197752.0,21.770000457763672,0.015903579073027307,0.0028169961013468914,0.001606192017939545,41.866655827422875,-25.61676508841026,-25.20226153168358,-0.06378593125571941,-0.057483046838038176,-0.10368495467641625,-0.19450097042150005,0.01873929213852711,0.0,-0.0021186287748451438,0,0.00023304224014282228,20,-7.015847145242894e-05,94
2025-04-02,928.150390625,24849656.0,21.510000228881836,0.01037714322564498,0.008941131828846816,-0.0010711050560909818,45.81721769671055,-25.196704708260768,-25.201150166999017,-0.046464684639655696,-0.027806438125196675,-0.05160022021099275,-0.16440545699516096,0.01983544295500433,0.1620735995124194,0.0,0,0.00023304224014282228,20,-7.015847145242894e-05,94
2025-04-03,928.150390625,24849656.0,30.020000457763672,-0.07635421220507654,-0.0988393354380026,0.0017769790735353563,47.08723557864405,-24.58045563881865,-25.077011261362944,-0.038775544389139105,-0.010504255267093532,-0.07216623038366243,-0.1155230348344013,0.017965404270585444,0.15253991047439006,0.0,0,0.00023304224014282228,20,-7.015847145242894e-05,94
2025-04-04,928.150390625,24849656.0,45.310001373291016,-0.0672259001240102,-0.07602814650155743,-0.006956769059006995,44.25430213220972,-23.817520263742153,-24.82511306183879,-0.01670146974744302,-0.04365488120190897,-0.05831787169213665,-0.13571639105535493,0.017492216918620036,0.15253991047439006,-0.09978775307072829,0,0.00023304224014282228,20,-7.015847145242894e-05,94
2025-04-07,835.5323486328125,23820773.0,46.97999954223633,-0.004291493672777591,0.02704258919388991,0.0039779856690886906,29.010229527467075,-30.336687974796973,-25.927428044430428,-0.010504255267093532,-0.03086416645247958,-0.05831787169213665,-0.14739583380056032,0.017293790322770255,0.15253991047439006,-0.03773579805983651,0,0.0002886384725570679,20,-8.675392637861535e-05,94
2025-04-08,804.0028686523438,116648736.0,52.33000183105469,-0.03283844153417548,-0.03572714421307854,-0.005500181172965579,27.77777215451249,-37.61375295512187,-28.264693026568718,-0.06813198452822788,-0.1275720537025139,-0.14634035767698717,-0.23591722560614847,0.02272875745261993,0.0,-0.03799014984153315,0,0.000344577431678772,20,-0.00010295497610213909,94
2025-04-09,773.4586791992188,107582838.0,33.619998931884766,0.12293969095050095,0.18734816328191917,0.003050360677505859,17.105259940483023,-45.32308390229093,-31.676371201713163,-0.1355932259000563,-0.17575761405899226,-0.15571249732730819,-0.2712860395179356,0.023111499451860033,0.0,0.0993631250785667,1,0.0004008263349533081,20,-0.00011883390710708943,94
2025-04-10,850.3119506835938,19416428.0,40.720001220703125,-0.047999821730211445,-0.07969604437323252,-0.01489084234874749,35.23036658882859,-44.71591032194863,-34.284279025760256,-0.16666664474667148,-0.19897959925424713,-0.2017624365937556,-0.2862816064622187,0.023542723875604563,0.0,0.030127385320946054,1,0.0003461122512817383,20,-0.0001013678439120029,94
2025-04-11,875.9296264648438,76103586.0,37.560001373291016,0.03936990086970771,0.025068669840898172,0.006081981557515048,39.49367445930624,-41.68704622577502,-35.76483246576321,-0.08386403833649336,-0.09916485538476105,-0.10153118467580946,-0.2188986622805641,0.02872380167802579,0.25169673274627735,-0.02699670850535396,0,0.00029101669788360595,20,-8.42873086320593e-05,94
2025-04-14,852.2824096679688,66326054.0,30.889999389648438,-0.007894022817433455,0.00308704018162409,-0.012941415741642648,34.41395225900993,-40.72532616583669,-36.75693120577791,-0.05626325721308134,-0.06617650886425053,-0.06867210978421068,-0.1880514623721008,0.029236156328142672,0.3355953771391186,0.01387301947643893,1,0.00034763813018798826,20,-9.978578445759225e-05,94
2025-04-15,864.1061401367188,30562095.0,30.1200008392334,0.009560988336551723,0.0046637262033144555,-0.0001606647441906306,37.22085538202167,-38.564531937143215,-37.118451352050975,0.020047172395616375,-0.04945066577210433,-0.1040911376733924,-0.20272335293210153,0.029434169969234685,0.25815004408616704,-0.02508561707333523,0,0.00034763813018798826,20,-9.978578445759225e-05,94
2025-04-16,842.4295043945312,42128082.0,32.63999938964844,-0.035975168872014684,-0.040955862816407396,0.0045493231013253865,37.22084966073487,-38.16131045606619,-37.32702317285402,0.07475504606733452,-0.07097445768129906,-0.09680734894051135,-0.16878518825212163,0.029353052250583597,0.29687311039651965,-0.009356729806812125,0,0.00040442049503326417,20,-0.00011504520761205795,94
2025-04-17,834.547119140625,33684502.0,29.649999618530273,0.00046148791199085437,-0.00640364611156885,-0.0038519004653240208,37.037038736512244,-38.03930372668992,-37.469479283621205,0.08917195843832237,-0.09235667742675391,-0.10189079457853623,-0.2083087979793078,0.029198978134873786,0.22588148846733455,0.0035418869878491854,1,0.00040442049503326417,20,-0.00011504520761205795,94
2025-04-18,837.5029907226562,20101219.0,29.649999618530273,0.0,0.0,0.0,41.803274804075016,-37.27442204639908,-37.43046783617678,-0.018540056423169027,-0.100849250757029,-0.14010156989783829,-0.22641124070370378,0.02905067014632749,0.20333197964634436,-0.017647004379721443,0,0.00040442049503326417,20,-0.00011504520761205795,94
2025-04-21,822.7235717773438,18415705.0,33.81999969482422,-0.02557017249609661,-0.02102040177994402,0.0,34.29396438380374,-37.429361021336945,-37.43024647320882,-0.043869546800549775,-0.0976645604181704,-0.12551439162139533,-0.2165489176142602,0.02907989131464814,0.21317055501234267,-0.02275454814617428,0,0.00046170651912689207,20,-0.00012986203457446808,94
2025-04-22,804.0028686523438,28888527.0,30.56999969482422,0.023941548766700738,0.021359824355082768,0.0019087153159529358,32.69231849225142,-38.6175959544496,-37.667716369456976,-0.034681975780939234,-0.015330078932823898,-0.14094644298245584,-0.22324833159345303,0.02913618399544855,0.16397747502772553,0.06985304472107368,1,0.0005110204219818115,20,-0.00014476002530848726,94
2025-04-23,860.1649169921875,37863656.0,28.450000762939453,0.04233834063106512,0.039631495181885246,0.004099782822633236,41.80524047203623,-34.628299285710455,-37.05983295270767,-0.06955542692343963,0.0,-0.17575761405899226,-0.2513212212809921,0.029087501736009692,0.10876690802750275,-0.010309273961391474,0,0.0004556238651275635,20,-0.0001280104860346368,94
2025-04-24,851.2972412109375,32238198.0,26.469999313354492,0.04036488897981627,0.05629380708678977,-0.0012526095055448438,40.93024810323233,-31.815550399183053,-36.01097644200275,0.021052696403840887,0.1121019650109012,-0.10918363831682865,-0.18412186825224675,0.03130804222654274,0.32582670848040046,0.02777764633392832,1,0.0004556238651275635,20,-0.0001280104860346368,94
2025-04-25,874.9442749023438,34640282.0,24.84000015258789,0.005603747662086489,0.010317956765157454,-0.002987707483269153,55.55555555555556,-27.362886328666946,-34.28135841933559,0.020070912338132407,0.0011587400677499637,-0.09812102160825797,-0.17722557214267265,0.031242063068274487,0.2925035510557295,0.01013520183030625,1,0.00039978325366973877,20,-0.00011168705656173382,94
2025-04-28,883.81201171875,21830091.0,25.149999618530273,-0.010296863951881563,-0.003760868613991275,0.0025712712450653985,62.017798863468215,-22.855106284319504,-31.996107992332373,0.04470585131568372,-0.0011249209214178046,-0.06722698644634051,-0.1583595961512696,0.03160228160790885,0.41171126579040745,0.005574095589782946,1,0.00039978325366973877,20,-0.00011168705656173382,94
2025-04-29,888.7384643554688,24362874.0,24.170000076293945,0.006609549599936537,-0.009176960188136518,-0.002862987748134538,68.81026524375791,-18.669919357934987,-29.330870265452898,0.07425147648247865,0.036994312792475004,-0.014285746376998532,-0.13347999162704893,0.031577629693062104,0.4476862938136838,0.006651974086282486,1,0.00039978325366973877,20,-0.00011168705656173382,94
2025-04-30,894.6503295898438,35405654.0,24.700000762939453,0.01343622208695816,0.007944205337463428,-0.0032134330087744134,59.41421021665488,-14.70656235294939,-26.406008682952198,0.10539215593242512,0.028506132608724144,-0.04449153237507042,-0.12864992626991856,0.03160190648276204,0.5081033152518372,0.0,0,0.00039978325366973877,20,-0.00011168705656173382,94
2025-05-01,894.6503295898438,35405654.0,24.600000381469727,0.0361749897989434,0.00415364995756784,-0.008963004576923672,54.46009731015649,-11.433771966103563,-23.411561339582473,0.040091628845134064,0.061988362139387077,-0.03609335445368711,-0.10565486350452558,0.03152570546355578,0.5341602542098394,0.046255510064128424,1,0.00039978325366973877,20,-0.00011168705656173382,94
2025-05-02,936.0328369140625,43873135.0,22.68000030517578,0.037980494767101414,0.035169868337439514,0.00248493598366184,68.39827141656153,-5.4381518825562125,-19.81687944817722,0.050925911984911476,0.07201895383823276,-0.03609335445368711,-0.08776793405818417,0.031406150480891,0.5341602542098394,-0.012631617110162363,0,0.00034364759922027587,20,-9.566608895646766e-05,94
2025-05-05,924.209228515625,52770209.0,23.639999389648438,-0.016064206505282397,-0.009294784167029557,-0.043825255887390946,63.20343743186962,-1.6219493317029219,-16.177893424882363,0.0698199459828881,0.11764715742255172,0.008492639090260656,-0.06428647304255486,0.03210229602707413,0.7662391235995201,-0.019189758136244572,0,0.00034364759922027587,20,-9.566608895646766e-05,94
2025-05-06,906.473876953125,37538894.0,24.760000228881836,-0.023356004959752097,-0.010325555567885392,-0.0502958895994855,64.31718037630895,-0.028349174832669632,-12.947984574872425,0.04570792913112198,0.12335328683854296,0.106132192281861,-0.0623164929938671,0.03208240940916213,0.7105124849728973,0.00869558893990896,1,0.00039343833923339845,20,-0.00011009041299211219,94
2025-05-07,914.356201171875,36907620.0,23.549999237060547,0.013118146438968248,0.01743358335585299,0.028038417507629143,67.84140103610653,1.8493104205053896,-9.988525575796864,0.019955716230329212,0.1274510481194444,0.1274510481194444,-0.08031041270166028,0.03220380019837865,0.647885896124019,-0.010775851135439107,0,0.00039343833923339845,20,-0.00011009041299211219,94
2025-05-08,904.5032348632812,27985917.0,22.479999542236328,0.003896018953663205,0.010049352880049822,0.013780265518076762,64.52991271982188,2.5133448660760678,-7.488151487422278,0.022026339152040997,0.0630010398112757,0.18216554518275108,-0.06580638209229195,0.03222947537274195,0.6975607515579395,0.03376908927572608,1,0.00039343833923339845,20,-0.00011009041299211219,94
2025-05-09,935.0474853515625,36383573.0,21.899999618530273,0.0074191995879653305,0.00813915978337465,-0.004004524059058268,72.79998592589638,5.441536053368168,-4.9022139792641894,0.01101313546484084,0.06249990141711281,0.06373106262486528,-0.05017655148155575,0.03200703235858413,0.6487803153439403,0.008429930433899502,1,0.00034478306770324707,20,-9.45951076264077e-05,94
2025-05-12,942.9298706054688,23402547.0,18.389999389648438,0.05925664618894011,0.07039744224364708,-0.0007465812307537734,79.49790653998258,8.30248539639149,-2.2612741041330535,-0.00105268909769074,0.06869375818925971,0.06749156222208397,-0.03499689582781118,0.03232970799939542,0.7999999395649705,0.012539223506458086,1,0.00034478306770324707,20,-9.45951076264077e-05,94
2025-05-13,954.7534790039062,38047856.0,18.219999313354492,0.03749072827624178,0.03146248038446209,0.004850160725067942,74.74226195132776,11.392548538562778,0.4694904244061129,0.020255848472656934,0.06688963049025798,0.10635847919566288,-0.003667909059020813,0.03215067714935295,0.8390243489711994,0.030959782405586278,1,0.00034478306770324707,20,-9.45951076264077e-05,94
2025-05-14,984.3124389648438,40475123.0,18.6200008392334,0.003969248102015266,0.005957776720509678,0.0010495309053717428,81.39534414687688,16.041688278873607,3.583929995299612,0.053260886251968564,0.0742794616145177,0.10490301440612981,0.015136965814891656,0.032186539042059634,0.8975611141681163,-0.00600608607627906,0,0.0002955883741378784,20,-7.962863496009339e-05,94
2025-05-15,978.4005737304688,24662270.0,17.829999923706055,-0.002772604767633302,-0.005700730591584824,-0.002803567472373425,76.64972432534074,19.02976363188634,6.6730967226169575,0.07650873664257984,0.10022028317600462,0.1684211365226176,0.03469721698289341,0.032482335353048335,1.0,0.005035272672716307,1,0.0002955883741378784,20,-7.771240903976116e-05,94
2025-05-16,983.3270874023438,16878650.0,17.239999771118164,0.0,-0.0020801535747894118,-0.005692240792755765,76.16577733199598,21.54698314859138,9.647874007811842,0.08169936382632992,0.09361226545238144,0.17237307671492164,0.022657017395953716,0.03249412482322823,0.9719622489020525,-0.01402807837783171,0,0.0002955883741378784,20,-7.771240903976116e-05,94
2025-05-19,969.5328979492188,19906139.0,18.139999389648438,-0.0037072437124200386,-0.004973392079574257,0.001180119416830605,70.29700875276073,22.17322283466558,12.15294377318259,0.051633315748268016,0.0505262728220115,0.17411770261722914,0.048319300937881726,0.03233479265337937,0.9953268485058304,-0.006097516831628069,0,0.0002955883741378784,20,-7.771240903976116e-05,94
2025-05-20,963.6211547851562,20897857.0,18.09000015258789,-0.00025834114171296996,-0.0014149828872110914,-0.0018806606512049573,67.32671718832032,21.939588115970423,14.110272641740158,0.02821315579563488,0.049040485677023904,0.17844307761198608,-0.001015283909391429,0.031992733039516136,0.9299062011886663,0.012269912615105794,1,0.0002955883741378784,20,-7.771240903976116e-05,94
2025-05-21,975.4447021484375,26248757.0,20.8700008392334,-0.008736039605083068,-0.018007317460100314,1.6576947628355043e-05,69.15885902654091,22.449706138952706,15.778159341182668,0.009287921936143917,0.06304349114187047,0.1985294982844552,0.006172922512997614,0.03193743446729278,0.9018690290242538,-0.00808081199943489,0,0.0002955883741378784,20,-7.771240903976116e-05,94
2025-05-22,967.5623168945312,18747545.0,20.280000686645508,0.023101740476871857,-0.005671744976336823,-0.004119872627882826,58.8888701521769,21.96473988440846,17.01547544982783,-0.009009067106509394,0.06681039719342308,0.13402056149808894,0.01851857634791787,0.031987484897237406,0.9579436628198463,0.002036645103141499,1,0.0002955883741378784,20,-7.771240903976116e-05,94
2025-05-23,969.5328979492188,22213030.0,22.290000915527344,-0.02145878071770313,-0.01530536863240417,0.0008260363716483532,63.529399332660674,21.49166749122878,17.91071385810802,-0.011077525020874779,0.06971681205847946,0.1365740073563626,-0.00808081199943489,0.03189405108551449,0.9205604771338621,-0.008130085395327225,0,0.0002955883741378784,20,-7.771240903976116e-05,94
2025-05-26,961.6505126953125,19329052.0,22.290000915527344,0.0,0.0,-0.0025093902970623194,67.49998064191414,20.247313174423425,18.378033721371104,-0.01402807837783171,0.036880921170212355,0.10810816844013571,0.004081602983011301,0.03185245128587939,0.9299062011886663,-0.011270473724971142,0,0.0002955883741378784,20,-7.771240903976116e-05,94
2025-05-27,950.812255859375,26355315.0,18.959999084472656,0.02969050211954327,0.03375098671155752,-0.0018851068666331239,61.34969768140066,18.17706280056177,18.337839537209238,-0.008130085395327225,0.019853695034417473,0.08807133184939397,0.018789137300449177,0.03167597132454129,0.8925230155026822,0.0020725238263850088,1,0.0002955883741378784,20,-7.771240903976116e-05,94
2025-05-28,952.7828369140625,26471533.0,19.309999465942383,-0.007790234672135576,-0.005486407931606152,0.0016646820635146664,65.8064451669241,16.505123101180175,17.971296250003427,-0.013292463394119935,-0.004128000820319722,0.06984483511572037,0.013655427736460224,0.03171311563194689,0.8411212437344918,0.0,0,0.0002955883741378784,20,-7.771240903976116e-05,94
2025-05-29,952.7828369140625,48602590.0,19.18000030517578,0.005149337562582845,0.005390524409315756,-0.0004938834265796332,57.25805645865514,15.007106264329309,17.378458252868604,-0.023232342319827848,-0.03203210769533649,0.06497790857671726,0.06263731483705803,0.03090766183756451,0.850466967789296,0.0,0,0.0002955883741378784,20,-7.771240903976116e-05,94
2025-05-30,952.7828369140625,48602590.0,18.56999969482422,-0.01942682360950021,-0.02107197690075091,-0.0033355992252407374,54.31033700148937,13.662425195408218,16.635251641376527,-0.01527496443630083,-0.02618328065643949,0.06497790857671726,0.024364427772712638,0.030395903762243895,0.850466967789296,-0.021716620349236493,0,0.0002955883741378784,20,-7.771240903976116e-05,94
2025-06-02,932.0916137695312,33676511.0,18.360000610351562,0.007862528529084312,0.01570597671077656,0.0007001895010041448,40.799994053194176,10.80262108491877,15.468725530084976,-0.01727642359592585,-0.031062146949465186,0.017894671361340153,0.026539283437111427,0.030392320585755812,0.850466967789296,0.004228364558063413,1,0.00032856464385986326,20,-8.7927630607118e-05,94
2025-06-03,936.0328369140625,26020787.0,17.690000534057617,0.014216887472481288,0.027234809731778276,0.0038934277980975374,25.252523356415992,8.75332659296032,14.125645742660046,-0.030737672923330184,-0.03861785841293708,0.008528788731709813,0.004246319545130328,0.030595084694608494,0.7523362862803173,0.04210521648397414,1,0.00032856464385986326,20,-8.7927630607118e-05,94
2025-06-04,975.4447021484375,37233567.0,17.610000610351562,0.024239587271300822,0.013886834334076337,-0.0007136504799458709,48.872187805217706,10.191967433137165,13.33891008075547,-0.015543992890535874,-0.028629838328159907,0.032608727854676056,0.008492639090260656,0.030600165486394004,0.7710280238566931,0.00808081199943489,1,0.000296291708946228,20,-7.694071911750956e-05,94
2025-06-05,983.3270874023438,24414444.0,18.479999542236328,0.004644331703480775,-0.00445631147169645,-0.0007976061250243305,50.0,11.831754180788039,13.037478900761984,0.023784921764306466,0.0,0.06681039719342308,0.16745294630969654,0.02684216634404596,0.9579436628198463,-0.0030059901938018774,0,0.000296291708946228,20,-7.694071911750956e-05,94
2025-06-06,980.3712158203125,13670307.0,16.770000457763672,0.009048884457632633,0.005416198450961307,0.00011020349999935064,54.40002339080434,12.745856558520245,12.979154432313637,0.03205793524493994,0.01629328698787158,0.08714601507309916,0.22303927727345085,0.026021622937105793,0.9953268485058304,0.01005017804933539,1,0.000296291708946228,20,-7.694071911750956e-05,94
2025-06-09,990.22412109375,21674308.0,17.15999984741211,0.008870237318149066,0.01957104451108349,-0.0009216583404251244,60.46510399484456,14.102768453957538,13.203877236642418,0.0289555792121583,0.01117890676429778,0.048472116313653224,0.26751595422694785,0.02515322735359342,0.9781419081765843,0.03980107782181186,1,0.000296291708946228,20,-7.694071911750956e-05,94
2025-06-10,1029.6361083984375,44877640.0,16.950000762939453,0.026376893229590026,0.020604797773358552,-0.0001303752620813725,67.51594417447764,18.14913694957204,14.192929179228344,0.06236780426456301,0.029713090172802437,0.05015669983804094,0.16454216631634577,0.02038807851635067,1.0,0.019138734992345308,1,0.0002637624740600586,20,-6.626070813929782e-05,94
2025-06-11,1049.342041015625,37178498.0,17.260000228881836,0.007719016542484303,-0.0019018054065331746,-0.0008323425859342315,74.55623427296902,22.684524134121716,15.89124817020702,0.09999998695875756,0.08290159498188099,0.07843137630947017,0.17547811752176523,0.020743912635100697,1.0,-0.014615743449729601,0,0.00023105740547180176,20,-5.5718929209607714e-05,94
2025-06-12,1034.005126953125,25221606.0,18.020000457763672,0.009891195264740249,0.0031763062743852544,-0.002723416236173337,67.92074726373932,24.75591953430603,17.664182443026824,0.07575758903034391,0.10134439912278959,0.06606601672043277,0.23121400736690845,0.020275291169338874,1.0,-0.01435405173441695,0,0.00023105740547180176,20,-5.5718929209607714e-05,94
2025-06-13,1019.1629638671875,28393455.0,20.81999969482422,-0.02009925634544807,-0.0260822553205462,-0.009470802353383045,65.39072157135354,24.912698709540336,19.11388569632953,0.0515373167281068,0.0852474319354144,0.05683209384336929,0.19661819182250562,0.020452513204295926,0.9374868924731263,-0.004854363699147601,0,0.00023105740547180176,20,-5.5718929209607714e-05,94
2025-06-16,1014.215576171875,28580673.0,19.110000610351562,0.021695887910813116,0.030331041422871907,-0.0006841860324496851,67.51952648032241,24.356962592396485,20.16250107554292,0.039568428184028726,0.06966973415277034,0.03644349568312144,0.2097902062436401,0.020138725822465973,0.8769903849526711,0.019512173985677617,1,0.00023105740547180176,20,-5.5718929209607714e-05,94
2025-06-17,1034.005126953125,26517379.0,21.600000381469727,-0.008252948651499059,-0.008286959915382974,-0.01694628077349214,70.43128527026953,25.222638202911753,21.174528501016688,0.02422830808405796,0.08810717872486906,0.04608680975877166,0.2152885713826005,0.02007374280959535,0.8568248824458526,0.009569367822944708,1,0.000190851092338562,20,-4.470919040923423e-05,94
2025-06-18,1043.89990234375,37931721.0,20.139999389648438,-0.0018700777698777982,0.005239653824277157,0.02213760753044025,71.8334223521201,26.40276341948595,22.22017548471054,0.004243264702015415,0.10466757807563676,0.07304112390897144,0.23462857853309038,0.020199301543307135,0.9374868924731263,-0.0189573260202619,0,0.000190851092338562,20,-4.470919040923423e-05,94
2025-06-19,1024.1103515625,24002557.0,20.139999389648438,0.0,0.0,-0.003555156620861588,65.61093202058464,25.44782313175085,22.865705014118603,-0.005186239051861219,0.07017845301177861,0.07017845301177861,0.26883431829793714,0.019881675253897613,0.9778178974867631,0.019323650767768097,1,0.000231817364692688,20,-5.489968238992894e-05,94
2025-06-20,1043.89990234375,57831332.0,20.6200008392334,-0.018688523219246855,-0.007529973017705194,0.001001978324495223,74.56762797619128,25.98830048280729,23.490224107856342,-0.009569367822944597,0.041474769364783226,0.05844381667267107,0.2737645492224383,0.019756553011786835,0.8725960516105014,-0.033175379003857475,0,0.00019153952598571777,20,-4.39704732691988e-05,94
2025-06-23,1009.2681274414062,32143872.0,19.829999923706055,0.0038662774040079118,0.006297601514684947,-0.001295159830334014,64.17955177524618,23.35293972025363,23.4627672303358,0.024271818495737785,0.06480064438681099,0.07670395151297527,0.2136043701875734,0.017135847222167343,0.9725206686707146,0.02941167399387834,1,0.00023564696311950684,20,-5.45705886597329e-05,94
2025-06-24,1038.952392578125,28163537.0,17.479999542236328,0.04645294499223107,0.0376733443658972,0.004770922482972173,62.77743530295923,23.390043581350028,23.448222500538648,-0.004878103676086987,0.019232016209240754,0.049516549013873146,0.18556489858437852,0.01796932549035056,0.7702154421623241,0.01904783613113148,1,0.00019517838954925538,20,-4.3788488875044154e-05,94
2025-06-25,1058.7421875,38783736.0,16.760000228881836,0.012040530501411517,0.009450737778096796,-0.00727242575527054,64.47937908872797,24.731233453967207,23.70482469122436,0.00478456585566267,0.00904813273708771,0.09269983235448098,0.1874497866667988,0.018023268383085166,0.9372340566745967,0.004672776511042809,1,0.0001545935869216919,20,-4.6189064564912215e-05,92
2025-06-26,1063.689453125,36056692.0,16.59000015258789,0.00570170898556932,0.008767072244792562,-0.003944568587657682,65.8753524920291,25.894839490017944,24.14282765098308,0.014218111451994808,0.008958133875277552,0.11121038969291863,0.1979269046604868,0.018146226255591827,1.0,0.004651272747971502,1,0.0001545935869216919,20,-4.6189064564912215e-05,92
2025-06-27,1068.636962890625,32549027.0,16.31999969482422,0.020356271161076522,0.0006370655860341579,-0.017820919230510768,65.22529650264588,26.906071898540517,24.695476500494568,0.038647301535536194,0.0287081034688339,0.11640282750070252,0.19685317535615976,0.01814541957700813,1.0,-0.01851861159474788,0,0.0001545935869216919,20,-4.6189064564912215e-05,92
2025-06-30,1048.8472900390625,32413717.0,16.729999542236328,-0.009100087290536907,0.00027949637817070716,0.00957698278482022,54.037894808142404,25.813062738728036,24.91899374814126,0.023696774462125703,0.04854375676654277,0.12159552154801467,0.1944744528072171,0.018142115276611977,1.0,0.023584997341179914,1,0.00018716752529144288,20,-5.7764027429663614e-05,92
2025-07-01,1073.5843505859375,44299887.0,16.829999923706055,-0.007991564135397589,-0.007038629269337959,0.003835740796985343,54.9898290332858,26.63587734103328,25.262370466719666,0.03921570643273298,0.03414630447493594,0.125262017750972,0.17235444435583114,0.018473645391442983,0.8794295780068698,0.0,0,0.00014747381210327147,20,-4.363059997558594e-05,92
2025-07-02,1073.5843505859375,23822731.0,16.639999389648438,0.03970092759330268,0.018801598672265163,0.0006608253165516498,58.69566033626949,26.976989894508392,25.60529435227741,0.033333536988999546,0.03827758934758818,0.14695158999481084,0.14695158999481084,0.01751390699781572,1.0,0.00460817598756913,1,0.00014747381210327147,20,-4.363059997558594e-05,92
2025-07-03,1078.5316162109375,36973556.0,16.3799991607666,0.0051369784038042265,0.006428442761257758,-0.008820979000624507,63.636340695987556,27.33146690341914,25.95052886250576,0.014018675425585991,0.028436105967191372,0.1006101609054264,0.16162478956223403,0.017339152732686797,1.0,-0.004587038108702424,0,0.00014747381210327147,20,-4.363059997558594e-05,92
2025-07-04,1073.5843505859375,20363322.0,16.3799991607666,0.0,0.0,-0.0017605120273233021,63.63637638102416,26.90306767930724,26.141036625866057,0.0139534739602174,0.05314003961136238,0.0968187798630622,0.18980992572686106,0.016956887340264352,1.0,-0.00460828969108229,0,0.00014747381210327147,20,-4.363059997558594e-05,92
2025-07-07,1068.636962890625,18829372.0,17.790000915527344,-0.023977896025447087,-0.018756449247931406,-0.0005568275052999505,58.53660518110768,25.866176189800854,26.08606453865302,0.004629624341207617,0.028436105967191372,0.09507942834452776,0.17414236291063534,0.01699645575581844,0.9715720758494164,0.0,0,0.00014747381210327147,20,-4.363059997558594e-05,92
2025-07-08,1068.636962890625,27461252.0,16.809999465942383,-0.005716218826455455,0.018050244713385455,0.0057887679791917,56.41027993215376,24.75902557905033,25.82065674673248,0.01886802114998587,0.058823650361103264,0.07918696396757552,0.18146284247634914,0.01689227387671719,0.9324320325365225,0.009259134452497042,1,0.00014747381210327147,20,-4.363059997558594e-05,92
2025-07-09,1078.5316162109375,23618216.0,15.9399995803833,0.017466844209953702,0.004390897463295795,0.0013347628020465852,64.86485495213975,24.398762823198922,25.53627796202577,-0.00460828969108229,0.028571636703043524,0.03787828940153615,0.1428691907436499,0.01623743238884336,0.9324320325365225,0.009174302581306693,1,0.00014747381210327147,20,-4.363059997558594e-05,92
2025-07-10,1088.4263916015625,22350503.0,15.779999732971191,-0.00897173518364136,0.007463752853770211,0.003384095530795994,62.85713379334459,24.627783910907056,25.354579151802028,0.00460817598756913,0.0186914519366288,0.027817026340678064,0.14380894044474046,0.016244309100084644,1.0,0.0,0,0.00014747381210327147,20,-4.2446281598961875e-05,92
2025-07-11,1088.4263916015625,28249780.0,16.399999618530273,0.0027855558125717828,-0.002100413179628613,0.0012805520532523929,78.5714380128876,24.52655788092443,25.188974897626508,0.009174302581306693,0.023255789933695592,0.05263152302619534,0.14000777743917436,0.01620604523347708,1.0,-0.004545337804351068,0,0.00014747381210327147,20,-4.2446281598961875e-05,92
2025-07-14,1083.4791259765625,25760632.0,17.200000762939453,-0.007508699636850191,-0.008702124343884066,-0.0010259100165578294,69.56532466821932,23.77309113656861,24.90579814541493,0.01382475536973371,0.018518383134912053,0.06796109178806575,0.10577327738153008,0.015608088662536981,1.0,0.013698614703407275,1,0.00014747381210327147,20,-4.2446281598961875e-05,92
2025-07-15,1098.3212890625,45416390.0,17.3799991607666,0.036209363418472806,0.012731221966429507,0.004556208285113161,68.18185896486906,24.09583998888229,24.743806514108403,0.013888873023622628,0.03301894972356756,0.06829272930920727,0.10739829377393728,0.015590255338059432,0.9683546700637818,0.01801788684969341,1,0.00014747381210327147,20,-4.2446281598961875e-05,92
2025-07-16,1118.1107177734375,31013743.0,17.15999984741211,0.002574430352152657,-0.003917018799897143,0.0014311890542244576,72.0000434257809,25.652753317477845,24.925595874782292,0.027777746047245033,0.023041448455411784,0.06220100890494962,0.11694399872979866,0.015680990010439422,1.0,0.0,0,0.00011171102523803711,20,-2.7423967485842496e-05,92
2025-07-17,1118.1107177734375,30648595.0,16.520000457763672,0.033844126419426024,0.007273288039830517,0.00043893272951911477,70.8333461842534,26.580218138258033,25.256520327477443,0.036697210325227214,0.04147449351622767,0.07108997257598193,0.15324680589848416,0.015623934605399967,1.0,0.02212398124233661,1,0.00011171102523803711,20,-2.7423967485842496e-05,92
2025-07-18,1142.8477783203125,46645034.0,16.40999984741211,-0.02117270927078274,-0.0008749275680647317,7.486413359902855e-05,88.00016185988855,28.977282663825008,26.000672794746958,0.02727269974425739,0.036697210325227214,0.09178734114689857,0.1603218881415336,0.015560598661282486,1.0,-0.00432899970509093,0,8.327364921569824e-05,20,-1.7696748609128207e-05,92
2025-07-21,1137.900390625,26749324.0,16.649999618530273,-0.006447526898628375,0.001186160001621639,-0.0008570458320372731,80.95252642153436,30.130435821679384,26.826625400133445,0.05000006168416382,0.06451605567515273,0.09478674703810785,0.17161718732303965,0.015766447304024656,1.0,-0.01739139296779124,0,8.327364921569824e-05,20,-1.7696748609128207e-05,92
2025-07-22,1118.1107177734375,50457506.0,16.5,-0.01779362801666262,-0.0175470626489026,-0.0015113747849135883,68.00000394780216,29.11187324412799,27.283674968932356,0.05022825391249364,0.06481474077690508,0.12745103078771458,0.17604868519185657,0.015707436316757188,0.9765255374339457,0.013274323240093366,1,0.00011182427406311035,20,-2.726458984872569e-05,92
2025-07-23,1132.952880859375,29747757.0,15.369999885559082,0.02442458858085983,-0.00016314403141370892,0.0022295619800545285,70.3704076009727,29.166085109094183,27.660156996964723,0.01801788684969341,0.046296129182157086,0.0761905220689505,0.15324680589848416,0.016048671605919086,0.8826271079681057,0.0,0,0.00011182427406311035,20,-2.726458984872569e-05,92
2025-07-24,1132.952880859375,15055463.0,15.390000343322754,0.005284394950451299,0.001167137846462607,-0.005605654715466812,73.07689752721937,28.876181754191975,27.903361948410176,0.013274323240093366,0.050458664197187364,0.0700932618304444,0.17813370439946685,0.016009319515320874,0.9530504956662686,0.0,0,0.00011182427406311035,20,-2.726458984872569e-05,92
2025-07-25,1132.952880859375,22476546.0,14.930000305175781,0.01655630784473283,0.0002639348701130029,0.005363622959012604,75.9999763132338,28.319976199733446,27.986684798674833,0.013274323240093366,0.040909049616386195,0.06511621181434757,0.19156318597868238,0.015840074287356332,0.9530504956662686,0.0,0,0.00011182427406311035,20,-2.726458984872569e-05,92
2025-07-28,1132.952880859375,20606376.0,15.029999732971191,-0.011604286607228897,0.01616055597985966,0.0027559243417745183,75.9999763132338,27.561467845673633,27.901641408074596,-0.008658106222580564,0.040909049616386195,0.060185002205779714,0.1890987504863746,0.01585041876014534,0.9530504956662686,-0.008733615985088039,0,0.00011182427406311035,20,-2.726458984872569e-05,92
2025-07-29,1123.05810546875,31763255.0,15.979999542236328,-0.005849656986751106,0.0004688677834554511,0.006277126261405197,68.0,25.86377730525578,27.494068587510835,-0.0043479286995476985,0.04566193634623161,0.08018859525029631,0.1890987504863746,0.01585041876014534,0.9530504956662686,0.017621236831109943,1,0.00011182427406311035,20,-2.726458984872569e-05,92
2025-07-30,1142.8477783203125,34182363.0,15.479999542236328,0.006547174690924695,0.008280753273688157,0.0010959038727660353,70.37039744709783,25.817597339466147,27.1587743379019,0.0044247744133645295,0.02252238634777326,0.046082783207310074,0.17871361863127855,0.015964469243432228,0.90610157053416,0.004328999705091041,1,8.315145969390869e-05,20,-1.7740156339562457e-05,92
2025-07-31,1147.795166015625,33230751.0,16.719999313354492,-0.0053107031254603365,-0.03099878834983305,0.0046648917126204115,71.42859660578439,25.881862226983912,26.903391915718306,0.008733723730356635,0.02212398124233661,0.06451605567515273,0.22611099749996555,0.015565085271449178,1.0,0.0,0,8.315145969390869e-05,20,-1.7740156339562457e-05,92
2025-08-01,1147.795166015625,33230751.0,20.3799991607666,-0.02652928088859685,-0.014320828348579284,0.0026150269764380063,74.07403007443216,25.637262213193253,26.650165975213298,0.01310053172290071,0.02654875565570114,0.06422023125109866,0.22623386781996468,0.01556497403948796,1.0,-0.02155180756924202,0,8.315145969390869e-05,20,-1.7740156339562457e-05,92
2025-08-04,1123.05810546875,23939021.0,17.520000457763672,0.016113271376897442,0.017512142745777615,-0.0030428543721531254,58.620625110605914,23.180134726134156,25.95615972539747,0.01310053172290071,0.004328999705091041,0.06912434536623513,0.17668911778144047,0.014430451176602974,1.0,0.013215954796973683,1,0.00011988282203674316,20,-3.174336060233738e-05,92
2025-08-05,1137.900390625,17012960.0,17.850000381469727,-0.02732216331306958,-0.011151429767982668,0.0023176060718361757,57.14286973141925,22.174873719094876,25.199902524136952,-0.008733615985088039,-0.01304357154504343,0.0509257535233647,0.14210024299801782,0.014940586986898994,0.8522489732322205,-0.021739107113739164,0,0.00011988282203674316,20,-3.174336060233738e-05,92
2025-08-06,1113.1634521484375,22023406.0,16.770000457763672,-0.004731791544018149,-0.0020479632699319517,0.001783585840453794,48.48489153336693,19.161253920929994,23.992172803495563,0.013215954796973683,0.01769920682897208,0.06481474077690508,0.16068319047176138,0.014983813656006506,0.9372043550543762,0.04888883527697829,1,0.00015884339809417724,20,-4.578738108925197e-05,92
2025-08-07,1167.584716796875,61370031.0,16.56999969482422,0.04862335001405316,0.015026285707046672,-0.0007582910609321702,56.41024018827876,20.92309138525229,23.37835651984691,-0.025973998230545803,-0.017467124224907482,0.03211017221652468,0.12415303610145867,0.015449003017892423,0.7500003304507745,-0.004237388254959229,0,0.000129854679107666,20,-3.660113915153172e-05,92
2025-08-08,1162.63720703125,25958258.0,15.149999618530273,-0.0032560550500794205,0.007866912097244105,-0.003563459079548914,56.41020449996078,21.670335441406678,23.036752304158867,0.01724136097379292,0.030567763693076788,0.07272731147104516,0.1339780212380195,0.016031019832446453,1.0,0.004255420122204923,1,0.000129854679107666,20,-3.660113915153172e-05,92
2025-08-11,1167.584716796875,35579367.0,16.25,0.0010751072386374627,-0.0013472834399026468,0.001439209000700048,63.888875562095585,22.403500817800705,22.910102006887236,0.012930914378343816,0.026200847955264228,0.06818174936064358,0.10796781372255904,0.0158663587808453,0.9687492650911248,0.0,0,0.000129854679107666,20,-3.660113915153172e-05,92
2025-08-12,1167.584716796875,28917167.0,14.729999542236328,0.009087462607636043,0.029930978587810575,0.003249476487076741,60.60605834034911,22.722607584858224,22.872603122481433,0.0396476470017908,0.030567763693076788,0.07762548331930841,0.12918658366556213,0.01563341051459373,1.0,0.016949134822131118,1,0.000129854679107666,20,-3.660113915153172e-05,92
2025-08-13,1187.374267578125,37809952.0,14.489999771118164,-0.011666389864556814,0.008993015678937955,-0.0023340628022624488,64.86484864408521,24.2923265377824,23.156547805541628,0.026086928536487086,0.0396476470017908,0.06306299297311857,0.14563103074949368,0.01539957712735924,1.0,-0.02083341472215916,0,9.328722953796386e-05,20,-2.246771169745404e-05,92
2025-08-14,1162.63720703125,32991791.0,14.829999923706055,-0.0018223855266876754,-0.0012082301512297278,0.0020617018015440802,57.142831965710734,23.272000926928968,23.179638429819097,0.06666659355951587,0.038960997345818704,0.06194695096261693,0.1707316427340153,0.015483278253223761,1.0,0.004255420122204923,1,0.00013264715671539306,20,-3.615863945173181e-05,92
2025-08-15,1167.584716796875,22231552.0,15.09000015258789,-0.008796656276873205,-0.022555470269011058,0.004652728781409321,58.13953088043407,22.602065675490394,23.064123878953357,-0.004237388254959229,0.012930914378343816,0.03982296972028032,0.12440178169828009,0.015739000868210767,0.8611105685189393,0.0,0,0.00013264715671539306,20,-3.615863945173181e-05,92
2025-08-18,1167.584716796875,18219895.0,14.989999771118164,0.010591126164985587,0.004097147317362104,-0.002992125774545329,60.97559361038361,21.8196142314805,22.81522194945879,0.004255420122204923,0.01724136097379292,0.02164499852545476,0.11848340456343509,0.015705534173326263,0.8888890031188198,0.004237283705532668,1,0.00013264715671539306,20,-3.615863945173181e-05,92
2025-08-19,1172.5321044921875,17867547.0,15.569999694824219,-0.03607977081263103,-0.018143121111172444,0.0012037876283805815,57.89470608554724,21.35258930680834,22.5226954209287,0.0,0.0396476470017908,0.026086928536487086,0.1400965872627633,0.01533330420198389,0.8888890031188198,-0.04219415300774576,0,0.00013264715671539306,20,-3.615863945173181e-05,92
2025-08-20,1123.05810546875,66982023.0,15.6899995803833,-0.017619197795371244,-0.0071744461506302315,0.002737679299698925,44.68084436208245,16.796708440231896,21.37749802478934,0.004237283705532668,0.030434749959234786,0.04867262772252334,0.12322273606850054,0.01512261636366714,0.9166667523391149,0.013215954796973683,1,0.00017229616641998292,20,-4.949971385624098e-05,92
2025-08-21,1137.900390625,23424804.0,16.600000381469727,-0.005555549570721352,-0.00489450194716079,0.005739473988298771,48.00000789554977,14.219870583552392,19.94597253654195,-0.054166713786513165,0.008888769480542624,-0.008733615985088039,0.11274504260410212,0.015700097532309873,0.5666665570060007,-0.01304357154504343,0,0.00017229616641998292,20,-4.949971385624098e-05,92
2025-08-22,1123.05810546875,19205763.0,14.220000267028809,0.024897624165673315,0.02698432727322153,0.007790624202977492,50.0,10.85493076219609,18.12776418167278,-0.02127647064505578,-0.025423702233196677,0.00436691573781256,0.09523824070642828,0.015218705280959402,0.6428574575723048,0.0308370829335185,1,0.00017229616641998292,20,-4.949971385624098e-05,92
2025-08-25,1157.68994140625,25103514.0,14.789999961853027,0.011159249594568488,0.00031972483299713694,-0.004872876866823028,53.84613924639243,10.85753256370117,16.673717858078458,-0.038135657899221465,-0.034042521023014305,-0.008733615985088039,0.060747478213386996,0.015161874311545928,0.5357138136415427,0.004273394324382451,1,0.00013537108898162842,20,-6.787379582722982e-05,90
2025-08-26,1162.63720703125,35508897.0,14.619999885559082,0.013285858080824609,0.008967586633598312,0.002525750082704059,60.41660348339852,11.130492115436482,15.565072709550064,-0.008474567411065559,-0.008474567411065559,0.02183414770798886,0.08837211650927546,0.015818004618417546,0.785714474543383,0.012766050377958527,1,0.00013537108898162842,20,-6.787379582722982e-05,90
2025-08-27,1177.4794921875,21952558.0,14.850000381469727,0.002387706762813746,0.002873652121715642,0.0033701253722726587,52.49998766321566,12.401506054583024,14.932359378556656,-0.008438913888181188,-0.004237388254959229,0.03524225627308941,0.08796274825302475,0.0158166488774706,0.8214278475836988,-0.025210057898102378,0,0.00013537108898162842,20,-6.787379582722982e-05,90
2025-08-28,1147.795166015625,19975237.0,14.430000305175781,-0.004262587755470615,0.0048827204008181635,0.0009297408164834486,46.66670687548936,10.888006556675464,14.12348881418042,0.04845821107006332,-0.008333324766088501,0.030302997935636844,0.12264149735625174,0.015554944580919425,0.9166666666666666,0.0,0,0.00014261901378631592,20,-4.477539788121762e-05,92
2025-08-29,1147.795166015625,19522740.0,15.359999656677246,-0.031057210613732344,-0.0314553727415412,-0.002688503744142423,45.45456074810378,9.578136504962458,13.214418352336828,0.008695642845495621,-0.012765840389302174,0.0,0.06912434536623513,0.015790922917486922,0.6666666666666666,0.004310446595449102,1,0.00014261901378631592,20,-4.477539788121762e-05,92
2025-09-01,1152.74267578125,22018940.0,15.359999656677246,0.0,0.0,0.002220177645487098,46.66670687548936,8.83740563087872,12.339015808045207,0.022026518865246203,-0.016949134822131118,0.0,0.06912434536623513,0.015790922917486922,0.6666666666666666,-0.004291946389745616,0,0.00014261901378631592,20,-4.477539788121762e-05,92
2025-09-02,1147.795166015625,14037411.0,17.170000076293945,-0.010741981963939717,-0.011197857293404834,0.002120392800051274,40.476235235509264,7.761676609984079,11.423547968432983,-0.00427339432438234,-0.012711746567171889,0.02643190959394759,0.06880749572370304,0.015789658863099586,0.7083343614037685,0.0,0,0.00014261901378631592,20,-4.477539788121762e-05,92
2025-09-03,1147.795166015625,19511981.0,16.350000381469727,0.013135440133580367,-0.002254968692459669,0.0038758813655075386,45.945998212832926,6.830416817431342,10.504921738232655,-0.012765840389302174,-0.02109702444972783,0.008695642845495621,0.06912434536623513,0.015786855216007173,0.6666666666666666,0.0,0,0.00014261901378631592,20,-4.477539788121762e-05,92
2025-09-04,1147.795166015625,24333323.0,15.300000190734863,0.016508926922743417,0.01341721017679709,-0.0007155659478953469,44.444467290360166,6.022957813950825,9.60852895337629,-0.025210057898102378,0.022026518865246203,0.03111107699444071,0.07407398945932009,0.01575782896803241,0.6666666666666666,0.01724136097379292,1,0.00014261901378631592,20,-4.477539788121762e-05,92
2025-09-05,1167.584716796875,27133819.0,15.180000305175781,0.03486248653873725,0.016503590653059508,-0.0009113950204554522,50.0,6.900349166264277,9.066892995953888,0.0,0.008695642845495621,-0.016949134822131118,0.07407398945932009,0.01575782896803241,0.636364044192773,0.0,0,0.00010223388671875,20,-3.023834332175877e-05,92
2025-09-08,1167.584716796875,27281959.0,15.109999656677246,0.015529345556235308,0.008367751198435025,-0.007004631226877445,48.717953584535856,7.50912758569757,8.755339913902624,0.01724136097379292,0.0396476470017908,0.004255420122204923,0.08256883641371227,0.01589721167615753,0.8095238095238095,0.016949134822131118,1,0.00010223388671875,20,-3.023834332175877e-05,92
2025-09-09,1187.374267578125,31329096.0,15.039999961853027,0.015089570997558255,0.0017591912510932506,-0.004852509178164821,69.69693344558574,9.479170254861174,8.900105982094335,0.012875415587061623,0.008546999534785549,0.0,0.07272731147104516,0.015859409618209794,0.8095238095238095,0.02083331191522131,1,6.156861782073975e-05,20,-1.6006438628486965e-05,92
2025-09-10,1212.1112060546875,39665156.0,15.350000381469727,0.03794042461938063,0.023756667079452454,0.0006758799645232294,71.42851100337747,12.88794327578512,9.697673440832492,0.03448272194758584,0.02127668063371213,0.016949134822131118,0.09090911130055002,0.01602735857136891,1.0,0.012244986336328312,1,6.257295608520508e-05,20,-1.1758311935093092e-05,92
2025-09-11,1226.9534912109375,30345708.0,14.710000038146973,-0.005874701480938271,0.006260444865207493,-0.003782383940657219,79.99998590078808,16.595763196086864,11.077291391883367,0.056034423164827096,0.029411734214452645,0.02083331191522131,0.11872132742953045,0.01624382764558821,1.0,0.016129014606510284,1,6.257295608520508e-05,20,-1.1758311935093092e-05,92
2025-09-12,1246.7430419921875,26492972.0,14.760000228881836,0.0016220788195004943,0.0010591633757675023,0.0017595008979807147,78.1249734951204,20.890278430199714,13.039888799546636,0.06896555024717266,0.06896555024717266,0.05531930665105467,0.11711709809270365,0.01622158050107673,1.0,-0.003968249694345172,0,6.338059902191162e-05,20,-7.72981540016506e-06,92
2025-09-15,1241.795654296875,24589707.0,15.6899995803833,0.007905081100201716,0.009678833385238894,-0.000168380656651812,75.0,23.622197860944652,15.15635061182624,0.06779664383795092,0.08620691122096558,0.06779664383795092,0.1150443530985048,0.016180839264462597,1.0,0.024000003932058034,1,6.338059902191162e-05,20,-7.72981540016506e-06,92
2025-09-16,1271.5987548828125,40130070.0,16.360000610351562,0.005764539631195165,0.003199782249463601,-0.0029982346654272574,77.1585025900129,27.870847058714844,17.69924990120396,0.06355936013241803,0.0772531288956324,0.06355936013241803,0.11061957868514027,0.01620869289577984,0.9629629968088723,-0.011718703876197,0,7.844269275665283e-05,20,-9.569136992744777e-06,92
2025-09-17,1256.697265625,29283972.0,15.720000267028809,0.0027857149381065316,-0.0031254008455898763,-0.0048651948491017505,84.3550859140936,29.693221537156887,20.098044228394546,0.07093339446919233,0.10786209293505777,0.08448949927348037,0.11265802760865529,0.016266208876725273,1.0,0.015810213714333665,1,7.844269275665283e-05,20,-9.569136992744777e-06,92
2025-09-18,1276.56591796875,24191307.0,15.699999809265137,0.022261060175707392,0.035962379860790206,0.001304608418786879,86.09783773647405,32.36758723814819,22.551952830345275,0.03678380279597948,0.094879385132288,0.11899576656407351,0.10440006522429424,0.0163833480331047,0.905945903465747,-0.015564141313881175,0,9.336769580841065e-05,20,-1.1547104172084643e-05,92
2025-09-19,1256.697265625,44913316.0,15.449999809265137,-0.014033699749852246,-0.00731267682050063,0.0008010681923562579,76.89157679608536,32.5090628882765,24.54337484193152,0.04043545832274997,0.1121896622026477,0.12186086628161452,0.14171691378726248,0.01620024223727765,1.0,0.02371532057150061,1,9.262561798095703e-05,20,-1.551210880279541e-05,92
2025-09-22,1286.500244140625,28859955.0,16.100000381469727,0.029297451101016447,0.015703817591961267,0.0035037367829144905,81.79265407352194,34.626877562549,26.56007538605502,0.007984182223232272,0.07632212681970896,0.11899576656407351,0.10922288724996365,0.01637686042827172,0.8784066553463226,0.03474908933571563,1,9.857118129730225e-05,20,-1.3087106787640115e-05,92
2025-09-23,1331.2049560546875,33953781.0,16.639999389648438,0.0369732385325241,-0.003461254422409743,5.624330335418648e-05,84.88936362897513,39.457713627416524,29.139603034327322,0.03599995674736234,0.10184745109543747,0.11126494074735471,0.13552846360634185,0.01669079102170512,1.0,0.0,0,0.00010432004928588867,20,-1.084415808967922e-05,92
2025-09-24,1331.2049560546875,44737182.0,16.18000030517578,-0.007074397532166765,-0.0017770430925596603,0.0018631834557791827,84.88936362897513,42.79289614402319,31.870261656266496,0.04687500749980544,0.12113340536672768,0.14498740278050182,0.17498704363144646,0.01737714151337704,1.0,-0.0149254059817715,0,0.00010432004928588867,20,-1.084415808967922e-05,92
2025-09-25,1311.336181640625,25861812.0,16.739999771118164,-0.014427678720176917,-0.0019580876806415404,0.0029761291609058382,77.33706799933515,43.333289089598566,34.16286714293291,0.059288495700380306,0.09825315483027297,0.13055468472032494,0.17498704363144646,0.01737714151337704,1.0,-0.015151549001877207,0,0.00010432004928588867,20,-1.084415808967922e-05,92
2025-09-26,1291.4674072265625,25793295.0,15.289999961853027,-0.011928082119988859,0.0032427928699267916,0.006501132916399088,71.90343424245211,41.67787376219417,35.66586846678516,0.027237342923270846,0.0687741556906174,0.14248275342777816,0.16764767134937353,0.017513481854901678,0.908876181561262,0.0,0,0.00010368824005126953,20,-1.4692544937133789e-05,92
2025-09-29,1291.4674072265625,25793295.0,16.1200008392334,-0.0004754024419183489,0.0015955557696420986,-0.0038447164917891907,69.78932227690305,39.90593441722285,36.513881656872705,0.02766787400008397,0.035872961571062234,0.12517237000541748,0.13004324086334762,0.01761457857290652,0.8177523631225241,0.0038462334616071736,1,0.00010368824005126953,20,-1.4692544937133789e-05,92
2025-09-30,1296.4346923828125,36642789.0,16.280000686645508,0.0221791155375326,0.00866334270059288,0.00046643707979932003,67.3338452350482,38.459145034997846,36.902934332497736,0.003860988840507895,0.039999941019130514,0.12034319051413123,0.12517237000541748,0.01761967339722984,0.8177523631225241,0.015325609890330716,1,0.00010368824005126953,20,-1.4692544937133789e-05,92
2025-10-01,1316.3033447265625,33837323.0,16.290000915527344,0.03286890388277075,0.02048094993856453,-0.0005285909728485194,67.99521670847786,38.47230345486423,37.216808156971034,-0.026119391693766092,0.01953126912450376,0.1295000456250084,0.1295000456250084,0.01761389187770968,0.8405337376189399,0.030188747135926786,1,0.00010929107666015624,20,-1.2601847233979598e-05,92
2025-10-02,1356.0408935546875,29593487.0,16.6299991607666,-0.001247999339619832,0.019399180008252248,0.0001609605957935134,70.37557574323218,41.21412886463986,38.0162722985048,-0.011194077411106673,0.0474307382788155,0.1468103226953681,0.17207056190307668,0.017273225985008897,0.9316569962087028,0.025641014100046267,1,0.00011458694934844971,20,-1.080787700155507e-05,92
2025-10-03,1390.8111572265625,31032341.0,16.649999618530273,0.014161382242930287,-0.006434833075009583,0.0005517760856561527,75.00001023973681,45.66630224082883,39.54627828696961,0.03409096198209993,0.06225685212746135,0.18143108954008924,0.19170439234129466,0.017689242631610792,1.0,0.0,0,0.00011989772319793701,20,-9.060553882433021e-06,92
2025-10-06,1390.8111572265625,31032341.0,16.3700008392334,0.03494291144789363,0.028907553676716047,-0.0014377836443657532,72.222232335543,48.634058564158295,41.36383434240735,0.07692315690207119,0.10671933111501031,0.1911865042581935,0.2494222250490321,0.01749547082597274,1.0,0.024999989028856362,1,0.00011989772319793701,20,-9.060553882433021e-06,92
2025-10-07,1425.5814208984375,38395572.0,17.239999771118164,-0.027678557294484762,-0.02056378180350349,0.0029750124162626346,79.31033898326629,53.178685736441594,43.7268046212142,0.07692315690207119,0.0810811451929545,0.1911865042581935,0.1911865042581935,0.016107162328187073,1.0,-0.013937227332289637,0,0.00012484192848205566,20,-7.6261551483817724e-06,92
2025-10-08,1405.7127685546875,23064494.0,16.299999237060547,0.0356766736225369,0.03397868764676559,0.000858699164537402,72.41381355856797,54.54830244244499,45.891104185460364,0.09961684092104695,0.0708955179399684,0.20061673882000264,0.22616187773536467,0.016358981846347417,1.0,0.017667860786052092,1,0.00012484192848205566,20,-7.6261551483817724e-06,92
2025-10-09,1430.5487060546875,39052134.0,16.43000030517578,-0.015237084860530103,-0.0029153668159226376,-0.0003831349420129193,79.66101836112361,56.98094527543958,48.10907240345621,0.06792463468722554,0.05597020365730909,0.1597226075734055,0.20394927094548443,0.01661790222728889,0.9343235667124378,0.0,0,0.00012971460819244385,20,-6.318092346191406e-06,92
2025-10-10,1430.5487060546875,39052134.0,21.65999984741211,-0.06409236145398167,-0.06324377727317176,0.0019099105336322086,77.35850281434068,58.237506523222464,50.13475922740946,0.054945107374075874,0.09090920092276766,0.16593556015135702,0.22522047905801812,0.016722846148437134,1.0,-0.017361126814406158,0,0.00012971460819244385,20,-6.318092346191406e-06,92
2025-10-13,1405.7127685546875,53850992.0,19.030000686645508,0.0792062526090258,0.04929616586138663,0.0026714343990570377,65.30612859025773,56.5771021558362,51.42322781309481,0.028571491263678306,0.10769245747115153,0.14742866643056973,0.2048001587339121,0.016631331889007343,1.0,0.007067109578928532,1,0.0001140207052230835,20,-5.104619523753291e-06,92
2025-10-14,1415.6470947265625,39889256.0,20.809999465942383,-0.022945596326046203,-0.02277694878169534,0.0008478417882813449,66.66666666666666,55.42394410215502,52.22337107090686,0.010714331166166824,0.08846166824563384,0.13200007077704345,0.2090725808991798,0.016510105613964283,0.9192302546722599,0.028070064096854086,1,0.0001140207052230835,20,-5.104619523753291e-06,92
2025-10-15,1455.3843994140625,41056405.0,20.639999389648438,0.029634245011887606,0.02994217613567618,-0.0002313105345168598,76.3636314891826,57.05878823343437,53.19045450341236,-0.006968613666144874,0.09195403597588148,0.11328128412411442,0.2124577123707272,0.0165141100616077,0.9515379940078517,0.013651992210699904,1,0.00011860728263854981,20,-4.0621861167576005e-06,92
2025-10-16,1475.2532958984375,37737678.0,25.309999465942383,-0.01598237802413205,0.004870647024278085,-0.002414963299084749,83.6363847589872,59.274389614433176,54.40724152561653,0.03533554789464266,0.10566033676408493,0.1581026228224094,0.2464914780716987,0.01688190235745851,1.0,-0.02356909544880026,0,0.00011860728263854981,20,-4.0621861167576005e-06,92
2025-10-17,1440.48291015625,38077331.0,20.780000686645508,-0.015875169925897326,-0.0032411726729032475,6.860517943563238e-05,74.19354199392512,57.56106203761192,55.03800562801561,0.031249960001040966,0.08791209978280956,0.155642082506664,0.2581773157822025,0.016928542637951027,1.0,0.020689744006068933,1,0.00010311603546142578,20,-2.6718429897142495e-06,92
2025-10-20,1470.2861328125,33015553.0,18.229999542236328,0.008879111718613775,0.015793762300268188,0.0003266778205262,76.11939805796042,57.94020990826334,55.61844648406516,0.006944331262205061,0.03571423242587346,0.14624496253665908,0.2826432605239164,0.015855317727451784,0.9012752397334935,0.0,0,0.00010755062103271485,20,-1.8017447513082754e-06,92
2025-10-21,1470.2861328125,34601251.0,17.8700008392334,-0.010715529271239643,-0.0066462698133354925,-0.0008033787001248127,74.60317646072139,57.57697579087335,56.0101523454268,0.04593638594049687,0.057142894758206886,0.14285725129779747,0.2921044275280851,0.015978972281444237,0.9858965618472034,-0.013513542684413182,0,0.00010755062103271485,20,-1.8017447513082754e-06,92
2025-10-22,1450.4173583984375,27360948.0,18.600000381469727,-0.019116480392036284,-0.02364290265638358,0.002614607328592866,66.10168361949033,55.05126932637313,55.81837574161607,0.03859651059185154,0.03135893275453072,0.10447765847417623,0.3091808212352658,0.01571960438253883,0.9848311505116238,-0.006849372137380683,0,0.00010755062103271485,20,-1.8017447513082754e-06,92
2025-10-23,1440.48291015625,23570046.0,17.299999237060547,0.00640396736437876,0.02543145440188166,0.0022101202829689637,59.259235661543,51.652582984993614,54.985217190291586,-0.00341287224023068,0.031802079943909156,0.08955225249240484,0.2528547640628289,0.015537240123226477,0.9241553797766816,0.0,0,0.00010755062103271485,20,-1.8017447513082754e-06,92
2025-10-24,1440.48291015625,23570046.0,16.3700008392334,0.014549578623000547,0.01891958864630716,0.0009724995900872724,59.259235661543,48.401161116562434,53.66840597554576,-0.02356909544880026,0.006944331262205061,0.09848483579096268,0.23897885036250344,0.01565300134525441,0.8938173080184915,0.020689744006068933,1,0.00010755062103271485,20,-1.8017447513082754e-06,92
2025-10-27,1470.2861328125,32851952.0,15.789999961853027,0.011154121526710803,0.027381637317633878,0.001894395419437922,58.49056516285788,47.679635692318016,52.47065191890022,0.0,0.006944331262205061,0.11538464083247724,0.2233613576404181,0.01562710479843213,0.8938173080184915,-0.003378447939754503,0,0.00011181533336639405,20,-1.0975029157555622e-06,92
2025-10-28,1465.31884765625,28381919.0,16.420000076293945,0.01099743532416797,0.0037290813508943366,-0.007530777372024122,61.99994790035993,46.174729655818055,51.211467466283786,0.0,0.04593638594049687,0.13846166351960232,0.28096560810266125,0.015062652604491182,0.9848311505116238,0.020338986721973207,1,0.00011181533336639405,20,-1.0975029157555622e-06,92
2025-10-29,1495.1219482421875,30631103.0,16.920000076293945,0.011806442847700271,0.01851641213711841,-0.0018953750952860338,62.745042293618035,46.84691979184481,50.33855793139599,-0.003378447939754503,0.03508766635040628,0.13026815486018273,0.27663793248307034,0.015104565068583459,0.9696619282418099,0.0,0,0.00011526048183441162,20,-3.854865613191024e-07,92
2025-10-30,1495.1219482421875,27867757.0,16.90999984741211,-0.006129392337233641,-0.01527445992200882,0.003997594261948789,62.745042293618035,46.83969645349748,49.63878563581629,0.03082188005052089,0.02730381667147408,0.13584908390001194,0.2970127502470543,0.015263966870436277,1.0,-0.003322246116296612,0,0.00011526048183441162,20,-3.854865613191024e-07,92
2025-10-31,1490.15478515625,31928423.0,17.440000534057617,-0.009201201702040196,0.001754456243070912,0.002135980229634127,68.08504519503119,45.90401049832417,48.89183060831787,0.037931056106740524,0.013467959976086519,0.10256405640018484,0.3026034544406109,0.015205414261123894,1.0,0.006666722370821221,1,0.00011526048183441162,20,-3.854865613191024e-07,92
2025-11-03,1500.0892333984375,29118770.0,17.170000076293945,0.014745467957482328,0.005853098316866978,0.0016628250572858772,68.08506188267651,45.44029218241326,48.20152292313695,0.03448279368660612,0.03448279368660612,0.07142855262089642,0.29827588517302095,0.015248242473581357,0.9856988768499361,-0.0033113264502250273,0,0.00011526048183441162,20,1.822800739951756e-05,92
2025-11-04,1495.1219482421875,33925673.0,19.0,-0.03545882629095698,-0.04007723618920944,0.003940632008074152,59.999975424752435,44.162891356259024,47.39379660976137,0.020270272514185672,0.020270272514185672,0.07857146932139081,0.30693113006020156,0.015215219611482504,1.0,-0.029900296692392914,0,0.00011526048183441162,20,1.822800739951756e-05,92
2025-11-05,1450.4173583984375,56305422.0,18.010000228881836,-0.0013943144404996444,0.03018813488782368,0.0005145621648123822,44.444456580387396,39.09261982280486,45.733561252370066,0.020338986721973207,0.01689182457443117,0.048780466919892795,0.2805254528715231,0.015192021918187575,0.9850609994504157,0.0034245598253936915,1,0.00011314153671264649,20,-2.3530877154806387e-06,92
2025-11-06,1455.3843994140625,27411394.0,19.5,-0.014984440585273928,-0.02390451017077455,-0.0008441462583944626,53.84612961015377,35.07091611182591,43.60103222426124,-0.029900296692392914,0.0,0.031802079943909156,0.24223736190850387,0.016151150891549042,0.8411592650524385,-0.00341287224023068,0,0.00011314153671264649,20,1.4667925627335259e-06,92
2025-11-07,1450.4173583984375,20329390.0,19.079999923706055,-0.0094729982946693,-0.010120593477111584,0.002780553192774038,44.11764068114154,31.124108894150595,41.10564755823911,-0.026578132221819373,0.010344787260402999,0.01736095615218125,0.22571664146183235,0.016047823346660432,0.8447630383584359,0.010273931962774485,1,0.00011314153671264649,20,-2.3530877154806387e-06,92
2025-11-10,1465.31884765625,25281744.0,17.600000381469727,0.030610784743834163,0.030168342529511616,-0.00038733360616827195,48.648621721682225,28.86591310720314,38.65770066803192,-0.026666643729661876,0.0068966095829001706,0.013888833186634919,0.19660419865221357,0.015899142327149715,0.8181421640310199,-0.0067797177782006335,0,0.00011314153671264649,20,1.4667925627335259e-06,92
2025-11-11,1455.3843994140625,22444166.0,17.280000686645508,-0.013885534393016874,-0.024766135736991934,0.0,51.428529299420305,25.975223521389353,36.12120523870341,-0.02317887827473808,-0.003378447939754503,0.04240274431230184,0.194274158028646,0.015878333502986307,0.865384242755351,0.006825996105350063,1,0.0,0,1.4667925627335259e-06,92
2025-11-12,1465.31884765625,23642502.0,17.510000228881836,-0.001888996877738136,0.014675370665460763,-8.074886659015235e-05,57.142857142857146,24.206915887762307,33.73834736851519,-0.026578132221819373,-0.0067797177782006335,0.028070064096854086,0.1673491251962267,0.01585760239797813,0.8269223952841785,-0.010169451707829458,0,0.00011314153671264649,20,-2.3530877154806387e-06,92
2025-11-13,1450.4173583984375,21255597.0,20.0,-0.02897237905077865,-0.03719073962152486,0.003223070095614844,52.63159937009504,21.356904599964082,31.262058814804973,0.010273931962774485,-0.019933558343502966,0.006825996105350063,0.1799999803397101,0.015815828677016534,0.8571424272531718,-0.020547948087746515,0,0.00011314153671264649,20,-2.3530877154806387e-06,92
2025-11-14,1420.6142578125,26861702.0,19.829999923706055,0.009284038693299301,-0.0011057818311495105,0.001957261013469047,36.84209164799802,16.50315092774008,28.310277237391997,-0.00341287224023068,-0.029900296692392914,-0.01683503271543263,0.1406250224994161,0.01564353585462206,0.7959181831085023,0.010489469027826104,1,9.785592555999756e-05,20,-7.359877876613451e-07,92
2025-11-17,1435.5157470703125,26602730.0,22.3799991607666,-0.009865865089369374,-0.015483315408946319,-0.018326170463155322,42.49999232019267,13.701005160350178,25.388422821983635,-0.020547948087746515,-0.046666647006376794,-0.013793049680537184,0.13043474882232542,0.015906794054741547,0.6734691932811968,-0.027681637654558,0,9.785592555999756e-05,20,-7.359877876613451e-07,92
2025-11-18,1395.7783203125,42198432.0,24.690000534057617,-0.014538426450643516,-0.02307134541622602,0.020307929943259806,26.190458079363296,8.179517821625495,21.94664182191201,-0.020338986721973207,-0.04304643009925113,-0.023648720453940175,0.12451360863094374,0.01582363187419804,0.7346934374258665,-0.00711749716814869,0,8.286237716674805e-05,20,1.158403313678244e-06,92
2025-11-19,1385.8438720703125,35591948.0,23.65999984741211,0.016048331157736406,0.018165083033149676,-0.0023030738201144096,24.999972073435686,2.9678607269902386,18.150885602927655,-0.04095555725728539,-0.06644516726310223,-0.050675722797898226,0.11067188454359367,0.016272957048709184,0.5116278538121221,0.04301085024328288,1,8.286237716674805e-05,20,4.746343778527302e-06,92
2025-11-20,1445.4501953125,25964403.0,26.420000076293945,-0.017246947899663745,-0.0476699461890111,0.002565641148130293,41.8181923794936,3.605752199493054,15.241858922240736,-0.05423732569403328,-0.04452062432528214,-0.04452062432528214,0.0772200614668741,0.015991642078002896,0.45238059015933013,-0.048109943579699554,0,7.229149341583251e-05,20,2.488558707029923e-05,92
2025-11-21,1375.90966796875,54518246.0,23.43000030517578,-0.008792726786975735,0.008557895783078306,0.005422820276357987,31.343278654971726,-1.482958967129889,11.896895344366612,-0.003424643987591458,-0.006825828355424224,0.0034483471627657636,0.08582092392174001,0.016449849436014657,0.7380952938216415,-0.007220276500312428,0,7.105171680450439e-05,20,3.5581381424613623e-06,92
2025-11-24,1365.9752197265625,79134658.0,20.520000457763672,0.03482881177092967,0.046323773363386334,-0.00043059997457040033,30.882349752330867,-6.245432715659945,8.268429732361302,-0.031468493011317045,-0.051369828138267404,-0.04482749620437754,0.03358214053420783,0.018182961167208612,0.40476235057313215,0.02909097343367595,1,7.105171680450439e-05,20,3.5581381424613623e-06,92
2025-11-25,1405.7127685546875,27427405.0,18.559999465942383,0.0001403647218822801,0.0016380206690571608,0.0027920716971145954,43.28359084886961,-6.735595629607587,5.267624659967524,-0.048442887154440895,-0.06779659463780585,-0.07094599531208379,0.041666689938790524,0.018057334309692242,0.3571429407324623,0.017667860786052092,1,7.4005126953125e-05,20,3.777120424353558e-06,92
2025-11-26,1430.5487060546875,29213211.0,17.190000534057617,0.01854720912281449,0.027595295375684614,-0.0012091894024681693,46.47890639007517,-5.061653090625214,3.2017691098489762,0.00711749716814869,-0.03412956115193544,-0.04067789013763201,0.08846166824563384,0.018371985912575564,0.5476194098406698,-0.003472293627771128,0,7.678866386413574e-05,20,1.3442791026571523e-05,92
2025-11-27,1425.5814208984375,22039774.0,17.190000534057617,0.0,0.0,-0.0044348084794223475,46.47887421445473,-4.088727659834149,1.7436697559123513,0.03225820374526789,-0.02372872065160203,-0.043189281157579584,0.10769245747115153,0.018522386378008564,0.6585368192776284,0.003484392461511998,1,7.678866386413574e-05,20,1.3442791026571523e-05,92
2025-11-28,1430.5487060546875,23152513.0,16.350000381469727,0.0053455307654550754,0.01821735934665414,0.002105664976116417,44.92756513795124,-2.8836182909399213,0.8182121465418968,-0.013745734359091433,-0.017123304100155057,-0.04651160891959927,0.09961684092104695,0.018544843876204708,0.5945944868867289,-0.020833420442177286,0,7.678866386413574e-05,20,3.819232401640519e-06,92
2025-12-01,1400.7454833984375,30559208.0,17.239999771118164,-0.013138502184223855,-0.0006576538937566045,0.0019863050869839416,42.46577971088654,-4.284047592265551,-0.20223980121959292,0.03971121023271884,0.0069930652797225434,-0.03999992463555557,0.08679257846287491,0.018433714397522186,0.517241729969391,0.01418442868425851,1,7.142126560211182e-05,20,9.37218251435653e-06,92
2025-12-02,1420.6142578125,23544477.0,16.59000015258789,0.015329548546699323,0.018366196516981237,0.000608734112671927,44.000017038889965,-3.74745552360946,-0.9112829456975664,0.0254545347307511,-0.024221443577220447,-0.06622522699862177,0.03296699240873391,0.018220816270879105,0.25925898957095084,0.013985958703768286,1,7.142126560211182e-05,20,9.37218251435653e-06,92
2025-12-03,1440.48291015625,20301540.0,16.079999923706055,0.011503460482797268,0.01832856796985949,0.0001911236723253218,48.684201591381566,-1.699378866629786,-1.0689021298840105,0.01060066436839291,0.017793611735164028,-0.04983385503589599,0.021428574563183922,0.01792528911334585,0.40740737369636887,-0.003448262420134296,0,7.142126560211182e-05,20,1.956587252409562e-06,92
2025-12-04,1435.5157470703125,20696944.0,15.779999732971191,-0.008529398965176016,-0.008864702178681738,-0.002780117606670518,52.11266435612482,-0.47163519218634065,-0.9494487423444765,0.006944331262205061,0.03942654666020373,-0.006849372137380683,0.03571423242587346,0.018042217393915285,0.555554847623746,0.010380667267870125,1,7.142126560211182e-05,20,9.37218251435653e-06,92
2025-12-05,1450.4173583984375,21072604.0,15.40999984741211,0.006110629291527614,0.010929871736999441,0.0016062935130458644,52.11268093142518,1.6843795326801683,-0.42268308733954757,0.006968613666144874,-0.006872909405252647,-0.013651824460774176,0.006968613666144874,0.01764875718098712,0.5185179791419017,0.023972592075337973,1,7.142126560211182e-05,20,1.956587252409562e-06,92
2025-12-08,1485.1876220703125,24257260.0,16.65999984741211,0.024260330324236357,0.01101879860496413,-0.002901310503285237,62.85711878336757,6.128065897409897,0.8874667096103415,0.013888833186634919,0.054151585793915435,0.0,0.031802079943909156,0.017568404809772255,0.6296294947854755,-0.010033405232020565,0,7.413625717163086e-05,20,1.1271108751711639e-05,92
2025-12-09,1470.2861328125,24235825.0,16.93000030517578,0.005101590117231991,-0.00036750756449210886,-0.003494935499670837,61.971833910968805,8.351028254937773,2.380179018675828,0.06028371297475443,0.08727274157111986,0.013559352250086976,0.038194376594358426,0.017741285012516955,0.8888884843564263,0.01689182457443117,1,7.413625717163086e-05,20,1.1271108751711639e-05,92
2025-12-10,1495.1219482421875,23319221.0,15.770000457763672,0.022181214261101756,0.01288305770619047,-0.00043961550810267536,57.81248020053475,11.978701666138932,4.299883548168449,0.034965068615097517,0.04593638594049687,0.01023903609550647,0.027777751704382236,0.017823087259757522,0.7777778789108934,-0.02000001796205908,0,6.214976310729981e-05,20,2.997595330943232e-05,92
2025-12-11,1465.219482421875,28924982.0,14.850000381469727,-0.014403332084012899,-0.007500545986443896,-0.0023755066327988406,66.04779423054482,12.299004624677536,5.899707763470267,0.037931056106740524,0.045138793187675885,0.020338986721973207,0.06360415988781831,0.01775497242242238,0.9629622213201148,0.006802755093318513,1,7.114708423614502e-05,20,-4.761086569892036e-06,90
2025-12-12,1475.18701171875,22107664.0,15.739999771118164,-0.04202060463058077,-0.05098983701580462,0.0033175603858714986,69.62158406486904,13.204925181406452,7.360751247057504,0.020692030311881826,0.027804838743238136,0.010205423933826951,0.035017475668883025,0.018041483851383718,0.739999199025724,-0.020270288161955086,0,7.114708423614502e-05,20,4.73989380730523e-06,90
2025-12-15,1445.2845458984375,25889058.0,16.5,-0.014724063831976775,-0.006136239356029138,0.00449008499969894,57.3701451057282,11.378826632706023,8.164366324187208,0.017077604026790816,0.03120362520698139,0.038414899474740416,0.013606448105847546,0.017554461450366467,0.8143205098565346,-0.010344794675505087,0,4.2679905891418454e-05,20,-1.3563368055555555e-05,90
2025-12-16,1430.3333740234375,32168064.0,16.479999542236328,-0.003023557006142541,-0.004573439058531692,0.0002745306503300071,49.958361815991324,8.625763328080893,8.256645724965946,-0.02686736381242605,0.03179668471387176,0.006805079531911673,-0.02031430811462709,0.017712956420318452,0.5913574875621438,-0.0034843378047024753,0,4.2679905891418454e-05,20,-1.3563368055555555e-05,90
2025-12-17,1425.349609375,30535812.0,17.6200008392334,-0.034545325170532215,-0.037814493626185275,0.004478345884427748,49.95517807686335,5.972940330244683,7.799904646021694,-0.027173458211591228,0.006841488572628673,0.024756835099144503,-0.007045926099679689,0.017404730719149022,0.4798764315139688,0.0,0,4.2679905891418454e-05,20,-1.3563368055555555e-05,90
2025-12-18,1425.349609375,30534136.0,16.8700008392334,0.027874046235084382,0.025139959575539494,0.00518285581531619,48.975040080550954,3.8264500575212423,7.005213728321603,-0.046666654147655806,-0.010505713517703907,0.02850662913829516,-0.030563114508562528,0.017100205704630757,0.44271577609856355,0.0,0,4.2679905891418454e-05,20,-1.3563368055555555e-05,90
2025-12-19,1425.349609375,38763280.0,14.90999984741211,0.014999384015492279,0.029756883436626858,-0.0037303888670811025,55.496380504847714,2.1011206409143597,6.024395110840155,-0.02721085374934662,-0.00708187124805848,-0.013906107593803618,-0.030563114508562528,0.017100205704630757,0.44271577609856355,0.024475474767018612,1,4.2679905891418454e-05,20,2.253665165467696e-05,88
2025-12-22,1460.2357177734375,22661665.0,14.079999923706055,0.014985210834182583,0.010993369394593389,-0.00032362001212404845,58.29461326355117,3.5083598518137933,5.521188059034883,-0.033783786020244344,-0.017283128113633084,0.03593254888544961,-0.017283128113633084,0.016977915947058483,0.44271577609856355,0.017064848413563594,1,5.852878093719483e-05,20,5.728615955872969e-05,88
2025-12-23,1485.1544189453125,20739075.0,14.0,0.012513780633703009,0.0054537588747178845,0.0008982802507242482,59.1581808216984,6.558733003957741,5.7286970480194555,0.010344794675505087,-0.01680050649903253,0.06900600881013341,0.013712628923202574,0.0173656305040124,0.7028385436103187,0.003355721522868116,1,7.447898387908935e-05,20,8.495626124468717e-05,88
2025-12-24,1490.13818359375,12987261.0,13.470000267028809,0.006229853767608873,0.002760104059158053,-0.0013541653938790033,61.19747496460336,9.271448374271358,6.437247313269836,0.03832745981985086,0.01011251198048857,0.056513430174149004,0.031011481270692087,0.017552944734246477,0.8886409104893043,0.010033494953638922,1,7.447898387908935e-05,20,8.495626124468717e-05,88
2025-12-26,1505.0894775390625,18823612.0,13.600000381469727,0.013520777142285834,0.0004538938835816353,0.002562756491433227,61.2053772921193,12.48383345634511,7.646564541884891,0.04545451431186698,-0.003333349934630303,0.041654979859724106,0.01350216827745987,0.017277383181424612,0.9258015659047095,0.01324501753612184,1,7.447898387908935e-05,20,8.495626124468717e-05,88
2025-12-29,1525.0244140625,21124648.0,14.199999809265137,-0.006339903170881289,-0.004074858987184515,-0.00602469435943731,58.6934527186969,16.4486448136131,9.406980596230534,0.055944076905474205,0.027210937061310503,0.05577237152159076,0.027141280511354227,0.017328473270025978,1.0,-0.006535980148883347,0,7.447898387908935e-05,20,8.495626124468717e-05,88
2025-12-30,1515.056884765625,20325400.0,14.329999923706055,-0.004453138665939882,-0.0012774556891911315,-0.001982110917127744,59.98520033454431,18.572399012136657,11.24006427941176,0.06993007472125123,0.033783786020244344,0.06604158782427416,0.02000001796205897,0.017167047263089028,1.0,0.01973686012782183,1,7.447898387908935e-05,20,8.495626124468717e-05,88
2025-12-31,1544.9593505859375,29695967.0,14.949999809265137,0.014386989221531366,-0.011991772143320478,-0.0023692492856227654,60.86955827210796,22.41003961474121,13.47405934647765,0.03754268322910126,0.04827584925417905,0.08160754592608033,0.013333318092798363,0.017202354366898487,0.9373305263287158,0.02258067855022805,1,8.51750373840332e-05,20,6.627155975861983e-05,88
2026-01-02,1579.8455810546875,37512761.0,14.510000228881836,0.05172908294635348,0.04014331753554501,0.001917140625415037,74.46808288875536,27.944300185630937,16.36810751430831,0.04026849388705034,0.08013934278836299,0.08752910375889611,0.03677776696461832,0.017444951792610262,1.0,0.0536277163782215,1,0.00011150538921356201,20,6.335557893265125e-05,86
2026-01-05,1664.569091796875,66871820.0,14.899999618530273,0.008260120694568274,0.010720094980448458,0.0017633995608958841,80.64514854645627,38.720376416495355,20.83856129474572,0.06020072396547227,0.10839163294641252,0.0967471879852575,0.053167735545680106,0.017741138721434187,1.0,0.020958115010468514,1,0.00019837021827697753,20,0.00010919016461039699,86
2026-01-06,1699.455322265625,46751692.0,14.75,0.016074448397346286,0.02746006151998026,0.003695945317161664,90.4761849220614,49.50486049326673,26.571821134449923,0.10596022139399586,0.16783214507405675,0.1595617081832983,0.11333332625737058,0.019465013871508226,1.0,-0.017595323294788412,0,0.0002677232027053833,20,5.728214286094488e-05,86
2026-01-07,1669.5528564453125,49857449.0,15.380000114440918,-0.02672323727334258,-0.009941282542940355,0.000556001467722611,86.36361274711736,55.004702761558065,32.25839745987155,0.11437909229168342,0.19230770548344078,0.17170089865869853,0.17170089865869853,0.018960090714044708,1.0,0.0059701789364712265,1,0.0001727283000946045,20,5.4283197536024933e-05,86
2026-01-08,1679.5203857421875,29215618.0,15.449999809265137,-0.0021024349563686373,-0.018319788641178003,-0.0013653985571981941,88.0596856690272,59.48199231439662,37.70311643077657,0.10197371018421375,0.14334476011245711,0.12413598903955303,0.14715593840189167,0.01924963974629861,0.9103320840054923,-0.002967373716178612,0,0.0001727283000946045,20,5.4283197536024933e-05,86
2026-01-09,1674.53662109375,37387656.0,14.489999771118164,0.01767242909938549,0.027256180637466265,0.00304299038122946,86.76468469403045,61.9144175212823,42.54537664887772,0.08709681268003377,0.1308725640360715,0.14230852638829194,0.15795662263496868,0.019222426251447742,0.9402215113535825,0.005952337560734877,1,0.0001727283000946045,20,0.00011791462122007858,86
2026-01-12,1684.5040283203125,29987449.0,15.119999885559082,0.025152176236015178,0.004720656912223342,0.0015374978232687297,87.14283364889391,63.90970716274137,46.81824275165045,0.059936895842597426,0.12374586433003709,0.12000002612663141,0.14277969178663064,0.019220188703141617,0.9252767976795373,0.01183437870055326,1,0.0001727283000946045,20,0.00011791462122007858,86
2026-01-13,1704.4390869140625,30171800.0,15.979999542236328,-0.0016879607323825319,0.009531194411121158,-0.0007406428934867426,86.5671467186859,66.33491361110418,50.7215769235412,0.011976034291203863,0.1192052389301177,0.149659862245334,0.15742894385737105,0.019156623701932312,0.9551658589778647,0.0,0,0.0001727283000946045,20,5.4283197536024933e-05,86
2026-01-14,1704.4390869140625,29100816.0,16.75,-0.012378826405095356,-0.006004140186555484,0.0014887274555150931,85.4838531263432,67.47905070185993,54.07307167920495,0.002932565853978053,0.11764708236612509,0.15540543224293257,0.16318648984845918,0.01919233137186327,1.0,-0.011695964230580391,0,0.0001727283000946045,20,0.00011791462122007858,86
2026-01-15,1684.5040283203125,36391886.0,15.84000015258789,0.04441938352764274,0.017636838948224876,-0.00335893987830016,79.99996231740428,66.0162012902515,56.461697601414265,0.020895553162076697,0.1250000604285788,0.17931039375677105,0.17513698870518057,0.019075785210844805,1.0,0.029585801818144075,1,0.0001727283000946045,20,0.00011791462122007858,86
2026-01-16,1734.3414306640625,53551629.0,15.859999656677246,0.0022245006988907967,0.011497627219594797,0.0016978112646923726,81.94440475558694,68.09340605455827,58.78803929204307,0.002967301034528802,0.09032255617693208,0.17770028925627956,0.18575751232720772,0.018845149985890874,0.9411013684875659,0.011494239929334293,1,0.0002410411834716797,20,0.00013191963351050088,86
2026-01-19,1754.2763671875,29580038.0,15.859999656677246,0.0,0.0,0.0013876592712758207,81.94440475558694,70.53510379992099,61.13745219361866,0.03571424405830559,0.09779174082712272,0.2167831802504594,0.20816607843112234,0.019226178588335877,1.0,0.008522769972260757,1,0.0002410411834716797,20,5.079078119854594e-05,86
2026-01-20,1769.2276611328125,29401234.0,20.09000015258789,-0.04450933601066909,-0.0168050109957687,-0.0018666165410358149,84.93147973113307,72.83699182055875,63.47736011900668,0.04142010805207774,0.05389219097765863,0.23076917806623642,0.2568445444794816,0.018555865736342422,1.0,-0.019718338818200953,0,0.0002410411834716797,20,5.079078119854594e-05,86
2026-01-21,1734.3414306640625,45192749.0,16.899999618530273,-0.003178876165360278,0.031803161672472324,0.004225198331249791,75.67564525984167,71.02746699226282,64.9873814936579,0.038011668892228734,0.04105570646845291,0.24125874065984365,0.27664284324450117,0.018450541622184954,1.0,0.011494239929334293,1,0.00014681518077850342,20,4.863461782765943e-05,86
2026-01-22,1754.2763671875,32069478.0,15.640000343322754,0.003832953603947642,0.0016289460229255148,-0.0013351674979606987,74.64785136811093,70.39056963302028,66.06801912153038,0.017543803107765488,0.03880594374034563,0.18771333254919997,0.199862462427566,0.01791236023308361,0.9134878629696765,0.005681846648173838,1,0.00014681518077850342,20,4.863461782765943e-05,86
2026-01-23,1764.243896484375,27601167.0,16.09000015258789,0.022909815522274224,-0.01207171878890867,-0.001769903822365304,67.8571178635912,69.88453478398537,66.83132225402139,0.04142010805207774,0.044510315016079716,0.18120805810435892,0.2749938517238062,0.01588910108895535,0.9629232401094131,-0.008474549298310374,0,0.00014681518077850342,20,0.00012648382852243823,86
2026-01-26,1749.292724609375,22960198.0,16.149999618530273,-0.006450264467240396,-0.003881679788138803,-0.006750241196508577,59.61537374540508,67.49897770386997,66.96485334399111,0.01724139508612388,0.05357140253644088,0.18394650637672227,0.291563617704234,0.015752931903810916,0.9864748827770169,0.014245015040258213,1,0.00014681518077850342,20,4.863461782765943e-05,86
2026-01-27,1774.21142578125,28985200.0,16.350000381469727,0.016921693361432233,0.023986271771277323,0.002221819049822882,70.5882183434678,66.84854900006712,66.94159247520632,-0.0028408537396618083,0.038461585843558854,0.16225164730378938,0.2444168991990776,0.015487506625345203,0.9458998623868103,0.022471883828230288,1,0.00014681518077850342,20,4.863461782765943e-05,86
2026-01-28,1814.081298828125,29301156.0,16.350000381469727,0.011704142336177448,0.023352944555712796,-0.01050238363220013,73.6841833864818,68.7576497287464,67.30480392591434,0.0028169154020836196,0.040935659949873804,0.16339870327383332,0.2402314009107389,0.015429931143735235,1.0,-0.008241731991095569,0,0.0002320975065231323,20,0.00012220962103023084,86
2026-01-29,1799.130126953125,32224002.0,16.8799991607666,-0.008033906933492596,0.001643173336035808,0.005120485824171128,71.18643364156657,68.27713488251243,67.49927011723396,0.04597703010158205,0.06432744517292965,0.1973684401353406,0.27252030100451585,0.015590531385549848,1.0,-0.016620513087040045,0,0.0002320975065231323,20,4.341366679169411e-05,86
2026-01-30,1769.2276611328125,40825139.0,17.440000534057617,-0.026476168330012095,-0.03869042763570618,0.0029453572698179276,63.492062874938284,64.73719424087949,66.94685494196307,0.025568240332357384,0.06804738766170293,0.16451615783340268,0.2576503822193854,0.015738626043071,0.9638280271951334,-0.00563383080416735,0,0.00013884305953979493,20,4.223751467327739e-05,86
2026-02-02,1759.2601318359375,28251381.0,16.34000015258789,0.0326718298465174,0.01700575433522533,0.007056381660207167,59.01637303668915,60.430860127702545,65.64365597911096,0.0028248728298669867,0.02011497266451867,0.11987379168519463,0.2630614784067531,0.015578706863056312,0.8860040790722004,0.01983005800986537,1,0.00013884305953979493,20,0.00011775105498557868,86
2026-02-03,1794.1463623046875,26744162.0,18.0,-0.01643426803800596,-0.020672488552433643,-0.00018679128920895405,63.23527928582131,59.151228023687054,64.34517038802618,0.005697964146502921,0.002840923324086919,0.056886217884080104,0.23837989247334002,0.015615340273083346,0.8589742784558909,-0.008333374723178522,0,0.00020697414875030516,20,3.7098346754562024e-05,86
2026-02-04,1779.195068359375,26952301.0,18.639999389648438,-0.029813848254780728,-0.04357965568465527,-0.0001235239417486378,64.17909356484634,56.28188337648544,62.73251298571803,0.011235941914115033,0.014084508014033492,0.05571846390926316,0.2455172842766149,0.015721024368233538,0.9487180050808763,-0.011204469300727049,0,0.00020697414875030516,20,3.7098346754562024e-05,86
2026-02-05,1759.2601318359375,26299986.0,21.770000457763672,0.01531897838527696,-0.0005932438009643715,0.0026573312511892766,54.09835868096992,51.802181000010705,60.54644658857657,-0.01923079769979774,0.02586205743706338,0.06567160272332107,0.23941173894501966,0.01580562979244839,0.9102562733750145,0.00849862602735696,1,0.00020697414875030516,20,0.00013007327567699344,86
2026-02-06,1774.21142578125,33263592.0,20.3700008392334,0.05478791391692117,0.05699284177279029,-0.0002622091433629459,53.33334694094162,48.894800239150754,58.21611731869141,-0.022160706732596624,0.002840923324086919,0.04747768873225833,0.21293372672988875,0.015984458726796217,0.8589742784558909,0.01966288114905801,1,0.00020697414875030516,20,0.00013007327567699344,86
2026-02-09,1809.0975341796875,36529289.0,17.360000610351562,0.01880463693428469,0.014158943928058276,-0.002331814588317105,56.249990432145545,48.842669541040095,56.34142776316115,0.0028169154020836196,0.0056497456597341955,0.0595238129951412,0.19460423680884564,0.01570602952022823,0.8974360101617528,0.035812716044876014,1,0.00027407407760620116,20,3.090500831604004e-05,86
2026-02-10,1873.88623046875,41859169.0,17.790000915527344,0.018288692040738352,-0.006793219151515761,-0.00043710449322398315,70.0000034991009,53.4135438314936,55.755850976827645,0.028328614649921313,0.03418799422701957,0.07396450454536008,0.23043909196033674,0.015710608899788064,0.9871794227647127,0.018616983161091172,1,0.0003589928150177002,20,0.00013525472130886343,86
2026-02-11,1908.7723388671875,40488310.0,17.649999618530273,0.03365479584202058,0.022786173580571,-0.002613923188501621,71.23287579306775,59.16894921526841,56.4384706245158,0.044444461075980435,0.05617977837314947,0.09941519462656578,0.2533333703460612,0.016317451011484164,1.0,0.0,0,0.00042453110218048095,20,0.00014492037684418435,86
2026-02-12,1908.7723388671875,40488310.0,20.81999969482422,-0.01601220641445411,-0.02498355585679435,-0.0045014801042541075,70.42253035236794,63.00387993799495,57.75155248721163,0.07282915336950535,0.05219779295461113,0.11988298879197634,0.3027211020373275,0.015927751043951086,1.0,0.0,0,0.00042453110218048095,20,0.00014492037684418435,86
2026-02-13,1908.7723388671875,40488310.0,20.600000381469727,-0.004726967258418813,0.006575341903163112,0.002549725303937489,73.5293958734583,65.2904623567922,59.25933446112775,0.08498584394976394,0.060941790852974353,0.133136108181648,0.2939188887267008,0.015958519839373395,1.0,0.0,0,0.00042453110218048095,20,1.6121670257213504e-05,86
2026-02-16,1908.7723388671875,40488310.0,20.600000381469727,0.0,0.0,-0.0015246937984533249,71.42855476618422,66.33789345577247,60.675046260056696,0.07584265952220748,0.07887321728003416,0.10057472255410338,0.32068964847377535,0.01543397480559929,1.0,0.0,0,0.00042453110218048095,20,0.00014492037684418435,86
2026-02-17,1908.7723388671875,40488310.0,20.290000915527344,-0.005895756732518298,-0.00022242439955466597,-0.0013388956482243142,67.27271512708893,66.40254296687363,61.820545601420086,0.05509642393752756,0.08498584394976394,0.08806820554014494,0.33449472237226163,0.015235625411829877,1.0,0.0,0,0.00042453110218048095,20,1.6121670257213504e-05,86
2026-02-18,1908.7723388671875,40488310.0,19.6200008392334,-0.005326802331282687,0.00962381088699682,0.0015641391420189166,71.15381807305246,65.69647015686019,62.59573051250811,0.018616983161091172,0.06388886602052701,0.07887321728003416,0.33916081101264894,0.015186518664744231,1.0,0.0,0,0.00042453110218048095,20,1.6121670257213504e-05,86
2026-02-19,1908.7723388671875,40488310.0,20.229999542236328,-0.00516203984715613,-0.004997328655290012,0.004879556670309926,80.43475251246782,64.39460148625858,62.95550470725821,0.0,0.07282915336950535,0.10057472255410338,0.33916081101264894,0.015186518664744231,1.0,0.0,0,0.00042453110218048095,20,1.6121670257213504e-05,86
2026-02-20,1908.7723388671875,40488310.0,19.09000015258789,0.028163963262128888,0.010659111897196594,0.001582666624481588,84.09089390886115,62.640777297197474,62.89255922524607,0.0,0.08498584394976394,0.08806820554014494,0.33916081101264894,0.015186518664744231,1.0,-0.00783287329272242,0,0.00042453110218048095,20,1.6121670257213504e-05,86
2026-02-23,1893.8211669921875,69816209.0,21.010000228881836,-0.0013493849966029758,-0.005684936284309439,-0.0021533548382927092,75.0,59.36015742916152,62.18607886602916,0.0,0.07584265952220748,0.08192089691839977,0.30716727144414535,0.014971140404806668,1.0,0.03421050273804305,1,0.00042453110218048095,20,0.00014492037684418435,86
2026-02-24,1958.6097412109375,40961679.0,19.549999237060547,0.04245480258696266,0.014473788559009604,-0.0024182185904723097,86.00002253422876,61.28172148813155,62.00520739044965,-0.00783287329272242,0.04683198733722049,0.08262107327696477,0.2751678497762482,0.015035644576403155,0.9642858288396597,0.02544529484109348,1,0.0004891157150268555,20,0.00015358314957729605,86
2026-02-25,2008.4471435546875,40832607.0,17.93000030517578,0.005132911132305962,0.016212714109510307,-0.0018355200278042938,94.64287276385426,66.06448643368503,62.81706319909673,0.026109662912093157,0.04521272922796071,0.1039325487087821,0.31438128542373156,0.015648907320335314,1.0,-0.009925547001528368,0,0.0005527406930923462,20,-2.479137376297352e-06,86
2026-02-26,1988.51220703125,58561388.0,18.6299991607666,-0.028163919201776633,-0.031906957819069603,-0.0034419943738348557,87.71931558497477,67.468543959714,63.74735935122019,0.05221932582418631,0.05221932582418631,0.10714285233639775,0.33443703748341513,0.015908767814614293,1.0,0.0,0,0.0005527406930923462,20,0.0001612090787222219,86
2026-02-27,1988.51220703125,58561388.0,19.860000610351562,-0.005918157441115679,-0.012063744625025907,-0.0007131871425752889,86.00002253422876,67.79971673412751,64.55783082780165,0.041775473449801925,0.041775473449801925,0.10526313646853813,0.3039215560713999,0.01608818994472615,0.9595960070789313,-0.010025051117588779,0,0.0005527406930923462,20,0.0001612090787222219,86
2026-03-02,1968.5772705078125,48884884.0,21.440000534057617,-0.014603078429392458,0.004814517678193075,0.004102837192432096,73.1707506495322,65.69628489187949,64.78552164061722,0.041775473449801925,0.041775473449801925,0.1239436567242187,0.3125000302142895,0.01599069972831224,0.9569892954553356,-0.02025320301849398,0,0.0005527406930923462,20,-2.479137376297352e-06,86
2026-03-03,1928.707275390625,43090471.0,23.56999969482422,-0.043293223370182154,-0.04577405776897203,0.005099596730266498,54.76190059630553,60.11910893898198,63.85223910029018,0.039473686754887494,0.03133162107541754,0.11898020928458997,0.27419357005167466,0.016054515022206485,0.9069768369151128,-0.036175701599433396,0,0.00046036839485168456,20,-2.7806259864984557e-06,86
2026-03-04,1858.9349365234375,68160943.0,21.149999618530273,0.012205115761102725,0.0192662475033758,0.0063104298674527826,41.071425447229146,49.498524007118704,60.981496081655884,-0.01526718936965199,0.010443852374384388,0.07499996427999656,0.2208201222445052,0.01632787370150506,0.7681158545697998,0.0187667840241863,1,0.0003688931465148926,20,0.00015503999798796898,86
2026-03-05,1893.8211669921875,48120463.0,23.75,-0.010015682788651059,-0.011715263046032542,-0.0032772450369655814,47.61905502455593,43.39641432288545,57.4644797299018,-0.0744416936791441,-0.026109662912093157,0.04481794581276133,0.1167664626745819,0.01565609567912888,0.5588234658467515,-0.005263184016844447,0,0.00043141543865203856,20,-1.295638638873433e-05,86
2026-03-06,1883.8536376953125,30082724.0,29.489999771118164,-0.042304814021427384,-0.03925197659474111,0.00872272824550624,46.15384615384615,37.32588258280521,53.43676030048248,-0.04761903884936747,-0.00783287329272242,0.076487287309708,0.1143694936725046,0.015597485404701246,0.6617648012298728,-0.04232805912757398,0,0.00043141543865203856,20,-1.295638638873433e-05,86
2026-03-09,1804.11376953125,76459172.0,25.5,0.02894745991459824,0.039343963829421735,-0.0032470342924506568,37.03703479709982,25.78338666415266,47.90608557321652,-0.052631595102042406,-0.013054831456046578,0.06179771492892017,0.1283581890939789,0.015319711132566376,0.6268655897959893,0.02209949050360982,1,0.0003408163785934448,20,0.00015990955885066541,86
2026-03-10,1843.9837646484375,41375691.0,24.93000030517578,-0.004617215793161655,0.00700607081941218,-9.416103239789919e-06,42.69663632565735,19.62680529376871,42.250229517326964,-0.08354434618364648,-0.047368462780154164,-0.002754834692037411,0.07418390681456599,0.016829189571741295,0.3880594941498394,0.048648625389458466,1,0.0004024803638458252,20,4.8256733200766824e-05,88
2026-03-11,1933.6910400390625,36167313.0,24.229999542236328,0.02152178105040381,0.0062872157442566134,-0.0008836226453298179,52.33644838419327,21.73574151287653,38.147331916436876,-0.04392761505243359,-0.05852415320452298,-0.01595746066869408,0.10119046751214689,0.0170967689116239,0.4923078430382456,-0.02835053059514614,0,0.0004768669605255127,20,-0.0001538693904876709,88
2026-03-12,1878.869873046875,34040589.0,27.290000915527344,-0.05034406575900929,-0.034291175436125476,0.0011834075149077528,47.45762535954382,18.76714270496177,34.271294074141856,0.04021448090885471,-0.03722084683957205,0.013054831456046578,0.14792900909071993,0.01852074424311334,0.7692307692307693,-0.01061006768452244,0,0.00037681460380554197,20,5.6995586915449664e-05,88
2026-03-13,1858.9349365234375,31214304.0,27.190000534057617,0.004751819867662377,0.0004540282211726865,0.0026499563387061276,47.05881989712641,14.63719550937003,30.344474361187494,-0.00789477602526667,-0.05513787322837993,-0.01566581053770877,0.10233911406515839,0.019106141440228874,0.5999999246347233,-0.010723848442334205,0,0.00037681460380554197,20,5.6995586915449664e-05,88
2026-03-16,1839.0,31249086.0,23.510000228881836,0.005675379064193464,0.019564160857770574,0.008380462709563163,39.09091374673816,9.644424901160846,26.204464469182167,-0.013227514427479825,-0.0651629243459686,-0.026109662912093157,0.09064322145363035,0.019209867445240468,0.5384615384615384,0.016856987493202746,1,0.00037681460380554197,20,-0.00014100291512229225,88
2026-03-17,1870.0,23812211.0,22.3700008392334,0.019765715350204216,0.005206335686146701,-0.006781109201310698,36.92350724628992,8.095736534032085,22.58271888215215,0.019337045732883196,-0.06582280129364027,-0.036553515286477656,0.09171600012957026,0.019193235734388484,0.38181827088623604,0.018716577540107027,1,0.00047149360179901125,20,-0.00015432793985713613,88
2026-03-18,1905.0,23068156.0,25.09000015258789,-0.018527092486746777,-0.005321053907867412,-0.0018782115046350745,42.33043784750202,9.582140388457901,19.9826031834133,0.014108711719879263,-0.030438665389870945,-0.020312709943291596,0.07821906744394336,0.01884880900712914,0.49491332342302785,-0.02887139107611547,0,0.0005657106637954711,20,-0.00016816976395520297,88
2026-03-19,1850.0,31040569.0,24.059999465942383,-0.0022970190607916052,0.008745193845365984,0.004585233777771203,38.44651759884625,6.250039244336222,17.236090395597884,-0.014837447888512156,0.02478035275549395,-0.0019763168138879905,0.08591783805087894,0.018970393743033824,0.622601285964567,-0.00540540540540535,0,0.00046614408493041994,20,-0.00015474652702158147,88
2026-03-20,1840.0,46312322.0,26.780000686645508,-0.028188606717073794,-0.024504971982803325,-0.0071524381885594845,39.09445813080748,2.7704723736501364,14.342966791208335,-0.015365552165705898,-0.023139020598119786,-0.030790648874379434,0.04565401086679266,0.019532685801694264,0.4219487733992912,-0.016304347826086918,0,0.00046614408493041994,20,3.9538876576857135e-05,88
2026-03-23,1810.0,34902948.0,26.149999618530273,0.027973582328501223,0.013365302284764402,0.006905285819817086,39.76015739315688,-2.380418734421937,10.99828968608228,-0.010185905999942846,-0.02327868620885143,-0.03602961833992324,0.06092143534591221,0.019281181829743223,0.35001245882581805,0.0,0,0.00038316547870635985,20,-0.00014089792966842651,88
2026-03-24,1810.0,27001025.0,26.950000762939453,0.01418226509039866,0.01281080846792304,-0.0049873146018064585,45.201158114522904,-6.388889901892526,7.52085376848732,-0.015769439912996175,0.003262671439107301,-0.044260339071673926,0.03176445505096637,0.01940960560128767,0.23425136116793602,0.01933701657458564,1,0.00038316547870635985,20,-0.00014089792966842651,88
2026-03-25,1845.0,40964040.0,25.329999923706055,0.013109978150036339,0.012072086935002835,0.0020024107948439784,45.213383086137156,-6.664599336213769,4.683763147547102,-0.03208556149732622,-0.01842953571498318,-0.07587511594783425,0.025935248299174374,0.019395461320793436,0.23425136116793602,-0.0027100271002710175,0,0.00047709643840789797,20,-0.00015506351535970515,88
2026-03-26,1840.0,20958470.0,27.440000534057617,-0.062228654632458635,-0.04792819589124908,0.00031634010450520833,45.65812599240952,-7.203521550155301,2.306306208006622,-0.03149606299212604,-0.045866189687299164,-0.08137985810540549,0.05471198390309251,0.019545518598144646,0.34407839948269275,-0.010869565217391353,0,0.00047709643840789797,20,-0.00015506351535970515,88
2026-03-27,1820.0,28974140.0,31.049999237060547,0.0019318785413249273,-0.016899866901495364,-0.00018472719949447214,51.78389412545872,-9.139104235720197,0.017224119261258254,-0.00540540540540535,-0.02068790053237779,-0.07468508692384213,0.037080459105814256,0.01944977436978849,0.32401314822616517,-0.02197802197802201,0,0.00047709643840789797,20,2.104518088427457e-05,88
2026-03-30,1780.0,39889700.0,30.610000610351562,-0.031339874335644446,-0.042283963631192356,0.0014719379020335932,42.81724218167387,-13.742320251639057,-2.734684754918805,-0.010869565217391353,-0.020944754847769587,-0.08474285771814816,0.003262643838343182,0.019233387472529558,0.24375214320005487,-0.011235955056179803,0,0.00039569437503814695,20,1.8996271220120516e-05,88
2026-03-31,1760.0,49221091.0,25.25,0.06777255041716024,0.06242642279346322,0.001938961860005195,26.883792594441047,-18.787662483465738,-5.945280300628192,-0.016574585635359074,-0.032082653616095747,-0.09579368477579098,-0.010632986834322233,0.019496430612238987,0.08323013314783427,0.05397727272727271,1,0.00039569437503814695,20,1.8996271220120516e-05,88
2026-04-01,1855.0,35537379.0,24.540000915527344,0.010474856929950649,0.028216159006125396,-0.0031555578204207624,47.13012716309646,-14.948113947335742,-7.745847029969702,-0.027624309392265234,-0.05882352941176472,-0.08747168507281977,-0.005215643715916207,0.019402417366399232,0.0029691281217239657,-0.02425876010781669,0,0.00046825110912322997,20,1.3864853165366433e-05,88
2026-04-02,1810.0,25132417.0,23.8700008392334,-0.00717438800408654,0.003983445657964824,0.0020069684313648306,44.45100257769703,-15.359315362649113,-9.268540696505584,0.005420054200542035,-0.026246719160105014,-0.0021167693640727903,0.0544205296485345,0.021083341578507712,0.38420890199574786,0.0,0,0.0003879278898239136,20,-0.00014450875195589933,88
2026-04-03,1810.0,25132417.0,23.8700008392334,0.0,0.0,-0.001996690480016272,46.555819477434675,-15.506446780770375,-10.516121913358543,-0.016304347826086918,-0.021621621621621623,-0.044260339071673926,0.008836312370272603,0.021244285857978624,0.20362164068699973,0.0,0,0.0003879278898239136,20,1.2838027694008567e-05,88
2026-04-06,1810.0,25132417.0,24.170000076293945,0.008022655592703432,0.01055988851809575,0.000779587026702,42.30769230769231,-15.445009039631486,-11.501899338613132,-0.005494505494505475,-0.016304347826086918,-0.03920349023805492,0.017313970900914688,0.021199326544418536,0.20362164068699973,0.027624309392265234,1,0.0003879278898239136,20,1.2838027694008567e-05,88
2026-04-07,1860.0,17953562.0,25.780000686645508,0.010416659225387814,0.01108628548895263,-0.0015330159053532633,44.444444444444436,-11.232258569626538,-11.447971184815813,0.016853932584269593,0.0,0.003262671439107301,0.028841594967033757,0.021117150101671485,0.20125004974747934,0.048387096774193505,1,0.00045979321002960206,20,6.962906230579723e-06,88
2026-04-08,1950.0,46515921.0,21.040000915527344,0.059596855484087774,0.06335057881544848,-0.0006266985661774749,61.36363636363636,-0.6241804684020735,-9.283213041533065,0.05681818181818188,0.027624309392265234,0.00868567048073543,0.04835307279174694,0.021488103887818952,0.4025000994949587,0.002564102564102555,1,0.000530967116355896,20,3.325668248263272e-07,88
2026-04-09,1955.0,31835073.0,19.489999771118164,-0.0011205347607230465,0.020986021863915072,-0.005443006460909006,63.2183908045977,8.09296539971865,-5.807977353282722,0.05121293800539073,0.05691056910569103,0.008434108460578127,0.07788549990158655,0.02251765057924255,0.7647501890404215,0.023017902813299296,1,0.000530967116355896,20,-0.00018585608764128253,88
2026-04-10,2000.0,28637625.0,19.229999542236328,0.013981274469004656,0.023050705663548277,0.0001702281183058041,71.11111111111111,18.420154152237956,-0.9623510521785866,0.08011049723756902,0.0625,0.04051910568434858,0.04328638964968512,0.021876431099887843,0.7848751940151694,-0.0050000000000000044,0,0.0006233036518096923,20,-1.6855922612276945e-05,88
2026-04-13,1990.0,28968757.0,19.1200008392334,-0.0027792735087250886,0.016838280575613762,0.001298647737427494,69.56521739130434,25.50361936686454,4.330843031630039,0.1049723756906078,0.098901098901099,0.07588488478267075,0.04779389310877913,0.021972018642355748,0.9660002387879009,0.03266331658291466,1,0.0006233036518096923,20,-0.00020162083885886452,88
2026-04-14,2055.0,39113405.0,18.360000610351562,0.02792436377328955,0.020421504184965578,-0.0039601185393721705,71.42857142857143,35.947888473858484,10.654252120075729,0.09944751381215466,0.1179775280898876,0.08210984230560081,0.04255492364323521,0.021993024458777197,0.925750228838405,0.012165450121654597,1,0.0007153421640396119,20,-0.00021776421503587201,88
2026-04-15,2080.0,40343568.0,18.170000076293945,-0.012608935113376685,0.0016445928372867957,-0.003925227774549067,73.52941176470588,45.7153598428838,17.666473664637344,0.10483870967741926,0.16761363636363646,0.09893048128342241,0.07660822516927035,0.022519778816675527,1.0,,0,0.0007153421640396119,20,-0.00021776421503587201,88
