Date,Close,Volume,VIX_Close,ADR_Ret,SOX_Ret,FX_Ret,RSI_14,MACD,MACD_Signal,Ret_5D,Ret_10D,Ret_20D,Ret_42D,Vol_42D,Position_42D,PTT_Raw_Score,PTT_Volume,News_Raw_Score,News_Volume,Next_Day_Return,Target_Binary
2016-08-10,141.14053344726562,19279000.0,12.050000190734863,-0.006122336996705613,-0.007653023637544054,-0.0019678898257765587,67.60676849555277,2.9347593796667013,2.904987319507476,0.04057972318813996,0.02571419636815575,0.06528211338434131,0.15147650401404666,0.013481406118358321,0.999999999995201,,0,0.0298851132392883,4,-0.016713143417588228,0
2016-08-11,138.78163146972656,28180000.0,11.680000305175781,-0.00273803704058051,0.004451233675117683,-0.007537493657943095,59.71795254956486,2.7642112867243895,2.8768321129508587,0.011461129411675763,0.0,0.04437854364933136,0.1322317120604768,0.013828007315459554,0.8867921626709094,,0,-0.121794044971466,1,0.00566574013327692,1
2016-08-12,139.56793212890625,22947000.0,11.550000190734863,0.0034318198805873834,0.004611878809684722,0.0035890989333065004,61.33743318016912,2.661531030954478,2.833771896551583,0.0028247026628775984,0.02898548442075488,0.04719767422823362,0.13166112067525093,0.01382543960966113,0.9245281084456732,,0,,0,0.008450566563503958,1
2016-08-15,140.7473602294922,12020000.0,11.8100004196167,0.005129919515378223,0.013592500026806231,0.0022031526612136254,63.695174168248606,2.644444985902652,2.7959065144217967,0.005617995902529316,0.011299139564256322,0.05604708787944612,0.15900034666905571,0.013538387391521583,0.9811309286638016,,0,,0,-0.01955319042599546,0
2016-08-16,137.99530029296875,34260000.0,12.640000343322754,-0.010547567236526612,-0.007375660482562552,-0.0011151065212341438,55.231425426466565,2.38216368766615,2.7131579490706677,-0.016806778417597368,-0.0028408636710706148,0.0293252635326533,0.11890972227935825,0.013862291540993535,0.8490547523041223,,0,-0.111274778842926,1,0.008547424383490654,1
2016-08-17,139.1748046875,21487000.0,12.1899995803833,-0.0034391465148516653,0.0,-0.003540446018570842,57.81847565877806,2.2432925854830046,2.619184876353135,-0.013927457348743011,0.026087093475470446,0.04117671635098663,0.12847351852249367,0.013883321724515781,0.9056612340023088,,0,,0,-0.0056501727888292885,0
2016-08-18,138.38844299316406,27253000.0,11.430000305175781,0.006211232449452542,0.007073562529900768,0.004961450994094285,55.5151742570073,2.0463851463565845,2.5046249303538253,-0.002833144937111287,0.008595513433798274,0.023255433498001077,0.105147297021561,0.013805027343292515,0.8679223590434985,,0,0.0278843846172094,3,-0.008522260231492051,0
2016-08-19,137.2090606689453,23470000.0,11.34000015258789,-0.017832550517748347,0.008732439820512639,0.0005096428757587201,52.1591028314796,1.7749839452685592,2.3586967333367723,-0.01690124245576885,-0.014124280777461973,0.020467955714706276,0.092428906611709,0.013908437273617054,0.8113217357134049,,0,,0,-0.011461463036634312,0
2016-08-22,135.63644409179688,21337000.0,12.270000457763672,-0.008380124744968853,0.00028853595645794705,0.006048599985366332,47.992820652222846,1.4170149939418195,2.1703603854577818,-0.03631269623360489,-0.030898704909725683,0.005831149561240867,0.09307740922896102,0.013894069134334823,0.7358491118678657,,0,,0,0.014492854708085368,1
2016-08-23,137.60220336914062,20888000.0,12.380000114440918,0.003521325289903343,0.005042104682158932,0.005980668554621094,53.041995074045765,1.2768276401848198,1.9916538364031893,-0.002848625445892483,-0.01960752764682594,0.011560955593789002,0.14379105194706687,0.013017719502695006,0.8125005306248205,,0,,0,-0.008571509679972,0
2016-08-24,136.42274475097656,12092000.0,13.449999809265137,-0.0038599331614541654,-0.00869822007008636,0.00047181244615313034,49.91094560793387,1.0585767272033593,1.8050384145632234,-0.019774124653545222,-0.03342617872456721,-0.008571509679972,0.1157555369234411,0.012975905538381101,0.7333332758303394,,0,,0,0.01729100761794422,1
2016-08-25,138.78163146972656,23892000.0,13.630000114440918,0.007397287298798405,0.0039403073518109455,-0.0017606664242352243,55.560893666452344,1.0632814064854585,1.6566870129476707,0.0028411944527906297,0.0,0.0,0.12420370336608122,0.013128536385534654,0.8536583287842352,,0,,0,0.0028330349889220674,1
2016-08-26,139.1748046875,15076000.0,13.649999618530273,0.0013986129863290397,0.0049281526017492805,-0.002866129236897108,56.442801273618315,1.0861452397565472,1.5425786583094463,0.01432663418123381,-0.002816746192407238,0.026087093475470446,0.11320792022654325,0.013035671923926134,0.8611123539177511,,0,,0,-0.0056501727888292885,0
2016-08-29,138.38844299316406,16975000.0,12.9399995803833,0.0020948222555936535,0.0027701155920829557,0.0027164610830154867,54.12907752571133,1.029064294925206,1.4398757856325983,0.02028952410094642,-0.016759939458060535,-0.0056501727888292885,0.08307651925144288,0.012728160151053974,0.8055523362156989,,0,,0,-0.011363344423709343,0
2016-08-30,136.81588745117188,19471000.0,13.119999885559082,-0.002787313130052871,-0.0019287571269834825,-0.0018585608347463367,49.7381069828495,0.8473871558403232,1.3213780596741433,-0.005714413713705735,-0.008546760935285058,-0.011363344423709343,0.04819292883263948,0.012505655617188235,0.6944441599402396,,0,,0,0.014367805195549588,1
2016-08-31,138.78163146972656,38524000.0,13.420000076293945,0.0041927395706919945,-0.000735630119666375,0.0009152094887070472,54.68648945405513,0.8519481639706896,1.2274920805334526,0.01729100761794422,-0.0028250315756236377,0.023188365037062342,0.06325316064145947,0.01266756743630103,0.8333328841180271,,0,0.0489404201507568,1,-0.014164295359097911,0
2016-09-01,136.81588745117188,22692000.0,13.479999542236328,0.007654817571493666,0.008584125680579868,-3.1513500828750374e-05,49.44416224618872,0.6892351986336962,1.1198407041535015,-0.014164295359097911,-0.011363344423709343,-0.002865504769558047,0.06097556069311083,0.012727002625129439,0.6944441599402396,,0,0.0648404359817504,2,0.0,0
2016-09-02,136.81588745117188,16999000.0,11.979999542236328,0.006215522010786234,-0.001744239163345096,0.00012611811800744555,49.44416224618872,0.5539001368833567,1.0066525906994725,-0.01694931235308561,-0.002865504769558047,-0.01694931235308561,0.07739938229300436,0.01245257223715039,0.6333320827258417,,0,0.0807405114173889,1,0.017241544679304832,1
2016-09-05,139.1748046875,22381000.0,11.979999542236328,0.0,0.0,-0.0015764280143676368,55.395055867316685,0.6294883941184821,0.9312197513832744,0.005682278645007921,0.026087093475470446,-0.005617668837506251,0.07598776664612039,0.0124104888038958,0.8333344114315453,,0,,0,0.005649405325755197,1
2016-09-06,139.9610595703125,26024000.0,12.020000457763672,0.012010999959752189,-0.0022926285310211902,-0.005904963105800687,57.2032977164923,0.7441791368987367,0.8938116284863669,0.022988354479395623,0.017142575797597148,-0.002801075378118023,0.08206645766545839,0.012420889129450313,0.8636337173816645,,0,,0,0.039325753274356945,1
2016-09-07,145.4651336669922,49761000.0,11.9399995803833,0.011190165199245206,-0.007328236936800736,-0.011467235815621035,67.22111829311129,1.2641338475979467,0.967876072308683,0.04815840631419266,0.06628212130258349,0.030640384545112642,0.08823511953208607,0.012812168647813852,0.9999999999922923,,0,0.0739518478512764,7,-0.010810742202804202,0
2016-09-08,143.89254760742188,30204000.0,12.510000228881836,-0.0010060446960278302,-0.0020395456180126725,0.003245495804292897,62.704857992227616,1.5317712953237503,1.0806551169116967,0.05172396487049502,0.036827035995827595,0.036827035995827595,0.07017519968169861,0.012949997597921549,0.8787885559374222,,0,0.0372674688696861,5,-0.013661088030275659,0
2016-09-09,141.92681884765625,29793000.0,17.5,-0.04028191191867503,-0.0366112215089367,0.0021779854792007836,57.50410822422076,1.567336448713661,1.1779913832720896,0.03735627120284857,0.019773795740799294,0.01690135178452956,0.07121673579643772,0.012921337992161469,0.7187509854519637,,0,0.0377458035945892,4,-0.027701026392394357,0
2016-09-12,137.99530029296875,43036000.0,15.15999984741211,0.013990939322393148,0.020276711986219054,0.01083450115691198,48.788398571161125,1.263989513310321,1.195191009279736,-0.0084749850892889,-0.0028408636710706148,-0.01955319042599546,0.038461136565184795,0.013692685366079208,0.3870951991013979,,0,,0,0.0,0
2016-09-13,137.99530029296875,36834000.0,17.850000381469727,-0.017247387924673507,-0.009209811372991594,0.0011698702360081192,48.788398571161125,1.0119210667965035,1.1585370207830896,-0.014045044267160689,0.008620437755942678,0.0,0.03539799807132127,0.013689922931255484,0.3870951991013979,,0,,0,-0.008546760935285058,0
2016-09-14,136.81588745117188,52877000.0,18.139999389648438,0.00456312691012406,0.008999253807811858,0.0033475127066218135,46.3445331723346,0.708888025446754,1.0686072217158225,-0.059459239460231794,-0.014164295359097911,-0.01694931235308561,0.026548698908932966,0.013767232799972672,0.26666804663916077,,0,,0,,0
2016-12-08,145.85829162597656,27257000.0,12.640000343322754,0.0036751125641172333,0.008160279025704487,-0.0014089822994843848,54.66131285005774,-0.5777184045540764,-0.7932796281932503,0.013661194073217642,0.013661194073217642,0.0,-0.010666599048026137,0.012813368226905228,0.499999353134268,,0,0.0711886882781982,1,0.002695583592749351,1
2016-12-09,146.25146484375,24867000.0,11.75,0.002663217802931772,-0.0035614629875307946,-0.004577804222050452,55.555201864652524,-0.30432563340210095,-0.6954888292350204,0.04494396722023519,0.02197820124963057,0.024793413171411816,-0.018469562962687647,0.012707462156471892,0.5333347132999959,,0,0.04741932451725,4,-0.00537656957896393,0
2016-12-12,145.4651336669922,18796000.0,12.640000343322754,-0.007304018298745607,-0.007899057395244324,0.00217344141822573,53.29220175623454,-0.14920495237430487,-0.5862320538628774,0.03351944526566997,0.005434694910908755,0.02493055821348289,-0.018567750944504136,0.012708409624893065,0.46666528669152557,,0,,0,0.005405633342749461,1
2016-12-13,146.25146484375,23591000.0,12.720000267028809,0.015384500850856409,0.01139516812722241,0.001131484099603064,55.255057930046796,0.03656007833612307,-0.46167362742307727,0.02197820124963057,0.02197820124963057,0.03333344114365189,-0.010638330815733399,0.012733866393433402,0.5333347132999959,,0,,0,0.0080642805393909,1
2016-12-14,147.43087768554688,16571000.0,13.1899995803833,-0.016139712209649937,-0.0014180766159390679,-0.002291848419793463,58.09929292103205,0.275498293201764,-0.314239243298109,0.033057634750146114,0.024590085706026388,0.04166653190376857,0.005361634595154374,0.012734695222534823,0.6333317377362816,,0,-0.0470002889633178,1,-0.0026662098958500913,0
2016-12-15,147.0377960205078,22803000.0,12.789999961853027,0.009708898903825425,0.01754477444675384,0.0004720506408004699,56.803317270277404,0.42827051863878296,-0.16573729091073056,0.008086646164455535,0.021858313480327185,0.030303286261391893,0.0,0.012736084797916016,0.6000041399084662,,0,-0.0543455183506011,2,-0.01069563334107837,0
2016-12-16,145.4651336669922,35985000.0,12.199999809265137,-0.022546444674501398,-0.010022303384517817,0.003774263368042652,51.82269740305991,0.417919142615915,-0.04900600420540142,-0.00537656957896393,0.039325753274356945,0.022099632918262335,-0.023746829651289603,0.01266475368715136,0.46666528669152557,,0,-0.0250517427921295,2,-0.013512981943214708,0
2016-12-19,143.4994659423828,20535000.0,11.710000038146973,-0.007123369573998395,0.009801873041180409,0.003634744106353116,46.35205879785299,0.24858756035453666,0.010512708706586216,-0.013512981943214708,0.019553515663833787,0.008288019034471406,-0.04199437607063283,0.012787224688332944,0.30000530426169675,,0,-0.0857818126678466,1,0.0,0
2016-12-20,143.4994659423828,24139000.0,11.449999809265137,0.0013662709185702226,0.009135077857599372,-0.0020605082706165456,46.352058797853,0.11309238457121751,0.03102864387951248,-0.018816898034541563,0.0027477416431922475,-0.008151725966504042,-0.03182982720447969,0.012698132870074423,0.30000530426169675,,0,-0.0946920961141586,5,-0.013699040904446513,0
2016-12-21,141.53366088867188,29690000.0,11.270000457763672,-0.005800035359596056,0.0003704036635323593,0.0007195222534543966,41.295859042250704,-0.15086570198906202,-0.005350225294202431,-0.039999875802496976,-0.008264542336681058,-0.02964953647197721,-0.057591607078322116,0.01265696626381263,0.13333367832499898,,0,,0,-0.005555573523941981,0
2016-12-22,140.7473602294922,26269000.0,11.430000305175781,-0.013726868830901129,0.005150632540292133,0.0004376759051663015,39.44252876234167,-0.41855618887367996,-0.08799141801009797,-0.04278108051985685,-0.03504038981609836,-0.021857889308559697,-0.07253889240417555,0.012533399819580139,0.07407412731290579,,0,-0.1108912602066993,3,-0.0027933593805476997,0
2016-12-23,140.3542022705078,22961000.0,11.4399995803833,0.010786367920438966,0.005265080671263744,0.0003125569951614171,38.5118416098976,-0.6548180089646678,-0.20135673620101197,-0.03513509572805695,-0.04032275902017546,-0.019230779483230487,-0.0678853273093778,0.012498206209832774,0.043477527188793656,,0,-0.104345254600048,6,0.005602476905125275,1
2016-12-26,141.14053344726562,5675000.0,11.4399995803833,0.0,0.0,0.00468581749228858,41.485724789386424,-0.7698219918189579,-0.3150497873246012,-0.016438615151810665,-0.02972946238530738,-0.024456338032328273,-0.04774520407652727,0.01234414147629661,0.13043764396038704,,0,-0.0843045562505722,4,0.002785361737017489,1
2016-12-27,141.53366088867188,8252000.0,11.989999771118164,0.001721349646221837,0.012167039475852182,0.0017101553551241988,42.97077932872341,-0.8198309698831849,-0.416006023836318,-0.013699040904446513,-0.032258165483118106,-0.010988940686419313,-0.05013193422735451,0.012318401921658685,0.173913483684512,,0,-0.0848827958106994,5,0.011111039237565512,1
2016-12-28,143.1062469482422,21226000.0,12.949999809265137,0.0006871263740060307,-0.019292804264513075,0.0017382591429411232,48.59137455905698,-0.7243823592932017,-0.47768129092769485,0.011111039237565512,-0.02933327675447084,-0.0054644988378753645,-0.03448281897001326,0.012443386948140239,0.34782527990435536,,0,-0.0871957540512085,1,-0.010988940686419313,0
2016-12-29,141.53366088867188,30200000.0,13.369999885559082,0.00034349166718317115,0.00011940781938335476,0.0007437430488335117,43.92886689926718,-0.7666406421936358,-0.5354731611808832,0.0055866103484825125,-0.03743347139852571,-0.016393390470684333,-0.05013193422735451,0.01250356162951364,0.18181754030447309,,0,,0,0.008333414191072253,1
2016-12-30,142.71311950683594,36610000.0,14.039999961853027,-0.013044996911772855,-0.0159900578687745,-0.0008050834594918177,47.96192575668362,-0.6970284560632081,-0.5677842201573482,0.016806887133893778,-0.01891872018250318,0.019663040169690005,-0.024193571946060866,0.012279882896187692,0.318181577611287,,0,,0,,0
2017-07-28,173.06419372558594,19724000.0,10.289999961853027,-0.008844727468775626,-0.003900616275566704,-0.0004958967757818789,55.15466168239595,1.6817880824109182,1.8542759179393489,-0.004673288409107412,0.0,0.0215826100459382,0.0842364386978458,0.011067608579897434,0.8352784541913221,,0,-0.1074890196323394,2,0.0070424491059064565,1
2017-07-31,174.28298950195312,19993000.0,10.260000228881836,0.0027885613137343945,-0.007172952991665871,0.00033078290439747526,58.17055916344297,1.6335236820129353,1.8101254707540664,0.0,0.0070424491059064565,0.026315796567562666,0.07077297088568413,0.010740846867867776,0.9341121240842072,,0,,0,-0.01165524553463948,0
2017-08-01,172.25167846679688,19704000.0,10.09000015258789,-0.003337097156067448,0.005510740758614352,-0.0013887909559309186,51.90527289523789,1.4157698707458621,1.7312543507524256,-0.009346225792852159,-0.009346225792852159,0.02415444123331989,0.04816561273061293,0.010857763355250545,0.7693905782836383,,0,-0.1108595728874206,1,0.01886836076404297,1
2017-08-02,175.5017852783203,27320000.0,10.279999732971191,0.006417464869513445,-0.006571209583850268,0.0011920297081542408,59.43376899227135,1.4872082412814507,1.682445128858231,0.014084898211813135,0.0069931998518624194,0.03597149712339354,0.052830527539110106,0.011012621194123249,0.9999999999921495,,0,-0.1433798968791961,2,-0.011574478000397348,0
2017-08-03,173.47044372558594,25694000.0,10.4399995803833,-0.007762578322720648,-0.004760242347800592,-0.00013228304256296397,53.76863981731178,1.364799295899644,1.6189159622665137,-0.009280998032341281,-0.009280998032341281,0.028915558405871122,0.04806025275743009,0.0111173113679994,0.840529850185423,,0,-0.1913709044456482,1,-0.0023418975087343696,0
2017-08-04,173.06419372558594,21831000.0,10.029999732971191,0.006705701274178466,0.0006024307696834708,-0.0009261668961579872,52.687018414674334,1.2210484395973822,1.5393424577326875,0.0,-0.004673288409107412,0.033980332928624346,0.04066173693696862,0.011115590394891644,0.8086372576906865,,0,-0.1574032306671142,1,0.014084898211813135,1
2017-08-07,175.5017852783203,21564000.0,9.930000305175781,0.021093650783643225,0.01741632282971084,-3.315315906982086e-05,58.12960698187112,1.288298162583402,1.4891335987028307,0.0069931998518624194,0.0069931998518624194,0.04854384067094064,0.0478876450007093,0.011260349951665496,0.9999999999921495,,0,-0.08669313788414,4,0.006944112971273286,1
2017-08-08,176.72048950195312,25122000.0,10.960000038146973,-0.0024462631418282754,-0.00407919915206012,0.00036425478384360943,60.5716634709812,1.4232020192744983,1.4759472828171645,0.025943497764044476,0.016354798183233044,0.025943497764044476,0.060141501661947094,0.011255561676548047,0.9999999999928351,,0,-0.0879772081971168,6,-0.013792967679466805,0
2017-08-09,174.28298950195312,28050000.0,11.109999656677246,-0.006539365386725171,-0.002998829039289941,-0.0010922401958785022,53.8115337414059,1.3187847300536362,1.444514772264459,-0.0069446346339688825,0.0070424491059064565,0.019002727496901572,0.0681929366975269,0.010944382810428048,0.8253535970798145,,0,,0,-0.0023308039618940013,0
2017-08-10,173.87677001953125,26273000.0,16.040000915527344,-0.030718804200571492,-0.02794154093663548,0.0006957989668048281,52.75484116404002,1.189626920579883,1.3935372019275438,0.0023423373182125395,-0.006960399942170237,-0.0023308039618940013,0.0631412445908508,0.01096057859454895,0.7962480498395398,,0,-0.0777169466018676,1,-0.007009449953787494,0
2017-08-11,172.65798950195312,41417000.0,15.510000228881836,0.02263713439535109,0.005848900075129393,0.0029137557843463835,49.60732115380488,0.9778974759980485,1.3104092567416448,-0.0023471303617945694,-0.0023471303617945694,-0.0023471303617945694,0.060789173369577565,0.010996772793237774,0.6915448247045298,,0,-0.173220694065094,1,-0.007059105916106256,0
2017-08-14,171.43917846679688,29299000.0,12.329999923706055,-0.0024902609732696535,0.025810827303395678,0.0013865901493914645,46.61228460025842,0.7038724623623693,1.1891018978657897,-0.023148521281881718,-0.016317203665618618,-0.009389667636077959,0.0482369873005466,0.011060861587308492,0.4930797824148389,,0,,0,0.014218404302529297,1
2017-08-15,173.87677001953125,13512000.0,12.039999961853027,0.010263426445111579,0.0024595091160433125,-0.0016484617961826098,52.755764221670894,0.675193417846458,1.0863202018619234,-0.01609162293764721,0.009434401842694617,0.0,0.04554788374323282,0.010977881700870506,0.6956574280246147,,0,-0.045264720916748,1,-0.004673288409107412,0
2017-08-16,173.06419372558594,25176000.0,11.739999771118164,-0.002196674616251837,0.0014956654759459287,6.607254286516984e-05,50.66285384782659,0.5803374627126345,0.9851236540320656,-0.006993199851862308,-0.013889269267937654,-0.006993199851862308,0.03333325133674925,0.010971870791637544,0.6086933091143238,,0,-0.0530205368995666,1,0.004695230575735065,1
2017-08-17,173.87677001953125,8334000.0,15.550000190734863,-0.015134636018165448,-0.025836236765302778,0.0019482239626824605,52.68433788925414,0.5641061980287816,0.900920162831409,0.0,0.0023423373182125395,-0.006960399942170237,0.021401298229379195,0.010711423833293097,0.6956574280246147,,0,,0,-0.007009449953787494,0
2017-08-18,172.65798950195312,13711000.0,14.260000228881836,0.0019558106481512016,0.002047362416127241,-0.0016148629242873636,49.41400200577861,0.4479035008404537,0.810316830433218,0.0,-0.0023471303617945694,-0.007009449953787494,0.01894821887571041,0.01074591072866724,0.5652202313626318,,0,,0,-0.004706011693533241,0
2017-08-21,171.845458984375,11882499.0,13.1899995803833,0.003346273576481096,-0.0068757008801921815,0.0004951273961404379,47.305744865270576,0.28704558754009213,0.7056625818545929,0.0023698230545172727,-0.020833556126776176,-0.01398604949653337,0.002522671687263056,0.010629108187254087,0.4782610115633156,,0,-0.0921179056167602,1,0.014184433688176457,1
2017-08-22,174.28298950195312,14211415.0,11.350000381469727,0.015008332307377525,0.01608236087915582,-3.297537639279646e-05,53.68913654739416,0.35190466350579186,0.6349109981848327,0.002336249301020832,-0.013792967679466805,0.002336249301020832,0.021428352969014908,0.010819529873397444,0.7391321388132982,,0,-0.0252768397331237,1,0.004662045682777061,1
2017-08-23,175.0955047607422,11589917.0,12.25,0.0016430899205031047,0.004409988042833657,-0.0009238444439787497,55.619105923481904,0.46343376594504093,0.6006155517368743,0.011737327008134013,0.004662045682777061,0.011737327008134013,0.0023255580347880667,0.01020184473018907,0.8260897255756229,,0,0.0082404315471649,2,0.006960661378734523,1
2017-08-24,176.3142852783203,15224842.0,12.229999542236328,0.006834438895633621,-0.00044180415648720217,-0.000297251585011038,58.41839318643173,0.6426293429050247,0.6090183099705044,0.014018636638553073,0.014018636638553073,0.006960661378734523,0.026004913486550985,0.009917762539812953,0.9565269222376057,,0,0.0199270844459533,1,0.0023038645053155005,1
2017-08-25,176.72048950195312,10125387.0,11.279999732971191,0.0005428976978960609,-0.005000371517835278,-0.0008919569002594496,59.33891482295043,0.8080620872848385,0.6488270654333713,0.023529174709601586,0.023529174709601586,0.021126818307458217,0.04316540023443749,0.009638263632042485,0.9999999999892978,,0,0.0054684579372406,2,-0.006896224807137252,0
2017-08-28,175.5017852783203,15236159.0,11.319999694824219,-0.0021709786085670757,0.0019620500853192446,-0.004562841664456196,55.377888821425906,0.8313505457022643,0.68533176148715,0.02127682811960585,0.023697073491927956,0.0069931998518624194,0.02857177350769402,0.009664437832082498,0.8695709685122726,,0,,0,0.0,0
2017-08-29,175.5017852783203,16160161.0,11.699999809265137,0.0029915666252240403,0.0020690456896028664,0.0011625538552282322,55.377888821425906,0.8401203671593578,0.7162894826215916,0.0069931998518624194,0.009345787011148854,0.01886836076404297,0.03597149712339354,0.009585289712078756,0.8695709685122726,,0,,0,0.006944112971273286,1
2017-08-30,176.72048950195312,19674310.0,11.220000267028809,0.0013558443383598906,0.017357038059234275,0.0013270630432464792,58.58418523887529,0.9345419442601894,0.7599399749493113,0.009280562304734064,0.021126818307458217,0.006944112971273286,0.04066972038584438,0.009628347108718764,0.9999999999892978,,0,,0,-0.004597569548956848,0
2017-08-31,175.9080047607422,26434202.0,10.59000015258789,0.001083231917643701,0.009622373810862728,-0.0014910068141532618,55.71016651621129,0.9331096018965752,0.7945739003387642,-0.002304297220935836,0.011682036312169686,0.014051736899988843,0.045893810311596006,0.009525309334791293,0.913045679300956,,0,,0,0.0,0
2017-09-01,175.9080047607422,17805405.0,10.130000114440918,0.006762215384823689,0.004513920688206108,0.001493233235081881,55.71016651621129,0.9213521626186605,0.8199295527947436,-0.004597569548956848,0.018823428143487586,0.016432116741984526,0.03836937475579427,0.009477009167375107,0.913045679300956,,0,,0,0.004618804825374578,1
2017-09-04,176.72048950195312,15023185.0,10.130000114440918,0.0,0.0,-0.0017560550309362322,58.09440958766212,0.9664041825445793,0.8492244787447107,0.006944112971273286,0.02836868978901208,0.006944112971273286,0.0481927481853901,0.00944931609595562,0.9999999999892978,,0,,0,0.002299173323372594,1
2017-09-05,177.12680053710938,17357347.0,12.229999542236328,-0.009941045881180166,-0.014035021903275768,-0.0017923809754131215,59.275096193527986,1.0230761159995154,0.8839948061956718,0.009259252013944064,0.01631720366561873,0.002299173323372594,0.058252572339381636,0.00935681550779115,0.9999999999897438,,0,0.020088791847229,1,-0.004587195479877848,0
2017-09-06,176.3142852783203,16012662.0,11.630000114440918,0.01139743325953324,0.0019299990697867475,-0.0008312701677514189,55.88423822321362,0.9910424207855044,0.9054043291136384,-0.0022985689139816134,0.006960661378734523,0.011655157982841668,0.05339816092297722,0.009400125866723038,0.8666675013003485,,0,0.0125470357015728,3,0.0,0
2017-09-07,176.3142852783203,19135540.0,11.550000190734863,0.007244523149330773,0.00142884173847313,0.0008985466217859006,55.88423822321362,0.9546499230257268,0.9152534478960562,0.0023096192702016793,0.0,0.014018636638553073,0.023585295932582406,0.008306671754535032,0.8666675013003485,,0,0.0050233006477355,1,0.00460833481249967,1
2017-09-08,177.12680053710938,25512045.0,12.119999885559082,-0.001065444997567444,-0.01250742862484644,-0.0012967002665950078,58.62898850197152,0.9800372994584734,0.9282102182085398,0.006928597581587592,0.002299173323372594,0.025882445683787392,0.03563000253728932,0.00823910511467816,0.999999999982418,,0,-0.0046268105506896,2,-0.004587195479877848,0
2017-09-11,176.3142852783203,19026886.0,10.729999542236328,0.009066405338259864,0.020091606598443557,-0.0016313142226788147,54.94735518538961,0.9239753758936899,0.9273632497455698,-0.0022985689139816134,0.004629582535080834,0.02843636358457946,0.011655157982841668,0.007762934027810057,0.8571432403858482,,0,-0.0017674565315246,2,0.009216323452502895,1
2017-09-12,177.9392547607422,21588321.0,10.579999923706055,0.000528958534857793,0.0042493593677637165,0.000566836418654848,60.31466372521786,0.9990874352503454,0.941708086846525,0.004586850895342609,0.013888573717677044,0.02336416038068001,0.028169091076610808,0.0077941058413308825,0.9999999999846155,,0,0.0163793861865997,2,-0.004565907757258181,0
2017-09-13,177.12680053710938,17555541.0,10.5,-0.008716436237775294,0.0016426423592501571,0.00013336502394811767,56.67889680722102,0.9817665369152166,0.9497197768602633,0.00460833481249967,0.002299173323372594,0.023474565847890982,0.023474565847890982,0.007835713852630688,0.8750085095959416,,0,,0,0.0022934685207383065,1
2017-09-14,177.5330352783203,18315567.0,10.4399995803833,-0.003996961484112105,0.004794842158491575,0.0009330493253221217,58.04085141736385,0.9894000554267279,0.9576558325735564,0.006912372404063172,0.009237956622772048,0.02102791107965918,0.02102791107965918,0.007813700429143805,0.9375054285295066,,0,,0,0.0,0
2017-09-15,177.5330352783203,44551103.0,10.170000076293945,0.007222955850722634,0.017083260022791702,0.0016645882068238027,58.04085141736385,0.9841047688187246,0.9629456198225901,0.0022934685207383065,0.009237956622772048,0.028235274778941166,0.01864809517931043,0.007808808513912008,0.9375054285295066,,0,,0,0.0045765270668480795,1
2017-09-18,178.34552001953125,17654705.0,10.149999618530273,0.011155813278975746,0.012400992462636484,-0.001096787277343636,60.89271233221758,1.0335313947353768,0.9770627748051476,0.011520534130314841,0.009195484474708637,0.0378250381102434,0.018561386046032524,0.007807699765332102,0.9999999999855206,,0,-0.0323355384171009,3,0.009111612439780314,1
2017-09-19,179.9705352783203,23410233.0,10.180000305175781,0.006041429484913374,0.003514476672310085,0.0012643308172799461,65.88674870171235,1.1900657451010375,1.0196633688643257,0.01141558404473142,0.016054796521970394,0.03263396957224818,0.03504645996187161,0.007828587915451171,0.9999999999882785,,0,-0.0068021714687347,6,0.0,0
2017-09-20,179.9705352783203,20320237.0,9.779999732971191,-0.012532844398273069,-0.014060331642971047,0.0007311334298543137,65.88674870171234,1.299143427030856,1.0755593804976318,0.016054796521970394,0.020737117212189737,0.02784212264180952,0.03263396957224818,0.0078260720366286,0.9999999999882785,,0,-0.0071693998761475,7,-0.002257229165778196,0
2017-09-21,179.56430053710938,18645565.0,9.670000076293945,0.011105482656340593,-0.004118039847891386,0.00023244900736996144,63.53445106756193,1.3373999222495172,1.1279274888480089,0.011441618488663874,0.018433079620626014,0.018433079620626014,0.03271012290451014,0.007825363561562996,0.9523833371079419,,0,-0.0147850988432765,5,-0.01131218874081974,0
2017-09-22,177.5330352783203,21557370.0,9.59000015258789,-0.012291068594415422,0.005000542655670515,0.0022575241676539015,53.28949576059683,1.1901347324958351,1.140368937577574,0.0,0.0022934685207383065,0.004597914925751789,0.025821872546439417,0.008003567564577159,0.7142892913845709,,0,-0.0024734735488891,4,-0.006864919523790869,0
2017-09-25,176.3142852783203,16876286.0,10.210000038146973,-0.018533313481852054,-0.019702698429435395,-0.0008612100408587064,48.261087182749435,0.9639940797450492,1.1050939660110692,-0.011389323045448485,0.0,0.004629582535080834,0.006960661378734523,0.00788826747335167,0.5714339370827172,,0,,0,-0.013824831351250566,0
2017-09-26,173.87677001953125,23070901.0,10.170000076293945,0.0018884033649597676,-0.0004791000587961447,0.001359293374854964,40.10932191841531,0.5814301613563941,1.0003612050801343,-0.03385979404553752,-0.022830739325470195,-0.009259252013944064,0.004695230575735065,0.007976346169109087,0.28572143992539495,,0,-0.0033873915672302,1,0.00467276187106358,1
2017-09-27,174.6892547607422,22590510.0,9.869999885559082,0.0029617015922438483,0.023615034631923493,-0.00023175636911654252,43.53306623013317,0.33987553097281875,0.8682640702586711,-0.029345250929052047,-0.013761586439633655,-0.011494053388690362,0.002331066617287547,0.007934620821470806,0.38095655423968294,,0,0.0072765350341796,1,-0.004651028721392891,0
2017-09-28,173.87677001953125,31616062.0,9.550000190734863,-0.005369010578718081,0.0075368095457502005,0.0028810773168770343,41.008423925414,0.08194916565062726,0.7110010893370623,-0.031674060492902445,-0.02059484452038518,-0.011547142177945169,0.009434401842694617,0.007753361675064202,0.28572143992539495,,0,,0,0.011682036312169686,1
2017-09-29,175.9080047607422,21380708.0,9.510000228881836,0.013495231397947505,0.008651231684040583,0.002707661603455147,48.975340964095196,0.04094400616816074,0.576989672703282,-0.009153397929746121,-0.009153397929746121,0.0,0.0023146173799752923,0.0074039530356647286,0.5238119085415367,,0,-0.0061312913894653,4,0.018475653016527094,1
2017-10-02,179.15802001953125,27983551.0,9.449999809265137,0.015445981289211375,0.005982564241255206,-0.0017453565770333412,58.607648899498244,0.2675692040369029,0.5151055789700062,0.01612878239969029,0.004555763441161931,0.013793140367864387,0.03278700493175957,0.007696253247046258,0.9047613085667614,,0,0.0041228234767913,4,0.009070290342636733,1
2017-10-03,180.7830352783203,36679938.0,9.510000228881836,0.008129782779440875,0.0031219967855249386,0.004255590382075125,62.426946215806844,0.5716862171751131,0.5264217066110276,0.03971930958927583,0.004514627901414547,0.02064190585571457,0.04460103148184147,0.007783679834443415,0.9999999999892978,,0,-0.0013869007816538,9,,0
2017-12-08,184.43930053710938,37959260.0,9.579999923706055,-0.000256220081165659,-0.005046145661232848,0.0005668244210321749,38.171248589118754,-2.1551103602504043,-0.9543093982032241,-0.017316170761787597,-0.06967228602714415,-0.05613327594478701,-0.02575129919557717,0.012221595474542974,0.055552947239657174,,0,-0.0214776191860437,3,0.0022030353225264143,1
2017-12-11,184.8456268310547,20649609.0,9.34000015258789,0.009487089724379949,0.005927740888842736,-0.00019995730091715291,39.11614009187966,-2.2583261216402093,-1.2151127428906214,-0.0277775815968917,-0.04008414963001694,-0.05010419882407491,-0.042104929386130086,0.011822061096032422,0.0833356808167302,,0,,0,0.0,0
2017-12-12,184.8456268310547,21796584.0,9.920000076293945,-0.0017779646138058602,-0.009955123541828703,0.00013331033724717223,39.11614009187966,-2.313404097502712,-1.4347710138130396,-0.00871442812092238,-0.0277775815968917,-0.052083202917639015,-0.042104929386130086,0.011822061096032422,0.0833356808167302,,0,-0.0050243139266967,1,-0.002198192626524431,0
2017-12-13,184.43930053710938,17920331.0,10.180000305175781,-0.0002544473432016803,-0.00011353950140224889,-0.00019997063368315526,38.434920975899836,-2.362401367825555,-1.620297084615543,0.0,-0.03198302780885287,-0.04421056726733763,-0.046218659133680284,0.011813534743909067,0.055552947239657174,,0,0.0044623017311096,1,0.015418682606552547,1
2017-12-14,187.28311157226562,17193313.0,10.489999771118164,0.002799515140874176,-0.0004947003602788769,0.000733351117707226,45.57844154203508,-2.148033138612192,-1.725844295414873,0.017660034266406388,0.019911472068530278,-0.03151260736281036,-0.021231372051162878,0.01198390355487564,0.24999973916673876,,0,-0.0001274347305297,3,-0.0021691758353942214,0
2017-12-15,186.87686157226562,42625779.0,9.420000076293945,0.002538251145901782,0.014978505986539048,-0.0006328816782532609,44.77910333267256,-1.9878628113281138,-1.7782479985975215,0.013216060937434548,-0.004328961392343844,-0.0476191142733855,-0.031578795880986776,0.01190271339605144,0.22222222222070276,,0,,0,-0.013043674934650196,0
2017-12-18,184.43930053710938,14564664.0,9.529999732971191,-0.002531824738857158,0.02160063571923554,-0.0014331178507402953,40.221126246076835,-2.0333748063479504,-1.8292733601476077,-0.002198192626524431,-0.029914713748367183,-0.04821833078000748,-0.05020933653025783,0.01199908705982543,0.055552947239657174,,0,-0.0159693360328674,1,-0.008810321215108496,0
2017-12-19,182.8143310546875,25714129.0,10.029999732971191,-0.001522809490555388,-0.0010877249659674293,0.0010346829835869986,37.48210670346496,-2.1749765286669174,-1.8984139938514697,-0.010989147058500626,-0.019607811047271384,-0.07407388802146875,-0.05263137918371874,0.012031791984106222,0.0,,0,,0,-0.0022223668966990795,0
2017-12-20,182.40805053710938,26289333.0,9.720000267028809,0.002542358001103695,0.006987686631248824,-0.00023339455011639476,36.80720699818614,-2.293399533699187,-1.9774111018210134,-0.011013108345589884,-0.011013108345589884,-0.07231417929877404,-0.0606694840126798,0.011973426867123488,0.0,,0,,0,0.0022273168118502884,1
2017-12-21,182.8143310546875,18558164.0,9.619999885559082,-0.005324660410228832,-0.010603282482096521,-0.00023344903584909815,38.009268505424956,-2.327714851541316,-2.0474718517650743,-0.02386109713824247,-0.006622450664931501,-0.07216492450225043,-0.05462177911568944,0.01197818107707834,0.025642680144337054,,0,,0,0.011111250221184976,1
2017-12-22,184.8456268310547,19036483.0,9.899999618530273,0.010196289383554769,-0.0005032313151738244,-0.0004003281520147395,43.76857367209713,-2.166501391595773,-2.071277759731214,-0.010869375288740324,0.0022030353225264143,-0.06762274121173673,-0.04411744514978522,0.012128586346640775,0.15384933938172088,,0,0.0028920173645019,1,0.004395394667164432,1
2017-12-25,185.65809631347656,4579675.0,9.899999618530273,0.0,0.0,-0.002903286869795574,45.93228788415922,-1.950866953263187,-2.0471955984376087,0.006608113199398913,0.004395394667164432,-0.03586494062037415,-0.03177958616185117,0.012098827494710427,0.20512892125527946,,0,,0,-0.010940892420653436,0
2017-12-26,183.6268310546875,13755843.0,10.25,-0.01715892367910643,-0.009668288771465638,0.0007362816474554279,41.62036532122453,-1.9213058190113372,-2.0220176425523544,0.004444399929220744,-0.006593587293688863,-0.034188014981513914,-0.05439323836956855,0.012009622231427156,0.07692418815626748,,0,,0,-0.004424734638904804,0
2017-12-27,182.8143310546875,12515245.0,10.470000267028809,0.003337658252217768,0.0035587033326238693,0.001137099019661969,40.00271819792629,-1.9408994486979338,-2.00579400378147,0.0022273168118502884,-0.008810321215108496,-0.040511568275533705,-0.07407388802146875,0.011675446382088724,0.025642680144337054,,0,0.0024925172328948,2,0.004444399929220744,1
2017-12-28,183.6268310546875,24304371.0,10.180000305175781,0.0168881819737996,0.002327177930797175,0.0,42.413102374596484,-1.8694514513576905,-1.9785254932967142,0.004444399929220744,-0.019522745467453917,0.0,-0.0699587020749276,0.01171190646111061,0.07692418815626748,,0,,0,0.015486737429625475,1
2017-12-29,186.47061157226562,25007443.0,11.039999961853027,-0.0022643215714601705,-0.010463554836203315,-0.004209101484265787,49.986629792282564,-1.5657784772069476,-1.895976090078761,0.008791036980799971,-0.0021738913880620103,-0.006493442088515766,-0.053608253969384845,0.01200647577807083,0.2564113923363958,,0,-0.0149241685867309,2,,0
2018-08-16,201.2669677734375,19155966.0,13.449999809265137,-0.0009889021604925219,-0.0013259963971306021,0.0005193361881863368,51.76988765069047,3.2309256555507204,4.405802215310557,-0.032388731979840935,-0.02249474961447029,0.06458795601739076,0.10093648901753793,0.01386526639319164,0.7500012582934713,,0,0.0160446763038635,2,0.0020919268137209457,1
2018-08-17,201.68800354003906,18324474.0,12.640000343322754,-0.006929167392051849,-0.007261274099132908,-0.002660115871459534,52.49000097987776,2.8058189970424507,4.085805571656936,-0.022449133845036995,-0.030364560023011022,0.008421091339990916,0.09835802524943982,0.013861493345829664,0.763889322299417,,0,,0,0.0,0
2018-08-20,201.68800354003906,16933437.0,12.489999771118164,-0.000747368079670796,-0.0009899113350474442,-0.0028948346362704935,52.49000097987776,2.4407884622183076,3.75680214976921,-0.004157985518586815,-0.024440027213892823,-0.00622400118851707,0.09593341797122434,0.013866148375356583,0.763889322299417,,0,,0,0.0062629819959032496,1
2018-08-21,202.951171875,12014127.0,12.859999656677246,0.019700617268460174,0.019801871412435945,0.001663633554128685,54.83630173343667,2.227534129242315,3.4509485456638314,-0.010267005849277866,-0.002070346772955589,0.0,0.09794954500326614,0.013876029473526083,0.8055555275907663,,0,,0,0.004149509556254927,1
2018-08-22,203.79331970214844,12614240.0,12.25,0.0002445652857514524,0.0046355355446889845,-0.002442482157196113,56.382864617888444,2.102112492765116,3.1811813350840885,0.0020705718595801503,-0.022222230356664374,0.006237091289137409,0.11009164627672341,0.013802613892229683,0.8333341721945481,,0,,0,0.010330493892578119,1
2018-08-23,205.8986053466797,14839240.0,12.40999984741211,-0.005379011390828303,0.0011812034811573557,0.001175257010413766,60.06452962947379,2.147517789828072,2.9744486260328857,0.02301240796977644,-0.010121666724008271,0.014522869931961058,0.13986019538788885,0.013531487842786937,0.9027780154529229,,0,,0,-0.004089961212473514,0
2018-08-24,205.05648803710938,14355943.0,11.989999771118164,0.013766026906050444,0.014563500496920678,0.004760814860240492,57.95716112938386,2.0915449124797476,2.7978678833222586,0.01670146185170407,-0.00612260534584963,-0.004089961212473514,0.14319257792372797,0.013485436869420935,0.8750003774858973,,0,,0,0.006160322569747301,1
2018-08-27,206.3197021484375,15152299.0,12.15999984741211,0.007031983803077457,0.01568447537438078,-0.0049654327489528916,60.21223614322981,2.1244567812983917,2.6631856629174853,0.022964670813844235,0.018711198526574213,-0.0020366135796970886,0.15566072447639212,0.013432811199228636,0.9117661479135556,,0,,0,0.018367076467410648,1
2018-08-28,210.10919189453125,36792531.0,12.5,0.019744874272724422,0.003928549216316801,0.0005544748352532824,66.0885360124319,2.427868203667458,2.61612217106748,0.03526966586790614,0.024640546152860487,0.014227392114215753,0.1524246527213433,0.013347941038751993,0.999999999996655,,0,-0.0059170871973037,8,0.038076166567269754,1
2018-08-29,218.10934448242188,56993182.0,12.25,0.04203057892635287,0.002444886724627837,-0.0028685772318269853,74.6130137878141,3.2752052909804945,2.747938795050083,0.07024776278828404,0.072463787688692,0.04435478715355723,0.21028027689600592,0.014157985720212781,0.9999999999973315,,0,-0.006952844094485,19,0.017374825573838182,1
2018-08-30,221.89895629882812,48957808.0,13.529999732971191,-0.015182427187781955,-0.009392881647660167,0.0007518653531242148,77.49846966804238,4.203635874944638,3.0390782110289942,0.07770985590314217,0.1025105547802343,0.07770985590314217,0.22843856692120945,0.014287600796020903,0.9999999999975765,,0,0.0050658411346375,14,-0.028463104707141973,0
2018-08-31,215.58302307128906,69069506.0,12.859999656677246,0.003221235663201316,0.005763766786014646,0.0023193863187298547,64.3674843799173,4.379868459205909,3.3072362606643777,0.05133480600855056,0.06889363416447103,0.03643714925166974,0.1851852690716238,0.015186679963516326,0.846938386856986,,0,-0.0029457211494445,6,0.003906232028724421,1
2018-09-03,216.42514038085938,26720905.0,12.859999656677246,0.0,0.0,-0.00045627672350290194,65.21379727710632,4.535117627261201,3.552812533983743,0.04897951154054825,0.07306898071354406,0.04684314562252068,0.19813537535141856,0.015085042550714441,0.8602143707984224,,0,,0,0.0019454811240953163,1
2018-09-04,216.84619140625,34304615.0,13.15999984741211,0.011697365318071862,0.006944121380338952,0.001988943734118287,65.65305500226177,4.638609463331846,3.769971919853364,0.03206427786891175,0.06846484010355014,0.06625274736982534,0.18663578174107043,0.015045850960826918,0.8620678451664723,,0,-0.002107560634613,1,0.025242779795586978,1
2018-09-05,222.3199920654297,44864459.0,13.90999984741211,0.0024940368914270206,-0.005039305388083837,-0.0005206261168354542,70.81295660561486,5.103059656807517,4.0365894672441955,0.019305214056737352,0.0909091249426559,0.06666669106999312,0.19187356128143507,0.015182139933999103,0.9999999999973012,,0,0.0014801502693444,5,-0.01136365274228901,0
2018-09-06,219.7936248779297,35698488.0,14.649999618530273,-0.0038444177458347717,-0.026691436321428008,0.0004558161960313001,65.89275235636998,5.207418866202829,4.270755347035922,-0.00948779325515714,0.06748476760128796,0.05668004255067238,0.1756757848689845,0.015371117836396891,0.9318179946308207,,0,0.005689931102097,5,0.011494269630900833,1
2018-09-07,222.3199920654297,38663728.0,14.880000114440918,0.018841925202491394,-0.0040838410029572225,0.0018224340891510593,68.26720449769215,5.431195470843079,4.502843371797353,0.03124999778815063,0.08418901637092358,0.07755095490337971,0.19999968702742676,0.015273997038286819,0.9999999999972701,,0,0.0202740430831909,1,0.0018938277331246312,1
2018-09-10,222.74102783203125,41659795.0,14.15999984741211,-0.005792887457084728,0.011001102675881835,0.0006821695743448597,68.65880166836675,5.578174916133747,4.717909680664632,0.029182780891616078,0.07959165078563046,0.09979210449111253,0.19954649550928827,0.01527543260053057,0.9999999999972383,,0,-0.0152989029884338,2,-0.017013258931837583,0
2018-09-11,218.95147705078125,34350276.0,13.220000267028809,-0.0015691465396434623,-0.01006729155527275,-0.0007466553135927478,61.32359667814865,5.327663736433948,4.839860491818495,0.009708658615945387,0.04208423761245328,0.06776176236451148,0.15812896671086363,0.01546906130741565,0.8953486020161222,,0,-0.0045215487480163,3,0.0019233122617812182,1
2018-09-12,219.37258911132812,37885965.0,13.140000343322754,-0.013692455436173478,-0.011652919800050232,-0.0012994285203710154,61.81184342957224,5.104245981206361,4.892737589696068,-0.013257480475413752,0.005791795082892737,0.078675278180808,0.1655481374281007,0.015419122906924404,0.906977939736305,,0,0.0005872647161595,3,-0.021113457638214705,0
2018-09-13,214.74087524414062,37576180.0,12.369999885559082,-0.011606750079442563,0.012020572804154694,-0.0007806963565807346,53.771507084078905,4.501773352144909,4.814544742185837,-0.022988608685057588,-0.03225829077378717,0.06694544872296415,0.15124136768861018,0.015774005823829932,0.771084395211636,,0,0.0113246440887451,1,0.02352951960377614,1
2018-09-14,219.7936248779297,37903219.0,12.069999694824219,0.022565255722023947,0.011092429866023767,-0.0006836352681038882,59.89955868271023,4.381289350284078,4.727893663805485,-0.01136365274228901,0.019531230922799736,0.08977044256524813,0.1704038148072824,0.01606851652403836,0.9125005435819054,,0,0.0042412281036376,1,-0.011494339054156755,0
2018-09-17,217.26724243164062,24765758.0,13.680000305175781,-0.014636742614784426,-0.01439768627352267,0.001954570966484548,55.908856769978826,4.035530095917238,4.589420950227836,-0.024574661676242227,0.0038909622481904105,0.07724425160720472,0.14922032208586478,0.016234841140224786,0.7592593835321044,,0,0.0122723579406738,1,-0.013565935843306232,0
2018-09-18,214.31980895996094,33960152.0,12.789999961853027,-0.004569795078218419,0.008390558102009393,0.001365536851325011,51.59044051373428,3.4836358444741506,4.368263929077099,-0.021153856339348187,-0.011650573293012223,0.05601661217291731,0.07157893307361318,0.013975554751267473,0.6078422594910742,,0,0.0089923739433288,1,0.013752501394914463,1
2018-09-19,217.26724243164062,59227711.0,11.75,0.010560022472851482,0.002052830877858014,-0.0025974844722536083,55.30800345428799,3.2465581188361625,4.143922767028911,-0.009597127372276582,-0.02272737411893222,0.0661156251303272,0.07053948210487815,0.013954041280002844,0.7450977884233603,,0,-0.0019936561584472,1,0.007751903141452798,1
2018-09-20,218.95147705078125,29649071.0,11.800000190734863,0.0034073300114481064,0.011657230263803608,-0.0015950970603211267,57.324728777315535,3.158113339561794,3.946760881535488,0.01960782641801928,-0.00383153891572674,0.06339465817227818,0.07883820047925627,0.013981989232330874,0.8235289101831582,,0,-0.0075119733810424,1,0.005769518643682359,1
2018-09-21,220.2147216796875,35012974.0,11.680000305175781,-0.002490142657947114,-0.003300552710627347,0.0013368231532098207,58.82550129813083,3.153560028338319,3.7881207108960546,0.0019158735927471415,-0.009469550471747912,0.07392223375948448,0.08731837395786668,0.013979943892365319,0.8823554490609252,,0,-0.0038608908653259,2,,0
2018-12-10,184.424560546875,19433461.0,22.639999389648438,-0.002464103881064661,0.014103567150849594,0.003244658743021267,41.071744308586716,-1.979065110335398,-1.9431737452749136,-0.06808502271680239,-0.017936897268517882,-0.05399555051567306,-0.03736265941845507,0.019593808953578817,0.04878126389318531,,0,-0.0018955469131469,1,0.01598145294630804,1
2018-12-11,187.37193298339844,27375220.0,21.760000228881836,0.007411431430141002,0.006208568823004246,-0.001714084616079803,45.60298618086716,-1.9669620842564086,-1.9479314130712129,-0.0491455703284277,-0.006696519573234694,-0.021978316055591973,-0.06118150266532063,0.018609843869957534,0.21951038424730346,,0,0.0149550437927246,1,0.01797769260856641,1
2018-12-12,190.74044799804688,26433846.0,21.459999084472656,0.01852832628250778,0.014744256553886892,-0.003660895701826039,50.306094110544784,-1.667097893614681,-1.8917647091799068,0.002212339005315034,0.0,-0.008752538113934949,-0.017353269000942473,0.018374390860723684,0.41463455594137294,,0,,0,-0.0022074553657068785,0
2018-12-13,190.31939697265625,32087141.0,20.649999618530273,-0.0013373516297952026,-0.0035950108482618592,-0.002601285181121571,49.72735060239283,-1.4466683950317076,-1.802745446350267,0.02727251238486006,-0.01310022038500791,-0.02164507665436821,-0.04641336920326011,0.01781657555054723,0.390244807873452,,0,,0,-0.01548693425968184,0
2018-12-14,187.37193298339844,38646159.0,21.6299991607666,-0.021430533695773413,-0.014247582867952913,0.0013692318310958296,45.75874366247605,-1.4920297014948574,-1.7406022973791853,0.006787176170847786,-0.013303948991645553,-0.01548693425968184,-0.0670859596121901,0.017916140695651613,0.2368399971756923,,0,-0.000771164894104,1,0.004494606382761335,1
2018-12-17,188.21409606933594,18938952.0,24.520000457763672,-0.008485980486866662,-0.012831497100600608,0.0035486769460812972,47.0588197261388,-1.4435269115788003,-1.6811872202191085,0.02054788966948773,-0.04893613658224405,0.006756930473384326,-0.054968190178281806,0.01790555869619181,0.2894742865189987,,0,0.0044354200363159,1,-0.0044744952876816235,0
2018-12-18,187.37193298339844,30203541.0,25.579999923706055,0.014908926525432742,0.012817666771116842,-0.003276555706520856,45.874696473609184,-1.4561076917034654,-1.63617131451598,0.0,-0.0491455703284277,0.020641981079617677,-0.05720340381961542,0.017912236378165247,0.2368399971756923,,0,0.0071729719638824,2,0.013483330533297977,1
2018-12-19,189.89833068847656,23390082.0,25.579999923706055,-0.014418055915142336,-0.04239998349392371,-0.0017576114065950277,49.9438452055929,-1.2482250285612224,-1.5585820573250286,-0.004414990729071477,-0.0022124191799545168,0.029680266692083457,-0.048523102554983044,0.018037636750961927,0.40540548481620287,,0,0.02098348736763,2,-0.019955682430229826,0
2018-12-20,186.10877990722656,35027116.0,28.3799991607666,-0.00966070596312918,-0.00860351919036706,0.0047603491387049335,44.53532405545197,-1.3728756287447652,-1.5214407716089762,-0.022123951275626608,0.004545185374066785,0.009132294285302045,-0.03913048924377138,0.01772619119577382,0.16216160626732345,,0,0.017383873462677,1,0.011312288238947366,1
2018-12-21,188.21409606933594,43507532.0,30.110000610351562,-0.004737772771885584,-0.014717153645389058,-0.0034073060192211235,47.910241670215704,-1.287222407089331,-1.4745970987050474,0.004494606382761335,0.011312288238947366,0.022883355729052868,-0.026143672163748244,0.017822522961436237,0.2972977473046539,,0,,0,-0.015659760649525012,0
2018-12-24,185.26670837402344,22976100.0,36.06999969482422,-0.01176117037218316,-0.02896605188694723,0.002735164357355213,43.88435928657343,-1.4401902547934071,-1.4677157299227195,-0.015659760649525012,0.004566353985885785,-0.013452449504968711,0.002278017339050198,0.016658684182737294,0.1081106758073374,,0,,0,-0.01136386940840528,0
2018-12-25,183.16136169433594,19402777.0,36.06999969482422,0.0,0.0,-0.00016233676746923997,41.219890759171335,-1.711316636203179,-1.5164359111788115,-0.02247172894051086,-0.02247172894051086,-0.029017766141051005,-0.015837072352845927,0.01671818927950166,0.0,,0,,0,-0.004597679891546469,0
2018-12-26,182.31924438476562,16463259.0,30.40999984741211,0.041654788125586206,0.057705757574131766,0.0002922660143562794,40.16931136783216,-1.9713098010034003,-1.6074106891437294,-0.03991128450804682,-0.04415006728602988,-0.04415006728602988,-0.026966091015779292,0.016693677830299843,0.0,,0,,0,0.030022829693565845,1
2018-12-27,187.79298400878906,21491484.0,29.959999084472656,0.0005439019713571192,0.007417571239970444,0.00022727911721065475,49.227596509684545,-1.7164333263825142,-1.6292152165914866,0.0090495682277969,-0.013274595254366917,-0.026200915516020773,0.0,0.017343319828908334,0.32499746326986995,,0,0.0201534032821655,1,0.01121099752900756,1
2018-12-28,189.89833068847656,29456773.0,28.34000015258789,0.00978819661147412,0.006915378766242375,-0.0012659727911508156,52.223712053735134,-1.3294325816686126,-1.569258689606912,0.0089485041466828,0.013483330533297977,0.0,-0.0363248857641153,0.015618478483064777,0.4500001811921997,,0,-0.0137427449226379,1,,0
2019-08-07,215.7931365966797,29435460.0,19.489999771118164,0.0,0.007178659179847946,-0.008424313633733194,43.41324832224975,1.2431846112373535,3.237608415061664,-0.044315709356188115,-0.06415098659669505,0.00404872010264401,0.06770650801658351,0.015250003156731426,0.5696311156810648,,0,0.0017050504684448,1,0.022177283494195565,1
2019-08-08,220.57884216308594,29725266.0,16.90999984741211,0.015511507915011657,0.02695370546514564,-0.00019093514462364958,51.712432607491024,1.1443401251147236,2.818954757072276,-0.011695892439493427,-0.04339639771868664,0.01400008950450271,0.07129837908172587,0.015352427342132118,0.7088671544971293,,0,-0.0067944526672363,1,,0
2019-12-11,279.66741943359375,31223148.0,14.989999771118164,0.0253119484989468,0.022255753509477172,0.0018093991622649686,65.86897826978657,3.2999495483912256,3.0961564158353605,0.04248350213515839,0.025723157759127258,0.04934201298099783,0.09999982595209156,0.009956993194273376,0.9999999999960668,,0,0.0023648936767131,3,0.03918511956711268,1
2019-12-12,290.626220703125,52742851.0,13.9399995803833,0.04847940345067214,0.027097570070734545,-0.0035137380839250776,74.93871795603825,4.4193565756495445,3.3607964477981978,0.0625002858960797,0.07108240367193286,0.09225684765161524,0.12947196411209005,0.01138173208960428,0.9999999999972514,,0,0.0004217028617858,7,0.022624337935408523,1
2019-12-13,297.2014465332031,58198939.0,12.630000114440918,-0.00614233532161268,-0.0059937660617277455,-0.005206757036463561,78.61123303327922,5.767272001542096,3.842091558546978,0.08306700666620181,0.1114752231122822,0.10423439841957705,0.14333907662195067,0.011730149579546201,0.9999999999976721,,0,0.0029545028228312,9,-0.00884943848237607,0
2019-12-16,294.5713806152344,102188.0,12.140000343322754,0.004978346812326118,0.009615609427206628,0.0010931539535576906,73.94355114511775,6.548682433677129,4.383409733573009,0.06329108485925428,0.0926827893304063,0.08038572144750078,0.14480419223619378,0.011696447278186767,0.9387763003407603,,0,0.0020203590393066,3,0.026785868760628606,1
2019-12-17,302.46173095703125,40813458.0,12.289999961853027,0.011786877353928249,0.004748214631445702,-0.004070125548607306,78.13756215812433,7.7123701324414355,5.049201813346695,0.10047866228165869,0.12377867410873589,0.09523823731801362,0.17747456613659884,0.01221435675792807,0.9999999999979261,,0,-0.0055446475744247,4,-0.001449289107750884,0
2019-12-18,302.02337646484375,39682841.0,12.579999923706055,-0.002194658338398381,-0.0008946632363090457,-0.0026248620361511987,77.39227130681445,8.501190304207853,5.739599511518927,0.07993765264658714,0.12581718621863636,0.09888375054310172,0.18793122995035616,0.012039016652358701,0.9903845317056442,,0,-0.0071765482425689,4,-0.020467929619382264,0
2019-12-19,295.8415832519531,54888012.0,12.5,-0.012438160847106805,0.008064611312263992,0.0005663334853425184,67.59994315427318,8.531171938686896,6.297913996952522,0.01794525812643588,0.08156712778589692,0.08504438444860352,0.14778540576079724,0.012522696535328986,0.8547846058770561,,0,-0.0015851020580157,5,-0.01791031011837363,0
2019-12-20,290.54296875,86280459.0,12.510000228881836,-0.0005177809530882982,0.010299909380435457,0.003795582520849994,60.53035490205994,8.03637057723131,6.64560531300828,-0.022403921181652908,0.05880205881440337,0.07250836866393717,0.13107517764469345,0.012908046181907598,0.7385575324833867,,0,-0.0029746368527412,8,0.015197186873983304,1
2019-12-23,294.9584045410156,26639340.0,12.609999656677246,0.005006137780736886,0.0017530894876987002,-0.0007960518661668248,63.916833712863095,7.907995577738802,6.898083365954386,0.0013138544721247314,0.06468809460626668,0.09590050854870014,0.14826433848788367,0.013033785227600266,0.8338139075873061,,0,-0.0016483962535858,2,-0.0059876689528418625,0
2019-12-24,293.1922912597656,13488907.0,12.670000076293945,-0.00790118787399352,0.002735394626111276,0.0004647282643932549,61.63875530536586,7.5768410661416965,7.033834905991848,-0.030646652943285835,0.06675267464722134,0.08933861909825946,0.13944458373549184,0.013111711129593128,0.7906317422005233,,0,-0.0042912662029266,2,0.003011764460971289,1
2019-12-25,294.0753173828125,12262954.0,12.670000076293945,0.0,0.0,-0.00461196254840357,62.361076383972794,7.30121829096322,7.087311582986123,-0.02631603942404248,0.05151797080403164,0.0785663334535811,0.13899528102732805,0.013111697827488973,0.7942824033679138,,0,,0,0.0,0
2019-12-26,294.0753173828125,11427884.0,12.649999618530273,0.008483392008143964,0.0012297492871584659,-0.0033333460489909372,62.361076383972794,7.002032659160534,7.070255798221006,-0.005970309683058894,0.011867809695019771,0.08379380580639584,0.12373261342996833,0.013016202445034878,0.7942824033679138,,0,,0,0.015014953934410213,1
2019-12-27,298.4908447265625,16677806.0,13.430000305175781,0.0036051031150698964,-0.0031644173178536628,0.0058863076032849015,66.06655217721959,7.039061796345891,7.064016997845983,0.027355251482273246,0.004338465402507152,0.11629731991349868,0.1367974011936377,0.013150596498996586,0.9025946950251132,,0,-0.0028883416671305,3,-0.010354620022517191,0
2019-12-30,295.40008544921875,21531263.0,14.819999694824219,-0.010434345807501355,-0.007640174235852837,0.00023274269958450944,61.50234111323167,6.741891443712575,6.999591887019302,0.0014974345582401405,0.0028132564414560246,0.09575678622595829,0.1287948712715994,0.013278850645644524,0.8248959308389756,,0,0.0025268991012126,3,-0.01046357985344537,0
2019-12-31,292.30914306640625,22890517.0,13.779999732971191,0.0043215451668576765,0.0028356152588187022,-0.00029919815654877446,57.24323320368797,6.186226658824751,6.836918841380392,-0.003012180809954912,-0.03356652049335562,0.08605733421426898,0.11511575233692795,0.013438948543565735,0.7368081701155167,,0,0.0002171993255615,3,,0
2020-08-26,397.2768859863281,39243340.0,23.270000457763672,0.021364204024748812,0.003196491260913925,0.0,65.38851307912059,11.452459705488593,13.652152333239297,0.03391812298857855,0.05489254786085951,0.04739341793172702,0.4166667573532885,0.022588420817197807,0.9999999999991376,,0,0.0044459966011345,9,0.004524745757191528,1
2020-08-27,399.074462890625,53072712.0,24.469999313354492,-0.014066962798833238,-0.013367557265739571,-0.0002833998289702988,66.14061522625136,11.674953719795894,13.256712610550618,0.06987934143156282,0.03496485343038369,0.023041223011322387,0.4185301531999357,0.02258169355516943,0.9999999999991205,,0,0.0114930123090744,4,-0.020270137996303728,0
2020-08-28,390.98516845703125,56842210.0,22.959999084472656,-0.001985200606646975,0.01981397300602805,0.0014172705601938063,59.83904117131298,11.073340216154804,12.820038131671458,0.024734950112585086,0.018735253873511937,0.022326758140737812,0.37007871658042224,0.022994633823998887,0.9262299575884081,,0,-0.0011937022209167,3,-0.019540186462450815,0
2020-08-31,383.3452453613281,81480538.0,26.40999984741211,-0.014793751030359958,-0.001638574078245525,0.00028301392199536757,54.55264559031464,9.868556018900676,12.229741709117302,-0.003504781233982901,-0.019540186462450815,0.025240183219205514,0.32453418130242495,0.023351557825938313,0.8471622195044938,,0,0.0048985481262207,2,0.019929614852799427,1
2020-09-01,390.98516845703125,37429577.0,26.1200008392334,0.029021851750941074,0.019575921987496914,-0.0008011365214014576,58.500844088088485,9.41950219536028,11.6676938063659,0.001150966318626212,0.004618950501991792,0.022326758140737812,0.3201822110426107,0.023299959396380736,0.9150948412426965,,0,0.0081078112125396,2,-0.004597713889115673,0
2020-09-02,389.1875305175781,34871407.0,26.56999969482422,0.007602887171300754,0.02842043231286029,-0.0001535875080771465,57.24077658633166,8.817343254298635,11.097623695952448,-0.020362008850996705,0.012865473017079188,0.009323955638457004,0.2810649972204693,0.02317018032195621,0.8957350745622755,,0,0.0018410285701975,3,0.006928543373321272,1
2020-09-03,391.884033203125,34951617.0,33.599998474121094,-0.01204809672001661,-0.05735849390884484,-0.0003617020708793772,58.678550312831725,8.459505726801979,10.570000102122355,-0.018017764492915478,0.05060250742181349,0.002298974024106837,0.2880356899439629,0.023158526133182675,0.9223311468190988,,0,0.0029437094926834,4,-0.01605512731776393,0
2020-09-04,385.59228515625,46119911.0,30.75,-0.027962438524679167,-0.009623002192231445,-0.00047454355135168047,54.106943369710876,7.582202050438468,9.972440491785578,-0.013793063614314316,0.010600715757870915,-0.009237822590427935,0.25806452576475314,0.02341278313100574,0.8484855032268199,,0,-0.009215772151947,1,-0.006993065659693043,0
2020-09-07,382.89581298828125,32019312.0,30.75,0.0,0.0,0.0015369403779441626,52.228883001484704,6.593899739686265,9.296732341365717,-0.0011723958454818995,-0.00467306808850676,-0.021814085478620182,0.23478250600206563,0.023474148707673028,0.8115187378399366,,0,0.0048121213912963,2,0.011737082092306172,1
2020-09-08,387.389892578125,23714670.0,31.459999084472656,-0.020149669208124887,-0.04705493845427,-0.0006410731314451246,55.030471723929956,6.102083228065567,8.657802518705687,-0.009195427778231346,-0.00805504508726329,0.004661938246888431,0.23672878308305156,0.02348345427556693,0.8547491798143542,,0,0.0097024738788604,2,-0.009280610859058402,0
2020-09-09,383.794677734375,40551362.0,28.809999465942383,0.026901204751226482,0.028929008632412767,-0.001986024153943222,52.38377285981453,5.361050477057859,7.998452110376121,-0.013856694678863968,-0.03393655339016399,0.019093130589493246,0.2045137957720038,0.023512347442668665,0.8034693380080126,,0,-0.0025537610054016,1,0.018735253873511937,1
2020-09-10,390.98516845703125,35098921.0,29.709999084472656,-0.006297459417207052,-0.014670874742016782,0.0011625259695036139,56.85335284891731,5.291777048911683,7.457117098083235,-0.0022937008653982627,-0.020270137996303728,0.013985973030025578,0.1966987715433861,0.023391694911729165,0.8959544015943678,,0,-0.0081909000873565,2,0.0034479927179642544,1
2020-09-11,392.3332824707031,34298469.0,26.8700008392334,-0.0010136681812612514,-0.0006595216018734362,-0.0004234716506867908,57.655876167013396,5.284508916478956,7.022595461762379,0.017482189281150973,0.0034479927179642544,0.022247845610401384,0.20247898557583843,0.023373754401171804,0.9132940262577095,,0,,0,0.010309523733591064,1
2020-09-14,396.3780517578125,39085833.0,25.850000381469727,0.02131417240361544,0.02124158283595623,0.00045779859416406055,60.0564187894934,5.540649257873724,6.726206220984649,0.035211246276918295,0.033997568912587095,0.013793063614314427,0.2335664524283283,0.023176754795808847,0.9615389638020034,,0,,0,0.009070166291514692,1
2020-09-15,399.9732666015625,39061449.0,25.59000015258789,0.06645967884545856,0.01716050941045033,-0.005429970595095757,62.11244491179775,5.964478663663272,6.573860709520374,0.03248245311640341,0.022988335286480366,0.027713467771283584,0.21253403171198615,0.022940433508429253,0.9999999999985917,,0,0.0111992359161376,1,0.02921360711058263,1
2020-09-16,411.6579284667969,64261238.0,26.040000915527344,-0.03168322681930802,-0.010656997809193158,0.002472290132864652,67.89624693741405,7.159202821965039,6.690929132009307,0.07259936718483129,0.05773668524100839,0.07134496802415136,0.25136596154991486,0.023211013558301404,0.9999999999985456,,0,0.0020077645312994,10,-0.015367767727191062,0
2020-09-17,405.3316650390625,42058506.0,26.459999084472656,-0.009588454857410222,-0.0006331639113917875,-0.0005137657066356383,62.34683391856386,7.509671234496011,6.854677552506649,0.03669319897388368,0.03431533488624483,0.08665428429632138,0.1774453036432797,0.022507484485987644,0.9079942834557676,,0,-0.0016547336708754,17,-0.010033422908817036,0
2020-09-18,401.2648010253906,52454922.0,25.829999923706055,-0.020510439850708106,-0.015121998549498694,-0.0019842177687499074,59.00789507235458,7.374655718110262,6.958673185627372,0.02276513095815269,0.040645304567724416,0.05167688964620987,0.16259573282512196,0.022612720765578062,0.8488480367124634,,0,-0.0014793158043175,10,-0.009008913085721049,0
2020-09-21,397.64984130859375,39463920.0,27.780000686645508,0.004487372683856794,-0.003095804891760423,-0.004021058439251712,56.13036152946523,6.896798644016712,6.9462982773052415,0.0032085266707913007,0.03853274917050098,0.03367961492148308,0.15967225986034128,0.02264386667081189,0.783541052346433,,0,0.0032472014427185,1,-0.006818242865223034,0
2020-09-22,394.9385681152344,36130639.0,26.860000610351562,-0.0013650076767426356,0.012059704455984477,-0.0012514653639484896,54.00327634586659,6.227767623216209,6.802592146487435,-0.012587587488299579,0.01948598990766648,0.011273984293127093,0.1383379040964816,0.022665243318393515,0.5674059755854665,,0,0.0012595653533935,1,-0.008008903555402735,0
2020-09-23,391.7755432128906,45710963.0,28.579999923706055,-0.03180924069171731,-0.024570495316810215,0.0022196555662379325,51.54901164943827,5.380568684365414,6.518187454063031,-0.04829831731398293,0.02079462259776088,-0.013847628612420282,0.026806447195740546,0.01683502440316524,0.48556638106460237,,0,-0.0082999467849731,1,-0.024221782389230007,0
2020-09-24,382.2860412597656,79806381.0,28.510000228881836,0.005903509915709204,0.009747533039556444,0.0054868544509025785,44.94897197071292,3.899239408460687,5.994397844942563,-0.056856213730738125,-0.02224925112017806,-0.042068393725961384,-0.02224925112017806,0.016829982948358052,0.24003654300571237,,0,-0.007479032035917,3,0.002363981269202453,1
2020-09-25,383.18975830078125,38775269.0,26.3799991607666,0.006379263826792991,0.014165914037466809,0.002459495230795472,45.66248143900316,2.766253677406155,5.348769011435282,-0.045045173856317566,-0.023305502180036575,-0.019937866663877535,0.010253666448895027,0.01617474228651519,0.26341917149640515,,0,-0.0032045096158981,4,0.017688881540688373,1
2020-09-28,389.96795654296875,34156973.0,26.190000534057617,0.011282948542195914,0.027458308357901418,-0.0004202618345940934,50.81192832055584,2.387323692797281,4.756479947707682,-0.019318214085903618,-0.016171670420238926,0.017276101012804412,-0.0003036217672319763,0.015800593056917885,0.4387971760488246,,0,-0.0069248676300048,1,-0.0011585894085911486,0
2020-09-29,389.5161437988281,32230502.0,26.270000457763672,0.00927662226458481,0.002180925969952341,-0.005189429465959572,50.46859897677438,2.0272213378272,4.210628225731585,-0.013729791806061598,-0.026144554338806247,-0.0037572388333818596,0.01848563234464584,0.015493076012493421,0.42710704621379586,,0,-9.848674380918963e-05,3,0.004640203264501208,1
2020-09-30,391.3235778808594,27334204.0,26.3700008392334,0.006955837875686655,0.0007135265871938135,-0.00721652883396573,51.86964683014803,1.8660659559939745,3.741715771784063,-0.0011536333491487527,-0.04939623211357047,0.005488478421804777,0.04657788648561256,0.015074900076787816,0.4738723031951815,,0,0.0069623738527297,4,,0
2020-12-09,469.94976806640625,43314115.0,22.270000457763672,-0.011548659271169437,-0.02893898647316684,0.00806072780064171,71.34166664250925,13.073197316555252,10.992289997271685,0.04208421254646777,0.06776164723300115,0.13785556984424274,0.13043462302583553,0.01404159158085248,0.9565203826752722,,0,0.008469745516777,4,-0.015384516479110655,0
2020-12-10,462.7198181152344,42556926.0,22.520000457763672,-0.0018196520824578233,-0.0004022633158888844,0.0006129042634079873,64.75636845793068,12.834634143059702,11.36075882642929,0.030180944754499173,0.047034795752502356,0.11790387314421236,0.10822491236835874,0.014323320913545415,0.8695644513926987,,0,-6.959438178455457e-05,5,0.0078122841082644,1
2020-12-11,466.334716796875,45660960.0,23.309999465942383,-0.0019186027915855108,-0.010824219673787328,-0.0019933863093117843,66.42512184792182,12.788312335982198,11.646269528339873,0.025844737160808817,0.05521452904815938,0.11688268023963677,0.1241828795949873,0.014273051038426032,0.9130414994327419,,0,0.0007411002879962,5,-0.015503712619240662,0
2020-12-14,459.10479736328125,30260485.0,24.719999313354492,-0.004518034187285913,0.011896808136431458,-0.00016680257862577985,60.277736262309325,12.031919067988667,11.723399436269634,-0.011673060747965924,0.05723206179474705,0.04958680568927765,0.12141266300384923,0.014344139874653175,0.8260859351906658,,0,0.0026068091392517,5,-0.007874130896242226,0
2020-12-15,455.48974609375,39852366.0,22.889999389648438,0.01477411461649658,0.014084984582000803,-0.0024838441840551173,57.416457477096166,11.01491771579532,11.581703092174774,-0.038168232118859335,0.028571294681864146,0.03810488933155187,0.12249413727507785,0.01432593274264307,0.7826070519481355,,0,-0.0063961944542825,3,0.015873182839984956,1
2020-12-16,462.7198181152344,52012348.0,22.5,0.0010467787502801418,-0.00049377328309963,-0.0004980058056349712,61.36632152644181,10.667126585522283,11.398787790844276,-0.015384516479110655,0.026052250805925548,0.030180944754499173,0.11912578832905796,0.014249811876654002,0.8695644513926987,,0,-0.0029267519712448,4,-0.002944058405517924,0
2020-12-17,461.3575439453125,38215179.0,21.93000030517578,-0.008190424754582759,0.0017018593779820623,0.000615689812892839,60.23267133185816,10.164716077507421,11.151973448176905,-0.002944058405517924,0.027148031884890234,0.041821754181496695,0.13191254802074304,0.014026525830935369,0.8531801306286869,,0,-0.0067515885457396,7,0.003937024020218782,1
2020-12-18,463.1739196777344,39924864.0,21.56999969482422,0.0036573658701586353,-0.004823336067254269,0.0004517481547794411,61.26028817446276,9.799618546337797,10.881502467809085,-0.006777957988740924,0.018891604629361902,0.0502099204340869,0.13135193028431824,0.014025537937190151,0.8750260139942018,,0,-0.0013757348060607,6,0.01176475394179577,1
2020-12-21,468.623046875,34813281.0,25.15999984741211,0.005274408721436696,-0.006311606600805764,0.0014576353040680612,64.2452861430913,9.835204922599644,10.672242958767198,0.02073219353486122,0.008817124632324091,0.04437454670299035,0.13963070711868442,0.014088847366456752,0.9405636640907463,,0,,0,-0.013565913684956299,0
2020-12-22,462.2657470703125,22454277.0,24.229999542236328,-0.008490129810386993,-0.0012084884785255046,-0.0010295443685548467,58.5746975547128,9.245235512662475,10.386841469546255,0.014876297512014247,-0.02385973658335272,0.03962918086753153,0.13163178317767676,0.014247403854006404,0.864103255831693,,0,0.0087915062904357,1,0.0,0
2020-12-23,462.2657470703125,18086715.0,23.309999465942383,-0.0017315212676295433,-0.007449039757899567,-0.0003269062777392362,58.5746975547128,8.677618145310134,10.044996804699032,-0.0009813088334349462,-0.016350728350626564,0.05030296659587696,0.13666124606990482,0.014207110172841651,0.864103255831693,,0,0.0041998228989541,3,0.0019646115101055184,1
2020-12-24,463.1739196777344,14950143.0,21.530000686645508,0.021299106107586008,0.009807110863541801,0.00014930189161166396,59.17175030910102,8.206256560201496,9.677248755799525,0.003937024020218782,0.0009813747860414335,0.04806232930116194,0.14653791213726408,0.014123797362792827,0.8750260139942018,,0,0.0070888698101043,2,0.001960825267605548,1
2020-12-25,464.0821228027344,12327895.0,21.530000686645508,0.0,0.0,-0.000746398019421668,59.79579794481816,7.8156969956275475,9.30493840376513,0.001960825267605548,-0.004830423112422544,0.05011739639848112,0.15654829832275485,0.014036119171145311,0.8859491391972079,,0,,0,0.007827754547679033,1
2020-12-28,467.71484375,19087382.0,21.700000762939453,0.0016985082993954403,-0.002159790210069512,-0.006224697389719425,62.279331813371435,7.70979190581528,8.98590910417516,-0.0019380248817387757,0.018753989146198746,0.07705938040665905,0.18427239451967403,0.01371201738851527,0.9296405388877402,,0,0.0129851102828979,2,0.0,0
2020-12-29,467.71484375,19907528.0,23.079999923706055,-0.005558349858125422,-0.002277447760374751,0.00601314219841198,62.279331813371435,7.538926683493003,8.69651262003873,0.01178780109541333,0.026839457443535553,0.056177590173120295,0.19797903258421856,0.013507322646513255,0.9268580524848867,,0,0.0108554661273956,2,0.019417489664676157,1
2020-12-30,476.79669189453125,46292401.0,22.770000457763672,0.031640893818165816,0.016698004012999368,0.000626146711325104,68.00909564672213,8.04228815991155,8.565667728013294,0.031434180266028955,0.030422024793827163,0.05726683781970565,0.21142628960004028,0.013694550899401853,0.9999999999987219,,0,0.002865195274353,4,0.009523816229140447,1
2020-12-31,481.3376159667969,29970398.0,22.75,0.0012856203437137115,0.0042137031387115,-0.001941352517634276,70.42786631325384,8.706601039405541,8.593854390291744,0.039215714696760884,0.04330713192771096,0.07163086721101797,0.20771134202494035,0.013658855884440487,0.9999999999986604,,0,0.0018083453178405,9,,0
2021-08-12,536.592529296875,15444622.0,15.59000015258789,-0.002500112123824616,-0.011331174174846081,-0.001247040309911407,46.31203115583375,0.0007348376027493941,-0.20223426719539467,-0.016778507727624237,0.005145700721143509,-0.04560268860826222,-0.033774202815788135,0.012301111461943582,0.2222220164964236,,0,0.0035567283630371,1,-0.008532301309942314,0
2021-08-13,532.01416015625,22524428.0,15.449999809265137,-0.0017286081617624571,0.0066647585196748516,0.00017988092582732484,42.5063836642672,-0.6426675346342563,-0.29032092068316706,-0.01692056670990405,0.0017242972374009735,-0.01358223920222168,-0.035684834227561746,0.0123275041732792,0.0833353391530443,,0,,0,0.00516318439010055,1
2021-08-16,534.7610473632812,19315705.0,16.1200008392334,-0.007532727131043693,-0.0037181402139510045,0.0004137683724649843,45.405073321414626,-0.9207814867569368,-0.41641303389792106,-0.018487755133362205,-0.010169864150254448,0.0034361706928069946,-0.03630390080497514,0.012319473630371393,0.166663272201607,,0,-0.0092803239822387,1,0.0,0
2021-08-17,534.7610473632812,0.0,17.90999984741211,-0.03070723689542021,-0.019809496769654045,-0.0006581203164657268,45.405073321414626,-1.1281623407082861,-0.5587628952599942,-0.011844746325711641,-0.016835225016335498,0.00516318439010055,-0.03150916230728207,0.012302517463417584,0.166663272201607,,0,-0.0115678310394287,1,-0.017123046501607897,0
2021-08-18,525.6043090820312,43716164.0,21.56999969482422,-0.005940036024134732,-0.014735229219632662,0.003947547414152153,37.99849197499114,-2.0067237842017676,-0.8483550730483491,-0.027118771595102453,-0.0369126946333066,-0.018803556895087614,-0.015437445156790797,0.011491777422044191,0.0,,0,,0,-0.02613255226934308,0
2021-08-19,511.8689270019531,38868947.0,21.670000076293945,0.0006336698801214791,0.008426759412047291,-0.002050272910535056,30.073742822644448,-3.765752066380628,-1.4318344717148053,-0.046075189170670106,-0.062080623980742544,-0.054145824750040816,-0.03287206808594256,0.012102995974582354,0.0,,0,0.0015623569488525,1,-0.012522386530050444,0
2021-08-20,505.4591064453125,45614061.0,18.559999465942383,-0.021715524330110703,0.0063753741854233326,0.00631416798043416,27.220700167281166,-5.611328242459422,-2.267733225863729,-0.04991418593658936,-0.06599017633358284,-0.05641055674502826,-0.072269185084462,0.011256401042495362,0.0,,0,0.0040812492370605,2,0.025362853474068858,1
2021-08-23,518.2789916992188,33685159.0,17.149999618530273,0.02626724527821178,0.026258255724128654,-0.001677456572554803,39.56891377573116,-5.972273604548832,-3.0086413016007496,-0.03082134674043613,-0.04873928436238073,-0.024137518106040368,-0.040677761981412486,0.011951914003074925,0.22581071724946356,,0,-0.004597783088684,1,0.010600621823066758,1
2021-08-24,523.7730712890625,24844800.0,17.219999313354492,0.010363962471872323,0.0010113323426990117,-0.0024954892170808707,43.95735584718948,-5.749367034697116,-3.5567864482200235,-0.02054745035824246,-0.032148817346820624,-0.013792768984163262,-0.032148817346820624,0.012077739531789127,0.3225839744383479,,0,-0.0043968856334686,2,0.02272715090069366,1
2021-08-25,535.6769409179688,27504657.0,16.790000915527344,0.04388534709554337,0.008118681864333954,-0.00029026000624543524,52.07755747732971,-4.560942962587433,-3.757617751093506,0.019163906501317163,-0.008474566697064367,0.010362496268642607,-0.008474566697064367,0.012605352265567882,0.5322599025538808,,0,0.0032749772071838,6,0.015384438339020257,1
2021-08-26,543.9180297851562,43822008.0,18.84000015258789,0.009143071313896023,-0.0006405112507523736,-0.00029403683720852225,56.74972287851026,-2.9213363967116948,-3.590361480217144,0.06261193265025211,0.013651886838380367,0.01886783608347309,-0.0016808272215144138,0.012764413383809231,0.6774192507975907,,0,0.0054444014094769,10,0.00841761250816786,1
2021-08-27,548.4965209960938,27105651.0,16.389999389648438,0.0033022893476959414,0.019600123635315825,0.0011368208333430996,59.13351831655086,-1.2386900712343731,-3.1200271984205896,0.08514519572799029,0.03098105666022688,0.03275877444803865,0.006722636734409537,0.012829690085150612,0.7580652444071776,,0,0.0055326479487121,7,0.010016839578450787,1
2021-08-30,553.99072265625,36575609.0,16.190000534057617,0.004219660393681268,0.002907066995393892,-0.0015617977666271265,61.85078690465,0.5314960892509362,-2.3897225408862846,0.06890445402764156,0.035959379217659126,0.025423813065833523,0.020236383766740973,0.012903947478917023,0.8548406517545286,,0,0.0020754337310791,1,0.014875860786392803,1
2021-08-31,562.2318115234375,52721470.0,16.479999542236328,0.0001682132010722981,-0.008333228256229619,-0.005159072661616082,65.55084526287385,2.569021292861521,-1.3979737741367233,0.07342634118192426,0.05137016672325889,0.03367011339101045,0.04421780467508096,0.013008629513155383,0.9999999999982385,,0,0.0044597387313842,1,-0.0016284891038543803,0
2021-09-01,561.3162231445312,30092045.0,16.110000610351562,0.012183761719171793,-0.005199378440473579,-0.005788106784613389,64.79889186432976,4.063092879425199,-0.30576044342433867,0.047863330056032494,0.0679444849393851,0.028523776281493607,0.03722508886492104,0.012999750972983181,0.9838727364189411,,0,0.0096342964097857,3,-0.009788177267589515,0
2021-09-02,555.8219604492188,24112463.0,16.40999984741211,0.0027396595451878447,0.0033442013414288763,0.0037324773544429313,60.32674214187402,4.749439279200715,0.7052795011006723,0.02188552320790782,0.08586775076326902,0.01845640323531983,0.02533781273264535,0.013104118038878095,0.8870962539923568,,0,0.0075561702251434,6,0.021416915030845196,1
2021-09-03,567.7259521484375,51562454.0,16.40999984741211,0.02632661565860528,0.0057367305988855755,-0.0016262187852567056,65.82936429866234,6.181839623041242,1.8005915254887865,0.03505843777718454,0.12318869105163088,0.04906927127324767,0.04377115862970227,0.013484788851448793,0.999999999998394,,0,0.0041533908806741,6,0.017742066921231592,1
2021-09-06,577.798583984375,55589014.0,16.40999984741211,0.0,0.0,-0.0007094580716562326,69.66353801233755,8.036503184035041,3.047773857198038,0.042975198598944164,0.11484083522277566,0.060504290736058675,0.07312954647245706,0.01360409007865973,0.9999999999986176,,0,-0.00533809652552,5,-0.01267850555824801,0
2021-09-07,570.4729614257812,26526056.0,18.139999389648438,0.005888543885727682,-0.0032527747782045147,-0.00267686535439815,64.03587198572838,8.814014956679557,4.2010220770943425,0.014657921756531911,0.08916054050236921,0.054145317224394196,0.06678106836424025,0.013724106188392336,0.8987327140325575,,0,-0.0026699404697865,6,-0.0064203896399439575,0
2021-09-08,566.810302734375,37817737.0,17.959999084472656,-0.02253414097237172,-0.01229630674593818,0.0021101781649590645,61.366608141468085,9.030730572750826,5.166963776225639,0.00978785106025537,0.05811966026212412,0.04915255462775758,0.04384508601648962,0.013602413643822888,0.8481011803803633,,0,0.0071649849414825,2,0.0,0
2021-09-09,566.810302734375,18735512.0,18.799999237060547,0.006481324039781855,0.003896211753731116,0.002881360677490674,61.366608141468085,9.097594087952416,5.953089838570995,0.019769536051212233,0.04208772589917831,0.056314189608819065,0.019769536051212233,0.013129701439545062,0.8481011803803633,,0,0.0105779767036437,1,0.004846650342105185,1
2021-09-10,569.5574340820312,16304725.0,20.950000762939453,0.002363910097512578,0.007614580325081555,-0.0014853093066332645,62.718415719220694,9.265310290564344,6.615533928969665,0.003225996498245065,0.03839753267293289,0.07056818546851273,0.014681939694050072,0.013065197479115687,0.8860767290172613,,0,0.0054257959127426,4,-0.011254305116502161,0
2021-09-13,563.1474609375,15198774.0,19.3700008392334,0.005285622723443684,0.009664415066369392,0.0007563923680651286,57.64956457524009,8.780049404193733,7.048437024014479,-0.025356799848563094,0.016528685241055552,0.0530824257192668,0.0016285976625574072,0.013187042813906882,0.7974671155311661,,0,0.0027532577514648,2,-0.003251790907341068,0
2021-09-14,561.3162231445312,14441901.0,19.459999084472656,-0.004287155166655565,-8.407709359925519e-05,-0.0004013982372002012,56.250888768208746,8.153786546189963,7.2695069284495775,-0.016051134585528093,-0.0016284891038543803,0.04965802186263235,0.04074728343899303,0.01151863645740355,0.7721526143035706,,0,0.0058531165122985,1,-0.009788177267589515,0
2021-09-15,555.8219604492188,23433501.0,18.18000030517578,-0.012917378673126478,0.004745800763990893,-0.00013753358462487153,52.16183122570434,7.132112524081322,7.242028047575927,-0.019386278323006656,-0.009788177267589515,0.05749125500885377,0.04295528316827246,0.011465792904921219,0.6962015170297747,,0,-0.001177430152893,3,-0.007033370460305277,0
2021-09-16,551.9126586914062,22467022.0,18.690000534057617,-0.0017602652121139206,0.002262155448886638,-0.0008286278713395268,49.40963174683778,5.938656730058256,6.981353784072393,-0.026283297906019576,-0.007033370460305277,0.0782304406012524,0.03740219720714233,0.011526444193022494,0.6421604610144598,,0,0.002595875877887,7,0.0,0
2021-09-17,551.9126586914062,40717715.0,20.809999465942383,-0.025167549349794593,-0.015096782609563486,0.00290812873130486,49.40963174683778,4.935936962275832,6.572270419713082,-0.0309797999899053,-0.027853744217943954,0.09190368054259146,0.03030878601123832,0.011488723971239317,0.6421604610144598,,0,-0.0018591731786727,8,,0
2021-12-09,559.2714233398438,11039070.0,21.579999923706055,-0.01888350684304063,-0.02142040821152602,-0.004033519989395717,53.697636886698994,1.273316104725609,1.6237490464118653,-0.011382300306162718,0.008291933271036944,0.003300023957173215,0.057391124730476806,0.012070053299007443,0.7872331414258107,,0,-0.0136464834213256,2,-0.004934245527961401,0
2021-12-10,556.5118408203125,10497451.0,18.690000534057617,-0.003096378541171174,0.009060374006781613,0.0019869610513112423,51.472783314191304,1.2021360750849226,1.5394264521464769,-0.004934245527961401,0.015100554393201904,0.0016553108475592104,0.05954473888089207,0.012039896682767198,0.711109407230168,,0,-0.0027655065059661,6,-0.006611507706278497,0
2021-12-13,552.8324584960938,17711657.0,20.309999465942383,-0.022748149535391504,-0.02560624324269034,-0.0017915667600949536,48.582487945551804,0.8401469629041003,1.3995705542980017,0.0016665676900189386,0.013490708332960288,-0.01151313043190716,0.048865617323222255,0.012098801281109111,0.4516103485237707,,0,0.005944550037384,1,-0.0033278105353875542,0
2021-12-14,550.9927368164062,22579034.0,21.889999389648438,-0.0011166948601097904,-0.00524849581458664,0.003976679770889113,47.15665241183524,0.4006856680950932,1.1997935770574202,-0.0131796638687246,0.005033481020852992,-0.018032912422880853,-0.001666788866885427,0.00969479656048648,0.38709366712407356,,0,-0.0003638863563537,3,0.0016695716903913915,1
2021-12-15,551.9126586914062,21827730.0,19.290000915527344,0.03534274836404716,0.03690957278526308,0.0013804370735586158,47.97880701545024,0.1250046238762934,0.9848357864211948,-0.0033221723508758405,0.0,-0.016393447972565922,0.016949272629798173,0.009331735862770111,0.4193541482486252,,0,0.0023748145904392,9,0.01297600441115132,1
2021-12-16,559.0742797851562,21809022.0,20.56999969482422,-0.027805671414132482,-0.0427351896441871,-0.0016016422960428711,53.981433668424984,0.4773433122733195,0.8833372915916198,-0.000352500675808165,-0.011730788713420703,-0.00850639700841882,0.01297600441115132,0.009179208946415746,0.670503021207117,,0,0.0059767919592559,15,0.0033058318603325088,1
2021-12-17,560.9224853515625,24105733.0,21.56999969482422,-0.0021446788085823787,-0.0014019066890337273,0.0006488768386792021,55.4113447025728,0.8949935819543953,0.885668549664175,0.007925517855556397,0.0029521658765594427,-0.013276946831550118,0.019723835894898123,0.009171429956087235,0.7353172216405398,,0,0.0043020546436309,10,-0.014826955021645993,0
2021-12-20,552.605712890625,21381070.0,22.8700008392334,-0.011863787205598442,-0.007617612731269041,0.002503808657290607,48.15951978921981,0.5501057069502622,0.8185559811213925,-0.0004101524828798997,0.0012557316602630486,-0.02316520044395054,0.00797561591729834,0.009455744436390136,0.4436586707518951,,0,0.0046181380748748,2,-0.0016722090345234752,0
2021-12-21,551.681640625,17001461.0,21.010000228881836,0.021750433084159804,0.03346653480612627,-0.00042407306586322857,47.41698239093034,0.2000817102724568,0.6948611269516054,0.0012502956256268405,-0.011945846719179976,-0.02001824058578039,-0.00041857722008764586,0.009403989016560603,0.4112526407475352,,0,0.003105342388153,2,0.005025030004142117,1
2021-12-22,554.453857421875,9831802.0,18.6299991607666,0.032867984410669404,0.008975156873625378,-0.0030630283447893314,49.91201202825102,0.14427398001282654,0.5847436975638497,0.0046043494209644376,0.00126688062774849,-0.0003934968267166328,0.016463169013454015,0.009248910909085365,0.5084707307606148,,0,0.0089483857154846,1,0.010000030822842287,1
2021-12-23,559.9984130859375,16654439.0,17.959999084472656,-0.00511140309355107,0.010398459247750402,-0.0006923632525830392,54.556387199736086,0.5403745242376772,0.5758698628986152,0.0016529705160759356,0.0012998871670437673,0.009602599015729796,0.016344455503289224,0.009245914502591364,0.70291119163618,,0,0.0107552409172058,1,-0.0033002674437335733,0
2021-12-24,558.1502685546875,11059689.0,17.959999084472656,0.0,0.0,-0.0031142829512521564,52.79897723278724,0.6973658245276511,0.6001690552244224,-0.004942245799145484,0.002944102199083254,0.018089114167681553,0.012990246985172371,0.009263644580177241,0.6380991316274602,,0,,0,0.0033111952736952777,1
2021-12-27,559.9984130859375,16259872.0,17.68000030517578,0.01673854885344328,0.027240461936308913,0.0019764833964968087,54.38151126838548,0.9596023421412383,0.6720557126077856,0.013377893175664068,0.01296225371668247,0.026627832033872423,0.023176843831557825,0.009206894932127814,0.70291119163618,,0,0.0104106962680816,4,0.01485163946343837,1
2021-12-28,568.3153076171875,33892718.0,17.540000915527344,-0.005216141136831776,-0.011714308974350218,0.00015897270692888377,60.75776170926907,1.8165717301916402,0.9009589161245566,0.030150843833308016,0.0314388369270886,0.036630564736931825,0.04717264517179642,0.009351172764666647,0.9945740233742308,,0,0.0084853619337081,8,0.0016259851762561173,1
2021-12-29,569.2393798828125,24518766.0,16.950000762939453,-0.005324945535450043,0.0017935409775311495,-0.005371417516269572,61.40327377936081,2.5408743363129815,1.2289420001622418,0.026666822248631927,0.03139395503717601,0.03139395503717601,0.048875332369826774,0.009349701160320056,0.9999999999965853,,0,0.0056305155158042,8,-0.0016233456403090818,0
2021-12-30,568.3153076171875,19681276.0,17.329999923706055,-0.008154362149006,-0.011829436643087443,0.0029925320044581483,60.33446322585703,3.005751928089694,1.5843039857477323,0.01485163946343837,0.016529159301662766,0.004604470512863834,0.04363499174173224,0.009352792691105456,0.9684453170232998,,0,0.0027459561824798,6,,0
2022-08-03,467.78924560546875,27603474.0,21.950000762939453,0.005346042731784406,0.026459353201949698,-0.006685899478526491,53.936264305515515,3.3860131902163175,1.3227316689667186,-0.001991977010651569,0.012121007232379633,0.1504017676922893,-0.06718255505326487,0.020774064394635007,0.6204942399150042,,0,-0.0092834681272506,4,-0.0019958224271909852,0
2022-08-04,466.8556213378906,26027618.0,21.440000534057617,0.022077940821716657,0.009153534524583673,-0.0008108983206702725,53.3965458799767,3.381963780619401,1.7345780912972553,-0.0019958224271909852,-0.0019958224271909852,0.09289620414240973,-0.06034387234078098,0.020737624771796852,0.611021922285691,,0,0.0081251859664917,4,0.03199983004230966,1
2022-08-05,481.794921875,32784279.0,21.149999618530273,0.015268058919981398,-0.00909324638086495,0.00032398554970947124,60.25076483644541,4.52896204108248,2.2934548812543003,0.013752396250861887,0.025844864793107547,0.10492494503004957,-0.04631822536105301,0.02118796591786764,0.7847758959803254,,0,0.0095058977603912,4,-0.007751723900291441,0
2022-08-08,478.0601806640625,19333128.0,21.290000915527344,-0.020385134629855917,-0.016064048946623388,-0.00022371069755522388,57.95592366950316,5.078668791991618,2.850497663401764,0.015873159983131435,0.025025149473657304,0.10822521970201948,-0.048463207199791136,0.021202628050786418,0.8348206547200392,,0,-0.002712458372116,2,-0.003906460460198269,0
2022-08-09,476.1926574707031,21164373.0,21.770000457763672,-0.031043996012012687,-0.045747212874083454,0.0018600869157348043,56.79109911940822,5.302763336628004,3.3409507980470123,0.03658542013285593,0.030302848224087464,0.1345938589820832,-0.03250879562485287,0.020987038848417187,0.9254658511172377,,0,-0.0086904168128967,1,-0.019607686062204643,0
2022-08-10,466.8556213378906,20861380.0,19.739999771118164,0.040605515605213416,0.04248842399212038,0.0009099748000620522,51.24552690383577,4.674541803241368,3.6076689990858837,-0.0019958224271909852,-0.0039838238054502595,0.06269936130746712,-0.025743972437933915,0.020808113611927092,0.8012432170158221,,0,-0.0060018696822226,6,0.02800000653683421,1
2022-08-11,479.9275817871094,23740033.0,20.200000762939453,0.009586059154888193,-0.0033492744014829157,-0.003916327686917409,57.50226836959377,5.169885677376726,3.920112334744053,0.02800000653683421,0.02594830106863566,0.08210540034089253,0.007391963754491027,0.02124354190983483,0.9751563664107303,,0,-0.0005402863025665,2,0.005836286513512645,1
2022-08-12,482.72857666015625,19535923.0,19.530000686645508,0.014968867313622791,0.02992585294926431,0.0013005635116274394,58.72457882934972,5.722068007129451,4.2805034692211335,0.0019378676336454514,0.015716914208086852,0.04974590628263442,0.021234416588595817,0.02121945977331542,0.9999999999986858,,0,0.0043343603610992,2,0.01160572889831557,1
2022-08-15,488.33099365234375,21273166.0,19.950000762939453,0.007814145217051705,0.003093378390820911,-0.000210354578339067,61.132541354329774,6.535628520870375,4.731528479550982,0.021484351560120185,0.03769853609269913,0.05549957213746515,0.029527640998588955,0.021282262689112787,0.999999999998776,,0,0.0124695003032684,4,0.003824110418751081,1
2022-08-16,490.19842529296875,20720414.0,19.690000534057617,-0.01769166904471009,-0.01029794813762186,0.0013258375377005471,61.92979657798032,7.247249928752012,5.234672769391189,0.029411977699650427,0.06707344739358634,0.06924658185778054,0.047904435379858556,0.021158825934954807,0.9999999999988033,,0,0.0099864900112152,6,0.0038096045638804643,1
2022-08-17,492.0658874511719,27143102.0,19.899999618530273,-0.008337656803146465,-0.024796029095448202,-0.0012974273469312791,62.75260534300926,7.8709181597916995,5.761921847471291,0.05400013400510195,0.05189653689939244,0.06464658243086507,0.058233156558768595,0.021130139552704295,0.9999999999988295,,0,0.0036026001907885,5,-0.013283105975775866,0
2022-08-18,485.52972412109375,17831084.0,19.559999465942383,0.0007846767973260782,0.02280041480856032,-0.00027052376956115953,58.025569524670885,7.74908811612039,6.159355101201112,0.011672890966432092,0.03999973852663019,0.03792408372420608,0.029702928004004425,0.021157065959908267,0.9234952084700734,,0,-0.0010099112987518,2,-0.001923149688890624,0
2022-08-19,484.5959777832031,14022812.0,20.600000381469727,-0.02318807805013612,-0.027815815696432544,0.0012693909777732326,57.36081221323493,7.4909121325517845,6.425666507471247,0.0038684287886308066,0.005813792925218664,0.03180891441041345,0.0495447811535048,0.020883457204252606,0.9125658504792278,,0,-0.0019403994083404,2,-0.013487105586469816,0
2022-08-22,478.0601806640625,11494000.0,23.799999237060547,-0.02247682537911544,-0.037235796566073565,0.0042804096583544116,52.801065375916174,6.682467237271226,6.477026653431244,-0.021032482315864076,0.0,0.025025149473657304,0.05458297050312422,0.02078821313104028,0.8360653453934527,,0,,0,-0.01562513964183765,0
2022-08-23,470.5904235839844,19191108.0,24.110000610351562,0.009267464715788432,0.0073644796643508315,0.0009866863868770448,48.09539468901996,5.377656224940722,6.25715256773314,-0.04000013198178998,-0.011764637271970968,0.01818170893445248,0.03597120030527612,0.02095454688012607,0.7486329818917598,,0,0.0170570611953735,1,-0.001984136891697408,0
2022-08-24,469.6567077636719,14363212.0,22.81999969482422,-0.005463015747165456,0.0006528179591678285,0.0012710719903399337,47.52523560745124,4.219679068202197,5.849657867826952,-0.04554101444336289,0.005999898679069249,0.0019921723344309417,0.009027060660121933,0.020623024735054694,0.7377039811044959,,0,0.0103738503530621,3,0.009940407587900824,1
2022-08-25,474.3252868652344,9357138.0,21.780000686645508,0.023492419848306856,0.036595796223690025,0.0011600877468875836,50.67388396454686,3.636439763386818,5.4070142469389255,-0.023076727745436454,-0.011673208905838894,0.013972192223670854,0.021105634403804086,0.02067106637908168,0.7923489850408154,,0,0.0091219544410705,2,0.00787411909559288,1
2022-08-26,478.0601806640625,12914846.0,25.559999465942383,-0.03231701101487772,-0.05810368755404394,-0.0005628272937328038,53.09847686668894,3.435738002269602,5.0127589980050615,-0.013487105586469816,-0.009670850705365108,0.00589406757186639,0.04277000439538914,0.020583170330547008,0.8360653453934527,,0,0.0095615684986114,2,-0.02636731542189774,0
2022-08-29,465.45501708984375,26590824.0,26.209999084472656,-0.02230363657916956,-0.01927500412216976,0.0030807079910377677,45.05003276168062,2.2345699996627673,4.457121198336603,-0.02636731542189774,-0.04684522764243393,-0.010912688054783848,0.04726893850520564,0.020435380031834007,0.68852383476539,,0,-0.0162964761257171,2,-0.005015004560048775,0
2022-08-30,463.1207580566406,24214535.0,26.209999084472656,-0.000723962027516456,-0.013069818614501738,0.0028730851951361824,43.72819939867446,1.0819510897893565,3.7820871766271535,-0.015872965434475472,-0.05523817670394404,0.008130255750372628,0.09371565819227601,0.018973630695191507,0.6612016900008121,,0,-0.0182570610195398,3,0.018144987384634215,1
2022-08-31,471.5240783691406,39357089.0,25.8700008392334,0.006764028724842941,-0.01153350276189713,0.0022622757618622202,49.47557441828666,0.8364873840451423,3.1929672181107516,0.003976033078203933,-0.04174605394500064,0.00798400732543092,0.14772720182151877,0.018430533810516844,0.7595612682718601,,0,-0.0019794106483459,8,-0.028712694489467006,0
2022-09-01,457.9853515625,39168672.0,25.559999465942383,-0.020515853407052642,-0.019212719652391463,-0.003416930506516702,42.02779334257719,-0.4447092210555752,2.4654319302774863,-0.03444879654366162,-0.056730558790102026,-0.019000027781545525,0.09977592285713643,0.01900901895356222,0.6010925428744424,,0,0.0013019575271755,9,-0.011213036566825263,0
2022-09-02,452.8499450683594,29982959.0,25.469999313354492,-0.009064178579174742,-0.010163918544730532,0.00710453974581382,39.593137073496074,-1.8528473203281806,1.6017760801563528,-0.05273443933498945,-0.06551030997010499,-0.060077380421519444,0.11366257818028469,0.018690483929896362,0.45806414609365503,,0,-0.0005786567926406,4,0.0020617310332571304,1
2022-09-05,453.7835998535156,15903415.0,25.469999313354492,0.0,0.0,0.00212124646175349,40.270599799618296,-2.8605228185590477,0.7093163004132724,-0.025075285060414898,-0.05078143253183065,-0.05078143253183065,0.06229496040071436,0.017096707847912566,0.4709665774137262,,0,0.0129482150077819,2,0.0061728033896852885,1
2022-09-06,456.584716796875,16700285.0,26.90999984741211,-0.010754284115380486,-0.010691519493275292,0.0023846062832659776,42.359215797866845,-3.3940629385899115,-0.11135954738736459,-0.014113038869586259,-0.02976198852590939,-0.041176486798380485,0.0471090918621937,0.016843761137197433,0.5096759800278131,,0,0.0105031132698059,5,-0.03374230217450702,0
2022-09-07,441.1784973144531,34678562.0,24.639999389648438,-0.0009994988322802323,0.0155669829914169,0.0036726685016230665,35.09116773251925,-5.001824277516903,-1.0894524934132725,-0.06435637636924862,-0.060636226372282054,-0.0550001389077277,0.022727173041188653,0.017600127963473093,0.29677321132339857,,0,0.0013318712590262,11,0.005291032008564622,1
2022-09-08,443.5127868652344,27931552.0,23.610000610351562,0.003627087131725215,0.017874758430260318,0.0015941896240934117,36.85893509023741,-6.018320224607237,-2.075226039652066,-0.03160049693268541,-0.06496069438683427,-0.0758756035364273,0.0567296166012039,0.017055875213388957,0.07964566958725991,,0,0.0027542922180145,14,,0
2022-12-08,442.7816467285156,27238567.0,22.290000915527344,0.019687173948763848,0.026738980816889635,0.00011425350804961099,53.71051558670056,12.617149605190434,16.191520465777028,-0.05416236009130426,-0.049394993796756936,0.15705543273180922,0.17434643548822604,0.02659504566794494,0.7882358098696879,,0,0.0052375495433807,4,0.021208666110830388,1
2022-12-09,452.1724548339844,25915337.0,22.829999923706055,-0.0013614658372351762,-0.008638358274299485,-0.005679400441186089,58.13833036326754,11.77472423253431,15.308161219128484,-0.02233511722183723,-0.03313257021684457,0.09060016773269819,0.21132085004438395,0.02662588803838409,0.866666292845188,,0,0.0004443427023943,6,-0.013499485414752876,0
2022-12-12,446.068359375,20973334.0,25.0,-0.0032222156834279536,0.021385341154628534,0.0075731691396832,54.4897418531562,10.494727383270344,14.345474451956857,-0.028629856578912594,-0.011446557920229639,0.06741570736235691,0.2025316007893707,0.026722954929993308,0.8156858926922019,,0,0.0086331069469451,2,-0.007368181529596729,0
2022-12-13,442.7816467285156,33272826.0,22.549999237060547,0.0009946482650891042,0.015227373589687065,-0.0004463614642967739,52.576460755046995,9.110686542494193,13.298516870064326,-0.013598126599989047,-0.03182736460978508,-0.017708048703142465,0.1444177501669608,0.026085431237631615,0.7882358098696879,,0,0.0123061835765838,2,0.01908792356008515,1
2022-12-14,451.2334289550781,30636639.0,21.139999389648438,-0.006086329750897068,-0.01568652798519199,-0.002574982797804437,56.77916147732985,8.595308893296306,12.357875274710723,0.011579098744674665,-0.019387598775728154,-0.013346959352490528,0.21032752148684963,0.025409202762174617,0.8588237033276552,,0,-0.0005117207765579,4,0.005756046405194892,1
2022-12-15,453.83074951171875,24222008.0,22.829999923706055,-0.024620035556777053,-0.04171726429446354,-0.003813575353422971,58.01066438903424,8.300333610827693,11.546366941934119,0.024953840939070604,-0.030560078070836716,-0.003575532803836712,0.1873854124099288,0.02520619335755873,0.8805160969333652,,0,-0.0046586925163865,9,-0.019770997838361448,0
2022-12-16,444.8580627441406,47601400.0,22.6200008392334,-0.016879266724765696,-0.009509927177307698,0.010684150398249992,52.450663296143254,7.260138725995546,10.689121298746405,-0.016176111595584075,-0.038149933468740516,-0.027287137658493443,0.19775269192432154,0.024970987833405605,0.8055776945226917,,0,-0.003102995455265,8,-0.009554157823749576,0
2022-12-19,440.6078186035156,21075559.0,22.420000076293945,-0.002621206091015571,-0.013747577440855085,-0.0012723086589110366,50.00575228540728,6.023959724793087,9.756088983955742,-0.01224148867930308,-0.040520873193014895,-0.026586594790487195,0.18034044679472383,0.02506611089518775,0.7700803553193827,,0,,0,-0.019292709842894107,0
2022-12-20,432.1072998046875,31139235.0,21.479999542236328,-0.006307406617725775,-0.006238879852591195,0.0004842320542652878,45.4433015681786,4.309768470169047,8.666824881198403,-0.024107473746247998,-0.037377783866229586,-0.06286467208352675,0.18134364869221398,0.02504667524924854,0.6990854220349771,,0,,0,0.003278765633196956,1
2022-12-21,433.5240783691406,36182644.0,20.06999969482422,0.02010042899700437,0.023555955919671412,-0.002004141984302543,46.32235027989154,3.0305117398990546,7.539562252938533,-0.03924653948389212,-0.028121880295288282,-0.061703131910549436,0.1928737014140529,0.02499032281750377,0.7109181233138676,,0,0.0073909163475036,1,0.01960781001057521,1
2022-12-22,442.0245361328125,14047382.0,21.969999313354492,-0.02411193137279044,-0.0420381629325014,-0.0014646554788004806,51.38375739783027,2.6709101758342513,6.565831837517677,-0.02601457347614433,-0.00170989606569516,-0.05102042955689401,0.2687166063473583,0.02401349666452457,0.7730111232249308,,0,0.0046326369047164,4,-0.0277778084624275,0
2022-12-23,429.7460632324219,24927413.0,20.8700008392334,-0.005180756211503046,0.000852597980826042,0.0019882954114212037,44.810979698183814,1.3804859716328224,5.528762664340706,-0.033970384662692754,-0.04959698752502817,-0.08108628207015578,0.21707203557376298,0.02453646830070798,0.6564622710804894,,0,0.0062717399559915,6,0.003296780786766318,1
2022-12-26,431.162841796875,8793306.0,20.8700008392334,0.0,0.0,0.0001659157541351597,45.67449328672862,0.46664623863438237,4.516339379199442,-0.021436244224117496,-0.03341532136242431,-0.04447938887125591,0.19099271310267452,0.02432662540958087,0.6691401643846387,,0,,0,0.001095103573355738,1
2022-12-27,431.635009765625,10264001.0,21.649999618530273,-0.007611002121523658,-0.017874284076816904,-0.0008489209231152817,45.97785970609633,-0.21700335988037978,3.5696708313834775,-0.001092992502732426,-0.025174116960915982,-0.0562002557714566,0.21114753183092794,0.024127295439592706,0.6663559235744427,,0,0.0034378964919596,6,-0.013129059371247531,0
2022-12-28,425.9680480957031,32578949.0,22.139999389648438,-0.01695393155045377,-0.01472989104816047,0.00010089656376099931,42.882691921081566,-1.2017529845747958,2.615386068191823,-0.01742932088538718,-0.0559918198389735,-0.07429387167694079,0.16306645253141827,0.024007128453305472,0.6145575049053575,,0,0.0010437699966132,9,-0.0110863776005381,0
2022-12-29,421.24560546875,23020759.0,21.440000534057617,0.040240875334143666,0.03320166834253868,0.00019208767641454294,40.43958096595058,-2.3359367268579376,1.6251215091818707,-0.04700854582836822,-0.07180021203505371,-0.10016607002059663,0.1457656798281839,0.02411791919362769,0.5713923884673944,,0,0.0050327712669968,9,0.005605367846242881,1
2022-12-30,423.6068420410156,21683478.0,21.670000076293945,-0.019868394918195365,-0.001120276062526293,-0.0015588763526886984,42.212356028103414,-3.0097052951226715,0.6981561483209621,-0.014285695010743948,-0.04777078911874777,-0.0840982701608588,0.141978809209085,0.024105132963616053,0.5929750861581405,,0,0.0007759928703308,12,,0
2023-12-08,546.8428344726562,33507214.0,12.350000381469727,0.01067576155007055,0.007105963521382819,-0.0019720937647662584,52.04002421882757,3.6877296498223586,5.729815735042849,-0.015544002167688697,-0.008695666605628483,0.02333921749921619,0.04779415247354191,0.011783571076961926,0.7368414297045557,,0,-0.0021733790636062,4,0.00701760025394349,1
2023-12-11,550.6803588867188,27378610.0,12.630000114440918,0.005979106431353909,0.033973025422084246,-0.0005568435956523343,55.443612541943516,3.595197483560014,5.302892084746283,0.0,0.0105631259003236,0.005253814597635964,0.04363636489824407,0.011717856049575055,0.807017494904749,0.0732695236802101,9,0.0047869286499917,3,0.006968807561934742,1
2023-12-12,554.5179443359375,29403010.0,12.069999694824219,0.006438827499452016,0.0071212871669623645,-0.002594788416349525,58.60716359631829,3.786238082760633,4.999561284349153,0.01403531212159459,0.005217599121050798,0.010489593323746549,0.045208145498622176,0.011733949368766358,0.8771946762430154,0.074920929968357,7,0.0061593055725097,3,-0.0017301723612257458,0
2023-12-13,553.5585327148438,22977731.0,12.1899995803833,0.005118107388960347,0.015462401362851041,0.004631688947277279,57.50784501519487,3.816522359110195,4.762953499301362,0.012280856251254857,0.005226577962474721,-0.0068848442322471115,0.058715468458822695,0.011483210467323958,0.8596501018739305,0.0791293308138847,8,0.0016429424285888,1,0.01393714738282803,1
2023-12-14,561.2735595703125,39409958.0,12.479999542236328,0.017797943978986153,0.02669045339458509,-0.010043531382914583,63.44568707257018,4.409398827763312,4.692242564993752,0.03364273992311673,0.01393714738282803,0.0035021447949667994,0.061781881262106264,0.011551513460106876,0.9999999999981726,0.1189248114824295,4,0.0011458992958068,4,0.0051546851392347826,1
2023-12-15,564.166748046875,54323262.0,12.279999732971191,-0.008796454660859099,0.004766303141265027,0.0008762037854230798,65.39840694769764,5.053385723659403,4.764471196726882,0.031679876707034094,0.015643442467139,0.013892152146104397,0.08899527010318065,0.01105300395888382,0.9999999999982644,0.0685393288731575,6,0.0044954270124435,4,0.0,0
2023-12-18,564.166748046875,26122277.0,12.5600004196167,0.003803496738391976,-0.0032086375850133297,0.00524301763827939,65.39840694769762,5.500240986473386,4.911625154676184,0.024490412527915506,0.024490412527915506,0.01916367412856035,0.07702819568890806,0.010964466220701451,0.9999999999982644,-0.0476588457822799,2,0.0055494308471679,2,0.0,0
2023-12-19,564.166748046875,28254292.0,12.529999732971191,0.009132431254648798,0.005304857052633949,0.0008677068074613992,65.39840694769762,5.7875768372573475,5.086815491192417,0.017400345308017817,0.031679876707034094,0.005226503382344427,0.05765715749034994,0.010652478013970967,0.9999999999982644,-0.0056858956813812,6,0.0046256035566329,4,0.0,0
2023-12-20,564.166748046875,38121456.0,13.670000076293945,-0.03687316371195015,-0.028577973610827256,-0.0033465989557395215,65.39840694769762,5.946674759977327,5.2587873449494,0.01916367412856035,0.031679876707034094,0.01916367412856035,0.080988142038255,0.010018932115608075,0.9999999999982644,0.0460593104362487,7,0.0031123559456318,3,-0.013675082557023988,0
2023-12-21,556.4517211914062,24923414.0,13.649999618530273,0.025089954813304782,0.027679477319281443,0.0012791495872452874,54.882745429441464,5.389962698103545,5.2850224155802294,-0.008590888162623656,0.02476283074432928,0.003487311592385911,0.06620553995271794,0.010300585315759623,0.8660992970894565,0.11173015832901,1,0.0031068921089172,2,0.008665331052588598,1
2023-12-22,561.2735595703125,18690214.0,13.029999732971191,0.005850921845514501,0.0034624117591826042,-0.003736782960108931,59.28873913805776,5.275900798160251,5.283198092096234,-0.005128250621963426,0.026389163737643884,0.017464025762151447,0.075444563926512,0.010354826913473282,0.9497863095060821,,0,0.0038750965613871,3,-0.0017180471396728292,0
2023-12-25,560.3092651367188,9548143.0,13.029999732971191,0.0,0.0,-0.0036226354270691985,58.06745781628932,5.049664912811636,5.236491456239315,-0.006837487185323732,0.017485472460768703,0.028233299608122264,0.09988070387231374,0.009547192073188927,0.9330501782017915,,0,,0,0.008605890977087638,1
2023-12-26,565.1312255859375,16094308.0,12.989999771118164,0.012602964423984675,0.018050521043227796,0.0012773344446850299,62.25450012415679,5.198553711112481,5.228903907213948,0.0017095611224899887,0.019139653384364186,0.02445711554409047,0.10518347451041987,0.009594244634080845,0.9999999999982929,,0,0.0109697775915265,3,0.010238889050891542,1
2023-12-27,570.9175415039062,33401336.0,12.430000305175781,0.0019148551244283496,0.0016969062273046731,-0.0056780331319218336,66.56845664452251,5.716454843965266,5.326414094564212,0.011965954180040317,0.03135893995514416,0.03674941786211505,0.11859802511918094,0.009643658560378639,0.9999999999984465,,0,0.0095140459015965,5,0.0016890257585246982,1
2023-12-28,571.8818359375,25514849.0,12.470000267028809,0.00047768615050558516,-0.001402192903186994,-0.0031445393355279405,67.2404132065837,6.1337886131111645,5.487888998273603,0.02772947617639976,0.018900367185136435,0.03310093177101314,0.12684171975282554,0.009554669122339769,0.9999999999984693,0.0078578293323516,2,0.0061937421560287,4,0.0,0
2023-12-29,571.8818359375,18416318.0,12.449999809265137,-0.0066856898822300614,-0.007890825520220357,-0.004788328985291246,67.2404132065837,6.390819703983539,5.668475139415591,0.018900367185136435,0.013675190743400512,0.029532560270161268,0.1289758386322224,0.009536028868850736,0.999999999997877,-0.0917893350124359,2,0.0019723873119801,6,,0
2024-12-31,1054.2811279296875,28397820.0,17.350000381469727,-0.014471803660000226,-0.009266785904266217,-0.0014782773801352844,53.42182220577832,11.283400986844072,10.753290092515803,-0.004629794500142559,0.0,0.022872135875566135,0.05280993143431467,0.01671178818823086,0.8466443591413529,-0.0464886426925659,1,-0.0032675862312316,7,-0.009302311040909172,0
2025-01-02,1044.473876953125,43177098.0,17.93000030517578,0.020709873545190938,0.008347471300082843,0.001251537494249222,50.34666815006112,9.573376045772193,10.517307283167082,-0.018433151176113993,-0.018433151176113993,-0.0008488253595246853,0.02797285468200994,0.01665617941932439,0.7444076894143482,0.0375464558601379,1,0.0055913925170898,4,0.009389656546673564,1
2025-01-03,1054.2811279296875,30415096.0,16.1299991607666,0.03487453381094818,0.028308254972368774,0.0020975544231986998,53.245080533171425,8.903957743679257,10.194637375269517,-0.009216575588056997,0.004672831422924295,0.003842105905482729,0.027743099894556256,0.016653300012870534,0.8466443591413529,-0.0637543201446533,1,0.0028229833114892,5,0.04651178677525181,1
2025-01-06,1103.317626953125,69289786.0,16.040000915527344,0.05464741590678068,0.028369513260089407,0.0012929662335154912,64.42646644262706,12.176054876681292,10.590920875551873,0.032110211697071955,0.086956621084465,0.060396673605064066,0.06539856770119634,0.01804636302458895,0.9999999999992324,-0.0471754074096679,3,-0.001967117190361,8,0.004444270863643851,1
2025-01-07,1108.2210693359375,48758688.0,17.81999969482422,-0.03904368423159843,-0.018434567487561337,-0.005362688493261603,65.31960464749694,14.990481324328357,11.47083296530717,0.036697189038986666,0.04629610101277626,0.05520144729860643,0.06510936364547204,0.018045287847584645,0.9999999999992603,-0.1401278674602508,5,-0.0010628327727317,8,-0.02212391476301223,0
2025-01-08,1083.702880859375,45211419.0,17.700000762939453,-0.02033874434781202,-0.009573581916398899,-0.00034527787352645056,57.540379062331965,15.074442532532885,12.191554878752315,0.027906933122727517,0.023147935257097574,0.04154497487089359,0.01765633851639903,0.018072547765511208,0.8185933403925943,-0.039902176707983,12,0.0019030213588848,5,-0.0045248236760582206,0
2025-01-09,1078.79931640625,27263215.0,17.700000762939453,0.0,0.0,0.005983308797275377,56.101334630539995,14.57825474986521,12.668894852974896,0.03286385634962663,0.013824920741189795,0.0566756852022523,0.017720085185386925,0.018072115927424682,0.7823125503799992,-0.0786832496523857,9,,0,0.0,0
2025-01-10,1078.79931640625,22021522.0,19.540000915527344,0.006035243184622674,-0.024190510223085493,-0.0027125588031043923,56.101334630539995,14.023300130940015,12.93977590856792,0.023255835494949473,0.013824920741189795,0.037735787021380585,0.05164412435677335,0.017312132495740165,0.7823125503799992,-0.0783523619174957,2,-0.0086689591407775,2,-0.022727293300702778,0
2025-01-13,1054.2811279296875,56690300.0,19.190000534057617,-0.03364224227433665,-0.003460104980847145,0.008080683673291622,48.9956651772544,11.477493049037548,12.647319336661848,-0.04444458950488683,-0.013761502985606189,0.009389656546673564,0.04263793462180532,0.01754545138676909,0.6009058907733333,-0.0787622854113578,22,-0.0017563615692779,7,0.0139535244540403,1
2025-01-14,1068.9920654296875,28695247.0,18.709999084472656,0.00044715561739439025,0.005161344540757673,-0.0012629097569892833,52.85411005532958,10.523042721333013,12.222464013596083,-0.03539817550099156,0.0,0.004608345153132687,0.057186408539260825,0.01765503548089779,0.7097500671735789,0.0005737495375797,25,0.0017443224787712,8,-0.02293580024535291,0
2025-01-15,1044.473876953125,35489482.0,16.1200008392334,0.026557455292876897,0.021347758577277887,-0.0030888493404357398,46.53549033204041,7.703512090440654,11.318673628964998,-0.036199039975921665,-0.009302311040909172,-0.009302311040909172,0.032938992250902244,0.018052045585719486,0.5283434075669131,-0.0117211006581783,27,-0.0002888679446186,5,0.03755862618669448,1
2025-01-16,1083.702880859375,47542962.0,16.600000381469727,0.03863627705682249,0.0018026065315257522,-0.004746202771525931,55.667550548653374,8.530083860086734,10.760955675189345,0.004545390767821456,0.03755862618669448,0.018433151176113993,0.08219062778179542,0.0188300148304138,0.8185933403925943,-0.0046387533657252,11,0.0001710355281829,16,0.01357458367003872,1
2025-01-17,1098.4136962890625,59214050.0,15.970000267028809,-0.01531721113373552,0.028429481256493583,0.0014330122044485805,58.528234328638064,10.25183250400164,10.659131040951806,0.018181676225150767,0.041860341791414735,0.04672877953483634,0.08106051085733434,0.018813451659569394,0.9274366136116098,0.0014570463681593,11,0.0001351743994746,20,0.0,0
2025-01-20,1098.4136962890625,29834528.0,15.970000267028809,0.0,0.0,0.002040049502909147,58.52823432863806,11.483873023312071,10.82407943742386,0.041860341791414735,-0.004444713420925783,0.08212541040276689,0.09688091500555096,0.018636632204372703,0.9274366136116098,-0.0016513727605342,32,-0.00462007522583,1,0.0,0
2025-01-21,1098.4136962890625,21904213.0,15.0600004196167,0.03404251044532858,0.01294974190636533,-0.018049163113836197,58.52823432863806,12.318212215408266,11.122905993020742,0.02752277758726751,-0.008849654025032905,0.03703674251107225,0.11317130119746066,0.018446759155085535,0.9274366136116098,-0.0132537744939327,52,-0.0011863878462463,7,0.013393004493674088,1
2025-01-22,1113.124755859375,42960405.0,15.100000381469727,0.020576097837316176,0.01688017831412103,0.008293035215003464,61.62136922096377,14.00332385463389,11.698989565343373,0.06572771269925304,0.027149392623805335,0.05092578026362804,0.09553915913718014,0.018031890070210898,0.9999999999992861,0.0016402483452111,50,-4.721539517049678e-05,7,,0
2025-07-30,1142.8477783203125,34182363.0,15.479999542236328,0.006547046717751748,0.008280753273688157,0.0010959038727660353,67.98667093108978,25.29498700048407,26.53008132215085,0.008733723730356635,0.02212398124233661,0.06451605567515273,0.22611099749996555,0.015565091725605187,0.9999999999995165,0.0121751427650451,2,0.0021740263327956,9,0.004328999705091041,1
2025-07-31,1147.795166015625,33230751.0,16.719999313354492,-0.005310640098998287,-0.03099878834983305,0.0046648917126204115,69.12705346970048,25.3845586692114,26.300976791562963,0.01310053172290071,0.02654875565570114,0.06422023125109866,0.22623386781996468,0.015564980493675485,0.9999999999994199,-0.0020832121372222,2,-0.0018578544259071,8,,0
2025-12-24,1490.13818359375,12987261.0,13.470000267028809,0.006229853767608873,0.002760104059158053,-0.0013541653938790033,59.285472024740294,9.078498965813651,6.218475761796148,0.04545451431186698,-0.003333349934630303,0.041654979859724106,0.01350216827745987,0.017277383181424587,0.9258015659040193,-0.0052567422389984,2,0.0034732341300696,5,0.010033494953638922,1
2025-12-26,1505.0894775390625,18823612.0,13.600000381469727,0.013520777142285834,0.0004538938835816353,0.002562756491433227,61.77879588376383,12.283725536012298,7.431525716639379,0.055944076905474205,0.027210937061310503,0.05577237152159076,0.027141280511354227,0.017328473270025953,0.9999999999992812,0.0127803087234497,1,-0.0022715330123901,1,0.01324501753612184,1
2025-12-29,1525.0244140625,21124648.0,14.199999809265137,-0.006339903170881289,-0.004074858987184515,-0.00602469435943731,64.86804131261493,16.238066356428135,9.19283384459713,0.06993007472125123,0.033783786020244344,0.06604158782427416,0.02000001796205897,0.017167047263089,0.9999999999993714,-0.0051547288894653,1,-0.0005846142885275,10,-0.006535980148883347,0
2025-12-30,1515.056884765625,20325400.0,14.329999923706055,-0.004453138665939882,-0.0012774556891911315,-0.001982110917127744,62.1626212025864,18.35863860219547,11.0259947961168,0.03754268322910126,0.04827584925417905,0.08160754592608033,0.013333318092798363,0.017202354366898463,0.9373305263281265,,0,0.004030704498291,8,0.01973686012782183,1
2025-12-31,1544.9593505859375,29695967.0,14.949999809265137,0.014386989221531366,-0.011991772143320478,-0.0023692492856227654,66.65556929812578,22.187207462086462,13.258237329310733,0.04026849388705034,0.08013934278836299,0.08752910375889611,0.03677776696461832,0.017444951792610238,0.9999999999994413,,0,0.0036170245148241,10,0.02258067855022805,1
2026-01-02,1579.8455810546875,37512761.0,14.510000228881836,0.05172908294635348,0.04014331753554501,0.001917140625415037,70.98442636197254,27.70704823949677,16.14799951134794,0.06020072396547227,0.10839163294641252,0.0967471879852575,0.053167735545680106,0.01774113872143416,0.9999999999995325,,0,0.0037331148050725,11,0.0536277163782215,1
2026-01-05,1664.569091796875,66871820.0,14.899999618530273,0.008260120694568274,0.010720094980448458,0.0017633995608958841,78.33906981009517,38.45276502421598,20.60895261392155,0.10596022139399586,0.16783214507405675,0.1595617081832983,0.11333332625737058,0.019465013871508206,0.9999999999996652,,0,-0.0002484209835529,16,0.020958115010468514,1
2026-01-06,1699.455322265625,46751692.0,14.75,0.016074448397346286,0.02746006151998026,0.003695945317161664,80.52774581859622,49.20757452072871,26.328676995282986,0.11437909229168342,0.19230770548344078,0.17170089865869853,0.17170089865869853,0.018960090714044687,0.9999999999997001,,0,-0.0004233717918395,7,-0.017595323294788412,0
2026-01-07,1669.5528564453125,49857449.0,15.380000114440918,-0.02672323727334258,-0.009941282542940355,0.000556001467722611,73.65769225494599,54.69320675508084,32.00158294724256,0.10197371018421375,0.14334476011245711,0.12413598903955303,0.14715593840189167,0.019249639746298588,0.9103320840052193,,0,0.0030540029983967,12,0.0059701789364712265,1
2026-01-08,1679.5203857421875,29215618.0,15.449999809265137,-0.0021024349563686373,-0.018319788641178003,-0.0013653985571981941,74.44045981504765,59.16037031341011,37.43334042047607,0.08709681268003377,0.1308725640360715,0.14230852638829194,0.15795662263496868,0.01922242625144772,0.9402215113533006,,0,0.0032535195350646,4,-0.002967373716178612,0
2026-01-09,1674.53662109375,37387656.0,14.489999771118164,0.01767242909938549,0.027256180637466265,0.00304299038122946,73.26813269736857,61.58897453817531,42.264467244015925,0.059936895842597426,0.12374586433003709,0.12000002612663141,0.14277969178663064,0.019220188703141596,0.92527679767926,,0,2.0396710169734433e-05,5,0.005952337560734877,1
2026-01-12,1684.5040283203125,29987449.0,15.119999885559082,0.025152176236015178,0.004720656912223342,0.0015374978232687297,74.14511676781427,63.582879623431836,46.52814971989911,0.011976034291203863,0.1192052389301177,0.149659862245334,0.15742894385737105,0.01915662370193229,0.9551658589775782,,0,0.0004746743652503,7,0.01183437870055326,1
2026-01-13,1704.4390869140625,30171800.0,15.979999542236328,-0.0016879607323825319,0.009531194411121158,-0.0007406428934867426,75.85148528665523,66.00719384350532,50.42395854462036,0.002932565853978053,0.11764708236612509,0.15540543224293257,0.16318648984845918,0.01919233137186325,0.9999999999997046,,0,0.0001087635755538,8,0.0,0
2026-01-14,1704.4390869140625,29100816.0,16.75,-0.012378826405095356,-0.006004140186555484,0.0014887274555150931,75.85148528665522,67.15403344662604,53.769973525021506,0.020895553162076697,0.1250000604285788,0.17931039375677105,0.17513698870518057,0.019075785210844784,0.9999999999997046,,0,0.0008716285228729,14,-0.011695964230580391,0
2026-01-15,1684.5040283203125,36391886.0,15.84000015258789,0.04441938352764274,0.017636838948224876,-0.00335893987830016,70.45845646813152,65.69947099359365,56.15587301873594,0.002967301034528802,0.09032255617693208,0.17770028925627956,0.18575751232720772,0.018845149985890854,0.9411013684872879,,0,0.0030978959985077,29,0.029585801818144075,1
2026-01-16,1734.3414306640625,53551629.0,15.859999656677246,0.0022245006988907967,0.011497627219594797,0.0016978112646923726,75.20479691272479,67.78022781564619,58.48074397811799,0.03571424405830559,0.09779174082712272,0.2167831802504594,0.20816607843112234,0.01922617858833586,0.9999999999997286,,0,0.0054942816495895,32,0.011494239929334293,1
2026-01-19,1754.2763671875,29580038.0,15.859999656677246,0.0,0.0,0.0013876592712758207,76.8097947033484,70.22566706847942,60.829728596190286,0.04142010805207774,0.05389219097765863,0.23076917806623642,0.2568445444794816,0.018555865736342398,0.9999999999997425,,0,0.0027690033894032,6,0.008522769972260757,1
2026-01-20,1769.2276611328125,29401234.0,20.09000015258789,-0.04450933601066909,-0.0168050109957687,-0.0018666165410358149,77.96199416755637,72.53212875217605,63.170208627387446,0.038011668892228734,0.04105570646845291,0.24125874065984365,0.27664284324450117,0.018450541622184933,0.9999999999997521,,0,0.006841558497399,13,-0.019718338818200953,0
2026-01-21,1734.3414306640625,45192749.0,16.899999618530273,-0.003178876165360278,0.031803161672472324,0.004225198331249791,69.30888935659038,70.73297773252193,64.68276244841435,0.017543803107765488,0.03880594374034563,0.18771333254919997,0.199862462427566,0.01791236023308359,0.91348786296945,,0,0.0048972130753099,10,0.011494239929334293,1
2026-01-22,1754.2763671875,32069478.0,15.640000343322754,0.003832953603947642,0.0016289460229255148,-0.0013351674979606987,71.2711333709218,70.10554293844098,65.76731854641967,0.04142010805207774,0.044510315016079716,0.18120805810435892,0.2749938517238062,0.015889101088955325,0.9629232401091743,,0,0.0075696962885558,7,0.005681846648173838,1
2026-01-23,1764.243896484375,27601167.0,16.09000015258789,0.022909815522274224,-0.01207171878890867,-0.001769903822365304,72.22726227668964,69.60915316515093,66.53568547016593,0.01724139508612388,0.05357140253644088,0.18394650637672227,0.291563617704234,0.015752931903810892,0.9864748827767492,,0,0.0083924904465675,8,-0.008474549298310374,0
2026-01-26,1749.292724609375,22960198.0,16.149999618530273,-0.006450264467240396,-0.003881679788138803,-0.006750241196508577,68.54233237994275,67.23536397978955,66.67562117209066,-0.0028408537396618083,0.038461585843558854,0.16225164730378938,0.2444168991990776,0.015487506625345178,0.9458998623865537,,0,0.0036615491844713,5,0.014245015040258213,1
2026-01-27,1774.21142578125,28985200.0,16.350000381469727,0.016921693361432233,0.023986271771277323,0.002221819049822882,71.18131810559474,66.59519304732203,66.65953554713693,0.0028169154020836196,0.040935659949873804,0.16339870327383332,0.2402314009107389,0.01542993114373521,0.9999999999997323,,0,0.0024181008338928,9,0.022471883828230288,1
2026-01-28,1814.081298828125,29301156.0,16.350000381469727,0.011704142336177448,0.023352944555712796,-0.01050238363220013,74.82092462143643,68.51234187080922,67.03009681187139,0.04597703010158205,0.06432744517292965,0.1973684401353406,0.27252030100451585,0.015590531385549826,0.9999999999997581,,0,0.0013757414417341,9,-0.008241731991095569,0
2026-01-29,1799.130126953125,32224002.0,16.8799991607666,-0.008033906933492596,0.001643173336035808,0.005120485824171128,71.190022709032,68.04176222549654,67.23242989459642,0.025568240332357384,0.06804738766170293,0.16451615783340268,0.2576503822193854,0.015738626043070976,0.9638280271949002,,0,0.0032649976201355,7,-0.016620513087040045,0
2026-01-30,1769.2276611328125,40825139.0,17.440000534057617,-0.026476168330012095,-0.03869042763570618,0.0029453572698179276,64.45323842691994,64.51397343705253,66.68873860308764,0.0028248728298669867,0.02011497266451867,0.11987379168519463,0.2630614784067531,0.015578706863056287,0.8860040790719752,,0,0.0001363679766654,8,-0.00563383080416735,0
2026-02-02,1759.2601318359375,28251381.0,16.34000015258789,0.0326718298465174,0.01700575433522533,0.007056381660207167,62.33567995041482,60.22019461618788,65.3950298057077,0.005697964146502921,0.002840923324086919,0.056886217884080104,0.23837989247334002,0.015615340273083322,0.85897427845567,,0,0.0051496527157723,6,0.01983005800986537,1
2026-02-03,1794.1463623046875,26744162.0,18.0,-0.01643426803800596,-0.020672488552433643,-0.00018679128920895405,66.485885665143,58.95097282460779,64.10621840948771,0.011235941914115033,0.014084508014033492,0.05571846390926316,0.2455172842766149,0.015721024368233513,0.9487180050806323,,0,0.0030755996704101,9,-0.008333374723178522,0
2026-02-04,1779.195068359375,26952301.0,18.639999389648438,-0.029813848254780728,-0.04357965568465527,-0.0001235239417486378,63.268265051361475,56.09271509981863,62.50351774755389,-0.01923079769979774,0.02586205743706338,0.06567160272332107,0.23941173894501966,0.015805629792448362,0.9102562733747804,,0,-0.000646486878395,4,-0.011204469300727049,0
2026-02-05,1759.2601318359375,26299986.0,21.770000457763672,0.01531897838527696,-0.0005932438009643715,0.0026573312511892766,59.15738233636693,51.62468712308578,60.32775162266027,-0.022160706732596624,0.002840923324086919,0.04747768873225833,0.21293372672988875,0.01598445872679619,0.85897427845567,,0,,0,0.00849862602735696,1
2026-02-06,1774.21142578125,33263592.0,20.3700008392334,0.05478791391692117,0.05699284177279029,-0.0002622091433629459,61.19394270294604,48.72784294311441,58.00776988675111,0.0028169154020836196,0.0056497456597341955,0.0595238129951412,0.19460423680884564,0.0157060295202282,0.8974360101615219,,0,-0.0087558822706341,3,0.01966288114905801,1
2026-02-09,1809.0975341796875,36529289.0,17.360000610351562,0.01880463693428469,0.014158943928058276,-0.002331814588317105,65.51484397700482,48.68452838625649,56.14312158665219,0.028328614649921313,0.03418799422701957,0.07396450454536008,0.23043909196033674,0.01571060889978804,0.9871794227644588,,0,0.0049870410002768,3,0.035812716044876014,1
2026-02-10,1873.88623046875,41859169.0,17.790000915527344,0.018288692040738352,-0.006793219151515761,-0.00043710449322398315,71.7957320385044,53.261813859457106,55.566860041213175,0.044444461075980435,0.05617977837314947,0.09941519462656578,0.2533333703460612,0.01631745101148414,0.9999999999997771,,0,-0.0012357915984466,7,0.018616983161091172,1
2026-02-11,1908.7723388671875,40488310.0,17.649999618530273,0.03365479584202058,0.022786173580571,-0.002613923188501621,74.48998035185363,59.02278414769489,56.25804486250953,0.07282915336950535,0.05219779295461113,0.11988298879197634,0.3027211020373275,0.01592775104395106,0.9999999999997932,,0,0.0027028780896216,13,,0
